# Render LOD; unchanged CAD body-local coordinates in mm
v -11.3567480 157.2769338 102.0080882
v -10.2500963 157.2591386 102.3225166
v -10.2500961 157.3870489 102.8651214
v -11.3961107 157.2889872 102.5638022
v -10.2500962 157.7853555 103.4018325
v -11.4354687 157.5110593 103.0868744
v -11.4735849 157.8721264 103.4575737
v -10.2500961 158.3826020 103.7005139
v -10.2500964 159.0885743 103.7169875
v -11.5174930 158.4253812 103.7156694
v -11.5611162 159.0120890 103.7186060
v -10.2500963 159.7147123 103.3920688
v -11.5961150 159.5256173 103.5327790
v -10.2500961 160.1496967 102.8045112
v -11.6408222 159.9497612 103.1338498
v -10.2500963 160.2346040 102.1441163
v -11.6782460 160.2026283 102.6203570
v -11.5734510 160.2414673 102.2387712
v -11.0480039 160.2369440 102.2466800
v -11.7120074 160.2336529 102.1725718
v -10.2500961 160.1113031 101.6406567
v -11.6145290 160.1354072 101.7075368
v -10.2500961 159.7697654 101.1619026
v -11.1066376 159.9853480 101.4145019
v -11.6736856 159.6383294 101.0559404
v -10.2500960 159.2301482 100.8361411
v -11.7855664 159.8292703 101.2104760
v -11.1787573 159.1892882 100.8329677
v -11.8328452 159.2807046 100.8601468
v -10.2500959 158.6000030 100.7660794
v -11.7131761 159.1516092 100.8147874
v -11.7575912 158.4492633 100.7816183
v -11.2142491 158.7289197 100.7581635
v -11.8745671 158.7173017 100.7576742
v -10.2500960 158.0988887 100.9130272
v -11.2503097 158.1891320 100.8730564
v -10.2500961 157.6537017 101.2339643
v -11.9160557 158.1357060 100.8917195
v -11.8103067 157.8262876 101.0792095
v -11.2828547 157.7870048 101.1137908
v -11.9508706 157.7428471 101.1574976
v -11.8475806 157.4704301 101.4859565
v -10.2500963 157.3361112 101.7693110
v -11.3195523 157.4660671 101.4937307
v -11.8824810 157.3017712 101.9033264
v -12.0156722 157.2987890 101.9147120
v -11.9182412 157.2646730 102.4490959
v -11.9698003 157.4965722 103.0648366
v -12.0826361 157.3936518 102.8652677
v -12.0313630 158.1820518 103.6315189
v -12.1521921 158.0555873 103.5723105
v -12.0685882 158.7006998 103.7451713
v -12.1086992 159.2394872 103.6630472
v -12.2172027 159.0002094 103.7297796
v -12.1407839 159.6520452 103.4348459
v -12.2668718 159.6066557 103.4749155
v -12.3481540 160.2084338 102.5728452
v -12.2714337 160.1651537 101.7861605
v -12.3815900 160.2236357 102.0332650
v -12.3027639 159.9650081 101.3959779
v -12.4159234 160.0928139 101.6147458
v -12.3342393 159.6611128 101.0732620
v -12.4494119 159.8089350 101.1975734
v -12.5083121 159.1972139 100.8197521
v -12.5892696 158.0282886 100.9499086
v -12.5200387 157.4318386 101.5349233
v -12.5644080 157.2602696 102.1735547
v -12.6829370 157.2821247 101.9974092
v -12.7139762 157.2673531 102.4185584
v -12.7507349 157.4150389 102.9148351
v -12.7888298 157.7552061 103.3744231
v -12.7314305 158.6694728 103.7521857
v -12.8290720 158.2052382 103.6374223
v -12.8608792 158.7018926 103.7452577
v -12.7839572 159.4213710 103.5921908
v -12.9086753 159.3374228 103.6311329
v -12.8302506 159.9368140 103.1606443
v -12.9491565 159.8009737 103.3049074
v -12.8685306 160.1668682 102.7029504
v -12.9812487 160.0814650 102.9285776
v -12.9015844 160.2423913 102.2432244
v -13.0211702 160.2379179 102.3663772
v -12.9410310 160.1241333 101.6757975
v -13.0627689 160.1756758 101.8191830
v -12.9803918 159.8490085 101.2427239
v -13.1019968 159.9059844 101.3047932
v -13.0174572 159.4126910 100.9174482
v -13.1503869 159.4099179 100.9106492
v -13.0388880 159.0981649 100.8070439
v -13.0806034 158.5831256 100.7690507
v -13.1894583 158.8530330 100.7672331
v -13.2203098 158.4228636 100.7997564
v -13.1515119 157.6880823 101.2020219
v -13.2589032 157.9416014 100.9966336
v -13.1992845 157.3354960 101.7564199
v -13.3033439 157.4646582 101.4749438
v -13.3543860 157.2617411 102.1314684
v -13.2392518 157.2623101 102.3473692
v -13.3955687 157.3280797 102.7188420
v -13.4455337 157.6780971 103.3004178
v -13.3804509 158.4920743 103.7243506
v -13.4910267 158.2239162 103.6505103
v -13.5266332 158.7186791 103.7409077
v -13.4235320 159.1589156 103.6936932
v -13.5557413 159.1551474 103.6866182
v -13.6203169 159.9002115 103.2034576
v -13.5342994 160.1812888 102.6607969
v -13.5740404 160.2372276 102.0950446
v -13.6635734 160.1978769 102.6337288
v -13.6100028 160.0936742 101.6164473
v -13.6411261 159.8467747 101.2437332
v -13.6832955 159.3882140 100.9004895
v -13.7857148 159.6725425 101.0699225
v -13.7331305 158.7034526 100.7551716
v -13.8368412 159.0588786 100.7923492
v -13.7849184 158.0123032 100.9483069
v -13.9022489 158.1680847 100.8799401
v -13.8308232 157.5304975 101.3906917
v -13.8933198 157.2612333 102.2613390
v -13.9305311 157.3356521 102.7401285
v -14.0254722 157.2509852 102.2954982
v -13.9708454 157.6427207 103.2515299
v -14.0747629 157.4201160 102.9325947
v -14.0009412 157.9596739 103.5144866
v -14.1147333 157.7766011 103.3858760
v -14.0347001 158.3842477 103.6991649
v -14.1572949 158.2470643 103.6558792
v -14.0715698 158.9249649 103.7334331
v -14.1950577 158.8065171 103.7471116
v -14.1135804 159.4921795 103.5540248
v -14.2310613 159.3071626 103.6333295
v -14.1620060 159.9707063 103.1113888
v -14.2653654 159.7542481 103.3565566
v -14.3090024 160.0962002 102.8962229
v -14.3479872 160.2379400 102.3504977
v -14.2656680 160.1463570 101.7125586
v -14.3893574 160.1688090 101.7911652
v -14.3027760 159.8580762 101.2612548
v -14.4282024 159.8954791 101.2963990
v -14.4696097 159.4552170 100.9376680
v -14.5042757 158.9586416 100.7769623
v -14.5462674 158.3794498 100.8039947
v -14.4660442 157.7866825 101.1139764
v -14.5891393 157.8627212 101.0539864
v -14.5112195 157.4003086 101.6007687
v -14.6208942 157.5377129 101.3869420
v -14.5528869 157.2603251 102.1853930
v -14.6640192 157.2958447 101.8971173
v -14.5994899 157.3554280 102.8029693
v -14.7045623 157.2774134 102.5022794
v -14.7459674 157.4949206 103.0677485
v -14.6426311 157.7368526 103.3507216
v -14.7829885 157.8383247 103.4286705
v -14.8187763 158.3068851 103.6815837
v -14.7440210 159.0765850 103.7076199
v -14.7888395 159.6173305 103.4744436
v -14.9249504 159.6981113 103.4088868
v -14.8352028 160.0790721 102.9374841
v -14.9632441 160.0335543 103.0064575
v -14.9954378 160.2001062 102.5881598
v -15.0267635 160.2353430 102.1608461
v -14.9303239 160.1133199 101.6596071
v -14.9616482 159.8830026 101.2843763
v -15.0855202 159.9561226 101.3772717
v -15.0021599 159.4679060 100.9442796
v -15.1171664 159.6458755 101.0659336
v -15.0402314 158.9522470 100.7755936
v -15.1491064 159.2451869 100.8441974
v -15.1023886 158.0789378 100.9208103
v -15.2083887 158.3666789 100.8095170
v -15.1480423 157.6049320 101.2850344
v -15.1848627 157.3440580 101.7643493
v -15.2255325 157.2521299 102.3060578
v -15.3273502 157.2951422 101.9124771
v -15.2598997 157.3699086 102.8105706
v -15.2915915 157.5954295 103.1961679
v -15.3219852 157.9262446 103.4921362
v -15.3549296 158.3354040 103.6872154
v -15.4631225 158.0430222 103.5779009
v -15.5084678 158.6416218 103.7381067
v -15.4226946 159.2544902 103.6576527
v -15.5436544 159.1326816 103.6958196
v -15.4581899 159.7067995 103.3954681
v -15.5850256 159.6474951 103.4455668
v -15.4985422 160.0603784 102.9664305
v -15.6230165 160.0103212 103.0479042
v -15.5285957 160.2063419 102.5485789
v -15.5625772 160.2333255 102.0894516
v -15.6867847 160.2435784 102.1901449
v -15.6118040 160.0040591 101.4287817
v -15.7341623 160.0525267 101.5140614
v -15.6606990 159.5176295 100.9729542
v -15.7761967 159.6662623 101.0796167
v -15.6979125 159.0057027 100.7842593
v -15.8158560 159.1549248 100.8104771
v -15.7290724 158.5680493 100.7754505
v -15.8612298 158.5543232 100.7758496
v -15.7594887 158.1461181 100.8912831
v -15.7918119 157.7618143 101.1358017
v -15.8927164 158.1104014 100.9057259
v -15.9369932 157.6094212 101.2798490
v -15.8598962 157.2924543 101.9161601
v -15.9787583 157.3398311 101.7719093
v -15.9003779 157.2875682 102.5814509
v -16.0614554 157.4024443 102.9206778
v -15.9814818 157.9075165 103.4940847
v -16.1148317 157.8828199 103.4695288
v -16.0301887 158.5324386 103.7299958
v -16.1519875 158.4068594 103.7057566
v -16.0811160 159.1972355 103.6851269
v -16.1995440 159.0693468 103.7191015
v -16.1255470 159.7454887 103.3618844
v -16.2467211 159.6034967 103.4759563
v -16.1565006 160.0294836 103.0101557
v -16.2811533 159.9758533 103.0966572
v -16.3151021 160.1814689 102.6670489
v -16.2641186 160.0651031 101.5559273
v -16.3573356 160.2354381 102.0414408
v -16.4037205 160.0078984 101.4571807
v -16.3025288 159.7302006 101.1240754
v -16.4046310 158.3926812 100.8029807
v -16.4401945 157.9374823 101.0046591
v -16.5447580 158.3118744 100.8164282
v -16.4764270 157.5703245 101.3378698
v -16.5890867 157.7153515 101.1746910
v -16.5178766 157.2845283 101.9270331
v -16.6269408 157.3982289 101.6222249
v -16.7311910 157.4595910 102.9944542
v -16.7621073 157.7364657 103.3473066
v -16.7950164 158.1180175 103.6000123
v -16.6918865 158.4915720 103.7277136
v -16.8284060 158.5951320 103.7412024
v -16.7295370 159.0185731 103.7156751
v -16.7616439 159.4277266 103.5803421
v -16.8677164 159.1339293 103.6912808
v -16.8301140 160.1035745 102.8943206
v -16.8871942 160.2463264 102.1457512
v -16.9830478 160.1943335 102.6488586
v -17.0234397 160.2191575 101.9913697
v -16.9269166 160.0609511 101.5479270
v -17.0610199 160.0346823 101.4977238
v -16.9640634 159.7623037 101.1563774
v -17.1020761 159.6683696 101.0758477
v -17.0037031 159.2604987 100.8499221
v -17.0909206 158.0645155 100.9320957
v -17.2065900 158.2681766 100.8393784
v -17.1202511 157.7116292 101.1818840
v -17.2481503 157.7199737 101.1639792
v -17.1835855 157.2914598 101.9401139
v -17.3005465 157.3279823 101.7782065
v -17.2213719 157.2681454 102.4421895
v -17.3487691 157.2640267 102.4034908
v -17.2670464 157.5108970 103.1025321
v -17.3932822 157.4386114 102.9744187
v -17.3785535 158.8594150 103.7399966
v -17.4988788 158.6179576 103.7457367
v -17.4152782 159.3271384 103.6274268
v -17.5356700 159.2284155 103.6645877
v -17.4460599 159.7152162 103.3841100
v -17.4821494 160.0166414 103.0420387
v -17.5757471 159.7231219 103.3848136
v -17.5202651 160.2237861 102.4883707
v -17.6206499 159.8129352 101.2049479
v -17.6620584 159.3305121 100.8774440
v -17.7007941 158.8086070 100.7628663
v -17.8119850 159.0871567 100.7928088
v -17.7374941 158.2682843 100.8412651
v -17.8592567 158.3946303 100.7996669
v -17.7816419 157.7563569 101.1300083
v -17.8970860 157.9052344 101.0260120
v -17.8272067 157.3531689 101.7150883
v -17.9613980 157.3299446 101.7718820
v -17.9422185 157.5735535 103.1733289
v -17.9863023 158.0753803 103.5910874
v -18.1124361 158.0261464 103.5545868
v -18.1441709 158.4478426 103.7112872
v -18.0709168 159.2644902 103.6526517
v -18.1795985 158.9256142 103.7344236
v -18.2182911 159.4671658 103.5618983
v -18.1319838 159.9322772 103.1640545
v -18.2605002 159.9093422 103.1930441
v -18.1709020 160.1781439 102.6786557
v -18.3232317 160.2422821 102.3381235
v -18.2572842 160.0438774 101.5092721
v -18.2910424 159.7215230 101.1248424
v -18.4152674 159.7986868 101.1962622
v -18.3734162 158.6417195 100.7634954
v -18.4090139 158.1563670 100.8866906
v -18.4516439 157.6751915 101.2105045
v -18.5766588 157.6898286 101.1985136
v -18.4938536 157.3526096 101.7238913
v -18.6296917 157.3393290 101.7528355
v -18.5295624 157.2591096 102.2455341
v -18.5714971 157.3528797 102.7844328
v -18.6160797 157.7503040 103.3735604
v -18.7377056 157.6173618 103.2386784
v -18.7820036 158.1388125 103.6128257
v -18.8261579 158.7048069 103.7478555
v -18.7469767 159.4271684 103.5832449
v -18.8680742 159.3103622 103.6361152
v -18.9018236 159.7320322 103.3713577
v -18.8109398 160.0612419 102.9625332
v -18.8459835 160.2180606 102.4976480
v -18.9660557 160.1876521 102.6501685
v -18.8843813 160.2115793 101.9404636
v -18.9239557 159.9836987 101.4179554
v -19.0504827 160.0181807 101.4541095
v -18.9863574 159.3148773 100.8733402
v -19.1324908 159.1169403 100.8081785
v -19.0226694 158.8055470 100.7622027
v -19.0682458 158.2141717 100.8499037
v -19.1766594 158.4842809 100.7780478
v -19.1209241 157.5988730 101.2928630
v -19.2516164 157.5751044 101.3220097
v -19.1648608 157.3098544 101.8592556
v -19.3022115 157.2915013 101.9263918
v -19.3442590 157.2814469 102.5467339
v -19.3823821 157.4861761 103.0413409
v -19.2928003 157.8667284 103.4520650
v -19.4160446 157.7739395 103.3777940
v -19.3763070 158.9976168 103.7331158
v -19.4244055 159.5940482 103.4836226
v -19.4542427 159.9071580 103.1843039
v -19.6086182 160.1153192 102.8741210
v -19.5417460 160.2217010 102.0211741
v -19.6622463 160.2428389 102.1456282
v -19.5811628 160.0472022 101.5153830
v -19.7062955 160.0783161 101.5816026
v -19.6213264 159.6580807 101.0665984
v -19.6672858 159.0514169 100.7857693
v -19.7939521 159.1609331 100.8249255
v -19.8188788 158.7805571 100.7625051
v -19.7835682 157.6028867 101.2999971
v -19.9139840 157.6181958 101.2887068
v -19.8227463 157.3383601 101.7645557
v -19.9412912 157.4008805 101.6167309
v -19.8579328 157.2597630 102.2662898
v -19.9782865 157.2631361 102.1247456
v -19.9052853 157.3785839 102.8610515
v -20.0158306 157.3145061 102.6627787
v -19.9405239 157.7026248 103.3099038
v -20.0568692 157.5698033 103.1683802
v -19.9722598 158.0962926 103.5940428
v -20.0206181 158.6836551 103.7529013
v -20.1005254 158.0528495 103.5792796
v -20.1407130 158.5456963 103.7264891
v -20.0749276 159.4605681 103.5751760
v -20.1726517 159.0507465 103.7148993
v -20.1316491 160.0195185 103.0493888
v -20.2159075 159.6032163 103.4802845
v -20.2572077 159.9960523 103.0696002
v -20.1774863 160.2383500 102.3915505
v -20.3031444 160.2319118 102.4805229
v -20.2133767 160.1942289 101.8993921
v -20.3488293 160.1806351 101.8358186
v -20.2545617 159.9682595 101.3814243
v -20.3798761 160.0143952 101.4703565
v -20.3016038 159.4845768 100.9534081
v -20.3399020 158.8984718 100.7645302
v -20.4691633 158.9748041 100.7838802
v -20.4966577 158.5822258 100.7714489
v -20.4189353 157.9078679 101.0152712
v -20.5362175 158.0420012 100.9361856
v -20.4624178 157.4364480 101.5297841
v -20.5731546 157.6320834 101.2681727
v -20.6125558 157.3427120 101.7437944
v -20.5093523 157.2633675 102.1316000
v -20.6560276 157.2590000 102.3390617
v -20.5806882 157.5138950 103.0810816
v -20.7046861 157.4331887 102.9738101
v -20.6186378 157.8870334 103.4784350
v -20.7923398 158.4055242 103.7036041
v -20.7376006 159.4527634 103.5638781
v -20.8565096 159.3534362 103.6225149
v -20.7722251 159.8417323 103.2704294
v -20.8114595 160.1427421 102.7891187
v -20.9055634 159.8992279 103.2086178
v -20.9484598 160.1706664 102.7016882
v -20.8630753 160.2427211 102.1348601
v -20.9883329 160.2398659 102.1338998
v -20.9069737 160.0417901 101.5057758
v -21.0233307 160.1112307 101.6556039
v -20.9552129 159.5819908 101.0033947
v -21.0866241 159.5653258 101.0090737
v -21.0068261 158.9012062 100.7647683
v -21.1279676 159.0161307 100.7752859
v -21.0446418 158.3594108 100.8155772
v -21.1822107 158.2886479 100.8298363
v -21.0780168 157.9274160 101.0086478
v -21.1098581 157.5958542 101.3132003
v -21.2189107 157.8238359 101.0862625
v -21.1420339 157.3761911 101.6719383
v -21.1829215 157.2535957 102.2558561
v -21.2219487 157.3749354 102.8309896
v -21.3524400 157.3658091 102.7996636
v -21.2841495 157.9241434 103.4946031
v -21.4116887 157.8827260 103.4660844
v -21.3154638 158.3033559 103.6725059
v -21.3469616 158.7446733 103.7438628
v -21.3841071 159.2697575 103.6501018
v -21.4199808 159.6894345 103.4099831
v -21.4601696 160.0632608 102.9637025
v -21.5984126 160.0941508 102.8995323
v -21.4986718 160.2250079 102.4650824
v -21.6296852 160.2250471 102.4505400
v -21.5387559 160.1976217 101.8896316
v -21.6630239 160.2205145 102.0109583
v -21.5761448 159.9873514 101.4220722
v -21.6914820 160.0841035 101.5966091
v -21.7203916 159.8494190 101.2517250
v -21.6064605 159.6844102 101.0960510
v -21.6375277 159.3050789 100.8693329
v -21.7008327 158.4531599 100.7915637
v -21.7289077 158.0621807 100.9334482
v -21.7566738 157.7410915 101.1570797
v -21.8749372 157.8841349 101.0358060
v -21.8166140 157.3055859 101.8798386
v -21.9264496 157.4250450 101.5453338
v -21.8614289 157.2647401 102.4478179
v -21.9657075 157.2630295 102.1469102
v -21.9076386 157.5204677 103.1101836
v -22.0055992 157.3213621 102.6893727
v -21.9512242 157.9214906 103.4903917
v -22.0489375 157.6253247 103.2435129
v -21.9929050 158.4702243 103.7246411
v -22.0314372 159.0562347 103.7098898
v -22.0598501 159.4235096 103.5783367
v -22.1586682 159.0056894 103.7285905
v -22.0920334 159.7935278 103.3198459
v -22.2073449 159.6592252 103.4428288
v -22.1273757 160.0850003 102.9106663
v -22.2504906 160.0257235 103.0164926
v -22.1694202 160.2439262 102.3544476
v -22.2800075 160.2025766 102.5935083
v -22.2145798 160.1448973 101.7229900
v -22.3219003 160.2249615 102.0272328
v -22.2608802 159.7630230 101.1457078
v -22.4043466 159.6525901 101.0642014
v -22.4438910 159.1390229 100.8116736
v -22.4244950 157.7034394 101.1929154
v -22.5782434 157.5006070 101.4412081
v -22.4839872 157.2927508 101.9336473
v -22.5250449 157.2739406 102.5140987
v -22.5670080 157.4902184 103.0482471
v -22.6874397 157.4230719 102.9267988
v -22.6087888 157.8880776 103.4792464
v -22.7130810 157.6320646 103.2373598
v -22.7454299 157.9774390 103.5263169
v -22.6543625 158.5076766 103.7264219
v -22.8122910 158.8684642 103.7371004
v -22.7260673 159.4762279 103.5627646
v -22.7704921 159.9657371 103.1184636
v -22.8328005 160.2362951 102.3286003
v -22.9379817 160.1942528 102.6481067
v -22.8696851 160.1792433 101.8233725
v -22.9853167 160.2190896 101.9916737
v -22.9007782 159.9764328 101.4143382
v -23.0283211 160.0097537 101.4526348
v -23.0673545 159.6356126 101.0538678
v -22.9715169 159.1853883 100.8247744
v -23.1068940 159.1205220 100.8040403
v -23.0092056 158.6526385 100.7649673
v -23.1569297 158.4482369 100.7847570
v -23.2012126 157.8626963 101.0530277
v -23.2441169 157.4624774 101.4901737
v -23.1381552 157.3233662 101.8015547
v -23.1856257 157.2655044 102.4559720
v -23.2238375 157.4525911 102.9853513
v -23.2674346 157.8356700 103.4404022
v -23.3144734 158.5116955 103.7341090
v -23.4831227 158.9510852 103.7348213
v -23.5843286 160.1029099 102.8885541
v -23.5050303 160.2414774 102.2027219
v -23.6356507 160.2474292 102.2293967
v -23.5426410 160.1232250 101.6740206
v -23.5866621 159.7806424 101.1659697
v -23.7083076 159.8706432 101.2702330
v -23.6322795 159.1786435 100.8211114
v -23.7575981 159.3643094 100.8853339
v -23.7959898 158.7470087 100.7618961
v -23.6974265 158.3106761 100.8296681
v -23.7392192 157.7977668 101.0955868
v -23.8352206 158.2081936 100.8612314
v -23.8750979 157.7181091 101.1720835
v -23.7799900 157.4338190 101.5524555
v -23.8205992 157.2602053 102.1043140
v -23.9181154 157.3891719 101.6363462
v -23.8630722 157.3283834 102.7054125
v -23.9906152 157.3124534 102.6358323
v -23.9225127 157.7683984 103.3733460
v -24.0274159 157.5509828 103.1525309
v -23.9614297 158.2453517 103.6600463
v -24.0742861 158.0078088 103.5464760
v -23.9977181 158.7453296 103.7419349
v -24.1097859 158.5002693 103.7235256
v -24.0366632 159.2848567 103.6492235
v -24.1478714 159.0261903 103.7176793
v -24.0780114 159.7899740 103.3205257
v -24.1828866 159.5064466 103.5370797
v -24.1136607 160.0742801 102.9362368
v -24.2246004 159.9422524 103.1546100
v -24.1595295 160.2494234 102.3129832
v -24.2656906 160.1884650 102.6416866
v -24.2313765 159.9438164 101.3607405
v -24.3390017 160.1303624 101.6716513
v -24.3820518 159.7578046 101.1539777
v -24.2682418 159.5557844 100.9971514
v -24.3100160 159.0302026 100.7862992
v -24.3423599 158.5578771 100.7776606
v -24.3699530 158.1578227 100.8860075
v -24.4920491 158.3195949 100.8139990
v -24.4345599 157.4634787 101.4832881
v -24.5392819 157.7292927 101.1621662
v -24.5742980 157.4242134 101.5733625
v -24.6324996 157.2610251 102.3695314
v -24.6654482 157.3680242 102.8053841
v -24.6965979 157.5739998 103.1677706
v -24.7322940 157.9676725 103.5282959
v -24.6403652 158.4776844 103.7189960
v -24.8040694 158.8800213 103.7428562
v -24.6978533 159.2901691 103.6425275
v -24.7337087 159.7023697 103.3994988
v -24.8470736 159.5363628 103.5278223
v -24.7733277 160.0535139 102.9799498
v -24.8908135 159.9608965 103.1184198
v -24.8062907 160.2108185 102.5290330
v -24.9595066 160.2449469 102.2589104
v -24.8730745 160.0843190 101.5888992
v -24.9947672 160.1330779 101.6984494
v -25.0334506 159.8352474 101.2280955
v -25.0769263 159.3550094 100.8881370
v -25.1148167 158.8282523 100.7639338
v -25.1767323 158.0241073 100.9494524
v -25.0874408 157.5655964 101.3455191
v -25.2093978 157.6499054 101.2452136
v -25.1320327 157.3005567 101.8693633
v -25.1656331 157.2672183 102.3822551
v -25.2037472 157.3972350 102.8930616
v -25.3344742 157.4006632 102.8846495
v -25.2459698 157.7563024 103.3652114
v -25.2780103 158.1418500 103.6125389
v -25.4016725 158.0432399 103.5639852
v -25.3225228 158.7175168 103.7509918
v -25.4338011 158.4655811 103.7147676
v -25.3655089 159.3792526 103.6093490
v -25.4633198 158.9137095 103.7344852
v -25.5014283 159.4448970 103.5737706
v -25.4140324 159.8955327 103.2109532
v -25.5393457 159.8515832 103.2551263
v -25.5802371 160.1680788 102.7340869
v -25.5063100 160.2183475 101.9566517
v -25.6200931 160.2363163 102.2205163
v -25.5514657 159.9827733 101.4157693
v -25.6568864 160.1472166 101.7286399
v -25.5943742 159.5579749 100.9944959
v -25.7060588 159.7985186 101.1830941
v -25.6369447 159.0006159 100.7810134
v -25.7421853 159.2894010 100.8631963
v -25.6789628 158.4165287 100.7965785
v -25.7199112 157.8369634 101.0674603
v -25.8392409 158.0176220 100.9591644
v -25.8670940 157.7022906 101.1914485
v -25.7874446 157.3301606 101.8006427
v -25.8265836 157.2575670 102.3551309
v -25.9360231 157.2637157 102.0585759
v -25.8692972 157.4143026 102.9217397
v -25.9805986 157.3277370 102.7090891
v -25.9096557 157.7672543 103.3775648
v -26.0232447 157.6132951 103.2248686
v -25.9475311 158.2215612 103.6457584
v -26.0651851 158.0559909 103.5718770
v -25.9811909 158.7181083 103.7436774
v -26.1020414 158.5634849 103.7341422
v -26.0175433 159.1898644 103.6773478
v -26.1435973 159.1402830 103.6940003
v -26.0509983 159.6157720 103.4638614
v -26.0813273 159.9399642 103.1470946
v -26.1835242 159.6539443 103.4405556
v -26.1156312 160.1610695 102.7321885
v -26.2254679 160.0382279 103.0064060
v -26.2582324 160.2027998 102.5674279
v -26.1750065 160.1951880 101.8924279
v -26.2990131 160.2291588 102.0362400
v -26.2071263 160.0227899 101.4828656
v -26.3359159 160.0512890 101.5308073
v -26.2385010 159.7304832 101.1299838
v -26.3658335 159.7926654 101.1902949
v -26.3953764 159.4591212 100.9455854
v -26.3027049 158.9363210 100.7734339
v -26.4241172 159.0913865 100.8034885
v -26.3428464 158.3895632 100.8033563
v -26.4617644 158.5029835 100.7744735
v -26.3779046 157.9290267 101.0095816
v -26.5045157 158.0095799 100.9619558
v -26.4132602 157.5381989 101.3808190
v -26.4438304 157.3549937 101.7337993
v -26.5398408 157.5698649 101.3281158
v -26.4767546 157.2593356 102.1691956
v -26.5797047 157.3372674 101.7834450
v -26.5254737 157.3634484 102.8303496
v -26.5784684 157.8410898 103.4469465
v -26.6266434 158.4270070 103.7084776
v -26.7517343 158.3758771 103.6963999
v -26.6648873 158.9560550 103.7314136
v -26.7855042 158.8548065 103.7382656
v -26.7036391 159.5707509 103.5053261
v -26.8237940 159.3622628 103.6170087
v -26.7635058 160.0801463 102.9480042
v -26.8129411 160.2438658 102.2585091
v -26.8600082 160.1086277 101.6299518
v -26.9836982 160.1366011 101.7121175
v -26.9037686 159.6935655 101.0893931
v -27.0173703 159.8871759 101.2860552
v -27.0493199 159.5381610 100.9918323
v -27.0809087 159.1103118 100.8063526
v -26.9949364 158.5219684 100.7810578
v -27.1145352 158.6996449 100.7659654
v -27.0236566 158.1432441 100.8946074
v -27.0584836 157.6785867 101.2018825
v -27.1463567 157.2568352 102.2917069
v -27.2515937 157.2893366 101.9395380
v -27.1803420 157.3473728 102.7467376
v -27.2124312 157.5420412 103.1362170
v -27.3191086 157.3978536 102.8938664
v -27.3598068 157.7316932 103.3378615
v -27.2465743 157.9132957 103.4832789
v -27.2789718 158.3125460 103.6785537
v -27.3896863 158.0556542 103.5728328
v -27.3824992 159.7187668 103.3918190
v -27.5183464 159.7801687 103.3400097
v -27.4482209 160.1861507 102.6435989
v -27.5656288 160.1434502 102.7867677
v -27.4874391 160.2365225 102.0936436
v -27.6039464 160.2400115 102.2638669
v -27.5285933 160.0601312 101.5422802
v -27.5676148 159.7142905 101.1132545
v -27.6142648 159.1687941 100.8171841
v -27.6478900 158.6395715 100.7675065
v -27.7894755 158.5189556 100.7814439
v -27.6874571 158.1312255 100.8932368
v -27.7258664 157.6625382 101.2315165
v -27.8286270 157.9877795 100.9651963
v -27.7678024 157.3612038 101.6947276
v -27.8757432 157.4860580 101.4466105
v -27.8106633 157.2565386 102.3723439
v -27.9252981 157.2632560 102.0901919
v -27.9648399 157.3111496 102.6451782
v -28.0037354 157.5444116 103.1345526
v -28.0435570 157.9609097 103.5197834
v -27.9634243 158.6412799 103.7399410
v -27.9917517 159.0276342 103.7128416
v -28.1073151 158.7902212 103.7419733
v -28.0576033 159.8507543 103.2609174
v -28.1001118 160.1527051 102.7624906
v -28.2010089 159.9407070 103.1490292
v -28.1687572 160.1671456 101.7683340
v -28.3112743 160.1183707 101.6674440
v -28.3393021 159.9061133 101.3154450
v -28.2581713 159.3685911 100.8965097
v -28.3771589 159.5061738 100.9659325
v -28.2883765 158.9465526 100.7785284
v -28.3236174 158.4843038 100.7824114
v -28.4235987 158.8705857 100.7563435
v -28.4704119 158.2658214 100.8449434
v -28.3614501 157.9587787 100.9884870
v -28.5057793 157.7989787 101.0976772
v -28.4407226 157.3098734 101.8638920
v -28.5460357 157.4527916 101.5198861
v -28.5794647 157.2888412 101.9519034
v -28.4784096 157.2608247 102.3661447
v -28.5103732 157.3745530 102.8213633
v -28.6189182 157.2756449 102.4910405
v -28.5410469 157.5887889 103.1890739
v -28.6568887 157.4784307 103.0415257
v -28.5806799 158.0158467 103.5536436
v -28.6996137 157.8613915 103.4484552
v -28.6134358 158.4609748 103.7121507
v -28.7315252 158.3014752 103.6770921
v -28.6496373 158.9358449 103.7345758
v -28.7732483 158.8569635 103.7407749
v -28.6893801 159.5297130 103.5261510
v -28.8122681 159.4019788 103.5953076
v -28.7290316 159.9021763 103.1979835
v -28.8547866 159.8585923 103.2518539
v -28.7723828 160.1903981 102.6622433
v -28.8185329 160.2215401 102.0062000
v -28.9270569 160.2349130 102.3174158
v -28.8579794 160.0333597 101.4958503
v -28.9634143 160.1669163 101.7772637
v -29.0038475 159.8894337 101.2925241
v -28.8911518 159.7200190 101.1213486
v -28.9344739 159.2100404 100.8301798
v -29.0435545 159.4345291 100.9237705
v -28.9724845 158.6549313 100.7648036
v -29.0883746 158.8859479 100.7683065
v -29.0129864 158.1155299 100.9009590
v -29.0503214 157.6676743 101.2264319
v -29.0856389 157.4031972 101.6126523
v -29.1291789 157.2508066 102.2141498
v -29.2413879 157.2972053 101.8931688
v -29.1781154 157.3821484 102.8531219
v -29.2792867 157.2797292 102.5247496
v -29.3221262 157.4877977 103.0475094
v -29.2179272 157.7552855 103.3703693
v -29.2726906 158.3765618 103.7071245
v -29.3581033 157.8506115 103.4449446
v -29.4043708 158.4244419 103.7152810
v -29.3172547 159.0208641 103.7187558
v -29.4459306 158.9891786 103.7208447
v -29.3604064 159.6012915 103.4852054
v -29.4778130 159.4275588 103.5826186
v -29.4017250 159.9855549 103.0825807
v -29.4371370 160.1958419 102.6219601
v -29.5672593 160.1883071 102.6286806
v -29.4704199 160.2331247 102.1514625
v -29.5965709 160.2390866 102.2071691
v -29.5018416 160.1435065 101.7256162
v -29.5351523 159.9210670 101.3344569
v -29.6351484 160.1270252 101.6781839
v -29.5718643 159.5062768 100.9631232
v -29.6718893 159.8315050 101.2277962
v -29.7123084 159.3910254 100.9049743
v -29.6092916 159.0267482 100.7916005
v -29.6376215 158.6075228 100.7699015
v -29.7513108 158.8368285 100.7625293
v -29.6748973 158.1187064 100.8963507
v -29.7906001 158.3065602 100.8291751
v -29.7185256 157.6284498 101.2658279
v -29.8545705 157.5972086 101.3089332
v -29.7596574 157.3350984 101.7728774
v -29.8811066 157.3967440 101.6332655
v -29.8046674 157.2618730 102.4370356
v -29.9105791 157.2738063 102.0415235
v -29.8570257 157.4970088 103.0701714
v -29.9475063 157.2924740 102.5893068
v -29.9910202 157.5427063 103.1322964
v -29.8994107 157.9325475 103.5027577
v -30.0285395 157.9120938 103.4843058
v -29.9443113 158.5583524 103.7389099
v -30.0632720 158.4077510 103.7086428
v -29.9910115 159.1739785 103.6841728
v -30.0377116 159.7757200 103.3480485
v -30.1672489 159.7553964 103.3588305
v -30.1116971 160.2287102 102.4477167
v -30.1472283 160.2074104 101.9516168
v -30.2593085 160.2456438 102.2596148
v -30.1814830 160.0415025 101.5092550
v -30.2990129 160.1102866 101.6394415
v -30.2124762 159.7542887 101.1560776
v -30.2491449 159.3553088 100.8858050
v -30.3424043 159.7750914 101.1679697
v -30.3809767 159.3149813 100.8732679
v -30.2866647 158.8231746 100.7655337
v -30.3203534 158.3118268 100.8250666
v -30.4395250 158.5079043 100.7832887
v -30.3555689 157.9139920 101.0235837
v -30.3809397 157.6345390 101.2624234
v -30.5203001 157.5594850 101.3539818
v -30.4256719 157.3249716 101.7913210
v -30.5603301 157.2976361 101.8879367
v -30.4678977 157.2658448 102.4224820
v -30.5154088 157.4536655 102.9996789
v -30.6053893 157.2815159 102.5465265
v -30.5566862 157.8774694 103.4649122
v -30.6569839 157.5961883 103.2138770
v -30.6001571 158.3996849 103.7040149
v -30.7017755 158.0537204 103.5695984
v -30.6320314 158.8893650 103.7351636
v -30.7420277 158.6333986 103.7463150
v -30.6668177 159.3400249 103.6215628
v -30.7961038 159.3351670 103.6315088
v -30.6945183 159.6962893 103.3997546
v -30.7299117 160.0390330 103.0060224
v -30.8342944 159.8018893 103.3057728
v -30.8677659 160.0778236 102.9285858
v -30.7660664 160.2054709 102.5656760
v -30.7991109 160.2312459 102.0920529
v -30.8364680 160.0946466 101.6111978
v -30.9390680 160.2130130 101.9706456
v -30.9649962 160.0989358 101.6303037
v -30.8699509 159.8296220 101.2281992
v -30.9076449 159.3768687 100.8950946
v -30.9529443 158.7724580 100.7599189
v -31.0664769 159.0099070 100.7866238
v -30.9878887 158.2851857 100.8383850
v -31.0957449 158.5683975 100.7740832
v -31.0226244 157.8399780 101.0681753
v -31.1369691 157.9999652 100.9549715
v -31.0570338 157.5155079 101.4215921
v -31.1795277 157.5488405 101.3685631
v -31.0959040 157.2928882 101.9026107
v -31.2199624 157.3076979 101.8636174
v -31.1346237 157.2746257 102.4595345
v -31.1744932 157.4445314 102.9899930
v -31.2596285 157.2691687 102.4629180
v -31.3056801 157.4738050 103.0289469
v -31.2172518 157.8651212 103.4516417
v -31.2461825 158.2112147 103.6411217
v -31.3527471 157.9146478 103.4971094
v -31.2822902 158.6952953 103.7443927
v -31.4086759 158.6269348 103.7486822
v -31.3571080 159.6545801 103.4360206
v -31.4778803 159.5682966 103.4943080
v -31.3908017 160.0115695 103.0500858
v -31.5076711 159.8822651 103.2197602
v -31.4284316 160.2049318 102.5736800
v -31.5336882 160.1079728 102.8618749
v -31.4643851 160.2283082 102.0338664
v -31.5736965 160.2374247 102.3693511
v -31.6029235 160.2033858 101.9469655
v -31.5090464 160.0163479 101.4676779
v -31.6341046 160.0583347 101.5357188
v -31.5414823 159.7403133 101.1432160
v -31.5723026 159.3591091 100.8924276
v -31.6100790 158.8315765 100.7622628
v -31.7323627 158.9576936 100.7786472
v -31.6474440 158.3227623 100.8241229
v -31.7682363 158.4838978 100.7835237
v -31.8014629 157.9924510 100.9703902
v -31.8358891 157.6211588 101.2779301
v -31.8563360 157.3746185 101.6704296
v -31.8511785 157.2603666 102.2115149
v -10.2500963 160.5623067 100.2286577
v -10.2500961 159.8776536 99.7954385
v -10.2500961 159.2398176 99.5879308
v -10.2500962 161.2057886 101.0911202
v -10.2500961 158.7491560 99.5528000
v -10.2500961 158.1534567 99.6013343
v -10.2500961 161.4640960 102.1358241
v -10.2500961 157.1711330 100.0403140
v -10.2500962 161.2966366 103.1987787
v -10.2500960 156.4360446 100.8264228
v -10.2500962 160.7294589 104.1137545
v -10.2500961 156.0637218 101.8362532
v -10.2500962 159.8517074 104.7365969
v -10.2500962 156.1126229 102.9114422
v -10.2500962 158.8016014 104.9698007
v -10.2500961 156.5032281 103.7688645
v -10.2500963 157.7426188 104.7770666
v -10.2500961 156.9997220 104.3181352
v -8.0501434 158.7491560 99.5528000
v -7.9740070 158.8044020 99.5534077
v -7.9174592 159.6701385 99.7240986
v -7.9472782 160.0673353 99.8994129
v -7.9613543 160.5140170 100.2108454
v -7.9465588 160.7986408 100.5046437
v -7.9708506 161.0386453 100.8217513
v -7.9235902 161.2795091 101.3277421
v -7.9656426 161.4158696 101.8343756
v -7.8829396 161.4320124 102.2849745
v -7.9465110 161.4222377 102.6002434
v -7.9929077 161.3146591 103.1067505
v -7.9607552 161.0834738 103.6041997
v -8.0080121 159.8894172 104.7035322
v -7.9161588 159.6090624 104.8027479
v -7.9004714 159.1989254 104.9034880
v -7.9411621 158.2320860 104.9002606
v -7.9334773 157.4757177 104.6266900
v -7.9743615 157.0934547 104.3863961
v -7.9312742 156.5153703 103.7623710
v -7.9913017 156.0466377 102.3598335
v -7.9872607 156.2920736 101.1293341
v -7.9768968 157.1332810 100.0884104
v -7.9869426 158.4732797 99.5651712
v -8.0158457 158.7090345 99.5542832
v -7.8128061 158.8935679 99.6089686
v -7.7915889 159.3358271 99.6844524
v -7.5522470 159.0545974 99.9779304
v -7.6936985 159.0116328 99.7042983
v -7.9550869 159.3747633 99.6269353
v -7.5988010 159.0458105 99.8418288
v -7.7515071 159.8085348 99.8704912
v -7.6516968 159.6704281 99.9127994
v -7.7878986 160.2545336 100.0912620
v -7.6558669 160.1876084 100.1886291
v -7.5696849 159.8402223 100.1536656
v -7.8240203 160.6050656 100.3598438
v -7.6725615 160.6265001 100.5400055
v -7.5960580 160.5491909 100.6306705
v -7.7864425 160.9463562 100.7975376
v -7.5520027 160.5933215 100.8954743
v -7.7601348 161.1714812 101.2692789
v -7.6284512 160.9480764 101.1077994
v -7.5549249 160.9474289 101.5665562
v -7.6512385 161.1510466 101.5238490
v -7.7723044 161.3406497 101.8371357
v -7.5965541 161.1649575 101.9989865
v -7.6785748 161.2892475 102.3922647
v -7.7394858 161.2897132 102.8244303
v -7.5888284 161.1191630 102.6610534
v -7.7112663 161.0941110 103.3130397
v -7.6187478 161.0098741 103.2381514
v -7.8353055 161.1784143 103.3374409
v -7.5535545 160.9694041 102.8328118
v -7.8061051 160.9186823 103.7599264
v -7.7949487 160.6483015 104.0898910
v -7.5582391 160.5889500 103.6803784
v -7.6716638 160.7610991 103.8014673
v -7.9921482 160.7967049 104.0182801
v -7.7963809 160.2527464 104.4211344
v -7.9709844 160.3659775 104.4157378
v -7.8148032 160.0459750 104.5654361
v -7.6356263 160.2381570 104.2514232
v -7.5548518 159.9116873 104.2515074
v -7.6044995 159.7133425 104.4931663
v -7.7096818 159.6275752 104.6741308
v -7.5530248 158.9677790 104.5310427
v -7.6848325 159.1679900 104.7692360
v -7.9912614 158.7156603 104.9547535
v -7.8394036 158.8168151 104.9134784
v -7.6143583 159.0291240 104.6957396
v -7.7445226 158.5879658 104.8487915
v -7.6182708 158.6211267 104.7145638
v -7.8051210 158.0594325 104.8026205
v -7.9606306 157.7951587 104.7743793
v -7.7646435 157.6072642 104.6087527
v -7.6648592 158.0717658 104.6952867
v -7.5575832 158.1464442 104.4855931
v -7.6247496 157.6071422 104.4466267
v -7.8120218 157.0516605 104.2876776
v -7.5711429 157.1458409 104.0011395
v -7.9275166 156.7547756 104.0610956
v -7.7017682 157.1355289 104.2510159
v -7.5540353 157.6085672 104.2471878
v -7.6273620 156.8065539 103.7903503
v -7.7358355 156.6671453 103.8073166
v -7.5797523 156.6853600 103.4369049
v -7.9667929 156.3370135 103.4657804
v -7.7131714 156.4249909 103.3805785
v -7.9212576 156.1616240 103.0044631
v -7.7888346 156.1639988 102.7675941
v -7.5524378 156.5247773 102.8498299
v -7.6253653 156.3661257 102.9344853
v -7.6495069 156.2422319 102.3835965
v -7.8357611 156.0896513 102.2889469
v -7.9267264 156.0945404 101.8008909
v -7.5698191 156.4008828 102.0276186
v -7.6934890 156.2095576 101.8923006
v -7.9688341 156.1639179 101.4850142
v -7.7521284 156.2681567 101.4332979
v -7.7730727 156.3765055 101.1217284
v -7.9358339 156.4519788 100.8452578
v -7.6011569 156.4979653 101.3290451
v -7.9640164 156.7428306 100.4464582
v -7.6118460 156.7829206 100.7833861
v -7.7512166 156.7225877 100.6013892
v -7.5529405 156.6476251 101.3259621
v -7.6879090 157.1354600 100.2709866
v -7.8027455 157.0618823 100.2216417
v -7.9037203 157.3990011 99.9279926
v -7.9804526 157.9236204 99.6782872
v -7.8254662 157.8539818 99.7505693
v -7.5518046 157.0919750 100.6884752
v -7.5919350 157.4575427 100.1984608
v -7.7113807 157.6820099 99.9075823
v -7.7143409 158.3741043 99.7000815
v -7.5790921 157.7788264 100.0731527
v -7.6171106 158.1912439 99.8470778
v -7.8436937 158.3870978 99.6159994
v -7.5509166 158.3206671 100.0109912
v -7.5500000 159.4911151 100.9675860
v -7.5500000 160.2330743 102.2528412
v -7.5500000 158.0071144 100.9675860
v -7.5500000 159.4911151 103.5380140
v -7.5500000 157.2651552 102.2528412
v -7.5500000 158.0071144 103.5380140
v -9.2724231 159.4911151 100.9675860
v -9.2724231 160.2330743 102.2528412
v -9.2724231 158.0071144 100.9675860
v -9.2724231 157.2651552 102.2528412
v -9.2724231 158.0071144 103.5380140
v -9.2724231 159.4911151 103.5380140
v -31.8397167 157.3956394 102.8809483
v -11.3106299 159.9218018 102.2501593
v -11.4595097 158.9460425 101.0923727
v -11.7311441 157.9672200 103.1472313
v -11.9728577 159.9332954 102.2502697
v -12.1972911 158.1194588 101.2564034
v -12.2855719 157.5845765 102.0835020
v -12.4488672 158.5174130 103.4129260
v -12.4985544 159.0538105 103.3871819
v -12.5382788 159.4458369 103.1981067
v -12.6832763 159.7948304 101.7010000
v -12.9257556 157.6563224 101.7917967
v -12.9727423 157.5778318 102.3235047
v -13.0073435 157.6720790 102.7197564
v -13.0789827 158.1800093 103.2878431
v -13.1311579 158.7220388 103.4257174
v -13.3202087 159.9060077 102.0126238
v -13.4086937 159.3390986 101.2392468
v -11.0732291 160.1756767 101.8320379
v -11.3599213 159.8126444 101.7271726
v -11.1474920 159.5700714 101.0057788
v -11.4126488 159.4239547 101.2924671
v -11.4982569 158.5089067 101.1099878
v -11.5298899 158.1738083 101.2310815
v -11.5702475 157.8389296 101.5114401
v -11.6694502 157.6097238 102.5531473
v -11.7829716 158.5032585 103.4019053
v -11.8377470 159.0799796 103.3869382
v -11.8851251 159.5527003 103.1075716
v -11.9236876 159.8047327 102.7665744
v -11.7402335 160.1504442 101.7466629
v -12.0317677 159.7488614 101.6180690
v -12.0812267 159.3511885 101.2460544
v -12.1326774 158.7911543 101.0671446
v -11.9784267 157.4664531 101.4928967
v -12.2417410 157.7693190 101.6032407
v -12.0520818 157.2690976 102.4458990
v -12.1136733 157.6282226 103.2384959
v -12.3416615 157.6442078 102.6616630
v -12.3942033 157.9787898 103.1444199
v -12.1817514 158.4581004 103.7113226
v -12.3026252 159.9800414 103.0941498
v -12.6387192 159.9217825 102.2281693
v -12.7466822 159.3291855 101.2204100
v -12.5503700 158.5164636 100.7778521
v -12.8100994 158.6493704 101.0666624
v -12.6159269 157.6891353 101.2094389
v -12.8717950 158.0180700 101.3324476
v -12.6484582 157.4279380 101.5605717
v -13.0432757 157.8794031 103.0311927
v -13.1614197 159.0715786 103.3753687
v -13.1919008 159.3856857 103.2391335
v -13.2292746 159.6870060 102.9579649
v -13.2708634 159.8838112 102.5541374
v -13.3702072 159.6661140 101.5179515
v -13.4897042 158.4537337 101.1181358
v -13.4486410 158.9036799 101.0884320
v -13.5362178 157.9889860 101.3503834
v -13.5881982 157.6570019 101.8217837
v -13.6281621 157.5745315 102.2577368
v -13.6691561 157.6614036 102.6877346
v -13.7064568 157.8813531 103.0443067
v -11.6457299 159.9385608 101.3600915
v -11.6204022 157.6015060 101.9861874
v -12.0002732 157.8038256 103.4009343
v -12.1689327 159.9321179 103.1568953
v -12.2085399 160.1731222 102.7003569
v -12.2410122 160.2370590 102.2240521
v -12.3680937 159.2624013 100.8552573
v -12.4047137 158.7515719 100.7599334
v -12.4470840 158.1877698 100.8695321
v -12.4785567 157.7938085 101.1128141
v -12.6056251 157.3350000 102.7319011
v -12.6436600 157.6048998 103.2083948
v -12.6835636 158.0268850 103.5595979
v -12.5883415 159.8196144 102.7591952
v -13.1148594 158.1039814 100.9108080
v -13.2854310 157.4209615 102.9525400
v -13.3362136 157.9312525 103.5056674
v -13.4673347 159.6412832 103.4426785
v -13.4992861 159.9717262 103.1098101
v -13.8671098 157.3222104 101.8282773
v -13.7473548 158.2411619 103.3129907
v -14.8718373 157.9125472 101.4324255
v -15.0147303 157.7594258 102.8818856
v -15.4411365 158.8578237 101.0750900
v -15.5452525 157.8334684 101.5224704
v -13.7929800 158.7425066 103.4333101
v -13.8566372 159.3812140 103.2466370
v -13.9129165 159.8118104 102.7712431
v -14.2150684 160.2352001 102.4723006
v -13.9783195 159.9188641 102.0870565
v -14.0315197 159.6696614 101.5129444
v -14.3321659 159.5420653 100.9904176
v -14.0821928 159.2125875 101.1730889
v -14.3766630 158.9736597 100.7718970
v -14.1272963 158.7416405 101.0799114
v -14.1728465 158.2356494 101.1869555
v -14.4249339 158.2629677 100.8385895
v -14.2243580 157.8111301 101.5437668
v -14.2659337 157.6101110 101.9711371
v -14.3087057 157.5873070 102.4450878
v -14.3495475 157.7517509 102.8655784
v -14.3831603 157.9786583 103.1403840
v -14.6854854 158.2246262 103.6507749
v -14.7185095 158.6592734 103.7360371
v -14.5330669 159.5010684 103.1642445
v -14.5862499 159.8602646 102.6564219
v -14.8923578 160.2506717 102.2461382
v -14.6521519 159.8946056 101.9582298
v -14.7068280 159.5668818 101.4002795
v -14.7755233 158.9307735 101.0836656
v -14.8319943 158.2727271 101.1750959
v -15.0728347 158.5031938 100.7859944
v -14.9157915 157.6523055 101.8313372
v -14.9655656 157.5717419 102.3855742
v -15.0527970 158.0382632 103.1880420
v -15.0958494 158.4744034 103.3959720
v -15.1559013 159.1542271 103.3713092
v -15.3886653 158.7906178 103.7393111
v -15.2158650 159.6731389 102.9840381
v -15.2992996 159.9193142 102.0928829
v -15.3325602 159.8090459 101.7518520
v -15.4991534 158.2153058 101.1953991
v -15.8256729 157.4836217 101.4714739
v -15.5877733 157.6144336 101.9409289
v -15.6318993 157.5872259 102.4117174
v -15.6670521 157.7105751 102.7990653
v -15.7100650 158.0054516 103.1602092
v -15.9451747 157.5132464 103.0808174
v -15.7511644 158.4204125 103.3797031
v -15.8058556 158.9969100 103.4038727
v -15.8465238 159.4128584 103.2196581
v -15.8857165 159.7141981 102.9207391
v -15.9225494 159.8894098 102.5337327
v -16.1904209 160.2025841 102.5930900
v -16.2315063 160.2240964 102.0230027
v -16.0048129 159.7612977 101.6567224
v -16.0739465 159.1786562 101.1510949
v -16.3573336 159.0885292 100.7889222
v -16.1442200 158.4135830 101.1279077
v -16.1793508 158.0649921 101.3013716
v -16.2194768 157.7460331 101.6326798
v -16.3650363 157.9546928 103.1165595
v -16.4501885 158.7939750 103.4264703
v -16.4876568 159.2087265 103.3282952
v -16.8774983 157.7811900 101.5902908
v -16.9268636 157.5761778 102.0937725
v -17.1350473 159.0538492 103.3882191
v -17.2131891 159.7455188 102.8763941
v -17.4862649 158.2273011 101.1866034
v -17.6457708 157.6519459 102.7073340
v -17.8879432 159.8030427 102.7687174
v -18.0163597 159.5935208 101.4225184
v -16.3217253 157.6695345 102.7238996
v -16.5691754 157.2957264 102.5948252
v -16.6093219 157.5186697 103.0947103
v -16.6476635 157.9024197 103.4824822
v -16.4075583 158.3304959 103.3507031
v -16.5223079 159.5461902 103.1166052
v -16.7937952 159.8050216 103.3007432
v -16.5643751 159.8127581 102.7445298
v -16.6107086 159.9327499 102.2444896
v -16.7450272 159.0893283 101.1250442
v -16.7991538 158.4927031 101.1064928
v -17.0520136 158.6229721 100.7585359
v -16.8422507 158.0685163 101.2957341
v -17.1554998 157.4511808 101.5266492
v -16.9784891 157.6412573 102.6443240
v -17.3221018 158.0295708 103.5610129
v -17.0928031 158.5895117 103.4161993
v -17.3522652 158.4554649 103.7096409
v -17.1727943 159.4136516 103.2187743
v -17.2448740 159.8771324 102.5570187
v -17.2897017 159.9222538 102.0581346
v -17.5605991 160.2078572 101.9444010
v -17.5892786 160.0658283 101.5638214
v -17.3523113 159.6061442 101.4477448
v -17.3925574 159.2356068 101.1836404
v -17.4354958 158.7916225 101.0804975
v -17.5348618 157.8171001 101.5390876
v -17.5805998 157.5928559 102.0083100
v -17.8755495 157.2580807 102.3132589
v -17.9076210 157.3532227 102.7657324
v -17.7332799 158.3533405 103.3608685
v -18.0356246 158.7220730 103.7456174
v -17.7828153 158.8923256 103.4251982
v -17.8396955 159.4822155 103.1816687
v -18.1037583 159.6404713 103.4421160
v -17.9303777 159.9234644 102.3207616
v -17.9678731 159.8648593 101.8957767
v -18.2124828 160.2348687 102.0799309
v -18.0684122 159.1037600 101.1330287
v -18.1196527 158.5719536 101.0857723
v -18.3319283 159.2347747 100.8380944
v -18.1771382 157.9573204 101.3667169
v -18.2437974 157.6036361 101.9800874
v -18.2845542 157.5914502 102.4414060
v -18.3269295 157.7513576 102.8773773
v -18.3651290 158.0514933 103.1964089
v -18.6690302 158.3280267 103.6829473
v -18.4420280 158.8583343 103.4232527
v -18.7071839 158.8679611 103.7410538
v -18.4866248 159.3256346 103.2795124
v -18.7814660 159.8003898 103.3048750
v -18.5399851 159.7489319 102.8711989
v -18.5825096 159.9098921 102.4270363
v -18.6225260 159.8923639 101.9787987
v -18.7791941 158.5728340 101.0912280
v -19.6510840 157.7563092 102.8818259
v -20.0140891 159.5112287 101.3560688
v -20.0563518 159.0947248 101.1339758
v -20.9806238 157.7932956 102.9327131
v -18.6732260 159.6393677 101.4721883
v -18.9580111 159.6977652 101.1075067
v -18.7289946 159.1227673 101.1326858
v -18.8202866 158.1549663 101.2393592
v -18.8622009 157.8099808 101.5466662
v -19.2054133 157.2640326 102.3893971
v -18.9697554 157.6486428 102.6959866
v -19.2523265 157.4482756 103.0005931
v -19.0793040 158.5817252 103.4137246
v -19.3271965 158.2919172 103.6739435
v -19.1282565 159.1246159 103.3768294
v -19.1826218 159.6223260 103.0424560
v -19.4817938 160.1133432 102.8531985
v -19.2351220 159.8942940 102.5207939
v -19.5151916 160.2250471 102.4347987
v -19.2893343 159.8933271 101.9636705
v -19.3835971 159.1975821 101.1574164
v -19.4494561 158.5062879 101.0909779
v -19.7176826 158.3729521 100.8058448
v -19.7551901 157.9321000 101.0102790
v -19.5206488 157.8170362 101.5103278
v -19.6110781 157.5921502 102.4443815
v -19.7433933 158.6002506 103.4175092
v -19.7899508 159.1058981 103.3726655
v -19.8452692 159.5959518 103.0766565
v -19.8987109 159.9052451 102.5009019
v -19.9610495 159.8494170 101.8332157
v -20.0923823 158.7114551 101.0767957
v -20.1532558 158.0627862 101.2828879
v -20.3837596 158.3662153 100.8155313
v -20.2154998 157.6364001 101.8451063
v -20.2778468 157.5956185 102.5184018
v -20.5510890 157.3151369 102.6680868
v -20.3257407 157.8316804 102.9843997
v -20.3673052 158.1834871 103.2832832
v -20.6679253 158.5031079 103.7253445
v -20.4281807 158.8449855 103.4388905
v -20.7082711 159.0305882 103.7168235
v -20.4918457 159.4948892 103.1715284
v -20.5526234 159.8618716 102.6353371
v -20.6454355 159.7356397 101.6186704
v -20.6837291 159.4576392 101.3147866
v -20.7223030 159.0732977 101.1255722
v -20.7647328 158.6108895 101.0841903
v -20.8032556 158.1925590 101.2193583
v -20.8493823 157.7961279 101.5559401
v -20.9025333 157.5869088 102.0888668
v -20.9434069 157.6106359 102.5384564
v -21.2571542 157.6011528 103.1981140
v -21.0172967 158.0740213 103.2128236
v -21.0591132 158.4974906 103.4006558
v -21.1607201 159.5389781 103.1193858
v -21.3957935 158.9219585 101.0908070
v -21.4344541 158.5043853 101.1052165
v -21.5352722 157.6581589 101.7828595
v -21.9542451 159.8336599 101.7779271
v -22.1579001 157.9126156 101.4298287
v -22.4236999 158.9356764 103.4203255
v -22.5442584 159.8914594 102.5648635
v -22.7670526 158.4306795 101.1238350
v -22.9782628 157.8229535 102.9841988
v -23.1855010 159.8049791 102.7871367
v -23.4078975 158.6699584 101.0710473
v -23.4803297 157.9431646 101.3966826
v -21.1073313 159.0243594 103.4037239
v -21.2071036 159.8457060 102.6975615
v -21.2590851 159.9195796 102.1365856
v -21.3012536 159.7734896 101.6845631
v -21.3353279 159.5484897 101.3915515
v -21.6701886 158.8874547 100.7721097
v -21.4747544 158.0787119 101.2864469
v -21.7884023 157.4828575 101.4729412
v -21.5997825 157.5904554 102.4833799
v -21.6479459 157.8097125 102.9584185
v -21.7310440 158.5972419 103.4152817
v -21.7709174 159.0343208 103.3955731
v -21.8366256 159.6275250 103.0447012
v -21.8933076 159.9182497 102.4317047
v -22.0060609 159.4820363 101.3316123
v -22.0689691 158.8308633 101.0663949
v -22.3056665 159.2295000 100.8435059
v -22.3448662 158.7267852 100.7601291
v -22.3877675 158.1459980 100.8846530
v -22.1226972 158.2444483 101.1934068
v -22.4541664 157.4522139 101.5250137
v -22.2445968 157.5780521 102.2851876
v -22.2845883 157.6714975 102.7392389
v -22.3364402 158.0315186 103.1832347
v -22.3760891 158.4053615 103.3742609
v -22.6903960 158.9815955 103.7217465
v -22.4738114 159.4301723 103.2099341
v -22.8080255 160.1666699 102.7025245
v -22.5918042 159.9045096 102.0494042
v -22.6361666 159.7243816 101.5874436
v -22.9319950 159.6989272 101.1010719
v -22.6909012 159.2726644 101.2023088
v -22.7320752 158.8327532 101.0818549
v -23.0503925 158.1340057 100.8934419
v -22.8156668 157.9570830 101.3740442
v -23.0929773 157.6494495 101.2389501
v -22.8862455 157.5925520 102.0500224
v -22.8539514 157.7112304 101.7184723
v -22.9270736 157.6013163 102.4937422
v -23.0189551 158.2271243 103.3036092
v -23.0719243 158.7714456 103.4366674
v -23.3654489 159.1549013 103.6871928
v -23.1261237 159.3590807 103.2638935
v -23.4037559 159.6457386 103.4466013
v -23.4432144 160.0062407 103.0541816
v -23.4731441 160.1830074 102.6476797
v -23.2512251 159.9200891 102.1095709
v -23.3074463 159.6645618 101.5021673
v -23.3584346 159.2223448 101.1788679
v -23.6735548 158.6910097 100.7667419
v -23.5327674 157.6259292 101.8861833
v -23.8551424 159.8238344 102.7228604
v -23.8958312 159.9202139 102.2772983
v -23.9317893 159.8596641 101.8717922
v -23.9716315 159.6474904 101.5003404
v -24.1681294 157.7707497 101.6034565
v -24.2212600 157.5623901 102.1670848
v -24.5150079 159.8115827 102.7476777
v -24.5942411 159.8603953 101.8791691
v -24.6465087 159.5566244 101.3812872
v -24.7536317 158.4052367 101.1242452
v -24.8815850 157.5746038 102.1431179
v -25.4061521 158.5516920 101.0962443
v -25.4826132 157.8294209 101.5244336
v -25.5737716 157.5884579 102.4714291
v -25.6793499 158.3198256 103.3440888
v -25.8841873 159.9302877 102.2627403
v -25.9346444 159.7970598 101.7176820
v -23.5817470 157.5866179 102.4153692
v -23.6294348 157.7708826 102.9186644
v -23.8947572 157.5134574 103.0804288
v -23.6780870 158.1637529 103.2700400
v -23.7185730 158.5966041 103.4171744
v -23.8028770 159.4836109 103.1832768
v -24.2025862 160.1352120 101.7129674
v -24.0674121 158.7104403 101.0804762
v -24.1134106 158.2091457 101.1995261
v -24.4009258 157.8275816 101.0853905
v -24.4854905 157.2647909 102.0977390
v -24.2894271 157.7537837 102.8940756
v -24.5281439 157.3184351 102.6885446
v -24.5677570 157.5928605 103.1939807
v -24.3383074 158.1493937 103.2617885
v -24.6029169 157.9852266 103.5331585
v -24.3798276 158.5770866 103.4176314
v -24.4221786 159.0535209 103.3839446
v -24.6696039 158.8846077 103.7325129
v -24.4671469 159.4974329 103.1654891
v -24.5515476 159.9202102 102.3479269
v -24.8362608 160.2319155 102.0974987
v -24.9163260 159.7483228 101.1398891
v -24.9539140 159.2769535 100.8606272
v -24.7064207 158.9606223 101.0952096
v -24.9907949 158.7677505 100.7598317
v -25.0309921 158.2251266 100.8570493
v -25.0587044 157.8589244 101.0627820
v -24.8206406 157.8209794 101.5109622
v -24.9215534 157.6242032 102.5837717
v -24.9806215 157.9834804 103.1421478
v -25.0614632 158.8352240 103.4282445
v -25.0218532 158.3497368 103.3552152
v -25.1139030 159.3298926 103.2734531
v -25.1537824 159.6838942 102.9625755
v -25.4599208 160.1828023 102.6786823
v -25.1967424 159.8864513 102.5366289
v -25.2711914 159.7960745 101.7228961
v -25.3123139 159.5311386 101.3751740
v -25.3654476 159.0124060 101.1046831
v -25.4469955 158.1374810 101.2517848
v -25.7608495 157.4950974 101.4532040
v -25.5272530 157.6157108 101.9416987
v -25.7252852 158.8164457 103.4342013
v -25.7762815 159.3391297 103.2693320
v -25.8263436 159.7585079 102.8725452
v -26.1469438 160.2349281 102.3152634
v -26.0926025 158.2973699 101.1680330
v -26.8875367 157.5776708 102.3315405
v -26.9690601 157.9669852 103.1320547
v -27.3537261 158.9920655 101.0977585
v -27.4640580 157.8734801 101.4700267
v -27.5041451 157.6540037 101.8362121
v -27.6301368 157.9606000 103.1343892
v -28.1377124 157.7957202 101.5680125
v -28.1852624 157.5851174 102.0458912
v -25.9816076 159.4572186 101.3086172
v -26.2733183 159.3692242 100.9010157
v -26.0422280 158.8404962 101.0759126
v -26.1368839 157.8984571 101.4375594
v -26.1982331 157.5784466 102.0526158
v -26.2522477 157.6355276 102.6232189
v -26.2926553 157.8589093 103.0194523
v -26.3350678 158.2348401 103.3101070
v -26.3752789 158.6736417 103.4224548
v -26.4526167 159.4675917 103.1804307
v -26.4979670 159.8121714 102.7653735
v -26.5384019 159.9152670 102.3550325
v -26.7061054 158.8324078 101.0795529
v -26.9570866 159.0739588 100.7931742
v -26.7571672 158.2717243 101.1699481
v -26.8071475 157.8503667 101.4988706
v -27.1094023 157.3500388 101.7380884
v -26.8442131 157.6388826 101.8698361
v -26.9224907 157.6732638 102.7228569
v -27.0080864 158.3392413 103.3531305
v -27.3117463 158.7803407 103.7420538
v -27.0488660 158.8133554 103.4279602
v -27.1045087 159.3771054 103.2460437
v -27.3458047 159.2166872 103.6665446
v -27.1542070 159.7735322 102.8478762
v -27.4208964 160.0326135 103.0039986
v -27.2036281 159.9184435 102.3396401
v -27.2451961 159.8685489 101.8857019
v -27.2952934 159.5533884 101.3834797
v -27.4258138 158.2256575 101.2002682
v -27.5428395 157.5745181 102.2588016
v -27.5808151 157.6562306 102.6821203
v -27.8641710 157.4548281 102.9971106
v -27.9030469 157.8042177 103.4066443
v -27.9357040 158.2051931 103.6371584
v -27.7417681 159.1333867 103.3794485
v -28.0230343 159.3884734 103.6003792
v -27.7980624 159.6273748 103.0335193
v -27.8400256 159.8632090 102.6268521
v -27.8807759 159.9182280 102.1643436
v -28.1350104 160.2351516 102.3156211
v -27.9188448 159.8212228 101.7705020
v -28.2207900 159.8175347 101.2098909
v -27.9702814 159.4575704 101.3107829
v -28.0143909 159.0054613 101.1069026
v -28.0565791 158.5477689 101.0976019
v -28.0972812 158.1080943 101.2665243
v -28.4026403 157.5532521 101.3587136
v -28.2342503 157.6208268 102.5778046
v -28.2729626 157.8153298 102.9653462
v -28.3120935 158.1229516 103.2447228
v -28.3548535 158.5714957 103.4165436
v -28.4757384 159.7390289 102.8809861
v -28.5123811 159.8936347 102.5052240
v -28.7119137 158.6264766 101.0867629
v -28.7478001 158.2348599 101.1982234
v -29.0235081 158.6453523 103.4209707
v -29.2752091 159.6238436 101.4652539
v -29.3930924 158.4220375 101.1235450
v -30.0913206 158.0577495 101.2943207
v -30.4900790 159.8676156 102.6119337
v -30.8023988 157.7040566 101.6975439
v -28.4326376 159.4117301 103.2219041
v -28.3987819 159.0582094 103.3830709
v -28.5625335 159.8960949 101.9453569
v -28.6250555 159.5231658 101.3648414
v -28.6686055 159.0981392 101.1314243
v -28.7915596 157.8284303 101.5152357
v -28.8443537 157.6023162 102.0004160
v -28.8824197 157.5901164 102.4290401
v -28.9370989 157.8216689 102.9840031
v -28.9846167 158.2260722 103.3027363
v -29.0610231 159.0645171 103.3834732
v -29.1003935 159.4630323 103.1848901
v -29.1512074 159.8027192 102.7870359
v -29.1996454 159.9244768 102.2401306
v -29.2369434 159.8400977 101.8282511
v -29.3156836 159.2714590 101.2013842
v -29.3517707 158.8788600 101.0867194
v -29.4336917 158.0353467 101.3189695
v -29.4735232 157.7427223 101.6498872
v -29.5523504 157.5989169 102.4897915
v -29.5898914 157.7642453 102.8917024
v -29.6292250 158.0550244 103.2002121
v -29.6689753 158.4499349 103.3889560
v -29.7454666 159.2829464 103.2993279
v -29.7896514 159.6686835 102.9884058
v -30.0809362 160.1013058 102.8720292
v -29.8319903 159.8777803 102.5645438
v -29.8661900 159.9231469 102.2005563
v -29.9050467 159.8192969 101.7715389
v -29.9456037 159.5715505 101.4128589
v -30.0448083 158.5501974 101.0957038
v -29.9979268 159.0618907 101.1163873
v -30.1387542 157.7254949 101.6790177
v -30.1778479 157.5793583 102.1212347
v -30.2177842 157.6137431 102.5494172
v -30.2580126 157.8005717 102.9460033
v -30.3675809 158.8356428 103.4290449
v -30.4506450 159.6443595 103.0089007
v -30.5368143 159.9188186 102.0846062
v -30.6000477 159.6275370 101.4613344
v -30.7014662 158.6131988 101.0779467
v -30.7532649 158.0872726 101.2817054
v -30.9089042 157.7117402 102.8177363
v -30.9622509 158.1406961 103.2634722
v -31.0084849 158.6270931 103.4196518
v -31.0434259 159.0267976 103.3895093
v -31.3179421 159.2087879 103.6707129
v -31.1233826 159.7346177 102.8956439
v -31.1764910 159.9282368 102.3454407
v -30.8525402 157.5751367 102.2431931
v -31.2353767 159.8076198 101.7381996
v -31.2886621 159.4024090 101.2627524
v -31.3474956 158.7522067 101.0756051
v -31.6768256 157.9327880 101.0072108
v -31.7251256 157.4949773 101.4340836
v -31.4979984 157.5812454 102.0460167
v -31.7712451 157.2577820 102.1003236
v -31.5547849 157.6518839 102.6740086
v -31.8217406 157.2887753 102.5729850
v -31.6078521 157.9935642 103.1599683
v -31.6625907 158.5636312 103.4165288
v -31.8959565 158.5257854 103.6812298
v -31.7185554 159.1288874 103.3653566
v -31.9685044 159.9765462 102.8676459
v -31.9913068 160.0960396 102.3321808
v -32.0094883 160.0389555 101.9101702
v -31.9082278 159.7299681 101.6128041
v -31.9473029 159.4364359 101.2975832
v -31.0794608 159.3825887 103.2442847
v -31.3957943 158.2603187 101.1860998
v -31.4375936 157.8763708 101.4599321
v -31.9189606 159.1478766 103.6222420
v -31.7955169 159.7874199 102.8132062
v -31.9778798 160.0504268 102.6435759
v -31.8383043 159.9172637 102.3385337
v -31.9805180 160.0650089 102.5807057
v -31.9831563 160.0769548 102.5151163
v -31.8749554 159.8838248 101.9514131
v -32.0455177 159.5340023 101.2188850
v -32.0035408 158.8516094 101.0719941
v -32.0902369 158.6118733 101.0066189
v -32.1095809 158.2313838 101.1368489
v -32.0938609 157.9319811 101.4072647
v -32.1460136 157.6432942 101.8454216
v -32.1328507 157.8365026 101.4461897
v -32.1538911 157.6147147 101.9805134
v -32.1629366 157.6001326 102.0140497
v -32.1610521 157.5986496 102.0584626
v -32.1629241 157.5957586 102.0347763
v -32.2501826 157.6704210 102.4477359
v -32.2500027 157.6912386 101.9927612
v -32.2500323 157.8446629 101.6345701
v -32.2500592 158.2205097 101.2911598
v -32.2500463 158.7438462 101.1552560
v -32.0695554 159.0895169 101.0244826
v -32.2500106 159.1985361 101.2573481
v -32.2500170 159.5496055 101.5091441
v -32.0264839 159.8625765 101.5550417
v -32.2500036 159.7764928 101.8874765
v -32.2501564 159.8390224 102.4087413
v -32.2500245 159.6103757 102.9257144
v -31.9489511 159.6792908 103.3013589
v -32.2500316 159.2551708 103.2250724
v -32.2499901 158.8426259 103.3369891
v -32.2503619 158.2944055 103.2611178
v -31.8776367 158.0721291 103.5532519
v -32.2500380 157.8539538 102.8760229
v -31.8530873 157.5988880 103.2022995
v -30.9049754 160.2235996 102.4678472
v -30.9941573 159.8351916 101.2283069
v -31.0386159 159.4031230 100.9147724
v -31.4461742 159.2069264 103.6694540
v -31.7524747 159.4894350 103.1598972
v -31.6656453 159.7817963 101.1826334
v -31.6985452 159.4249184 100.9225968
v -32.0548394 158.2876648 101.1766333
v -28.1357103 159.2114643 103.6662517
v -28.1679919 159.5980436 103.4775291
v -28.2414737 160.2081427 102.5929377
v -28.2885225 160.2176236 102.0142235
v -28.8968195 160.1660336 102.7309973
v -29.1161560 158.4535603 100.7951660
v -29.1498595 158.0147938 100.9531247
v -29.1899425 157.5771914 101.3265569
v -29.5096331 157.5958631 102.0431332
v -29.7038203 158.8719898 103.4179897
v -29.5081233 159.7972129 103.3078400
v -29.5420413 160.0514616 102.9747224
v -29.8207464 157.9086155 101.0259623
v -30.3017992 158.1722740 103.2835419
v -30.0999033 158.8722681 103.7335825
v -30.1291572 159.2644488 103.6518283
v -30.4133661 159.3378324 103.2687625
v -30.2093885 160.1042722 102.8792258
v -30.6465254 159.1976163 101.1697630
v -30.4120545 158.8816214 100.7713761
v -30.4793635 157.9730098 100.9742660
v -25.7780606 158.8203919 100.7657204
v -25.8115478 158.3788812 100.8094960
v -25.8951843 157.4413913 101.5442261
v -26.4106289 159.0797727 103.3807618
v -26.5690598 159.8967656 102.0099741
v -26.6105186 159.7222559 101.5973713
v -26.6510247 159.4000166 101.2738178
v -26.6086671 157.2589119 102.2358619
v -26.6455825 157.3393882 102.7374721
v -26.6827380 157.5716685 103.1650795
v -26.7192470 157.9451532 103.5085669
v -26.8740191 159.9326431 103.1722278
v -26.9176372 160.1889982 102.6334347
v -26.9550185 160.2364847 102.1295114
v -27.3916662 158.5680647 101.0993132
v -27.1511846 158.1418725 100.8830963
v -27.2040786 157.5675449 101.3300998
v -27.2839677 157.2684007 102.3978870
v -27.6777663 158.4461439 103.3879230
v -27.4315873 158.6277915 103.7435122
v -27.4733635 159.2163711 103.6701499
v -27.6360135 160.1676267 101.8050302
v -27.6714104 159.9768314 101.4064314
v -27.7071024 159.6007032 101.0261929
v -27.7495599 159.0411487 100.7859698
v -28.0762819 158.3897634 103.6961052
v -23.2825831 157.2780649 102.0240955
v -23.3141536 157.2741309 102.4677876
v -23.3536005 157.4424184 102.9753691
v -23.3921877 157.8130809 103.4160251
v -23.4340176 158.3273920 103.6856993
v -23.7541299 158.9998077 103.3967488
v -23.5166256 159.4527740 103.5629398
v -23.5481207 159.7852635 103.3223974
v -23.6739348 160.1141841 101.6582846
v -24.0180998 159.2374143 101.1822129
v -23.9613267 157.2552517 102.2207626
v -24.2975544 160.2354437 102.1997811
v -24.4100112 159.3887469 100.9101214
v -24.4445074 158.9682219 100.7781494
v -24.6046977 157.2911021 101.9633112
v -24.9516836 157.7687836 102.8861559
v -24.7643356 158.3802650 103.6923156
v -24.9181861 160.1412463 102.7763567
v -25.2317831 159.9176016 102.1452012
v -25.1473775 158.3870627 100.8109439
v -25.2561181 157.3666689 101.6887538
v -25.2931696 157.2548961 102.3489713
v -25.6268002 157.8470579 103.0172391
v -25.3717371 157.6917787 103.3044430
v -20.8224385 158.8552897 103.7361687
v -21.0545649 159.8761501 101.2770422
v -21.3640564 159.2676127 101.2082796
v -21.2484440 157.5080938 101.4267625
v -21.2880491 157.3081989 101.8777661
v -21.3225584 157.2624916 102.3790934
v -21.3784169 157.5446859 103.1278962
v -21.6878452 158.1623325 103.2706141
v -21.4466391 158.3191481 103.6784953
v -21.4815900 158.8136009 103.7442582
v -21.5220359 159.3439165 103.6198338
v -21.5589872 159.7792091 103.3306619
v -21.7541425 159.4800623 100.9481344
v -21.7965899 158.9593391 100.7787344
v -21.8322470 158.4198667 100.7941423
v -22.2002631 157.6580821 101.8147828
v -22.1033054 158.2575688 103.6711931
v -22.5025683 159.6685323 102.9726540
v -22.3614657 160.0307184 101.4870898
v -22.4744673 158.7145637 100.7671188
v -22.5036482 158.2821278 100.8349433
v -22.5441101 157.8071381 101.0973581
v -22.6168859 157.2870619 101.9488553
v -22.6560675 157.2784467 102.5088876
v -22.7795195 158.4086039 103.7041494
v -22.8521518 159.4364402 103.5838704
v -22.8959373 159.8985141 103.2021729
v -23.4461928 158.2531535 101.1956264
v -18.3736868 160.1232722 101.6565770
v -18.4542887 159.3358577 100.8771367
v -18.4961201 158.7509358 100.7599484
v -18.5371085 158.1803380 100.8725904
v -18.9056458 157.5963587 102.0040550
v -18.6618197 157.2618215 102.2736493
v -18.6948699 157.3279445 102.7003444
v -19.0245056 158.0296955 103.1866846
v -18.9357234 160.0168976 103.0310647
v -19.0092987 160.2288080 102.0519294
v -19.3356792 159.6431243 101.4921670
v -19.0963974 159.5720620 101.0097673
v -19.2154073 157.9697138 100.9860593
v -19.5733317 157.5930282 102.0631083
v -19.6939337 158.0904270 103.2279273
v -19.4483718 158.1460506 103.6141121
v -19.4850211 158.6920192 103.7495741
v -19.5283695 159.2614825 103.6505508
v -19.5639724 159.7039630 103.4004296
v -19.7321777 159.8570984 101.2601856
v -19.7640106 159.5227298 100.9786907
v -19.8488302 158.3474389 100.8210441
v -19.8836930 157.9261116 101.0073053
v -20.5991165 159.9123573 102.0683694
v -20.4041722 159.7525749 101.1550826
v -20.4382901 159.3778945 100.8987923
v -20.7526791 157.9175461 103.4927244
v -16.2661253 157.5816410 102.1201383
v -16.0166430 157.2584181 102.2901969
v -16.6502200 159.8328415 101.8193370
v -16.6867713 159.6055125 101.4379734
v -16.4473928 159.5800477 101.0020840
v -16.4943469 158.9595052 100.7764121
v -16.6607522 157.2751527 102.0544874
v -16.6920789 157.2798808 102.5303177
v -17.0152397 157.8553827 103.0096449
v -17.0516557 158.1818012 103.2796114
v -16.8972606 159.5217202 103.5235148
v -16.9291436 159.8768459 103.2314613
v -17.1349254 159.2571992 100.8560077
v -17.1640211 158.8494051 100.7625585
v -17.6924591 157.9714209 103.1295450
v -17.4414433 157.9343836 103.5105328
v -17.6116530 160.0310293 103.0072202
v -17.6419597 160.2035121 102.5906082
v -17.6848427 160.2259186 102.0611602
v -17.7195699 160.0784797 101.5723412
v -17.7597321 159.7004076 101.0986622
v -17.9280248 157.5915595 101.3187329
v -18.0071160 157.2649460 102.3654717
v -18.0385015 157.3621201 102.7987071
v -18.0780386 157.6438721 103.2564585
v -18.4012696 158.4326251 103.3804187
v -18.2895123 160.1235591 102.8174534
v -13.5886842 159.5589635 103.5003128
v -13.7046335 160.2251502 102.0633175
v -13.7413198 160.0918934 101.6002407
v -13.8679335 158.6005943 100.7730279
v -13.9375796 157.7117214 101.1794327
v -13.9797757 157.3839998 101.6484788
v -14.4219540 158.3605395 103.3596715
v -14.4642896 158.8468076 103.4282432
v -14.8558045 158.8039165 103.7390747
v -14.8888640 159.2206291 103.6653817
v -15.2546565 159.8726550 102.5841200
v -15.0535374 160.1464012 101.7429648
v -15.3787069 159.4871074 101.3284792
v -15.1804884 158.8179070 100.7684668
v -15.2499450 157.8634290 101.0534075
v -15.2857844 157.5212031 101.4070383
v -15.3650667 157.2751263 102.4895725
v -15.4092098 157.4958347 103.0704978
v -15.6501531 160.1760242 102.6685307
v -15.9608132 159.9095405 102.0841487
v -16.0359846 159.5285834 101.3840161
v -16.1137706 158.7407022 101.0865414
f 4 1 2
f 4 2 3
f 6 4 3
f 6 3 5
f 7 6 5
f 10 5 8
f 10 7 5
f 10 8 9
f 11 10 9
f 13 11 9
f 13 9 12
f 15 13 12
f 15 12 14
f 17 15 14
f 17 14 16
f 19 17 16
f 18 17 19
f 20 17 18
f 991 19 16
f 991 16 21
f 1003 20 18
f 24 991 21
f 27 1003 22
f 24 21 23
f 993 24 23
f 993 23 26
f 29 27 25
f 28 993 26
f 33 28 26
f 34 29 31
f 33 26 30
f 36 33 30
f 38 34 32
f 36 30 35
f 40 36 35
f 40 35 37
f 41 38 39
f 44 40 37
f 1007 41 42
f 44 37 43
f 1 44 43
f 46 1007 45
f 1 43 2
f 1009 46 47
f 18 22 1003
f 22 1035 27
f 1035 25 27
f 25 31 29
f 31 32 34
f 32 39 38
f 39 42 41
f 42 45 1007
f 45 47 46
f 49 1009 47
f 48 49 47
f 1010 49 48
f 1037 1010 48
f 51 1010 1037
f 50 51 1037
f 1013 51 50
f 52 1013 50
f 54 1013 52
f 53 54 52
f 56 54 53
f 55 56 53
f 56 55 1038
f 1014 56 1038
f 1014 1038 1039
f 57 1014 1039
f 57 1039 1040
f 59 57 1040
f 58 59 1040
f 61 59 58
f 60 61 58
f 63 61 60
f 62 63 60
f 64 63 62
f 1041 64 62
f 1042 64 1041
f 1017 64 1042
f 1017 1042 1043
f 65 1017 1043
f 65 1043 1044
f 1019 65 1044
f 1019 1044 66
f 1021 1019 66
f 68 1021 66
f 67 68 66
f 69 68 67
f 69 67 1045
f 70 69 1045
f 70 1045 1046
f 71 70 1046
f 71 1046 1047
f 73 71 1047
f 73 1047 72
f 74 73 72
f 76 74 72
f 76 72 75
f 78 76 75
f 78 75 77
f 80 78 77
f 79 80 77
f 82 80 79
f 81 82 79
f 84 82 81
f 83 84 81
f 86 84 83
f 85 86 83
f 88 86 85
f 87 88 85
f 89 88 87
f 91 88 89
f 90 91 89
f 92 91 90
f 1049 92 90
f 94 92 1049
f 93 94 1049
f 96 94 93
f 95 96 93
f 97 96 95
f 98 97 95
f 99 97 98
f 1050 99 98
f 100 99 1050
f 1051 100 1050
f 102 100 1051
f 101 102 1051
f 103 102 101
f 103 101 104
f 105 103 104
f 1705 105 104
f 1052 1705 104
f 106 1705 1052
f 1053 106 1052
f 109 106 1053
f 107 109 1053
f 108 109 107
f 1706 109 108
f 1707 1706 108
f 1707 108 110
f 1707 110 111
f 113 1707 111
f 112 113 111
f 115 113 112
f 114 115 112
f 1708 115 114
f 117 1708 114
f 116 117 114
f 1709 117 116
f 118 1709 116
f 1710 1709 118
f 1054 1710 118
f 121 1710 1054
f 119 121 1054
f 120 121 119
f 123 121 120
f 122 123 120
f 125 123 122
f 125 122 124
f 127 125 124
f 126 127 124
f 129 127 126
f 129 126 128
f 131 129 128
f 130 131 128
f 133 131 130
f 132 133 130
f 134 133 132
f 1063 134 132
f 135 134 1063
f 137 135 1063
f 137 1063 136
f 139 137 136
f 139 136 138
f 1066 139 138
f 140 139 1066
f 140 1066 1068
f 141 140 1068
f 142 141 1068
f 1071 142 1068
f 144 142 1071
f 143 144 1071
f 146 144 143
f 146 143 145
f 148 146 145
f 148 145 147
f 150 148 147
f 150 147 149
f 151 150 149
f 151 149 152
f 153 151 152
f 153 152 1077
f 154 153 1077
f 154 1077 1078
f 1713 154 1078
f 1713 1078 155
f 1714 1713 155
f 1714 155 156
f 157 1714 156
f 157 156 158
f 159 157 158
f 160 159 158
f 160 158 1081
f 161 160 1081
f 1716 161 1081
f 1716 1081 162
f 164 1716 162
f 164 162 163
f 166 164 163
f 166 163 165
f 168 166 165
f 168 165 167
f 1718 168 167
f 1718 167 1086
f 170 1718 1086
f 170 1086 169
f 1719 170 169
f 1719 169 171
f 1720 1719 171
f 1720 171 172
f 174 1720 172
f 174 172 173
f 1721 174 173
f 1721 173 175
f 1722 1721 175
f 1722 175 176
f 179 1722 176
f 177 179 176
f 178 179 177
f 180 179 178
f 1092 180 178
f 182 180 1092
f 181 182 1092
f 184 182 181
f 183 184 181
f 186 183 185
f 186 184 183
f 1723 186 185
f 1723 185 187
f 189 1723 187
f 188 189 187
f 191 189 188
f 190 191 188
f 193 191 190
f 192 193 190
f 195 193 192
f 195 192 194
f 197 194 196
f 197 195 194
f 198 197 196
f 200 197 198
f 199 200 198
f 201 200 199
f 1097 201 199
f 203 1097 202
f 203 201 1097
f 1679 203 202
f 1679 202 204
f 205 1679 204
f 1102 205 204
f 205 1102 206
f 207 205 206
f 209 207 206
f 208 209 206
f 211 209 208
f 210 211 208
f 213 211 210
f 212 213 210
f 215 213 212
f 214 215 212
f 216 215 214
f 1108 216 214
f 218 216 1108
f 1109 218 1108
f 217 218 1109
f 219 218 217
f 220 219 217
f 1682 219 220
f 1682 220 1112
f 1683 1682 1112
f 223 1683 1112
f 221 223 1112
f 222 223 221
f 225 223 222
f 225 222 224
f 227 225 224
f 226 227 224
f 1684 227 226
f 1685 1684 226
f 1685 226 1128
f 228 1128 1129
f 228 1685 1128
f 229 228 1129
f 229 1129 1130
f 230 229 1130
f 230 1130 231
f 232 230 231
f 233 232 231
f 235 232 233
f 234 235 233
f 1688 235 234
f 1133 1688 234
f 1689 1688 1133
f 236 1689 1133
f 238 1689 236
f 237 238 236
f 239 238 237
f 239 237 240
f 241 239 240
f 241 240 242
f 243 241 242
f 243 242 244
f 1690 243 244
f 1691 1690 244
f 1691 244 1138
f 246 1691 1138
f 245 246 1138
f 248 246 245
f 247 248 245
f 1140 248 247
f 250 248 1140
f 249 250 1140
f 252 249 251
f 252 250 249
f 254 251 253
f 254 252 251
f 1693 254 253
f 1693 253 1142
f 256 1142 1144
f 256 1693 1142
f 256 1144 255
f 258 256 255
f 258 255 257
f 261 258 257
f 261 257 259
f 261 259 260
f 1694 261 260
f 1695 1694 260
f 1695 260 262
f 1696 1695 262
f 1696 262 1148
f 1697 1696 1148
f 1697 1148 1149
f 1697 1149 263
f 1698 1697 263
f 1698 263 264
f 266 1698 264
f 266 264 265
f 268 266 265
f 268 265 267
f 270 267 269
f 270 268 267
f 1699 270 269
f 1699 269 271
f 272 1699 271
f 272 271 1155
f 1700 272 1155
f 1701 1700 1155
f 1156 1701 1155
f 273 1701 1156
f 1702 1701 273
f 274 1702 273
f 275 1702 274
f 276 275 274
f 1158 276 274
f 278 276 1158
f 277 278 1158
f 279 278 277
f 279 277 1161
f 281 1161 280
f 281 279 1161
f 1704 280 282
f 1704 281 280
f 283 1704 282
f 283 282 1164
f 1651 283 1164
f 1651 1164 284
f 286 1651 284
f 285 286 284
f 1652 286 285
f 1167 1652 285
f 1653 1652 1167
f 287 1653 1167
f 1654 1653 287
f 288 1654 287
f 289 1654 288
f 290 1654 289
f 292 290 289
f 292 289 291
f 292 291 293
f 1656 292 293
f 1657 1656 293
f 294 1657 293
f 296 1657 294
f 296 294 295
f 297 296 295
f 1173 297 295
f 298 297 1173
f 1175 298 1173
f 300 298 1175
f 299 300 1175
f 301 300 299
f 1177 301 299
f 1659 301 1177
f 302 1659 1177
f 304 1659 302
f 304 302 303
f 1660 304 303
f 1660 303 305
f 307 1660 305
f 307 305 306
f 1187 307 306
f 1662 307 1187
f 308 1662 1187
f 309 1662 308
f 310 309 308
f 312 309 310
f 311 312 310
f 1663 312 311
f 313 1663 311
f 314 1663 313
f 314 313 315
f 316 314 315
f 1191 316 315
f 317 316 1191
f 1193 317 1191
f 318 317 1193
f 320 318 1193
f 319 320 1193
f 1666 320 319
f 1195 1666 319
f 1667 1666 1195
f 321 1667 1195
f 1668 1667 321
f 322 1668 321
f 1669 1668 322
f 323 1669 322
f 324 1669 323
f 324 323 1198
f 324 1198 1200
f 326 324 1200
f 326 1200 325
f 328 325 327
f 328 326 325
f 1670 328 327
f 1670 327 329
f 1671 1670 329
f 330 1671 329
f 331 1671 330
f 332 331 330
f 1204 332 330
f 1672 332 1204
f 1673 1672 1204
f 1205 1673 1204
f 333 1673 1205
f 334 1673 333
f 336 334 333
f 335 336 333
f 338 336 335
f 337 338 335
f 340 338 337
f 339 340 337
f 342 340 339
f 342 339 341
f 345 342 341
f 345 341 343
f 344 345 343
f 346 345 344
f 348 346 344
f 347 348 344
f 350 348 347
f 349 350 347
f 351 350 349
f 353 351 349
f 353 349 352
f 355 353 352
f 355 352 354
f 356 355 354
f 357 355 356
f 1675 357 356
f 358 1675 356
f 1676 1675 358
f 359 1676 358
f 360 1676 359
f 361 360 359
f 1215 361 359
f 363 361 1215
f 362 363 1215
f 365 363 362
f 365 362 364
f 366 365 364
f 366 364 367
f 368 366 367
f 368 367 1218
f 370 368 1218
f 370 1218 369
f 371 370 369
f 1677 370 371
f 372 1677 371
f 1221 372 371
f 1623 372 1221
f 1223 1623 1221
f 374 1623 1223
f 373 374 1223
f 374 373 375
f 377 374 375
f 377 375 376
f 378 377 376
f 378 376 379
f 380 378 379
f 382 380 379
f 381 382 379
f 1624 382 381
f 383 1624 381
f 384 1624 383
f 386 384 383
f 385 386 383
f 388 386 385
f 387 388 385
f 389 388 387
f 391 388 389
f 390 391 389
f 1626 391 390
f 392 1626 390
f 1627 1626 392
f 393 1627 392
f 1628 1627 393
f 1628 393 394
f 395 1628 394
f 1629 395 394
f 1629 394 1234
f 397 1629 1234
f 397 1234 396
f 1631 396 398
f 1631 397 396
f 399 1631 398
f 1632 1631 399
f 400 1632 399
f 1633 1632 400
f 401 1633 400
f 1634 1633 401
f 402 1634 401
f 403 1634 402
f 403 402 404
f 405 403 404
f 407 405 404
f 407 404 406
f 409 407 406
f 409 406 408
f 410 409 408
f 411 410 408
f 1635 410 411
f 412 1635 411
f 1636 1635 412
f 1255 1636 412
f 1637 1636 1255
f 413 1637 1255
f 414 1637 413
f 416 1637 414
f 415 416 414
f 418 416 415
f 1257 418 415
f 417 418 1257
f 420 418 417
f 419 420 417
f 422 420 419
f 421 422 419
f 424 422 421
f 423 424 421
f 1639 424 423
f 425 1639 423
f 428 1639 425
f 426 428 425
f 427 428 426
f 430 428 427
f 429 430 427
f 432 430 429
f 431 432 429
f 434 432 431
f 433 434 431
f 436 434 433
f 435 436 433
f 1641 436 435
f 437 1641 435
f 438 1641 437
f 1266 438 437
f 439 438 1266
f 1267 439 1266
f 1642 439 1267
f 1643 1642 1267
f 1643 1267 1268
f 1644 1643 1268
f 1644 1268 440
f 441 1644 440
f 441 440 1270
f 1645 441 1270
f 1645 1270 442
f 1645 442 443
f 1646 1645 443
f 445 1646 443
f 444 445 443
f 447 445 444
f 446 447 444
f 448 447 446
f 1647 448 446
f 449 1647 446
f 450 1647 449
f 1275 450 449
f 1648 450 1275
f 451 1648 1275
f 1649 1648 451
f 452 1649 451
f 454 1649 452
f 1277 454 452
f 453 454 1277
f 456 454 453
f 455 456 453
f 458 456 455
f 457 458 455
f 1280 458 457
f 459 458 1280
f 459 1280 460
f 461 459 460
f 461 460 462
f 463 461 462
f 463 462 1283
f 464 463 1283
f 1285 464 1283
f 465 464 1285
f 466 465 1285
f 1599 465 466
f 467 1599 466
f 1600 1599 467
f 1601 1600 467
f 1601 467 468
f 1601 468 469
f 1602 1601 469
f 1603 1602 469
f 1603 469 470
f 471 1603 470
f 1291 471 470
f 1605 471 1291
f 1293 1605 1291
f 1606 1605 1293
f 1294 1606 1293
f 472 1606 1294
f 1295 472 1294
f 474 472 1295
f 473 474 1295
f 475 474 473
f 1607 474 475
f 477 475 476
f 477 1607 475
f 479 477 476
f 479 476 478
f 480 479 478
f 1299 480 478
f 481 480 1299
f 483 480 481
f 482 483 481
f 484 483 482
f 484 482 485
f 487 484 485
f 486 487 485
f 1609 487 486
f 488 1609 486
f 489 1609 488
f 491 489 488
f 491 488 1320
f 491 1320 490
f 493 491 490
f 493 490 492
f 495 493 492
f 494 495 492
f 497 495 494
f 496 497 494
f 499 497 496
f 498 499 496
f 501 499 498
f 500 501 498
f 503 501 500
f 502 503 500
f 1610 503 502
f 505 1610 502
f 505 502 1324
f 505 1324 504
f 506 505 504
f 506 504 507
f 1611 506 507
f 508 1611 507
f 1612 1611 508
f 509 1612 508
f 511 1612 509
f 510 511 509
f 1327 511 510
f 513 511 1327
f 512 513 1327
f 514 513 512
f 1613 514 512
f 1328 1613 512
f 515 1613 1328
f 515 1328 1330
f 516 515 1330
f 517 516 1330
f 517 1330 1331
f 518 517 1331
f 518 1331 1333
f 518 1333 519
f 1615 518 519
f 520 1615 519
f 520 519 1336
f 520 1336 521
f 523 520 521
f 523 521 522
f 525 523 522
f 525 522 524
f 1616 525 524
f 1616 524 526
f 527 1616 526
f 527 526 1339
f 529 527 1339
f 529 1339 528
f 530 529 528
f 530 528 1340
f 531 530 1340
f 531 1340 1341
f 532 1341 1343
f 532 531 1341
f 1618 532 1343
f 1618 1343 1344
f 533 1618 1344
f 533 1344 1345
f 535 533 1345
f 535 1345 534
f 1619 535 534
f 1619 534 536
f 1620 1619 536
f 1620 536 537
f 538 1620 537
f 539 1620 538
f 1622 539 538
f 540 1622 538
f 542 1622 540
f 541 542 540
f 544 542 541
f 543 544 541
f 546 544 543
f 545 546 543
f 547 546 545
f 548 547 545
f 549 547 548
f 550 549 548
f 550 548 1353
f 552 550 1353
f 552 1353 551
f 554 552 551
f 554 551 553
f 556 554 553
f 555 556 553
f 558 556 555
f 557 558 555
f 1573 558 557
f 559 1573 557
f 1574 1573 559
f 561 559 560
f 561 1574 559
f 562 561 560
f 562 560 1359
f 1575 562 1359
f 563 1575 1359
f 565 1575 563
f 565 563 564
f 567 565 564
f 567 564 566
f 569 567 566
f 568 569 566
f 571 569 568
f 570 571 568
f 573 571 570
f 573 570 572
f 575 573 572
f 575 572 574
f 578 574 576
f 578 575 574
f 578 576 577
f 580 578 577
f 580 577 579
f 581 580 579
f 581 579 1364
f 583 581 1364
f 583 1364 582
f 585 583 582
f 584 585 582
f 587 584 586
f 587 585 584
f 588 587 586
f 588 586 1375
f 590 588 1375
f 590 1375 589
f 592 590 589
f 592 589 591
f 594 592 591
f 593 594 591
f 597 594 593
f 595 597 593
f 596 597 595
f 599 597 596
f 598 599 596
f 1580 599 598
f 1580 598 600
f 1581 1580 600
f 1582 1581 600
f 1582 600 601
f 1583 1582 601
f 603 1583 601
f 602 603 601
f 605 603 602
f 604 605 602
f 607 605 604
f 606 607 604
f 1584 607 606
f 1584 606 608
f 1585 1584 608
f 1585 608 609
f 1586 1585 609
f 610 1586 609
f 611 1586 610
f 613 611 610
f 612 613 610
f 614 613 612
f 1387 614 612
f 615 614 1387
f 617 615 1387
f 616 617 1387
f 1588 617 616
f 618 1588 616
f 1588 618 619
f 1589 1588 619
f 1390 1589 619
f 621 1589 1390
f 620 621 1390
f 1590 621 620
f 622 1590 620
f 624 1590 622
f 623 624 622
f 625 624 623
f 626 625 623
f 628 625 626
f 627 628 626
f 1592 628 627
f 1394 1592 627
f 1593 1592 1394
f 1593 1394 1397
f 1593 1397 629
f 630 1593 629
f 630 629 1399
f 632 630 1399
f 632 1399 631
f 634 632 631
f 634 631 633
f 1594 634 633
f 1594 633 635
f 1595 1594 635
f 1595 635 636
f 1596 1595 636
f 1596 636 637
f 1597 1596 637
f 1597 637 638
f 639 1597 638
f 639 638 640
f 642 639 640
f 642 640 641
f 644 642 641
f 644 641 643
f 646 644 643
f 646 643 645
f 647 646 645
f 1406 647 645
f 648 647 1406
f 1407 648 1406
f 649 648 1407
f 649 1407 1408
f 1598 649 1408
f 1598 1408 650
f 652 1598 650
f 651 652 650
f 1552 652 651
f 1410 1552 651
f 1553 1552 1410
f 1553 1410 653
f 655 1553 653
f 655 653 654
f 1554 655 654
f 1554 654 1414
f 1555 1554 1414
f 656 1555 1414
f 657 1555 656
f 658 657 656
f 1416 658 656
f 660 658 1416
f 659 660 1416
f 663 660 659
f 661 663 659
f 662 663 661
f 664 663 662
f 664 662 665
f 666 664 665
f 666 665 1421
f 668 666 1421
f 668 1421 667
f 669 668 667
f 669 667 670
f 672 669 670
f 671 672 670
f 674 672 671
f 673 674 671
f 676 674 673
f 675 676 673
f 678 676 675
f 677 678 675
f 680 678 677
f 679 680 677
f 682 680 679
f 682 679 681
f 684 682 681
f 684 681 683
f 1556 683 685
f 1556 684 683
f 687 1556 685
f 687 685 686
f 689 687 686
f 689 686 688
f 690 689 688
f 690 688 691
f 693 690 691
f 693 691 692
f 695 693 692
f 695 692 694
f 1557 695 694
f 1557 694 696
f 1558 1557 696
f 1558 696 697
f 1559 1558 697
f 1559 697 698
f 700 1559 698
f 699 700 698
f 702 700 699
f 701 702 699
f 703 702 701
f 704 703 701
f 706 703 704
f 705 706 704
f 707 706 705
f 708 707 705
f 709 707 708
f 711 709 708
f 710 711 708
f 1562 711 710
f 712 1562 710
f 1563 1562 712
f 713 1563 712
f 714 1563 713
f 716 714 713
f 715 716 713
f 717 716 715
f 719 716 717
f 718 719 717
f 721 719 718
f 720 721 718
f 722 721 720
f 723 722 720
f 725 722 723
f 724 725 723
f 727 725 724
f 726 727 724
f 1564 727 726
f 728 1564 726
f 729 1564 728
f 731 729 728
f 730 731 728
f 733 731 730
f 732 733 730
f 735 733 732
f 735 732 734
f 736 735 734
f 736 734 737
f 738 736 737
f 740 738 737
f 740 737 739
f 1566 740 739
f 1566 739 741
f 1567 1566 741
f 1567 741 742
f 743 1567 742
f 1569 743 742
f 1569 742 1461
f 1569 1461 744
f 746 1569 744
f 745 746 744
f 748 746 745
f 747 748 745
f 751 748 747
f 749 751 747
f 750 751 749
f 752 751 750
f 1571 752 750
f 753 1571 750
f 755 1571 753
f 754 755 753
f 1572 755 754
f 1572 754 756
f 1572 756 757
f 758 1572 757
f 758 757 759
f 760 758 759
f 761 760 759
f 763 760 761
f 762 763 761
f 765 763 762
f 764 765 762
f 767 765 764
f 766 767 764
f 769 767 766
f 768 769 766
f 771 769 768
f 770 771 768
f 772 771 770
f 774 771 772
f 773 774 772
f 775 774 773
f 776 775 773
f 1544 775 776
f 1544 776 777
f 779 1544 777
f 779 777 778
f 780 779 778
f 1545 780 778
f 1545 778 781
f 1545 781 782
f 1546 1545 782
f 784 1546 782
f 784 782 783
f 786 784 783
f 786 783 785
f 788 786 785
f 787 788 785
f 790 788 787
f 789 790 787
f 791 790 789
f 792 790 791
f 795 792 791
f 795 791 793
f 795 793 794
f 796 795 794
f 799 796 794
f 797 799 794
f 798 799 797
f 801 799 798
f 800 801 798
f 801 800 1482
f 1547 801 1482
f 803 1547 1482
f 803 1482 802
f 805 803 802
f 804 805 802
f 807 805 804
f 806 807 804
f 809 807 806
f 808 809 806
f 810 809 808
f 812 810 808
f 811 812 808
f 1549 812 811
f 813 1549 811
f 1550 1549 813
f 1550 813 814
f 816 814 815
f 816 1550 814
f 818 816 815
f 818 815 817
f 819 818 817
f 1489 819 817
f 820 819 1489
f 1490 820 1489
f 821 820 1490
f 1492 821 1490
f 822 821 1492
f 823 23 826
f 23 21 826
f 824 26 823
f 823 26 23
f 825 26 824
f 826 21 829
f 21 16 829
f 825 30 26
f 827 30 825
f 828 30 827
f 16 14 829
f 829 14 831
f 828 35 30
f 830 35 828
f 831 14 833
f 830 37 35
f 14 12 833
f 830 832 37
f 12 835 833
f 37 832 43
f 9 835 12
f 832 834 43
f 9 837 835
f 43 834 2
f 8 837 9
f 834 836 2
f 8 839 837
f 2 836 3
f 5 839 8
f 836 838 3
f 5 840 839
f 3 838 5
f 838 840 5
f 842 841 827
f 842 827 825
f 870 842 825
f 843 825 824
f 843 870 825
f 844 843 824
f 844 824 823
f 845 844 823
f 846 845 823
f 847 846 823
f 847 823 826
f 848 847 826
f 849 826 829
f 849 848 826
f 850 849 829
f 851 850 829
f 851 829 831
f 852 851 831
f 853 852 831
f 853 831 833
f 899 853 833
f 901 899 833
f 901 833 835
f 854 901 835
f 855 854 835
f 856 835 837
f 856 855 835
f 909 856 837
f 857 909 837
f 857 837 839
f 915 857 839
f 858 915 839
f 859 839 840
f 859 858 839
f 922 859 840
f 922 840 838
f 860 922 838
f 928 860 838
f 928 838 836
f 930 928 836
f 861 930 836
f 861 836 834
f 936 861 834
f 939 936 834
f 862 834 832
f 862 939 834
f 942 862 832
f 944 942 832
f 944 832 830
f 863 944 830
f 950 863 830
f 951 950 830
f 951 830 828
f 864 951 828
f 864 828 827
f 841 864 827
f 841 841 827
f 865 864 841
f 841 865 841
f 842 865 841
f 870 866 842
f 867 866 870
f 869 866 867
f 873 871 869
f 843 867 870
f 873 869 867
f 872 867 843
f 873 867 872
f 872 843 844
f 876 868 871
f 876 871 873
f 874 872 844
f 875 873 872
f 875 872 874
f 874 844 845
f 876 873 875
f 877 874 845
f 878 875 874
f 881 868 876
f 846 877 845
f 879 876 875
f 878 874 877
f 880 877 846
f 879 875 878
f 881 876 879
f 880 846 847
f 880 878 877
f 883 878 880
f 848 880 847
f 883 879 878
f 882 880 848
f 883 881 879
f 882 883 880
f 885 883 882
f 884 881 883
f 886 882 848
f 886 848 849
f 885 884 883
f 885 882 886
f 887 884 885
f 887 885 886
f 850 886 849
f 888 886 850
f 888 887 886
f 888 850 889
f 889 850 851
f 890 887 888
f 894 884 887
f 889 851 852
f 894 887 890
f 893 889 852
f 890 888 889
f 891 889 893
f 853 893 852
f 892 890 889
f 891 892 889
f 894 890 892
f 895 893 853
f 895 891 893
f 892 891 898
f 898 891 895
f 897 894 892
f 895 853 899
f 896 895 899
f 897 892 898
f 898 895 896
f 901 896 899
f 897 898 903
f 900 896 901
f 903 898 896
f 903 896 900
f 902 900 901
f 902 901 854
f 904 897 903
f 902 903 900
f 855 902 854
f 906 903 902
f 904 903 905
f 905 903 906
f 906 902 855
f 856 906 855
f 908 906 856
f 908 905 906
f 911 905 908
f 910 856 909
f 907 904 905
f 908 856 910
f 907 905 911
f 912 908 910
f 857 910 909
f 911 908 912
f 913 911 912
f 912 910 857
f 907 911 913
f 917 913 912
f 914 912 857
f 917 912 914
f 915 914 857
f 918 907 913
f 918 913 917
f 916 914 915
f 916 917 914
f 916 915 858
f 918 917 919
f 920 858 859
f 919 917 916
f 924 918 919
f 920 916 858
f 923 916 920
f 923 919 916
f 921 924 919
f 922 920 859
f 921 919 923
f 926 923 920
f 925 921 923
f 926 920 922
f 925 923 926
f 926 922 860
f 932 924 921
f 925 926 929
f 927 921 925
f 929 926 860
f 929 860 928
f 930 929 928
f 927 925 929
f 932 921 927
f 933 927 929
f 931 929 930
f 933 929 931
f 932 927 933
f 931 930 861
f 935 931 861
f 934 933 931
f 934 931 935
f 934 932 933
f 938 934 935
f 936 935 861
f 937 932 934
f 938 935 936
f 940 936 939
f 937 934 938
f 947 932 937
f 940 938 936
f 941 940 939
f 941 939 862
f 943 937 938
f 943 938 940
f 942 941 862
f 947 937 943
f 943 940 941
f 945 943 941
f 946 941 942
f 945 941 946
f 946 942 944
f 947 943 945
f 949 946 944
f 953 947 945
f 949 944 863
f 948 945 946
f 948 946 949
f 950 949 863
f 954 953 945
f 954 945 948
f 948 949 950
f 955 948 950
f 952 950 951
f 952 955 950
f 955 954 948
f 957 953 954
f 960 953 957
f 958 954 955
f 957 954 958
f 956 955 952
f 958 955 956
f 959 952 951
f 959 951 864
f 956 952 959
f 864 865 842
f 842 959 864
f 959 842 866
f 956 959 866
f 960 957 958
f 956 866 869
f 958 956 869
f 958 869 871
f 958 871 868
f 960 958 868
f 961 960 868
f 961 868 881
f 962 881 884
f 962 884 894
f 962 961 881
f 897 962 894
f 963 960 961
f 953 960 963
f 964 962 897
f 964 897 904
f 965 947 953
f 965 953 963
f 907 964 904
f 907 966 964
f 932 947 965
f 918 966 907
f 924 966 918
f 932 965 966
f 924 932 966
f 961 962 967
f 967 962 968
f 963 961 969
f 969 961 967
f 965 963 970
f 970 963 969
f 966 965 971
f 971 965 970
f 964 966 972
f 972 966 971
f 962 964 968
f 968 964 972
f 967 968 972
f 969 972 971
f 969 971 970
f 969 967 972
f 1494 822 1492
f 10 976 7
f 1003 977 20
f 1007 1008 41
f 1009 1011 979
f 57 1048 1014
f 61 983 59
f 73 988 987
f 94 1028 92
f 102 1055 100
f 992 991 24
f 19 991 974
f 974 991 992
f 993 992 24
f 994 992 993
f 975 993 28
f 994 993 975
f 33 975 28
f 36 995 33
f 33 995 975
f 996 995 36
f 40 996 36
f 997 996 40
f 40 44 997
f 997 44 1036
f 44 1 1036
f 1 4 1036
f 1036 4 998
f 998 6 976
f 4 6 998
f 6 7 976
f 10 999 976
f 11 1000 10
f 10 1000 999
f 1000 13 1001
f 11 13 1000
f 15 1001 13
f 1002 1001 15
f 17 1002 15
f 977 1002 17
f 17 20 977
f 1004 1003 27
f 977 1003 1004
f 1004 27 1005
f 1005 29 1006
f 27 29 1005
f 34 1006 29
f 34 38 1006
f 1006 38 978
f 41 978 38
f 1008 978 41
f 1008 1007 979
f 979 1007 46
f 1009 979 46
f 1011 1009 49
f 1011 1010 1012
f 49 1010 1011
f 1012 51 980
f 1010 51 1012
f 980 1013 54
f 51 1013 980
f 980 54 981
f 54 56 981
f 981 56 982
f 56 1014 982
f 982 1014 1048
f 1015 1048 57
f 57 59 1015
f 1015 59 983
f 63 983 61
f 983 63 1016
f 1016 63 64
f 1018 1016 64
f 64 1017 1018
f 1017 65 1018
f 1018 65 1020
f 984 1019 1021
f 65 1019 1020
f 1020 1019 984
f 984 1021 68
f 68 69 984
f 984 69 985
f 70 986 69
f 69 986 985
f 71 1022 70
f 987 1022 71
f 70 1022 986
f 71 73 987
f 73 74 988
f 76 1023 74
f 1024 1023 76
f 74 1023 988
f 78 1024 76
f 1025 1024 78
f 78 80 1025
f 1025 80 1026
f 1026 82 989
f 80 82 1026
f 82 84 989
f 989 86 1027
f 84 86 989
f 1027 88 990
f 86 88 1027
f 91 1029 88
f 88 1029 990
f 92 1028 91
f 91 1028 1029
f 94 1030 1028
f 94 96 1030
f 1030 96 1031
f 97 1031 96
f 1032 1031 97
f 99 1032 97
f 1033 1032 99
f 1034 1033 100
f 100 1033 99
f 1055 1034 100
f 974 18 19
f 998 48 47
f 1011 67 979
f 1048 79 77
f 1020 93 1049
f 984 95 93
f 988 101 987
f 974 992 18
f 18 992 22
f 994 1035 992
f 25 1035 994
f 992 1035 22
f 31 994 975
f 25 994 31
f 31 975 32
f 975 995 32
f 32 995 996
f 39 996 997
f 32 996 39
f 42 997 1036
f 39 997 42
f 42 1036 45
f 45 1036 47
f 1036 998 47
f 976 48 998
f 50 1037 976
f 976 1037 48
f 52 50 999
f 999 50 976
f 1000 52 999
f 53 52 1000
f 55 1000 1001
f 53 1000 55
f 1002 1038 1001
f 1001 1038 55
f 977 1039 1002
f 1002 1039 1038
f 977 1040 1039
f 58 1040 977
f 977 1004 58
f 58 1004 60
f 62 1004 1005
f 60 1004 62
f 1006 1041 1005
f 1005 1041 62
f 1006 1042 1041
f 1006 1043 1042
f 978 1043 1006
f 978 1044 1043
f 1008 1044 978
f 66 1044 1008
f 979 66 1008
f 979 67 66
f 1011 1045 67
f 1011 1046 1045
f 1012 1046 1011
f 1012 1047 1046
f 980 1047 1012
f 980 72 1047
f 980 981 72
f 72 981 75
f 75 982 77
f 981 982 75
f 982 1048 77
f 81 1048 1015
f 79 1048 81
f 83 1015 983
f 81 1015 83
f 85 83 983
f 983 1016 85
f 85 1016 87
f 1018 89 1016
f 1016 89 87
f 1018 90 89
f 1020 1049 1018
f 1018 1049 90
f 93 1020 984
f 984 98 95
f 985 98 984
f 985 1050 98
f 986 1050 985
f 986 1022 1050
f 1051 1022 987
f 1050 1022 1051
f 101 1051 987
f 101 988 104
f 988 1023 104
f 104 1023 1024
f 1025 1052 1024
f 1053 1052 1025
f 1024 1052 104
f 1026 1053 1025
f 107 1053 1026
f 108 1026 989
f 107 1026 108
f 110 108 989
f 989 1027 110
f 110 1027 111
f 1027 990 111
f 111 990 112
f 990 1029 112
f 112 1029 114
f 1028 114 1029
f 116 114 1028
f 1030 116 1028
f 1030 118 116
f 1031 118 1030
f 1031 1054 118
f 119 1054 1032
f 1032 1054 1031
f 120 119 1033
f 1033 119 1032
f 122 1033 1034
f 120 1033 122
f 1055 122 1034
f 124 122 1055
f 1055 126 124
f 1061 132 130
f 1062 132 1061
f 1062 1063 132
f 1079 158 156
f 1084 1086 167
f 1087 172 171
f 1059 1097 199
f 1104 208 1103
f 1724 1108 1107
f 1110 220 217
f 1055 1060 126
f 126 1060 128
f 1061 128 1060
f 130 128 1061
f 1064 1063 1062
f 1063 1064 136
f 1064 1065 136
f 136 1065 138
f 1065 1066 138
f 1067 1066 1065
f 1067 1068 1066
f 1069 1068 1067
f 1071 1069 1070
f 1068 1069 1071
f 143 1071 1070
f 1070 1072 143
f 143 1072 145
f 147 145 1073
f 1073 145 1072
f 1074 147 1073
f 149 147 1074
f 1075 149 1074
f 149 1076 152
f 1075 1076 149
f 1711 1077 1076
f 1076 1077 152
f 155 1078 1712
f 1712 1078 1711
f 1711 1078 1077
f 1079 155 1712
f 156 155 1079
f 1079 1080 158
f 1080 1081 158
f 1082 1081 1080
f 1081 1082 162
f 1082 1083 162
f 162 1083 163
f 1084 165 1083
f 1083 165 163
f 165 1084 167
f 169 1086 1085
f 1085 1086 1084
f 1056 169 1085
f 171 169 1056
f 1087 171 1056
f 173 1087 1088
f 172 1087 173
f 175 173 1088
f 1088 1057 175
f 175 1057 176
f 1057 1089 176
f 176 1089 177
f 1089 1090 177
f 177 1090 178
f 181 1092 1091
f 1091 1092 1090
f 1090 1092 178
f 183 181 1091
f 1091 1093 183
f 183 1093 185
f 1715 185 1093
f 187 185 1715
f 1715 1094 187
f 187 1094 188
f 1094 1095 188
f 188 1095 190
f 1717 190 1095
f 192 190 1717
f 194 192 1058
f 1058 192 1717
f 196 194 1058
f 1058 1096 196
f 196 1096 198
f 199 1096 1059
f 198 1096 199
f 1098 1097 1059
f 202 1097 1098
f 1099 202 1098
f 204 202 1099
f 204 1099 1100
f 1101 1102 1100
f 1100 1102 204
f 206 1102 1101
f 206 1101 1103
f 206 1103 208
f 208 1104 210
f 210 1105 212
f 1104 1105 210
f 1105 1106 212
f 212 1106 214
f 1106 1108 214
f 1107 1108 1106
f 1724 1109 1108
f 1724 1110 1109
f 1109 1110 217
f 220 1725 1111
f 1110 1725 220
f 1111 1112 220
f 1111 1726 1112
f 221 1726 1113
f 1112 1726 221
f 222 1113 1114
f 221 1113 222
f 1114 224 222
f 1115 224 1114
f 1118 233 1117
f 1118 234 233
f 1132 1133 234
f 1135 237 236
f 1121 255 1143
f 1122 259 1145
f 1153 271 269
f 1126 284 1163
f 1169 291 1168
f 226 224 1115
f 1115 1678 226
f 1127 1128 1678
f 1678 1128 226
f 1116 1129 1127
f 1127 1129 1128
f 1116 1130 1129
f 1131 1130 1116
f 231 1131 1117
f 1130 1131 231
f 231 1117 233
f 234 1118 1132
f 236 1133 1134
f 1134 1133 1132
f 236 1134 1135
f 1135 1680 237
f 240 1680 1681
f 237 1680 240
f 1681 242 240
f 1681 1136 242
f 242 1136 244
f 1136 1138 244
f 1137 1138 1136
f 245 1137 1139
f 1138 1137 245
f 247 1139 1119
f 245 1139 247
f 249 1140 1120
f 1120 1140 1119
f 1119 1140 247
f 251 249 1120
f 1120 1141 251
f 251 1141 253
f 1141 1686 253
f 1687 1142 1686
f 1686 1142 253
f 1687 1144 1142
f 1143 1144 1687
f 255 1144 1143
f 257 255 1121
f 1121 1145 257
f 257 1145 259
f 1122 260 259
f 262 1146 1147
f 260 1146 262
f 1122 1146 260
f 1147 1148 262
f 1147 1149 1148
f 263 1149 1150
f 1150 1149 1147
f 264 263 1151
f 1151 263 1150
f 1152 264 1151
f 265 264 1152
f 267 1152 1123
f 265 1152 267
f 269 267 1123
f 1123 1153 269
f 1153 1154 271
f 1154 1155 271
f 1124 1155 1154
f 1124 1156 1155
f 273 1156 1124
f 1692 273 1124
f 274 273 1692
f 1157 274 1692
f 1157 1158 274
f 1159 1158 1157
f 277 1159 1160
f 1158 1159 277
f 280 1161 1160
f 1160 1161 277
f 1160 1125 280
f 280 1125 282
f 1125 1162 282
f 282 1162 1164
f 284 1164 1163
f 1163 1164 1162
f 285 284 1126
f 1167 1126 1165
f 285 1126 1167
f 1166 1167 1165
f 287 1167 1166
f 287 1166 288
f 1166 1168 288
f 288 1168 289
f 291 289 1168
f 291 1169 293
f 1169 1170 293
f 293 1170 294
f 1170 1171 294
f 294 1171 295
f 1171 1172 295
f 1172 1173 295
f 1703 1173 1172
f 1174 1175 1703
f 1703 1175 1173
f 1174 1176 1175
f 1175 1176 299
f 302 1177 1178
f 1178 1177 1176
f 1176 1177 299
f 302 1178 303
f 303 1178 1179
f 305 1179 1180
f 303 1179 305
f 1181 310 1188
f 1189 313 311
f 1182 339 1207
f 1182 341 339
f 1209 347 344
f 1213 1215 359
f 1222 373 1223
f 1674 379 1225
f 1232 393 392
f 1180 1186 305
f 305 1186 306
f 1188 1187 1186
f 308 1187 1188
f 1186 1187 306
f 310 308 1188
f 311 310 1181
f 1181 1189 311
f 1189 1190 313
f 313 1655 315
f 1190 1655 313
f 1655 1191 315
f 1192 1191 1655
f 1192 1193 1191
f 1192 1658 1193
f 1193 1658 319
f 1194 1195 1658
f 1658 1195 319
f 321 1194 1196
f 1195 1194 321
f 322 321 1196
f 1196 1197 322
f 322 1197 323
f 1197 1198 323
f 1199 1198 1197
f 1201 1200 1199
f 1199 1200 1198
f 325 1200 1201
f 325 1201 327
f 1201 1661 327
f 327 1661 329
f 1661 1202 329
f 329 1202 330
f 330 1202 1203
f 1203 1204 330
f 1203 1205 1204
f 333 1205 1206
f 1206 1205 1203
f 335 333 1206
f 1664 335 1206
f 337 335 1664
f 1664 1207 337
f 337 1207 339
f 1182 1665 341
f 341 1665 343
f 344 343 1208
f 1208 343 1665
f 1209 344 1208
f 347 1209 1210
f 347 1210 349
f 1210 1211 349
f 349 1211 352
f 354 1211 1212
f 352 1211 354
f 354 1212 356
f 1212 1183 356
f 356 1183 358
f 359 358 1184
f 1184 358 1183
f 1184 1213 359
f 1214 1215 1213
f 362 1215 1214
f 364 362 1214
f 1214 1216 364
f 367 1216 1217
f 364 1216 367
f 1217 1218 367
f 1217 1219 1218
f 1218 1219 369
f 369 1219 371
f 1219 1220 371
f 1222 1221 1220
f 1220 1221 371
f 1222 1223 1221
f 1222 1224 373
f 373 1224 375
f 1225 375 1224
f 376 375 1225
f 376 1225 379
f 1226 381 1674
f 1674 381 379
f 1226 1227 381
f 381 1227 383
f 383 1228 385
f 1227 1228 383
f 1228 1229 385
f 385 1229 387
f 1229 1230 387
f 387 1230 389
f 1230 1231 389
f 389 1231 390
f 1232 392 1231
f 1231 392 390
f 393 1232 1233
f 394 1233 1185
f 393 1233 394
f 396 1234 1235
f 1185 1234 394
f 1235 1234 1185
f 1236 396 1235
f 398 396 1236
f 1236 399 398
f 1240 415 1256
f 1258 421 419
f 1630 425 423
f 1272 444 443
f 1274 449 446
f 1276 452 451
f 1247 1293 1292
f 1298 478 476
f 1249 485 482
f 1236 1250 399
f 399 1250 400
f 401 400 1237
f 1237 400 1250
f 402 1237 1251
f 401 1237 402
f 404 402 1251
f 1251 1252 404
f 404 1252 406
f 1253 406 1252
f 408 406 1253
f 1253 1254 408
f 408 1254 411
f 412 1625 1238
f 411 1625 412
f 1254 1625 411
f 1238 1255 412
f 1239 1255 1238
f 413 1255 1239
f 1256 413 1239
f 414 413 1256
f 1256 415 414
f 1240 1257 415
f 417 1257 1240
f 1258 417 1240
f 419 417 1258
f 1258 1259 421
f 1630 423 1259
f 1259 423 421
f 1260 425 1630
f 1260 1261 425
f 425 1261 426
f 429 427 1262
f 1262 427 1261
f 1261 427 426
f 429 1262 431
f 1262 1263 431
f 431 1263 433
f 435 1263 1241
f 433 1263 435
f 437 435 1241
f 1241 1264 437
f 1265 1266 1264
f 1264 1266 437
f 1265 1267 1266
f 1265 1268 1267
f 1269 1268 1265
f 1242 440 1269
f 1269 440 1268
f 1638 1270 1242
f 442 1270 1638
f 1242 1270 440
f 443 442 1271
f 1271 442 1638
f 1271 1272 443
f 446 1272 1273
f 444 1272 446
f 1274 446 1273
f 449 1274 1243
f 1243 1275 449
f 451 1275 1243
f 1243 1276 451
f 452 1640 1244
f 1276 1640 452
f 1244 1277 452
f 453 1277 1244
f 1244 1278 453
f 453 1278 455
f 1278 1279 455
f 455 1279 457
f 1279 1280 457
f 1281 1280 1279
f 460 1281 1282
f 1280 1281 460
f 462 1282 1245
f 460 1282 462
f 1284 1283 1245
f 1245 1283 462
f 1284 1285 1283
f 466 1287 1286
f 1284 1287 1285
f 1285 1287 466
f 467 1286 1288
f 466 1286 467
f 468 1288 1246
f 467 1288 468
f 468 1246 469
f 470 469 1289
f 1289 469 1246
f 1289 1290 470
f 1292 1291 1290
f 1290 1291 470
f 1292 1293 1291
f 1247 1294 1293
f 1296 1295 1247
f 473 1295 1296
f 1247 1295 1294
f 473 1296 475
f 1296 1297 475
f 475 1297 476
f 476 1297 1298
f 478 1298 1248
f 1248 1299 478
f 481 1299 1248
f 482 1650 1249
f 1248 1650 481
f 481 1650 482
f 1300 485 1249
f 1300 486 485
f 1303 1324 502
f 1311 536 1346
f 1351 548 545
f 1317 582 1316
f 1317 584 582
f 486 1300 1318
f 488 1318 1319
f 486 1318 488
f 1319 1320 488
f 490 1320 1319
f 1319 1321 490
f 490 1321 492
f 1322 492 1321
f 494 492 1322
f 1322 1604 494
f 494 1604 496
f 496 1323 498
f 1604 1323 496
f 1301 498 1323
f 500 498 1301
f 502 1301 1302
f 500 1301 502
f 502 1302 1303
f 1304 1324 1303
f 504 1324 1304
f 507 1304 1608
f 504 1304 507
f 507 1608 508
f 1608 1325 508
f 508 1325 509
f 1325 1326 509
f 509 1326 510
f 1326 1327 510
f 1305 1327 1326
f 512 1327 1305
f 512 1305 1306
f 1306 1328 512
f 1306 1330 1328
f 1329 1330 1306
f 1329 1331 1330
f 1332 1333 1329
f 1329 1333 1331
f 1332 1334 1333
f 1333 1334 519
f 1335 1336 1334
f 521 1336 1335
f 1334 1336 519
f 1337 521 1335
f 522 521 1337
f 524 1337 1307
f 522 1337 524
f 526 1307 1338
f 524 1307 526
f 1308 1339 1338
f 1338 1339 526
f 528 1308 1309
f 1339 1308 528
f 1309 1340 528
f 1342 1341 1309
f 1309 1341 1340
f 1342 1343 1341
f 1310 1343 1342
f 1310 1344 1343
f 1310 1345 1344
f 1346 1345 1310
f 534 1345 1346
f 536 534 1346
f 537 536 1311
f 1311 1347 537
f 537 1347 538
f 540 1614 1348
f 1347 1614 538
f 538 1614 540
f 1350 540 1348
f 541 540 1350
f 543 1350 1349
f 541 1350 543
f 545 543 1349
f 1349 1351 545
f 1351 1352 548
f 1354 1353 1352
f 1352 1353 548
f 1354 1617 1353
f 1353 1617 551
f 1617 1355 551
f 553 551 1355
f 553 1356 555
f 1355 1356 553
f 1357 555 1356
f 557 555 1357
f 559 1357 1312
f 557 1357 559
f 1358 559 1312
f 560 559 1358
f 560 1358 1313
f 1360 1359 1313
f 1313 1359 560
f 563 1359 1360
f 564 1360 1314
f 563 1360 564
f 566 564 1314
f 1314 1621 566
f 566 1621 568
f 1315 568 1621
f 570 568 1315
f 1361 570 1315
f 572 570 1361
f 574 572 1361
f 1361 1362 574
f 574 1362 576
f 1362 1363 576
f 576 1363 577
f 579 1363 1316
f 577 1363 579
f 582 1364 1316
f 1316 1364 579
f 1365 591 1376
f 1381 602 601
f 1391 620 1390
f 1366 620 1391
f 1367 623 1392
f 1396 629 1397
f 1371 1408 1407
f 1409 653 1410
f 1425 679 677
f 1317 1374 584
f 584 1374 586
f 1376 1375 1374
f 589 1375 1376
f 1374 1375 586
f 591 589 1376
f 593 591 1365
f 1365 1377 593
f 593 1377 595
f 1378 595 1377
f 596 595 1378
f 1378 598 596
f 1378 1379 598
f 598 1379 600
f 1379 1380 600
f 600 1380 601
f 1380 1381 601
f 604 602 1382
f 1382 602 1381
f 606 604 1576
f 1576 604 1382
f 1576 1383 606
f 1383 1384 606
f 606 1384 608
f 609 1384 1385
f 608 1384 609
f 609 1577 610
f 1385 1577 609
f 1578 610 1577
f 612 610 1578
f 1578 1579 612
f 1386 1387 1579
f 1579 1387 612
f 616 1386 1388
f 1387 1386 616
f 619 618 1388
f 1388 618 616
f 1388 1389 619
f 1389 1390 619
f 1391 1390 1389
f 623 622 1392
f 1392 622 1366
f 1366 622 620
f 623 1367 626
f 626 1393 627
f 1367 1393 626
f 1393 1394 627
f 1395 1394 1393
f 1395 1397 1394
f 1396 1397 1395
f 629 1396 1398
f 631 1399 1398
f 1398 1399 629
f 1398 1400 631
f 631 1400 633
f 1400 1401 633
f 633 1401 635
f 1401 1402 635
f 635 1402 636
f 637 1402 1368
f 636 1402 637
f 638 637 1368
f 1368 1587 638
f 640 1587 1403
f 638 1587 640
f 641 1403 1369
f 640 1403 641
f 643 641 1370
f 1370 641 1369
f 645 1370 1404
f 643 1370 645
f 645 1404 1405
f 1371 1406 1405
f 1405 1406 645
f 1371 1407 1406
f 650 1408 1591
f 1591 1408 1371
f 651 650 1409
f 1409 650 1591
f 1409 1410 651
f 1409 1411 653
f 1411 1412 653
f 653 1412 654
f 1413 1414 1412
f 1412 1414 654
f 656 1414 1413
f 1413 1415 656
f 1415 1416 656
f 1417 1416 1415
f 659 1417 1418
f 1416 1417 659
f 662 1418 1419
f 662 661 1418
f 1418 661 659
f 662 1419 665
f 665 1419 1420
f 1421 1420 1372
f 1421 665 1420
f 1373 1421 1372
f 667 1421 1373
f 670 667 1373
f 1373 1422 670
f 670 1422 671
f 1423 673 1422
f 1422 673 671
f 1423 1424 673
f 673 1424 675
f 1424 1425 675
f 675 1425 677
f 1437 679 1425
f 1444 704 701
f 1431 717 1450
f 1431 720 718
f 1432 724 1452
f 1466 754 753
f 1471 764 762
f 1472 770 768
f 1434 773 1473
f 1475 782 781
f 1477 787 785
f 1435 789 787
f 1435 791 789
f 681 1437 1436
f 679 1437 681
f 683 681 1426
f 1426 681 1436
f 683 1426 685
f 685 1426 1427
f 686 1427 1438
f 685 1427 686
f 688 686 1438
f 1439 688 1438
f 691 688 1439
f 692 1439 1440
f 691 1439 692
f 1428 692 1440
f 694 692 1428
f 694 1428 696
f 696 1428 1429
f 1441 696 1429
f 697 696 1441
f 698 697 1441
f 1441 1442 698
f 698 1442 699
f 699 1443 701
f 1442 1443 699
f 1444 701 1443
f 704 1444 1445
f 705 1445 1430
f 704 1445 705
f 708 1430 1446
f 705 1430 708
f 710 1446 1447
f 708 1446 710
f 1448 710 1447
f 712 710 1448
f 712 1448 713
f 1448 1449 713
f 713 1449 715
f 1450 717 1449
f 1449 717 715
f 1431 718 717
f 1431 1451 720
f 724 723 1452
f 1452 723 1451
f 1451 723 720
f 726 724 1432
f 726 1453 728
f 1432 1453 726
f 728 1454 730
f 1453 1454 728
f 1454 1560 730
f 730 1560 732
f 1560 1455 732
f 1455 734 732
f 1456 734 1455
f 1456 1457 734
f 734 1457 737
f 1457 1458 737
f 737 1458 739
f 741 739 1561
f 1561 739 1458
f 1561 1459 741
f 741 1459 742
f 1459 1460 742
f 1462 1461 1460
f 744 1461 1462
f 1460 1461 742
f 1462 1463 744
f 744 1463 745
f 1463 1464 745
f 745 1464 747
f 1464 1465 747
f 747 1465 749
f 1465 750 749
f 1467 750 1465
f 753 1467 1466
f 750 1467 753
f 754 1466 1433
f 1433 756 754
f 757 756 1433
f 1433 1468 757
f 757 1468 759
f 1469 759 1468
f 761 759 1469
f 1469 1470 761
f 762 761 1470
f 1471 762 1470
f 1471 1565 764
f 1472 766 1565
f 1565 766 764
f 766 1472 768
f 1472 1568 770
f 770 1568 772
f 772 1473 773
f 1568 1473 772
f 776 773 1434
f 1434 1474 776
f 776 1474 777
f 1475 778 1474
f 1474 778 777
f 1475 781 778
f 1475 1570 782
f 1476 783 1570
f 1570 783 782
f 785 1476 1477
f 783 1476 785
f 787 1477 1435
f 798 797 1479
f 1480 800 798
f 1482 1481 1504
f 1481 1482 800
f 1485 791 1435
f 1483 802 1504
f 804 802 1483
f 1484 804 1483
f 806 804 1484
f 1484 808 806
f 1485 793 791
f 808 1486 811
f 1486 1487 811
f 811 1487 813
f 1488 814 1487
f 815 814 1488
f 817 815 1488
f 1505 1489 817
f 1506 1489 1505
f 1491 1492 1490
f 1491 1494 1492
f 973 1494 1493
f 1493 1494 1491
f 1493 1543 973
f 1479 797 1478
f 1495 1543 1493
f 1495 1541 1543
f 1478 797 794
f 1502 1501 1513
f 1533 1501 1502
f 1480 798 1479
f 1481 800 1480
f 1504 802 1482
f 1486 808 1484
f 1487 814 813
f 1505 817 1488
f 1506 1490 1489
f 1491 1490 1506
f 1496 1541 1495
f 1496 1497 1541
f 1496 1507 1497
f 1498 1507 1496
f 1548 1537 1498
f 1498 1537 1507
f 1508 1537 1548
f 1508 1499 1537
f 1508 1509 1499
f 1510 1511 1508
f 1508 1511 1509
f 1510 1512 1511
f 1510 1500 1512
f 1513 1500 1510
f 1513 1501 1500
f 1502 1514 1533
f 1503 1514 1502
f 1503 1530 1514
f 1515 1530 1503
f 1515 1516 1530
f 1551 1516 1515
f 1551 1517 1516
f 1518 1517 1551
f 1518 1520 1517
f 1518 1519 1520
f 1521 1522 1519
f 1522 1522 1521
f 1522 1523 1522
f 1523 1524 1522
f 794 793 1478
f 1478 793 1485
f 1524 1525 1526
f 1522 1524 1526
f 1519 1522 1526
f 1519 1526 1527
f 1520 1519 1527
f 1520 1527 1528
f 1517 1520 1528
f 1524 822 1525
f 1524 821 822
f 1516 1528 1529
f 1516 1517 1528
f 1530 1516 1529
f 1530 1529 1531
f 1514 1530 1531
f 1514 1531 1532
f 1532 1533 1514
f 1533 1532 1534
f 1534 1501 1533
f 1501 1534 1535
f 1535 1500 1501
f 1535 1512 1500
f 1499 1509 1535
f 1511 1509 1511
f 1511 1511 1512
f 1511 1535 1509
f 1511 1512 1535
f 1499 1535 1536
f 1537 1499 1536
f 1537 1536 1538
f 1507 1537 1538
f 1507 1538 1539
f 1497 1539 1540
f 1539 1497 1507
f 1541 1497 1540
f 1543 1540 1542
f 1540 1543 1541
f 1542 973 1543
f 973 1542 1525
f 1525 1494 973
f 1525 822 1494
f 1534 1542 1540
f 1534 1536 1535
f 1534 1539 1538
f 1534 1540 1539
f 1534 1538 1536
f 1532 1531 1529
f 1532 1542 1534
f 1532 1525 1542
f 1532 1527 1526
f 1532 1528 1527
f 1532 1529 1528
f 1532 1526 1525
f 760 1485 1435
f 763 1485 760
f 765 1478 763
f 765 1479 1478
f 769 1479 767
f 769 1480 1479
f 769 1481 1480
f 775 1483 774
f 779 1486 1484
f 1545 1486 780
f 786 1505 1488
f 788 1505 786
f 792 1491 790
f 790 1491 1506
f 795 1491 792
f 796 1493 795
f 799 1495 796
f 799 1496 1495
f 801 1496 799
f 801 1498 1496
f 803 1498 1547
f 809 1508 807
f 809 1510 1508
f 810 1513 809
f 818 1551 1515
f 820 1518 819
f 1524 1519 821
f 1524 1521 1519
f 1524 1522 1521
f 1524 1523 1522
f 1485 763 1478
f 765 767 1479
f 771 1481 769
f 1504 1481 771
f 774 1504 771
f 1483 1504 774
f 1483 775 1484
f 1484 775 1544
f 1484 1544 779
f 779 780 1486
f 1487 1545 1546
f 1486 1545 1487
f 1487 1546 1488
f 1488 1546 784
f 786 1488 784
f 1505 788 1506
f 788 790 1506
f 1491 795 1493
f 1493 796 1495
f 801 1547 1498
f 805 1548 803
f 1508 1548 805
f 803 1548 1498
f 805 807 1508
f 1513 1510 809
f 812 1513 810
f 1502 1513 812
f 812 1549 1502
f 1503 1549 1550
f 1502 1549 1503
f 1503 1550 1515
f 1515 1550 816
f 816 818 1515
f 819 1551 818
f 1518 1551 819
f 1519 820 821
f 1518 820 1519
f 652 1437 1425
f 660 1439 658
f 689 1449 687
f 689 1431 1450
f 693 1431 690
f 695 1432 1452
f 740 1565 738
f 1569 1434 1473
f 760 1435 758
f 652 1552 1437
f 1437 1552 1436
f 1436 1552 1553
f 1436 1553 1426
f 1426 1553 655
f 1554 1426 655
f 1427 1426 1554
f 1438 1554 1555
f 1427 1554 1438
f 1438 1555 657
f 1438 658 1439
f 657 658 1438
f 1439 660 1440
f 1440 663 1428
f 660 663 1440
f 664 1428 663
f 1429 1428 664
f 666 1429 664
f 1441 1429 666
f 668 1441 666
f 668 1442 1441
f 669 1442 668
f 669 1443 1442
f 672 1443 669
f 672 674 1443
f 1443 674 1444
f 676 1444 674
f 1445 1444 676
f 1445 678 1430
f 676 678 1445
f 1430 680 1446
f 678 680 1430
f 680 682 1446
f 1446 682 1447
f 1447 684 1448
f 682 684 1447
f 684 1556 1448
f 1448 687 1449
f 1556 687 1448
f 1449 689 1450
f 689 690 1431
f 1431 693 1451
f 1451 695 1452
f 693 695 1451
f 1432 1557 1558
f 695 1557 1432
f 1453 1558 1559
f 1432 1558 1453
f 1454 1559 700
f 1453 1559 1454
f 700 1560 1454
f 700 702 1560
f 1560 702 1455
f 702 703 1455
f 1455 703 1456
f 1456 706 1457
f 703 706 1456
f 706 707 1457
f 1457 707 1458
f 709 1561 707
f 707 1561 1458
f 1561 711 1459
f 709 711 1561
f 1460 1562 1563
f 711 1562 1459
f 1459 1562 1460
f 1460 1563 1462
f 1462 1563 714
f 714 716 1462
f 1462 716 1463
f 1463 719 1464
f 716 719 1463
f 719 721 1464
f 1464 721 1465
f 721 722 1465
f 1465 722 1467
f 722 725 1467
f 1467 725 1466
f 725 727 1466
f 1466 727 1433
f 727 1564 1433
f 1433 1564 729
f 1468 729 731
f 1433 729 1468
f 733 1469 731
f 731 1469 1468
f 733 735 1469
f 1469 735 1470
f 1470 736 1471
f 735 736 1470
f 738 1565 736
f 736 1565 1471
f 1565 740 1472
f 1472 1566 1567
f 740 1566 1472
f 1568 1567 743
f 1567 1568 1472
f 1473 743 1569
f 1568 743 1473
f 1434 1569 746
f 746 1474 1434
f 746 748 1474
f 1474 748 1475
f 748 751 1475
f 752 1570 751
f 751 1570 1475
f 752 1571 1570
f 1476 1571 755
f 1570 1571 1476
f 1572 1476 755
f 1477 1476 1572
f 1477 1572 1435
f 1435 1572 758
f 556 1317 554
f 1573 1376 558
f 1574 1365 1376
f 583 1385 581
f 1580 1391 599
f 1580 1366 1391
f 1581 1366 1580
f 1582 1367 1392
f 615 1368 614
f 625 1371 624
f 1594 1413 634
f 556 1374 1317
f 1374 558 1376
f 556 558 1374
f 1376 1573 1574
f 1365 1574 561
f 561 562 1365
f 1365 562 1377
f 1377 1575 1378
f 562 1575 1377
f 1378 1575 565
f 565 567 1378
f 1378 567 1379
f 567 569 1379
f 1379 569 1380
f 1380 571 1381
f 569 571 1380
f 1381 573 1382
f 571 573 1381
f 575 1576 573
f 573 1576 1382
f 575 578 1576
f 1576 578 1383
f 578 580 1383
f 1383 580 1384
f 580 581 1384
f 1384 581 1385
f 583 1577 1385
f 1578 585 587
f 585 1578 583
f 583 1578 1577
f 588 1579 587
f 587 1579 1578
f 588 590 1579
f 1579 590 1386
f 1386 592 1388
f 590 592 1386
f 592 594 1388
f 594 597 1388
f 1388 597 1389
f 597 599 1389
f 1389 599 1391
f 1392 1581 1582
f 1366 1581 1392
f 1367 1582 1583
f 1393 1583 603
f 1367 1583 1393
f 603 1395 1393
f 605 1395 603
f 605 607 1395
f 1395 607 1396
f 1584 1396 607
f 1398 1396 1584
f 1398 1584 1585
f 1398 1585 1400
f 1400 1585 1586
f 1400 1586 1401
f 1401 1586 611
f 1401 613 1402
f 611 613 1401
f 1402 614 1368
f 613 614 1402
f 1368 615 617
f 1403 1587 1588
f 1588 1587 617
f 617 1587 1368
f 1403 1588 1369
f 1369 1588 1589
f 1369 1589 1370
f 1589 621 1370
f 1370 621 1404
f 621 1590 1404
f 1404 1590 1405
f 1405 1590 624
f 1405 624 1371
f 1371 625 628
f 1592 1591 628
f 628 1591 1371
f 1409 1592 1593
f 1591 1592 1409
f 1409 1593 630
f 1409 630 1411
f 630 632 1411
f 1411 632 1412
f 1412 634 1413
f 632 634 1412
f 1413 1594 1415
f 1415 1594 1595
f 1415 1595 1417
f 1417 1595 1596
f 1418 1596 1597
f 1417 1596 1418
f 1419 1597 639
f 1418 1597 1419
f 642 1419 639
f 1420 1419 642
f 644 1420 642
f 1372 1420 644
f 1372 644 1373
f 644 646 1373
f 646 647 1373
f 1373 647 1422
f 647 648 1422
f 1422 648 1423
f 648 649 1423
f 1423 649 1424
f 1425 1598 652
f 649 1598 1424
f 1424 1598 1425
f 465 1300 1249
f 1599 1300 465
f 491 1329 489
f 514 1311 1346
f 530 1355 529
f 547 1361 546
f 550 1363 549
f 554 1316 552
f 554 1317 1316
f 1318 1599 1600
f 1300 1599 1318
f 1319 1600 1601
f 1318 1600 1319
f 1319 1601 1602
f 1321 1602 1603
f 1319 1602 1321
f 1321 1603 1322
f 1322 1603 471
f 471 1604 1322
f 471 1605 1604
f 1604 1605 1323
f 1323 1605 1606
f 1301 1606 472
f 1323 1606 1301
f 1301 472 1302
f 1302 472 474
f 1303 1302 474
f 474 1607 1303
f 1304 1607 477
f 1303 1607 1304
f 479 1304 477
f 1608 1304 479
f 1608 480 1325
f 479 480 1608
f 480 483 1325
f 1325 483 1326
f 483 484 1326
f 1326 484 1305
f 484 487 1305
f 1305 487 1306
f 487 1609 1306
f 1609 489 1306
f 1306 489 1329
f 1329 493 1332
f 491 493 1329
f 1332 495 1334
f 493 495 1332
f 495 497 1334
f 1334 497 1335
f 1335 499 1337
f 497 499 1335
f 499 501 1337
f 1337 501 1307
f 501 503 1307
f 1307 503 1338
f 503 1610 1338
f 1338 1610 1308
f 1308 1610 505
f 1309 1308 505
f 505 506 1309
f 506 1611 1309
f 1342 1611 1612
f 1309 1611 1342
f 1310 1612 511
f 1342 1612 1310
f 511 513 1310
f 1310 513 1346
f 513 514 1346
f 514 1613 1311
f 1311 1613 515
f 1347 515 516
f 1311 515 1347
f 516 1614 1347
f 517 1614 516
f 1348 1614 517
f 1350 1348 518
f 518 1348 517
f 518 1615 1350
f 1349 1615 520
f 1350 1615 1349
f 520 523 1349
f 1349 523 1351
f 525 1352 523
f 523 1352 1351
f 1354 1616 527
f 525 1616 1352
f 1352 1616 1354
f 527 1617 1354
f 527 529 1617
f 1617 529 1355
f 1355 530 1356
f 530 531 1356
f 1356 531 1357
f 531 532 1357
f 1357 532 1312
f 532 1618 1312
f 1358 1618 533
f 1312 1618 1358
f 1313 533 535
f 1358 533 1313
f 535 1619 1313
f 1313 1619 1360
f 1360 1619 1314
f 1314 1619 1620
f 1314 1620 539
f 1622 1621 539
f 539 1621 1314
f 1315 1622 542
f 1621 1622 1315
f 544 1315 542
f 1361 1315 544
f 544 546 1361
f 1361 547 1362
f 547 549 1362
f 1362 549 1363
f 1363 550 1316
f 550 552 1316
f 377 1237 374
f 1624 1253 382
f 388 1239 386
f 1626 1240 1256
f 397 1259 1629
f 1631 1630 397
f 410 1241 409
f 422 1271 420
f 448 1246 447
f 1649 1247 1292
f 465 1249 464
f 372 1623 1236
f 1236 1623 1250
f 1250 1623 374
f 1250 374 1237
f 1237 377 1251
f 377 378 1251
f 378 380 1251
f 1251 380 1252
f 1252 382 1253
f 380 382 1252
f 1253 1624 1254
f 1254 1624 384
f 386 1625 384
f 1238 1625 386
f 384 1625 1254
f 1239 1238 386
f 1256 1239 388
f 391 1256 388
f 1626 1256 391
f 1240 1626 1627
f 1258 1627 1628
f 1240 1627 1258
f 1258 1628 395
f 395 1629 1258
f 1258 1629 1259
f 397 1630 1259
f 1630 1631 1260
f 1260 1631 1632
f 1261 1632 1633
f 1260 1632 1261
f 1262 1633 1634
f 1261 1633 1262
f 1262 1634 403
f 1263 403 405
f 1262 403 1263
f 405 407 1263
f 1263 407 1241
f 407 409 1241
f 1241 410 1264
f 1264 410 1635
f 1265 1635 1636
f 1264 1635 1265
f 1265 1636 1637
f 1269 1637 416
f 1265 1637 1269
f 418 1242 416
f 416 1242 1269
f 418 1638 1242
f 418 420 1638
f 1638 420 1271
f 1271 422 1272
f 1272 424 1273
f 422 424 1272
f 1639 1273 424
f 1274 1273 1639
f 1274 1639 1243
f 1243 1639 428
f 428 430 1243
f 1243 430 1276
f 432 1640 430
f 430 1640 1276
f 1244 1640 432
f 432 434 1244
f 1244 436 1278
f 434 436 1244
f 436 1641 1278
f 1278 1641 1279
f 1641 438 1279
f 1279 438 1281
f 438 439 1281
f 1281 439 1282
f 1245 1642 1643
f 1282 1642 1245
f 439 1642 1282
f 1284 1643 1644
f 1245 1643 1284
f 1284 1644 441
f 1645 1287 441
f 1286 1287 1645
f 441 1287 1284
f 1286 1645 1288
f 1288 1645 1646
f 1288 1646 1246
f 1246 1646 445
f 445 447 1246
f 448 1289 1246
f 1647 1289 448
f 1289 1647 1290
f 1290 1647 450
f 1648 1290 450
f 1292 1290 1648
f 1292 1648 1649
f 1247 1649 454
f 1247 454 1296
f 454 456 1296
f 1296 458 1297
f 456 458 1296
f 459 1297 458
f 1298 1297 459
f 459 461 1298
f 1298 461 1248
f 461 463 1248
f 463 1650 1248
f 464 1650 463
f 1249 1650 464
f 1653 1181 1188
f 292 1190 290
f 297 1658 296
f 298 1194 297
f 1659 1197 301
f 1662 1661 307
f 316 1206 314
f 317 1182 1207
f 320 1182 318
f 353 1674 1225
f 1186 1651 286
f 1180 1651 1186
f 1652 1186 286
f 1188 1186 1652
f 1188 1652 1653
f 1181 1653 1654
f 1189 1654 290
f 1181 1654 1189
f 1189 290 1190
f 292 1655 1190
f 1192 1656 1657
f 292 1656 1655
f 1655 1656 1192
f 1192 1657 296
f 296 1658 1192
f 1658 297 1194
f 1196 1194 298
f 298 300 1196
f 1196 301 1197
f 300 301 1196
f 1199 1659 304
f 1197 1659 1199
f 1660 1199 304
f 1201 1199 1660
f 1201 1660 307
f 307 1661 1201
f 1661 1662 1202
f 1202 1662 309
f 1203 309 312
f 1202 309 1203
f 312 1663 1203
f 1206 1663 314
f 1203 1663 1206
f 316 1664 1206
f 316 317 1664
f 1664 317 1207
f 317 318 1182
f 1666 1665 320
f 320 1665 1182
f 1208 1666 1667
f 1665 1666 1208
f 1209 1667 1668
f 1208 1667 1209
f 1210 1668 1669
f 1209 1668 1210
f 1210 1669 324
f 1210 324 1211
f 1211 326 1212
f 324 326 1211
f 328 1212 326
f 1183 1670 1671
f 1212 1670 1183
f 328 1670 1212
f 1184 1671 331
f 1183 1671 1184
f 331 332 1184
f 1184 332 1213
f 332 1672 1213
f 1214 1672 1673
f 1213 1672 1214
f 1214 1673 334
f 334 336 1214
f 1214 336 1216
f 336 338 1216
f 1216 338 1217
f 338 340 1217
f 340 342 1217
f 1217 342 1219
f 342 345 1219
f 1219 345 1220
f 345 346 1220
f 1220 346 1222
f 346 348 1222
f 1222 350 1224
f 348 350 1222
f 1224 351 1225
f 350 351 1224
f 351 353 1225
f 355 1674 353
f 355 357 1674
f 1674 357 1226
f 1226 1675 1227
f 1227 1675 1676
f 357 1675 1226
f 1228 1676 360
f 1227 1676 1228
f 360 361 1228
f 1228 361 1229
f 1229 363 1230
f 361 363 1229
f 1230 365 1231
f 363 365 1230
f 365 366 1231
f 1231 366 1232
f 366 368 1232
f 1232 368 1233
f 368 370 1233
f 1233 370 1185
f 1677 1185 370
f 1235 1185 1677
f 1236 1677 372
f 1235 1677 1236
f 201 1115 1114
f 207 1116 205
f 211 1118 1117
f 232 1121 1143
f 1689 1122 1145
f 243 1150 241
f 250 1153 248
f 261 1160 258
f 1697 1126 1163
f 272 1169 1168
f 1700 1169 272
f 1651 1180 283
f 1115 201 203
f 1679 1678 203
f 203 1678 1115
f 1678 1679 1127
f 1127 1679 205
f 1116 1127 205
f 1131 1116 207
f 1131 209 1117
f 207 209 1131
f 209 211 1117
f 211 213 1118
f 1118 213 1132
f 215 1132 213
f 1134 1132 215
f 216 1134 215
f 1135 1134 216
f 216 218 1135
f 219 1680 218
f 218 1680 1135
f 1681 1680 219
f 1682 1681 219
f 1136 1682 1683
f 1681 1682 1136
f 1137 1683 223
f 1136 1683 1137
f 1139 1137 223
f 1139 225 1119
f 223 225 1139
f 1119 227 1120
f 225 227 1119
f 227 1684 1120
f 1120 1684 1685
f 1141 1685 228
f 1120 1685 1141
f 229 1686 228
f 228 1686 1141
f 230 1687 229
f 229 1687 1686
f 230 232 1687
f 1687 232 1143
f 232 235 1121
f 235 1688 1121
f 1145 1688 1689
f 1121 1688 1145
f 1122 1689 238
f 238 1146 1122
f 1147 1146 238
f 238 239 1147
f 239 241 1147
f 1147 241 1150
f 1151 1150 243
f 243 1690 1151
f 1151 1690 1152
f 1152 1690 1691
f 1152 1691 1123
f 1123 1691 246
f 1123 246 248
f 1123 248 1153
f 1153 250 1154
f 250 252 1154
f 1154 252 1124
f 252 254 1124
f 254 1692 1124
f 1693 1692 254
f 1157 1693 256
f 1692 1693 1157
f 256 1159 1157
f 256 258 1159
f 1159 258 1160
f 1125 1694 1695
f 261 1694 1160
f 1160 1694 1125
f 1162 1695 1696
f 1125 1695 1162
f 1163 1696 1697
f 1162 1696 1163
f 1126 1697 1698
f 1126 1698 1165
f 1165 1698 266
f 1166 1165 266
f 266 268 1166
f 268 270 1166
f 1166 270 1168
f 270 1699 1168
f 1168 1699 272
f 1170 1700 1701
f 1169 1700 1170
f 1170 1701 1171
f 1171 1701 1702
f 1171 1702 1172
f 1172 1702 275
f 276 1703 275
f 275 1703 1172
f 1703 278 1174
f 276 278 1703
f 278 279 1174
f 1174 279 1176
f 279 281 1176
f 1176 281 1178
f 1179 1704 283
f 281 1704 1178
f 1178 1704 1179
f 1179 283 1180
f 106 1062 1061
f 1706 1064 109
f 133 1079 131
f 142 1084 141
f 148 1087 146
f 154 1089 153
f 1719 1096 170
f 179 1101 1722
f 180 1104 1103
f 189 1724 1107
f 191 1724 189
f 195 1111 193
f 201 1114 200
f 102 1060 1055
f 103 1060 102
f 103 105 1060
f 1060 105 1061
f 105 1705 1061
f 1061 1705 106
f 1062 106 109
f 1062 109 1064
f 1064 1706 1707
f 1065 1707 113
f 1064 1707 1065
f 1065 113 1067
f 113 115 1067
f 1067 115 1069
f 115 1708 1069
f 1069 1708 1070
f 1070 1708 117
f 1070 117 1709
f 1072 1709 1710
f 1070 1709 1072
f 1072 1710 1073
f 1073 1710 121
f 1073 121 1074
f 121 123 1074
f 1074 123 1075
f 123 125 1075
f 1075 125 1076
f 127 1711 125
f 125 1711 1076
f 129 1712 127
f 127 1712 1711
f 1712 131 1079
f 129 131 1712
f 133 134 1079
f 1079 134 1080
f 134 135 1080
f 1080 135 1082
f 135 137 1082
f 1082 139 1083
f 137 139 1082
f 139 140 1083
f 1083 140 1084
f 140 141 1084
f 1084 142 1085
f 1085 144 1056
f 142 144 1085
f 144 146 1056
f 1056 146 1087
f 1088 1087 148
f 148 150 1088
f 150 151 1088
f 1088 151 1057
f 1057 153 1089
f 151 153 1057
f 1089 154 1090
f 1091 1713 1714
f 1090 1713 1091
f 154 1713 1090
f 1091 1714 157
f 1091 157 1093
f 1093 157 159
f 160 1715 159
f 159 1715 1093
f 1715 161 1094
f 160 161 1715
f 1095 1716 164
f 161 1716 1094
f 1094 1716 1095
f 166 1717 164
f 164 1717 1095
f 166 168 1717
f 1717 168 1058
f 1058 1718 170
f 168 1718 1058
f 1058 170 1096
f 1059 1719 1720
f 1096 1719 1059
f 1098 1720 174
f 1059 1720 1098
f 1721 1098 174
f 1099 1098 1721
f 1099 1721 1100
f 1100 1721 1722
f 1100 1722 1101
f 1103 1101 179
f 180 1103 179
f 180 182 1104
f 1104 184 1105
f 182 184 1104
f 184 186 1105
f 1105 186 1106
f 186 1723 1106
f 1106 1723 1107
f 1107 1723 189
f 1724 191 1110
f 193 1725 191
f 191 1725 1110
f 1111 1725 193
f 1113 1726 197
f 197 1726 195
f 195 1726 1111
f 1113 200 1114
f 197 200 1113
