# Render LOD; unchanged CAD body-local coordinates in mm
v 159.9369013 291.5102293 120.0000229
v 161.0733157 286.2893621 120.0000229
v 161.0807045 291.9326297 120.0000229
v 160.9198046 286.2707354 120.0000229
v 158.8127603 291.0390122 120.0000229
v 161.2126970 286.2790919 120.0000229
v 160.7597103 286.2146356 120.0000229
v 162.2414580 292.3048573 120.0000229
v 161.3779260 286.2325231 120.0000229
v 161.4719164 286.1831030 120.0000229
v 162.8292074 292.4277810 120.0000850
v 163.1133792 292.4479175 120.0000229
v 157.7096377 290.5196564 120.0000229
v 163.8202782 292.4493961 120.0000294
v 160.6100625 286.1178553 120.0000229
v 161.5519491 286.1295358 120.0000229
v 164.5290645 292.3929987 120.0000229
v 165.3490651 292.2655970 120.0000464
v 161.6190447 286.0685193 120.0000229
v 166.2439525 292.0372986 120.0000471
v 167.1156451 291.7228410 120.0000478
v 167.9537253 291.3231515 120.0000494
v 168.7492194 290.8440227 120.0000516
v 169.4883069 290.2958887 120.0000484
v 170.1738891 289.6752486 120.0000339
v 160.5062869 286.0130743 120.0000229
v 156.6302454 289.9528399 120.0000229
v 160.3989981 285.8410054 120.0000229
v 155.5759395 289.3399186 120.0000229
v 160.3552336 285.6962917 120.0000229
v 160.3389614 285.5105169 120.0000229
v 157.9347371 283.1056146 120.0000229
v 160.3389614 285.5478074 120.0000229
v 157.8974465 283.1062926 120.0000229
v 157.8601560 283.1049366 120.0000229
v 160.3403174 285.5850980 120.0000229
v 160.3416734 285.4732263 120.0000229
v 157.9720277 283.1035806 120.0000229
v 157.8228654 283.1015466 120.0000229
v 160.3437074 285.6223886 120.0000229
v 160.3457415 285.4359358 120.0000229
v 158.0093182 283.0995125 120.0000229
v 157.7855749 283.0968005 120.0000229
v 160.3484535 285.6596791 120.0000229
v 160.3518435 285.3986452 120.0000229
v 158.0459308 283.0934104 120.0000229
v 157.6442435 283.0632206 120.0000229
v 160.3694718 285.3260981 120.0000229
v 158.0825433 283.0852743 120.0000229
v 160.3599797 285.3627106 120.0000229
v 158.1191559 283.0757822 120.0000229
v 154.2497515 288.4849477 120.0000229
v 158.1544124 283.0642560 120.0000229
v 160.3938802 285.2555850 120.0000229
v 160.3809980 285.2908416 120.0000229
v 158.1896689 283.0513738 120.0000229
v 160.4087964 285.2216845 120.0000229
v 158.2235695 283.0364576 120.0000229
v 158.2574700 283.0195073 120.0000229
v 160.4257467 285.1877840 120.0000229
v 158.2900145 283.0012010 120.0000229
v 160.4440529 285.1552395 120.0000229
v 157.4379988 282.9451431 120.0000229
v 158.3212029 282.9815387 120.0000229
v 160.4637152 285.1233730 120.0000229
v 160.5084639 285.0637081 120.0000229
v 158.3523914 282.9598424 120.0000229
v 160.4854116 285.0928626 120.0000229
v 152.9669562 287.5648879 120.0000229
v 158.3815458 282.9367901 120.0000229
v 160.5586367 285.0081113 120.0000229
v 158.4100223 282.9123817 120.0000229
v 160.5328723 285.0352317 120.0000229
v 158.4371427 282.8866173 120.0000229
v 157.3214021 282.8268099 120.0000229
v 157.2176990 282.6606219 120.0000229
v 151.7309436 286.5831290 120.0000229
v 172.7717301 284.8261558 120.0000400
v 172.9064368 283.9295827 120.0000344
v 172.9551212 283.0657481 120.0000383
v 166.6272539 281.0557395 120.0000229
v 172.9479175 282.6147352 120.0000229
v 166.6831030 280.9719164 120.0000229
v 172.8773874 282.0191179 120.0000310
v 172.8048573 281.7428141 120.0000229
v 172.4326297 280.5820606 120.0000229
v 166.7369296 280.8671654 120.0000229
v 166.7803208 280.7052541 120.0000229
v 157.1570594 282.3659055 120.0000229
v 154.7155446 279.9243906 120.0000229
v 157.1584154 282.4031960 120.0000229
v 154.7528351 279.9237126 120.0000229
v 157.1570594 282.3286149 120.0000229
v 154.6782540 279.9230346 120.0000229
v 157.1597714 282.2913243 120.0000229
v 154.7901257 279.9216786 120.0000229
v 154.6409634 279.9196446 120.0000229
v 157.1611274 282.4404866 120.0000229
v 154.8274162 279.9176105 120.0000229
v 157.1638395 282.2540338 120.0000229
v 154.6036729 279.9148985 120.0000229
v 157.1665515 282.4777771 120.0000229
v 157.1699416 282.2167432 120.0000229
v 154.8640288 279.9115084 120.0000229
v 154.5670603 279.9074404 120.0000229
v 157.1733316 282.5143897 120.0000229
v 157.1773997 282.1801307 120.0000229
v 154.9006414 279.9033723 120.0000229
v 154.5304478 279.8986263 120.0000229
v 150.5451037 285.5423834 120.0000229
v 154.9365759 279.8938802 120.0000229
v 157.1875698 282.1441961 120.0000229
v 154.4519425 279.8746567 120.0000229
v 157.1990960 282.1089396 120.0000229
v 154.9725104 279.8823540 120.0000229
v 157.2119782 282.0736831 120.0000229
v 155.0077670 279.8694718 120.0000229
v 157.2268944 282.0397825 120.0000229
v 155.0416675 279.8538776 120.0000229
v 157.2621510 281.9733375 120.0000229
v 155.0748900 279.8376053 120.0000229
v 157.2438447 282.0058820 120.0000229
v 154.3193058 279.8071689 120.0000229
v 155.1081125 279.8192991 120.0000229
v 155.1393010 279.7996368 120.0000229
v 157.2818133 281.9414711 120.0000229
v 149.4114706 284.4440068 120.0000229
v 157.3265619 281.8818062 120.0000229
v 155.1698114 279.7779404 120.0000229
v 157.3035096 281.9109606 120.0000229
v 155.1996439 279.7548881 120.0000229
v 154.1645156 279.6776968 120.0000229
v 157.3767347 281.8262093 120.0000229
v 155.2281203 279.7304797 120.0000229
v 157.3502923 281.8533297 120.0000229
v 155.2552407 279.7047153 120.0000229
v 148.3334343 283.2913894 120.0000229
v 154.0348200 279.4763469 120.0000229
v 172.0102293 279.4382573 120.0000229
v 166.7874494 280.5164670 120.0000229
v 147.3130289 282.0872433 120.0000229
v 153.9816084 279.2841159 120.0000229
v 153.9741503 279.1418390 120.0000229
v 146.3529665 280.8342804 120.0000229
v 154.0018251 278.9677925 120.0000229
v 145.4559589 279.5358908 120.0000229
v 154.0555584 278.8347233 120.0000229
v 171.5390122 278.3134384 120.0000229
v 144.6240404 278.1947866 120.0000229
v 154.1365212 278.7061895 120.0000229
v 163.3866173 277.9371427 120.0000229
v 165.5081113 280.0586367 120.0000229
v 163.4123817 277.9100223 120.0000229
v 165.5637081 280.0084639 120.0000229
v 165.5352317 280.0328723 120.0000229
v 163.4367901 277.8815458 120.0000229
v 165.6233730 279.9637152 120.0000229
v 163.4598424 277.8517134 120.0000229
v 165.5928626 279.9854116 120.0000229
v 163.4815387 277.8212029 120.0000229
v 163.5012010 277.7900145 120.0000229
v 165.6877840 279.9257467 120.0000229
v 165.6552395 279.9440529 120.0000229
v 163.5195073 277.7574700 120.0000229
v 163.5364576 277.7235695 120.0000229
v 165.7555850 279.8938802 120.0000229
v 165.7216845 279.9087964 120.0000229
v 163.5513738 277.6896689 120.0000229
v 165.8260981 279.8694718 120.0000229
v 163.5642560 277.6544124 120.0000229
v 165.7908416 279.8809980 120.0000229
v 165.8627106 279.8593017 120.0000229
v 163.5757822 277.6184779 120.0000229
v 163.5852743 277.5825433 120.0000229
v 163.5934104 277.5459308 120.0000229
v 165.9359358 279.8457415 120.0000229
v 165.8993232 279.8518435 120.0000229
v 163.5995125 277.5093182 120.0000229
v 165.9732263 279.8416734 120.0000229
v 163.6035806 277.4720277 120.0000229
v 166.0105169 279.8389614 120.0000229
v 163.6056146 277.4347371 120.0000229
v 163.6062926 277.3974465 120.0000229
v 166.0478074 279.8389614 120.0000229
v 163.6049366 277.3601560 120.0000229
v 166.0850980 279.8403174 120.0000229
v 163.6015466 277.3228654 120.0000229
v 166.1596791 279.8484535 120.0000229
v 166.1223886 279.8437074 120.0000229
v 163.5968005 277.2855749 120.0000229
v 163.5900204 277.2489623 120.0000229
v 166.2411719 279.8653962 120.0000229
v 171.0196564 277.2103157 120.0000229
v 166.7258757 280.2795296 120.0000229
v 166.6151362 280.1070212 120.0000229
v 170.4528399 276.1302454 120.0000229
v 166.5130743 280.0062869 120.0000229
v 166.3835689 279.9213946 120.0000229
v 143.1059755 275.6074995 120.0000229
v 169.8399186 275.0759395 120.0000229
v 160.2047153 274.7552407 120.0000229
v 162.3262093 276.8760567 120.0000229
v 162.3818062 276.8258839 120.0000229
v 160.2304797 274.7281203 120.0000229
v 162.3533297 276.8502923 120.0000229
v 160.2548881 274.6996439 120.0000229
v 160.2779404 274.6698114 120.0000229
v 162.4109606 276.8035096 120.0000229
v 162.4414711 276.7818133 120.0000229
v 160.2996368 274.6393010 120.0000229
v 162.5058820 276.7438447 120.0000229
v 160.3192991 274.6074345 120.0000229
v 162.4733375 276.7621510 120.0000229
v 160.3376053 274.5748900 120.0000229
v 162.5397825 276.7268944 120.0000229
v 160.3545556 274.5416675 120.0000229
v 160.3694718 274.5070890 120.0000229
v 162.6089396 276.6990960 120.0000229
v 162.5736831 276.7119782 120.0000229
v 160.3823540 274.4725104 120.0000229
v 162.6441961 276.6875698 120.0000229
v 160.3938802 274.4365759 120.0000229
v 162.6808087 276.6773997 120.0000229
v 160.4033723 274.4006414 120.0000229
v 162.7167432 276.6699416 120.0000229
v 160.4115084 274.3640288 120.0000229
v 162.7540338 276.6638395 120.0000229
v 160.4176105 274.3274162 120.0000229
v 162.7913243 276.6597714 120.0000229
v 160.4216786 274.2901257 120.0000229
v 162.8286149 276.6570594 120.0000229
v 160.4237126 274.2528351 120.0000229
v 162.8659055 276.6570594 120.0000229
v 160.4243906 274.2155446 120.0000229
v 162.9031960 276.6584154 120.0000229
v 160.4230346 274.1782540 120.0000229
v 162.9777771 276.6665515 120.0000229
v 160.4196446 274.1409634 120.0000229
v 162.9404866 276.6611274 120.0000229
v 160.4148985 274.1036729 120.0000229
v 163.0503242 276.6821458 120.0000229
v 160.4074404 274.0670603 120.0000229
v 163.0143897 276.6733316 120.0000229
v 168.9849477 273.7497515 120.0000229
v 163.5515896 277.1177057 120.0000229
v 168.0648879 272.4669562 120.0000229
v 163.4218632 276.9081152 120.0000229
v 167.0838071 271.2309436 120.0000229
v 163.2707925 276.7798319 120.0000229
v 163.1357516 276.7096652 120.0000229
v 166.0423834 270.0451037 120.0000229
v 160.3632257 273.9175117 120.0000229
v 164.9440068 268.9114706 120.0000229
v 160.2128870 273.6975507 120.0000229
v 163.7913894 267.8334343 120.0000229
v 160.0191568 273.5558758 120.0000229
v 162.5872433 266.8130289 120.0000229
v 159.8473380 273.4937823 120.0000229
v 161.3342804 265.8529665 120.0000229
v 159.5281373 273.4886198 120.0000229
v 159.6832281 273.4726216 120.0000229
v 160.0358908 264.9559589 120.0000229
v 159.3900009 273.5288058 120.0000229
v 158.6947866 264.1240404 120.0000229
v 159.2259195 273.6211595 120.0000229
v 159.1443073 273.6941547 120.0000229
v 156.1074995 262.6052975 120.0000229
v 141.0041438 272.1510034 120.0000229
v 152.6510034 260.5041438 120.0000229
v 138.7958645 268.7609523 120.0000229
v 149.2616303 258.2958645 120.0000229
v 136.4838496 265.4420923 120.0000229
v 145.9420923 255.9838496 120.0000229
v 136.4391010 265.9926366 120.3576608
v 146.4926366 255.9384230 120.3576608
v 136.3929963 266.5438589 120.7147677
v 147.0438589 255.8929963 120.7147677
v 136.3462136 267.0950812 121.0714763
v 147.5950812 255.8462136 121.0714763
v 137.6674447 278.1963970 125.9998813
v 137.3347525 277.6388182 125.9999496
v 137.0297454 276.4350650 125.6378905
v 136.7245433 274.9267773 125.1002792
v 136.3224832 271.7496214 123.7161913
v 136.2641743 270.7034516 123.1851774
v 136.4194387 272.8046053 124.2140169
v 136.5536847 273.8656913 124.6762646
v 136.2418000 269.5576143 122.5608377
v 136.2682424 268.3093975 121.8313573
v 139.4494664 281.2315944 125.9999496
v 153.9961757 291.9272056 123.0313161
v 150.8746166 293.4452705 125.9999496
v 152.4489564 294.4609298 125.9999496
v 151.7621320 289.1616019 121.9999542
v 150.5573079 290.7576380 124.0000183
v 147.8852696 291.1888525 125.9999496
v 149.3524837 292.3536741 125.9999496
v 149.1890832 287.0123095 121.9999542
v 147.8330628 288.4829137 124.0000183
v 145.1318701 288.6497042 125.9999496
v 146.4770423 289.9528399 125.9999496
v 146.8397778 284.6216455 121.9999542
v 145.3454433 285.9512235 124.0000183
v 142.6408605 285.8522340 125.9999496
v 143.8517867 287.2814796 125.9999496
v 144.7359121 282.0113061 121.9999542
v 143.1188577 283.1876538 124.0000183
v 140.4373273 282.8235624 125.9999496
v 141.5018033 284.3646796 125.9999496
v 152.8633387 294.4221784 125.7347378
v 152.6690325 294.6061190 125.9994131
v 152.8848401 293.9204628 125.3110828
v 154.6070979 292.7400624 123.3330789
v 153.3967383 293.2813992 124.4952830
v 153.0624916 293.5815001 124.9295243
v 154.3591541 293.0312780 123.7107700
v 154.3031942 292.2678648 123.1501821
v 153.8809745 293.0600054 124.0354440
v 154.6486718 292.6273456 123.2489621
v 154.8966017 292.9848384 123.3558519
v 155.2666406 292.7204359 123.0773473
v 155.1928385 292.9687950 123.2701132
v 155.2407110 292.8095334 123.1571131
v 155.8805123 293.1097758 123.1278156
v 156.1456051 293.3849124 123.2208472
v 155.1341863 293.3271697 123.4266293
v 155.8935417 293.5437260 123.3645786
v 156.0275584 293.4479182 123.2892382
v 156.6436861 293.5301326 123.1564494
v 155.4255392 293.8854108 123.4958058
v 155.3365210 293.4925199 123.4392427
v 156.6553881 293.3846697 123.0367091
v 155.6964454 293.9938821 123.4933334
v 155.4703897 294.0950282 123.5002839
v 155.8064643 294.2222669 123.4999351
v 156.6105145 294.0335334 123.4127280
v 156.9670622 293.9551345 123.3165205
v 156.3785765 294.1116718 123.4613263
v 156.7691958 293.9929069 123.3721797
v 157.2512050 293.9266248 123.2315412
v 156.1238621 294.2259182 123.4959314
v 155.9779996 294.3070215 123.4999359
v 158.0426118 294.0062457 123.0281350
v 157.6507210 293.9356889 123.1126245
v 160.8815903 295.1266714 123.0906729
v 161.7682864 295.3896030 123.0909994
v 159.6189145 293.0127000 121.5156695
v 158.6990896 294.2610779 123.0133598
v 158.3389682 294.0975013 122.9975110
v 157.1482452 291.9326297 121.5156695
v 162.4923735 292.3713800 120.0001154
v 162.3486397 295.4656058 123.0598077
v 162.2814606 295.4718431 123.0732662
v 162.1451806 295.5037096 123.1186679
v 161.6855609 295.5057637 123.1994555
v 161.9126231 295.5538823 123.1922133
v 162.0647013 295.4471113 123.0806735
v 161.9181344 298.3833659 126.0004825
v 162.2470159 296.3043376 123.9043945
v 162.0877449 295.6204433 123.2322452
v 161.9253051 298.3840615 126.9000181
v 161.6623288 298.3903517 125.9887453
v 161.4190481 298.4167051 125.9643926
v 161.2336884 298.4495719 125.9344067
v 161.4487218 298.4081854 126.9000191
v 160.9208144 298.5328309 125.8647003
v 160.9441283 298.5245396 126.9000182
v 160.7037932 298.6147495 125.7938173
v 160.6555921 298.6354388 126.9000183
v 160.5463814 298.6854542 125.7333811
v 160.5206681 298.6984937 126.9000183
v 160.3884561 298.7683288 126.9000183
v 160.2411680 298.8546510 125.5879370
v 160.2596342 298.8449439 126.9000183
v 160.1355583 298.9276612 126.9000183
v 159.9838289 299.0387132 125.3897343
v 160.0155505 299.0164805 126.9000183
v 159.8024374 299.1982156 125.9954130
v 159.8996107 299.1107239 126.9000183
v 159.7890951 299.2110695 126.9000183
v 153.9315272 296.0618758 124.2523043
v 153.9246380 296.0922972 124.5317835
v 153.8851341 296.4043678 124.9140384
v 153.8753665 296.7526853 125.1812044
v 153.8815920 296.8617640 126.9000183
v 153.8951522 297.0346566 126.9000183
v 153.8967720 297.0495145 124.2388479
v 153.9168485 297.2061932 126.9000183
v 153.9473590 297.3770518 126.9000183
v 153.9539670 297.4074099 124.2406749
v 153.9866836 297.5458764 126.9000183
v 154.0334663 297.7126669 126.9000183
v 154.0433330 297.7428152 124.2430761
v 154.0890631 297.8767453 126.9000183
v 154.1527961 298.0381118 126.9000183
v 154.1584409 298.0509816 124.2349107
v 154.2239871 298.1960882 126.9000183
v 154.3033143 298.3499965 126.9000183
v 154.3894216 298.4998367 126.9000183
v 154.4836651 298.6456089 126.9000183
v 154.4823660 298.6446454 124.2628695
v 154.5846886 298.7866351 126.9000183
v 154.6924922 298.9222371 126.9000183
v 154.7107480 298.9415527 124.2222778
v 154.8070759 299.0524151 126.9000183
v 154.9277618 299.1764909 126.9000183
v 155.0545497 299.2944647 126.9000183
v 155.1874397 299.4063364 126.9000183
v 155.3250758 299.5114280 126.9000183
v 155.3203750 299.5075379 124.2422533
v 155.4681359 299.6090615 126.9000183
v 155.6159421 299.6999148 126.9000183
v 155.7678164 299.7839881 126.9000183
v 155.9237588 299.8592472 126.9000183
v 156.0830912 299.9277263 126.9000183
v 156.2451356 299.9873912 126.9000183
v 156.4105701 300.0395980 126.9000183
v 156.5787167 300.0829906 126.9000183
v 156.7482192 300.1182471 126.9000183
v 156.9190778 300.1453676 126.9000183
v 157.0919704 300.1636738 126.9000183
v 157.1000612 300.1630326 124.2196019
v 157.2648630 300.1738440 126.9000183
v 157.4377556 300.1745220 126.9000183
v 157.6113262 300.1677419 126.9000183
v 157.7835408 300.1514696 126.9000183
v 157.9550774 300.1270613 126.9000183
v 158.1252580 300.0945168 126.9000183
v 158.2940825 300.0531582 126.9000183
v 158.4601950 300.0036634 126.9000183
v 158.4595749 300.0032752 124.2422061
v 158.6235955 299.9453545 126.9000183
v 158.7836059 299.8802656 126.9000183
v 158.7653409 299.8887148 124.2663247
v 158.9409043 299.8063624 126.9000183
v 159.0934566 299.7250012 126.9000183
v 159.0947545 299.7239988 124.2399251
v 159.2426188 299.6361819 126.9000183
v 159.3870350 299.5405824 126.9000183
v 159.3861383 299.5396757 124.2252185
v 159.5260271 299.4375249 126.9000183
v 159.6602731 299.3276872 126.9000183
v 159.7170461 299.2738364 124.2149721
v 159.8479023 299.1551158 125.2165475
v 159.8977926 299.1032819 124.2515602
v 159.9727107 299.0236225 125.0868160
v 160.0696606 298.9081469 124.2366602
v 160.1071188 298.8655793 124.8982086
v 160.3034900 298.5972807 124.5368044
v 160.3052269 298.5876333 124.2325264
v 159.6239070 298.1722954 123.4999359
v 153.9377501 296.0867787 124.1586504
v 153.9971750 296.0922766 123.9674774
v 153.9426073 296.1802518 124.0712428
v 153.8902421 296.3676849 124.2366409
v 154.0733270 296.1072156 123.8334483
v 153.9667617 296.2852213 123.9739883
v 153.9110385 296.4554369 124.0869319
v 154.0839505 296.3840298 123.7744074
v 153.8768682 296.7123465 124.2375642
v 154.2764482 296.0836441 123.6416691
v 153.8980349 296.6956870 124.1091181
v 153.9396196 296.5408257 123.9913050
v 154.0142539 296.3724947 123.8683933
v 154.1680052 296.1651090 123.7148283
v 153.9162742 296.8826699 124.0617917
v 153.9757568 296.7125225 123.9103081
v 154.3781372 296.2145074 123.5700736
v 154.5165807 296.2383587 123.5224978
v 154.1378690 296.5833218 123.7067482
v 153.9893855 297.0257341 123.9167310
v 154.0343730 296.7009731 123.8204727
v 153.9706046 297.2006932 124.0055775
v 154.3700828 296.4909484 123.5611986
v 153.9366209 297.2283222 124.1296525
v 154.2488933 296.4680650 123.6256897
v 154.0857428 296.8795779 123.7642681
v 154.7031499 296.2848469 123.4999358
v 154.5464638 296.4442088 123.5103618
v 154.0015071 297.4782053 124.0719992
v 154.1091747 297.1069955 123.7630402
v 154.0516497 297.7072789 124.1184488
v 154.0619411 297.3731054 123.8859418
v 154.2186448 296.8279491 123.6446595
v 154.1873631 297.0166894 123.6798805
v 154.3621577 296.8225397 123.5641783
v 154.3322785 297.0855061 123.5888570
v 154.1487906 297.3650833 123.7687844
v 154.2500510 297.3413315 123.6705615
v 154.1500186 297.9569110 124.0830092
v 154.1035401 297.6984692 123.9645868
v 154.1753133 297.6809163 123.8380568
v 154.4913331 296.8747050 123.5217107
v 154.6735166 296.7020494 123.4999356
v 154.2701843 298.2823118 124.2151442
v 154.2444857 297.5730312 123.7251024
v 154.6044358 296.8183339 123.5022112
v 154.2761080 297.8229865 123.7750381
v 154.2476857 298.1799473 124.0816711
v 154.2372603 298.0092598 123.9277485
v 154.3552950 298.4376643 124.2191375
v 154.3698160 297.3433150 123.5932894
v 154.3759816 297.8196459 123.6821512
v 154.3835908 298.4178055 124.0558313
v 154.3769440 297.6187671 123.6332233
v 154.7052812 297.5171861 123.5044185
v 154.4571624 298.5726452 124.1239035
v 154.3784524 298.3117631 123.9372949
v 154.5123584 297.3245448 123.5334104
v 154.3802070 298.1390695 123.8098081
v 154.5451927 297.7139131 123.5625867
v 154.7293308 297.2313346 123.4999354
v 154.4524075 298.0805358 123.7118495
v 154.5320286 298.6178969 124.0008961
v 154.5824414 298.2382511 123.6752650
v 154.5119603 298.4490826 123.8590579
v 154.7474823 297.9173168 123.5252201
v 154.5350051 297.9652232 123.6174325
v 154.5881105 298.7741210 124.1600539
v 154.5568002 298.4058037 123.7779315
v 154.6813106 298.8243424 124.0101445
v 154.6783392 298.6303301 123.8075571
v 154.7663626 298.1890067 123.5637805
v 154.8845488 299.1076539 124.1257412
v 154.6692211 298.7271046 123.9030569
v 154.7814542 298.9639827 124.0464949
v 154.7252011 298.4868769 123.6812332
v 154.7106770 298.2350056 123.5981404
v 154.9499487 299.1959999 124.2222920
v 154.8984232 297.7581516 123.4999356
v 154.8718377 299.0145302 123.9599898
v 154.8553226 298.8338562 123.7897585
v 155.0015354 298.1466795 123.5040805
v 154.9418474 298.5117688 123.5781926
v 155.1291113 299.3546160 124.2106371
v 155.0790571 299.2708989 124.0648610
v 155.0225271 298.9568876 123.7453417
v 154.9004307 298.7125509 123.6780109
v 155.0689939 298.4601051 123.5280170
v 155.0020804 299.0732255 123.8669683
v 155.1285230 299.2413300 123.9280821
v 155.3448862 299.5005207 124.1126254
v 155.1525296 298.9792177 123.6760351
v 155.1583985 298.2215328 123.4999357
v 155.0996866 298.8006390 123.6144551
v 155.1876820 299.1547916 123.7761934
v 155.3479567 299.4567932 123.9984136
v 155.2304527 298.5534165 123.5137403
v 155.6095287 299.6959061 124.2350310
v 155.5584043 299.6318634 124.0815288
v 155.3940222 299.4437987 123.9195909
v 155.4067806 299.3857310 123.8321354
v 155.3659967 299.1588642 123.6697116
v 155.1870805 298.7700051 123.5692301
v 155.3458099 298.9774459 123.5877520
v 155.3855249 298.8285892 123.5334561
v 155.6416773 299.6397907 123.9785685
v 155.4582348 299.3418925 123.7516731
v 155.7771554 299.7694590 124.1256077
v 155.6838407 299.6086788 123.8849990
v 155.6167526 299.3412829 123.6692591
v 155.5542324 299.1734371 123.6009362
v 155.9228917 299.8593603 124.2519238
v 155.8771557 299.7629658 123.9751186
v 156.0113831 299.8785108 124.1245160
v 155.6197751 298.9208515 123.5129406
v 155.5031980 298.6250831 123.4999355
v 155.7152114 299.5017878 123.7449542
v 155.7936111 299.3373664 123.6039451
v 156.2488043 299.9879034 124.2331175
v 155.7225048 299.1273541 123.5411347
v 155.9699729 299.7354626 123.8569888
v 155.8523846 299.6280709 123.7959069
v 156.1084931 299.8658846 123.9749919
v 155.9148950 299.5276354 123.6770182
v 156.2437281 299.9647011 124.1112972
v 156.1159536 299.7175057 123.7601756
v 156.2111928 299.8216718 123.8387398
v 156.5846466 300.0734128 124.1577635
v 156.5842420 300.0848669 124.2538286
v 156.4240957 300.0054704 124.0550576
v 156.0979614 299.5445021 123.6299661
v 155.5399978 298.7587725 123.5023410
v 155.9901867 299.3265174 123.5534549
v 156.7766431 300.0779962 124.0287822
v 156.4300371 299.9464379 123.9170619
v 155.9219748 298.9545999 123.4999353
v 156.8362405 300.1308517 124.2170428
v 156.4645510 299.8793630 123.8061766
v 156.0627202 299.2339023 123.5184417
v 156.6744835 299.9984826 123.9037442
v 156.4899518 299.8149358 123.7293589
v 156.3954538 299.4989182 123.5510430
v 156.3460802 299.4005475 123.5271750
v 157.0029756 300.1223389 124.0666226
v 156.3984602 299.7228607 123.6729675
v 156.3604673 299.6139423 123.6113727
v 156.6744966 299.6920128 123.6035427
v 157.3503702 300.1739009 124.2381593
v 156.2155415 299.2051109 123.5031813
v 156.7599690 299.9403642 123.7956921
v 156.7923843 299.8632175 123.7074708
v 156.3175809 299.1609354 123.4999358
v 157.2571563 300.1452153 124.0820372
v 156.9189811 300.0207648 123.8697766
v 157.5243854 300.1699315 124.2203876
v 157.0877810 300.0787376 123.9385318
v 157.3450238 300.1060804 123.9714985
v 157.2604316 300.0288432 123.8377759
v 157.5139513 300.1363531 124.0582084
v 156.9287503 299.8471416 123.6766965
v 157.6856908 300.1392049 124.1039444
v 157.0733185 299.9435816 123.7493303
v 157.7901136 300.1503057 124.2370603
v 156.8466213 299.5019648 123.5179923
v 156.6947411 299.2904649 123.4999357
v 157.9440967 300.1116446 124.1269242
v 157.5050557 299.9447149 123.7373735
v 157.0432879 299.7729840 123.6138171
v 156.8920246 299.6389002 123.5583059
v 157.2536186 299.8895685 123.6875025
v 157.6041310 300.0838058 123.9388835
v 157.5937742 300.0281429 123.8455492
v 157.4243338 299.8233269 123.6351478
v 158.1271984 300.0938441 124.2441158
v 157.7438249 299.9784726 123.7965717
v 157.9678014 300.0639802 123.9897343
v 157.2640002 299.6951892 123.5660346
v 158.1942142 300.0506085 124.0883280
v 157.3216283 299.4899441 123.5072072
v 157.7428623 299.8519749 123.6725164
v 156.9106761 299.4168099 123.5023482
v 158.4283226 299.9937262 124.1177398
v 157.9277189 300.0051574 123.8677553
v 157.5606130 299.7012756 123.5703495
v 157.2858621 299.6033422 123.5313549
v 157.9201296 299.9072197 123.7437960
v 157.1762249 299.3717476 123.4999351
v 158.2762439 299.9772023 123.9502945
v 157.8139848 299.7554977 123.6113855
v 158.2464204 299.9088184 123.8285392
v 158.0697097 299.7816166 123.6606498
v 158.7625165 299.8756895 124.1446292
v 158.2159259 299.8366336 123.7379765
v 158.8308405 299.8086959 124.0281848
v 158.4741141 299.8225331 123.8063477
v 157.7951885 299.5930758 123.5376859
v 158.5893470 299.8878828 123.9761773
v 158.3276395 299.7017153 123.6517113
v 157.7060804 299.3590555 123.4999353
v 158.9944327 299.7578988 124.1231695
v 157.7105705 299.4582259 123.5047558
v 158.7458863 299.7714452 123.8847767
v 158.1377350 299.6574456 123.5938952
v 158.6999587 299.7252252 123.7983429
v 159.2268172 299.6234190 124.1165897
v 158.5318322 299.6915575 123.6994478
v 158.5311678 299.4955354 123.5769530
v 158.8144077 299.6140939 123.7385860
v 159.0494193 299.6824116 123.9949954
v 159.0344734 299.6349928 123.8961406
v 158.1437422 299.5726644 123.5549936
v 158.7072706 299.5371009 123.6400786
v 158.2403737 299.4172910 123.5178078
v 159.5782651 299.3935781 124.2343078
v 159.4220011 299.4717417 124.0627795
v 159.0063072 299.5851521 123.8118466
v 158.2282457 299.3029468 123.5018899
v 158.9289907 299.4490071 123.6575384
v 159.3225301 299.4951130 123.9593896
v 158.5231844 299.3704889 123.5325787
v 158.2242006 299.2429102 123.4999357
v 159.2686095 299.4490002 123.8417882
v 159.0912975 299.4472139 123.7258517
v 159.5210256 299.3335239 123.9399855
v 159.6204666 299.3252492 124.0834629
v 159.3114950 299.3301817 123.7527220
v 158.8667513 299.3460535 123.5832280
v 159.1940942 299.2674702 123.6471739
v 159.7253611 299.1785737 123.9740801
v 159.8878500 299.0866156 124.1190342
v 159.0493086 299.2135044 123.5741876
v 158.7867910 299.1427619 123.5107037
v 159.5566914 299.2264561 123.8390389
v 158.8884440 299.2110312 123.5397983
v 159.4940247 299.1617169 123.7317252
v 158.7091596 299.0280464 123.4999359
v 160.1754566 298.7726979 124.2177249
v 159.8417302 299.0519158 123.9547001
v 159.9456995 298.9156956 123.9241924
v 159.5972665 299.0232848 123.7008167
v 159.2373597 299.0544992 123.5654307
v 160.0979586 298.8329207 124.0855942
v 159.7555230 299.0088702 123.8076062
v 160.2796044 298.5884706 124.1011357
v 159.8560534 298.8158315 123.7423843
v 159.4744154 299.0109895 123.6290692
v 159.1507540 298.8282385 123.5030684
v 160.1037650 298.7297771 123.9373243
v 159.2761128 298.8925835 123.5292855
v 160.0069420 298.7539267 123.8347738
v 159.7436786 298.6436797 123.5929898
v 159.5019065 298.8283217 123.5674647
v 160.2238894 298.5627960 123.9404771
v 159.7663762 298.7744252 123.6592839
v 160.0546868 298.5634838 123.7436664
v 160.1752498 298.5250712 123.8393248
v 160.2318358 298.2839015 123.7410143
v 159.9993220 298.4914448 123.6658290
v 159.1434498 298.7221623 123.4999356
v 159.6219011 298.6085015 123.5436464
v 159.6385936 298.2902591 123.5028787
v 160.0856812 298.2214586 123.6159076
v 159.9075540 298.4758305 123.6094326
v 159.8506084 298.3490826 123.5513360
v 159.4659751 298.3885531 123.4999359
v 159.6368929 298.4506643 123.5172198
v 160.0352128 295.9735706 123.4999359
v 160.2830298 296.4231835 123.4999802
v 158.6764803 296.6590390 123.4999359
v 160.1565766 296.8102353 123.5000687
v 160.1687808 296.7458243 123.4999359
v 158.6758023 296.7241280 123.4999359
v 160.1375923 296.9275310 123.5000687
v 158.6737682 296.5946280 123.4999359
v 160.1782729 296.7058217 123.4999359
v 158.6717342 296.7885389 123.4999359
v 160.1118279 297.0644891 123.4999359
v 158.6683442 296.5295390 123.4999359
v 158.6642761 296.8529499 123.4999359
v 160.0786054 297.2075493 123.4999359
v 158.6595300 296.4658061 123.4999359
v 158.6534279 296.9173609 123.4999359
v 160.0514850 297.3058607 123.4999359
v 158.6473258 296.4020731 123.4999359
v 158.6398677 296.9804158 123.4999359
v 160.0202965 297.4028162 123.4999359
v 158.6324096 296.3390182 123.4999359
v 158.6235955 297.0427928 123.4999359
v 158.6141033 296.2766412 123.4999359
v 159.9524955 295.7118587 123.4999359
v 158.6032552 297.1044917 123.4999359
v 158.5924070 296.2156203 123.4999359
v 159.9009668 295.5850708 123.4999359
v 158.5802028 297.1655126 123.4999359
v 158.5679987 296.1552774 123.4999359
v 159.8433359 295.4603169 123.4999359
v 158.5544384 297.2244995 123.4999359
v 159.8838845 297.7357033 123.4998952
v 158.5402002 296.0969685 123.4999359
v 159.7796029 295.3389531 123.4999359
v 158.5259620 297.2828084 123.4999359
v 158.5103678 296.0393376 123.4999359
v 159.7104459 295.2203013 123.4999359
v 158.4940955 297.3390832 123.4999359
v 158.4771453 295.9837408 123.4999359
v 159.6345087 295.1057176 123.4999359
v 158.4595170 297.3940021 123.4999359
v 158.4412107 295.9295000 123.4999359
v 159.5538255 294.9952019 123.4999359
v 158.4222265 297.4475649 123.4999359
v 158.4025642 295.8772932 123.4999359
v 159.4670402 294.8887543 123.4999359
v 158.3829019 297.4984156 123.4999359
v 158.3618835 295.8271204 123.4999359
v 159.3755088 294.7870528 123.4999359
v 158.3401872 297.5479104 123.4999359
v 158.3184909 295.7789817 123.4999359
v 159.2785534 294.6894193 123.4999359
v 158.2954385 297.5946931 123.4999359
v 158.2723862 295.7335550 123.4999359
v 159.1775298 294.5972099 123.4999359
v 158.2486558 297.6394418 123.4999359
v 158.2242475 295.6901624 123.4999359
v 159.0710822 294.5097466 123.4999359
v 158.1998391 297.6814784 123.4999359
v 158.1740747 295.6488037 123.4999359
v 158.9612446 294.4277073 123.4999359
v 158.1483103 297.7214810 123.4999359
v 158.1218679 295.6101572 123.4999359
v 158.8473389 294.3517702 123.4999359
v 158.0954255 297.7587716 123.4999359
v 158.0683051 295.5749006 123.4999359
v 158.7293651 294.2812571 123.4999359
v 158.0405067 297.7926721 123.4999359
v 158.0120303 295.5416781 123.4999359
v 158.6086793 294.2168462 123.4999359
v 157.9835538 297.8245386 123.4999359
v 157.9550774 295.5111677 123.4999359
v 158.4846034 294.1585373 123.4999359
v 157.9259230 297.8536930 123.4999359
v 157.8960905 295.4840473 123.4999359
v 158.3571375 294.1063305 123.4999359
v 157.8662581 297.8794574 123.4999359
v 157.8364256 295.4596389 123.4999359
v 158.2283155 294.0602258 123.4999359
v 157.8059152 297.9025097 123.4999359
v 157.7747267 295.4379426 123.4999359
v 158.0967815 294.0215792 123.4999359
v 157.7442162 297.9221720 123.4999359
v 157.7130278 295.4196363 123.4999359
v 157.9632135 293.9890347 123.4999359
v 157.6811613 297.9391223 123.4999359
v 157.6499728 295.4047201 123.4999359
v 157.8282895 293.9625923 123.4999359
v 157.6181063 297.9526825 123.4999359
v 157.5862398 295.3925159 123.4999359
v 157.6926875 293.9436080 123.4999359
v 157.5543734 297.9628526 123.4999359
v 157.5218289 295.3837018 123.4999359
v 157.5564074 293.9314039 123.4999359
v 157.4899624 297.9703108 123.4999359
v 157.4574179 295.3775997 123.4999359
v 157.4248734 297.9743788 123.4999359
v 157.4187713 293.9259798 123.4999359
v 157.3923289 295.3755656 123.4999359
v 157.3604624 297.9750568 123.4999359
v 157.2818133 293.9266578 123.4999359
v 157.3279180 295.3762436 123.4999359
v 157.2953735 297.9730228 123.4999359
v 157.1448552 293.9347939 123.4999359
v 157.2628290 295.3803117 123.4999359
v 157.2309625 297.9669207 123.4999359
v 157.0085751 293.9503881 123.4999359
v 157.1984180 295.3877698 123.4999359
v 157.1665515 297.9581066 123.4999359
v 156.8729731 293.9720845 123.4999359
v 157.1346850 295.3979400 123.4999359
v 157.1028186 297.9465804 123.4999359
v 156.7387271 294.0005609 123.4999359
v 157.0716301 295.4115002 123.4999359
v 157.0397636 297.9309862 123.4999359
v 156.6065151 294.0351394 123.4999359
v 157.0085751 295.4284504 123.4999359
v 156.9780647 297.9126799 123.4999359
v 156.4756591 294.0771760 123.4999359
v 156.9468762 295.4481127 123.4999359
v 156.9163657 297.8909836 123.4999359
v 156.3468372 294.1253148 123.4999359
v 156.8865333 295.4711651 123.4999359
v 156.8567008 297.8665752 123.4999359
v 156.2214053 294.1795556 123.4999359
v 156.8268684 295.4969295 123.4999359
v 156.7977140 297.8394548 123.4999359
v 156.0980074 294.2405765 123.4999359
v 156.7692375 295.5260839 123.4999359
v 156.7407611 297.8089443 123.4999359
v 156.7122847 295.5579504 123.4999359
v 156.6573658 295.5918509 123.4999359
v 156.6044810 295.6291415 123.4999359
v 156.5529523 295.6691441 123.4999359
v 156.6844863 297.7763998 123.4999359
v 156.6309234 297.7404653 123.4999359
v 156.5787167 297.7018187 123.4999359
v 156.5285439 297.6604601 123.4999359
v 156.4804052 297.6170674 123.4999359
v 155.4450836 294.4087230 123.4999359
v 156.4343005 297.5716407 123.4999359
v 155.3969448 294.5958539 123.4999359
v 155.3759265 294.6521287 123.4999359
v 156.3909078 297.5235020 123.4999359
v 155.3528742 294.7063695 123.4999359
v 155.3264318 294.7585763 123.4999359
v 156.5041355 295.7111807 123.4999359
v 155.3060915 294.7951889 123.4999359
v 156.4573528 295.7559294 123.4999359
v 155.2830391 294.8331574 123.4999359
v 156.4126042 295.8033901 123.4999359
v 156.3502272 297.4733293 123.4999359
v 156.3115806 297.4211225 123.4999359
v 155.1515051 295.0304584 123.4999359
v 156.3698895 295.8522068 123.4999359
v 156.3305649 295.9030576 123.4999359
v 156.2756461 297.3668817 123.4999359
v 155.0701439 295.1640264 123.4999359
v 156.2932744 295.9566204 123.4999359
v 156.2424236 297.3112848 123.4999359
v 155.0287853 295.2386076 123.4999359
v 156.2586958 296.0115392 123.4999359
v 154.9546193 295.3871237 123.4999299
v 156.2125911 297.2536539 123.4999359
v 156.2268293 296.0678141 123.4999359
v 154.8858773 295.5474808 123.4999366
v 156.1983529 296.1261229 123.4999359
v 156.1847927 297.1953451 123.4999359
v 156.1603843 297.1350022 123.4999359
v 154.8341664 295.7532833 123.4997801
v 156.1725885 296.1851098 123.4999359
v 156.1393660 297.0739812 123.4999359
v 156.1495362 296.2461308 123.4999359
v 156.1291959 296.3078297 123.4999359
v 156.1203817 297.0116043 123.4999359
v 156.1129236 296.3702066 123.4999359
v 156.1054655 296.9485493 123.4999359
v 156.0993634 296.4339396 123.4999359
v 156.0932613 296.8848164 123.4999359
v 156.0885153 296.4976725 123.4999359
v 156.0844472 296.8210834 123.4999359
v 156.0810572 296.5620835 123.4999359
v 156.0790231 296.7559944 123.4999359
v 156.0769891 296.6264945 123.4999359
v 156.0763111 296.6915835 123.4999359
v 178.4750568 276.8604624 123.4999359
v 178.4743788 276.9248734 123.4999359
v 178.4730228 276.7953735 123.4999359
v 179.8342643 276.3883848 123.4999356
v 178.4703108 276.9899624 123.4999359
v 179.8792871 276.8953073 123.4999357
v 178.4669207 276.7309625 123.4999359
v 178.4628526 277.0543734 123.4999359
v 178.4581066 276.6665515 123.4999359
v 178.4526825 277.1181063 123.4999359
v 178.4465804 276.6028186 123.4999359
v 178.4391223 277.1811613 123.4999359
v 179.8337792 277.3600669 123.4999357
v 178.4309862 276.5397636 123.4999359
v 179.6887139 275.8768614 123.4999354
v 178.4221720 277.2442162 123.4999359
v 178.4126799 276.4773867 123.4999359
v 178.4025097 277.3059152 123.4999359
v 178.3909836 276.4163657 123.4999359
v 178.3794574 277.3662581 123.4999359
v 178.3665752 276.3567008 123.4999359
v 178.3536930 277.4259230 123.4999359
v 178.3394548 276.2977140 123.4999359
v 179.4326185 275.3877432 123.4999357
v 178.3245386 277.4835538 123.4999359
v 178.3089443 276.2407611 123.4999359
v 178.2926721 277.5405067 123.4999359
v 178.2763998 276.1844863 123.4999359
v 178.2587716 277.5954255 123.4999359
v 179.4784053 278.2932232 123.4999357
v 178.2404653 276.1309234 123.4999359
v 178.2214810 277.6483103 123.4999359
v 178.2018187 276.0787167 123.4999359
v 179.1006458 274.9776748 123.4999361
v 178.1814784 277.6991611 123.4999359
v 178.1604601 276.0285439 123.4999359
v 178.1394418 277.7486558 123.4999359
v 178.1170674 275.9804052 123.4999359
v 178.0946931 277.7954385 123.4999359
v 179.1592650 278.7137742 123.4999357
v 178.0716407 275.9343005 123.4999359
v 178.0479104 277.8401872 123.4999359
v 178.0235020 275.8909078 123.4999359
v 178.6934424 274.6385360 123.4999356
v 177.9984156 277.8822238 123.4999359
v 177.9733293 275.8502272 123.4999359
v 177.9475649 277.9222265 123.4999359
v 177.9211225 275.8115806 123.4999359
v 177.8940021 277.9595170 123.4999359
v 177.8668817 275.7756461 123.4999359
v 177.8390832 277.9940955 123.4999359
v 177.8112848 275.7424236 123.4999359
v 178.2406624 274.3915920 123.4999357
v 177.7828084 278.0259620 123.4999359
v 178.6361014 279.1478165 123.4999359
v 177.7536539 275.7119131 123.4999359
v 177.7244995 278.0544384 123.4999359
v 178.3623120 279.3154704 123.4999374
v 177.6953451 275.6847927 123.4999359
v 177.6655126 278.0802028 123.4999359
v 177.6350022 275.6603843 123.4999359
v 177.6044917 278.1032552 123.4999359
v 178.1141405 279.4395562 123.4999360
v 177.5739812 275.6386880 123.4999359
v 177.7316667 274.2294028 123.4999355
v 177.5427928 278.1235955 123.4999359
v 177.9414628 279.5074144 123.4999359
v 177.5116043 275.6203817 123.4999359
v 177.4804158 278.1398677 123.4999359
v 177.8255230 279.5453829 123.4999359
v 177.4485493 275.6054655 123.4999359
v 177.4173609 278.1534279 123.4999359
v 177.7075493 279.5786054 123.4999359
v 177.3848164 275.5932613 123.4999359
v 177.3529499 278.1642761 123.4999359
v 177.5665231 279.6111499 123.4999359
v 177.3210834 275.5844472 123.4999359
v 177.1774214 274.1725968 123.4999356
v 177.2885389 278.1717342 123.4999359
v 177.4119368 279.6396263 123.4999359
v 177.2559944 275.5790231 123.4999359
v 177.2241280 278.1751243 123.4999359
v 177.2953190 279.6592886 123.4999359
v 177.1915835 275.5763111 123.4999359
v 177.1590390 278.1764803 123.4999359
v 177.2254840 279.6735269 123.4999359
v 177.1264945 275.5769891 123.4999359
v 177.0946280 278.1737682 123.4999359
v 177.1895494 279.6830190 123.4999359
v 177.0295390 278.1683442 123.4999359
v 177.0620835 275.5810572 123.4999359
v 176.6965521 274.1913048 123.5003512
v 176.9976725 275.5885153 123.4999359
v 176.9339396 275.5986854 123.4999359
v 176.8702066 275.6129236 123.4999359
v 176.9864868 279.7571701 123.4999752
v 176.4735706 279.5352128 123.4999359
v 176.9020731 278.1473258 123.4999359
v 176.8390182 278.1317316 123.4999359
v 176.9658061 278.1595300 123.4999359
v 176.8078297 275.6291959 123.4999359
v 176.7461308 275.6495362 123.4999359
v 176.7766412 278.1134253 123.4999359
v 176.6851098 275.6719105 123.4999359
v 176.2118587 279.4518175 123.4999359
v 176.7156203 278.0924070 123.4999359
v 175.9814378 274.4111168 123.4999183
v 176.6261229 275.6983529 123.4999359
v 176.0843928 279.4009668 123.4999359
v 176.6552774 278.0679987 123.4999359
v 176.5678141 275.7268293 123.4999359
v 175.9603169 279.3433359 123.4999359
v 176.5969685 278.0402002 123.4999359
v 175.8905154 274.4595425 123.4999424
v 176.5115392 275.7586958 123.4999359
v 175.8389531 279.2796029 123.4999359
v 176.5393376 278.0103678 123.4999359
v 175.7514898 274.5220052 123.4999359
v 176.4566204 275.7932744 123.4999359
v 175.7203013 279.2097679 123.4999359
v 176.4837408 277.9771453 123.4999359
v 175.6694505 274.5674319 123.4999359
v 176.4030576 275.8305649 123.4999359
v 175.6057176 279.1345087 123.4999359
v 176.4295000 277.9412107 123.4999359
v 175.5101181 274.6650653 123.4999359
v 176.3522068 275.8698895 123.4999359
v 175.4952019 279.0531475 123.4999359
v 176.3772932 277.9025642 123.4999359
v 175.4009585 274.7382904 123.5000687
v 176.3033901 275.9126042 123.4999359
v 175.3887543 278.9670402 123.4999359
v 176.3271204 277.8618835 123.4999359
v 175.3216313 274.7904972 123.4999359
v 176.2559294 275.9573528 123.4999359
v 175.2904428 274.8088035 123.4999359
v 176.2111807 276.0041355 123.4999359
v 175.2863747 278.8755088 123.4999359
v 176.2789817 277.8184909 123.4999359
v 175.2585763 274.8264318 123.4999359
v 176.1691441 276.0529523 123.4999359
v 175.0300586 274.9268580 123.4999396
v 175.1894193 278.7785534 123.4999359
v 176.2335550 277.7723862 123.4999359
v 175.0972099 278.6768518 123.4999359
v 176.1901624 277.7242475 123.4999359
v 175.0097466 278.5710822 123.4999359
v 176.1488037 277.6740747 123.4999359
v 174.9277073 278.4612446 123.4999359
v 176.1101572 277.6218679 123.4999359
v 174.8517702 278.3473389 123.4999359
v 176.0749006 277.5683051 123.4999359
v 174.8070215 275.4779996 123.4999359
v 176.1291415 276.1044810 123.4999359
v 176.0925289 276.1573658 123.4999359
v 176.0579504 276.2122847 123.4999359
v 176.0260839 276.2692375 123.4999359
v 174.7812571 278.2293651 123.4999359
v 176.0416781 277.5120303 123.4999359
v 174.7405765 275.5980074 123.4999359
v 175.9969295 276.3268684 123.4999359
v 174.7168462 278.1080013 123.4999359
v 176.0111677 277.4550774 123.4999359
v 174.6795556 275.7214053 123.4999359
v 175.9711651 276.3865333 123.4999359
v 174.6585373 277.9839254 123.4999359
v 175.9840473 277.3960905 123.4999359
v 174.6253148 275.8468372 123.4999359
v 175.9481127 276.4468762 123.4999359
v 174.6063305 277.8571375 123.4999359
v 175.9596389 277.3364256 123.4999359
v 174.5771760 275.9756591 123.4999359
v 175.9284504 276.5085751 123.4999359
v 174.5602258 277.7276375 123.4999359
v 175.9379426 277.2747267 123.4999359
v 174.5351394 276.1065151 123.4999359
v 175.9115002 276.5716301 123.4999359
v 174.5215792 277.5967815 123.4999359
v 175.9196363 277.2130278 123.4999359
v 174.5005609 276.2387271 123.4999359
v 175.8979400 276.6346850 123.4999359
v 174.4890347 277.4632135 123.4999359
v 175.9047201 277.1499728 123.4999359
v 174.4720845 276.3729731 123.4999359
v 175.8877698 276.6984180 123.4999359
v 174.4625923 277.3282895 123.4999359
v 175.8925159 277.0862398 123.4999359
v 174.4503881 276.5085751 123.4999359
v 175.8803117 276.7628290 123.4999359
v 174.4436080 277.1926875 123.4999359
v 175.8837018 277.0218289 123.4999359
v 174.4347939 276.6448552 123.4999359
v 175.8762436 276.8279180 123.4999359
v 174.4314039 277.0557294 123.4999359
v 175.8775997 276.9574179 123.4999359
v 174.4266578 276.7818133 123.4999359
v 175.8755656 276.8923289 123.4999359
v 174.4259798 276.9187713 123.4999359
v 158.2954385 297.5946931 126.9000183
v 158.3401872 297.5479104 126.9000183
v 158.3829019 297.4984156 126.9000183
v 158.4222265 297.4475649 126.9000183
v 158.4595170 297.3940021 126.9000183
v 158.4940955 297.3390832 126.9000183
v 158.5259620 297.2828084 126.9000183
v 158.5544384 297.2244995 126.9000183
v 158.5802028 297.1655126 126.9000183
v 158.6032552 297.1044917 126.9000183
v 158.6235955 297.0427928 126.9000183
v 158.6398677 296.9804158 126.9000183
v 158.6534279 296.9173609 126.9000183
v 158.6642761 296.8529499 126.9000183
v 158.6717342 296.7885389 126.9000183
v 158.6758023 296.7241280 126.9000183
v 158.6764803 296.6590390 126.9000183
v 158.6737682 296.5946280 126.9000183
v 158.6683442 296.5295390 126.9000183
v 158.6595300 296.4658061 126.9000183
v 158.6473258 296.4020731 126.9000183
v 158.6324096 296.3390182 126.9000183
v 158.6141033 296.2766412 126.9000183
v 158.5924070 296.2156203 126.9000183
v 158.5679987 296.1552774 126.9000183
v 158.5402002 296.0969685 126.9000183
v 158.5103678 296.0393376 126.9000183
v 158.4771453 295.9837408 126.9000183
v 158.4412107 295.9295000 126.9000183
v 158.4025642 295.8772932 126.9000183
v 158.3618835 295.8271204 126.9000183
v 158.3184909 295.7789817 126.9000183
v 158.2723862 295.7335550 126.9000183
v 158.2242475 295.6901624 126.9000183
v 158.1740747 295.6488037 126.9000183
v 158.1218679 295.6101572 126.9000183
v 158.0683051 295.5749006 126.9000183
v 158.0120303 295.5416781 126.9000183
v 157.9550774 295.5111677 126.9000183
v 157.8960905 295.4840473 126.9000183
v 157.8364256 295.4596389 126.9000183
v 157.7747267 295.4379426 126.9000183
v 157.7130278 295.4196363 126.9000183
v 157.6499728 295.4047201 126.9000183
v 157.5862398 295.3925159 126.9000183
v 157.5218289 295.3837018 126.9000183
v 157.4574179 295.3775997 126.9000183
v 157.3923289 295.3755656 126.9000183
v 157.3279180 295.3762436 126.9000183
v 157.2628290 295.3803117 126.9000183
v 157.1984180 295.3877698 126.9000183
v 157.1346850 295.3979400 126.9000183
v 157.0716301 295.4115002 126.9000183
v 157.0085751 295.4284504 126.9000183
v 156.9468762 295.4481127 126.9000183
v 156.8865333 295.4711651 126.9000183
v 156.8268684 295.4969295 126.9000183
v 156.7692375 295.5260839 126.9000183
v 156.7122847 295.5579504 126.9000183
v 156.6573658 295.5918509 126.9000183
v 156.6044810 295.6291415 126.9000183
v 156.5529523 295.6691441 126.9000183
v 156.5041355 295.7111807 126.9000183
v 156.4573528 295.7559294 126.9000183
v 156.4126042 295.8033901 126.9000183
v 156.3698895 295.8522068 126.9000183
v 156.3305649 295.9030576 126.9000183
v 156.2932744 295.9566204 126.9000183
v 156.2586958 296.0115392 126.9000183
v 156.2268293 296.0678141 126.9000183
v 156.1983529 296.1261229 126.9000183
v 156.1725885 296.1851098 126.9000183
v 156.1495362 296.2461308 126.9000183
v 156.1291959 296.3078297 126.9000183
v 156.1129236 296.3702066 126.9000183
v 156.0993634 296.4339396 126.9000183
v 156.0885153 296.4976725 126.9000183
v 156.0810572 296.5620835 126.9000183
v 156.0769891 296.6264945 126.9000183
v 156.0763111 296.6915835 126.9000183
v 156.0790231 296.7559944 126.9000183
v 156.0844472 296.8210834 126.9000183
v 156.0932613 296.8848164 126.9000183
v 156.1054655 296.9485493 126.9000183
v 156.1203817 297.0116043 126.9000183
v 156.1393660 297.0739812 126.9000183
v 156.1603843 297.1350022 126.9000183
v 156.1847927 297.1953451 126.9000183
v 156.2125911 297.2536539 126.9000183
v 156.2424236 297.3112848 126.9000183
v 156.2756461 297.3668817 126.9000183
v 156.3115806 297.4211225 126.9000183
v 156.3502272 297.4733293 126.9000183
v 156.3909078 297.5235020 126.9000183
v 156.4343005 297.5716407 126.9000183
v 156.4804052 297.6170674 126.9000183
v 156.5285439 297.6604601 126.9000183
v 156.5787167 297.7018187 126.9000183
v 156.6309234 297.7404653 126.9000183
v 156.6844863 297.7763998 126.9000183
v 156.7407611 297.8089443 126.9000183
v 156.7977140 297.8394548 126.9000183
v 156.8567008 297.8665752 126.9000183
v 156.9163657 297.8909836 126.9000183
v 156.9780647 297.9126799 126.9000183
v 157.0397636 297.9309862 126.9000183
v 157.1028186 297.9465804 126.9000183
v 157.1665515 297.9581066 126.9000183
v 157.2309625 297.9669207 126.9000183
v 157.2953735 297.9730228 126.9000183
v 157.3604624 297.9750568 126.9000183
v 157.4248734 297.9743788 126.9000183
v 157.4899624 297.9703108 126.9000183
v 157.5543734 297.9628526 126.9000183
v 157.6181063 297.9526825 126.9000183
v 157.6811613 297.9391223 126.9000183
v 157.7442162 297.9221720 126.9000183
v 157.8059152 297.9025097 126.9000183
v 157.8662581 297.8794574 126.9000183
v 157.9259230 297.8536930 126.9000183
v 157.9835538 297.8245386 126.9000183
v 158.0405067 297.7926721 126.9000183
v 158.0954255 297.7587716 126.9000183
v 158.1483103 297.7214810 126.9000183
v 158.1998391 297.6814784 126.9000183
v 158.2486558 297.6394418 126.9000183
v 142.5818736 283.2988475 126.9000183
v 140.4691937 282.8723791 126.9000183
v 141.5323138 284.4067162 126.9000183
v 143.6849962 284.7565695 126.9000183
v 142.6693369 285.8874906 126.9000183
v 144.8599880 286.1566606 126.9000183
v 143.8775511 287.3106340 126.9000183
v 146.1027807 287.4970868 126.9000183
v 145.1542444 288.6727566 126.9000183
v 147.4113404 288.7737801 126.9000183
v 146.4960266 289.9704681 126.9000183
v 148.7815991 289.9826723 126.9000183
v 147.9001858 291.2010567 126.9000183
v 150.2108446 291.1224075 126.9000183
v 149.3626538 292.3618102 126.9000183
v 151.6950090 292.1895956 126.9000183
v 150.8800407 293.4493386 126.9000183
v 153.4554846 293.3258243 126.9000183
v 153.8349057 293.6185328 126.9000183
v 152.6738380 294.6084977 126.9000179
v 152.9612436 294.8540036 126.9000179
v 154.1433039 293.9164876 126.9000183
v 153.2571260 295.1766614 126.9000205
v 153.4961979 295.5416010 126.9000186
v 153.5988617 295.7410131 126.9000183
v 153.8700658 296.7166698 126.9000183
v 153.8517595 296.5722537 126.9000183
v 153.8266732 296.4291935 126.9000183
v 153.7948067 296.2874894 126.9000183
v 153.7554821 296.1471413 126.9000183
v 153.7100554 296.0095052 126.9000183
v 153.6571706 295.8739031 126.9000183
v 154.2843301 293.7591893 126.9000183
v 154.4334923 293.6093490 126.9000183
v 154.5894347 293.4669668 126.9000183
v 154.7521571 293.3320428 126.9000183
v 154.9216597 293.2059329 126.9000183
v 155.0965863 293.0886371 126.9000183
v 155.2782930 292.9794775 126.9000183
v 155.4640678 292.8798100 126.9000183
v 155.6552667 292.7896346 126.9000183
v 155.8505337 292.7089514 126.9000183
v 156.0498687 292.6377603 126.9000183
v 156.2519157 292.5767394 126.9000183
v 156.4566748 292.5258887 126.9000183
v 156.6641459 292.4852080 126.9000183
v 156.8736511 292.4553756 126.9000183
v 157.0838343 292.4357133 126.9000183
v 157.2946955 292.4262212 126.9000183
v 157.5062346 292.4275772 126.9000183
v 157.7170958 292.4391033 126.9000183
v 157.9272790 292.4614777 126.9000183
v 158.1361061 292.4940222 126.9000183
v 158.3428993 292.5367368 126.9000183
v 158.5469803 292.5896216 126.9000183
v 158.7490274 292.6533546 126.9000183
v 158.9470064 292.7265797 126.9000183
v 159.1415953 292.8092969 126.9000183
v 159.3314382 292.9015063 126.9000183
v 159.5165350 293.0032079 126.9000183
v 159.6962077 293.1144015 126.9000183
v 159.8704563 293.2344093 126.9000183
v 160.0386028 293.3625533 126.9000183
v 160.1999693 293.4988333 126.9000183
v 160.3538776 293.6432495 126.9000183
v 160.5010058 293.7944458 126.9000183
v 160.6406759 293.9537782 126.9000183
v 160.7715319 294.1192127 126.9000183
v 160.8942517 294.2907493 126.9000183
v 161.0088355 294.4690660 126.9000183
v 161.1139270 294.6521287 126.9000183
v 161.2095265 294.8406156 126.9000183
v 161.2963118 295.0331705 126.9000183
v 161.3729269 295.2297934 126.9000183
v 161.4400500 295.4304845 126.9000183
v 161.4970028 295.6338875 126.9000183
v 161.5437855 295.8400026 126.9000183
v 161.5797201 296.0481518 126.9000183
v 161.6061625 296.2576569 126.9000183
v 161.6210787 296.8909185 126.9000183
v 161.6210787 296.4685181 126.9000183
v 161.6265028 296.6793793 126.9000183
v 161.9645668 296.8846053 126.9000183
v 162.8862458 298.4435619 126.9000183
v 162.9411646 296.9444813 126.9000183
v 163.6388371 296.9526174 126.9000183
v 163.6584994 298.4523760 126.9000183
v 163.3723791 259.9691937 126.9000183
v 163.7988475 262.0818736 126.9000183
v 161.8729065 260.7844664 126.8971517
v 164.3351536 296.9261750 126.9000183
v 164.4300750 298.4232216 126.9000183
v 164.9067162 261.0323138 126.9000183
v 165.0301141 296.8651541 126.9000183
v 165.1989386 298.3554206 126.9000183
v 165.2565695 263.1849962 126.9000183
v 165.7210065 296.7688766 126.9000183
v 165.9637342 298.2489730 126.9000183
v 166.3874906 262.1693369 126.9000183
v 166.4057968 296.6386987 126.9000183
v 166.6566606 264.3599880 126.9000183
v 166.7224276 298.1052348 126.9000183
v 167.0838071 296.4752982 126.9000183
v 167.4729849 297.9235280 126.9000183
v 167.7530031 296.2773192 126.9000183
v 167.8106340 263.3775511 126.9000183
v 167.9970868 265.6027807 126.9000183
v 168.2133721 297.7052088 126.9000183
v 168.4106731 296.0467957 126.9000183
v 168.9422331 297.4495989 126.9000183
v 169.0568168 295.7837278 126.9000183
v 169.1727566 264.6542444 126.9000183
v 169.2737801 266.9113404 126.9000183
v 169.6568559 297.1587325 126.9000183
v 169.6887223 295.4887933 126.9000183
v 170.3565624 296.8319316 126.9000183
v 170.3050336 295.1626704 126.9000183
v 170.4704681 265.9960266 126.9000183
v 170.4826723 268.2815991 126.9000183
v 171.0393187 296.4705521 126.9000183
v 170.9050727 294.8067150 126.9000183
v 171.7010567 267.4001858 126.9000183
v 171.6224075 269.7108446 126.9000183
v 171.7030907 296.0766282 126.9000183
v 171.4861274 294.4209272 126.9000183
v 172.0468419 294.0066630 126.9000183
v 172.3465224 295.6494818 126.9000183
v 172.8618102 268.8626538 126.9000183
v 172.6895956 271.1950090 126.9000183
v 172.5865380 293.5646003 126.9000183
v 172.9675798 295.1904688 126.9000183
v 173.5649068 294.7016235 126.9000183
v 173.1038598 293.0967733 126.9000183
v 173.9493386 270.3800407 126.9000183
v 174.1378254 294.1836237 126.9000183
v 173.5967733 292.6038598 126.9000183
v 174.0646003 292.0865380 126.9000183
v 174.6836237 293.6378254 126.9000183
v 175.1095978 272.1754170 126.9000180
v 173.8868777 273.0462138 126.9000182
v 175.2016235 293.0649068 126.9000183
v 174.5066630 291.5468419 126.9000183
v 175.4566503 272.5671030 126.9000183
v 174.2214959 273.4462497 126.9000183
v 174.4164876 273.6433039 126.9000183
v 175.6904688 292.4675798 126.9000183
v 174.9209272 290.9854494 126.9000183
v 175.9021269 272.9164238 126.9000189
v 172.9262212 276.7946955 126.9000183
v 175.8755656 276.8923289 126.9000183
v 172.9275772 277.0062346 126.9000183
v 172.9357133 276.5838343 126.9000183
v 175.8762436 276.8279180 126.9000183
v 175.8775997 276.9574179 126.9000183
v 172.9391033 277.2170958 126.9000183
v 172.9553756 276.3736511 126.9000183
v 175.8803117 276.7628290 126.9000183
v 175.8837018 277.0218289 126.9000183
v 172.9614777 277.4272790 126.9000183
v 172.9852080 276.1641459 126.9000183
v 175.8877698 276.6984180 126.9000183
v 175.8925159 277.0862398 126.9000183
v 172.9940222 277.6361061 126.9000183
v 173.0258887 275.9566748 126.9000183
v 175.8979400 276.6346850 126.9000183
v 175.9047201 277.1499728 126.9000183
v 173.0367368 277.8428993 126.9000183
v 173.0767394 275.7519157 126.9000183
v 175.9115002 276.5716301 126.9000183
v 175.9196363 277.2130278 126.9000183
v 173.0896216 278.0469803 126.9000183
v 173.1377603 275.5491907 126.9000183
v 175.9284504 276.5085751 126.9000183
v 175.9379426 277.2747267 126.9000183
v 173.1533546 278.2490274 126.9000183
v 173.2089514 275.3505337 126.9000183
v 175.9481127 276.4468762 126.9000183
v 175.9596389 277.3364256 126.9000183
v 173.2265797 278.4470064 126.9000183
v 173.2896346 275.1552667 126.9000183
v 175.9711651 276.3865333 126.9000183
v 175.9840473 277.3960905 126.9000183
v 173.3092969 278.6415953 126.9000183
v 173.3798100 274.9640678 126.9000183
v 175.9969295 276.3268684 126.9000183
v 176.0111677 277.4550774 126.9000183
v 173.4015063 278.8314382 126.9000183
v 173.4794775 274.7776150 126.9000183
v 176.0260839 276.2692375 126.9000183
v 176.0416781 277.5120303 126.9000183
v 173.5032079 279.0165350 126.9000183
v 173.5886371 274.5965863 126.9000183
v 176.0579504 276.2122847 126.9000183
v 176.0749006 277.5683051 126.9000183
v 173.6144015 279.1962077 126.9000183
v 173.7059329 274.4216597 126.9000183
v 176.0925289 276.1573658 126.9000183
v 176.1101572 277.6218679 126.9000183
v 173.7344093 279.3704563 126.9000183
v 173.8327208 274.2521571 126.9000183
v 176.1291415 276.1044810 126.9000183
v 176.1488037 277.6740747 126.9000183
v 173.8625533 279.5386028 126.9000183
v 176.1494818 291.8465224 126.9000183
v 175.3067150 290.4050727 126.9000183
v 173.9669668 274.0894347 126.9000183
v 176.1691441 276.0529523 126.9000183
v 176.1901624 277.7242475 126.9000183
v 173.9988333 279.6999693 126.9000183
v 174.1093490 273.9328143 126.9000183
v 176.2111807 276.0041355 126.9000183
v 176.2335550 277.7723862 126.9000183
v 174.1432495 279.8538776 126.9000183
v 176.2410131 273.0988617 126.9000183
v 174.2591893 273.7843301 126.9000183
v 176.2559294 275.9573528 126.9000183
v 176.2789817 277.8184909 126.9000183
v 174.2944458 280.0010058 126.9000183
v 176.3033901 275.9126042 126.9000183
v 176.3271204 277.8618835 126.9000183
v 174.4537782 280.1406759 126.9000183
v 176.3522068 275.8698895 126.9000183
v 176.3772932 277.9025642 126.9000183
v 174.6192127 280.2715319 126.9000183
v 176.4030576 275.8305649 126.9000183
v 176.4295000 277.9412107 126.9000183
v 174.7907493 280.3942517 126.9000183
v 176.4566204 275.7932744 126.9000183
v 176.4837408 277.9771453 126.9000183
v 174.9690660 280.5088355 126.9000183
v 176.5115392 275.7586958 126.9000183
v 176.3739031 273.1571706 126.9000183
v 176.5393376 278.0103678 126.9000183
v 175.1521287 280.6139270 126.9000183
v 176.5678141 275.7268293 126.9000183
v 176.5095052 273.2100554 126.9000183
v 176.5766282 291.2030907 126.9000183
v 175.6626704 289.8050336 126.9000183
v 176.5969685 278.0402002 126.9000183
v 175.3406156 280.7095265 126.9000183
v 176.6261229 275.6983529 126.9000183
v 176.6552774 278.0679987 126.9000183
v 175.5331705 280.7963118 126.9000183
v 176.6851098 275.6719105 126.9000183
v 176.6471413 273.2554821 126.9000183
v 176.7156203 278.0924070 126.9000183
v 175.7297934 280.8729269 126.9000183
v 176.7461308 275.6495362 126.9000183
v 176.7766412 278.1134253 126.9000183
v 175.9304845 280.9400500 126.9000183
v 176.7874894 273.2941287 126.9000183
v 176.8078297 275.6291959 126.9000183
v 176.8390182 278.1317316 126.9000183
v 176.1338875 280.9970028 126.9000183
v 176.8702066 275.6129236 126.9000183
v 176.9020731 278.1473258 126.9000183
v 176.3400026 281.0431075 126.9000183
v 176.9291935 273.3266732 126.9000183
v 176.9339396 275.5986854 126.9000183
v 176.9658061 278.1595300 126.9000183
v 176.5481518 281.0797201 126.9000183
v 176.9705521 290.5393187 126.9000183
v 175.9887933 289.1887223 126.9000183
v 176.9976725 275.5885153 126.9000183
v 177.0295390 278.1683442 126.9000183
v 176.7576569 281.1054845 126.9000183
v 177.0722537 273.3517595 126.9000183
v 177.0620835 275.5810572 126.9000183
v 177.0946280 278.1737682 126.9000183
v 176.9685181 281.1210787 126.9000183
v 177.1590390 278.1764803 126.9000183
v 177.1793793 281.1265028 126.9000183
v 177.1264945 275.5769891 126.9000183
v 177.2166698 273.3700658 126.9000183
v 177.1915835 275.5763111 126.9000183
v 177.2241280 278.1751243 126.9000183
v 177.3319316 289.8565624 126.9000183
v 176.2837278 288.5568168 126.9000183
v 177.3617640 273.3815920 126.9000183
v 177.2559944 275.5790231 126.9000183
v 177.2885389 278.1717342 126.9000183
v 177.3909185 281.1210787 126.9000183
v 177.3529499 278.1642761 126.9000183
v 177.4173609 278.1534279 126.9000183
v 177.5346566 273.3944742 126.9000183
v 177.3210834 275.5844472 126.9000183
v 177.6587325 289.1568559 126.9000183
v 176.5467957 287.9106731 126.9000183
v 177.7061932 273.4168485 126.9000183
v 177.3848164 275.5932613 126.9000183
v 177.8770518 273.4473590 126.9000183
v 177.4485493 275.6054655 126.9000183
v 176.7773192 287.2530031 126.9000183
v 177.9495989 288.4422331 126.9000183
v 178.0458764 273.4860056 126.9000183
v 177.5116043 275.6203817 126.9000183
v 178.2052088 287.7133721 126.9000183
v 176.9752982 286.5838071 126.9000183
v 178.2126669 273.5334663 126.9000183
v 177.5739812 275.6386880 126.9000183
v 178.3767453 273.5890631 126.9000183
v 177.6350022 275.6603843 126.9000183
v 178.4235280 286.9729849 126.9000183
v 177.1393767 285.9057968 126.9000183
v 178.5381118 273.6527961 126.9000183
v 177.6953451 275.6847927 126.9000183
v 177.2688766 285.2210065 126.9000183
v 178.6052348 286.2224276 126.9000183
v 178.6960882 273.7239871 126.9000183
v 177.7536539 275.7119131 126.9000183
v 178.7489730 285.4637342 126.9000183
v 177.3651541 284.5301141 126.9000183
v 178.8499965 273.8033143 126.9000183
v 177.8112848 275.7424236 126.9000183
v 177.4261750 283.8351536 126.9000183
v 178.8554206 284.6989386 126.9000183
v 178.8816064 281.3645506 126.9000174
v 177.3837038 281.4476375 126.9000183
v 177.4444813 282.4411646 126.9000183
v 178.9232216 283.9300750 126.9000183
v 177.4526174 283.1381591 126.9000183
v 178.9435619 282.3862458 126.9000183
v 178.9214571 280.8710523 126.9000177
v 178.9523760 283.1584994 126.9000183
v 178.9998367 273.8894216 126.9000183
v 177.8668817 275.7756461 126.9000183
v 179.0285145 280.4324092 126.9000181
v 179.1354388 280.1555921 126.9000183
v 177.4804158 278.1398677 126.9000183
v 177.5427928 278.1235955 126.9000183
v 179.1456089 273.9836651 126.9000183
v 177.9211225 275.8115806 126.9000183
v 179.1984937 280.0206681 126.9000183
v 177.6044917 278.1032552 126.9000183
v 177.6655126 278.0802028 126.9000183
v 179.2683288 279.8884561 126.9000183
v 177.7244995 278.0544384 126.9000183
v 179.2866351 274.0846886 126.9000183
v 177.9733293 275.8502272 126.9000183
v 177.7828084 278.0259620 126.9000183
v 179.3449439 279.7596342 126.9000183
v 177.8390832 277.9940955 126.9000183
v 179.4222371 274.1924922 126.9000183
v 178.0235020 275.8909078 126.9000183
v 179.4276612 279.6355583 126.9000183
v 177.8940021 277.9595170 126.9000183
v 177.9475649 277.9222265 126.9000183
v 179.5164805 279.5148725 126.9000183
v 177.9984156 277.8822238 126.9000183
v 179.5524151 274.3070759 126.9000183
v 178.0716407 275.9343005 126.9000183
v 178.0479104 277.8401872 126.9000183
v 179.6107239 279.3996107 126.9000183
v 178.0946931 277.7954385 126.9000183
v 179.6764909 274.4277618 126.9000183
v 178.1170674 275.9804052 126.9000183
v 178.1394418 277.7486558 126.9000183
v 179.7110695 279.2884171 126.9000183
v 179.7944647 274.5545497 126.9000183
v 178.1604601 276.0285439 126.9000183
v 178.1814784 277.6991611 126.9000183
v 179.8276872 279.1602731 126.9000183
v 179.9063364 274.6874397 126.9000183
v 178.2018187 276.0787167 126.9000183
v 178.2214810 277.6483103 126.9000183
v 179.9375249 279.0260271 126.9000183
v 180.0114280 274.8250758 126.9000183
v 178.2404653 276.1309234 126.9000183
v 178.2587716 277.5954255 126.9000183
v 180.0405824 278.8870350 126.9000183
v 180.1090615 274.9681359 126.9000183
v 178.2763998 276.1844863 126.9000183
v 178.2926721 277.5405067 126.9000183
v 180.1361819 278.7426188 126.9000183
v 180.1999148 275.1159421 126.9000183
v 178.3089443 276.2407611 126.9000183
v 178.3245386 277.4835538 126.9000183
v 180.2250012 278.5934566 126.9000183
v 180.2839881 275.2678164 126.9000183
v 178.3394548 276.2977140 126.9000183
v 178.3536930 277.4259230 126.9000183
v 180.3063624 278.4409043 126.9000183
v 180.3592472 275.4230808 126.9000183
v 178.3665752 276.3567008 126.9000183
v 178.3794574 277.3662581 126.9000183
v 180.3802656 278.2836059 126.9000183
v 180.4277263 275.5830912 126.9000183
v 178.3909836 276.4163657 126.9000183
v 180.4453545 278.1235955 126.9000183
v 178.4025097 277.3059152 126.9000183
v 180.4873912 275.7451356 126.9000183
v 178.4126799 276.4773867 126.9000183
v 178.4221720 277.2442162 126.9000183
v 180.5036634 277.9601950 126.9000183
v 180.5395980 275.9105701 126.9000183
v 178.4309862 276.5397636 126.9000183
v 178.4391223 277.1811613 126.9000183
v 180.5531582 277.7940825 126.9000183
v 180.5829906 276.0787167 126.9000183
v 178.4465804 276.6028186 126.9000183
v 178.4526825 277.1181063 126.9000183
v 180.5945168 277.6252580 126.9000183
v 180.6182471 276.2482192 126.9000183
v 178.4581066 276.6665515 126.9000183
v 178.4628526 277.0543734 126.9000183
v 180.6270613 277.4550774 126.9000183
v 180.6453676 276.4190778 126.9000183
v 178.4669207 276.7309625 126.9000183
v 178.4703108 276.9899624 126.9000183
v 180.6514696 277.2835408 126.9000183
v 180.6636738 276.5919704 126.9000183
v 178.4730228 276.7953735 126.9000183
v 180.6677419 277.1113262 126.9000183
v 178.4743788 276.9248734 126.9000183
v 180.6738440 276.7648630 126.9000183
v 178.4750568 276.8604624 126.9000183
v 180.6745220 276.9377556 126.9000183
v 178.9435619 282.3862458 125.9999496
v 178.9523760 283.1584994 125.9999496
v 178.9232216 283.9300750 125.9999496
v 178.8618097 284.6461830 125.9962584
v 178.7489730 285.4637342 125.9999496
v 178.6052348 286.2224276 125.9999496
v 178.4235280 286.9729849 125.9999496
v 178.2401376 287.6079640 125.9970297
v 177.9495989 288.4422331 125.9999496
v 177.6580545 289.1568559 125.9999496
v 177.3319316 289.8565624 125.9999496
v 177.0590587 290.3843959 125.9976589
v 176.5766282 291.2030907 125.9999496
v 176.1494818 291.8465224 125.9999496
v 175.6904688 292.4675798 125.9999496
v 175.3569693 292.8872380 125.9987338
v 174.6836237 293.6378254 125.9999496
v 174.1378254 294.1836237 125.9999496
v 173.5649068 294.7016235 125.9999496
v 172.9675798 295.1904688 125.9999496
v 172.1635300 295.7753732 125.9959464
v 171.7030907 296.0766282 125.9999496
v 171.0393187 296.4705521 125.9999496
v 170.3565624 296.8319316 125.9999496
v 169.5096208 297.2215023 125.9956091
v 168.9422331 297.4495989 125.9999496
v 168.2133721 297.7052088 125.9999496
v 167.4729849 297.9235280 125.9999496
v 166.6217502 298.1260054 125.9954419
v 165.9637342 298.2489730 125.9999496
v 165.1989386 298.3554206 125.9999496
v 164.4300750 298.4232216 125.9999496
v 163.6584994 298.4523760 125.9999496
v 162.8862458 298.4435619 125.9999496
v 178.2951599 281.8636806 125.3809849
v 162.1585250 298.0359256 125.6349975
v 175.9528588 283.0839183 122.9999863
v 177.4532954 283.0995125 124.4999680
v 177.5194603 281.9770616 124.5990220
v 176.7407045 281.7765838 123.8386808
v 172.5384016 285.7417968 120.0000463
v 171.8245306 287.4512301 120.0000501
v 177.1712089 285.7953005 124.5083472
v 172.2228554 286.6155902 120.0000465
v 171.3496178 288.2409026 120.0000512
v 176.3603429 288.3785001 124.4999680
v 170.7982600 288.9833722 120.0000517
v 175.0741575 290.7623841 124.4999680
v 172.3480401 293.7617596 124.4970372
v 172.7428702 292.2426293 123.6381730
v 170.1016306 295.2745421 124.4999680
v 164.6309969 293.8928298 121.5021770
v 167.6051969 296.3241019 124.4999680
v 163.5839183 295.4528588 122.9999863
v 164.9528209 296.8732902 124.4999680
v 163.5995125 296.9532954 124.4999680
v 162.4430642 297.5876706 125.1694585
v 162.4679715 296.8530182 124.4338453
v 172.9304439 282.3565416 120.0000325
v 175.9085914 281.4461851 123.0660348
v 175.9551804 281.0404201 123.1916644
v 175.9677001 281.8042388 123.0665164
v 176.1271074 281.2078640 123.2734585
v 176.2328770 281.2878692 123.3492607
v 176.0715658 281.4928592 123.1929476
v 176.1820262 281.2471886 123.3085054
v 176.1549058 281.2275263 123.2901854
v 176.2084686 281.2675289 123.3281529
v 176.1730430 281.1022526 123.3162499
v 174.7850991 278.2394548 123.0208813
v 175.8885202 281.1335454 123.1209980
v 175.5209663 280.2627177 123.0313161
v 175.6915578 280.4097851 123.1393698
v 175.9579211 280.1256567 123.3512213
v 175.5870878 279.9659305 123.1690443
v 175.2323906 279.3234481 123.0565812
v 176.4518177 280.2457939 123.4836563
v 175.8378977 280.2427330 123.2710941
v 176.2944214 280.4598297 123.4341474
v 175.1339833 278.8909887 123.1065096
v 175.4499368 279.0188769 123.2875128
v 175.8807748 279.3036379 123.4240838
v 175.3964720 279.3601784 123.1793243
v 175.6625509 279.1737360 123.3622935
v 176.0800949 279.3993872 123.4656358
v 176.2656824 279.4722732 123.4910405
v 176.3557898 279.5020276 123.4988757
v 176.6375458 280.0120660 123.4999555
v 175.2400393 278.8329601 123.2035945
v 174.9894759 278.5484499 123.0957022
v 176.3145107 280.9782096 123.4218139
v 176.8704432 280.2586956 123.5754726
v 176.5014749 280.8623411 123.5514491
v 176.5421426 280.6083466 123.5268044
v 176.7396214 280.5111519 123.6073241
v 176.4861333 280.4201625 123.4892333
v 176.6567333 280.1843597 123.5090540
v 176.7018477 280.3623084 123.5497774
v 176.8047273 280.0892003 123.5179165
v 176.1701594 280.9496275 123.3345856
v 176.2829423 280.7261080 123.4084645
v 176.3904185 280.7990899 123.4655102
v 176.9159213 280.1366244 123.5502909
v 177.8094397 280.1425452 123.7401254
v 176.9549579 279.9135425 123.5088304
v 177.2924884 279.7596229 123.5065444
v 177.5535912 279.7360515 123.5085676
v 177.7578641 279.6992805 123.5086402
v 176.9942825 280.0294822 123.5361776
v 177.0607275 280.1108435 123.5769329
v 177.1438129 280.0568129 123.5729426
v 177.1483154 279.9042354 123.5254905
v 177.4028716 279.9910612 123.5782462
v 177.3521744 279.8898294 123.5358105
v 177.5029684 279.7979282 123.5180860
v 177.6993055 279.8593738 123.5465500
v 177.6949163 280.0724941 123.6589356
v 177.6086471 280.0093245 123.6059796
v 177.8066103 280.0324941 123.6466701
v 177.5556449 279.9191992 123.5583078
v 177.5808259 280.0691391 123.6417823
v 178.0964742 280.1099631 123.7928842
v 178.5034008 279.5757131 123.5550291
v 178.7165032 279.5483807 123.5976783
v 178.2829063 279.7839592 123.5973609
v 178.7561041 279.6247753 123.6504195
v 178.5028819 280.0715611 123.9880673
v 178.6272190 279.8939392 123.8126219
v 178.5310460 280.0114089 123.9039630
v 178.8246036 279.9660841 124.2139373
v 178.7515694 279.9741059 124.0642817
v 178.1651784 279.6298618 123.5236372
v 177.8438710 279.9388681 123.5950884
v 178.0136973 279.7920234 123.5547925
v 178.1307973 280.0183361 123.7122899
v 178.2367188 279.4812831 123.5040688
v 178.1276662 279.9423987 123.6542183
v 178.5000989 279.4310399 123.5174352
v 178.5137026 279.8617779 123.7213877
v 178.4607341 279.7901284 123.6478754
v 178.3985110 280.0108551 123.8161627
v 178.1936879 280.1405108 123.8809959
v 178.3441131 280.1049427 123.9192008
v 178.8151058 279.7217656 123.7495866
v 179.0188196 279.6732466 123.8315619
v 178.8276962 279.8886416 123.9714624
v 179.1158024 279.7625844 124.1046396
v 178.8407979 279.8208102 123.8782440
v 179.1339276 279.7757905 124.2485149
v 179.2757844 279.6726582 124.2136833
v 179.4811472 279.5090065 124.2366809
v 179.3273451 279.5960246 124.0678620
v 179.1459678 279.6608516 123.9301326
v 179.6648178 279.3356578 124.2545775
v 179.5844685 279.3857782 124.1050932
v 179.7813371 279.2087054 124.2144009
v 179.0646632 279.5091677 123.7071443
v 179.4155457 279.4605102 123.9467835
v 179.2471863 279.5027881 123.8245953
v 179.6270439 279.2998947 124.0117855
v 179.2727226 279.3092660 123.6839445
v 178.9847132 279.4243353 123.6207180
v 179.3468448 279.3505789 123.7601573
v 179.8931079 279.0769804 124.2119773
v 178.8782769 279.3495415 123.5573139
v 179.5231558 279.3054412 123.8723377
v 179.9997118 278.9390403 124.2162676
v 179.7975985 279.1318480 124.0386250
v 178.8159355 279.1803289 123.5090758
v 179.7814702 279.0854695 123.9401913
v 179.6046583 279.1562253 123.8061852
v 179.0331894 279.1869043 123.5429695
v 179.5497296 279.0945451 123.7161135
v 180.1461338 278.7271901 124.2497910
v 179.9623102 278.9188422 124.0308517
v 179.8478733 278.9400845 123.8698662
v 179.2897611 279.1900578 123.6255429
v 179.3118234 279.0358433 123.5723251
v 180.0404547 278.7654082 123.9738081
v 178.8491002 279.0306078 123.5003447
v 180.1312881 278.7187316 124.1257343
v 179.7903674 278.8723569 123.7559052
v 180.2701709 278.5029635 124.2007784
v 180.1272218 278.6119268 123.9552479
v 180.3473182 278.3522260 124.2373506
v 179.5743870 278.9081858 123.6321619
v 179.4727864 278.7438837 123.5425434
v 180.2270294 278.4805337 124.0119372
v 179.8460923 278.6990052 123.7005399
v 179.3014988 278.8460379 123.5228473
v 179.6793097 278.6790501 123.5960125
v 180.4458737 278.1196788 124.2244392
v 180.3283607 278.3329982 124.0897370
v 180.0099475 278.6536156 123.8242504
v 179.1041371 278.8814133 123.5032170
v 180.2320731 278.3790182 123.9186143
v 180.3836559 278.1752714 124.0504994
v 180.4479089 278.0256192 124.0718372
v 180.1552006 278.3411667 123.7912237
v 179.9903296 278.4654579 123.7013904
v 180.3172879 278.1455447 123.8891489
v 180.5540218 277.7891425 124.2408038
v 179.9418618 278.3520216 123.6260877
v 179.6610737 278.3339256 123.5193550
v 180.3830394 277.9957764 123.9052458
v 180.1687931 278.1753235 123.7286608
v 179.7970854 278.4267388 123.5765635
v 179.4559690 278.4686550 123.5031386
v 180.6291233 277.4407616 124.2367070
v 180.5346666 277.7797972 124.1057027
v 180.4820722 277.7707480 123.9572355
v 180.5818371 277.5301948 124.0720969
v 180.3376018 277.8955025 123.7938127
v 179.7514350 278.3400156 123.5422721
v 180.1653383 277.9398837 123.6520251
v 179.7523420 278.0058156 123.5071593
v 180.6676616 277.1009877 124.2354398
v 180.4119061 277.5737311 123.7807234
v 179.9785344 278.0367224 123.5710606
v 180.6367515 277.2781461 124.1379903
v 180.4784143 277.5935724 123.8753276
v 180.3189247 277.7399728 123.7269588
v 180.5313063 277.4267701 123.9104200
v 179.9411799 277.7983270 123.5279007
v 180.6450154 277.0152189 124.0870883
v 180.6101248 277.2692371 124.0365367
v 180.6728829 276.8379612 124.2205397
v 180.5637108 277.1757243 123.9127172
v 180.2946790 277.5567202 123.6677424
v 180.1487371 277.7550284 123.6058024
v 180.6639973 276.5948586 124.2534793
v 180.0704266 277.6175943 123.5518723
v 180.6371243 276.8461738 124.0518101
v 180.4660299 277.2497643 123.7818613
v 179.7315669 277.8426126 123.5003870
v 180.2489543 277.3936819 123.6159680
v 180.5894293 276.9387419 123.9357272
v 180.6129283 276.6688158 124.0001037
v 180.3715726 277.2687282 123.6903498
v 180.5037579 277.0097458 123.8064691
v 180.6541318 276.5871328 124.1665757
v 179.9239447 277.4963221 123.5078076
v 180.6197936 276.2551858 124.2440597
v 180.6166490 276.5145388 124.0472792
v 180.3208532 277.0906760 123.6393365
v 180.1628207 277.2644613 123.5612609
v 180.6044669 276.3287850 124.0872181
v 180.5270767 276.7640729 123.8354729
v 180.4222144 276.9250635 123.7143914
v 180.0463425 277.2110276 123.5217811
v 180.5625476 276.4348779 123.9390785
v 180.5608849 275.9943296 124.2386075
v 180.4488390 276.6107274 123.7511644
v 180.5561261 276.1725434 124.0284354
v 180.5069428 276.4042874 123.8511583
v 180.2333575 276.9190633 123.5829308
v 180.3154467 276.7753525 123.6317600
v 180.5099677 275.8231053 124.2124160
v 180.5605750 276.0696030 124.1123897
v 180.3536559 276.5850442 123.6669420
v 180.4297865 275.5897149 124.2408261
v 180.4859916 276.0806451 123.9162198
v 180.4089867 276.1169763 123.7940555
v 180.4718461 275.8406791 124.0308941
v 180.0798397 276.8948069 123.5241224
v 179.9610567 277.0065535 123.5031306
v 180.3913743 276.3162776 123.7315891
v 180.4105695 275.6295464 124.0654808
v 180.1989072 276.5990769 123.5718369
v 180.3989476 275.8709117 123.8706779
v 180.3146061 276.2954236 123.6677157
v 180.3233929 275.3496731 124.2407953
v 180.3538224 275.7045958 123.8870142
v 180.0477150 276.3809576 123.5276280
v 180.2977350 275.8050261 123.7708045
v 180.1872429 276.3870721 123.5793081
v 180.3526514 275.4407179 124.1439488
v 180.2925317 275.9899548 123.7087148
v 180.2373786 275.1868035 124.2151785
v 180.2991064 275.5356751 123.9054902
v 180.2512410 275.2884021 124.0487924
v 180.1975672 275.7634578 123.6909598
v 180.2065840 276.0827868 123.6245161
v 180.1137619 274.9761054 124.2343111
v 180.1688220 275.5438831 123.7432845
v 180.1189884 275.9203632 123.6019923
v 180.0506577 276.0826190 123.5498464
v 179.9052530 276.2561575 123.5045327
v 180.2063149 275.3289189 123.9153880
v 180.1379494 275.1349614 123.9828124
v 180.0811668 274.9710712 124.0928177
v 180.1232692 275.3411000 123.7951979
v 180.0646732 275.5701996 123.6511402
v 179.7661581 275.8854943 123.5025725
v 179.9537570 274.7540930 124.1983534
v 179.7825116 274.5431270 124.2231004
v 179.9961778 274.9505720 123.9398823
v 179.9702079 275.1577751 123.7483668
v 179.8508067 275.8284626 123.5172461
v 179.8404766 274.6352568 124.1261857
v 179.9587045 275.7060003 123.5647583
v 180.0071592 275.0625936 123.8499247
v 179.9236208 275.4504471 123.6042144
v 179.8602135 274.9272755 123.7894767
v 179.8752964 274.7334477 124.0078840
v 179.9381480 275.2853898 123.6644057
v 179.5522553 274.3087795 124.2289929
v 179.8093563 274.9673138 123.7197397
v 179.7869279 275.4112849 123.5542984
v 179.6590417 274.4434456 124.1017255
v 179.8210995 274.7574468 123.8918757
v 179.7948901 275.1679319 123.6221234
v 179.6881023 274.5494083 123.9566531
v 179.3043952 274.0980108 124.2531312
v 179.5004861 274.4121034 123.8874295
v 179.6650656 274.6522868 123.8156904
v 179.5050607 275.3570432 123.5031525
v 179.6556346 274.9104990 123.6468120
v 179.4137821 274.2060520 124.1360746
v 179.5240037 274.3487132 124.0171665
v 179.6111802 274.7134328 123.7239022
v 179.6353053 275.1159782 123.5672499
v 179.4204593 274.4517092 123.7733557
v 179.6613076 275.3683157 123.5249094
v 179.4569774 274.8935729 123.5661279
v 179.2198070 274.0504186 124.1510526
v 179.4162422 274.6934272 123.6222501
v 179.0002041 273.8900190 124.2414688
v 179.3115470 274.2126227 123.9372318
v 179.2579654 274.1276185 124.0125994
v 179.2601421 274.2660929 123.8199872
v 179.2999682 274.4747890 123.6778113
v 179.2783223 274.7500429 123.5527295
v 179.3384355 274.9657841 123.5207271
v 178.7033265 273.7280610 124.2350881
v 179.1773566 274.4921603 123.6140301
v 178.9966586 273.9128777 124.1054016
v 179.1103963 274.1099541 123.8690687
v 178.7733023 273.7884830 124.1053079
v 179.1604600 274.2641083 123.7477279
v 178.9881729 273.9605753 123.9761636
v 178.9755973 274.1038673 123.7752141
v 178.9986096 274.2160224 123.6954388
v 178.7459913 273.8282187 123.9679110
v 178.8704023 273.9544623 123.8733958
v 178.9546111 274.3115240 123.6177185
v 178.4707108 273.6271677 124.2211783
v 179.0219623 274.6410218 123.5240008
v 178.2373663 273.5416052 124.2442081
v 178.5416766 273.6861925 124.0773089
v 179.0596860 274.5203235 123.5636841
v 178.7633686 274.0111387 123.7414144
v 178.7018512 274.2442267 123.5756159
v 179.1706433 274.9378867 123.5031369
v 178.4994850 273.7286619 123.9353482
v 178.6502992 273.8504890 123.8547365
v 178.7077373 274.1432859 123.6257805
v 178.2101462 273.5533777 124.1147417
v 178.4755400 273.8344539 123.7775149
v 178.7130868 274.5412209 123.5041938
v 178.6644582 274.3721103 123.5274131
v 178.5463777 273.9912012 123.6690623
v 178.2060848 273.6031703 123.9714979
v 178.2994084 273.8247954 123.7189011
v 177.9039438 273.4533211 124.2372482
v 178.1854085 273.6766393 123.8376849
v 178.4143946 274.1659110 123.5491962
v 177.8818592 273.4678563 124.1171194
v 177.6406100 273.4090730 124.2338708
v 178.3287489 274.0334675 123.5874841
v 178.2734873 273.8968848 123.6552762
v 178.0681334 273.7449073 123.7232243
v 178.3602459 274.2833345 123.5134533
v 177.3875274 273.3839447 124.2223868
v 178.0403054 273.8690809 123.6228579
v 177.8827941 273.5166397 123.9748177
v 177.8809469 273.5918861 123.8436366
v 177.5520672 273.4294737 124.0649698
v 177.6327417 273.4718028 123.9815360
v 177.8357688 273.7254463 123.6897681
v 177.2924090 273.3962648 124.1263353
v 177.8477178 273.6540395 123.7598882
v 177.6194602 273.5484022 123.8421416
v 177.9871786 273.9666083 123.5651349
v 177.0452523 273.3790449 124.2347792
v 177.4657865 273.4924251 123.9034879
v 178.0119456 274.1005291 123.5238958
v 177.6689790 273.7502844 123.6469673
v 177.3660049 273.5513348 123.8046798
v 176.7748129 273.4020617 124.2144559
v 177.0354195 273.4014056 124.1030598
v 177.2303654 273.4501884 123.9599317
v 177.5314676 273.6447817 123.7177489
v 177.7289827 273.9727983 123.5405063
v 176.9580516 273.4379247 124.0064715
v 177.8737511 274.1726195 123.5033864
v 176.7914023 273.4417636 124.0332038
v 177.2308447 273.6448895 123.6992446
v 176.5624754 273.4313239 124.2505683
v 177.0211231 273.5062090 123.8652307
v 176.3386606 273.4881582 124.1517475
v 177.5857919 273.8429198 123.5842966
v 176.6078629 273.4409538 124.1248607
v 177.2970396 273.7424204 123.6269999
v 177.0606292 273.5921692 123.7529485
v 177.3017248 274.0091522 123.5162093
v 176.5816895 273.5037412 123.9563971
v 176.7994450 273.5917974 123.7759300
v 177.2518382 273.8566763 123.5650673
v 176.6762028 273.5367449 123.8686143
v 176.8866775 273.6798611 123.6817068
v 176.5555171 273.6351110 123.7689508
v 176.6314655 273.7014550 123.6924058
v 176.9736853 273.9315907 123.5388242
v 177.1653688 274.1133705 123.5019675
v 176.6404863 273.7845587 123.6289286
v 176.9318223 273.7807998 123.6075412
v 176.4055271 273.9035078 123.5886348
v 176.6993413 273.9286735 123.5509323
v 176.7467690 274.0522839 123.5144387
v 176.3333773 274.3017778 123.4998025
v 176.3983183 274.1586782 123.5073492
v 176.3651414 274.0232905 123.5423277
v 176.2829282 273.8309415 123.6467345
v 176.3026845 273.7308904 123.7261613
v 176.2129530 273.6743422 123.8090817
v 176.1619485 273.5121996 124.2714734
v 174.6118421 274.6262089 123.5758747
v 175.4409611 274.5714999 123.5084321
v 176.2102221 274.1963315 123.5100519
v 176.3173270 273.5983215 123.8846178
v 175.1812832 274.6867617 123.5159991
v 175.0259083 274.5801638 123.5672957
v 175.0857539 274.7288669 123.5167983
v 174.4768828 274.8956922 123.5017103
v 176.2268539 273.9245277 123.5992349
v 176.1805606 274.0768404 123.5392039
v 176.0757293 273.9207834 123.6261080
v 176.0442918 274.0342866 123.5721088
v 176.1043489 273.5950740 123.9873760
v 176.2431166 273.5268956 124.0747943
v 176.1805727 273.6070023 123.9207863
v 175.8765361 274.1996228 123.5353191
v 175.8602268 274.3189595 123.5110413
v 175.9863771 273.7166428 123.8377142
v 175.9278268 273.6910368 123.9030444
v 175.8369883 274.0080745 123.6246133
v 176.0689519 273.5741543 124.0687693
v 175.7169432 274.1329905 123.5871069
v 175.9238412 273.6456913 123.9950242
v 175.8568811 273.8205700 123.7677267
v 175.7074070 273.8630147 123.7855510
v 175.6158052 274.4842986 123.5055343
v 175.7091342 273.7196822 124.0039383
v 175.6510345 274.3227306 123.5301376
v 175.6070736 274.2087645 123.5781277
v 175.7031343 273.7900666 123.8821958
v 175.5998345 274.0536692 123.6623786
v 175.5372385 274.0433300 123.6953491
v 175.5596129 274.1355394 123.6261845
v 175.5155422 274.0711284 123.6828702
v 175.4113160 274.2257274 123.6218663
v 175.4884218 273.9172201 123.8448295
v 175.6029475 273.8836719 123.8148493
v 175.5101181 273.9748509 123.7673014
v 175.4724925 274.0116228 123.7510088
v 175.4554828 274.3097390 123.5711634
v 175.3507857 274.3579267 123.5777295
v 175.3555318 274.0724844 123.7548226
v 175.3399376 274.3864031 123.5694987
v 175.4226602 274.4407825 123.5349133
v 175.3297674 274.4155576 123.5615335
v 175.3840082 274.4908167 123.5292744
v 175.3504843 274.1952959 123.6612362
v 175.3229873 274.4345419 123.5564889
v 175.3175632 274.4528481 123.5518425
v 175.3935549 274.1342492 123.6846986
v 175.3575658 274.5884502 123.5138750
v 175.2972229 274.5308193 123.5337881
v 175.2592543 274.2297828 123.6768963
v 175.3494297 274.6284528 123.5089631
v 175.3473957 274.6325208 123.5086976
v 175.3026470 274.2901257 123.6237949
v 175.2850187 274.3321623 123.6083955
v 175.2334899 274.2840236 123.6526024
v 175.2755266 274.3552147 123.6000320
v 175.3148512 274.6643873 123.5075029
v 175.2687465 274.3741990 123.5935271
v 175.2192517 274.3206361 123.6368048
v 175.2070475 274.3558927 123.6223346
v 175.2897648 274.6948978 123.5059098
v 175.2463721 274.6230287 123.5209110
v 175.2490842 274.4392879 123.5722866
v 175.2362020 274.6440470 123.5181231
v 175.2782386 274.7159161 123.5047150
v 175.2646784 274.7254082 123.5044495
v 175.2169677 274.4668958 123.5705535
v 175.2239978 274.6535392 123.5177249
v 175.1955214 274.6799816 123.5158663
v 175.2192517 274.7552407 123.5041840
v 175.2360739 274.5693169 123.5335589
v 175.1582308 274.5118350 123.5679057
v 175.1955214 274.5755680 123.5396292
v 175.0029665 274.7443925 123.5190524
v 174.9344781 274.7578149 123.5201862
v 174.8910948 274.7613428 123.5214420
v 174.9677099 274.6711674 123.5414878
v 174.9358435 274.6013324 123.5712245
v 174.9991031 274.8415881 123.5049796
v 174.7100548 274.7731334 123.5247218
v 174.9696759 274.5175091 123.6033083
v 174.8936949 274.6801636 123.5445974
v 174.8395660 274.6040444 123.5797208
v 174.8639744 274.6799816 123.5466651
v 174.7058029 274.6702896 123.5574757
v 176.0867901 273.7759444 123.7345776
v 175.9560596 273.8766849 123.6830910
v 175.7405169 273.9281506 123.7099131
v 174.4387553 274.5265894 123.6203298
v 173.5973423 274.3088325 123.4547245
v 174.3936863 274.6757332 123.5437995
v 173.9006854 274.6343668 123.4514879
v 173.9201223 274.7370601 123.4352698
v 173.5147340 274.3653848 123.3819181
v 174.2483223 274.6049602 123.5515747
v 174.1330866 274.7039915 123.4921834
v 174.4019877 274.8140866 123.5091561
v 174.2153557 274.4712423 123.6183263
v 174.0079076 274.5461368 123.5183933
v 173.9825544 274.4122112 123.5856005
v 173.7766860 274.3535493 123.5320271
v 173.7327240 274.4448275 123.4584999
v 174.4468089 277.2346932 123.0925510
v 174.3310953 276.9530643 123.0975685
v 174.4243882 276.8997665 123.1864115
v 174.4330705 276.6578951 123.2588406
v 173.9340978 276.1103300 123.0958963
v 174.4544562 276.4773867 123.3138155
v 174.4856447 276.3031380 123.3631998
v 174.4612363 276.3939914 123.3349233
v 174.3457653 276.3700966 123.2830521
v 174.4838759 276.3027761 123.3621938
v 174.1022042 276.1389857 123.2068895
v 173.7066047 275.3247098 123.2137314
v 174.5302002 276.1218024 123.4096588
v 173.7752052 275.0615673 123.3244188
v 174.6448543 275.7973310 123.4751517
v 174.7362254 275.6051949 123.4957475
v 174.0580942 275.4175070 123.3657382
v 173.2517880 274.7941307 123.0919456
v 174.3974917 275.1927890 123.4824148
v 174.6263132 275.1768617 123.4996335
v 174.5791232 275.9696432 123.4433609
v 173.4565507 274.4286643 123.3331998
v 173.3605781 274.7534718 123.1866616
v 174.1560099 274.8589904 123.4719116
v 173.6191320 274.5452444 123.3739339
v 172.4272056 273.4961757 123.0313161
v 172.7960432 273.8460290 123.1530510
v 173.1411504 274.1606257 123.2528817
v 173.0325891 274.2034830 123.1746400
v 173.0233036 273.9262040 123.2815158
v 173.1770849 274.0799425 123.3054520
v 175.0698126 272.1163716 125.9998707
v 175.2208153 272.3129416 126.0008596
v 174.9609298 271.9489564 125.9999496
v 174.8732019 272.3422368 125.7089594
v 173.8338018 272.8169765 124.5833490
v 174.1781814 272.4837465 125.0533880
v 173.2753964 273.4337988 123.7735409
v 173.5969667 273.2788360 124.1257574
v 173.9452705 270.3746166 125.9999496
v 162.5113061 264.2359121 121.9999542
v 163.6876538 262.6188577 124.0000183
v 166.3522340 262.1408605 125.9999496
v 164.8646796 261.0018033 125.9999496
v 163.3235624 259.9373273 125.9999496
v 161.7315944 258.9494664 125.9999496
v 165.1216455 266.3390998 121.9999542
v 166.4512235 264.8454433 124.0000183
v 169.1497042 264.6318701 125.9999496
v 167.7814796 263.3517867 125.9999496
v 167.5123095 268.6890832 121.9999542
v 168.9829137 267.3330628 124.0000183
v 171.6888525 267.3852696 125.9999496
v 170.4528399 265.9770423 125.9999496
v 169.6616019 271.2621320 121.9999542
v 171.2576380 270.0573079 124.0000183
v 172.8536741 268.8524837 125.9999496
v 172.4333077 276.6489233 121.5156695
v 173.5133780 279.1202705 121.5156695
v 174.5133317 277.5729938 123.0229967
v 174.6269078 277.9146349 122.9957812
v 158.8316536 257.2469721 126.0000460
v 157.2567269 256.6076191 125.7373632
v 158.1386638 256.8349287 125.9999522
v 149.6964304 255.7406883 122.3582893
v 148.4242877 255.7872267 121.5955871
v 155.0646667 256.1588160 124.9641364
v 153.1683207 255.9010487 124.1554861
v 151.4530171 255.7713593 123.3173907
v 156.3658214 256.4069280 125.4423850
v 139.9438962 282.0524558 126.8794013
v 141.2844476 281.3728771 126.8971507
v 140.7431099 280.4722229 126.8431998
v 139.4494664 281.2315944 126.8109407
v 138.9389247 280.3623852 126.6938521
v 140.2638715 279.6563783 126.7539364
v 162.5524558 259.4438962 126.8794013
v 160.9722229 260.2431099 126.8431998
v 139.7932176 278.8544905 126.6213687
v 161.7315944 258.9494664 126.8109407
v 138.4324510 279.4992782 126.5289723
v 160.1563783 259.7638715 126.7539364
v 139.4865286 278.0358977 126.4720875
v 160.8623852 258.4389247 126.6938521
v 137.7924846 278.4090191 126.2523751
v 159.3544905 259.2932176 126.6213687
v 139.1253775 276.9330095 126.2220462
v 159.9992782 257.9324510 126.5289723
v 158.3807701 258.9310383 126.4414120
v 138.8758697 276.0760046 125.9942412
v 156.8977236 258.4628200 126.0865640
v 138.6507703 275.2088295 125.7340444
v 158.9122936 257.2945342 126.2531948
v 155.6776411 258.1433122 125.7242206
v 138.3616479 273.9060010 125.2936457
v 154.7053744 257.9236369 125.3983108
v 138.0625281 272.1704398 124.6116944
v 153.6185240 257.7154878 124.9939437
v 152.5289616 257.5466632 124.5476265
v 137.8589837 270.3319705 123.7752697
v 151.4421112 257.4171633 124.0616159
v 150.3620409 257.3276659 123.5385672
v 137.7736916 268.6490807 122.9053452
v 149.2006094 257.2768151 122.9313527
v 137.7780757 267.1370732 122.0441182
v 137.8195298 266.2468904 121.5000046
v 147.9591727 257.2720691 122.2322728
v 146.7468904 257.3188518 121.5000046
v 152.9550221 294.8473454 125.9994209
v 153.1424749 295.0421454 125.9816498
v 153.3084628 295.2511422 125.9495933
v 153.4548782 295.4706170 125.8979001
v 153.6078123 295.7541232 125.8110875
v 153.7251120 296.0495304 125.6980694
v 153.7963516 296.2907657 125.5802898
v 153.8526914 296.5645422 125.4125380
v 153.1309578 294.4040819 125.5265868
v 153.8943877 295.3004834 124.9029131
v 153.7141235 294.9893215 125.1871237
v 153.5820427 294.8380554 125.3197101
v 153.4241758 294.8513344 125.5422254
v 153.8679492 296.4473434 125.2592849
v 153.7438269 295.4122219 125.3400879
v 153.9240220 295.8287748 124.8485459
v 153.9595353 295.4782139 124.7072796
v 153.8122712 295.6310315 125.2626279
v 153.8545596 294.9578137 124.8950863
v 153.1699879 294.7861736 125.7738924
v 153.8925245 296.2287109 125.0031385
v 153.8651466 296.2246555 125.2343270
v 153.9414112 295.9307743 124.6459548
v 153.9960165 295.6017055 124.4862734
v 153.6154934 295.4378670 125.6163049
v 153.8866646 295.6994077 125.0268740
v 154.6944012 295.8653475 123.5042876
v 154.5675401 295.8456283 123.5296766
v 154.2392189 295.8575168 123.7058572
v 154.0544846 295.8203403 123.9651041
v 154.0884064 295.8525708 123.8881777
v 155.0727622 294.0404258 123.6021766
v 155.2647370 294.1173518 123.5264950
v 155.2301543 294.5660214 123.5177249
v 155.2404999 294.6378573 123.5096454
v 155.1772695 294.6968774 123.5162646
v 155.0241659 294.9755959 123.5102692
v 154.9230978 295.1505935 123.5108790
v 154.7840236 295.0609689 123.5583474
v 154.6770084 295.7104836 123.5134882
v 154.3735287 295.7681361 123.6220104
v 154.0992333 295.7389791 123.9121355
v 154.1615889 295.7488469 123.8144077
v 155.2701569 294.2704090 123.5234333
v 155.2676738 294.3249586 123.5225433
v 155.3693665 294.1584782 123.5067242
v 155.1617010 294.1416244 123.5609129
v 155.3562642 294.3727885 123.5055116
v 155.2647328 294.3700765 123.5215747
v 155.3418685 294.5220066 123.5033011
v 155.1799816 294.2514247 123.5519753
v 155.0999764 294.2663409 123.5864912
v 155.1040444 294.3361760 123.5799863
v 155.1830731 294.3076116 123.5487895
v 155.1813376 294.3524482 123.5467979
v 155.3182956 294.5551733 123.5048478
v 155.2382904 294.5416131 123.5177249
v 155.2121500 294.4504207 123.5292700
v 155.3067695 294.5944979 123.5045823
v 155.0810330 294.5582856 123.5632510
v 155.2586307 294.7131496 123.5040513
v 155.2229314 294.7081402 123.5076403
v 155.2165941 294.7707805 123.5049805
v 155.1277748 294.7416261 123.5205127
v 155.1128586 294.7538303 123.5218402
v 155.1969318 294.7938329 123.5055116
v 155.1833716 294.7992569 123.5065736
v 155.0676826 294.7732746 123.5278738
v 155.0133313 294.8627785 123.5265727
v 155.0667539 294.6975554 123.5417533
v 154.9942068 294.6650109 123.5729503
v 154.8273841 294.8591292 123.5876315
v 154.8072960 295.2133684 123.5274659
v 154.9011572 294.9184704 123.5471482
v 154.9631452 294.7330613 123.5665296
v 154.7839470 294.7954267 123.6301964
v 154.8234854 295.3823442 123.5087526
v 154.6663914 295.4148164 123.5404001
v 154.6997102 294.9763319 123.6141270
v 154.6402854 294.9660475 123.6540627
v 154.7080864 295.0114741 123.6014923
v 154.7149400 295.1817540 123.5603574
v 154.6396755 295.0937140 123.6135032
v 154.6546147 294.8674369 123.6815478
v 154.5161201 294.9657752 123.7493835
v 154.5571331 295.0860354 123.6659934
v 154.4579408 295.1048505 123.7378087
v 154.5446786 295.3587525 123.5993570
v 154.4443405 295.3172567 123.6729137
v 154.4121959 295.0639775 123.8056911
v 154.3618612 295.6473786 123.6502930
v 154.5001814 295.6360998 123.5743267
v 154.3462256 295.1519410 123.8346516
v 154.3880656 295.2718301 123.7347768
v 154.3134845 295.2609819 123.8185443
v 154.2946109 295.3354772 123.8034419
v 154.2647749 295.2358380 123.9017812
v 154.3538596 295.5335578 123.6813789
v 154.2691829 295.5842316 123.7415962
v 154.2062216 295.3189129 123.9461664
v 154.1419479 295.5125237 123.9453239
v 154.1889323 295.4889807 123.8744277
v 154.0952113 295.6291593 123.9712876
v 154.1264834 295.4559837 124.0177770
v 154.1236416 295.6440577 123.9108080
v 154.0734689 295.5118457 124.1351614
v 154.1012673 295.5104897 124.0399771
v 154.0423192 295.6799189 124.0741716
v 154.0006807 295.7465164 124.2011817
v 155.1847276 294.8385815 123.5039185
v 154.4294001 295.8877153 123.5776598
v 153.9439689 295.0352045 124.7171527
v 153.7710763 294.7124716 124.9553124
v 153.5188565 294.4094011 125.1439551
v 155.0246825 293.8299230 123.6091213
v 154.2707244 293.2593068 123.9217921
v 154.8860842 293.4622822 123.5953133
v 154.9101072 293.1552000 123.4364682
v 154.7976507 293.0995421 123.4631436
v 153.9770612 295.2394040 124.6395915
v 154.0056679 294.7958669 124.5752392
v 153.9100386 294.6897709 124.7220943
v 154.1127935 294.5450031 124.4063767
v 153.5715345 294.0965366 124.9094124
v 153.6692465 294.4123194 124.9610359
v 154.0075230 294.4087503 124.5332395
v 153.8440929 293.9575627 124.5760583
v 153.7086994 293.8093620 124.6321904
v 154.2639898 294.3165137 124.2259648
v 153.2361263 294.0948043 125.2111284
v 153.0651473 293.9892966 125.2571787
v 154.1573825 294.1539594 124.3241094
v 153.9032883 293.5320558 124.3319020
v 153.3112597 293.8644744 124.9871929
v 154.0722070 293.9675024 124.3666321
v 154.4416284 294.1348069 124.0512612
v 154.9576610 294.4746511 123.6324454
v 154.7325115 293.9708267 123.8140691
v 154.4269172 293.6390818 123.9767889
v 153.5154652 293.5617867 124.6321401
v 154.4462729 293.8788859 124.0203933
v 154.1254521 293.6058562 124.1968294
v 153.8445289 293.3075237 124.2386800
v 154.4366871 293.3924905 123.8753760
v 154.9290779 293.6478152 123.6278167
v 154.0400100 295.4769786 124.3235794
v 154.0362811 295.3033971 124.4404407
v 154.0988599 295.3110493 124.2362520
v 154.0964060 295.1219584 124.3423571
v 154.1927899 295.1114616 124.1316381
v 154.1782710 294.9405934 124.2424745
v 154.0521707 294.9814819 124.4766149
v 154.1639007 294.7315620 124.3181217
v 154.3589277 294.8763591 123.9832755
v 154.3158941 294.7261777 124.1025772
v 154.5459791 294.6966363 123.8524545
v 154.4880172 294.5521684 123.9585381
v 153.8632589 294.3422319 124.6936566
v 154.3025179 294.5229015 124.1670072
v 153.3818985 294.2480346 125.1872328
v 154.4526128 294.3607853 124.0299420
v 154.7223333 294.5914448 123.7447056
v 154.6955615 294.4080986 123.8122881
v 154.6367212 294.2278739 123.8850144
v 154.8708303 294.1574226 123.7218606
v 155.2596072 293.5885157 123.4694282
v 155.0837041 293.5903647 123.5243626
v 155.2787523 293.8611903 123.5122155
v 155.1487465 293.8724172 123.5525916
v 155.0227932 293.1332332 123.3846696
v 154.9944890 293.3468452 123.4844971
v 153.4683315 293.3342248 126.6204049
v 151.7187394 292.2051898 126.6213687
v 150.2562713 291.1569860 126.6213687
v 148.8466881 290.0375911 126.6213687
v 147.4940577 288.8503952 126.6213687
v 146.2017702 287.5981104 126.6213687
v 144.9725376 286.2841265 126.6213687
v 143.8090721 284.9104778 126.6213687
v 142.7147636 283.4819103 126.6213687
v 141.6916462 282.0011360 126.6213687
v 140.7431099 280.4722229 126.6213687
v 153.8019228 293.5923614 126.6219743
v 154.1444841 293.9149280 126.6219884
v 161.6256196 296.5354982 126.2659563
v 161.5808879 296.0461854 125.7758117
v 161.4507242 295.4527910 125.1764937
v 161.3525866 295.1748746 125.0584619
v 161.2983458 295.0379165 125.0000504
v 161.2949558 295.0297804 125.0000504
v 161.2034244 294.8263773 124.8355688
v 161.0157618 294.4767235 124.5571292
v 160.7636699 294.1074330 124.2836319
v 160.4881074 293.7785044 124.0593414
v 160.1968091 293.4949276 123.8882250
v 159.8898493 293.2468014 123.7596129
v 159.4396496 292.9573874 123.6499669
v 158.9681588 292.7321062 123.6163960
v 158.4595201 292.5635535 123.6592340
v 157.9415129 292.4613587 123.7756583
v 157.4293980 292.4231786 123.9560062
v 156.9365873 292.4464171 124.1914217
v 156.4555447 292.5244509 124.4758204
v 156.0770093 292.6282933 124.7410985
v 155.8776541 292.6981033 124.8953079
v 155.7495102 292.7489540 125.0000504
v 155.7454421 292.7509881 125.0000504
v 155.5542432 292.8357393 125.0791714
v 155.2026469 293.0209008 125.2380248
v 154.9231556 293.2030915 125.5633609
v 154.4653212 293.5738579 126.1507104
v 161.6213752 296.8885053 126.6221321
v 161.9707074 296.8860267 126.6217475
v 161.9178426 295.4395325 125.1769469
v 162.4013879 294.8776367 124.5907841
v 162.2448481 296.9017666 126.6213687
v 162.2724915 295.4548829 125.1767436
v 161.9297396 295.3654311 125.1474116
v 161.3254662 295.0358825 125.0000504
v 162.5711057 291.7548912 121.4999963
v 162.8890823 291.8129357 121.5000081
v 162.1447267 294.8764542 124.6275795
v 161.5450311 291.4363709 121.5000070
v 160.4216786 291.8865250 122.2999771
v 160.6291497 291.1102033 121.5000046
v 159.8582095 291.6714882 122.2999791
v 158.9924331 290.4389732 121.5000046
v 160.0664012 290.8932400 121.5000046
v 155.7291698 292.7381059 125.0000504
v 154.9535889 292.5003549 125.1610412
v 155.9000284 288.8097146 121.5000046
v 159.7782469 292.7882786 123.3702358
v 156.9075516 289.3961935 121.5000046
v 157.2967295 291.7082083 123.3702358
v 157.9394832 289.9399577 121.5000046
v 160.1897991 290.7623841 122.2999771
v 160.1104719 290.7298396 122.2999771
v 160.2704823 290.7915385 122.2999771
v 160.3525216 290.8173029 122.2999771
v 160.4359168 290.8396772 122.2999771
v 160.5199901 290.8586615 122.2999771
v 160.6047414 290.8735777 122.2999771
v 160.6901707 290.8851039 122.2999771
v 150.1228741 271.0713033 122.2999886
v 149.6935228 271.4479068 122.2999771
v 150.2725436 271.6031712 122.2999771
v 150.4000095 271.1299200 122.2999771
v 154.7765655 266.3648642 122.2999771
v 154.3835168 266.7376389 122.2999884
v 154.3033143 266.4916521 122.2999771
v 154.9318298 266.9445629 122.2999771
v 154.4596313 267.0709781 122.2999779
v 158.2337396 286.6434720 122.2999771
v 157.8872764 286.2970087 122.2999771
v 158.4122038 286.4459711 122.2999865
v 158.3117108 285.8725743 122.2999771
v 158.6571863 286.2181772 122.2999754
v 164.6761928 287.5777700 122.2999771
v 164.2835958 287.9541172 122.2999889
v 164.2022636 287.7045580 122.2999771
v 164.8314571 288.1574688 122.2999771
v 164.3596781 288.2836200 122.2999765
v 149.4568973 266.4272411 122.2999771
v 149.4019784 266.4977542 122.2999771
v 149.5145281 266.3587621 122.2999771
v 149.5755491 266.2929951 122.2999771
v 149.6392820 266.2299401 122.2999771
v 149.4665646 265.4307413 122.3005570
v 149.7057270 266.1695972 122.2999771
v 149.7748841 266.1126444 122.2999771
v 149.8467531 266.0590816 122.2999771
v 149.9206563 266.0082308 122.2999771
v 149.9965934 265.9607701 122.2999771
v 162.3262093 290.3115073 125.7000595
v 162.3262093 290.3115073 121.5000046
v 162.2536622 290.3799863 121.5000046
v 162.2536622 290.3799863 125.7000595
v 162.1784031 290.4450753 121.5000046
v 162.1784031 290.4450753 125.7000595
v 162.0997539 290.5060962 121.5000046
v 162.0997539 290.5060962 125.7000595
v 162.0183927 290.5630491 121.5000046
v 162.0177147 290.5637271 125.7000595
v 161.9336414 290.6166119 121.5000046
v 161.9336414 290.6166119 125.7000595
v 161.8468561 290.6654286 121.5000046
v 161.8461781 290.6654286 125.7000595
v 161.7580368 290.7094993 121.5000046
v 161.7573587 290.7094993 125.7000595
v 161.6665054 290.7495019 121.5000046
v 161.6658274 290.7495019 125.7000595
v 161.5736180 290.7847584 121.5000046
v 161.5722620 290.7847584 125.7000595
v 161.4786965 290.8152689 121.5000046
v 161.4773405 290.8152689 125.7000595
v 161.3824191 290.8410333 121.5000046
v 161.3810631 290.8410333 125.7000595
v 161.2847856 290.8620516 121.5000046
v 161.2834296 290.8620516 125.7000595
v 161.1864741 290.8783238 121.5000046
v 161.1851181 290.8783238 125.7000595
v 161.0874846 290.8891720 121.5000046
v 161.0861286 290.8898500 125.7000595
v 160.9884951 290.8959521 121.5000046
v 160.9864611 290.8959521 125.7000595
v 160.8888276 290.8973081 121.5000046
v 160.8867936 290.8973081 125.7000595
v 160.7891601 290.8932400 121.5000046
v 160.6901707 290.8851039 121.5000046
v 160.7871261 290.8932400 125.7000595
v 160.6881366 290.8844259 125.7000595
v 160.5891471 290.8708657 125.7000595
v 160.4915137 290.8525594 125.7000595
v 160.3945582 290.8288291 125.7000595
v 160.2989588 290.8010306 125.7000595
v 160.2047153 290.7678081 125.7000595
v 160.0202965 290.6871249 121.5000046
v 160.1104719 290.7298396 121.5000046
v 160.1118279 290.7305176 125.7000595
v 160.0216526 290.6884810 125.7000595
v 159.9335112 290.6416982 125.7000595
v 159.9321552 290.6410202 121.5000046
v 159.8480820 290.5908475 125.7000595
v 159.8467259 290.5894915 121.5000046
v 159.7646867 290.5352506 125.7000595
v 159.7633307 290.5345726 121.5000046
v 159.6846815 290.4762638 125.7000595
v 159.6833255 290.4755857 121.5000046
v 159.6073883 290.4132088 125.7000595
v 159.6067103 290.4125308 121.5000046
v 159.5334852 290.3460858 125.7000595
v 159.5328072 290.3454078 121.5000046
v 159.4629721 290.2755727 125.7000595
v 159.4622941 290.2748947 121.5000046
v 159.3958491 290.2016696 125.7000595
v 159.3951711 290.2009916 121.5000046
v 159.3327942 290.1243764 125.7000595
v 159.3321162 290.1236984 121.5000046
v 159.2738073 290.0443712 125.7000595
v 159.2731293 290.0436932 121.5000046
v 159.2182105 289.9609760 125.7000595
v 159.2182105 289.9609760 121.5000046
v 159.1673597 289.8755467 125.7000595
v 159.1673597 289.8748687 121.5000046
v 159.1212550 289.7874054 125.7000595
v 159.1205770 289.7867274 121.5000046
v 159.0785403 289.6972300 125.7000595
v 159.0785403 289.6965520 121.5000046
v 159.0412498 289.6043426 125.7000595
v 159.0412498 289.6043426 121.5000046
v 159.0080273 289.5107772 125.7000595
v 159.0080273 289.5100992 121.5000046
v 158.9802289 289.4144997 125.7000595
v 158.9802289 289.4144997 121.5000046
v 158.9564985 289.3182223 121.5000046
v 158.9564985 289.3175443 125.7000595
v 158.9381922 289.2199108 121.5000046
v 158.9381922 289.2199108 125.7000595
v 158.9246320 289.1215993 121.5000046
v 158.9246320 289.1209213 125.7000595
v 158.9158179 289.0219318 121.5000046
v 158.9158179 289.0219318 125.7000595
v 158.9124278 288.9229423 121.5000046
v 158.9117498 288.9222643 125.7000595
v 158.9131059 288.8232748 121.5000046
v 158.9131059 288.8225968 125.7000595
v 158.9192079 288.7236073 121.5000046
v 158.9192079 288.7229293 125.7000595
v 158.9307341 288.6246178 121.5000046
v 158.9307341 288.6239398 125.7000595
v 158.9463284 288.5263063 121.5000046
v 158.9470064 288.5256283 125.7000595
v 158.9673467 288.4286729 121.5000046
v 158.9680247 288.4279949 125.7000595
v 158.9931111 288.3323954 121.5000046
v 158.9937891 288.3317174 125.7000595
v 159.0236215 288.2381520 121.5000046
v 159.0242995 288.2367960 125.7000595
v 159.0588781 288.1445866 121.5000046
v 159.0595561 288.1432306 125.7000595
v 159.0988807 288.0530552 121.5000046
v 159.0995587 288.0516992 125.7000595
v 159.1429513 287.9642359 121.5000046
v 159.1436293 287.9628799 125.7000595
v 159.1917681 287.8774506 121.5000046
v 159.1924461 287.8754165 125.7000595
v 159.2446529 287.7926993 121.5000046
v 159.2453309 287.7913433 125.7000595
v 159.3016057 287.7113381 123.7999588
v 159.3016057 287.7113381 121.5000046
v 159.3029617 287.7093040 125.7000595
v 159.4325339 287.5473003 123.8001635
v 159.3639827 287.6306548 125.7000595
v 159.4290716 287.5553957 125.7000595
v 159.4975507 287.4828486 125.7000595
v 159.5700978 287.4143696 125.7000595
v 159.6211534 287.3684639 123.7999160
v 159.6453569 287.3492806 125.7000595
v 159.7260401 287.2869037 123.7999588
v 159.7260401 287.2869037 121.5000046
v 159.8074013 287.2299508 121.5000046
v 159.7240061 287.2882597 125.7000595
v 159.8060453 287.2306288 125.7000595
v 159.8901186 287.1777440 125.7000595
v 159.8921526 287.1770660 121.5000046
v 159.9775819 287.1289273 125.7000595
v 159.9789379 287.1282493 121.5000046
v 160.0664012 287.0848566 125.7000595
v 160.0677573 287.0841786 121.5000046
v 160.1579326 287.0448540 125.7000595
v 160.1592886 287.0441760 121.5000046
v 160.2514980 287.0095975 125.7000595
v 160.2528541 287.0089195 121.5000046
v 160.3464195 286.9790870 125.7000595
v 160.3470975 286.9784090 121.5000046
v 160.4426969 286.9533226 125.7000595
v 160.4433749 286.9526446 121.5000046
v 160.5403304 286.9323043 125.7000595
v 160.5410084 286.9316263 121.5000046
v 160.6386419 286.9160321 125.7000595
v 160.6393199 286.9160321 121.5000046
v 160.7376314 286.9045059 125.7000595
v 160.7383094 286.9045059 121.5000046
v 160.8372989 286.8984038 125.7000595
v 160.8379769 286.8984038 121.5000046
v 160.9369664 286.8970478 125.7000595
v 160.9376444 286.8970478 121.5000046
v 161.0366339 286.9011158 125.7000595
v 161.0366339 286.9011158 121.5000046
v 161.1356234 286.9099300 125.7000595
v 161.1363014 286.9099300 121.5000046
v 161.2346129 286.9234902 125.7000595
v 161.2346129 286.9234902 121.5000046
v 161.3329243 286.9417965 125.7000595
v 161.3329243 286.9417965 121.5000046
v 161.4298798 286.9655268 125.7000595
v 161.4298798 286.9655268 121.5000046
v 161.5248012 286.9933252 121.5000046
v 161.5254792 286.9933252 125.7000595
v 161.6190447 287.0265477 121.5000046
v 161.6190447 287.0265477 125.7000595
v 161.7112540 287.0638383 121.5000046
v 161.7119321 287.0638383 125.7000595
v 161.8014294 287.1058749 121.5000046
v 161.8021074 287.1058749 125.7000595
v 161.8895707 287.1526576 121.5000046
v 161.8902487 287.1526576 125.7000595
v 161.9756780 287.2035084 121.5000046
v 161.9756780 287.2035084 125.7000595
v 162.0583953 287.2584272 121.5000046
v 162.0590733 287.2591052 125.7000595
v 162.1384005 287.3174141 121.5000046
v 162.1390785 287.3180921 125.7000595
v 162.2156937 287.3804691 121.5000046
v 162.2163717 287.3811471 125.7000595
v 162.2895968 287.4475921 121.5000046
v 162.2902748 287.4482701 125.7000595
v 162.3601098 287.5181051 121.5000046
v 162.3607878 287.5187832 125.7000595
v 162.4272328 287.5913303 121.5000046
v 162.4279109 287.5926863 125.7000595
v 162.4902878 287.6686234 121.5000046
v 162.4909658 287.6699794 125.7000595
v 162.5492747 287.7486286 121.5000046
v 162.5499527 287.7499846 125.7000595
v 162.6041935 287.8320239 121.5000046
v 162.6055495 287.8333799 125.7000595
v 162.6557223 287.9174532 121.5000046
v 162.6564003 287.9188092 125.7000595
v 162.7018270 288.0055945 121.5000046
v 162.7031830 288.0069505 125.7000595
v 162.7445416 288.0957699 123.7999588
v 162.7445416 288.0957699 121.5000046
v 162.7452196 288.0971259 125.7000595
v 162.8214459 288.2944750 123.8002406
v 162.7825102 288.1900133 125.7000595
v 162.8157327 288.2835787 125.7000595
v 162.8435311 288.3798561 125.7000595
v 162.8672615 288.4761336 125.7000595
v 162.8808956 288.5423184 123.7995536
v 162.8855678 288.5744451 125.7000595
v 162.8998060 288.6754686 123.7999588
v 162.8998060 288.6754686 121.5000046
v 162.9079421 288.7744581 121.5000046
v 162.8991280 288.6734346 125.7000595
v 162.9079421 288.7724241 125.7000595
v 162.9120102 288.8720916 125.7000595
v 162.9120102 288.8741256 121.5000046
v 162.9106541 288.9717591 125.7000595
v 162.9106541 288.9737931 121.5000046
v 162.9045520 289.0714266 125.7000595
v 162.9038740 289.0727826 121.5000046
v 162.8930259 289.1704161 125.7000595
v 162.8930259 289.1717721 121.5000046
v 162.8767536 289.2687275 125.7000595
v 162.8767536 289.2700836 121.5000046
v 162.8564133 289.3663610 125.7000595
v 162.8557353 289.3677170 121.5000046
v 162.8299709 289.4626385 125.7000595
v 162.8299709 289.4639945 121.5000046
v 162.7994605 289.5575599 125.7000595
v 162.7994605 289.5589159 121.5000046
v 162.7642039 289.6511253 125.7000595
v 162.7642039 289.6518033 121.5000046
v 162.7242013 289.7426567 125.7000595
v 162.7242013 289.7433347 121.5000046
v 162.6801307 289.8314760 125.7000595
v 162.6801307 289.8321540 121.5000046
v 162.6313139 289.9189393 125.7000595
v 162.6313139 289.9189393 121.5000046
v 162.5784291 290.0030126 125.7000595
v 162.5777511 290.0036906 121.5000046
v 162.5207983 290.0850519 125.7000595
v 162.5207983 290.0850519 121.5000046
v 162.4597773 290.1637010 125.7000595
v 162.4597773 290.1637010 121.5000046
v 162.3946884 290.2389602 125.7000595
v 162.3946884 290.2389602 121.5000046
v 159.2158102 287.1925513 123.3952771
v 160.9010318 289.7968975 125.7000595
v 160.9457805 289.7962195 125.7000595
v 160.8556051 289.7955415 125.7000595
v 160.9905292 289.7935075 125.7000595
v 160.8108565 289.7914734 125.7000595
v 161.0352779 289.7887614 125.7000595
v 160.7667858 289.7853713 125.7000595
v 161.0793485 289.7813033 125.7000595
v 160.7227151 289.7772352 125.7000595
v 161.1234192 289.7718111 125.7000595
v 160.6793225 289.7663870 125.7000595
v 161.1661338 289.7602850 125.7000595
v 160.6359298 289.7535049 125.7000595
v 161.2088485 289.7467248 125.7000595
v 160.5938932 289.7392666 125.7000595
v 161.2508851 289.7304525 125.7000595
v 160.5518566 289.7223164 125.7000595
v 161.2922437 289.7128242 125.7000595
v 160.5111760 289.7033321 125.7000595
v 161.3322463 289.6931619 125.7000595
v 160.4718514 289.6823138 125.7000595
v 161.3715709 289.6707876 125.7000595
v 160.4332048 289.6592614 125.7000595
v 161.4095395 289.6470572 125.7000595
v 160.3959142 289.6341751 125.7000595
v 161.4461521 289.6212929 125.7000595
v 160.3593017 289.6077327 125.7000595
v 161.4820866 289.5934944 125.7000595
v 160.3247231 289.5792562 125.7000595
v 161.5159871 289.5643400 125.7000595
v 160.2915006 289.5494238 125.7000595
v 161.5485316 289.5338295 125.7000595
v 160.2596342 289.5175573 125.7000595
v 161.5790421 289.5012851 125.7000595
v 160.2298017 289.4843348 125.7000595
v 161.6081965 289.4667065 125.7000595
v 160.2013253 289.4497563 125.7000595
v 161.6359949 289.4314500 125.7000595
v 160.1748829 289.4131437 125.7000595
v 161.6617593 289.3948374 125.7000595
v 160.1497965 289.3758532 125.7000595
v 161.6854897 289.3568689 125.7000595
v 160.1267442 289.3372066 125.7000595
v 161.7078640 289.3175443 125.7000595
v 160.1057258 289.2978820 125.7000595
v 161.7275263 289.2775417 125.7000595
v 160.0867416 289.2572014 125.7000595
v 161.7458326 289.2361831 125.7000595
v 160.0697913 289.2151647 125.7000595
v 161.7614268 289.1941464 125.7000595
v 160.0555531 289.1731281 125.7000595
v 161.7749870 289.1514318 125.7000595
v 160.0426709 289.1304135 125.7000595
v 161.7865132 289.1080391 125.7000595
v 160.0318227 289.0863428 125.7000595
v 161.7960053 289.0646465 125.7000595
v 160.0236866 289.0422721 125.7000595
v 161.8034634 289.0198978 125.7000595
v 160.0175845 288.9982015 125.7000595
v 161.8082095 288.9758271 125.7000595
v 160.0135164 288.9534528 125.7000595
v 161.8115996 288.9310785 125.7000595
v 160.0121604 288.9087041 125.7000595
v 161.8115996 288.8856518 125.7000595
v 160.0128384 288.8632774 125.7000595
v 160.0155505 288.8185288 125.7000595
v 161.8102435 288.8409031 125.7000595
v 160.0202965 288.7744581 125.7000595
v 161.8061755 288.7961544 125.7000595
v 161.8000734 288.7520838 125.7000595
v 160.0277547 288.7297094 125.7000595
v 161.7919373 288.7080131 125.7000595
v 161.7810891 288.6639424 125.7000595
v 160.0487730 288.6429241 125.7000595
v 160.0372468 288.6856388 125.7000595
v 161.7688849 288.6212278 125.7000595
v 160.0786054 288.5581728 125.7000595
v 160.0623332 288.6002095 125.7000595
v 161.7539687 288.5785131 125.7000595
v 161.7370184 288.5371545 125.7000595
v 161.7180341 288.4964739 125.7000595
v 160.0962337 288.5168142 125.7000595
v 160.1382703 288.4374870 125.7000595
v 160.1158960 288.4768116 125.7000595
v 161.6970158 288.4571493 125.7000595
v 161.6739635 288.4185027 125.7000595
v 160.1877651 288.3629059 125.7000595
v 160.1620007 288.3995184 125.7000595
v 161.6488771 288.3812122 125.7000595
v 160.2155635 288.3269713 125.7000595
v 161.6224347 288.3445996 125.7000595
v 160.2447179 288.2930708 125.7000595
v 161.5939583 288.3100211 125.7000595
v 160.2752284 288.2605263 125.7000595
v 161.5641258 288.2767986 125.7000595
v 161.5322593 288.2449321 125.7000595
v 160.3423514 288.2008614 125.7000595
v 160.3077729 288.2300159 125.7000595
v 161.4990368 288.2150997 125.7000595
v 160.3776079 288.1730630 125.7000595
v 161.4644583 288.1866232 125.7000595
v 160.4142205 288.1472986 125.7000595
v 161.4278458 288.1601808 125.7000595
v 161.3905552 288.1350945 125.7000595
v 160.4915137 288.1011939 125.7000595
v 160.4521891 288.1235683 125.7000595
v 161.3519086 288.1120421 125.7000595
v 160.5315163 288.0815316 125.7000595
v 161.3125840 288.0910238 125.7000595
v 161.2719034 288.0720395 125.7000595
v 160.6149115 288.0476311 125.7000595
v 160.5728749 288.0632254 125.7000595
v 161.2305448 288.0550892 125.7000595
v 160.6576262 288.0340709 125.7000595
v 161.1878302 288.0408510 125.7000595
v 161.1451155 288.0279688 125.7000595
v 160.7444115 288.0130526 125.7000595
v 160.7010188 288.0225448 125.7000595
v 161.1010448 288.0171207 125.7000595
v 160.7891601 288.0055945 125.7000595
v 161.0569742 288.0089845 125.7000595
v 160.8332308 288.0008484 125.7000595
v 161.0129035 288.0028825 125.7000595
v 160.8779795 287.9974584 125.7000595
v 160.9681548 287.9988144 125.7000595
v 160.9234062 287.9974584 125.7000595
v 151.0014046 268.5839916 125.7000595
v 151.0875119 269.6823682 125.7000595
v 150.9878444 269.6837242 125.7000595
v 151.0461532 268.5833136 125.7000595
v 151.1865013 269.6762661 125.7000595
v 150.9566559 268.5819576 125.7000595
v 150.8881768 269.6803342 125.7000595
v 151.0909019 268.5806016 125.7000595
v 151.2861689 269.6654180 125.7000595
v 150.9119072 268.5785676 125.7000595
v 150.7885093 269.6715200 125.7000595
v 151.1356506 268.5751775 125.7000595
v 151.3844803 269.6491457 125.7000595
v 150.8671585 268.5724655 125.7000595
v 150.6895199 269.6579598 125.7000595
v 151.1797212 268.5683974 125.7000595
v 151.4814358 269.6281274 125.7000595
v 150.8230879 268.5636513 125.7000595
v 150.5918864 269.6389756 125.7000595
v 151.2237919 268.5589053 125.7000595
v 151.5783913 269.6023630 125.7000595
v 150.7796952 268.5534812 125.7000595
v 150.4949309 269.6159232 125.7000595
v 151.2671846 268.5473791 125.7000595
v 151.6733127 269.5718525 125.7000595
v 150.7363026 268.5405990 125.7000595
v 150.3993315 269.5874468 125.7000595
v 151.3098992 268.5331409 125.7000595
v 151.7662001 269.5365960 125.7000595
v 150.6942659 268.5256828 125.7000595
v 150.3050881 269.5549023 125.7000595
v 151.3519358 268.5175466 125.7000595
v 151.8577315 269.4965934 125.7000595
v 150.6522293 268.5087325 125.7000595
v 150.2128787 269.5169337 125.7000595
v 151.3926165 268.4999184 125.7000595
v 151.9472288 269.4525227 125.7000595
v 150.6115487 268.4897482 125.7000595
v 150.1220253 269.4748971 125.7000595
v 151.4332971 268.4795781 125.7000595
v 152.0340141 269.4037060 125.7000595
v 150.5722241 268.4687299 125.7000595
v 150.0338840 269.4281144 125.7000595
v 151.4719437 268.4578817 125.7000595
v 152.1180874 269.3501432 125.7000595
v 150.5335775 268.4463556 125.7000595
v 149.9484547 269.3772636 125.7000595
v 151.5099122 268.4341514 125.7000595
v 152.2001266 269.2931903 125.7000595
v 150.4962869 268.4212692 125.7000595
v 149.8650594 269.3223448 125.7000595
v 151.5472028 268.4083870 125.7000595
v 152.2787758 269.2321694 125.7000595
v 150.4603524 268.3948268 125.7000595
v 149.7850542 269.2633579 125.7000595
v 151.5824593 268.3805886 125.7000595
v 152.3547130 269.1670804 125.7000595
v 150.4250959 268.3663504 125.7000595
v 149.7077610 269.1996249 125.7000595
v 151.6163598 268.3514341 125.7000595
v 152.4265820 269.0979234 125.7000595
v 150.3918734 268.3358399 125.7000595
v 149.6338579 269.1331799 125.7000595
v 151.6489043 268.3202457 125.7000595
v 152.4950611 269.0260543 125.7000595
v 150.3606849 268.3039734 125.7000595
v 149.5633449 269.0626669 125.7000595
v 151.6800928 268.2877012 125.7000595
v 152.5601501 268.9501172 125.7000595
v 150.3301744 268.2707509 125.7000595
v 149.4962219 268.9887637 125.7000595
v 151.7092472 268.2538007 125.7000595
v 150.3016980 268.2361724 125.7000595
v 149.4331669 268.9114706 125.7000595
v 151.7363676 268.2185441 125.7000595
v 152.6788018 268.7901068 125.7000595
v 152.6218490 268.8714680 125.7000595
v 150.2752556 268.2002379 125.7000595
v 149.3741800 268.8307874 125.7000595
v 151.7621320 268.1819316 125.7000595
v 152.7316866 268.7053555 125.7000595
v 150.2501692 268.1629473 125.7000595
v 149.3192612 268.7480701 125.7000595
v 151.7865404 268.1439630 125.7000595
v 152.7805034 268.6185702 125.7000595
v 150.2277949 268.1243007 125.7000595
v 149.2684104 268.6619628 125.7000595
v 151.8082367 268.1046384 125.7000595
v 152.8252521 268.5290728 125.7000595
v 150.2067766 268.0842981 125.7000595
v 149.2216277 268.5738215 125.7000595
v 151.8278990 268.0646358 125.7000595
v 150.1877923 268.0436175 125.7000595
v 149.1795911 268.4836461 125.7000595
v 151.8462053 268.0232772 125.7000595
v 152.8652547 268.4375414 125.7000595
v 150.1708420 268.0022589 125.7000595
v 149.1416225 268.3914367 125.7000595
v 151.8617995 267.9812406 125.7000595
v 152.9005112 268.3446540 125.7000595
v 150.1559258 267.9602222 125.7000595
v 149.1090780 268.2971933 125.7000595
v 151.8760377 267.9385259 125.7000595
v 152.9567860 268.1534552 125.7000595
v 152.9310217 268.2497326 125.7000595
v 150.1430436 267.9168296 125.7000595
v 149.0806016 268.2015939 125.7000595
v 151.8875639 267.8951333 125.7000595
v 152.9778044 268.0558217 125.7000595
v 150.1328735 267.8734369 125.7000595
v 149.0568712 268.1046384 125.7000595
v 151.8970561 267.8510626 125.7000595
v 152.9933986 267.9575102 125.7000595
v 150.1240593 267.8293663 125.7000595
v 149.0385650 268.0070049 125.7000595
v 151.9038362 267.8069919 125.7000595
v 153.0049248 267.8585207 125.7000595
v 150.1179572 267.7846176 125.7000595
v 149.0250048 267.9080155 125.7000595
v 151.9092602 267.7622433 125.7000595
v 153.0110269 267.7588532 125.7000595
v 150.1138892 267.7398689 125.7000595
v 149.0161906 267.8083479 125.7000595
v 151.9119723 267.7174946 125.7000595
v 150.1125332 267.6951202 125.7000595
v 149.0128006 267.7086804 125.7000595
v 153.0123829 267.6591857 125.7000595
v 151.9126503 267.6727459 125.7000595
v 150.1132112 267.6503716 125.7000595
v 149.0141566 267.6090129 125.7000595
v 153.0083148 267.5595182 125.7000595
v 151.9106163 267.6279972 125.7000595
v 149.0202587 267.5093454 125.7000595
v 150.1206693 267.5608742 125.7000595
v 150.1159232 267.6056229 125.7000595
v 153.0001787 267.4598507 125.7000595
v 151.9065482 267.5832486 125.7000595
v 149.0311068 267.4103559 125.7000595
v 150.1281274 267.5168036 125.7000595
v 152.9859405 267.3615392 125.7000595
v 151.9004461 267.5384999 125.7000595
v 149.0473791 267.3120445 125.7000595
v 150.1376195 267.4727329 125.7000595
v 152.9676342 267.2632277 125.7000595
v 151.8923100 267.4944292 125.7000595
v 149.0683974 267.2144110 125.7000595
v 152.9445819 267.1662723 125.7000595
v 151.8814618 267.4510366 125.7000595
v 149.0941618 267.1181335 125.7000595
v 150.1491457 267.4293402 125.7000595
v 152.9161054 267.0706728 125.7000595
v 151.8692576 267.4083219 125.7000595
v 149.1246723 267.0232121 125.7000595
v 150.1789782 267.3445890 125.7000595
v 150.1627059 267.3866256 125.7000595
v 152.8828829 266.9764294 125.7000595
v 151.8543414 267.3656073 125.7000595
v 149.1599288 266.9303247 125.7000595
v 152.8455924 266.8842200 125.7000595
v 151.8373912 267.3242486 125.7000595
v 149.1999314 266.8387933 125.7000595
v 150.1966064 267.3039083 125.7000595
v 152.8035557 266.7940447 125.7000595
v 151.8184069 267.2835680 125.7000595
v 149.2440021 266.7492960 125.7000595
v 150.2386431 267.2245811 125.7000595
v 150.2169467 267.2632277 125.7000595
v 152.7567730 266.7059033 125.7000595
v 151.7973886 267.2435654 125.7000595
v 149.2928188 266.6625107 125.7000595
v 150.2623734 267.1866126 125.7000595
v 152.7059223 266.6197960 125.7000595
v 151.7743362 267.2049188 125.7000595
v 149.3463816 266.5777594 125.7000595
v 150.2881378 267.1493220 125.7000595
v 152.6510034 266.5370788 125.7000595
v 151.7499278 267.1676283 125.7000595
v 149.4033345 266.4963982 125.7000595
v 150.3159362 267.1140655 125.7000595
v 152.5913385 266.4563956 125.7000595
v 151.7228074 267.1316937 125.7000595
v 149.4643554 266.4177490 125.7000595
v 150.3450907 267.0801650 125.7000595
v 152.5282836 266.3791024 125.7000595
v 151.6943310 267.0971152 125.7000595
v 149.5294444 266.3418118 125.7000595
v 150.3762791 267.0476205 125.7000595
v 152.4611606 266.3051993 125.7000595
v 151.6644986 267.0638927 125.7000595
v 149.5979234 266.2699428 125.7000595
v 150.4088236 267.0164320 125.7000595
v 152.3906475 266.2346862 125.7000595
v 151.6326321 267.0320262 125.7000595
v 149.6704705 266.2007857 125.7000595
v 150.4427241 266.9872776 125.7000595
v 152.3167444 266.1682412 125.7000595
v 151.5994096 267.0015158 125.7000595
v 149.7464076 266.1356967 125.7000595
v 150.4779807 266.9601572 125.7000595
v 152.2401292 266.1051863 125.7000595
v 151.5648311 266.9730394 125.7000595
v 149.8250568 266.0746758 125.7000595
v 150.5145932 266.9343928 125.7000595
v 152.1594460 266.0455214 125.7000595
v 151.5288965 266.9465970 125.7000595
v 149.9064180 266.0177229 125.7000595
v 152.0767288 265.9906025 125.7000595
v 151.4916059 266.9221886 125.7000595
v 149.9911693 265.9648382 125.7000595
v 150.5525618 266.9099844 125.7000595
v 151.9906215 265.9397518 125.7000595
v 151.4529594 266.8991362 125.7000595
v 150.0779546 265.9160214 125.7000595
v 150.6318890 266.8686258 125.7000595
v 150.5918864 266.8882881 125.7000595
v 151.9024801 265.8929691 125.7000595
v 151.4129568 266.8781179 125.7000595
v 150.1674520 265.8712727 125.7000595
v 150.6732476 266.8503195 125.7000595
v 151.8123048 265.8509324 125.7000595
v 151.3722761 266.8591336 125.7000595
v 150.2583054 265.8312701 125.7000595
v 151.7200954 265.8129639 125.7000595
v 151.3309175 266.8421834 125.7000595
v 150.3518708 265.7960136 125.7000595
v 150.7152842 266.8347253 125.7000595
v 151.6258520 265.7804194 125.7000595
v 151.2882029 266.8272672 125.7000595
v 150.4467922 265.7655031 125.7000595
v 150.7579989 266.8204871 125.7000595
v 151.5302525 265.7519429 125.7000595
v 151.2454882 266.8143850 125.7000595
v 150.5430696 265.7397388 125.7000595
v 150.8454622 266.7994687 125.7000595
v 150.8013915 266.8089609 125.7000595
v 151.4332971 265.7288906 125.7000595
v 151.2020956 266.8042148 125.7000595
v 150.6407031 265.7187204 125.7000595
v 151.3349856 265.7099063 125.7000595
v 151.1573469 266.7960787 125.7000595
v 150.7390146 265.7024482 125.7000595
v 150.8895329 266.7926886 125.7000595
v 151.2366741 265.6963461 125.7000595
v 151.1132762 266.7892986 125.7000595
v 150.8380041 265.6916000 125.7000595
v 150.9342815 266.7872646 125.7000595
v 151.1370066 265.6875320 125.7000595
v 151.0685276 266.7859085 125.7000595
v 150.9376716 265.6854979 125.7000595
v 151.0237789 266.7838745 125.7000595
v 150.9790302 266.7845525 125.7000595
v 151.0373391 265.6841419 125.7000595
v 152.4265820 269.0979234 121.5000046
v 152.3547130 269.1670804 121.5000046
v 152.2787758 269.2314914 121.5000046
v 152.2001266 269.2931903 121.5000046
v 152.1187654 269.3501432 121.5000046
v 152.0346921 269.4030280 121.5000046
v 151.9472288 269.4518447 121.5000046
v 151.8584095 269.4965934 121.5000046
v 151.7668781 269.5359180 121.5000046
v 151.6739907 269.5711745 121.5000046
v 151.5790693 269.6016850 121.5000046
v 151.4827918 269.6281274 121.5000046
v 151.3858364 269.6491457 121.5000046
v 151.2875249 269.6647399 121.5000046
v 151.1885354 269.6762661 121.5000046
v 151.0888679 269.6823682 121.5000046
v 150.9892004 269.6837242 121.5000046
v 150.8895329 269.6803342 121.5000046
v 150.7905434 269.6715200 123.7999588
v 150.7905434 269.6715200 121.5000046
v 150.5741483 269.6380627 123.8001308
v 150.3380088 269.5674589 123.7996609
v 150.2108446 269.5162557 123.7999588
v 150.2108446 269.5162557 121.5000046
v 150.1206693 269.4742191 121.5000046
v 150.0325279 269.4274364 121.5000046
v 149.9470987 269.3765856 121.5000046
v 149.8643814 269.3216668 121.5000046
v 149.7836982 269.2620019 121.5000046
v 149.7070830 269.1989469 121.5000046
v 149.6331799 269.1325019 121.5000046
v 149.5626669 269.0619889 121.5000046
v 149.4955438 268.9880857 121.5000046
v 149.4331669 268.9107926 121.5000046
v 149.3735020 268.8307874 121.5000046
v 149.3185832 268.7473921 121.5000046
v 149.2677324 268.6619628 121.5000046
v 149.2209497 268.5738215 121.5000046
v 149.1789131 268.4836461 121.5000046
v 149.1416225 268.3914367 121.5000046
v 149.1090780 268.2971933 121.5000046
v 149.0806016 268.2015939 121.5000046
v 149.0575492 268.1046384 121.5000046
v 149.0385650 268.0070049 121.5000046
v 149.0250048 267.9080155 121.5000046
v 149.0161906 267.8090260 121.5000046
v 149.0128006 267.7093585 121.5000046
v 149.0141566 267.6096910 121.5000046
v 149.0202587 267.5107015 121.5000046
v 149.0311068 267.4117120 121.5000046
v 149.0473791 267.3134005 121.5000046
v 149.0677194 267.2157670 121.5000046
v 149.0934838 267.1194896 121.5000046
v 149.1239942 267.0245681 121.5000046
v 149.1592508 266.9316807 121.5000046
v 149.1992534 266.8401493 121.5000046
v 149.2433240 266.7506520 121.5000046
v 149.2921408 266.6638667 121.5000046
v 149.3450256 266.5797934 121.5000046
v 149.4019784 266.4977542 121.5000046
v 150.0833787 265.9126314 121.5000046
v 149.9965934 265.9607701 121.5000046
v 150.1728761 265.8685607 121.5000046
v 150.2644074 265.8292361 121.5000046
v 150.3572948 265.7946576 121.5000046
v 150.4522163 265.7641471 121.5000046
v 150.5484937 265.7383827 121.5000046
v 150.6454492 265.7180424 121.5000046
v 150.7437607 265.7024482 121.5000046
v 150.8427502 265.6909220 121.5000046
v 150.9417397 265.6854979 121.5000046
v 151.0414072 265.6841419 121.5000046
v 151.1403967 265.6882100 121.5000046
v 151.2400642 265.6970241 121.5000046
v 151.3383756 265.7105843 121.5000046
v 151.4360091 265.7295686 121.5000046
v 151.5329646 265.7526210 121.5000046
v 151.6278860 265.7810974 121.5000046
v 151.7221294 265.8143199 121.5000046
v 151.8136608 265.8516104 121.5000046
v 151.9038362 265.8936471 121.5000046
v 151.9919775 265.9404298 121.5000046
v 152.0774068 265.9912805 121.5000046
v 152.1601240 266.0461994 121.5000046
v 152.2401292 266.1051863 121.5000046
v 152.3174224 266.1682412 121.5000046
v 152.3913255 266.2346862 121.5000046
v 152.4611606 266.3051993 121.5000046
v 152.5282836 266.3791024 121.5000046
v 152.5913385 266.4557176 121.5000046
v 152.6503254 266.5357228 121.5000046
v 152.7052442 266.6191180 121.5000046
v 152.7560950 266.7045473 121.5000046
v 152.8028777 266.7920106 121.5000046
v 152.8449144 266.8821860 123.7999588
v 152.8449144 266.8821860 121.5000046
v 152.9803781 267.3239443 123.7998484
v 153.0001787 267.4618847 123.7999588
v 153.0001787 267.4618847 121.5000046
v 153.0089928 267.5608742 121.5000046
v 153.0123829 267.6605417 121.5000046
v 153.0110269 267.7602092 121.5000046
v 153.0049248 267.8598767 121.5000046
v 152.9933986 267.9588662 121.5000046
v 152.9771263 268.0571777 121.5000046
v 152.9561080 268.1541332 121.5000046
v 152.9303436 268.2504106 121.5000046
v 152.8998332 268.3453320 121.5000046
v 152.8645767 268.4388975 121.5000046
v 152.8245740 268.5297508 121.5000046
v 152.7805034 268.6192482 121.5000046
v 152.7316866 268.7060335 121.5000046
v 152.6788018 268.7901068 121.5000046
v 152.6211710 268.8721460 121.5000046
v 152.5601501 268.9507952 121.5000046
v 152.4950611 269.0260543 121.5000046
v 152.9273413 267.0979560 123.7991308
v 154.9318298 266.9445629 121.5000046
v 160.9905292 289.7935075 121.5000046
v 160.9457805 289.7962195 121.5000046
v 160.9010318 289.7968975 121.5000046
v 160.7667858 289.7853713 121.5000046
v 160.8556051 289.7955415 121.5000046
v 160.8108565 289.7914734 121.5000046
v 161.0793485 289.7813033 121.5000046
v 161.0352779 289.7887614 121.5000046
v 161.2088485 289.7467248 121.5000046
v 161.1661338 289.7602850 121.5000046
v 161.1234192 289.7718111 121.5000046
v 160.5518566 289.7223164 121.5000046
v 160.6359298 289.7535049 121.5000046
v 160.5938932 289.7392666 121.5000046
v 161.2922437 289.7128242 121.5000046
v 161.2508851 289.7304525 121.5000046
v 161.3322463 289.6931619 121.5000046
v 160.4332048 289.6592614 121.5000046
v 160.7227151 289.7772352 121.5000046
v 160.6793225 289.7663870 121.5000046
v 160.5111760 289.7033321 121.5000046
v 160.4718514 289.6823138 121.5000046
v 161.4095395 289.6470572 121.5000046
v 161.3715709 289.6707876 121.5000046
v 160.3959142 289.6341751 121.5000046
v 161.4820866 289.5934944 121.5000046
v 161.4461521 289.6212929 121.5000046
v 160.3247231 289.5792562 121.5000046
v 160.3593017 289.6077327 121.5000046
v 161.5790421 289.5012851 121.5000046
v 161.5485316 289.5338295 121.5000046
v 161.5159871 289.5643400 121.5000046
v 160.2013253 289.4497563 121.5000046
v 160.2915006 289.5494238 121.5000046
v 160.2596342 289.5175573 121.5000046
v 160.2298017 289.4843348 121.5000046
v 161.6617593 289.3948374 121.5000046
v 161.6359949 289.4314500 121.5000046
v 161.6081965 289.4667065 121.5000046
v 160.1267442 289.3372066 121.5000046
v 160.1748829 289.4131437 121.5000046
v 160.1497965 289.3758532 121.5000046
v 161.7275263 289.2775417 121.5000046
v 161.7078640 289.3175443 121.5000046
v 161.6854897 289.3568689 121.5000046
v 161.7458326 289.2361831 121.5000046
v 160.0697913 289.2151647 121.5000046
v 160.1057258 289.2978820 121.5000046
v 160.0867416 289.2572014 121.5000046
v 161.7614268 289.1941464 121.5000046
v 161.7865132 289.1080391 121.5000046
v 161.7749870 289.1514318 121.5000046
v 161.7960053 289.0646465 121.5000046
v 160.0236866 289.0422721 121.5000046
v 160.0555531 289.1731281 121.5000046
v 160.0426709 289.1304135 121.5000046
v 160.0318227 289.0863428 121.5000046
v 161.8115996 288.9310785 121.5000046
v 161.8082095 288.9758271 121.5000046
v 161.8034634 289.0198978 121.5000046
v 161.8115996 288.8856518 121.5000046
v 160.0128384 288.8632774 121.5000046
v 160.0175845 288.9982015 121.5000046
v 160.0135164 288.9534528 121.5000046
v 160.0121604 288.9087041 121.5000046
v 161.8061755 288.7961544 121.5000046
v 161.8102435 288.8409031 121.5000046
v 160.0202965 288.7744581 121.5000046
v 160.0155505 288.8185288 121.5000046
v 161.7919373 288.7080131 121.5000046
v 161.8000734 288.7520838 121.5000046
v 160.0372468 288.6856388 121.5000046
v 160.0277547 288.7297094 121.5000046
v 160.0623332 288.6002095 121.5000046
v 160.0487730 288.6429241 121.5000046
v 160.0786054 288.5581728 121.5000046
v 160.0962337 288.5168142 121.5000046
v 161.7180341 288.4964739 121.5000046
v 161.7370184 288.5371545 121.5000046
v 161.7539687 288.5785131 121.5000046
v 161.7688849 288.6212278 121.5000046
v 161.7810891 288.6639424 121.5000046
v 161.6739635 288.4185027 121.5000046
v 161.6970158 288.4571493 121.5000046
v 160.1620007 288.3995184 121.5000046
v 160.1158960 288.4768116 121.5000046
v 160.1382703 288.4374870 121.5000046
v 160.2155635 288.3269713 121.5000046
v 160.1877651 288.3629059 121.5000046
v 161.5939583 288.3100211 121.5000046
v 161.6224347 288.3445996 121.5000046
v 161.6488771 288.3812122 121.5000046
v 160.2447179 288.2930708 121.5000046
v 161.5641258 288.2767986 121.5000046
v 160.3077729 288.2300159 121.5000046
v 160.2752284 288.2605263 121.5000046
v 161.4990368 288.2150997 121.5000046
v 161.5322593 288.2449321 121.5000046
v 160.3776079 288.1730630 121.5000046
v 160.3423514 288.2008614 121.5000046
v 161.3905552 288.1350945 121.5000046
v 161.4278458 288.1601808 121.5000046
v 161.4644583 288.1866232 121.5000046
v 160.4521891 288.1235683 121.5000046
v 160.4142205 288.1472986 121.5000046
v 161.3519086 288.1120421 121.5000046
v 160.5315163 288.0815316 121.5000046
v 160.4915137 288.1011939 121.5000046
v 161.2719034 288.0720395 121.5000046
v 161.3125840 288.0910238 121.5000046
v 161.2305448 288.0550892 121.5000046
v 160.6149115 288.0476311 121.5000046
v 160.5728749 288.0632254 121.5000046
v 161.1010448 288.0171207 121.5000046
v 161.1451155 288.0279688 121.5000046
v 161.1878302 288.0408510 121.5000046
v 160.7891601 288.0055945 121.5000046
v 160.6576262 288.0340709 121.5000046
v 160.7010188 288.0225448 121.5000046
v 160.7444115 288.0130526 121.5000046
v 160.9681548 287.9988144 121.5000046
v 161.0129035 288.0028825 121.5000046
v 161.0569742 288.0089845 121.5000046
v 160.8779795 287.9974584 121.5000046
v 160.8332308 288.0008484 121.5000046
v 160.9234062 287.9974584 121.5000046
v 151.0909019 268.5806016 121.5000046
v 151.0461532 268.5833136 121.5000046
v 151.0014046 268.5839916 121.5000046
v 150.8671585 268.5724655 121.5000046
v 150.9566559 268.5819576 121.5000046
v 150.9119072 268.5785676 121.5000046
v 150.8230879 268.5636513 121.5000046
v 150.7363026 268.5405990 121.5000046
v 150.7796952 268.5534812 121.5000046
v 151.3098992 268.5331409 121.5000046
v 151.2671846 268.5473791 121.5000046
v 151.2237919 268.5589053 121.5000046
v 151.1797212 268.5683974 121.5000046
v 151.1356506 268.5751775 121.5000046
v 151.4332971 268.4795781 121.5000046
v 151.3926165 268.4999184 121.5000046
v 151.3519358 268.5175466 121.5000046
v 150.5722241 268.4687299 121.5000046
v 150.6942659 268.5256828 121.5000046
v 150.6522293 268.5087325 121.5000046
v 150.6115487 268.4897482 121.5000046
v 151.5099122 268.4341514 121.5000046
v 151.4719437 268.4578817 121.5000046
v 151.5824593 268.3805886 121.5000046
v 151.5472028 268.4083870 121.5000046
v 150.3918734 268.3358399 121.5000046
v 150.4603524 268.3948268 121.5000046
v 150.4250959 268.3663504 121.5000046
v 151.6800928 268.2877012 121.5000046
v 151.6489043 268.3202457 121.5000046
v 151.6163598 268.3514341 121.5000046
v 150.3016980 268.2361724 121.5000046
v 150.3606849 268.3039734 121.5000046
v 150.3301744 268.2707509 121.5000046
v 151.7621320 268.1819316 121.5000046
v 151.7363676 268.2185441 121.5000046
v 151.7092472 268.2538007 121.5000046
v 150.2501692 268.1629473 121.5000046
v 150.5335775 268.4463556 121.5000046
v 150.4962869 268.4212692 121.5000046
v 150.2752556 268.2002379 121.5000046
v 150.2067766 268.0842981 121.5000046
v 150.2277949 268.1243007 121.5000046
v 150.1708420 268.0022589 121.5000046
v 150.1877923 268.0436175 121.5000046
v 151.8617995 267.9812406 121.5000046
v 151.8462053 268.0232772 121.5000046
v 151.8278990 268.0646358 121.5000046
v 151.8082367 268.1046384 121.5000046
v 151.7865404 268.1439630 121.5000046
v 151.8875639 267.8951333 121.5000046
v 151.8760377 267.9385259 121.5000046
v 150.1328735 267.8734369 121.5000046
v 150.1559258 267.9602222 121.5000046
v 150.1430436 267.9168296 121.5000046
v 151.8970561 267.8510626 121.5000046
v 150.1240593 267.8293663 121.5000046
v 150.1138892 267.7398689 121.5000046
v 150.1179572 267.7846176 121.5000046
v 151.9119723 267.7174946 121.5000046
v 151.9092602 267.7622433 121.5000046
v 151.9038362 267.8069919 121.5000046
v 151.9126503 267.6727459 121.5000046
v 150.1132112 267.6503716 121.5000046
v 150.1125332 267.6951202 121.5000046
v 150.1206693 267.5608742 121.5000046
v 150.1159232 267.6056229 121.5000046
v 151.8543414 267.3656073 121.5000046
v 151.8692576 267.4083219 121.5000046
v 151.8814618 267.4510366 121.5000046
v 151.8923100 267.4944292 121.5000046
v 151.9004461 267.5384999 121.5000046
v 151.9065482 267.5832486 121.5000046
v 151.9106163 267.6279972 121.5000046
v 150.1966064 267.3039083 121.5000046
v 150.1281274 267.5168036 121.5000046
v 150.1376195 267.4727329 121.5000046
v 150.1491457 267.4293402 121.5000046
v 150.1627059 267.3866256 121.5000046
v 150.1789782 267.3445890 121.5000046
v 150.2169467 267.2632277 121.5000046
v 151.7973886 267.2435654 121.5000046
v 151.8184069 267.2835680 121.5000046
v 151.8373912 267.3242486 121.5000046
v 151.7499278 267.1676283 121.5000046
v 151.7743362 267.2049188 121.5000046
v 150.2881378 267.1493220 121.5000046
v 150.2386431 267.2245811 121.5000046
v 150.2623734 267.1866126 121.5000046
v 150.3450907 267.0801650 121.5000046
v 150.3159362 267.1140655 121.5000046
v 151.6644986 267.0638927 121.5000046
v 151.6943310 267.0971152 121.5000046
v 151.7228074 267.1316937 121.5000046
v 150.3762791 267.0476205 121.5000046
v 150.4427241 266.9872776 121.5000046
v 150.4088236 267.0164320 121.5000046
v 151.5648311 266.9730394 121.5000046
v 151.5994096 267.0015158 121.5000046
v 151.6326321 267.0320262 121.5000046
v 150.4779807 266.9601572 121.5000046
v 151.4916059 266.9221886 121.5000046
v 151.5288965 266.9465970 121.5000046
v 150.5525618 266.9099844 121.5000046
v 150.5145932 266.9343928 121.5000046
v 151.4129568 266.8781179 121.5000046
v 151.4529594 266.8991362 121.5000046
v 150.6318890 266.8686258 121.5000046
v 150.5918864 266.8882881 121.5000046
v 150.7152842 266.8347253 121.5000046
v 150.6732476 266.8503195 121.5000046
v 151.2020956 266.8042148 121.5000046
v 151.2454882 266.8143850 121.5000046
v 151.2882029 266.8272672 121.5000046
v 151.3309175 266.8421834 121.5000046
v 151.3722761 266.8591336 121.5000046
v 150.8895329 266.7926886 121.5000046
v 150.7579989 266.8204871 121.5000046
v 150.8013915 266.8089609 121.5000046
v 150.8454622 266.7994687 121.5000046
v 151.1132762 266.7892986 121.5000046
v 151.1573469 266.7960787 121.5000046
v 150.9342815 266.7872646 121.5000046
v 151.0685276 266.7859085 121.5000046
v 151.0237789 266.7838745 121.5000046
v 150.9790302 266.7845525 121.5000046
v 163.4910309 291.8322842 121.5000046
v 163.9242794 291.8200800 121.5000046
v 164.3561719 291.7868575 121.5000046
v 164.7860304 291.7319387 121.5000046
v 164.8314571 288.1574688 121.5000046
v 165.2949984 291.6418759 121.5000271
v 166.1277128 291.4231328 121.5000251
v 166.9392958 291.1228643 121.5000262
v 167.7384132 290.7349266 121.5000187
v 168.4750067 290.2813940 121.5000210
v 169.1381309 289.7773896 121.5000247
v 164.6761928 287.5777700 121.5000046
v 169.7794073 289.1882822 121.5000184
v 170.3584267 288.5418560 121.5000206
v 170.9496741 287.7173986 121.5000037
v 171.3763285 286.9681507 121.5000026
v 157.8872764 286.2970087 121.5000046
v 154.5989268 287.9710160 121.5000046
v 153.3412178 287.0692624 121.5000046
v 152.1296136 286.1064879 121.5000046
v 171.7345228 286.1639290 121.5000030
v 158.3117108 285.8725743 121.5000046
v 171.9631750 285.5009395 121.5000168
v 150.9661480 285.0854045 121.5000046
v 172.2003020 284.4955348 121.5000022
v 149.8542113 284.0087242 121.5000046
v 172.3089463 283.6336301 121.5000018
v 172.3338690 283.0238824 121.5000205
v 172.3008770 282.2960621 121.5000243
v 172.3234701 282.5591384 121.5000046
v 172.2270740 281.9797495 121.5000050
v 171.8617451 280.8322463 121.5000046
v 171.4474809 279.7033593 121.5000046
v 170.9837219 278.5934566 121.5000046
v 170.4725022 277.5045722 121.5000046
v 169.9138217 276.4394181 121.5000046
v 169.3097146 275.4000284 121.5000046
v 168.4710160 274.0989268 121.5000046
v 167.5692624 272.8412178 121.5000046
v 166.6064879 271.6296136 121.5000046
v 150.2725436 271.6031712 121.5000046
v 145.9759928 279.1955297 121.5000046
v 145.1596685 277.8801898 121.5000046
v 146.8553720 280.4688329 121.5000046
v 147.7964502 281.6973874 121.5000046
v 148.7971933 282.8784812 121.5000046
v 149.6935228 271.4479068 121.5000046
v 143.6416036 275.2929028 121.5000046
v 165.5854045 270.4661480 121.5000046
v 164.5087242 269.3542113 121.5000046
v 145.3556134 268.3907587 121.5000046
v 141.7838556 272.2249065 121.5000046
v 139.8427123 269.2084391 121.5000046
v 163.3784812 268.2971933 121.5000046
v 145.9210740 267.8252982 121.5000046
v 162.1973874 267.2964502 121.5000046
v 154.7765655 266.3648642 121.5000046
v 160.9688329 266.3553720 121.5000046
v 142.5269548 265.5627781 121.5000046
v 159.6955297 265.4759928 121.5000046
v 158.3801898 264.6596685 121.5000046
v 146.2038042 263.2995800 121.5000046
v 143.8002580 265.7038042 121.5000046
v 155.7929028 263.1416036 121.5000046
v 152.7249065 261.2838556 121.5000046
v 149.7084391 259.3427123 121.5000046
v 146.0627781 262.0269548 121.5000046
v 145.5678306 261.5320073 124.3000412
v 145.3556134 261.3197901 124.0000183
v 145.3556134 261.3197901 123.6000320
v 145.5678306 261.5320073 123.3000092
v 146.0627781 262.0269548 123.3000092
v 146.7699428 262.7341194 124.3000412
v 148.5024542 264.4671288 122.6742553
v 148.8069001 264.7712695 122.4790944
v 149.2645287 265.2287053 122.3234537
v 149.0593002 265.0234040 122.3751261
v 146.2038042 263.2995800 124.3000412
v 147.8529174 264.9486927 122.7471115
v 148.0223921 265.1181678 122.6133499
v 148.2646015 265.3603774 122.4671177
v 148.5136210 265.6093968 122.3687539
v 148.7165918 265.8123676 122.3202767
v 148.9062203 266.0019960 122.3005860
v 143.8002580 265.7038042 124.3000412
v 142.0320073 265.0678306 124.3000412
v 143.2341194 266.2699428 124.3000412
v 141.8197901 264.8556134 124.0000183
v 145.3556134 268.3907587 122.2999771
v 142.5269548 265.5627781 123.3000092
v 142.0320073 265.0678306 123.3000092
v 141.8197901 264.8556134 123.6000320
v 145.9210740 267.8252982 122.2999771
v 150.3835644 270.0109324 123.3891229
v 149.8202057 270.9751886 122.2999780
v 175.7820002 281.8350235 125.0000504
v 175.7833562 281.8519737 125.0000504
v 174.8931288 283.0296775 124.0606867
v 175.7860683 281.8851962 125.0000504
v 173.5837787 284.0090176 122.8063450
v 176.1732121 283.0378136 125.3409613
v 177.4261750 283.8351536 126.6213687
v 177.4526174 283.1381591 126.6213687
v 177.4406471 282.3535483 126.6237767
v 175.1650721 285.3365913 124.5750221
v 177.3743565 284.4419319 126.6166314
v 177.2688766 285.2210065 126.6213687
v 176.9752982 286.5838071 126.6213687
v 177.1393767 285.9057968 126.6213687
v 172.8239702 286.8602656 122.7729646
v 173.3275983 289.5487201 124.4976428
v 175.6041126 286.6847172 125.3315766
v 176.5467957 287.9106731 126.6213687
v 176.7773192 287.2530031 126.6213687
v 176.3464180 288.4097759 126.6167117
v 175.9887933 289.1887223 126.6213687
v 173.9311988 288.5653571 124.5093657
v 175.3067150 290.4050727 126.6213687
v 175.6626704 289.8050336 126.6213687
v 173.2742145 290.9978228 125.3159198
v 174.5066630 291.5468419 126.6213687
v 174.9209272 290.9854494 126.6213687
v 174.0646003 292.0865380 126.6213687
v 172.4658522 291.9299177 125.3409613
v 173.1038598 293.0967733 126.6213687
v 173.5967733 292.6038598 126.6213687
v 171.5532505 292.7611582 125.3409613
v 172.0468419 294.0066630 126.6213687
v 172.5865380 293.5646003 126.6213687
v 170.5503242 293.4772257 125.3141595
v 170.9050727 294.8067150 126.6213687
v 171.4861274 294.4209272 126.6213687
v 169.5062802 294.1390262 125.3389057
v 169.6887223 295.4887933 126.6213687
v 170.3050336 295.1626704 126.6213687
v 164.5492232 293.0840915 122.8106757
v 168.4106731 296.0467957 126.6213687
v 168.9342148 295.8384210 126.6195185
v 167.0838071 296.4752982 126.6213687
v 167.2363594 295.0982594 125.3409613
v 167.7530031 296.2773192 126.6213687
v 165.7210065 296.7688766 126.6213687
v 166.3333869 296.6548592 126.6178321
v 163.5882762 295.3513555 125.0218703
v 164.3351536 296.9261750 126.6213687
v 164.8219650 295.5999870 125.3409613
v 165.0301141 296.8651541 126.6213687
v 162.9411646 296.9444813 126.6213687
v 163.6388371 296.9526174 126.6213687
v 175.8281049 281.8472276 125.0445228
v 175.9250604 281.6275523 125.1679835
v 175.8843798 281.4966964 125.1529824
v 175.9566457 281.7957252 125.1768196
v 175.9067541 281.5624633 125.1614786
v 172.5568960 282.1570565 121.7763325
v 177.3902553 281.1262894 126.6222924
v 177.3847880 281.4474234 126.6208770
v 176.3169541 281.0402906 125.5442332
v 176.7832958 281.1095034 126.0140372
v 175.9403950 281.3799659 125.1776488
v 175.5372385 280.8078380 125.0000504
v 175.6748746 280.8525866 125.0584619
v 175.5365605 280.8166521 125.0000504
v 175.9526816 280.9480123 125.1758852
v 175.8169892 281.3358334 125.1273362
v 174.4138720 273.6453058 126.6208001
v 174.1571837 273.8821042 126.2687736
v 173.8533599 274.2236804 125.8124859
v 173.6510141 274.5009869 125.4718563
v 173.5209134 274.7025193 125.2381360
v 173.3357393 275.0542432 125.0791714
v 173.2543781 275.2373060 125.0000504
v 173.2489540 275.2495102 125.0000504
v 173.1703048 275.4535912 124.8355688
v 173.0524803 275.8327642 124.5566897
v 172.9559704 276.3552911 124.2357280
v 172.9223794 276.9320145 123.9541876
v 172.9705212 277.5092106 123.7562872
v 173.0826271 278.0277880 123.6495237
v 173.2561514 278.5269415 123.6164958
v 173.4828787 278.9835677 123.6578772
v 173.7804608 279.4370476 123.7754493
v 174.1104117 279.8236359 123.9547909
v 174.4775743 280.1620503 124.1924885
v 174.8567583 280.4403149 124.4659738
v 175.1824315 280.6312850 124.7193247
v 175.3996025 280.7373249 124.8953079
v 175.5257124 280.7929217 125.0000504
v 173.8342498 272.9674853 126.6207350
v 174.0813676 273.2882565 126.6219531
v 160.9722229 260.2431099 126.6213687
v 162.5018140 261.1916462 126.6213687
v 163.9819103 262.2147636 126.6213687
v 165.4104778 263.3090721 126.6213687
v 166.7841265 264.4725376 126.6213687
v 168.0981104 265.7017702 126.6213687
v 169.3503952 266.9940577 126.6213687
v 170.5375911 268.3466881 126.6213687
v 171.6569860 269.7555933 126.6213687
v 172.7051898 271.2187394 126.6213687
v 163.7405386 267.6842721 122.1989517
v 164.1642950 267.2598377 122.7978027
v 164.6836509 268.6267063 122.1437263
v 165.6260851 269.5691405 122.1437263
v 166.5685193 270.5122527 122.1989517
v 166.9929537 270.0878183 122.7978027
v 166.9877625 266.6989649 125.1305946
v 167.5536681 267.2645837 125.1317418
v 172.6035984 273.6021616 125.2447448
v 162.4753716 264.2847288 124.0606867
v 165.0809649 266.3845265 124.0606867
v 165.2958941 268.3907587 122.7392584
v 167.4682389 268.7304419 124.0606867
v 165.8613546 268.9568973 122.7392584
v 169.6127852 271.2987446 124.0606867
v 173.0482112 274.5947509 125.1348406
v 173.2028493 275.1071280 125.0260700
v 173.2326818 275.2183217 125.0000504
v 172.2088863 276.7974075 123.3702358
v 173.2882786 279.2789249 123.3702358
v 154.8410289 292.6715964 125.2423572
v 154.5059908 292.3847329 125.2403464
v 154.0562400 292.0719086 125.2428226
v 154.0159717 292.8444802 125.9004620
v 151.0122527 286.0685193 122.1989517
v 150.5884963 286.4929537 122.7978027
v 150.0691405 285.1254071 122.1437263
v 149.1267063 284.1836509 122.1437263
v 148.1842721 283.2405386 122.1989517
v 147.7598377 283.6642950 122.7978027
v 147.7649104 287.0539174 125.1307926
v 147.1991232 286.4875296 125.1317418
v 151.7987446 289.1127852 124.0606867
v 149.2304419 286.9682389 124.0606867
v 149.4568973 285.3613546 122.7392584
v 146.8845265 284.5809649 124.0606867
v 148.8914367 284.7958941 122.7392584
v 144.7854068 281.9753716 124.0606867
v 148.1842721 283.2405386 126.9000183
v 149.3151931 284.3714597 126.9000183
v 149.8813317 284.9375982 126.9000183
v 149.8813317 284.9375982 127.3999680
v 149.3151931 284.3714597 127.3999680
v 151.0122527 286.0685193 126.9000183
v 149.1741670 285.6447629 128.4000000
v 148.6080285 285.0786244 128.4000000
v 149.4568973 285.3613546 126.9000183
v 147.8859476 286.9323043 128.4000000
v 166.8668438 266.8204871 128.4000000
v 166.1447629 268.6741670 128.4000000
v 165.5786244 268.1080285 128.4000000
v 167.4323043 267.3859476 128.4000000
v 147.3204871 286.3668438 128.4000000
v 164.8714597 268.8151931 127.3999680
v 165.4375982 269.3813317 127.3999680
v 165.2958941 268.3907587 126.9000183
v 164.8714597 268.8151931 126.9000183
v 165.8613546 268.9568973 126.9000183
v 165.4375982 269.3813317 126.9000183
v 166.5685193 270.5122527 126.9000183
v 163.7405386 267.6842721 126.9000183
v 150.5884963 286.4929537 126.9000183
v 148.8914367 284.7958941 126.9000183
v 147.7598377 283.6642950 126.9000183
v 166.9929537 270.0878183 126.9000183
v 164.1642950 267.2598377 126.9000183
v 172.8850233 274.0063536 125.2403508
v 173.3320516 273.5245840 125.8854155
v 173.1707431 274.3402788 125.2423795
v 163.2363431 288.2794568 123.3950605
v 175.4588159 272.5672381 125.9930711
v 175.6968199 272.7673417 125.9590320
v 175.8837970 272.9005199 125.9201611
v 176.1096558 273.0339571 125.8578172
v 176.7795706 273.2931673 125.5915050
v 176.9171033 273.3243878 125.5111597
v 177.0927274 273.3550304 125.4063958
v 177.2681711 273.3760651 125.2294674
v 179.2141719 279.7226673 124.6813860
v 179.4376820 279.5473956 124.9833232
v 179.6909677 279.3103369 126.0039284
v 179.6325424 279.3714958 125.1889779
v 177.1286853 273.3758201 125.1021092
v 176.9095680 273.3855899 124.9185885
v 176.6287160 273.4188767 124.5694748
v 174.9018014 272.5976863 125.5520908
v 174.9960837 272.7658000 125.4739163
v 175.8587716 273.1219133 125.5584936
v 175.5279327 273.3091564 125.0218335
v 176.2752154 273.2738715 125.4347294
v 176.5533874 273.2254165 125.6958095
v 175.4870658 272.8818985 125.6857221
v 175.0919262 273.1374198 125.0956071
v 174.9452282 272.9969558 125.1909191
v 176.0739594 273.4891156 124.5362266
v 176.0715875 273.4211401 124.8647612
v 175.7565720 273.4787110 124.6331836
v 175.7800825 273.3818912 124.9282868
v 175.9681284 273.2269486 125.4053673
v 176.8846311 273.3671408 125.2547532
v 176.3436736 273.1463972 125.7802439
v 175.7475420 273.0010557 125.6908709
v 175.4118252 272.6837897 125.8507181
v 176.4180537 273.4452204 124.6210345
v 176.6988772 273.3959624 124.9727244
v 176.5773673 273.3749240 125.1499837
v 176.5432199 273.3178198 125.4036663
v 176.2794891 273.4349394 124.7892829
v 174.4314039 274.3152121 123.7553536
v 173.5404642 274.0000514 123.6252000
v 173.8950978 273.5449924 124.1541451
v 175.5352045 273.4439689 124.7168872
v 175.2508603 273.2423165 125.0185504
v 175.0171418 274.4687064 123.6186592
v 174.9230244 274.4321910 123.6567006
v 174.3208882 274.0433300 123.9361639
v 174.7012519 273.8684033 124.1198947
v 174.5358174 274.0819765 123.9316503
v 174.4937808 273.8100944 124.1552071
v 174.2050014 273.8114562 124.0859780
v 173.9011999 273.9246782 123.8882399
v 174.5134431 273.5388904 124.4120851
v 174.7093880 273.6270317 124.3642939
v 174.7493906 273.4053223 124.6187823
v 175.1182282 273.5768589 124.4580179
v 174.9060110 273.6968667 124.3004395
v 174.0869747 273.6473720 124.1724651
v 174.3229222 273.4344768 124.4428840
v 175.3229873 273.4968537 124.5919661
v 175.0604270 273.4564609 124.6254616
v 174.9765241 273.3219271 124.7932204
v 174.2938901 273.2072065 124.6234371
v 175.8293618 273.5292877 124.4540918
v 173.9120796 273.1787978 124.4193424
v 175.3724820 273.3680318 124.8411444
v 174.6755589 273.2495796 124.7636595
v 174.6483671 273.0717413 124.9387182
v 174.1328777 272.9594309 124.7198071
v 174.4139698 272.7855660 125.0413988
v 174.6666734 274.4325078 123.6847288
v 175.0836421 274.2342908 123.7384998
v 174.8831228 274.2358358 123.7877942
v 175.1548408 274.1077409 123.8142962
v 174.9629639 274.1029949 123.8765576
v 174.6557839 274.2836721 123.7811595
v 175.1975554 274.0494321 123.8506706
v 175.0714150 273.9678756 123.9724579
v 175.2984488 273.9334430 123.9287815
v 174.7621338 274.0810923 123.9261092
v 175.4439373 273.8084378 124.0243232
v 174.9234824 273.8874384 124.0866781
v 175.2818431 273.7799297 124.1343712
v 175.1023590 273.7442176 124.2267525
v 175.6079692 273.6982165 124.1229504
v 175.4613094 273.6692359 124.2503027
v 175.7933143 273.6066002 124.2251050
v 175.3062387 273.6252758 124.3673453
v 175.6399554 273.5899950 124.3518165
v 175.9783747 273.5386600 124.3250300
v 175.5044795 273.5452343 124.4892558
v 174.7398247 272.8837196 125.1800921
v 174.5149503 272.5544091 125.2844972
v 178.8836820 281.4233642 126.0003983
v 178.8900337 281.1666555 125.9893316
v 178.9125618 280.9405612 125.9649731
v 179.0707698 280.3150537 125.8319223
v 179.1573189 280.1061901 125.7607548
v 179.2523723 279.9162346 125.6747773
v 179.3907621 279.6870852 125.5454924
v 179.5364672 279.4885416 125.4022448
v 176.2654790 281.1865714 123.3804024
v 176.5224919 281.4897367 123.6366729
v 176.1928025 281.4823751 123.3065169
v 178.9858615 279.8731263 124.3377052
v 178.9083002 279.9447874 124.6371022
v 178.5971220 281.0651012 125.6131857
v 178.4809328 281.2360472 125.5254983
v 178.5233048 281.3721044 125.6062413
v 178.7003307 280.5257833 125.4136642
v 178.4337593 280.8246610 125.2514746
v 178.8486405 280.7854636 125.8245823
v 178.4779652 280.9605377 125.4049967
v 179.3817179 279.6203095 125.2597505
v 178.8801008 280.0572048 125.0029034
v 179.1292376 279.8397151 125.1130757
v 178.7031120 280.3756182 125.2347295
v 178.9931040 280.5518481 125.8970046
v 179.1750119 279.7650074 124.9064262
v 179.1229236 279.9111358 125.3324695
v 178.7227458 280.0683819 124.5028883
v 178.6047160 280.2133332 124.6692186
v 178.4004757 281.1258248 125.3827787
v 178.5330207 281.6152586 125.6338494
v 178.7823020 280.2213996 125.1432386
v 178.5691372 280.3164188 124.8380542
v 177.8257147 280.2825698 123.9010400
v 177.4410912 281.1014164 124.3244678
v 177.1680531 281.4787278 124.2219735
v 178.4359228 280.3524706 124.6337991
v 178.3670670 280.6465237 124.9722802
v 178.1191015 280.8824191 124.8590661
v 178.0636138 280.7688143 124.6812090
v 177.6857133 281.0759211 124.5272181
v 178.2418213 280.5420580 124.6428107
v 178.1786807 281.0413591 125.0491046
v 178.0574025 281.2641388 125.0267338
v 177.5888685 280.3877512 123.9074527
v 177.9373947 280.6722359 124.4419547
v 177.7717148 280.8722202 124.4649235
v 177.6282221 280.7352909 124.2322042
v 177.5818181 280.5678199 124.0583238
v 177.3253626 280.8307102 124.0887033
v 178.3001302 281.6024659 125.3855665
v 177.7299236 281.2288823 124.6563516
v 178.0555841 281.5983961 125.1216783
v 177.4547464 280.8488454 124.1846174
v 177.4373702 281.2836931 124.4029114
v 177.6355663 281.7099269 124.7070949
v 177.2349961 281.7172226 124.3179021
v 176.8761621 281.6464957 123.9780010
v 178.5625358 280.1395330 124.3048677
v 178.4022267 280.2761305 124.3938320
v 178.3308894 280.3942711 124.5303445
v 178.4025762 280.5018589 124.8366275
v 178.2796226 280.2468149 124.1590465
v 178.1272643 280.3769299 124.2390815
v 178.0951655 280.4966804 124.3872999
v 178.0411649 280.2927014 124.0334946
v 177.8770876 280.4277665 124.1041284
v 178.3210890 280.8154897 125.0738597
v 177.7660297 280.5706502 124.1836227
v 177.6362029 281.4646595 124.6546696
v 177.2309081 280.5718904 123.8764248
v 176.9251255 280.4078119 123.6560540
v 176.9299207 281.1724879 123.9492348
v 177.4519394 280.4586627 123.9039048
v 177.4586031 280.3403679 123.8157969
v 177.0647956 280.5020554 123.7607965
v 177.2840755 280.2627864 123.7081144
v 177.2405087 280.1269040 123.6243164
v 177.1021999 281.0195227 124.0267720
v 176.9205803 280.7986266 123.8139822
v 176.8358606 280.5900695 123.6867636
v 176.6014109 281.2463404 123.6979237
v 162.0753286 297.8504419 125.4386903
v 161.7434617 297.9740759 125.5191017
v 161.6062295 298.0256535 125.5362930
v 161.3405750 297.9220519 125.2472334
v 160.9672147 297.9808915 124.9327508
v 160.8980778 298.1523349 125.1675208
v 160.6346982 298.1948821 124.6833435
v 160.5013805 298.4392333 125.0140892
v 160.4144487 298.4442541 124.5983572
v 160.4877691 298.2923759 124.2399767
v 161.4783314 298.0367603 125.4955471
v 161.1089090 298.0042691 125.1602953
v 160.8093917 298.1027265 124.8974751
v 159.9606681 297.8021207 123.5058519
v 160.4066421 298.2976030 123.9714907
v 160.4011315 298.1302531 123.8233721
v 160.4626371 298.2845047 124.0901702
v 160.5811095 297.9756204 123.9818887
v 160.5115792 298.0266307 123.9009131
v 160.5627571 297.3420909 123.6750762
v 160.0379837 297.8588365 123.5232777
v 160.2744850 297.2614538 123.5243426
v 160.0951560 297.9632922 123.5544304
v 160.4098557 297.9403776 123.7295940
v 160.2947017 297.5090782 123.5550880
v 160.3554810 298.2770512 123.8720216
v 160.2879097 297.9667711 123.6484000
v 160.5128425 297.8960590 123.8168123
v 160.5414780 297.5685945 123.7152378
v 160.4525651 297.5968164 123.6534049
v 160.3303823 297.6727064 123.5960292
v 160.5839722 297.6881660 123.8018218
v 160.6266568 297.5036682 123.7797446
v 160.6198878 297.7690564 123.8921619
v 160.6752591 297.2999793 123.7711639
v 160.7491559 296.3586397 123.5691421
v 160.4922096 297.2883505 123.6191551
v 160.1840706 297.2023470 123.5053915
v 160.3960434 297.2644880 123.5668656
v 160.3299260 297.0687195 123.5283851
v 160.5696995 297.2029676 123.6564342
v 160.6575962 297.2019896 123.7291616
v 160.6160231 297.0970929 123.6760227
v 160.5157184 297.0847993 123.6060272
v 160.4976699 297.0039794 123.5904852
v 160.4870398 296.9077565 123.5774814
v 160.4413663 296.9452382 123.5590141
v 160.5521853 296.6450375 123.5720060
v 160.6213721 296.4169530 123.5466985
v 160.4078831 296.6359445 123.5257998
v 160.2723896 296.7131622 123.5060694
v 160.3776608 296.8419785 123.5313024
v 160.4996863 296.3326936 123.5088905
v 160.6531967 296.2542896 123.5192855
v 160.5704409 296.1062767 123.4998084
v 161.6310327 295.6762081 123.3155350
v 161.3797362 295.6998397 123.3584591
v 160.7782957 295.9666087 123.4845251
v 160.9302811 296.1226575 123.5333179
v 160.9944357 296.2561284 123.6100672
v 161.0527749 295.7927082 123.4266379
v 161.5394830 295.8923877 123.4919387
v 161.4590342 295.7898299 123.4042206
v 161.0621432 295.9090242 123.4649031
v 161.2258098 295.8037021 123.4179091
v 160.8443110 296.0377790 123.4991879
v 161.0950020 296.0635337 123.5356637
v 161.3582331 296.0056498 123.5539363
v 161.2643608 295.9146860 123.4783643
v 159.0843407 294.5159628 123.1055122
v 159.3860297 294.6463308 123.1189037
v 159.3310397 294.7405338 123.2035530
v 159.6825316 294.7321659 123.1003156
v 159.4244434 294.8394895 123.2435623
v 159.6596997 295.1418766 123.3553929
v 159.9308302 294.9335473 123.1878752
v 159.7668211 295.3138137 123.4071419
v 159.5375737 294.9738739 123.2954895
v 160.6856612 295.1267625 123.1429101
v 160.6019190 295.2347218 123.2373226
v 160.6325815 295.3866982 123.3169349
v 159.9440937 295.6896538 123.4818499
v 159.8695727 295.5138002 123.4537515
v 160.7032843 295.5261823 123.3702038
v 160.0046788 295.8646228 123.4984157
v 160.9007434 295.7725717 123.4331466
v 161.3341973 295.4908910 123.2563117
v 161.6815598 295.7548464 123.3712807
v 162.1313749 296.1657894 123.7742743
v 160.8239474 297.2050849 123.8961964
v 161.6081965 296.3132538 123.8439002
v 161.0698564 296.7234500 123.8716457
v 161.3359903 296.8762863 124.1229080
v 160.8730357 296.3852361 123.6243139
v 161.9945687 296.4137395 124.0014961
v 161.5011788 296.6096960 124.0249377
v 161.7225843 296.5387997 124.0529366
v 161.7742180 296.1330565 123.7286735
v 161.3177967 296.4596017 123.8476110
v 160.9952753 296.5519134 123.7513710
v 161.2319008 296.3091857 123.7237583
v 160.9591714 296.9549133 123.9055117
v 160.8354211 296.9358858 123.8045551
v 160.7536866 296.7574032 123.6957407
v 160.6352840 296.7350866 123.6272177
v 162.0000864 296.8088792 124.3551339
v 161.6014164 296.9424473 124.3257954
v 162.0978607 297.5583207 125.1242554
v 161.7634608 297.5594366 125.0283268
v 161.9302513 297.1926330 124.7012222
v 162.2114075 297.1254897 124.6972976
v 161.5432345 297.6743208 125.0446339
v 161.3614465 297.6967909 124.9380933
v 161.1996784 297.7636125 124.8732606
v 162.2087573 296.7043044 124.2880352
v 160.8379502 297.9495150 124.6297313
v 161.7275263 297.2326356 124.6584756
v 161.5315813 297.2875545 124.6007279
v 160.5789224 298.1803209 124.3748185
v 161.7980394 296.8685441 124.3486290
v 161.1715579 297.4394287 124.4434150
v 161.4122515 297.0299106 124.2870314
v 161.2352909 297.1295781 124.2331334
v 161.2113178 297.5303789 124.5828456
v 161.0670035 297.0585049 124.0442088
v 160.7930006 297.3559109 123.9272577
v 161.0144392 297.8354480 124.7427716
v 160.8949297 297.8286066 124.5299702
v 160.7792176 297.8931654 124.3885164
v 160.6616942 298.0109914 124.2762783
v 161.0097482 297.5577600 124.3666731
v 160.8758505 297.6380708 124.2479417
v 160.7325195 297.8231827 124.1784253
v 160.9249488 297.3933786 124.1112401
v 161.0702797 297.2723311 124.1879580
v 160.7899384 297.5674230 124.0480045
v 160.9261182 297.2292456 124.0110369
v 160.9627308 298.3113499 125.5383658
v 160.8251490 298.3614858 125.4749291
v 160.0581964 298.9441274 125.2559102
v 160.1844970 298.8130026 125.2347097
v 160.7079665 298.3933806 125.3722671
v 160.6089286 298.4454829 125.3132675
v 160.2759107 298.7244406 125.2480148
v 160.3686745 298.5304744 124.7840976
v 161.0995376 298.3711619 125.7506729
v 160.3792006 298.6979543 125.4696597
v 160.2247747 298.7311861 124.9918618
v 154.1941547 278.6443073 119.7000000
v 159.1954182 273.6461857 119.7000000
v 160.2047153 274.7552407 119.7000000
v 160.2770761 274.6743047 119.7000000
v 160.3754693 274.4993227 119.7000000
v 160.4200318 274.3176490 119.7000000
v 160.4241101 274.1872852 119.7000000
v 160.4022324 274.0362684 119.7000000
v 160.3320800 273.8595438 119.7000000
v 160.2212142 273.7090525 119.7000000
v 160.1104099 273.6136241 119.7000000
v 159.9974891 273.5467796 119.7000000
v 159.8546565 273.4955439 119.7000000
v 159.6930843 273.4726999 119.7000000
v 159.5179694 273.4900198 119.7000000
v 159.3433310 273.5488590 119.7000000
v 155.1770386 279.7759832 119.7000000
v 154.1360939 278.7076655 119.7000000
v 154.0523862 278.8398904 119.7000000
v 153.9938904 278.9970575 119.7000000
v 153.9730969 279.1824974 119.7000000
v 153.9986416 279.3702143 119.7000000
v 154.0622194 279.5279876 119.7000000
v 154.1651743 279.6774541 119.7000000
v 154.3108705 279.8015412 119.7000000
v 154.4579994 279.8776107 119.7000000
v 154.6010660 279.9148960 119.7000000
v 154.7250553 279.9254867 119.7000000
v 154.8555423 279.9137005 119.7000000
v 154.9995867 279.8743314 119.7000000
v 157.1907298 282.5847729 119.7000000
v 157.2261196 282.0371569 119.7000000
v 157.3474519 282.8599603 119.7000000
v 157.2544567 282.7284439 119.7000000
v 157.3767347 281.8262093 119.7000000
v 157.3184528 281.8895953 119.7000000
v 157.1725072 282.1961179 119.7000000
v 157.1548150 282.3902135 119.7000000
v 157.5030310 282.9907603 119.7000000
v 157.6584247 283.0656354 119.7000000
v 157.8369415 283.1057317 119.7000000
v 158.0185931 283.0993114 119.7000000
v 158.1686180 283.0606416 119.7000000
v 158.3464810 282.9683540 119.7000000
v 162.4154075 276.7957438 119.7000000
v 162.6318460 276.6883814 119.7000000
v 162.8295804 276.6555911 119.7000000
v 163.0005004 276.6692848 119.7000000
v 163.1252899 276.7061217 119.7000000
v 163.3866173 277.9371427 119.7000000
v 163.2632197 276.7741474 119.7000000
v 163.3945352 276.8819041 119.7000000
v 163.4323960 277.8877643 119.7000000
v 163.5079963 277.7807237 119.7000000
v 163.5143287 277.0394068 119.7000000
v 163.5746762 277.6283575 119.7000000
v 163.6053453 277.4631774 119.7000000
v 163.5961351 277.2646391 119.7000000
v 160.3397764 285.4735046 119.7000000
v 160.3490014 285.6797603 119.7000000
v 160.4007585 285.8379960 119.7000000
v 160.3805569 285.2853644 119.7000000
v 160.4695106 285.9650219 119.7000000
v 160.4745284 285.1033501 119.7000000
v 160.5586367 285.0081113 119.7000000
v 160.5849570 286.0964265 119.7000000
v 160.7227939 286.1951194 119.7000000
v 160.8940324 286.2648542 119.7000000
v 161.0796484 286.2901352 119.7000000
v 161.2387157 286.2742643 119.7000000
v 161.3859960 286.2283579 119.7000000
v 161.5422100 286.1388150 119.7000000
v 165.5866157 279.9869156 119.7000000
v 165.7411600 279.8987981 119.7000000
v 165.8635404 279.8586079 119.7000000
v 166.0310244 279.8361681 119.7000000
v 166.2331638 279.8623877 119.7000000
v 166.3939062 279.9268024 119.7000000
v 166.5346452 280.0234436 119.7000000
v 166.5685193 281.1190447 119.7000000
v 166.6071659 280.0993173 119.7000000
v 166.6406121 281.0386373 119.7000000
v 166.6525926 280.1583042 119.7000000
v 166.6308962 280.1284717 119.7000000
v 166.6925952 280.2220371 119.7000000
v 166.6736109 280.1894926 119.7000000
v 166.7250491 280.8936741 119.7000000
v 166.7325880 280.3017611 119.7000000
v 166.7724415 280.4290419 119.7000000
v 166.7902185 280.5884097 119.7000000
v 166.7715414 280.7514594 119.7000000
f 1 6 2
f 3 6 1
f 2 4 1
f 1 4 5
f 3 9 6
f 4 7 5
f 8 9 3
f 351 10 8
f 11 10 351
f 12 10 11
f 8 10 9
f 5 7 13
f 14 16 12
f 12 16 10
f 7 15 13
f 17 16 14
f 18 19 17
f 20 19 18
f 21 19 20
f 22 19 21
f 23 19 22
f 24 19 23
f 25 19 24
f 17 19 16
f 15 26 13
f 13 26 27
f 26 28 27
f 27 28 29
f 28 30 29
f 31 32 33
f 33 32 34
f 33 35 36
f 34 35 33
f 37 38 31
f 31 38 32
f 35 39 36
f 36 39 40
f 41 42 37
f 37 42 38
f 39 43 40
f 40 43 44
f 44 43 30
f 45 46 41
f 41 46 42
f 30 47 29
f 43 47 30
f 48 49 50
f 50 49 45
f 45 49 46
f 48 51 49
f 29 47 52
f 48 53 51
f 54 53 55
f 55 53 48
f 54 56 53
f 57 58 54
f 54 58 56
f 57 59 58
f 60 59 57
f 60 61 59
f 62 61 60
f 47 63 52
f 62 64 61
f 65 64 62
f 66 67 68
f 68 67 65
f 65 67 64
f 52 63 69
f 66 70 67
f 71 72 73
f 73 72 66
f 66 72 70
f 71 74 72
f 63 75 69
f 75 76 69
f 69 76 77
f 25 81 19
f 1690 81 25
f 1688 81 1690
f 1685 81 1688
f 1687 81 1685
f 1684 81 1687
f 78 81 1684
f 79 81 78
f 80 81 79
f 82 81 80
f 82 83 81
f 1702 83 82
f 84 83 1702
f 85 83 84
f 85 87 83
f 87 86 88
f 85 86 87
f 89 90 91
f 89 92 90
f 93 92 89
f 90 94 91
f 95 96 93
f 93 96 92
f 91 97 98
f 94 97 91
f 95 99 96
f 100 99 95
f 97 101 98
f 98 101 102
f 103 104 100
f 100 104 99
f 102 105 106
f 101 105 102
f 107 108 103
f 103 108 104
f 106 109 76
f 105 109 106
f 76 109 77
f 77 109 110
f 107 111 108
f 112 111 107
f 109 113 110
f 114 115 112
f 112 115 111
f 116 117 114
f 114 117 115
f 118 119 116
f 116 119 117
f 120 121 122
f 122 121 118
f 118 121 119
f 113 123 110
f 120 124 121
f 120 125 124
f 126 125 120
f 110 123 127
f 128 129 130
f 130 129 126
f 126 129 125
f 128 131 129
f 123 132 127
f 133 134 135
f 135 134 128
f 128 134 131
f 133 136 134
f 127 132 137
f 132 138 137
f 88 139 140
f 86 139 88
f 137 138 141
f 138 142 141
f 142 143 141
f 141 143 144
f 143 145 144
f 144 145 146
f 145 147 146
f 140 148 194
f 139 148 140
f 147 149 146
f 150 149 147
f 71 151 74
f 152 151 71
f 152 153 151
f 154 153 155
f 155 153 152
f 154 156 153
f 157 158 159
f 159 158 154
f 154 158 156
f 157 160 158
f 157 161 160
f 162 161 163
f 163 161 157
f 162 164 161
f 162 165 164
f 166 165 167
f 167 165 162
f 166 168 165
f 169 170 171
f 171 170 166
f 166 170 168
f 172 173 169
f 169 173 170
f 172 174 173
f 172 175 174
f 176 175 177
f 177 175 172
f 176 178 175
f 179 178 176
f 179 180 178
f 181 182 179
f 179 182 180
f 181 183 182
f 184 183 181
f 184 185 183
f 186 185 184
f 186 187 185
f 188 187 189
f 189 187 186
f 188 190 187
f 188 191 190
f 192 191 188
f 194 193 195
f 195 193 197
f 148 193 194
f 193 196 197
f 197 196 198
f 150 199 149
f 196 200 198
f 192 200 191
f 198 200 192
f 191 200 245
f 133 201 136
f 202 201 133
f 203 204 205
f 205 204 202
f 202 204 201
f 203 206 204
f 203 207 206
f 208 207 203
f 209 210 208
f 208 210 207
f 211 212 213
f 213 212 209
f 209 212 210
f 211 214 212
f 215 216 211
f 211 216 214
f 215 217 216
f 218 217 219
f 219 217 215
f 218 220 217
f 221 222 218
f 218 222 220
f 223 224 221
f 221 224 222
f 225 226 223
f 223 226 224
f 227 228 225
f 225 228 226
f 229 230 227
f 227 230 228
f 231 232 229
f 229 232 230
f 233 234 231
f 231 234 232
f 235 236 233
f 233 236 234
f 237 238 239
f 239 238 235
f 235 238 236
f 237 240 238
f 241 242 243
f 243 242 237
f 237 242 240
f 241 252 242
f 245 244 247
f 200 244 245
f 247 246 249
f 244 246 247
f 249 248 250
f 250 248 241
f 246 248 249
f 241 248 252
f 248 251 252
f 252 251 254
f 251 253 254
f 254 253 256
f 253 255 256
f 256 255 258
f 255 257 258
f 258 257 261
f 260 259 263
f 257 259 261
f 261 259 260
f 263 262 265
f 259 262 263
f 262 264 265
f 265 264 266
f 150 267 199
f 266 267 150
f 199 267 268
f 264 267 266
f 268 269 270
f 267 269 268
f 270 271 272
f 269 271 270
f 271 273 272
f 274 275 276
f 272 275 274
f 273 275 272
f 276 277 278
f 275 277 276
f 277 279 278
f 280 282 281
f 282 199 283
f 280 199 282
f 284 268 285
f 286 268 284
f 287 268 286
f 283 268 287
f 199 268 283
f 288 270 289
f 285 270 288
f 268 270 285
f 270 278 289
f 270 276 278
f 270 274 276
f 270 272 274
f 280 149 199
f 290 149 280
f 291 29 52
f 292 293 291
f 294 69 77
f 294 52 69
f 294 291 52
f 295 296 297
f 295 297 292
f 295 291 294
f 295 292 291
f 298 110 127
f 298 77 110
f 298 294 77
f 299 300 301
f 299 301 296
f 299 294 298
f 299 296 295
f 299 295 294
f 302 137 141
f 302 127 137
f 302 298 127
f 303 304 305
f 303 305 300
f 303 300 299
f 303 298 302
f 303 299 298
f 306 146 149
f 306 144 146
f 306 141 144
f 306 302 141
f 307 149 290
f 307 290 308
f 307 308 309
f 307 309 304
f 307 303 302
f 307 304 303
f 307 302 306
f 307 306 149
f 2284 310 311
f 311 310 293
f 310 312 293
f 2402 313 316
f 291 293 315
f 291 315 314
f 315 293 312
f 291 318 317
f 317 318 313
f 314 318 291
f 313 318 316
f 313 319 317
f 320 319 313
f 320 2402 2401
f 2402 320 313
f 317 321 291
f 317 323 321
f 319 322 317
f 317 322 323
f 320 322 319
f 323 324 321
f 2453 322 320
f 323 325 324
f 322 325 323
f 321 324 332
f 322 328 325
f 322 327 328
f 2453 327 322
f 326 327 2453
f 324 329 332
f 326 331 327
f 325 329 324
f 330 333 2449
f 334 333 330
f 327 331 336
f 335 333 334
f 2449 338 331
f 327 336 339
f 328 337 325
f 2449 341 338
f 335 341 333
f 333 341 2449
f 339 337 327
f 327 337 328
f 331 338 336
f 325 340 329
f 337 340 325
f 342 341 335
f 332 344 343
f 329 344 332
f 340 344 329
f 345 346 8
f 347 349 348
f 347 343 349
f 347 4067 345
f 347 348 4067
f 347 1 5
f 347 3 1
f 347 8 3
f 347 345 8
f 350 332 343
f 350 321 332
f 350 291 321
f 350 27 29
f 350 13 27
f 350 5 13
f 350 29 291
f 350 347 5
f 350 343 347
f 359 12 352
f 352 12 11
f 357 8 346
f 357 11 351
f 357 352 11
f 357 351 8
f 357 353 352
f 357 354 353
f 346 355 356
f 355 4050 356
f 354 357 356
f 356 357 346
f 356 4050 4082
f 360 356 4082
f 352 353 360
f 354 354 356
f 354 353 354
f 354 356 360
f 354 360 353
f 359 352 360
f 359 360 4083
f 4083 360 4082
f 361 362 365
f 358 362 361
f 362 363 365
f 363 364 365
f 365 364 367
f 364 366 367
f 366 368 367
f 367 368 369
f 368 370 369
f 369 370 371
f 371 370 372
f 370 373 372
f 372 373 374
f 374 373 375
f 373 376 375
f 375 376 377
f 377 378 379
f 376 378 377
f 379 378 380
f 376 444 378
f 455 381 382
f 455 382 383
f 460 455 383
f 460 383 384
f 384 385 386
f 387 384 386
f 387 460 384
f 387 386 388
f 390 388 389
f 390 387 388
f 390 389 391
f 393 391 392
f 393 390 391
f 393 392 394
f 396 394 395
f 396 393 394
f 396 395 397
f 495 397 398
f 495 396 397
f 501 398 399
f 501 495 398
f 401 399 400
f 401 501 399
f 401 400 402
f 404 402 403
f 404 401 402
f 404 403 405
f 529 405 406
f 529 404 405
f 529 406 407
f 535 407 408
f 535 529 407
f 410 408 409
f 410 535 408
f 410 409 411
f 549 411 412
f 549 410 411
f 549 412 413
f 563 413 414
f 563 549 413
f 563 414 415
f 570 415 416
f 570 563 415
f 570 416 417
f 580 417 418
f 580 570 417
f 580 418 419
f 588 580 419
f 588 419 420
f 422 588 420
f 422 420 421
f 422 421 423
f 599 422 423
f 599 423 424
f 606 599 424
f 606 424 425
f 614 606 425
f 614 425 426
f 614 426 427
f 625 614 427
f 625 427 428
f 625 428 429
f 431 429 430
f 431 625 429
f 431 430 432
f 434 432 433
f 434 431 432
f 434 433 435
f 437 435 436
f 437 434 435
f 437 436 438
f 440 438 439
f 440 437 438
f 440 439 441
f 665 441 442
f 665 440 441
f 378 442 380
f 443 378 444
f 443 665 442
f 443 442 378
f 445 443 444
f 445 444 446
f 447 446 448
f 447 445 446
f 688 448 449
f 688 447 448
f 450 688 449
f 455 452 381
f 454 452 455
f 457 453 454
f 456 2314 453
f 458 454 455
f 458 457 454
f 464 456 453
f 464 453 457
f 462 455 460
f 462 458 455
f 463 457 458
f 464 457 463
f 459 456 464
f 463 458 462
f 459 465 456
f 467 464 463
f 468 2394 461
f 466 463 462
f 476 461 465
f 466 460 387
f 466 462 460
f 472 464 467
f 467 463 466
f 472 459 464
f 470 465 459
f 476 468 461
f 470 459 472
f 476 465 470
f 475 466 387
f 471 467 466
f 473 466 475
f 474 468 476
f 475 387 390
f 477 470 472
f 473 471 466
f 477 472 467
f 477 467 471
f 484 470 477
f 474 469 468
f 479 469 474
f 497 478 2310
f 497 2310 479
f 480 475 390
f 484 476 470
f 481 477 471
f 485 484 477
f 483 471 473
f 486 474 476
f 486 476 484
f 482 480 390
f 482 390 393
f 480 473 475
f 479 474 493
f 497 494 478
f 483 473 480
f 483 481 471
f 481 485 477
f 486 493 474
f 488 481 483
f 487 486 484
f 491 480 482
f 487 484 485
f 491 483 480
f 489 481 488
f 497 479 493
f 489 485 481
f 490 393 396
f 490 482 393
f 492 483 491
f 502 487 485
f 502 485 489
f 492 488 483
f 509 486 487
f 490 491 482
f 509 493 486
f 496 488 492
f 497 512 494
f 499 490 396
f 500 491 490
f 496 489 488
f 498 496 492
f 500 492 491
f 505 489 496
f 495 499 396
f 500 490 499
f 498 492 500
f 503 496 498
f 505 502 489
f 509 487 502
f 506 497 493
f 503 505 496
f 508 500 499
f 506 493 509
f 504 499 495
f 504 495 501
f 510 498 500
f 511 509 502
f 511 502 505
f 507 501 401
f 504 508 499
f 510 500 508
f 513 503 498
f 513 498 510
f 507 504 501
f 518 505 503
f 518 511 505
f 519 507 401
f 514 504 507
f 518 503 513
f 506 512 497
f 516 510 508
f 517 506 509
f 404 519 401
f 514 508 504
f 514 507 519
f 520 510 516
f 517 509 511
f 516 508 514
f 520 513 510
f 515 518 513
f 506 530 512
f 515 513 520
f 521 514 519
f 525 516 514
f 523 518 528
f 523 511 518
f 521 525 514
f 522 516 525
f 528 518 515
f 526 519 404
f 522 520 516
f 527 515 520
f 517 511 523
f 526 521 519
f 524 404 529
f 527 520 522
f 527 528 515
f 524 526 404
f 531 521 526
f 532 522 525
f 533 506 517
f 531 525 521
f 531 526 524
f 533 530 506
f 532 525 531
f 538 527 522
f 538 522 532
f 536 524 529
f 534 528 527
f 536 531 524
f 539 517 523
f 539 533 517
f 533 544 530
f 541 531 536
f 540 532 531
f 538 534 527
f 534 523 528
f 536 529 535
f 541 540 531
f 537 532 540
f 539 523 534
f 542 535 410
f 542 536 535
f 537 538 532
f 545 534 538
f 546 537 540
f 543 538 537
f 554 534 545
f 547 536 542
f 547 541 536
f 541 546 540
f 545 538 543
f 543 537 546
f 539 534 554
f 548 533 539
f 551 541 547
f 549 542 410
f 583 544 533
f 550 542 549
f 552 541 551
f 555 545 543
f 552 546 541
f 553 543 546
f 556 539 554
f 583 533 548
f 550 547 542
f 558 546 552
f 554 545 555
f 556 548 539
f 583 567 544
f 559 550 549
f 557 547 550
f 553 555 543
f 557 551 547
f 558 553 546
f 559 549 563
f 557 550 559
f 560 551 557
f 560 552 551
f 566 548 556
f 561 553 558
f 562 555 553
f 556 554 555
f 583 548 566
f 568 552 560
f 568 558 552
f 565 559 563
f 564 557 559
f 561 562 553
f 564 560 557
f 568 561 558
f 571 556 555
f 573 568 560
f 570 565 563
f 574 559 565
f 574 564 559
f 572 560 564
f 566 556 571
f 576 565 570
f 569 562 561
f 571 555 562
f 572 573 560
f 575 561 568
f 574 565 576
f 572 564 574
f 583 587 567
f 575 568 573
f 575 569 561
f 571 562 569
f 577 573 572
f 579 570 580
f 581 574 576
f 578 572 574
f 579 576 570
f 577 575 573
f 584 571 569
f 590 566 571
f 581 576 579
f 586 574 581
f 578 577 572
f 582 569 575
f 582 575 577
f 600 583 566
f 586 578 574
f 584 569 582
f 590 571 584
f 589 578 586
f 600 566 590
f 585 581 579
f 596 582 577
f 588 579 580
f 589 577 578
f 593 584 582
f 600 587 583
f 585 586 581
f 592 577 589
f 592 596 577
f 597 582 596
f 585 579 588
f 591 586 585
f 594 584 593
f 594 590 584
f 593 582 597
f 600 603 587
f 595 588 422
f 591 589 586
f 595 585 588
f 601 589 591
f 605 591 585
f 601 592 589
f 602 592 601
f 604 595 422
f 607 585 595
f 601 591 605
f 598 597 596
f 600 590 594
f 607 605 585
f 602 596 592
f 598 593 597
f 600 616 603
f 604 422 599
f 607 595 604
f 598 596 602
f 632 600 594
f 613 601 605
f 613 602 601
f 611 598 602
f 615 594 593
f 632 616 600
f 606 604 599
f 608 607 604
f 609 605 607
f 619 598 611
f 620 593 598
f 610 604 606
f 609 613 605
f 613 611 602
f 632 594 615
f 615 593 620
f 612 606 614
f 610 608 604
f 609 607 608
f 620 598 619
f 612 610 606
f 622 608 610
f 621 611 613
f 621 619 611
f 622 609 608
f 618 613 609
f 617 612 614
f 622 610 612
f 623 609 622
f 621 613 618
f 618 609 623
f 636 615 620
f 617 614 625
f 627 612 617
f 624 619 621
f 632 638 616
f 627 622 612
f 628 620 619
f 628 636 620
f 634 622 627
f 626 618 623
f 624 621 618
f 624 628 619
f 632 615 630
f 634 623 622
f 629 617 625
f 630 615 636
f 626 623 634
f 629 627 617
f 631 624 618
f 635 628 624
f 633 629 625
f 633 625 431
f 639 627 629
f 637 618 626
f 640 624 631
f 637 626 634
f 631 618 637
f 635 624 640
f 636 628 635
f 639 629 633
f 639 634 627
f 641 634 639
f 652 630 636
f 641 637 634
f 642 631 637
f 647 636 635
f 643 431 434
f 648 639 633
f 644 637 641
f 642 640 631
f 632 650 638
f 643 633 431
f 647 635 640
f 642 637 644
f 648 633 643
f 646 639 648
f 646 641 639
f 662 647 640
f 647 652 636
f 652 650 632
f 652 632 630
f 649 642 644
f 654 640 642
f 437 643 434
f 651 643 437
f 645 648 643
f 653 646 648
f 646 644 641
f 654 662 640
f 649 654 642
f 651 645 643
f 655 646 653
f 657 644 646
f 657 649 644
f 653 648 645
f 660 645 651
f 664 647 662
f 656 651 437
f 657 646 655
f 664 652 647
f 661 653 645
f 661 645 660
f 658 654 649
f 656 437 440
f 660 651 656
f 663 649 657
f 658 662 654
f 652 672 650
f 659 657 655
f 667 653 661
f 667 655 653
f 658 649 663
f 663 657 659
f 668 652 664
f 670 660 656
f 659 655 667
f 668 672 652
f 666 656 440
f 670 661 660
f 671 662 658
f 669 663 659
f 671 664 662
f 666 670 656
f 673 661 670
f 674 659 667
f 676 440 665
f 676 666 440
f 673 667 661
f 674 669 659
f 678 658 663
f 668 664 683
f 443 676 665
f 674 667 673
f 675 670 666
f 675 666 676
f 683 664 671
f 678 663 669
f 685 658 678
f 685 671 658
f 677 674 673
f 681 443 445
f 675 673 670
f 679 669 674
f 683 671 685
f 668 687 672
f 680 675 676
f 684 673 675
f 682 685 678
f 681 676 443
f 684 677 673
f 677 679 674
f 679 678 669
f 682 678 679
f 680 676 681
f 684 675 680
f 686 677 684
f 698 668 683
f 698 687 668
f 686 679 677
f 689 684 680
f 447 681 445
f 689 680 681
f 697 679 686
f 693 681 447
f 694 684 689
f 692 685 682
f 694 686 684
f 691 697 686
f 692 679 697
f 692 682 679
f 700 685 692
f 693 689 681
f 690 694 689
f 700 683 685
f 688 693 447
f 690 689 693
f 691 686 694
f 703 692 697
f 698 710 687
f 695 693 688
f 695 688 450
f 699 690 693
f 696 691 694
f 698 683 700
f 701 694 690
f 700 692 703
f 696 694 701
f 705 691 696
f 699 701 690
f 705 697 691
f 704 699 693
f 704 695 4009
f 704 693 695
f 702 697 705
f 702 703 697
f 706 696 701
f 707 701 699
f 707 699 704
f 717 698 700
f 706 701 707
f 706 707 708
f 709 696 706
f 709 705 696
f 711 700 703
f 717 700 711
f 714 702 705
f 714 705 709
f 711 703 702
f 706 708 709
f 698 716 710
f 714 709 713
f 715 711 702
f 712 698 717
f 715 717 711
f 715 702 714
f 712 716 698
f 712 451 716
f 718 719 4049
f 720 721 722
f 723 724 721
f 723 721 720
f 725 722 726
f 725 720 722
f 727 728 724
f 727 724 723
f 729 725 726
f 729 726 719
f 729 719 718
f 730 731 728
f 730 728 727
f 732 729 718
f 733 734 731
f 733 731 730
f 735 732 718
f 736 737 734
f 736 734 733
f 738 718 4079
f 738 735 718
f 739 749 737
f 739 737 736
f 740 4079 741
f 740 738 4079
f 742 749 739
f 743 741 744
f 743 740 741
f 745 749 742
f 746 743 744
f 746 744 747
f 748 749 745
f 750 746 747
f 750 747 751
f 752 749 748
f 752 451 749
f 753 750 751
f 753 751 754
f 755 451 752
f 756 754 757
f 756 753 754
f 758 451 755
f 759 756 757
f 759 757 760
f 761 716 451
f 761 451 758
f 762 759 760
f 762 760 763
f 764 716 761
f 765 762 763
f 765 763 766
f 767 716 764
f 768 766 769
f 768 765 766
f 770 710 716
f 770 716 767
f 771 768 769
f 771 769 772
f 773 710 770
f 774 771 772
f 774 772 775
f 776 710 773
f 777 775 778
f 777 774 775
f 779 710 776
f 780 777 778
f 780 778 781
f 782 687 710
f 782 710 779
f 783 780 781
f 783 781 784
f 785 687 782
f 786 784 787
f 786 783 784
f 788 687 785
f 789 786 787
f 789 787 790
f 791 687 788
f 792 790 793
f 792 789 790
f 794 672 687
f 794 687 791
f 795 793 796
f 795 792 793
f 797 672 794
f 798 796 799
f 798 795 796
f 800 672 797
f 801 798 799
f 801 799 802
f 803 650 672
f 803 672 800
f 804 801 802
f 804 802 805
f 806 650 803
f 807 804 805
f 807 805 808
f 809 650 806
f 810 807 808
f 810 808 811
f 812 650 809
f 813 810 811
f 814 650 812
f 815 813 811
f 816 813 815
f 638 650 814
f 638 814 817
f 818 816 815
f 818 819 816
f 638 817 820
f 821 819 818
f 821 822 819
f 638 820 823
f 824 822 821
f 824 825 822
f 638 823 826
f 827 825 824
f 827 828 825
f 616 826 829
f 616 638 826
f 830 828 827
f 830 831 828
f 616 829 832
f 833 834 831
f 833 831 830
f 616 832 835
f 836 837 834
f 836 834 833
f 603 616 835
f 603 835 838
f 839 840 837
f 839 837 836
f 603 838 841
f 842 843 840
f 842 840 839
f 603 841 844
f 845 846 843
f 845 843 842
f 587 844 847
f 587 603 844
f 342 848 846
f 342 849 848
f 342 850 849
f 342 851 850
f 342 846 845
f 587 847 852
f 587 852 853
f 587 853 854
f 567 587 854
f 567 854 855
f 567 855 856
f 857 335 334
f 567 856 858
f 2333 335 857
f 2333 342 335
f 859 342 2333
f 860 342 859
f 567 858 861
f 862 342 860
f 863 864 851
f 863 342 862
f 863 851 342
f 865 866 864
f 865 864 863
f 867 868 866
f 867 866 865
f 544 861 869
f 544 567 861
f 544 869 870
f 871 872 868
f 871 873 872
f 871 868 867
f 544 870 874
f 875 876 873
f 875 873 871
f 544 874 877
f 878 879 876
f 878 876 875
f 880 879 878
f 530 544 877
f 530 877 881
f 880 882 879
f 883 884 882
f 883 882 880
f 530 881 885
f 530 885 886
f 887 888 884
f 887 884 883
f 530 886 889
f 887 890 888
f 887 891 890
f 512 530 889
f 512 889 892
f 887 893 891
f 512 892 894
f 478 895 893
f 478 893 887
f 512 894 896
f 478 897 895
f 512 896 898
f 478 899 897
f 494 512 898
f 494 898 900
f 494 901 899
f 494 899 478
f 494 900 902
f 494 902 901
f 904 908 903
f 905 908 906
f 905 903 908
f 907 908 904
f 909 905 906
f 910 915 908
f 910 908 907
f 911 909 906
f 912 915 910
f 913 911 906
f 914 915 912
f 916 906 917
f 916 913 906
f 918 1878 915
f 918 915 914
f 919 916 917
f 920 1878 918
f 921 919 917
f 922 1878 920
f 923 921 917
f 924 932 1878
f 924 1878 922
f 925 917 926
f 925 923 917
f 927 932 924
f 928 925 926
f 929 932 927
f 930 928 926
f 931 932 929
f 933 930 926
f 934 942 932
f 934 932 931
f 935 933 926
f 935 926 936
f 937 942 934
f 938 935 936
f 939 942 937
f 940 938 936
f 941 942 939
f 943 940 936
f 944 942 941
f 944 1823 942
f 945 943 936
f 945 936 946
f 947 1823 944
f 948 945 946
f 949 1823 947
f 949 957 1823
f 950 948 946
f 951 957 949
f 952 950 946
f 953 957 951
f 954 952 946
f 954 946 955
f 956 957 953
f 958 954 955
f 959 957 956
f 959 960 957
f 961 958 955
f 962 960 959
f 962 965 960
f 963 961 955
f 964 965 962
f 966 955 967
f 966 963 955
f 968 969 965
f 968 965 964
f 970 966 967
f 971 972 969
f 971 969 968
f 973 970 967
f 974 972 971
f 974 975 972
f 976 973 967
f 977 975 974
f 977 978 975
f 979 976 967
f 979 967 980
f 981 978 977
f 981 982 978
f 983 979 980
f 984 982 981
f 984 985 982
f 986 983 980
f 987 985 984
f 987 988 985
f 989 986 980
f 990 988 987
f 990 991 988
f 992 991 990
f 980 993 989
f 994 995 993
f 994 993 980
f 994 996 995
f 2064 997 996
f 2064 996 994
f 999 991 992
f 999 1000 1001
f 999 1002 1000
f 999 992 1002
f 999 998 991
f 999 1731 998
f 2064 1003 997
f 2064 1004 1003
f 1730 1001 1005
f 1730 999 1001
f 2064 1006 1004
f 1007 1005 1008
f 1007 1730 1005
f 1009 1010 1006
f 1009 1006 2064
f 1011 1008 1012
f 1011 1007 1008
f 1009 1013 1010
f 1014 1012 1015
f 1014 1011 1012
f 1016 1017 1013
f 1016 1013 1009
f 1018 1015 1019
f 1018 1014 1015
f 1020 1017 1016
f 1020 1021 1017
f 1022 1018 1019
f 1022 1019 1023
f 1024 1025 1021
f 1024 1021 1020
f 1026 1022 1023
f 1026 1023 1027
f 2096 1025 1024
f 1028 1025 2096
f 1028 1029 1025
f 1030 1026 1027
f 1030 1027 1031
f 1032 1033 1029
f 1032 1029 1028
f 1034 1030 1031
f 1034 1031 1035
f 1036 1037 1033
f 1036 1033 1032
f 1038 1039 1037
f 1038 1037 1036
f 1040 1034 1035
f 1040 1035 1041
f 1042 1043 1039
f 1042 1039 1038
f 1044 1043 1042
f 1045 1041 1046
f 1045 1040 1041
f 1047 1046 1048
f 1047 1045 1046
f 1049 1047 1048
f 1049 1048 1050
f 1051 1049 1050
f 1051 1050 1052
f 1053 1052 1054
f 1053 1051 1052
f 1055 1056 1043
f 1055 1057 1056
f 1055 1058 1057
f 1055 1059 1058
f 1055 1043 1044
f 1060 1053 1054
f 1060 1054 1061
f 1062 1063 1059
f 1062 1059 1055
f 2195 1055 1044
f 1064 1061 1065
f 1064 1060 1061
f 1066 1067 1063
f 1066 1063 1062
f 1068 1064 1065
f 1068 1065 1069
f 2195 1044 2078
f 1070 1071 1067
f 1070 1067 1066
f 1072 1069 1073
f 1072 1068 1069
f 1074 1075 1071
f 1074 1071 1070
f 1076 1073 1077
f 1076 1072 1073
f 1078 1079 1075
f 1078 1075 1074
f 1080 1076 1077
f 1080 1077 1081
f 1082 1083 1079
f 1082 1079 1078
f 1084 1080 1081
f 1084 1081 1085
f 1086 1083 1082
f 1086 1087 1083
f 1088 1084 1085
f 1088 1085 1089
f 1090 1087 1086
f 1090 1091 1087
f 1092 1088 1089
f 1092 1089 1093
f 1094 1095 1091
f 1094 1091 1090
f 1096 1092 1093
f 1096 1093 1097
f 1098 1095 1094
f 1098 1099 1095
f 1100 1096 1097
f 1100 1099 1098
f 1100 1097 1099
f 770 767 1101
f 1101 767 1102
f 1102 764 1103
f 1103 764 1104
f 767 764 1102
f 764 761 1104
f 1104 758 1105
f 761 758 1104
f 1105 755 1106
f 758 755 1105
f 1106 752 1107
f 755 752 1106
f 1107 748 1108
f 1108 748 1109
f 752 748 1107
f 748 745 1109
f 1109 742 1110
f 745 742 1109
f 1110 739 1111
f 1111 739 1112
f 742 739 1110
f 739 736 1112
f 736 733 1112
f 1112 733 1113
f 733 730 1113
f 1113 730 1114
f 1114 730 1115
f 730 727 1115
f 727 723 1115
f 1115 723 1116
f 1116 723 1117
f 723 720 1117
f 720 725 1117
f 1117 725 1118
f 725 729 1118
f 1118 729 1119
f 729 732 1119
f 1119 732 1120
f 732 735 1120
f 1120 735 1121
f 735 738 1121
f 1121 738 1122
f 738 740 1122
f 1122 740 1123
f 1123 743 1124
f 740 743 1123
f 1124 746 1125
f 743 746 1124
f 1125 750 1126
f 746 750 1125
f 1126 753 1127
f 750 753 1126
f 1127 756 1128
f 1128 756 1129
f 753 756 1127
f 1129 759 1130
f 756 759 1129
f 759 762 1130
f 1130 765 1131
f 762 765 1130
f 1131 768 1132
f 765 768 1131
f 1132 771 1133
f 768 771 1132
f 1133 774 1134
f 771 774 1133
f 1134 777 1135
f 774 777 1134
f 1135 780 1136
f 1136 780 1137
f 777 780 1135
f 780 783 1137
f 783 786 1137
f 1137 786 1138
f 1138 786 1139
f 786 789 1139
f 789 792 1139
f 1139 792 1140
f 792 795 1140
f 1140 795 1141
f 795 798 1141
f 1141 798 1142
f 798 801 1142
f 1142 801 1143
f 801 804 1143
f 1143 804 1144
f 804 807 1144
f 1144 807 1145
f 807 810 1145
f 1145 810 1146
f 810 813 1146
f 1146 813 1147
f 813 816 1147
f 1147 816 1148
f 816 819 1148
f 1148 819 1149
f 819 822 1149
f 1149 822 1150
f 822 825 1150
f 1150 825 1151
f 825 828 1151
f 1151 828 1152
f 828 831 1152
f 1152 831 1153
f 831 834 1153
f 1153 834 1154
f 834 837 1154
f 1154 837 1155
f 837 840 1155
f 1155 840 1156
f 840 843 1156
f 1156 843 1157
f 1157 843 1158
f 843 846 1158
f 1158 848 1159
f 846 848 1158
f 1159 849 1160
f 1160 849 1161
f 848 849 1159
f 849 850 1161
f 1161 851 1162
f 1162 851 1163
f 850 851 1161
f 851 864 1163
f 1163 864 1164
f 864 866 1164
f 866 868 1164
f 1164 868 1165
f 868 872 1165
f 1165 872 1166
f 872 873 1166
f 1166 873 1167
f 1167 873 1168
f 873 876 1168
f 876 879 1168
f 1168 879 1169
f 879 882 1169
f 1169 882 1170
f 882 884 1170
f 1170 884 1171
f 884 888 1171
f 1171 888 1172
f 888 890 1172
f 1172 890 1173
f 1173 890 1174
f 890 891 1174
f 1174 893 1175
f 1175 893 1176
f 891 893 1174
f 893 895 1176
f 1176 897 1177
f 895 897 1176
f 1177 899 1178
f 897 899 1177
f 1178 901 1179
f 899 901 1178
f 1179 902 1180
f 901 902 1179
f 1180 900 1181
f 902 900 1180
f 1181 898 1182
f 900 898 1181
f 1182 896 1183
f 898 896 1182
f 1183 894 1184
f 896 894 1183
f 1184 892 1185
f 894 892 1184
f 1185 889 1186
f 892 889 1185
f 1186 886 1187
f 889 886 1186
f 1187 885 1188
f 886 885 1187
f 885 881 1188
f 1188 881 1189
f 881 877 1189
f 1189 877 1190
f 877 874 1190
f 1190 874 1191
f 874 870 1191
f 1191 870 1192
f 1192 869 1193
f 870 869 1192
f 1193 861 1194
f 869 861 1193
f 1194 858 1195
f 861 858 1194
f 1195 856 1196
f 858 856 1195
f 1196 855 1197
f 856 855 1196
f 1197 854 1198
f 855 854 1197
f 1198 853 1199
f 854 853 1198
f 1199 852 1200
f 853 852 1199
f 1200 847 1201
f 852 847 1200
f 1201 844 1202
f 847 844 1201
f 1202 841 1203
f 844 841 1202
f 1203 838 1204
f 841 838 1203
f 1204 835 1205
f 838 835 1204
f 1205 832 1206
f 835 832 1205
f 1206 829 1207
f 832 829 1206
f 1207 826 1208
f 829 826 1207
f 1208 823 1209
f 826 823 1208
f 1209 820 1210
f 1210 820 1211
f 823 820 1209
f 820 817 1211
f 1211 814 1212
f 1212 814 1213
f 817 814 1211
f 814 812 1213
f 812 809 1213
f 1213 809 1214
f 1214 809 1215
f 809 806 1215
f 806 803 1215
f 1215 803 1216
f 1216 803 1217
f 803 800 1217
f 1217 800 1218
f 800 797 1218
f 797 794 1218
f 1218 794 1219
f 794 791 1219
f 1219 791 1220
f 791 788 1220
f 1220 788 1221
f 788 785 1221
f 1221 785 1222
f 785 782 1222
f 1222 782 1223
f 782 779 1223
f 1223 779 1224
f 779 776 1224
f 1224 776 1225
f 1225 776 1226
f 776 773 1226
f 1226 773 1101
f 773 770 1101
f 2247 1227 1228
f 1228 1227 1229
f 1227 1230 1229
f 1229 1230 1231
f 1230 1232 1231
f 1231 1232 1233
f 1232 1234 1233
f 1233 1234 1235
f 1234 1236 1235
f 1235 1236 1237
f 1236 1238 1237
f 1237 1238 1239
f 1239 1240 1241
f 1238 1240 1239
f 1241 1242 1243
f 1240 1242 1241
f 1243 1244 1246
f 1242 1244 1243
f 1244 1245 1246
f 1246 1245 1247
f 1245 1248 1247
f 1247 1248 1249
f 1249 1248 1250
f 1250 1248 1251
f 1252 1180 385
f 1252 1179 1180
f 1180 1181 385
f 385 1181 386
f 1252 1178 1179
f 1253 1178 1252
f 386 1182 388
f 1181 1182 386
f 1253 1177 1178
f 1254 1177 1253
f 388 1183 389
f 1182 1183 388
f 1254 1176 1177
f 1183 1184 389
f 389 1184 391
f 1254 1175 1176
f 1255 1175 1254
f 1184 1185 391
f 391 1185 392
f 1255 1174 1175
f 1185 1186 392
f 392 1186 394
f 1255 1173 1174
f 1256 1173 1255
f 1186 1187 394
f 394 1187 395
f 1256 1172 1173
f 1257 1172 1256
f 1187 1188 395
f 395 1188 397
f 1257 1171 1172
f 397 1189 398
f 1188 1189 397
f 1257 1170 1171
f 1258 1170 1257
f 398 1190 399
f 1189 1190 398
f 1258 1169 1170
f 1251 1169 1258
f 399 1191 400
f 1190 1191 399
f 1251 1168 1169
f 1248 1168 1251
f 400 1192 402
f 1191 1192 400
f 1248 1167 1168
f 402 1193 403
f 1192 1193 402
f 1248 1166 1167
f 403 1194 405
f 1193 1194 403
f 1259 1165 1248
f 1248 1165 1166
f 405 1195 406
f 1194 1195 405
f 1260 1164 1259
f 1259 1164 1165
f 406 1196 407
f 1195 1196 406
f 1261 1163 1260
f 1260 1163 1164
f 1196 1197 407
f 407 1197 408
f 1261 1162 1163
f 1262 1162 1261
f 408 1198 409
f 1197 1198 408
f 1263 1161 1262
f 1262 1161 1162
f 409 1199 411
f 1198 1199 409
f 1263 1160 1161
f 1264 1160 1263
f 1199 1200 411
f 411 1200 412
f 1265 1159 1264
f 1264 1159 1160
f 412 1201 413
f 1200 1201 412
f 1266 1158 1265
f 1265 1158 1159
f 413 1202 414
f 1201 1202 413
f 1267 1157 1266
f 1266 1157 1158
f 414 1203 415
f 1202 1203 414
f 1268 1156 1267
f 1267 1156 1157
f 1203 1204 415
f 415 1204 416
f 1268 1155 1156
f 1269 1155 1268
f 1204 1205 416
f 416 1205 417
f 1269 1154 1155
f 1270 1154 1269
f 1205 1206 417
f 417 1206 418
f 1270 1153 1154
f 1271 1153 1270
f 1206 1207 418
f 418 1207 419
f 1272 1152 1271
f 1271 1152 1153
f 419 1208 420
f 1207 1208 419
f 1272 1151 1152
f 1273 1151 1272
f 420 1209 421
f 1208 1209 420
f 1274 1150 1273
f 1273 1150 1151
f 421 1210 423
f 1209 1210 421
f 1274 1149 1150
f 1275 1149 1274
f 1210 1211 423
f 1275 1148 1149
f 1211 424 423
f 1212 424 1211
f 1148 1276 1147
f 1275 1276 1148
f 1212 425 424
f 1213 425 1212
f 1147 1277 1146
f 1276 1277 1147
f 1214 426 1213
f 1213 426 425
f 1146 1278 1145
f 1277 1278 1146
f 1215 427 1214
f 1214 427 426
f 1216 428 1215
f 1215 428 427
f 1145 1279 1144
f 1278 1279 1145
f 1216 429 428
f 1217 429 1216
f 1144 1280 1143
f 1279 1280 1144
f 1218 430 1217
f 1217 430 429
f 1143 1281 1142
f 1280 1281 1143
f 1219 432 1218
f 1218 432 430
f 1142 1282 1141
f 1281 1282 1142
f 1220 433 1219
f 1219 433 432
f 1221 435 1220
f 1220 435 433
f 1282 1283 1141
f 1141 1283 1140
f 1221 436 435
f 1222 436 1221
f 1140 1284 1139
f 1283 1284 1140
f 1223 438 1222
f 1222 438 436
f 1284 1285 1139
f 1139 1285 1138
f 1224 439 1223
f 1223 439 438
f 1138 1286 1137
f 1285 1286 1138
f 1224 441 439
f 1225 441 1224
f 1226 442 1225
f 1225 442 441
f 1286 1287 1137
f 1137 1287 1136
f 1101 380 1226
f 1226 380 442
f 1136 1288 1135
f 1287 1288 1136
f 1101 379 380
f 1102 379 1101
f 1103 379 1102
f 1103 377 379
f 1104 377 1103
f 1105 377 1104
f 1135 1289 1134
f 1288 1289 1135
f 1105 375 377
f 1106 375 1105
f 1289 1290 1134
f 1134 1290 1133
f 1106 374 375
f 1107 374 1106
f 1108 374 1107
f 1290 1291 1133
f 1133 1291 1132
f 1108 372 374
f 1109 372 1108
f 1110 372 1109
f 1291 1292 1132
f 1132 1292 1131
f 1110 371 372
f 1111 371 1110
f 1131 1293 1130
f 1292 1293 1131
f 1113 369 1112
f 1111 369 371
f 1112 369 1111
f 1130 1294 1129
f 1293 1294 1130
f 1129 1295 1128
f 1294 1295 1129
f 1128 1296 1127
f 1295 1296 1128
f 1127 1297 1126
f 1296 1297 1127
f 1297 1298 1126
f 1126 1298 1125
f 1125 1299 1124
f 1298 1299 1125
f 1299 1300 1124
f 1124 1300 1123
f 1123 1301 1122
f 1300 1301 1123
f 1122 1302 1121
f 1301 1302 1122
f 1121 1303 1120
f 1302 1303 1121
f 1120 1304 1119
f 1303 1304 1120
f 1119 1305 1118
f 1304 1305 1119
f 1114 1306 1113
f 1115 1306 1114
f 1116 1306 1115
f 367 1306 365
f 369 1306 367
f 1113 1306 369
f 1118 1307 1117
f 1305 1307 1118
f 1117 1308 1116
f 1116 1308 1306
f 1307 1308 1117
f 1306 361 365
f 1306 1309 361
f 1309 1310 361
f 1309 1311 1310
f 1311 1312 1310
f 1312 1313 1310
f 1314 1315 1316
f 1312 1317 1313
f 1317 1318 1313
f 1314 1319 1315
f 1317 1320 1318
f 1320 1321 1318
f 1319 1322 1315
f 1320 1323 1321
f 1323 1324 1321
f 1319 1325 1322
f 1323 1326 1324
f 1325 1327 1322
f 1326 1328 1324
f 1326 1329 1328
f 1329 1330 1328
f 1329 1331 1330
f 1325 1332 1327
f 1332 1333 1327
f 1331 1334 1330
f 1331 1335 1334
f 1335 1336 1334
f 1335 1337 1336
f 1332 1338 1333
f 1338 1339 1333
f 1337 1340 1336
f 1337 1341 1340
f 1341 1342 1340
f 1343 1342 1341
f 1338 1344 1339
f 1344 1345 1339
f 1343 1346 1342
f 1347 1346 1343
f 1344 1348 1345
f 1345 1348 1349
f 1347 1350 1346
f 1351 1350 1347
f 1352 1353 1351
f 1351 1353 1350
f 1349 1354 1355
f 1348 1354 1349
f 1356 1357 1352
f 1352 1357 1353
f 1356 1358 1357
f 1359 1358 1356
f 1355 1360 1366
f 1354 1360 1355
f 1359 1361 1358
f 1362 1361 1359
f 1363 1364 1362
f 1362 1364 1361
f 1360 1365 1366
f 1363 1367 1364
f 1368 1367 1363
f 1366 1365 1370
f 1365 1369 1370
f 1370 1369 1371
f 1368 1372 1367
f 1373 1372 1368
f 1369 1374 1371
f 1375 1376 1377
f 1378 1379 1375
f 1375 1379 1376
f 1377 1380 1381
f 1376 1380 1377
f 1382 1383 1378
f 1378 1383 1379
f 1381 1384 1385
f 1380 1384 1381
f 1386 1387 1382
f 1382 1387 1383
f 1385 1388 1389
f 1384 1388 1385
f 1390 1391 1386
f 1386 1391 1387
f 1389 1392 1393
f 1388 1392 1389
f 1394 1395 1390
f 1390 1395 1391
f 1393 1396 1397
f 1392 1396 1393
f 1398 1399 1394
f 1394 1399 1395
f 1397 1400 1401
f 1396 1400 1397
f 1402 1403 1398
f 1398 1403 1399
f 1401 1404 1405
f 1400 1404 1401
f 1406 1407 1402
f 1402 1407 1403
f 1405 1408 1409
f 1404 1408 1405
f 1410 1411 1406
f 1406 1411 1407
f 1409 1412 1413
f 1408 1412 1409
f 1414 1415 1410
f 1410 1415 1411
f 1413 1416 1417
f 1412 1416 1413
f 1418 1419 1414
f 1414 1419 1415
f 1416 1420 1417
f 1417 1420 1421
f 1422 1423 1418
f 1418 1423 1419
f 1420 1424 1421
f 1421 1424 1425
f 1426 1427 1422
f 1422 1427 1423
f 1425 1428 1429
f 1424 1428 1425
f 1373 1430 1372
f 1431 1430 1373
f 1432 1433 1426
f 1426 1433 1427
f 1428 1434 1429
f 1429 1434 1435
f 1436 1437 1432
f 1432 1437 1433
f 1434 1438 1435
f 1435 1438 1439
f 1374 1440 1371
f 1441 1442 1436
f 1436 1442 1437
f 1439 1443 1444
f 1438 1443 1439
f 1371 1445 1441
f 1441 1445 1442
f 1444 1446 1447
f 1443 1446 1444
f 1371 1448 1445
f 1446 1449 1447
f 1447 1449 1450
f 1371 1451 1448
f 1449 1452 1450
f 1450 1452 1453
f 1440 1454 1371
f 1371 1454 1451
f 1453 1455 1456
f 1452 1455 1453
f 1440 1457 1454
f 1458 1457 1440
f 1456 1459 1460
f 1455 1459 1456
f 1458 1461 1457
f 1462 1461 1458
f 1431 1463 1430
f 1464 1463 1431
f 1460 1465 1466
f 1459 1465 1460
f 1462 1467 1461
f 1465 1468 1466
f 1466 1468 1469
f 1462 1470 1467
f 1471 1470 1462
f 1469 1472 1473
f 1468 1472 1469
f 1471 1474 1470
f 1473 1475 1476
f 1472 1475 1473
f 1471 1477 1474
f 1477 1478 1474
f 1476 1479 1480
f 1475 1479 1476
f 1477 1481 1478
f 1480 1482 1483
f 1479 1482 1480
f 1477 1484 1481
f 1484 1485 1481
f 1483 1486 1487
f 1482 1486 1483
f 1464 1488 1463
f 1489 1488 1464
f 1484 1490 1485
f 1486 1491 1487
f 1487 1491 1492
f 1484 1493 1490
f 1490 1493 1494
f 1492 1495 1496
f 1491 1495 1492
f 1495 1497 1496
f 1497 1498 1496
f 1499 1500 1501
f 1494 1500 1499
f 1493 1500 1494
f 1497 1502 1498
f 1489 1503 1488
f 1504 1503 1489
f 1501 1505 1506
f 1500 1505 1501
f 1507 1508 1502
f 1509 1508 1507
f 1502 1508 1498
f 1509 1510 1508
f 1505 1511 1506
f 1506 1511 1512
f 1504 1513 1503
f 1514 1513 1504
f 1512 1515 1516
f 1511 1515 1512
f 1516 1517 1518
f 1515 1517 1516
f 1519 1520 1514
f 1514 1520 1513
f 1518 1521 1522
f 1517 1521 1518
f 1519 1523 1520
f 1524 1523 1519
f 1521 1525 1522
f 1522 1525 1526
f 1525 1527 1526
f 1526 1527 1528
f 1524 1529 1523
f 1530 1529 1524
f 1528 1531 1532
f 1527 1531 1528
f 1533 1534 1530
f 1530 1534 1529
f 1532 1535 1536
f 1531 1535 1532
f 1533 1537 1534
f 1538 1537 1533
f 1536 1539 1540
f 1535 1539 1536
f 1541 1542 1538
f 1538 1542 1537
f 1508 1543 1544
f 1544 1543 1545
f 1508 1549 1543
f 1541 1546 1542
f 1547 1546 1541
f 1543 1548 1545
f 1547 1550 1546
f 1548 1550 1545
f 1545 1550 1547
f 1508 1553 1549
f 1539 1551 1540
f 1540 1551 1552
f 1508 1554 1553
f 1555 1554 1510
f 1556 1554 1555
f 1510 1554 1508
f 1551 1557 1552
f 1552 1557 1558
f 1556 1559 1554
f 1560 1559 1556
f 1561 1562 1560
f 1563 1562 1561
f 1560 1562 1559
f 1557 1564 1558
f 1558 1564 1565
f 1566 1567 1563
f 1568 1567 1566
f 1563 1567 1562
f 1564 1569 1565
f 1565 1569 1570
f 1568 1571 1567
f 1572 1571 1568
f 1573 1574 1572
f 1575 1574 1573
f 1572 1574 1571
f 1570 1576 1577
f 1569 1576 1570
f 1578 1579 1575
f 1580 1579 1578
f 1575 1579 1574
f 1577 1581 1582
f 1576 1581 1577
f 1583 1584 1580
f 1580 1584 1579
f 1582 1585 1586
f 1581 1585 1582
f 1587 1588 1583
f 1583 1588 1584
f 1586 1589 1590
f 1585 1589 1586
f 1591 1592 1587
f 1587 1592 1588
f 1590 1593 1594
f 1589 1593 1590
f 1595 1596 1591
f 1591 1596 1592
f 1594 1597 1598
f 1593 1597 1594
f 1599 1600 1595
f 1595 1600 1596
f 1598 1601 1602
f 1597 1601 1598
f 1603 1604 1599
f 1599 1604 1600
f 1602 1605 1606
f 1601 1605 1602
f 1607 1608 1603
f 1603 1608 1604
f 1606 1609 1610
f 1605 1609 1606
f 1611 1612 1607
f 1607 1612 1608
f 1609 1613 1610
f 1610 1613 1614
f 1611 1615 1612
f 1616 1615 1611
f 1613 1617 1614
f 1614 1617 1618
f 1619 1620 1616
f 1616 1620 1615
f 1618 1621 1622
f 1617 1621 1618
f 1623 1624 1619
f 1619 1624 1620
f 1621 1625 1622
f 1622 1625 1626
f 1627 1628 1623
f 1623 1628 1624
f 1626 1629 1630
f 1625 1629 1626
f 1631 1632 1627
f 1627 1632 1628
f 1629 1633 1630
f 1630 1633 1634
f 1635 1636 1631
f 1631 1636 1632
f 1633 1637 1634
f 1634 1637 1638
f 1635 1639 1636
f 1640 1639 1635
f 1637 1641 1638
f 1638 1641 1642
f 1640 1643 1639
f 1641 1643 1642
f 1642 1643 1640
f 1548 1543 3913
f 1548 3913 1644
f 1550 1644 1645
f 1550 1548 1644
f 1546 1645 1646
f 1546 1550 1645
f 1542 1646 1647
f 1542 1546 1646
f 1537 1647 1648
f 1537 1542 1647
f 1534 1537 1648
f 1534 1648 1649
f 1529 1534 1649
f 1529 1649 1650
f 1523 1529 1650
f 1523 1650 1651
f 1520 1523 1651
f 1520 1651 1652
f 1513 1520 1652
f 1513 1652 1653
f 1503 1513 1653
f 1503 1653 1654
f 1488 1503 1654
f 1488 1654 1655
f 1463 1488 1655
f 1463 1655 1656
f 1430 1463 1656
f 1430 1656 1657
f 1372 1430 1657
f 1372 1657 1658
f 1367 1372 1658
f 1367 1658 1659
f 1364 1367 1659
f 1364 1659 1660
f 1361 1364 1660
f 1361 1660 1661
f 1358 1661 1662
f 1358 1361 1661
f 1357 1662 1663
f 1357 1358 1662
f 1353 1663 1664
f 1353 1357 1663
f 1350 1664 1665
f 1350 1353 1664
f 1346 1665 1666
f 1346 1350 1665
f 1342 1666 1667
f 1342 1346 1666
f 1340 1667 1668
f 1340 1342 1667
f 1336 1668 1669
f 1336 1340 1668
f 1334 1669 1670
f 1334 1336 1669
f 1330 1670 1671
f 1330 1334 1670
f 1328 1671 1672
f 1328 1330 1671
f 1324 1672 1673
f 1324 1328 1672
f 1321 1673 1674
f 1321 1324 1673
f 1318 1321 1674
f 1318 1674 1675
f 1313 1318 1675
f 1313 1675 1676
f 1310 1313 1676
f 1310 1676 1677
f 361 1310 1677
f 361 1677 358
f 1644 3913 3943
f 1644 3943 1678
f 1645 1644 1678
f 1677 1676 1700
f 1677 1700 1679
f 358 1677 1679
f 80 1683 82
f 1680 1683 80
f 79 1680 80
f 1681 1646 1645
f 1681 1678 1682
f 1681 1682 1683
f 1681 1683 1680
f 1681 1645 1678
f 1686 79 78
f 1647 1646 1681
f 1647 1681 1680
f 1647 1680 79
f 1684 1686 78
f 1686 1650 1649
f 1686 1649 1648
f 1686 1648 1647
f 1686 1647 79
f 1651 1686 1684
f 1651 1650 1686
f 1689 1653 1652
f 1689 1687 1685
f 1689 1651 1684
f 1689 1652 1651
f 1689 1684 1687
f 1689 1654 1653
f 1693 1690 25
f 1655 1654 1689
f 1655 1689 1685
f 24 1693 25
f 1691 1685 1688
f 1691 1655 1685
f 1691 1656 1655
f 1691 1658 1657
f 1691 1657 1656
f 1659 1688 1690
f 1659 1691 1688
f 1659 1658 1691
f 1692 1693 24
f 1693 1659 1690
f 1693 1660 1659
f 1693 1661 1660
f 23 1692 24
f 1692 1661 1693
f 1692 1663 1662
f 1692 1662 1661
f 1664 1692 23
f 1664 1663 1692
f 1694 23 22
f 1694 1664 23
f 1694 1665 1664
f 1694 1667 1666
f 1694 1666 1665
f 1695 14 12
f 1695 17 14
f 1695 18 17
f 1668 21 20
f 1668 1667 1694
f 1668 1694 22
f 1668 22 21
f 1696 1668 20
f 1696 1669 1668
f 1696 1671 1670
f 1696 1670 1669
f 1672 1696 20
f 1672 1671 1696
f 1672 20 18
f 1697 12 359
f 1697 1695 12
f 1698 1672 18
f 1698 1695 1697
f 1698 1673 1672
f 1698 18 1695
f 1698 1675 1674
f 1698 1674 1673
f 1699 1700 1676
f 1699 1698 1697
f 1699 1697 359
f 1699 1675 1698
f 1699 1701 1700
f 1699 359 1701
f 1699 1676 1675
f 82 1683 1705
f 1702 82 1705
f 1703 1702 1705
f 84 1703 85
f 84 1702 1703
f 1714 1708 1704
f 1708 1703 1705
f 1714 1703 1708
f 1706 1704 1708
f 3921 1707 3923
f 1708 3923 1709
f 1710 1710 1706
f 1710 1709 1710
f 1710 1708 1709
f 1710 1706 1708
f 1711 1711 1709
f 1711 1707 1711
f 1711 1709 3923
f 1711 3923 1707
f 1712 1704 1706
f 1712 1706 1710
f 1712 1710 1709
f 3921 1709 1711
f 3921 1711 1707
f 3921 1712 1709
f 1703 1714 1715
f 1743 1721 1712
f 1714 1716 1715
f 1712 1721 1704
f 1704 1716 1714
f 1743 1717 1721
f 1744 1717 1743
f 1716 1718 1715
f 1704 1718 1716
f 1744 1725 1717
f 1718 1719 1715
f 1744 1722 1725
f 1704 1721 1718
f 1718 1726 1719
f 1720 1728 1722
f 1718 1724 1726
f 1721 1724 1718
f 1719 1726 1723
f 1731 1730 1720
f 1717 1727 1721
f 1721 1727 1724
f 1722 1728 1725
f 1730 1731 999
f 1717 1725 1727
f 1730 1729 1720
f 1720 1729 1728
f 1724 1732 1726
f 1726 1732 1723
f 1713 1723 1733
f 1719 1723 1713
f 1732 1733 1723
f 1734 1712 3921
f 1734 1743 1712
f 1739 1720 1722
f 1739 1722 1744
f 1737 1739 1744
f 1737 1744 1745
f 1737 1745 1736
f 1740 1731 1720
f 1740 1720 1739
f 1741 1737 1738
f 1741 1739 1737
f 1741 1738 1735
f 1741 1735 1742
f 1741 1742 1740
f 1741 1740 1739
f 1745 1734 1736
f 1745 1743 1734
f 1745 1744 1743
f 1751 975 978
f 1742 998 1731
f 1742 1731 1740
f 1748 998 1742
f 1749 998 1748
f 1749 991 998
f 1749 988 991
f 1749 985 988
f 1750 978 982
f 1750 1751 978
f 1746 1742 1735
f 1746 1748 1742
f 1752 1746 1753
f 1752 1748 1746
f 1752 1752 1753
f 1752 1748 1752
f 1755 1753 1754
f 1755 1752 1753
f 1755 1748 1752
f 1755 1749 1748
f 1755 1754 1756
f 1757 1755 1756
f 1757 1749 1755
f 1758 985 1749
f 1758 982 985
f 1758 1750 982
f 1757 1758 1749
f 1759 1751 1750
f 1761 1764 1760
f 1760 1747 1762
f 1760 1762 1761
f 1758 1759 1750
f 1763 1758 1757
f 1756 1763 1757
f 1756 1761 1763
f 1756 1764 1761
f 1759 1758 1763
f 1761 1759 1763
f 1776 1761 1762
f 1776 1759 1761
f 972 975 1751
f 1779 957 960
f 1751 969 972
f 1777 1759 1776
f 1783 1769 1767
f 1783 1767 1766
f 1783 1766 1768
f 1771 1791 1787
f 1751 1777 1775
f 1751 1759 1777
f 1779 1751 1775
f 1779 969 1751
f 1779 965 969
f 1778 1762 1747
f 1778 1747 1765
f 1779 960 965
f 1780 1762 1778
f 1780 1776 1762
f 1766 1775 1777
f 1781 1775 1766
f 1781 1779 1775
f 1783 1780 1778
f 1783 1778 1782
f 1784 1782 1778
f 1784 1770 1772
f 1784 1778 1765
f 1784 1771 1782
f 1782 1771 1787
f 1782 1787 1769
f 1782 1769 1783
f 1772 1771 1784
f 1789 1791 1771
f 1789 1771 1772
f 1789 1772 1770
f 1789 1770 1774
f 1768 1777 1776
f 1768 1776 1780
f 1768 1780 1783
f 1768 1766 1777
f 1786 1765 1785
f 1786 1784 1765
f 1786 1770 1784
f 1781 1812 1779
f 1788 1787 1791
f 1790 1774 1773
f 1792 1773 3924
f 1790 1773 1792
f 1790 1789 1774
f 1793 1790 1792
f 1796 1789 1790
f 1795 1790 1793
f 1796 1791 1789
f 1796 1788 1791
f 1795 1793 1794
f 1795 1796 1790
f 1800 1787 1788
f 1798 1795 1794
f 1802 1788 1796
f 1801 1796 1795
f 1800 1769 1787
f 1798 1794 1797
f 1800 1788 1802
f 1805 1769 1800
f 1801 1795 1798
f 1802 1796 1801
f 1805 1767 1769
f 1808 1767 1805
f 1808 1766 1767
f 1799 1798 1797
f 1806 1800 1802
f 1803 1801 1798
f 1809 1802 1801
f 1811 1798 1799
f 1804 1800 1806
f 1811 1803 1798
f 1809 1801 1803
f 1806 1802 1809
f 1808 1781 1766
f 1812 1781 1808
f 1820 1800 1804
f 1820 1805 1800
f 1811 1799 1807
f 1813 1809 1803
f 1813 1803 1811
f 1814 1806 1809
f 1815 1805 1820
f 1815 1808 1805
f 1815 1812 1808
f 1814 1809 1813
f 1816 1806 1814
f 1818 1807 1810
f 1818 1811 1807
f 1816 1804 1806
f 1824 1810 1817
f 1820 1804 1816
f 1821 1815 1820
f 1823 1779 1812
f 1823 957 1779
f 1818 1813 1811
f 1819 1814 1813
f 1824 1818 1810
f 1819 1813 1818
f 1825 1814 1819
f 1833 1815 1821
f 1822 1818 1824
f 1825 1816 1814
f 1829 1820 1816
f 1823 1812 1838
f 1833 1812 1815
f 1829 1821 1820
f 1838 1812 1833
f 1822 1819 1818
f 1829 1816 1825
f 1826 1824 1817
f 1827 1822 1824
f 1837 1819 1822
f 1838 942 1823
f 1837 1825 1819
f 1831 1824 1826
f 1831 1827 1824
f 1832 1829 1825
f 1830 1833 1821
f 1827 1837 1822
f 1832 1825 1837
f 1834 1821 1829
f 1836 1826 1828
f 1834 1829 1832
f 1830 1821 1834
f 1836 1831 1826
f 1839 1827 1831
f 1835 1836 1828
f 1839 1831 1836
f 1839 1837 1827
f 1843 1832 1837
f 1840 1836 1835
f 1842 1837 1839
f 1851 1838 1833
f 1842 1843 1837
f 1846 1832 1843
f 1841 1840 1835
f 1840 1839 1836
f 1846 1834 1832
f 1857 1834 1850
f 1844 1839 1840
f 1857 1830 1834
f 1851 1833 1847
f 1846 1850 1834
f 1847 1830 1857
f 1847 1833 1830
f 1851 942 1838
f 1851 932 942
f 1853 1841 1835
f 1853 1835 1845
f 1844 1842 1839
f 1848 1840 1841
f 1848 1844 1840
f 1849 1843 1842
f 1849 1842 1844
f 1846 1843 1849
f 1854 1848 1841
f 1854 1841 1853
f 1856 1844 1848
f 1856 1849 1844
f 1862 1850 1846
f 1852 1853 1845
f 1858 1846 1849
f 1855 1853 1852
f 1856 1848 1854
f 1858 1849 1856
f 1858 1862 1846
f 1857 1850 1862
f 1859 1851 1847
f 1855 1854 1853
f 1863 1855 1852
f 1864 1856 1854
f 1866 1854 1855
f 1861 1856 1864
f 1865 1858 1856
f 1869 1855 1863
f 1866 1864 1854
f 1873 1862 1858
f 1867 1857 1862
f 1861 1865 1856
f 1867 1847 1857
f 1878 1851 1859
f 1878 932 1851
f 1863 1852 1860
f 1869 1866 1855
f 1859 1847 1867
f 1872 1858 1865
f 1872 1873 1858
f 1875 1862 1873
f 1868 1863 1860
f 1868 1869 1863
f 1871 1866 1869
f 1877 1864 1866
f 1877 1861 1864
f 1872 1865 1861
f 1867 1862 1875
f 1870 1868 1860
f 1880 1869 1868
f 1880 1871 1869
f 1882 1861 1877
f 1876 1868 1870
f 1877 1866 1871
f 1882 1872 1861
f 1879 1873 1872
f 1885 1859 1867
f 1884 1870 1874
f 1889 1873 1879
f 1889 1875 1873
f 1878 1859 1885
f 1876 1880 1868
f 1883 1871 1880
f 1879 1872 1882
f 1884 1876 1870
f 1883 1877 1871
f 1881 1876 1884
f 1893 1885 1867
f 1893 1867 1875
f 1909 915 1878
f 1909 1878 1885
f 1891 1883 1880
f 1892 1877 1883
f 1892 1882 1877
f 1888 1879 1882
f 1887 1881 1884
f 1881 1880 1876
f 1886 1884 1874
f 1889 1879 1888
f 1889 1893 1875
f 1891 1880 1881
f 1892 1883 1891
f 1888 1882 1892
f 1890 1884 1886
f 1890 1887 1884
f 1894 1881 1887
f 1899 1889 1888
f 1902 1890 1886
f 1894 1891 1881
f 1896 1892 1891
f 1900 1888 1892
f 1893 1889 1908
f 1894 1887 1890
f 1898 1891 1894
f 1900 1899 1888
f 1908 1889 1899
f 1909 1885 1893
f 1895 1902 1886
f 1897 1890 1902
f 1896 1891 1898
f 1903 1900 1892
f 1903 1892 1896
f 1909 908 915
f 1897 1894 1890
f 1905 1894 1897
f 1905 1898 1894
f 1912 1899 1900
f 1901 1902 1895
f 1910 1896 1898
f 1905 1897 1902
f 1909 1893 1908
f 1907 1902 1901
f 1906 1898 1905
f 1910 1903 1896
f 1912 1900 1903
f 1912 1908 1899
f 1906 1910 1898
f 1914 1903 1910
f 1907 1905 1902
f 1911 1901 1904
f 1911 1907 1901
f 1919 1903 1914
f 1919 1912 1903
f 1913 1905 1907
f 1917 1908 1912
f 1920 1911 1904
f 1913 1906 1905
f 1921 1910 1906
f 1916 1907 1911
f 1921 1914 1910
f 1926 1919 1914
f 1917 1912 1919
f 1931 1909 1908
f 1916 1913 1907
f 1918 1906 1913
f 1915 1920 1904
f 1926 1914 1921
f 1909 906 908
f 1921 1906 1918
f 1923 1916 1911
f 1931 1908 1917
f 1924 1911 1920
f 1918 1913 1916
f 1929 1919 1926
f 1922 1920 1915
f 1924 1923 1911
f 1930 1919 1929
f 1931 906 1909
f 1925 1921 1918
f 1924 1920 1922
f 1932 1923 1924
f 1930 1917 1919
f 1928 1918 1916
f 1928 1916 1923
f 1925 1926 1921
f 1934 1922 1927
f 1935 1923 1932
f 1928 1925 1918
f 1929 1926 1925
f 1934 1924 1922
f 1933 1932 1924
f 1935 1928 1923
f 1936 1925 1928
f 1933 1924 1934
f 1942 1931 1917
f 1942 1917 1930
f 1931 917 906
f 1936 1929 1925
f 1944 1930 1929
f 1944 1929 1936
f 1942 1930 1944
f 1938 1934 1927
f 1945 1932 1933
f 1940 1933 1934
f 1945 1935 1932
f 1942 1937 1931
f 1949 1928 1935
f 1949 1936 1928
f 1948 1934 1938
f 1940 1945 1933
f 1941 1935 1945
f 1946 1944 1936
f 1943 1938 1939
f 1937 917 1931
f 1948 1940 1934
f 1941 1949 1935
f 1946 1936 1949
f 1943 1948 1938
f 1954 1940 1948
f 1947 1941 1945
f 1967 1944 1952
f 1967 1942 1944
f 1952 1944 1946
f 1954 1945 1940
f 1951 1941 1947
f 1953 1943 1939
f 1947 1945 1954
f 1955 1946 1949
f 1951 1949 1941
f 1956 1943 1953
f 1956 1948 1943
f 1955 1949 1951
f 1952 1946 1955
f 1953 1939 1950
f 1959 1947 1954
f 1960 1942 1967
f 1956 1954 1948
f 1960 1937 1942
f 1963 1956 1953
f 1964 1951 1947
f 1964 1947 1959
f 1961 1955 1951
f 1965 1952 1955
f 1937 926 917
f 1962 1953 1950
f 1959 1954 1956
f 1958 1956 1963
f 1963 1953 1962
f 1961 1951 1964
f 1965 1955 1961
f 1967 1952 1965
f 1962 1950 1957
f 1960 926 1937
f 1958 1959 1956
f 1973 1963 1962
f 1966 1959 1958
f 1968 1965 1961
f 1969 1962 1957
f 1966 1964 1959
f 1970 1961 1964
f 1972 1963 1973
f 1972 1958 1963
f 1975 1964 1966
f 1970 1968 1961
f 1960 1967 1977
f 1971 1969 1957
f 1969 1973 1962
f 1977 1967 1965
f 1977 1965 1968
f 1980 1969 1971
f 1970 1964 1975
f 1976 1968 1970
f 1974 1958 1972
f 1974 1966 1958
f 1997 1960 1977
f 1980 1973 1969
f 1981 1972 1973
f 1984 1973 1980
f 1983 1966 1974
f 1960 936 926
f 1981 1974 1972
f 1983 1975 1966
f 1979 1970 1975
f 1984 1981 1973
f 1983 1974 1981
f 1976 1977 1968
f 1994 1970 1979
f 1994 1976 1970
f 1991 1977 1976
f 1997 936 1960
f 1982 1971 1978
f 1982 1980 1971
f 1985 1983 1981
f 1986 1975 1983
f 1987 1984 1980
f 1987 1980 1982
f 1988 1981 1984
f 1989 1975 1986
f 1993 1982 1978
f 1988 1985 1981
f 1985 1986 1983
f 1989 1979 1975
f 1997 1977 1991
f 1987 1988 1984
f 1995 1985 1988
f 1989 1994 1979
f 1991 1976 1994
f 1993 1987 1982
f 1999 1988 1987
f 1990 1993 1978
f 1998 1987 1993
f 1995 1986 1985
f 2003 1997 1991
f 1995 1988 1999
f 1999 1987 1998
f 2000 1986 1995
f 2000 1989 1986
f 1996 1994 1989
f 1997 946 936
f 2001 1993 1990
f 2001 1990 1992
f 2004 1994 1996
f 2002 1995 1999
f 2005 2000 1995
f 2004 1991 1994
f 2006 1993 2001
f 1996 1989 2000
f 2004 2003 1991
f 2003 946 1997
f 2006 1998 1993
f 2002 1999 1998
f 2005 1995 2002
f 2008 2001 1992
f 2009 1998 2006
f 2011 2001 2008
f 2009 2002 1998
f 2007 2005 2002
f 2013 2000 2005
f 2010 2004 1996
f 2013 1996 2000
f 2019 2001 2011
f 2019 2006 2001
f 2007 2002 2009
f 2014 2005 2007
f 2010 1996 2013
f 2013 2005 2014
f 2016 2003 2004
f 2012 2011 2008
f 2020 2006 2019
f 2020 2009 2006
f 2015 2007 2009
f 2016 2004 2010
f 2003 955 946
f 2021 2011 2012
f 2018 2013 2014
f 2020 2015 2009
f 2015 2014 2007
f 2017 2021 2012
f 2022 2019 2011
f 2022 2011 2021
f 2025 2015 2020
f 2018 2014 2015
f 2030 2016 2010
f 2039 955 2003
f 2023 2015 2025
f 2027 2010 2013
f 2030 2010 2027
f 2039 2003 2016
f 2026 2019 2022
f 2026 2020 2019
f 2023 2018 2015
f 2027 2013 2018
f 2024 2021 2017
f 2029 2022 2021
f 2039 2016 2030
f 2029 2026 2022
f 2026 2025 2020
f 2028 2024 2017
f 2035 2021 2024
f 2036 2025 2026
f 2039 967 955
f 2036 2023 2025
f 2031 2018 2023
f 2034 2024 2028
f 2035 2029 2021
f 2032 2026 2029
f 2032 2036 2026
f 2031 2023 2036
f 2045 2018 2031
f 2045 2027 2018
f 2030 2027 2037
f 2034 2035 2024
f 2045 2037 2027
f 2032 2029 2035
f 2033 2034 2028
f 2038 2035 2034
f 2047 2031 2036
f 2043 2032 2035
f 2041 2036 2032
f 2039 2030 2037
f 2040 2034 2033
f 2047 2045 2031
f 2040 2038 2034
f 2043 2035 2038
f 2048 2032 2043
f 2046 2033 2042
f 2046 2042 2044
f 2048 2041 2032
f 2041 2047 2036
f 2049 2039 2037
f 2046 2040 2033
f 2052 2037 2045
f 2046 2044 2084
f 2053 2038 2040
f 2053 2043 2038
f 2049 2037 2052
f 2050 2040 2046
f 2050 2046 2084
f 2052 2045 2047
f 2050 2053 2040
f 2051 2043 2053
f 2054 2041 2048
f 2051 2048 2043
f 2058 2039 2049
f 2060 2041 2054
f 2039 980 967
f 2060 2047 2041
f 2054 2048 2051
f 2055 2051 2053
f 2060 2052 2047
f 2057 2049 2052
f 2058 980 2039
f 2057 2052 2060
f 2056 2054 2051
f 2056 2051 2055
f 2059 2054 2056
f 2059 2060 2054
f 2062 2059 2061
f 2062 2060 2059
f 2063 2057 2062
f 2062 2057 2060
f 2063 2049 2057
f 2063 2058 2049
f 2065 2058 2063
f 2058 994 980
f 994 2058 2065
f 2064 994 2065
f 2065 2063 2062
f 2067 2059 2056
f 2068 2056 2055
f 2068 2067 2056
f 2069 2055 2053
f 2084 2085 2050
f 2070 2044 2042
f 2061 2066 2062
f 2061 2059 2067
f 2074 2053 2050
f 2074 2069 2053
f 2074 2050 2085
f 2087 1016 1009
f 1032 1028 2072
f 1032 1032 1028
f 2073 2064 2065
f 2079 2061 2067
f 2073 1009 2064
f 2073 2087 1009
f 2096 2072 1028
f 2077 2075 2076
f 2066 2065 2062
f 2066 2073 2065
f 2066 2061 2079
f 2079 2080 2066
f 2080 2073 2066
f 2079 2067 2081
f 2082 2079 2081
f 2159 2067 2068
f 2159 2081 2067
f 2086 2080 2082
f 2086 2073 2080
f 2160 2081 2159
f 2085 2069 2074
f 2084 2083 2085
f 2086 2087 2073
f 2088 2083 2089
f 2088 2085 2083
f 2084 2044 2070
f 2090 2081 2160
f 2090 2082 2081
f 2091 2083 2084
f 2090 2086 2082
f 2087 2086 2098
f 2091 2089 2083
f 2092 2086 2090
f 2096 2087 2098
f 2096 1016 2087
f 2096 1020 1016
f 2094 2088 2089
f 2093 2089 2091
f 2094 2089 2095
f 2161 2094 2095
f 2096 1024 1020
f 2098 2086 2092
f 2100 2095 2089
f 2100 2089 2093
f 2100 2093 2097
f 2098 2099 2114
f 2098 2114 2096
f 2101 2161 2095
f 2107 2095 2100
f 2103 2101 2102
f 2103 2102 2104
f 2103 2099 2101
f 2103 2120 2105
f 2103 2099 2103
f 2103 2103 2104
f 2103 2104 2120
f 2107 2101 2095
f 2107 2102 2101
f 2108 2102 2107
f 2108 2107 2106
f 2110 2114 2099
f 2110 2103 2105
f 2110 2099 2103
f 2108 2106 2109
f 2108 2108 2106
f 2108 2104 2102
f 2108 2102 2108
f 2109 2104 2108
f 2109 2120 2104
f 2110 2105 2111
f 2120 2109 2112
f 2114 2110 2111
f 2114 2111 2113
f 2114 2113 2115
f 2116 2072 2114
f 2116 2114 2115
f 2120 2112 2117
f 2116 2072 2116
f 2116 2116 2115
f 2116 2115 2118
f 2116 2118 2119
f 2116 2072 2116
f 2116 2116 2118
f 2117 2105 2120
f 2121 1032 2072
f 2121 2072 2116
f 2121 2116 2119
f 2121 2119 2122
f 2117 2111 2105
f 2124 1032 1032
f 2124 2121 2122
f 2124 1032 2121
f 2125 1032 2124
f 2125 2124 2122
f 2125 1032 2125
f 2125 2125 2122
f 2125 2122 2122
f 2125 1036 1032
f 2126 2111 2117
f 2126 2117 2123
f 2126 2126 2123
f 2126 2113 2111
f 2126 2111 2126
f 2127 2123 2128
f 2127 2126 2123
f 2127 2113 2126
f 2127 2115 2113
f 2127 2115 2127
f 2127 2127 2128
f 2129 2127 2128
f 2129 2118 2115
f 2129 2115 2127
f 2130 1036 2125
f 2130 2125 2122
f 2130 2122 2144
f 2131 2119 2118
f 2131 2129 2128
f 2131 2128 2132
f 2131 2118 2129
f 2131 2132 2133
f 2131 2119 2131
f 2131 2131 2132
f 2134 2144 2135
f 2134 2130 2144
f 2134 1036 2130
f 2136 2122 2122
f 2136 2119 2131
f 2136 2131 2133
f 2136 2122 2119
f 2136 2136 2133
f 2136 2144 2122
f 2136 2122 2136
f 2134 1036 2134
f 2134 2135 2137
f 2134 2134 2135
f 2138 2134 2137
f 2138 1036 2134
f 2138 1038 1036
f 2139 2138 2137
f 2139 1038 2138
f 2140 2144 2136
f 2140 2136 2133
f 2139 2137 2141
f 2139 2139 2137
f 2139 2141 2142
f 2139 1038 2139
f 2143 1038 2139
f 2143 2139 2142
f 2143 2142 2075
f 2143 1042 1038
f 2143 2143 2075
f 2143 2075 2077
f 2143 1042 2143
f 2143 1044 1042
f 2144 2140 2145
f 2152 2143 2077
f 2152 1044 2143
f 2146 2141 2137
f 2146 2135 2144
f 2146 2144 2145
f 2146 2137 2135
f 2146 2141 2146
f 2146 2142 2141
f 2146 2076 2075
f 2146 2075 2142
f 2146 2146 2145
f 2146 2145 2076
f 2152 2077 2147
f 2152 2147 2148
f 2152 2148 2149
f 2152 2149 2153
f 2150 2077 2076
f 2150 2147 2077
f 2150 2076 2151
f 2150 2150 2151
f 2150 2148 2147
f 2150 2147 2150
f 2155 2148 2150
f 2155 2150 2151
f 2155 2151 2154
f 2155 2149 2148
f 2155 2154 2156
f 2078 1044 2152
f 2078 2152 2153
f 2157 2149 2155
f 2157 2155 2156
f 2157 2149 2157
f 2157 2157 2156
f 2157 2153 2149
f 2158 2157 2156
f 2158 2153 2157
f 2080 2079 2082
f 2069 2159 2068
f 2069 2068 2055
f 2094 2160 2159
f 2094 2159 2088
f 2161 2160 2094
f 2161 2090 2160
f 2092 2099 2098
f 2092 2101 2099
f 2114 2072 2096
f 2153 2158 2071
f 2153 2170 2078
f 2069 2088 2159
f 2069 2085 2088
f 2101 2090 2161
f 2101 2092 2090
f 2164 2153 2071
f 2164 2170 2153
f 2164 2071 2162
f 2175 2167 2197
f 2175 2163 2167
f 2175 2197 2200
f 2175 2174 2163
f 2164 2168 2169
f 2169 2172 2165
f 2165 2200 2166
f 2170 2169 2199
f 2170 2164 2169
f 2168 2162 2171
f 2168 2164 2162
f 2169 2166 2199
f 2169 2165 2166
f 2172 2168 2171
f 2172 2171 2173
f 2172 2169 2168
f 2175 2165 2172
f 2175 2173 2174
f 2175 2172 2173
f 2175 2200 2165
f 2176 2177 2235
f 2176 2178 2177
f 2235 2177 2180
f 2178 2180 2177
f 2178 2186 2180
f 2179 2186 2178
f 2181 2184 2179
f 2182 2183 2183
f 2183 2183 2181
f 2181 2183 2184
f 2184 2183 2182
f 2182 2185 2184
f 2184 2186 2179
f 2186 2187 2180
f 2185 2188 2192
f 2184 2189 2186
f 2180 2198 2193
f 2185 2192 2184
f 2184 2192 2189
f 2180 2187 2198
f 2189 2187 2186
f 2188 2196 2192
f 2190 2194 2196
f 2191 2194 2190
f 2191 2195 2194
f 2196 2166 2192
f 1055 2195 2191
f 2189 2197 2187
f 2194 2199 2196
f 2192 2166 2200
f 2170 2194 2078
f 2199 2194 2170
f 2196 2199 2166
f 2192 2200 2189
f 2187 2197 2198
f 2195 2078 2194
f 2189 2200 2197
f 2193 2204 2201
f 2198 2204 2193
f 2197 2204 2198
f 2203 2204 2197
f 2202 2204 2203
f 2201 2204 2202
f 2203 2197 2167
f 2203 2202 2203
f 2203 2167 2163
f 2203 2203 2167
f 2206 2203 2163
f 2206 2163 2205
f 2206 2202 2203
f 2202 2205 2201
f 2202 2201 2202
f 2202 2202 2206
f 2202 2206 2205
f 2207 2210 2208
f 2209 2210 2207
f 2209 2212 2210
f 2205 2163 3860
f 2209 2201 2212
f 2212 2201 2211
f 2201 2213 2211
f 2211 2213 2214
f 3860 2213 2205
f 2205 2213 2201
f 2213 3860 2214
f 2201 244 200
f 2209 2215 2201
f 2216 259 257
f 2216 262 259
f 2216 264 262
f 2217 2218 2219
f 2217 2219 2220
f 2217 2220 2221
f 2217 2221 264
f 2217 264 2216
f 2222 255 253
f 2222 257 255
f 2222 2216 257
f 2223 2224 2225
f 2223 2225 2218
f 2223 2217 2216
f 2223 2216 2222
f 2223 2218 2217
f 2226 251 248
f 2226 253 251
f 2226 2222 253
f 2227 2228 2229
f 2227 2229 2224
f 2227 2223 2222
f 2227 2224 2223
f 2227 2222 2226
f 2230 246 244
f 2230 248 246
f 2230 2226 248
f 2230 244 2201
f 2231 2215 2232
f 2231 2232 2228
f 2231 2226 2230
f 2231 2230 2201
f 2231 2227 2226
f 2231 2228 2227
f 2231 2201 2215
f 1703 1715 85
f 2233 2201 200
f 2233 193 148
f 2233 196 193
f 2233 200 196
f 2233 2193 2201
f 2233 2180 2193
f 2233 2235 2180
f 2234 86 85
f 2234 139 86
f 2234 148 139
f 2234 1719 1713
f 2234 1715 1719
f 2234 2236 2235
f 2234 1713 2236
f 2234 2233 148
f 2234 85 1715
f 2234 2235 2233
f 2191 1062 1055
f 2191 1066 1062
f 2190 1066 2191
f 2190 1070 1066
f 2190 1074 1070
f 2190 2196 1074
f 2196 2188 1074
f 2188 1078 1074
f 2188 1082 1078
f 2188 2185 1082
f 2185 2182 1082
f 1082 2182 1086
f 2182 2183 1086
f 2183 1090 1086
f 2183 2181 1090
f 2181 2179 1090
f 1090 2179 1094
f 1094 2179 1098
f 2179 2178 1098
f 1098 2178 1100
f 1100 2178 1096
f 2178 2176 1096
f 1096 2176 1092
f 1092 2176 1088
f 1088 2176 1084
f 2176 2235 1084
f 1084 2235 1080
f 1080 2235 1076
f 1076 2236 1072
f 2235 2236 1076
f 1072 2236 1068
f 1068 2236 1064
f 2236 1713 1064
f 1064 1713 1060
f 1060 1713 1053
f 1713 1733 1053
f 1053 1733 1051
f 1051 1733 1049
f 1049 1733 1047
f 1733 1732 1047
f 1047 1732 1045
f 1045 1732 1040
f 1040 1732 1034
f 1732 1724 1034
f 1034 1724 1030
f 1724 1727 1030
f 1030 1727 1026
f 1026 1727 1022
f 1727 1725 1022
f 1022 1725 1018
f 1725 1014 1018
f 1725 1728 1014
f 1728 1011 1014
f 1728 1007 1011
f 1728 1729 1007
f 1729 1730 1007
f 2237 267 264
f 2237 264 2221
f 2238 2237 2239
f 2240 271 2244
f 2241 271 2240
f 279 271 2241
f 273 271 275
f 275 271 277
f 277 271 279
f 2243 269 2242
f 2244 269 2243
f 271 269 2244
f 2245 267 2238
f 2242 267 2245
f 269 267 2242
f 2238 267 2237
f 2246 2247 1228
f 2248 2247 2246
f 2249 2248 2246
f 2251 2248 2249
f 2252 1314 1316
f 2250 2251 2249
f 2253 2252 1316
f 2254 2251 2250
f 2255 2252 2253
f 2256 2254 2250
f 2258 2254 2256
f 2257 2255 2253
f 2259 2255 2257
f 2260 2258 2256
f 2261 2259 2257
f 2262 2258 2260
f 2263 2259 2261
f 2263 2261 2264
f 2265 2260 281
f 2265 2262 2260
f 2268 2263 2264
f 282 2265 281
f 2266 2268 2264
f 2267 2265 282
f 2239 2268 2266
f 2270 2267 282
f 2238 2266 2269
f 2238 2239 2266
f 283 2270 282
f 2245 2269 2271
f 2245 2238 2269
f 2272 2270 283
f 287 2272 283
f 2242 2245 2271
f 286 2272 287
f 2275 2272 286
f 284 2275 286
f 2243 2242 2274
f 285 2275 284
f 2278 2275 285
f 2277 2243 2276
f 2244 2243 2277
f 288 2278 285
f 2280 2278 288
f 2240 2244 2279
f 289 2280 288
f 2281 2280 289
f 278 2281 289
f 279 2281 278
f 279 2283 2281
f 279 2241 2283
f 2282 2283 2241
f 2282 2241 2240
f 2279 2282 2240
f 2277 2279 2244
f 2274 2276 2243
f 2273 2274 2242
f 2271 2273 2242
f 1243 293 292
f 1243 1246 293
f 1241 292 297
f 1241 1243 292
f 1239 297 296
f 1239 1241 297
f 1237 296 301
f 1237 1239 296
f 1235 301 300
f 1235 1237 301
f 1233 300 305
f 1233 1235 300
f 1231 305 304
f 1231 1233 305
f 1229 304 309
f 1229 1231 304
f 1228 309 308
f 1228 1229 309
f 2246 1228 308
f 2246 308 290
f 2249 2246 290
f 2250 2249 290
f 2256 2250 290
f 280 2256 290
f 2260 2256 280
f 281 2260 280
f 293 1246 311
f 311 1246 2284
f 1246 1247 2284
f 2284 1247 2285
f 1247 1249 2285
f 2285 1249 2286
f 2286 1249 2287
f 1249 1250 2287
f 2287 1250 2288
f 1250 1251 2288
f 1251 1258 2288
f 1258 1257 2288
f 2288 1257 2289
f 2289 1256 2290
f 1257 1256 2289
f 1256 1255 2290
f 2290 1254 2291
f 1255 1254 2290
f 1254 1253 2291
f 2291 1252 384
f 1253 1252 2291
f 1252 385 384
f 383 2297 384
f 384 2297 2291
f 2291 2297 2290
f 2297 2305 2290
f 383 2305 2297
f 2289 2298 2288
f 2307 2300 2299
f 2293 2300 2403
f 2308 2298 2294
f 2293 2298 2301
f 2294 2298 2302
f 2302 2298 2293
f 2287 2295 2286
f 2308 2295 2287
f 2286 2295 2296
f 2294 2295 2308
f 2296 2303 2286
f 2286 2303 2285
f 2285 2303 2284
f 310 2303 2292
f 2284 2303 310
f 383 2304 2305
f 2305 2304 2299
f 2304 2306 2299
f 382 2306 383
f 383 2306 2304
f 2299 2309 2305
f 2305 2309 2290
f 2392 2306 381
f 381 2306 382
f 2307 2306 2392
f 2299 2306 2307
f 2301 2309 2293
f 2288 2308 2287
f 2298 2308 2288
f 2300 2309 2299
f 2293 2309 2300
f 2309 2301 2290
f 2290 2301 2289
f 2289 2301 2298
f 2310 478 887
f 469 2310 2311
f 469 479 2310
f 468 469 2311
f 468 2311 2394
f 465 461 2312
f 456 465 2326
f 2314 456 2326
f 453 2314 2313
f 453 2313 2391
f 454 453 2391
f 452 454 2391
f 452 2391 2392
f 381 452 2392
f 2394 2324 461
f 2360 883 880
f 2318 2317 2343
f 2319 2318 2343
f 2320 871 867
f 2320 875 871
f 2321 875 2320
f 2323 883 2360
f 2323 887 883
f 2310 887 2323
f 2324 2312 461
f 2325 2313 2314
f 2325 2314 2326
f 2325 2313 2325
f 2386 2391 2313
f 2386 2313 2325
f 2329 2316 2327
f 2329 2327 2328
f 2329 857 334
f 2331 2328 2332
f 2331 2329 2328
f 2331 857 2329
f 2331 2331 2332
f 2331 857 2331
f 2333 857 2331
f 2333 2331 2332
f 2333 2332 2341
f 2334 2327 2316
f 2334 2330 2335
f 2334 2316 2330
f 2334 2327 2334
f 2334 2334 2335
f 2334 2328 2327
f 2337 2328 2334
f 2337 2334 2335
f 2337 2335 2336
f 2337 2332 2328
f 2338 2337 2336
f 2338 2332 2337
f 2338 2332 2338
f 2338 2338 2336
f 2338 2341 2332
f 2339 859 2333
f 2339 2341 2340
f 2339 2333 2341
f 2339 859 2339
f 2339 2339 2340
f 2341 2338 2336
f 2342 2339 2340
f 2342 860 859
f 2342 2340 2317
f 2342 859 2339
f 2342 2317 2318
f 2342 2342 2317
f 2342 860 2342
f 2318 860 2342
f 2318 862 860
f 2341 2343 2317
f 2341 2317 2340
f 2318 863 862
f 2344 863 2318
f 2344 2318 2319
f 2344 863 2344
f 2344 2344 2319
f 2345 865 863
f 2345 863 2344
f 2345 2344 2319
f 2346 2345 2347
f 2346 865 2345
f 2346 867 865
f 2346 865 2346
f 2346 2347 2348
f 2346 2346 2347
f 2349 867 2346
f 2349 2346 2348
f 2350 2349 2348
f 2350 867 2349
f 2350 2348 2351
f 2350 2350 2348
f 2353 2347 2345
f 2353 2319 2343
f 2353 2343 2354
f 2353 2345 2319
f 2353 2347 2353
f 2353 2353 2354
f 2358 2353 2354
f 2358 2347 2353
f 2358 2348 2347
f 2358 2351 2348
f 2357 2352 2355
f 2321 878 875
f 2321 880 878
f 2360 2321 2356
f 2360 880 2321
f 2360 2356 2361
f 2359 2355 2358
f 2362 2357 2355
f 2365 2321 2322
f 2365 2356 2321
f 2365 2322 2366
f 2364 2362 2363
f 2364 2322 2362
f 2364 2363 2369
f 2364 2364 2363
f 2364 2322 2364
f 2365 2361 2356
f 2367 2355 2359
f 2366 2364 2369
f 2366 2322 2364
f 2367 2362 2355
f 2367 2363 2362
f 2361 2323 2360
f 2361 2311 2323
f 2371 2366 2372
f 2371 2365 2366
f 2371 2361 2365
f 2368 2369 2363
f 2368 2363 2367
f 2369 2372 2366
f 2368 2370 2369
f 2375 2311 2361
f 2375 2361 2371
f 2375 2371 2374
f 2311 2310 2323
f 2373 2370 2368
f 2377 2370 2376
f 2377 2369 2370
f 2377 2372 2369
f 2377 2376 2378
f 2377 2377 2378
f 2377 2372 2377
f 2376 2370 2373
f 2324 2375 2374
f 2381 2371 2372
f 2381 2374 2371
f 2379 2377 2378
f 2379 2372 2377
f 2380 2378 2376
f 2382 2374 2381
f 2380 2379 2378
f 2383 2379 2380
f 2312 2326 465
f 2312 2324 2374
f 2312 2374 2382
f 2385 2384 2386
f 2385 2326 2382
f 2383 2385 2379
f 2387 2385 2383
f 2388 2325 2326
f 2388 2325 2325
f 2388 2386 2325
f 2388 2326 2385
f 2388 2385 2386
f 2387 2384 2385
f 2390 2384 2387
f 2390 2387 2389
f 2390 2386 2384
f 2390 2384 2390
f 2390 2390 2389
f 2391 2386 2390
f 2391 2390 2389
f 2393 2320 867
f 2393 867 2350
f 2393 2350 2350
f 2393 2350 2351
f 2393 2352 2320
f 2393 2351 2352
f 2352 2357 2320
f 2352 2358 2355
f 2352 2351 2358
f 2357 2321 2320
f 2357 2362 2322
f 2357 2322 2321
f 2394 2375 2324
f 2394 2311 2375
f 2382 2372 2379
f 2382 2379 2385
f 2382 2381 2372
f 2326 2312 2382
f 2302 2396 2294
f 2295 2397 2296
f 318 2399 316
f 316 2399 2402
f 2307 2403 2300
f 2307 2430 2403
f 2293 2403 2395
f 2395 2302 2293
f 2302 2405 2396
f 2395 2405 2302
f 2396 2405 2441
f 2404 2405 2395
f 2294 2408 2295
f 2295 2408 2397
f 2396 2408 2294
f 2404 2409 2405
f 2406 2409 2404
f 2397 2408 2407
f 2441 2408 2396
f 2407 2410 2411
f 2408 2410 2407
f 2406 2415 2409
f 2412 2415 2406
f 2303 2413 2292
f 2292 2414 310
f 310 2414 312
f 2413 2414 2292
f 2411 2410 2416
f 2411 2417 2407
f 2415 2424 2418
f 2418 2424 2422
f 2419 2424 2412
f 2412 2424 2415
f 2411 2423 2417
f 2417 2423 315
f 315 2423 314
f 2358 2420 2359
f 2330 2420 2335
f 2421 2424 2419
f 2416 2423 2411
f 2335 2420 2336
f 2422 2425 2418
f 2410 2425 2416
f 2418 2425 2410
f 2343 2420 2354
f 2336 2420 2341
f 2341 2420 2343
f 2354 2420 2358
f 314 2426 318
f 2416 2426 2423
f 2423 2426 314
f 2422 2428 2400
f 2424 2428 2422
f 2421 2428 2424
f 318 2426 2399
f 2425 2426 2416
f 2399 2426 2425
f 2422 2427 2425
f 2425 2427 2399
f 2398 2428 2421
f 2400 2427 2422
f 2402 2427 2401
f 2399 2427 2402
f 2401 2427 2400
f 2391 2429 2392
f 2392 2429 2307
f 2307 2429 2430
f 2389 2429 2391
f 2430 2431 2432
f 2387 2431 2389
f 2429 2431 2430
f 2389 2431 2429
f 2383 2433 2387
f 2387 2433 2431
f 2431 2433 2432
f 2432 2433 2434
f 2432 2435 2430
f 2403 2435 2395
f 2430 2435 2403
f 2395 2435 2404
f 2380 2433 2383
f 2434 2435 2432
f 2434 2433 2438
f 2376 2437 2380
f 2380 2437 2433
f 2433 2437 2438
f 2434 2436 2435
f 2435 2436 2404
f 2404 2436 2406
f 2373 2437 2376
f 2438 2436 2434
f 2368 2437 2373
f 2438 2437 2440
f 2368 2439 2437
f 2437 2439 2440
f 2438 2442 2436
f 2406 2442 2412
f 2436 2442 2406
f 2408 2441 2410
f 2409 2441 2405
f 2296 2443 2303
f 2303 2443 2413
f 2397 2443 2296
f 2443 2443 2413
f 2397 2443 2443
f 2413 2443 2417
f 2443 2407 2417
f 2397 2407 2443
f 2440 2439 2446
f 2367 2439 2368
f 2438 2444 2442
f 2442 2444 2412
f 2440 2444 2438
f 2412 2444 2419
f 2439 2445 2446
f 2367 2445 2439
f 2446 2444 2440
f 2409 2418 2441
f 2415 2418 2409
f 2441 2418 2410
f 2359 2445 2367
f 2417 2414 2413
f 312 2414 315
f 315 2414 2417
f 2420 2445 2359
f 2446 2445 2420
f 2419 2447 2421
f 2444 2447 2419
f 2446 2447 2444
f 2446 2448 2447
f 2447 2448 2421
f 2330 2448 2420
f 2420 2448 2446
f 2398 2448 2315
f 2315 2448 2330
f 2421 2448 2398
f 2329 334 330
f 2401 2453 320
f 2454 2400 2428
f 2449 331 326
f 2450 2454 2428
f 2450 2428 2398
f 2450 2449 326
f 2450 326 2454
f 2451 330 2449
f 2451 2329 330
f 2451 2316 2329
f 2452 2450 2398
f 2452 2449 2450
f 2452 2451 2449
f 2452 2398 2315
f 2452 2330 2316
f 2452 2315 2330
f 2452 2316 2451
f 2454 2453 2401
f 2454 326 2453
f 2454 2401 2400
f 2455 1244 2456
f 2456 1242 2457
f 1244 1242 2456
f 2457 1240 2458
f 1242 1240 2457
f 2458 1238 2459
f 1240 1238 2458
f 2459 1236 2460
f 1238 1236 2459
f 2460 1234 2461
f 1236 1234 2460
f 2461 1232 2462
f 1234 1232 2461
f 2462 1230 2463
f 1232 1230 2462
f 2463 1227 2464
f 1230 1227 2463
f 1227 2247 2464
f 2464 2248 2465
f 2247 2248 2464
f 1245 2455 2466
f 1245 1244 2455
f 1245 2466 2467
f 1248 1245 2467
f 1308 2495 1306
f 2468 2495 1308
f 1307 2468 1308
f 1305 2468 1307
f 2469 1305 1304
f 2469 2468 1305
f 2469 1304 1303
f 2470 1303 1302
f 2470 2469 1303
f 2470 1302 1301
f 2470 1301 1300
f 2471 1300 1299
f 2471 2470 1300
f 2472 2471 1299
f 2472 2472 1299
f 2473 2472 1299
f 2473 1299 1298
f 2473 2473 1299
f 2474 1298 1297
f 2474 2473 1298
f 2475 1297 1296
f 2475 2474 1297
f 2475 1296 1295
f 2476 1295 1294
f 2476 2475 1295
f 2476 1294 1293
f 2477 1293 1292
f 2477 2476 1293
f 2477 1292 1291
f 2478 2477 1291
f 2478 1291 1290
f 2478 1290 1289
f 2479 2478 1289
f 2479 1289 1288
f 2479 1288 1287
f 2480 2479 1287
f 2480 1287 1286
f 2480 1286 1285
f 2480 1285 1284
f 2481 2480 1284
f 2481 1284 1283
f 2481 1283 1282
f 2482 1282 1281
f 2482 2481 1282
f 2482 1281 1280
f 2482 1280 1279
f 2483 2482 1279
f 2483 1279 1278
f 2483 1278 1277
f 2484 1277 1276
f 2484 2483 1277
f 2484 1276 1275
f 2484 1275 1274
f 2485 2484 1274
f 2485 1274 1273
f 2485 1273 1272
f 2486 2485 1272
f 2486 1272 1271
f 2486 1271 1270
f 2487 2486 1270
f 2487 1270 1269
f 2488 2487 1269
f 2488 1269 1268
f 2489 2488 1268
f 2489 1268 1267
f 2490 2489 1267
f 2490 2490 1267
f 2490 2490 1267
f 2491 2490 1267
f 2491 1267 1266
f 2492 2491 1266
f 2492 1266 1265
f 2492 1265 1264
f 2493 2492 1264
f 2493 1264 1263
f 2493 1263 1262
f 2494 2493 1262
f 2494 1262 1261
f 2494 1261 1260
f 2494 1260 1259
f 2467 1259 1248
f 2467 2494 1259
f 2468 2496 2495
f 2498 2499 2500
f 2496 2468 2469
f 2496 2500 2499
f 2497 2469 2470
f 2497 2500 2496
f 2497 2496 2469
f 2497 2501 2500
f 2470 2501 2497
f 2471 2501 2470
f 2502 2501 2471
f 2502 2502 2471
f 2472 2502 2471
f 2472 2472 2471
f 2503 2505 2501
f 2504 2505 2503
f 2498 2505 2504
f 2501 2498 2500
f 2501 2505 2498
f 2506 2507 2508
f 2503 2507 2506
f 2509 2510 2511
f 2476 2477 2503
f 2503 2475 2476
f 2503 2477 2507
f 2501 2475 2503
f 2477 2478 2507
f 2501 2474 2475
f 2501 2502 2474
f 2502 2502 2474
f 2502 2473 2474
f 2473 2473 2474
f 2481 2482 2509
f 2489 2489 2488
f 2489 2512 2488
f 2512 2512 2488
f 2512 2513 2488
f 2488 2513 2487
f 2487 2513 2486
f 2478 2515 2507
f 2479 2515 2478
f 2480 2515 2479
f 2481 2515 2480
f 2509 2515 2481
f 2507 2515 2509
f 2516 2517 2514
f 2518 2517 2516
f 2510 2517 2518
f 3773 2517 2513
f 2513 2517 2486
f 2514 2517 3773
f 2483 2517 2482
f 2484 2517 2483
f 2485 2517 2484
f 2486 2517 2485
f 2482 2517 2509
f 2509 2517 2510
f 2519 2509 2520
f 2521 2509 2519
f 2522 2509 2521
f 2523 2509 2522
f 2524 2509 2523
f 2525 2507 2509
f 2525 2509 2524
f 2526 2507 2525
f 2527 2528 3645
f 2529 2528 2527
f 2530 2529 2527
f 2531 2532 2533
f 2534 2535 2532
f 2534 2532 2531
f 2538 2536 2537
f 2538 2537 2539
f 2540 2538 2539
f 2541 2542 2543
f 2544 2545 2542
f 2544 2542 2541
f 2546 2547 3634
f 2548 2546 3634
f 2549 2548 3634
f 2550 3634 2551
f 2550 2549 3634
f 2552 2550 2551
f 2553 2552 2551
f 2554 2553 2551
f 2555 2554 2551
f 2556 2555 2551
f 2557 2558 2559
f 2560 2559 2561
f 2560 2557 2559
f 2562 2561 2563
f 2562 2560 2561
f 2564 2563 2565
f 2564 2562 2563
f 2566 2565 2567
f 2566 2564 2565
f 2568 2567 2569
f 2568 2566 2567
f 2570 2569 2571
f 2570 2568 2569
f 2572 2571 2573
f 2572 2570 2571
f 2574 2573 2575
f 2574 2572 2573
f 2576 2574 2575
f 2576 2575 2577
f 2578 2576 2577
f 2578 2577 2579
f 2580 2578 2579
f 2580 2579 2581
f 2582 2580 2581
f 2582 2581 2583
f 2584 2582 2583
f 2584 2583 2585
f 2586 2584 2585
f 2586 2585 2587
f 2588 2586 2587
f 2588 2587 2589
f 2590 2588 2589
f 2590 2589 2591
f 2526 2591 2592
f 2593 2590 2591
f 2593 2591 2526
f 2594 2593 2526
f 2594 2526 2525
f 2595 2594 2525
f 2595 2525 2524
f 2596 2524 2523
f 2596 2595 2524
f 2597 2523 2522
f 2597 2596 2523
f 2598 2522 2521
f 2598 2597 2522
f 2599 2521 2519
f 2599 2598 2521
f 2600 2520 2601
f 2602 2519 2520
f 2602 2599 2519
f 2603 2520 2600
f 2603 2602 2520
f 2604 2600 2605
f 2604 2603 2600
f 2606 2605 2607
f 2606 2604 2605
f 2608 2607 2609
f 2608 2606 2607
f 2610 2609 2611
f 2610 2608 2609
f 2612 2611 2613
f 2612 2610 2611
f 2614 2613 2615
f 2614 2612 2613
f 2616 2615 2617
f 2616 2614 2615
f 2618 2616 2617
f 2618 2617 2619
f 2620 2618 2619
f 2620 2619 2621
f 2622 2620 2621
f 2622 2621 2623
f 2624 2622 2623
f 2624 2623 2625
f 2626 2624 2625
f 2626 2625 2627
f 2628 2626 2627
f 2628 2627 2629
f 2630 2628 2629
f 2630 2629 2631
f 2632 2630 2631
f 2632 2631 2633
f 2634 2632 2633
f 2634 2633 2635
f 2636 2634 2635
f 2636 2635 2637
f 2636 2637 2638
f 2639 2636 2638
f 2639 2638 2640
f 2641 2639 2640
f 2641 2640 2642
f 2643 2641 2642
f 2643 2642 2644
f 2645 2643 2644
f 2645 2644 2646
f 2647 2645 2646
f 2647 2646 2648
f 2649 2647 2648
f 2649 2648 2650
f 2651 2649 2650
f 2651 2650 2652
f 2653 2651 2652
f 2653 2652 2654
f 2655 2653 2654
f 2655 2654 2656
f 2657 2655 2656
f 2657 2656 2658
f 2659 2658 2660
f 2659 2657 2658
f 2661 2660 2662
f 2661 2659 2660
f 2663 2662 2664
f 2663 2661 2662
f 2665 2664 2666
f 2665 2663 2664
f 2667 2666 2668
f 2667 2665 2666
f 2669 2667 2668
f 2669 2668 2670
f 2671 2669 2670
f 2672 2671 2670
f 2672 2670 2673
f 2674 2671 2672
f 2674 2672 2675
f 2676 2674 2675
f 2677 2676 2675
f 2678 2677 2675
f 2679 2678 2675
f 2679 2675 2680
f 2681 2679 2680
f 2682 2683 2684
f 2685 2681 2680
f 2685 2680 2682
f 2686 2682 2684
f 2686 2685 2682
f 2687 2686 2684
f 2687 2684 2688
f 2689 2688 2690
f 2689 2687 2688
f 2691 2690 2692
f 2691 2689 2690
f 2693 2692 2694
f 2693 2691 2692
f 2695 2694 2696
f 2695 2693 2694
f 2697 2696 2698
f 2697 2695 2696
f 2699 2698 2700
f 2699 2697 2698
f 2701 2700 2702
f 2701 2699 2700
f 2703 2702 2704
f 2703 2701 2702
f 2705 2704 2706
f 2705 2703 2704
f 2707 2706 2708
f 2707 2705 2706
f 2709 2708 2710
f 2709 2707 2708
f 2711 2710 2712
f 2711 2709 2710
f 2713 2712 2714
f 2713 2711 2712
f 2715 2713 2714
f 2715 2714 2716
f 2717 2715 2716
f 2717 2716 2718
f 2719 2717 2718
f 2719 2718 2720
f 2719 2720 2721
f 2722 2721 2723
f 2722 2719 2721
f 2724 2723 2725
f 2724 2722 2723
f 2726 2725 2727
f 2726 2724 2725
f 2728 2727 2729
f 2728 2726 2727
f 2730 2729 2731
f 2730 2728 2729
f 2732 2731 2733
f 2732 2730 2731
f 2734 2733 2735
f 2734 2732 2733
f 2736 2735 2737
f 2736 2734 2735
f 2738 2737 2739
f 2738 2736 2737
f 2740 2739 2741
f 2740 2738 2739
f 2742 2741 2743
f 2742 2740 2741
f 2744 2743 2745
f 2744 2742 2743
f 2746 2745 2747
f 2746 2744 2745
f 2748 2747 2749
f 2748 2746 2747
f 2750 2749 2751
f 2750 2748 2749
f 2752 2751 2753
f 2752 2750 2751
f 2754 2752 2753
f 2755 2753 2756
f 2755 2754 2753
f 2757 2755 2758
f 2757 2754 2755
f 2759 2757 2758
f 2760 2759 2758
f 2761 2760 2758
f 2762 2758 2763
f 2762 2761 2758
f 2764 2762 2763
f 2765 2766 2767
f 2768 2764 2763
f 2768 2763 2765
f 2769 2765 2767
f 2769 2768 2765
f 2770 2769 2767
f 2770 2767 2771
f 2772 2770 2771
f 2772 2771 2773
f 2774 2772 2773
f 2774 2773 2775
f 2776 2774 2775
f 2776 2775 2777
f 2778 2776 2777
f 2778 2777 2779
f 2780 2778 2779
f 2780 2779 2781
f 2782 2780 2781
f 2782 2781 2783
f 2784 2782 2783
f 2784 2783 2785
f 2786 2785 2787
f 2786 2784 2785
f 2788 2786 2787
f 2788 2787 2789
f 2790 2789 2791
f 2790 2788 2789
f 2792 2791 2793
f 2792 2790 2791
f 2794 2793 2795
f 2794 2792 2793
f 2796 2795 2797
f 2796 2794 2795
f 2798 2797 2799
f 2798 2796 2797
f 2800 2799 2801
f 2800 2798 2799
f 2557 2800 2801
f 2557 2801 2558
f 2802 2675 2672
f 2802 2680 2675
f 2802 2672 2536
f 2540 2682 2680
f 2538 2680 2802
f 2538 2802 2536
f 2538 2540 2680
f 2803 2588 2590
f 2804 2588 2803
f 2804 2586 2588
f 2805 2590 2593
f 2805 2803 2590
f 2806 2586 2804
f 2806 2584 2586
f 2807 2593 2594
f 2807 2805 2593
f 2808 2582 2584
f 2808 2584 2806
f 2809 2594 2595
f 2809 2807 2594
f 2810 2580 2582
f 2810 2582 2808
f 2811 2595 2596
f 2811 2809 2595
f 2812 2578 2580
f 2812 2580 2810
f 2813 2596 2597
f 2813 2811 2596
f 2814 2578 2812
f 2814 2576 2578
f 2815 2597 2598
f 2815 2813 2597
f 2816 2574 2576
f 2816 2576 2814
f 2817 2815 2598
f 2817 2598 2599
f 2818 2572 2574
f 2818 2574 2816
f 2819 2599 2602
f 2819 2817 2599
f 2820 2570 2572
f 2820 2572 2818
f 2821 2602 2603
f 2821 2819 2602
f 2822 2568 2570
f 2822 2570 2820
f 2823 2603 2604
f 2823 2821 2603
f 2824 2566 2568
f 2824 2568 2822
f 2825 2604 2606
f 2825 2823 2604
f 2826 2564 2566
f 2826 2566 2824
f 2827 2606 2608
f 2827 2825 2606
f 2828 2562 2564
f 2828 2564 2826
f 2829 2608 2610
f 2829 2827 2608
f 2830 2560 2562
f 2830 2562 2828
f 2831 2610 2612
f 2831 2829 2610
f 2832 2557 2560
f 2832 2560 2830
f 2833 2831 2612
f 2833 2612 2614
f 2834 2557 2832
f 2835 2614 2616
f 2835 2833 2614
f 2836 2557 2834
f 2836 2798 2800
f 2836 2800 2557
f 2837 2616 2618
f 2837 2835 2616
f 2838 2798 2836
f 2838 2796 2798
f 2839 2618 2620
f 2839 2837 2618
f 2840 2794 2796
f 2840 2796 2838
f 2841 2620 2622
f 2841 2839 2620
f 2842 2794 2840
f 2843 2841 2622
f 2843 2622 2624
f 2844 2790 2792
f 2844 2792 2794
f 2844 2794 2842
f 2845 2843 2624
f 2845 2624 2626
f 2846 2788 2790
f 2846 2790 2844
f 2847 2845 2626
f 2847 2626 2628
f 2848 2786 2788
f 2848 2788 2846
f 2849 2847 2628
f 2849 2628 2630
f 2850 2786 2848
f 2851 2849 2630
f 2851 2630 2632
f 2852 2784 2786
f 2852 2786 2850
f 2853 2851 2632
f 2853 2632 2634
f 2854 2784 2852
f 2854 2782 2784
f 2855 2634 2636
f 2855 2853 2634
f 2856 2780 2782
f 2856 2782 2854
f 2857 2636 2639
f 2857 2855 2636
f 2858 2776 2778
f 2858 2778 2780
f 2858 2780 2856
f 2859 2857 2639
f 2859 2639 2641
f 2860 2776 2858
f 2861 2859 2641
f 2861 2641 2643
f 2862 2774 2776
f 2862 2776 2860
f 2772 2774 2862
f 2863 2643 2645
f 2863 2861 2643
f 2864 2772 2862
f 2865 2645 2647
f 2865 2863 2645
f 2770 2864 2866
f 2770 2772 2864
f 2867 2865 2647
f 2649 2867 2647
f 2868 2867 2649
f 2769 2770 2866
f 2769 2866 2869
f 2651 2870 2868
f 2651 2868 2649
f 2768 2769 2869
f 2768 2869 2871
f 2653 2870 2651
f 2764 2768 2871
f 2764 2871 2872
f 2655 2873 2870
f 2655 2870 2653
f 2762 2764 2872
f 2762 2872 2874
f 2762 2874 2875
f 2657 2873 2655
f 2657 2876 2877
f 2657 2877 2873
f 2761 2762 2875
f 2659 2876 2657
f 2760 2875 2878
f 2760 2761 2875
f 2661 2876 2659
f 2661 2879 2880
f 2661 2880 2876
f 2759 2878 2881
f 2759 2760 2878
f 2663 2879 2661
f 2757 2881 2882
f 2757 2882 2883
f 2757 2759 2881
f 2665 2879 2663
f 2665 2884 2879
f 2754 2757 2883
f 2667 2884 2665
f 2667 2885 2886
f 2667 2886 2884
f 2752 2754 2883
f 2752 2883 2887
f 2669 2885 2667
f 2750 2752 2887
f 2750 2887 2888
f 2671 2885 2669
f 2671 2889 2890
f 2671 2890 2885
f 2748 2750 2888
f 2748 2888 2891
f 2674 2889 2671
f 2674 2892 2889
f 2746 2891 2893
f 2746 2748 2891
f 2676 2892 2674
f 2676 2894 2892
f 2744 2746 2893
f 2744 2893 2895
f 2677 2894 2676
f 2677 2896 2894
f 2742 2895 2897
f 2742 2744 2895
f 2678 2896 2677
f 2740 2742 2897
f 2740 2897 2898
f 2679 2899 2900
f 2679 2900 2896
f 2679 2896 2678
f 2738 2898 2901
f 2738 2740 2898
f 2681 2902 2899
f 2681 2899 2679
f 2736 2738 2901
f 2736 2901 2903
f 2685 2904 2902
f 2685 2902 2681
f 2734 2903 2905
f 2734 2736 2903
f 2686 2904 2685
f 2732 2734 2905
f 2732 2905 2906
f 2687 2904 2686
f 2687 2907 2908
f 2687 2908 2904
f 2730 2906 2909
f 2730 2732 2906
f 2689 2907 2687
f 2689 2910 2907
f 2728 2730 2909
f 2728 2909 2911
f 2691 2910 2689
f 2726 2728 2911
f 2726 2911 2912
f 2693 2910 2691
f 2693 2913 2914
f 2693 2914 2910
f 2724 2726 2912
f 2724 2912 2915
f 2695 2913 2693
f 2695 2916 2913
f 2722 2724 2915
f 2722 2915 2917
f 2697 2916 2695
f 2719 2722 2917
f 2719 2917 2918
f 2699 2916 2697
f 2699 2919 2920
f 2699 2920 2916
f 2717 2918 2921
f 2717 2719 2918
f 2701 2919 2699
f 2701 2922 2919
f 2715 2717 2921
f 2715 2921 2923
f 2703 2922 2701
f 2703 2924 2922
f 2713 2923 2925
f 2713 2715 2923
f 2705 2924 2703
f 2705 2926 2924
f 2711 2713 2925
f 2711 2925 2927
f 2707 2926 2705
f 2709 2711 2927
f 2709 2926 2707
f 2709 2927 2928
f 2709 2928 2926
f 2929 2930 2931
f 2932 2930 2929
f 2932 2933 2930
f 2934 2931 2935
f 2934 2929 2931
f 2936 2937 2933
f 2936 2933 2932
f 2938 2935 2939
f 2938 2934 2935
f 2940 2941 2937
f 2940 2937 2936
f 2942 2939 2943
f 2942 2938 2939
f 2944 2945 2941
f 2944 2941 2940
f 2946 2943 2947
f 2946 2942 2943
f 2948 2949 2945
f 2948 2945 2944
f 2950 2947 2951
f 2950 2946 2947
f 2952 2953 2949
f 2952 2949 2948
f 2954 2951 2955
f 2954 2950 2951
f 2956 2957 2953
f 2956 2953 2952
f 2958 2955 2959
f 2958 2954 2955
f 2960 2961 2957
f 2960 2957 2956
f 2962 2959 2963
f 2962 2958 2959
f 2964 2965 2961
f 2964 2961 2960
f 2966 2963 2967
f 2966 2962 2963
f 2968 2969 2965
f 2968 2965 2964
f 2970 2967 2971
f 2970 2966 2967
f 2972 2973 2969
f 2972 2969 2968
f 2974 2971 2975
f 2974 2970 2971
f 2976 2977 2973
f 2976 2973 2972
f 2978 2975 2979
f 2978 2974 2975
f 2980 2981 2977
f 2980 2977 2976
f 2982 2979 2983
f 2982 2978 2979
f 2984 2985 2981
f 2984 2981 2980
f 2986 2983 2987
f 2986 2982 2983
f 2988 2989 2985
f 2988 2985 2984
f 2990 2987 2991
f 2990 2986 2987
f 2992 2989 2988
f 2992 2993 2989
f 2994 2991 2995
f 2994 2990 2991
f 2996 2993 2992
f 2996 2997 2993
f 2998 2995 2999
f 2998 2994 2995
f 3000 2997 2996
f 3001 2998 2999
f 3001 2999 3002
f 3003 3004 3005
f 3003 3005 2997
f 3003 2997 3000
f 3006 3002 3007
f 3006 3001 3002
f 3008 3009 3004
f 3008 3004 3003
f 3010 3006 3007
f 3010 3007 3011
f 3012 3009 3008
f 3012 3013 3009
f 3014 3010 3011
f 3014 3011 3015
f 3016 3013 3012
f 3016 3017 3013
f 3018 3015 3019
f 3018 3014 3015
f 3020 3017 3016
f 3021 3019 3022
f 3021 3018 3019
f 3023 3024 3017
f 3023 3017 3020
f 3025 3021 3022
f 3025 3022 3026
f 3027 3028 3024
f 3027 3024 3023
f 3029 3026 3030
f 3029 3025 3026
f 3031 3032 3033
f 3031 3033 3028
f 3031 3028 3027
f 3034 3030 3035
f 3034 3029 3030
f 3036 3037 3032
f 3036 3032 3031
f 3038 3035 3039
f 3038 3034 3035
f 3040 3041 3037
f 3040 3037 3036
f 3042 3039 3043
f 3042 3038 3039
f 3044 3045 3041
f 3044 3041 3040
f 3046 3043 3047
f 3046 3042 3043
f 3048 3045 3044
f 3049 3045 3048
f 3050 3047 3051
f 3050 3046 3047
f 3052 3049 3048
f 3053 3051 3054
f 3053 3050 3051
f 3055 3049 3052
f 3055 3052 3056
f 3057 3053 3054
f 3058 3057 3054
f 3059 3055 3056
f 3059 3056 3060
f 3061 3062 3063
f 3061 3063 3057
f 3061 3057 3058
f 3064 3059 3060
f 3064 3060 3065
f 3066 3067 3062
f 3066 3062 3061
f 3068 3064 3065
f 3068 3065 3069
f 3070 3067 3066
f 3070 3071 3067
f 3072 3068 3069
f 3072 3069 3073
f 3074 3071 3070
f 3075 3072 3073
f 3075 3073 3076
f 3077 3071 3074
f 3077 3078 3071
f 3079 3076 3080
f 3079 3075 3076
f 3081 3078 3077
f 3081 3082 3083
f 3081 3083 3078
f 3084 3080 3085
f 3084 3079 3080
f 3086 3082 3081
f 3087 3085 3088
f 3087 3084 3085
f 3089 3082 3086
f 3089 3090 3082
f 3091 3088 3092
f 3091 3087 3088
f 3093 3090 3089
f 3093 3094 3095
f 3093 3095 3090
f 3096 3091 3092
f 3096 3092 3097
f 3098 3094 3093
f 3098 3099 3094
f 3100 3096 3097
f 3100 3097 3101
f 3102 3099 3098
f 3102 3103 3099
f 3104 3101 3105
f 3104 3100 3101
f 3106 3103 3102
f 3106 3107 3103
f 3108 3104 3105
f 3108 3105 3109
f 3110 3107 3106
f 3110 3111 3107
f 3112 3109 3113
f 3112 3108 3109
f 3114 3111 3110
f 3114 3115 3111
f 3116 3113 3117
f 3116 3112 3113
f 3118 3115 3114
f 3118 3119 3115
f 3120 3116 3117
f 3120 3117 3121
f 3122 3123 3119
f 3122 3119 3118
f 3124 3120 3121
f 3124 3121 3125
f 3126 3127 3123
f 3126 3123 3122
f 3128 3125 3129
f 3128 3124 3125
f 3130 3131 3127
f 3130 3127 3126
f 3132 3129 3133
f 3132 3128 3129
f 3134 3131 3130
f 3135 3132 3133
f 3135 3133 3136
f 3137 3131 3134
f 3137 3138 3131
f 3139 3135 3136
f 3139 3136 3140
f 3141 3138 3137
f 3141 3142 3143
f 3141 3143 3138
f 3144 3139 3140
f 3144 3140 3145
f 3146 3142 3141
f 3146 3147 3142
f 3148 3144 3145
f 3148 3145 3149
f 3150 3147 3146
f 3151 3148 3149
f 3151 3149 3152
f 3153 3147 3150
f 3153 3154 3147
f 3155 3151 3152
f 3155 3152 3156
f 3157 3154 3153
f 3157 3158 3154
f 3159 3155 3156
f 3159 3156 3160
f 3161 3158 3157
f 3161 3162 3163
f 3161 3163 3158
f 3164 3159 3160
f 3164 3160 3165
f 3166 3162 3161
f 3167 3164 3165
f 3167 3165 3168
f 3169 3162 3166
f 3169 3170 3162
f 3171 3167 3168
f 3171 3168 3172
f 3173 3170 3169
f 3173 3174 3170
f 3175 3171 3172
f 3175 3172 3176
f 3177 3174 3173
f 3177 3178 3179
f 3177 3179 3174
f 3180 3178 3177
f 3180 3175 3176
f 3180 3176 3178
f 2989 3181 3182
f 2985 3182 3183
f 2985 2989 3182
f 2981 3183 3184
f 2981 2985 3183
f 2977 3184 3185
f 2977 2981 3184
f 2973 3185 3186
f 2973 2977 3185
f 2969 3186 3187
f 2969 2973 3186
f 2965 3187 3188
f 2965 2969 3187
f 2961 3188 3189
f 2961 2965 3188
f 2957 3189 3190
f 2957 2961 3189
f 2953 2957 3190
f 2953 3190 3191
f 2949 2953 3191
f 2949 3191 3192
f 2945 2949 3192
f 2945 3192 3193
f 2941 2945 3193
f 2941 3193 3194
f 2937 2941 3194
f 2937 3194 3195
f 2933 2937 3195
f 2933 3195 3196
f 2930 2933 3196
f 2930 3196 3197
f 2931 2930 3197
f 2931 3197 3198
f 2935 2931 3198
f 3199 2935 3198
f 3199 3198 3200
f 2939 2935 3199
f 2939 3199 3201
f 2943 2939 3201
f 2947 2943 3201
f 2951 2947 3201
f 2955 3201 3202
f 2955 2951 3201
f 2959 2955 3202
f 3203 3204 3205
f 2963 3202 3203
f 2963 2959 3202
f 2967 2963 3203
f 2967 3203 3205
f 2971 3205 3206
f 2971 2967 3205
f 2975 3206 3207
f 2975 2971 3206
f 2979 3207 3208
f 2979 2975 3207
f 2983 3208 3209
f 2983 2979 3208
f 2987 3209 3210
f 2987 2983 3209
f 2991 3210 3211
f 2991 2987 3210
f 2995 3211 3212
f 2995 2991 3211
f 2999 2995 3212
f 2999 3212 3213
f 3002 2999 3213
f 3002 3213 3214
f 3007 3002 3214
f 3007 3214 3215
f 3011 3007 3215
f 3011 3215 3216
f 3015 3011 3216
f 3015 3216 3217
f 3019 3015 3217
f 3019 3217 3218
f 3022 3019 3218
f 3022 3218 3219
f 3026 3022 3219
f 3026 3219 3220
f 3030 3026 3220
f 3030 3220 3221
f 3035 3030 3221
f 3035 3221 3222
f 3035 3222 3223
f 3039 3035 3223
f 3039 3223 3224
f 3043 3039 3224
f 3043 3224 3225
f 3047 3043 3225
f 3047 3225 3226
f 3051 3047 3226
f 3051 3226 3227
f 3054 3051 3227
f 3054 3227 3228
f 3058 3054 3228
f 3058 3228 3229
f 3061 3058 3229
f 3061 3229 3230
f 3066 3061 3230
f 3066 3230 3231
f 3070 3066 3231
f 3070 3231 3232
f 3074 3070 3232
f 3074 3232 3233
f 3077 3233 3234
f 3077 3074 3233
f 3081 3234 3235
f 3081 3077 3234
f 3086 3235 3236
f 3086 3081 3235
f 3089 3236 3237
f 3089 3086 3236
f 3093 3237 3238
f 3093 3089 3237
f 3098 3093 3238
f 3098 3238 3239
f 2547 3239 3240
f 3102 3098 3239
f 3102 3239 2547
f 3106 3102 2547
f 3106 2547 2546
f 3110 3106 2546
f 3110 2546 2548
f 3114 3110 2548
f 3114 2548 2549
f 3118 3114 2549
f 3118 2549 2550
f 3122 3118 2550
f 3122 2550 2552
f 3126 3122 2552
f 3126 2552 2553
f 3130 3126 2553
f 3130 2553 2554
f 3134 3130 2554
f 3134 2554 2555
f 3241 2556 3242
f 3137 3134 2555
f 3137 2555 2556
f 3141 3137 2556
f 3141 2556 3241
f 3146 3241 3243
f 3146 3141 3241
f 3150 3243 3244
f 3150 3146 3243
f 3153 3244 3245
f 3153 3150 3244
f 3157 3245 3246
f 3157 3153 3245
f 3161 3246 3247
f 3161 3157 3246
f 3166 3247 3248
f 3166 3161 3247
f 3169 3248 3249
f 3169 3166 3248
f 3173 3249 3250
f 3173 3169 3249
f 3177 3250 3251
f 3177 3173 3250
f 3180 3251 3252
f 3180 3177 3251
f 3175 3252 3253
f 3175 3180 3252
f 3171 3253 3254
f 3171 3175 3253
f 3167 3171 3254
f 3167 3254 3255
f 3164 3167 3255
f 3164 3255 3256
f 3159 3164 3256
f 3159 3256 3257
f 3155 3159 3257
f 3155 3257 3258
f 3151 3155 3258
f 3151 3258 3259
f 3148 3259 3260
f 3148 3151 3259
f 3144 3260 3261
f 3144 3148 3260
f 3139 3261 3262
f 3139 3144 3261
f 3135 3262 3263
f 3135 3139 3262
f 3132 3263 3264
f 3132 3135 3263
f 3128 3264 3265
f 3128 3132 3264
f 3124 3265 3266
f 3124 3128 3265
f 3120 3266 3267
f 3120 3267 3268
f 3120 3124 3266
f 3116 3120 3268
f 3116 3268 3269
f 3112 3269 3270
f 3112 3116 3269
f 3108 3270 3271
f 3108 3112 3270
f 3104 3271 3272
f 3104 3108 3271
f 3100 3272 3273
f 3100 3104 3272
f 3096 3273 3274
f 3096 3100 3273
f 3091 3096 3274
f 3275 3274 3276
f 3275 3091 3274
f 3087 3275 3297
f 3087 3091 3275
f 3084 3087 3297
f 3079 3084 3297
f 3075 3079 3297
f 3072 3297 3277
f 3072 3075 3297
f 3068 3072 3277
f 3278 3279 3280
f 3064 3068 3277
f 3064 3277 3278
f 3059 3278 3280
f 3059 3064 3278
f 3055 3059 3280
f 3055 3280 3281
f 3049 3055 3281
f 3049 3281 3282
f 3045 3049 3282
f 3045 3282 3283
f 3041 3045 3283
f 3041 3283 3284
f 3037 3041 3284
f 3037 3284 3285
f 3032 3037 3285
f 3032 3285 3286
f 3033 3032 3286
f 3033 3286 3287
f 3028 3033 3287
f 3028 3287 3288
f 3024 3288 3289
f 3024 3028 3288
f 3017 3024 3289
f 3017 3289 3290
f 3013 3290 3291
f 3013 3017 3290
f 3009 3291 3292
f 3009 3013 3291
f 3004 3292 3293
f 3004 3009 3292
f 3005 3293 3294
f 3005 3004 3293
f 2997 3294 3295
f 2997 3005 3294
f 2993 3295 3296
f 2993 2997 3295
f 2989 2993 3296
f 2989 3296 3181
f 3297 3275 2533
f 2535 3278 3277
f 2532 3277 3297
f 2532 3297 2533
f 2532 2535 3277
f 2535 2534 3298
f 3279 2535 3298
f 3278 2535 3279
f 3299 3300 3301
f 3302 3303 3304
f 3305 3306 3299
f 3307 3308 3309
f 3307 3309 3305
f 3310 3311 3312
f 3313 3314 3307
f 3315 3313 3307
f 3316 3302 3317
f 3316 3317 3318
f 3316 3318 3311
f 3316 3310 3319
f 3316 3319 3320
f 3316 3311 3310
f 3321 3322 3315
f 3323 3301 3303
f 3323 3299 3301
f 3323 3303 3302
f 3323 3302 3316
f 3324 3325 3321
f 3326 3323 3327
f 3328 3329 3330
f 3328 3330 3324
f 3331 3326 3332
f 3331 3332 3333
f 3331 3333 3334
f 3335 3336 3337
f 3338 3331 3339
f 3338 3339 3340
f 3338 3323 3326
f 3338 3326 3331
f 3341 3342 3343
f 3344 3341 3343
f 3345 3323 3338
f 3345 3338 3346
f 3345 3346 3347
f 3348 3344 3343
f 3348 3343 3335
f 3348 3337 3328
f 3348 3324 3321
f 3348 3335 3337
f 3348 3328 3324
f 3349 3350 3348
f 3351 3349 3348
f 3352 3345 3353
f 3352 3353 3354
f 3352 3354 3355
f 3356 3357 3358
f 3359 3356 3358
f 3360 3352 3361
f 3360 3361 3362
f 3360 3362 3363
f 3364 3365 3359
f 3364 3358 3351
f 3364 3351 3348
f 3364 3305 3299
f 3364 3307 3305
f 3364 3359 3358
f 3364 3321 3315
f 3364 3315 3307
f 3364 3348 3321
f 3366 3360 3367
f 3368 3369 3364
f 3370 3366 3371
f 3372 3370 3373
f 3372 3366 3370
f 3374 3366 3372
f 3375 3352 3360
f 3375 3360 3366
f 3375 3366 3374
f 3376 3377 3378
f 3376 3378 3379
f 3376 3379 3380
f 3376 3380 3368
f 3376 3368 3364
f 3381 3382 3376
f 3383 3375 3384
f 3383 3384 3385
f 3386 3383 3387
f 3388 3389 3390
f 3391 3383 3386
f 3391 3375 3383
f 3392 3388 3390
f 3392 3390 3381
f 3393 3391 3394
f 3395 3392 3381
f 3395 3396 3392
f 3395 3381 3376
f 3397 3391 3393
f 3397 3393 3398
f 3399 3395 3376
f 3399 3400 3401
f 3399 3401 3395
f 3402 3391 3397
f 3402 3397 3403
f 3404 3399 3376
f 3404 3364 3299
f 3404 3299 3323
f 3404 3376 3364
f 3405 3375 3391
f 3405 3391 3402
f 3405 3402 3406
f 3407 3408 3404
f 3409 3407 3404
f 3410 3405 3411
f 3412 3323 3345
f 3412 3404 3323
f 3412 3345 3352
f 3412 3409 3404
f 3412 3413 3414
f 3412 3414 3409
f 3415 3416 3417
f 3415 3417 3418
f 3419 3420 3421
f 3422 3412 3352
f 3422 3416 3415
f 3422 3405 3410
f 3422 3410 3416
f 3422 3352 3375
f 3422 3375 3405
f 3422 3415 3423
f 3424 3412 3422
f 3424 3419 3421
f 3424 3421 3412
f 3425 3426 3427
f 3428 3429 3430
f 3431 3427 3429
f 3431 3429 3428
f 3432 3431 3433
f 3434 3435 3436
f 3434 3436 3437
f 3434 3437 3438
f 3439 3440 3441
f 3439 3441 3434
f 3442 3432 3443
f 3442 3443 3444
f 3442 3444 3445
f 3442 3425 3427
f 3442 3427 3431
f 3442 3431 3432
f 3446 3447 3439
f 3446 3438 3425
f 3446 3434 3438
f 3446 3439 3434
f 3448 3449 3446
f 3450 3451 3452
f 3453 3454 3455
f 3453 3455 3448
f 3456 3457 3458
f 3459 3460 3461
f 3462 3457 3456
f 3462 3442 3463
f 3462 3463 3464
f 3462 3464 3451
f 3462 3450 3457
f 3462 3456 3465
f 3462 3451 3450
f 3466 3462 3467
f 3468 3462 3466
f 3468 3466 3469
f 3470 3471 3472
f 3470 3472 3473
f 3470 3473 3474
f 3470 3474 3459
f 3470 3461 3453
f 3470 3448 3446
f 3470 3459 3461
f 3470 3453 3448
f 3475 3476 3470
f 3477 3478 3479
f 3480 3475 3470
f 3481 3478 3477
f 3481 3468 3478
f 3482 3481 3483
f 3484 3485 3486
f 3487 3486 3480
f 3487 3484 3486
f 3488 3481 3482
f 3488 3482 3489
f 3490 3488 3491
f 3490 3481 3488
f 3492 3493 3494
f 3492 3494 3495
f 3492 3495 3496
f 3492 3496 3497
f 3492 3497 3498
f 3492 3498 3487
f 3492 3480 3470
f 3492 3487 3480
f 3499 3500 3501
f 3499 3501 3502
f 3499 3502 3503
f 3499 3503 3504
f 3505 3490 3500
f 3505 3500 3499
f 3506 3507 3508
f 3506 3508 3492
f 3509 3510 3506
f 3511 3512 3513
f 3514 3511 3515
f 3514 3512 3511
f 3516 3517 3518
f 3516 3518 3509
f 3519 3512 3514
f 3520 3512 3519
f 3520 3519 3521
f 3522 3523 3524
f 3525 3512 3520
f 3526 3509 3506
f 3526 3516 3509
f 3526 3522 3524
f 3526 3470 3446
f 3526 3425 3442
f 3526 3492 3470
f 3526 3446 3425
f 3526 3506 3492
f 3526 3527 3522
f 3526 3524 3516
f 3528 3512 3525
f 3528 3505 3512
f 3528 3490 3505
f 3528 3525 3529
f 3530 3531 3526
f 3532 3528 3533
f 3534 3528 3532
f 3534 3532 3535
f 3536 3462 3468
f 3536 3530 3526
f 3536 3468 3481
f 3536 3526 3442
f 3536 3442 3462
f 3536 3537 3538
f 3536 3538 3539
f 3536 3539 3540
f 3536 3540 3530
f 3541 3534 3542
f 3541 3542 3543
f 3541 3543 3544
f 3545 3546 3536
f 3547 3534 3541
f 3547 3528 3534
f 3548 3545 3536
f 3549 3490 3528
f 3549 3536 3481
f 3549 3481 3490
f 3549 3528 3547
f 3549 3548 3536
f 3549 3547 3550
f 2589 2506 2508
f 2587 2506 2589
f 2591 2589 2508
f 2585 2506 2587
f 2592 2591 2508
f 2583 2506 2585
f 2581 2506 2583
f 2579 2506 2581
f 2577 2506 2579
f 2575 2506 2577
f 2573 2506 2575
f 2571 2506 2573
f 2600 2601 2511
f 2569 2506 2571
f 2605 2600 2511
f 2567 2506 2569
f 2607 2605 2511
f 2565 2503 2506
f 2565 2506 2567
f 2609 2607 2511
f 2563 2503 2565
f 2561 2503 2563
f 2510 2609 2511
f 2510 2611 2609
f 2613 2611 2510
f 2559 2503 2561
f 2615 2613 2510
f 2558 2504 2503
f 2558 2503 2559
f 2617 2615 2510
f 2801 2504 2558
f 2619 2617 2510
f 2799 2504 2801
f 2799 3551 2504
f 2621 2619 2510
f 2797 3551 2799
f 2623 2621 2510
f 2795 3551 2797
f 2625 2623 2510
f 2793 3551 2795
f 2793 3552 3551
f 2627 2625 2510
f 2791 3552 2793
f 2629 2510 2518
f 2629 2627 2510
f 2789 3552 2791
f 2789 3553 3552
f 2631 2629 2518
f 2787 3553 2789
f 2633 2631 2518
f 2785 3553 2787
f 2785 3554 3553
f 2635 2633 2518
f 2783 3554 2785
f 2637 2635 2518
f 2638 2637 2518
f 2640 2638 2518
f 2642 2640 2518
f 2644 2642 2518
f 2646 2518 2516
f 2646 2644 2518
f 2648 2646 2516
f 2650 2648 2516
f 2652 2650 2516
f 2654 2652 2516
f 2656 2654 2516
f 2658 2656 2516
f 3555 2767 2766
f 3555 2771 2767
f 3555 2773 2771
f 3555 2775 2773
f 3555 2777 2775
f 3555 2779 2777
f 3555 2781 2779
f 3555 2783 2781
f 3555 3554 2783
f 3555 3556 3554
f 3555 3557 3556
f 3555 3558 3557
f 3555 3559 3558
f 3555 3560 3559
f 3555 3561 3560
f 3555 3563 3561
f 3562 3563 3555
f 3562 2745 2743
f 3562 2747 2745
f 3562 2749 2747
f 3562 2751 2749
f 3562 2753 2751
f 3562 2756 2753
f 3562 3564 3563
f 3562 3565 3564
f 2741 3562 2743
f 2739 3562 2741
f 2737 3562 2739
f 2735 3562 2737
f 2733 3562 2735
f 2731 3562 2733
f 2729 3562 2731
f 3566 3565 3562
f 2727 3562 2729
f 2725 3562 2727
f 3571 3566 3562
f 3567 2660 2658
f 3567 2662 2660
f 3567 2664 2662
f 3567 2666 2664
f 3567 2668 2666
f 3567 2670 2668
f 3567 2673 2670
f 3567 2658 2516
f 3567 2516 2514
f 3567 3568 3569
f 3567 2514 3568
f 3570 3567 3569
f 3572 2684 2683
f 3572 2688 2684
f 3572 2690 2688
f 3572 2692 2690
f 3572 2694 2692
f 3572 2696 2694
f 3572 2698 2696
f 3572 2700 2698
f 3572 2702 2700
f 3572 2704 2702
f 3572 2706 2704
f 3572 2708 2706
f 3572 2710 2708
f 3572 2712 2710
f 3572 2714 2712
f 3572 2716 2714
f 3572 3567 3570
f 3573 3571 3562
f 3574 3572 3570
f 3575 3573 3562
f 3576 3572 3574
f 3577 3575 3562
f 3578 3577 3562
f 3581 3579 3580
f 3581 3580 3578
f 3581 3578 3562
f 3582 3581 3562
f 3583 3582 3562
f 3584 3583 3562
f 3585 2723 2721
f 3585 2725 2723
f 3585 3584 3562
f 3585 3562 2725
f 3586 2721 2720
f 3586 3585 2721
f 3587 2718 2716
f 3587 2720 2718
f 3587 3586 2720
f 3587 2716 3572
f 3588 3587 3572
f 3589 3588 3572
f 3590 3589 3572
f 3591 3592 3593
f 3591 3594 3592
f 3591 3595 3594
f 3591 3596 3595
f 3591 3576 3596
f 3591 3572 3576
f 3597 3593 3598
f 3597 3591 3593
f 3599 3590 3572
f 3599 3572 3591
f 3196 3591 3197
f 3198 3197 3591
f 3195 3591 3196
f 3200 3198 3591
f 3194 3591 3195
f 3193 3591 3194
f 3192 3591 3193
f 3191 3591 3192
f 3190 3591 3191
f 3189 3591 3190
f 3188 3591 3189
f 3205 3204 3597
f 3187 3591 3188
f 3206 3205 3597
f 3186 3591 3187
f 3207 3206 3597
f 3600 3599 3591
f 3185 3591 3186
f 3208 3207 3597
f 3184 3591 3185
f 3209 3208 3597
f 3183 3600 3591
f 3183 3591 3184
f 3210 3209 3597
f 3182 3600 3183
f 3211 3210 3597
f 3181 3600 3182
f 3212 3211 3597
f 3213 3212 3597
f 3214 3213 3597
f 3215 3214 3597
f 3601 3597 3598
f 3601 3216 3215
f 3601 3217 3216
f 3601 3602 3603
f 3601 3598 3602
f 3601 3215 3597
f 3604 3600 3181
f 3604 3295 3294
f 3604 3296 3295
f 3604 3181 3296
f 3605 3217 3601
f 3605 3218 3217
f 3605 3219 3218
f 3605 3220 3219
f 3605 3221 3220
f 3605 3222 3221
f 3605 3223 3222
f 3605 3224 3223
f 3605 3225 3224
f 3226 3225 3605
f 3227 3226 3605
f 3228 3227 3605
f 3229 3228 3605
f 3230 3229 3605
f 3231 3230 3605
f 3232 3231 3605
f 3233 3232 3605
f 3234 3233 3605
f 3298 3606 3604
f 3298 3604 3294
f 3298 3280 3279
f 3298 3281 3280
f 3298 3282 3281
f 3298 3283 3282
f 3298 3284 3283
f 3298 3285 3284
f 3298 3286 3285
f 3298 3287 3286
f 3298 3288 3287
f 3298 3289 3288
f 3298 3290 3289
f 3298 3291 3290
f 3298 3292 3291
f 3298 3293 3292
f 3298 3294 3293
f 3235 3234 3605
f 3236 3235 3605
f 3237 3236 3605
f 3607 3270 3269
f 3607 3271 3270
f 3607 3272 3271
f 3607 3273 3272
f 3607 3274 3273
f 3607 3276 3274
f 3608 3606 3298
f 3268 3607 3269
f 3267 3607 3268
f 3266 3607 3267
f 3265 3607 3266
f 3609 3603 2281
f 3609 3601 3603
f 3610 3608 3298
f 3611 3610 3298
f 3611 3298 3607
f 3612 3605 3613
f 3612 3237 3605
f 3612 3238 3237
f 3612 3239 3238
f 3612 3240 3239
f 3614 3607 3265
f 3614 3263 3262
f 3614 3264 3263
f 3614 3265 3264
f 3614 3611 3607
f 3615 3254 3253
f 3615 3255 3254
f 3615 3256 3255
f 3615 3257 3256
f 3615 3258 3257
f 3615 3259 3258
f 3615 3260 3259
f 3615 3261 3260
f 3615 3262 3261
f 3615 3614 3262
f 3615 3248 3247
f 3615 3249 3248
f 3615 3250 3249
f 3615 3251 3250
f 3615 3252 3251
f 3615 3253 3252
f 3616 3615 3247
f 3616 3247 3246
f 2283 3617 3609
f 2283 3609 2281
f 2283 3616 3617
f 3242 3617 3241
f 3241 3617 3243
f 3243 3617 3244
f 3244 3617 3245
f 3245 3617 3246
f 3246 3617 3616
f 2834 2832 3329
f 3329 2832 3330
f 3330 2830 3324
f 2832 2830 3330
f 3324 2828 3325
f 2830 2828 3324
f 3325 2826 3321
f 2828 2826 3325
f 3321 2824 3322
f 2826 2824 3321
f 3322 2822 3315
f 2824 2822 3322
f 3315 2820 3313
f 2822 2820 3315
f 3313 2818 3314
f 2820 2818 3313
f 3314 2816 3307
f 2818 2816 3314
f 3307 2814 3308
f 2816 2814 3307
f 2814 2812 3308
f 3308 2812 3309
f 2812 2810 3309
f 3309 2810 3305
f 2810 2808 3305
f 3305 2808 3306
f 2808 2806 3306
f 3306 2806 3299
f 2806 2804 3299
f 3299 2804 3300
f 2804 2803 3300
f 3300 2803 3301
f 2803 2805 3301
f 3301 2805 3303
f 2805 2807 3303
f 3303 2807 3304
f 2807 2809 3304
f 3304 2809 3302
f 2809 2811 3302
f 3302 2811 3317
f 2811 2813 3317
f 3317 2813 3318
f 2813 2815 3318
f 3318 2815 3311
f 3311 2817 3312
f 2815 2817 3311
f 3312 2819 3310
f 2817 2819 3312
f 3310 2821 3319
f 2819 2821 3310
f 3319 2823 3320
f 2821 2823 3319
f 3320 2825 3316
f 2823 2825 3320
f 3316 2827 3323
f 2825 2827 3316
f 3323 2829 3327
f 2827 2829 3323
f 3327 2831 3326
f 2829 2831 3327
f 3326 2833 3332
f 2831 2833 3326
f 3332 2835 3333
f 2833 2835 3332
f 3333 2837 3334
f 2835 2837 3333
f 3334 2839 3331
f 2837 2839 3334
f 3331 2841 3339
f 2839 2841 3331
f 3339 2843 3340
f 2841 2843 3339
f 2843 2845 3340
f 3340 2845 3338
f 2845 2847 3338
f 3338 2847 3346
f 2847 2849 3346
f 3346 2849 3347
f 2849 2851 3347
f 3347 2851 3345
f 2851 2853 3345
f 3345 2853 3353
f 2853 2855 3353
f 3353 2855 3354
f 2855 2857 3354
f 3354 2857 3355
f 2857 2859 3355
f 3355 2859 3352
f 2859 2861 3352
f 3352 2861 3361
f 2861 2863 3361
f 3361 2863 3362
f 2863 2865 3362
f 3362 2865 3363
f 2865 2867 3363
f 3363 2867 3360
f 2867 2868 3360
f 3360 2868 3367
f 2868 2870 3367
f 3367 2870 3366
f 2870 2873 3366
f 3366 2873 3371
f 2873 2877 3371
f 3371 2877 3370
f 2877 2876 3370
f 3370 2876 3373
f 2876 2880 3373
f 3373 2880 3372
f 2880 2879 3372
f 3372 2879 3374
f 2879 2884 3374
f 3374 2884 3375
f 2884 2886 3375
f 3375 2886 3384
f 3384 2885 3385
f 2886 2885 3384
f 3385 2890 3383
f 2885 2890 3385
f 3383 2889 3387
f 2890 2889 3383
f 3387 2892 3386
f 2889 2892 3387
f 2892 2894 3386
f 3386 2894 3391
f 2894 2896 3391
f 3391 2896 3394
f 2896 2900 3394
f 3394 2900 3393
f 3393 2900 3398
f 2900 2899 3398
f 2899 2902 3398
f 3398 2902 3397
f 2902 2904 3397
f 3397 2904 3403
f 2904 2908 3403
f 3403 2908 3402
f 2908 2907 3402
f 3402 2907 3406
f 2907 2910 3406
f 3406 2910 3405
f 2910 2914 3405
f 3405 2914 3411
f 2914 2913 3411
f 3411 2913 3410
f 3410 2913 3416
f 2913 2916 3416
f 3416 2920 3417
f 2916 2920 3416
f 3417 2919 3418
f 2920 2919 3417
f 3418 2922 3415
f 2919 2922 3418
f 3415 2924 3423
f 2922 2924 3415
f 3423 2926 3422
f 2924 2926 3423
f 3422 2928 3424
f 2926 2928 3422
f 3424 2927 3419
f 2928 2927 3424
f 3419 2925 3420
f 2927 2925 3419
f 3420 2923 3421
f 2925 2923 3420
f 3421 2921 3412
f 2923 2921 3421
f 3412 2918 3413
f 2921 2918 3412
f 3413 2917 3414
f 2918 2917 3413
f 3414 2915 3409
f 3409 2915 3407
f 2917 2915 3414
f 2915 2912 3407
f 2912 2911 3407
f 3407 2911 3408
f 3408 2911 3404
f 2911 2909 3404
f 2909 2906 3404
f 3404 2906 3399
f 2906 2905 3399
f 3399 2905 3400
f 3400 2903 3401
f 2905 2903 3400
f 3401 2901 3395
f 2903 2901 3401
f 3395 2898 3396
f 2901 2898 3395
f 3396 2897 3392
f 2898 2897 3396
f 3392 2895 3388
f 2897 2895 3392
f 3388 2893 3389
f 2895 2893 3388
f 3389 2891 3390
f 2893 2891 3389
f 3390 2888 3381
f 2891 2888 3390
f 3381 2887 3382
f 2888 2887 3381
f 3382 2883 3376
f 2887 2883 3382
f 3376 2882 3377
f 3377 2882 3378
f 2883 2882 3376
f 2882 2881 3378
f 3378 2878 3379
f 2881 2878 3378
f 3379 2875 3380
f 2878 2875 3379
f 3380 2874 3368
f 2875 2874 3380
f 3368 2872 3369
f 2874 2872 3368
f 3369 2871 3364
f 2872 2871 3369
f 3364 2869 3365
f 2871 2869 3364
f 3365 2866 3359
f 3359 2866 3356
f 2869 2866 3365
f 2866 2864 3356
f 2864 2862 3356
f 3356 2862 3357
f 2862 2860 3357
f 3357 2860 3358
f 2860 2858 3358
f 3358 2858 3351
f 2858 2856 3351
f 3351 2856 3349
f 2856 2854 3349
f 3349 2854 3350
f 2854 2852 3350
f 3350 2852 3348
f 2852 2850 3348
f 3348 2850 3344
f 2850 2848 3344
f 3344 2848 3341
f 2848 2846 3341
f 3341 2846 3342
f 2846 2844 3342
f 3342 2844 3343
f 2844 2842 3343
f 3343 2842 3335
f 2842 2840 3335
f 3335 2840 3336
f 3336 2838 3337
f 2840 2838 3336
f 3337 2838 3328
f 2838 2836 3328
f 3328 2834 3329
f 2836 2834 3328
f 2992 2988 3454
f 3454 2988 3455
f 3455 2984 3448
f 2988 2984 3455
f 3448 2980 3449
f 2984 2980 3448
f 3449 2976 3446
f 2980 2976 3449
f 3446 2972 3447
f 2976 2972 3446
f 3447 2968 3439
f 2972 2968 3447
f 3439 2964 3440
f 2968 2964 3439
f 3440 2960 3441
f 2964 2960 3440
f 3441 2956 3434
f 2960 2956 3441
f 3434 2952 3435
f 2956 2952 3434
f 2952 2948 3435
f 3435 2948 3436
f 2948 2944 3436
f 3436 2944 3437
f 2944 2940 3437
f 3437 2940 3438
f 2940 2936 3438
f 3438 2936 3425
f 2936 2932 3425
f 3425 2932 3426
f 2932 2929 3426
f 3426 2929 3427
f 2929 2934 3427
f 3427 2934 3429
f 2934 2938 3429
f 3429 2938 3430
f 2938 2942 3430
f 3430 2942 3428
f 2942 2946 3428
f 3428 2946 3431
f 2946 2950 3431
f 3431 2950 3433
f 2950 2954 3433
f 3433 2954 3432
f 3432 2958 3443
f 2954 2958 3432
f 3443 2962 3444
f 2958 2962 3443
f 3444 2966 3445
f 2962 2966 3444
f 3445 2970 3442
f 2966 2970 3445
f 3442 2974 3463
f 2970 2974 3442
f 3463 2978 3464
f 2974 2978 3463
f 3464 2982 3451
f 2978 2982 3464
f 3451 2986 3452
f 2982 2986 3451
f 3452 2990 3450
f 2986 2990 3452
f 3450 2994 3457
f 2990 2994 3450
f 3457 2998 3458
f 2994 2998 3457
f 3458 3001 3456
f 2998 3001 3458
f 3456 3006 3465
f 3001 3006 3456
f 3465 3010 3462
f 3006 3010 3465
f 3010 3014 3462
f 3462 3014 3467
f 3014 3018 3467
f 3467 3018 3466
f 3018 3021 3466
f 3466 3021 3469
f 3021 3025 3469
f 3469 3025 3468
f 3025 3029 3468
f 3468 3029 3478
f 3029 3034 3478
f 3478 3034 3479
f 3034 3038 3479
f 3479 3038 3477
f 3038 3042 3477
f 3477 3042 3481
f 3042 3046 3481
f 3481 3046 3483
f 3046 3050 3483
f 3483 3050 3482
f 3050 3053 3482
f 3482 3053 3489
f 3053 3057 3489
f 3489 3057 3488
f 3057 3063 3488
f 3488 3063 3491
f 3063 3062 3491
f 3491 3062 3490
f 3062 3067 3490
f 3490 3067 3500
f 3067 3071 3500
f 3500 3071 3501
f 3071 3078 3501
f 3501 3078 3502
f 3078 3083 3502
f 3502 3083 3503
f 3083 3082 3503
f 3503 3082 3504
f 3082 3090 3504
f 3504 3090 3499
f 3090 3095 3499
f 3499 3095 3505
f 3505 3094 3512
f 3095 3094 3505
f 3512 3099 3513
f 3094 3099 3512
f 3513 3103 3511
f 3099 3103 3513
f 3511 3107 3515
f 3103 3107 3511
f 3107 3111 3515
f 3515 3111 3514
f 3111 3115 3514
f 3514 3115 3519
f 3115 3119 3519
f 3519 3119 3521
f 3521 3119 3520
f 3119 3123 3520
f 3123 3127 3520
f 3520 3127 3525
f 3127 3131 3525
f 3525 3131 3529
f 3131 3138 3529
f 3529 3138 3528
f 3138 3143 3528
f 3528 3143 3533
f 3143 3142 3533
f 3533 3142 3532
f 3142 3147 3532
f 3532 3147 3535
f 3147 3154 3535
f 3535 3154 3534
f 3534 3154 3542
f 3154 3158 3542
f 3542 3163 3543
f 3158 3163 3542
f 3543 3162 3544
f 3163 3162 3543
f 3544 3170 3541
f 3162 3170 3544
f 3541 3174 3547
f 3170 3174 3541
f 3547 3179 3550
f 3174 3179 3547
f 3550 3178 3549
f 3179 3178 3550
f 3549 3176 3548
f 3178 3176 3549
f 3548 3172 3545
f 3176 3172 3548
f 3545 3168 3546
f 3172 3168 3545
f 3546 3165 3536
f 3168 3165 3546
f 3536 3160 3537
f 3165 3160 3536
f 3537 3156 3538
f 3160 3156 3537
f 3538 3152 3539
f 3539 3152 3540
f 3156 3152 3538
f 3152 3149 3540
f 3149 3145 3540
f 3540 3145 3530
f 3530 3145 3531
f 3145 3140 3531
f 3140 3136 3531
f 3531 3136 3526
f 3136 3133 3526
f 3526 3133 3527
f 3527 3129 3522
f 3133 3129 3527
f 3522 3125 3523
f 3129 3125 3522
f 3523 3121 3524
f 3125 3121 3523
f 3524 3117 3516
f 3121 3117 3524
f 3516 3113 3517
f 3117 3113 3516
f 3517 3109 3518
f 3113 3109 3517
f 3518 3105 3509
f 3109 3105 3518
f 3509 3101 3510
f 3105 3101 3509
f 3510 3097 3506
f 3101 3097 3510
f 3506 3092 3507
f 3097 3092 3506
f 3507 3088 3508
f 3508 3088 3492
f 3092 3088 3507
f 3088 3085 3492
f 3492 3080 3493
f 3085 3080 3492
f 3493 3076 3494
f 3080 3076 3493
f 3494 3073 3495
f 3076 3073 3494
f 3495 3069 3496
f 3073 3069 3495
f 3496 3065 3497
f 3069 3065 3496
f 3497 3060 3498
f 3065 3060 3497
f 3498 3056 3487
f 3487 3056 3484
f 3060 3056 3498
f 3056 3052 3484
f 3052 3048 3484
f 3484 3048 3485
f 3048 3044 3485
f 3485 3044 3486
f 3044 3040 3486
f 3486 3040 3480
f 3040 3036 3480
f 3480 3036 3475
f 3036 3031 3475
f 3475 3031 3476
f 3031 3027 3476
f 3476 3027 3470
f 3027 3023 3470
f 3470 3023 3471
f 3023 3020 3471
f 3471 3020 3472
f 3020 3016 3472
f 3472 3016 3473
f 3016 3012 3473
f 3473 3012 3474
f 3012 3008 3474
f 3474 3008 3459
f 3008 3003 3459
f 3459 3003 3460
f 3460 3000 3461
f 3003 3000 3460
f 3461 3000 3453
f 3000 2996 3453
f 3453 2992 3454
f 2996 2992 3453
f 3618 3619 3620
f 3618 3620 3621
f 3618 3621 3622
f 3623 3618 3622
f 3624 3622 3617
f 3624 3623 3622
f 3625 3624 3617
f 3242 3626 3627
f 3242 3627 3625
f 3242 3625 3617
f 2551 3626 3242
f 2556 2551 3242
f 3629 3628 3623
f 3629 3623 3624
f 3629 3624 3630
f 3630 3625 3631
f 3624 3625 3630
f 3631 3627 3632
f 3625 3627 3631
f 3632 3626 3633
f 3627 3626 3632
f 3633 2551 3634
f 3626 2551 3633
f 3634 2547 3240
f 3633 3634 3240
f 3632 3633 3240
f 3631 3632 3240
f 3612 3629 3630
f 3612 3630 3631
f 3612 3631 3240
f 3628 3629 3612
f 3635 3628 3612
f 3635 3612 3613
f 3636 3635 3637
f 3618 3623 3628
f 3618 3628 3635
f 3618 3635 3636
f 3636 3638 3619
f 3636 3619 3618
f 3609 3639 3601
f 3640 3637 3639
f 3640 3639 3609
f 3636 3640 3641
f 3636 3637 3640
f 3638 3641 3642
f 3638 3636 3641
f 3619 3638 3642
f 3619 3642 3620
f 3621 3620 3642
f 3621 3642 3641
f 3621 3641 3640
f 3621 3640 3622
f 3622 3640 3609
f 3622 3609 3617
f 3639 3643 3605
f 3639 3605 3601
f 3639 3637 3635
f 3639 3635 3643
f 3643 3635 3613
f 3643 3613 3605
f 3644 3201 3199
f 3644 3202 3201
f 3644 3199 2530
f 3645 3203 3202
f 2527 3202 3644
f 2527 3644 2530
f 2527 3645 3202
f 3645 2528 3597
f 3204 3645 3597
f 3203 3645 3204
f 2528 3591 3597
f 2528 2529 3591
f 2530 3199 3200
f 2530 3200 3591
f 2529 2530 3591
f 2533 3275 3276
f 2533 3276 3607
f 2531 2533 3607
f 2534 3607 3298
f 2534 2531 3607
f 2526 2592 2508
f 2507 2526 2508
f 3646 3578 3580
f 3577 3650 3575
f 3578 3650 3577
f 3647 3648 3646
f 3647 3648 3647
f 3649 3648 3647
f 3646 3648 3578
f 3575 3655 3573
f 3650 3655 3575
f 3648 3650 3578
f 3648 3651 3650
f 3652 3651 3653
f 3653 3651 3654
f 3654 3651 3649
f 3649 3651 3648
f 3571 3660 3566
f 3573 3660 3571
f 3652 3656 3651
f 3651 3656 3650
f 3655 3662 3573
f 3566 3667 3565
f 3660 3667 3566
f 3656 3655 3650
f 3658 3655 3659
f 3659 3655 3657
f 3657 3655 3656
f 3662 3660 3573
f 3565 3661 3564
f 3667 3661 3565
f 3658 3662 3655
f 3663 3662 3664
f 3664 3662 3658
f 3663 3665 3662
f 3662 3665 3660
f 3668 3667 3669
f 3669 3667 3666
f 3665 3667 3660
f 3666 3667 3665
f 3661 3670 3564
f 3671 3661 3672
f 3672 3661 3668
f 3668 3661 3667
f 3670 3563 3564
f 3673 3670 3671
f 3671 3670 3661
f 3563 3674 3561
f 3675 3674 3676
f 3676 3674 3673
f 3670 3674 3563
f 3673 3674 3670
f 3561 3680 3560
f 3674 3677 3561
f 3675 3677 3674
f 3678 3677 3679
f 3679 3677 3675
f 3680 3683 3560
f 3560 3683 3559
f 3677 3680 3561
f 3678 3680 3677
f 3681 3680 3682
f 3682 3680 3678
f 3683 3558 3559
f 3684 3683 3685
f 3685 3683 3681
f 3681 3683 3680
f 3556 3686 3554
f 3553 3686 3552
f 3554 3686 3553
f 3683 3688 3558
f 3684 3688 3683
f 3558 3688 3557
f 3551 3694 2504
f 3552 3694 3551
f 3686 3694 3552
f 2504 3694 2498
f 3689 3690 3691
f 3691 3690 3687
f 3687 3690 3688
f 3557 3690 3556
f 3688 3690 3557
f 3689 3693 3690
f 3690 3693 3556
f 3695 3696 3697
f 3697 3696 3692
f 3692 3696 3693
f 3556 3696 3686
f 3693 3696 3556
f 2498 3694 2499
f 2499 3694 3698
f 3698 3694 3699
f 3699 3694 3695
f 3695 3694 3696
f 3696 3694 3686
f 3700 3646 3701
f 3646 3715 3702
f 3701 3703 3700
f 3704 3704 3702
f 3701 3704 3704
f 3646 3704 3701
f 3702 3704 3646
f 3580 3579 3646
f 3715 3705 3581
f 3579 3705 3646
f 3646 3705 3715
f 3581 3705 3579
f 3710 3714 3708
f 3647 3646 3700
f 3647 3647 3700
f 3649 3700 3703
f 3649 3647 3700
f 3654 3649 3703
f 3710 3709 3706
f 3710 3707 3654
f 3710 3706 3707
f 3710 3654 3703
f 3710 3708 3709
f 3711 3711 3712
f 3713 3711 3712
f 3713 3713 3712
f 3715 3712 3714
f 3715 3713 3712
f 3715 3714 3710
f 3702 3715 3710
f 3704 3702 3710
f 3701 3704 3710
f 3703 3701 3710
f 1441 3716 1371
f 3717 3716 1441
f 1436 3717 1441
f 1432 3717 1436
f 3718 3717 1432
f 1426 3718 1432
f 3718 1426 1422
f 3719 1422 1418
f 3719 3718 1422
f 3720 1418 1414
f 3720 3719 1418
f 3720 1414 1410
f 3721 1410 1406
f 3721 3720 1410
f 3722 3721 1406
f 3722 3722 1406
f 3722 3722 1406
f 3723 1406 1402
f 3723 3722 1406
f 3724 1402 1398
f 3724 3723 1402
f 3725 1398 1394
f 3725 3724 1398
f 3725 1394 1390
f 3725 1390 1386
f 3726 1386 1382
f 3726 3725 1386
f 3726 1382 1378
f 3727 1378 1375
f 3727 3726 1378
f 3727 1375 1377
f 3727 1377 1381
f 3728 3727 1381
f 3728 1381 1385
f 3728 1385 1389
f 3728 1389 1393
f 3729 3728 1393
f 3729 1393 1397
f 3729 1397 1401
f 3730 1401 1405
f 3730 3729 1401
f 3730 1405 1409
f 3730 1409 1413
f 3731 3730 1413
f 3731 1413 1417
f 3731 1417 1421
f 3732 1421 1425
f 3732 3731 1421
f 3732 1425 1429
f 3732 1429 1435
f 3733 3732 1435
f 3733 1435 1439
f 3733 1439 1444
f 3734 1444 1447
f 3734 3733 1444
f 3734 1447 1450
f 3735 3734 1450
f 3735 1450 1453
f 3735 1453 1456
f 3736 3735 1456
f 3736 1456 1460
f 3736 1460 1466
f 3737 3736 1466
f 3737 1466 1469
f 3738 3737 1469
f 3738 3738 1469
f 3711 3738 1469
f 3711 3711 1469
f 3712 3711 1469
f 3712 1469 1473
f 3714 3712 1473
f 3714 1473 1476
f 3714 1476 1480
f 3708 3714 1480
f 3708 1480 1483
f 3708 1483 1487
f 3709 3708 1487
f 3709 1487 1492
f 3709 1492 1496
f 3706 1496 1498
f 3706 3709 1496
f 3706 1498 1508
f 1544 3654 3707
f 1544 3707 3706
f 1508 1544 3706
f 3654 1545 3653
f 1544 1545 3654
f 3653 1547 3652
f 1545 1547 3653
f 3652 1541 3656
f 1547 1541 3652
f 3656 1538 3657
f 1541 1538 3656
f 3657 1533 3659
f 1538 1533 3657
f 1533 1530 3659
f 3659 1530 3658
f 1530 1524 3658
f 3658 1524 3664
f 1524 1519 3664
f 3664 1519 3663
f 1519 1514 3663
f 3663 1514 3665
f 1514 1504 3665
f 3665 1504 3666
f 1504 1489 3666
f 3666 1489 3669
f 3669 1464 3668
f 1489 1464 3669
f 1464 1431 3668
f 3668 1431 3672
f 3672 1373 3671
f 1431 1373 3672
f 3671 1368 3673
f 1373 1368 3671
f 3673 1363 3676
f 1368 1363 3673
f 3676 1362 3675
f 1363 1362 3676
f 3675 1359 3679
f 1362 1359 3675
f 3679 1356 3678
f 1359 1356 3679
f 3678 1352 3682
f 1356 1352 3678
f 3682 1351 3681
f 1352 1351 3682
f 3681 1347 3685
f 1351 1347 3681
f 3685 1343 3684
f 1347 1343 3685
f 3684 1341 3688
f 1343 1341 3684
f 3688 1337 3687
f 1341 1337 3688
f 3687 1335 3691
f 1337 1335 3687
f 3691 1331 3689
f 1335 1331 3691
f 3689 1329 3693
f 1331 1329 3689
f 3693 1326 3692
f 1329 1326 3693
f 3692 1323 3697
f 1326 1323 3692
f 1323 1320 3697
f 3697 1320 3695
f 3695 1317 3699
f 1320 1317 3695
f 3699 1312 3698
f 1317 1312 3699
f 3698 1311 2499
f 1312 1311 3698
f 1311 1309 2499
f 2496 2499 1309
f 2495 1309 1306
f 2495 2496 1309
f 3740 3739 1366
f 3740 1366 1370
f 3716 3740 1370
f 3716 1370 1371
f 3741 2253 3742
f 2253 1316 3742
f 3742 1315 3743
f 1316 1315 3742
f 3743 1322 3744
f 1315 1322 3743
f 3744 1327 3745
f 1322 1327 3744
f 3745 1333 3746
f 1327 1333 3745
f 3746 1339 3747
f 1333 1339 3746
f 3747 1345 3748
f 1339 1345 3747
f 3748 1349 3749
f 1345 1349 3748
f 3749 1355 3750
f 1349 1355 3749
f 3750 1366 3739
f 1355 1366 3750
f 2257 3741 2261
f 2257 2253 3741
f 3611 2261 3741
f 3614 2264 3611
f 3611 2264 2261
f 3616 2283 2282
f 3616 2282 2279
f 3616 2279 2277
f 3616 2277 2276
f 3615 2276 2274
f 3615 2274 2273
f 3615 2273 2271
f 3615 3616 2276
f 3614 2271 2269
f 3614 2269 2266
f 3614 2266 2264
f 3614 3615 2271
f 3606 3751 3604
f 3606 3752 3751
f 3604 3753 3600
f 3751 3753 3604
f 3600 3754 3599
f 3753 3754 3600
f 3599 3755 3590
f 3754 3755 3599
f 3755 3756 3590
f 3756 3589 3590
f 3757 3746 3758
f 3745 3746 3757
f 3746 3747 3758
f 3747 3748 3758
f 3750 3739 3759
f 3744 3760 3743
f 3743 3760 3742
f 3742 3760 3741
f 3741 3760 3611
f 3608 3760 3606
f 3610 3760 3608
f 3611 3760 3610
f 3606 3760 3752
f 3744 3761 3760
f 3745 3761 3744
f 3752 3761 3762
f 3762 3761 3757
f 3760 3761 3752
f 3757 3761 3745
f 3758 3763 3764
f 3764 3763 3756
f 3748 3763 3758
f 3750 3765 3749
f 3749 3765 3748
f 3759 3765 3750
f 3588 3765 3587
f 3589 3765 3588
f 3587 3765 3759
f 3748 3765 3763
f 3763 3765 3756
f 3756 3765 3589
f 3766 3724 3725
f 3767 3724 3766
f 3767 3768 3724
f 3768 3768 3724
f 3768 3723 3724
f 3723 3723 3724
f 3729 3730 3584
f 3733 3734 3581
f 3734 3735 3581
f 3738 3738 3737
f 3738 3713 3737
f 3713 3713 3737
f 3713 3715 3737
f 3737 3715 3736
f 3736 3715 3735
f 3735 3715 3581
f 3725 3769 3766
f 3726 3769 3725
f 3727 3769 3726
f 3728 3769 3727
f 3729 3769 3728
f 3584 3769 3729
f 3766 3769 3759
f 3585 3769 3584
f 3586 3769 3585
f 3587 3769 3586
f 3759 3769 3587
f 3731 3770 3730
f 3732 3770 3731
f 3733 3770 3732
f 3730 3770 3584
f 3582 3770 3581
f 3583 3770 3582
f 3584 3770 3583
f 3581 3770 3733
f 2490 2489 2490
f 2490 2489 2489
f 2490 2490 2489
f 2490 2489 2489
f 2489 2512 2489
f 2489 2512 2512
f 2512 2512 2512
f 3722 3723 3723
f 3723 3723 3722
f 3722 3723 3722
f 3722 3723 3722
f 3723 3768 3768
f 3723 3768 3723
f 3768 3768 3768
f 3713 3713 3711
f 3713 3713 3713
f 3711 3738 3711
f 3711 3738 3738
f 3711 3738 3711
f 3713 3738 3711
f 3738 3738 3738
f 2502 2502 2502
f 2502 2472 2502
f 2472 2473 2502
f 2472 2472 2473
f 2472 2472 2473
f 2472 2473 2473
f 2473 2473 2473
f 2489 2490 2491
f 2512 2489 2491
f 2512 2512 2491
f 2513 2491 2492
f 2513 2512 2491
f 2513 2492 3771
f 2513 3771 3772
f 3773 2513 3772
f 2466 2494 2467
f 3771 2492 2493
f 3771 2494 2466
f 3774 2466 2455
f 3774 2455 3773
f 3774 3771 2466
f 3771 2493 2494
f 3774 3773 3772
f 3774 3772 3771
f 3570 3775 3574
f 3569 3776 3570
f 3570 3776 3775
f 3775 3777 3574
f 3777 3576 3574
f 2455 2456 3773
f 3777 3778 3576
f 3778 3596 3576
f 3778 3779 3596
f 3779 3595 3596
f 3779 3780 3595
f 2458 2459 3781
f 3781 2460 3782
f 2459 2460 3781
f 2460 2461 3782
f 3568 3783 3569
f 2514 3783 3568
f 2458 3783 2457
f 2457 3783 2456
f 3773 3783 2514
f 2456 3783 3773
f 3569 3783 3776
f 3776 3784 3785
f 3785 3784 3781
f 3783 3784 3776
f 2458 3784 3783
f 3781 3784 2458
f 2462 3786 2461
f 3782 3786 3787
f 3787 3786 3780
f 2461 3786 3782
f 3592 3788 3593
f 3594 3788 3592
f 3595 3788 3594
f 3593 3788 2465
f 2465 3788 2464
f 2464 3788 2463
f 2463 3788 2462
f 3786 3788 3780
f 3780 3788 3595
f 2462 3788 3786
f 3593 2258 3598
f 3593 2254 2258
f 3593 2465 2254
f 2248 2251 2465
f 2251 2254 2465
f 3598 2258 2262
f 3598 2262 2265
f 3598 2265 2267
f 3598 2267 2270
f 3602 2270 2272
f 3602 2272 2275
f 3602 3598 2270
f 3603 2275 2278
f 3603 3602 2275
f 2280 3603 2278
f 2281 3603 2280
f 3789 3779 3778
f 3790 3789 3778
f 3791 3778 3777
f 3791 3790 3778
f 3792 3793 3790
f 3792 3790 3791
f 3794 3777 3775
f 3794 3791 3777
f 3792 3795 3796
f 3792 3796 3793
f 3797 3792 3791
f 3781 3797 3785
f 3795 3792 3797
f 3798 3797 3781
f 3798 3795 3797
f 3799 3800 3801
f 3799 3802 3800
f 3796 3795 3798
f 3796 3798 3803
f 3804 3801 3800
f 3804 3800 3805
f 3806 3804 3807
f 3757 3806 3762
f 3801 3804 3806
f 3799 3806 3757
f 3799 3801 3806
f 3802 3757 3758
f 3802 3799 3757
f 3808 3802 3758
f 3808 3758 3764
f 3805 3808 3809
f 3800 3802 3808
f 3800 3808 3805
f 3810 3755 3754
f 3809 3810 3754
f 3807 3754 3753
f 3807 3809 3754
f 3804 3805 3809
f 3804 3809 3807
f 3811 3753 3751
f 3811 3807 3753
f 3791 3794 3812
f 3791 3812 3797
f 3789 3790 3813
f 3789 3813 3814
f 3808 3815 3810
f 3808 3810 3809
f 3816 3806 3807
f 3816 3807 3811
f 3797 3776 3785
f 3797 3812 3776
f 3813 3787 3780
f 3814 3813 3780
f 3794 3775 3776
f 3812 3794 3776
f 3813 3803 3782
f 3813 3782 3787
f 3793 3813 3790
f 3796 3803 3813
f 3796 3813 3793
f 3803 3781 3782
f 3803 3798 3781
f 3789 3780 3779
f 3789 3814 3780
f 3810 3756 3755
f 3810 3815 3756
f 3806 3752 3762
f 3806 3816 3752
f 3808 3764 3756
f 3815 3808 3756
f 3811 3751 3752
f 3816 3811 3752
f 3766 3759 3817
f 3819 3766 3817
f 3720 3766 3819
f 3721 3766 3720
f 3767 3766 3721
f 3768 3768 3767
f 3768 3767 3721
f 3723 3768 3721
f 3722 3723 3721
f 3717 3740 3716
f 3720 3819 3719
f 3818 3759 3739
f 3818 3739 3740
f 3819 3717 3718
f 3819 3818 3740
f 3819 3740 3717
f 3818 3817 3759
f 3819 3718 3719
f 3819 3817 3818
f 2520 2511 2601
f 2520 2509 2511
f 2536 2672 2673
f 2536 2673 3567
f 2537 2536 3567
f 2539 3567 3572
f 2539 2537 3567
f 2540 2539 3572
f 2683 2540 3572
f 2682 2540 2683
f 2543 2755 2756
f 2543 2756 3562
f 2541 2543 3562
f 3820 2758 2755
f 3820 2763 2758
f 3820 2755 2543
f 2763 2545 2765
f 2542 2763 3820
f 2542 2545 2763
f 2542 3820 2543
f 2545 2544 3555
f 2766 2545 3555
f 2765 2545 2766
f 2544 3562 3555
f 2544 2541 3562
f 2252 2255 2221
f 2252 2221 2220
f 1314 2220 2219
f 1314 2252 2220
f 1319 2219 2218
f 1319 1314 2219
f 1325 2218 2225
f 1325 1319 2218
f 1332 2225 2224
f 1332 1325 2225
f 1338 2224 2229
f 1338 1332 2224
f 1344 2229 2228
f 1344 1338 2229
f 1348 2228 2232
f 1348 1344 2228
f 1354 2232 2215
f 1354 1348 2232
f 1360 2215 2209
f 1360 1354 2215
f 1365 1360 2209
f 2209 2207 1365
f 2207 2208 1365
f 1365 2208 1369
f 2208 3821 1369
f 1369 3822 1374
f 3821 3822 1369
f 3822 3823 1374
f 3823 3824 1374
f 1374 3824 1440
f 3824 3851 1440
f 1440 3851 1458
f 1458 3851 1462
f 1462 3841 1471
f 3851 3841 1462
f 1471 3825 1477
f 3841 3825 1471
f 1477 3826 1484
f 3825 3826 1477
f 1484 3826 1493
f 3826 3827 1493
f 1493 3827 1500
f 3827 3828 1500
f 1500 3828 1505
f 1792 3924 3829
f 1793 1792 3829
f 1794 3829 3830
f 1794 1793 3829
f 1794 3830 3832
f 1588 3831 1584
f 1797 1794 3832
f 1799 1797 3832
f 1799 3832 3831
f 1799 3831 1588
f 1807 1588 1592
f 1807 1799 1588
f 1810 1592 1596
f 1810 1807 1592
f 1817 1596 1600
f 1817 1810 1596
f 1817 1600 1604
f 1826 1604 1608
f 1826 1817 1604
f 1828 1608 1612
f 1828 1826 1608
f 1835 1612 1615
f 1835 1828 1612
f 1835 1615 1620
f 1845 1620 1624
f 1845 1835 1620
f 1845 1624 1628
f 1852 1628 1632
f 1852 1845 1628
f 1852 1632 1636
f 1860 1636 1639
f 1860 1852 1636
f 1860 1639 1643
f 1870 1643 1641
f 1870 1860 1643
f 1874 1641 1637
f 1874 1870 1641
f 1874 1637 1633
f 1886 1633 1629
f 1886 1874 1633
f 1886 1629 1625
f 1895 1886 1625
f 1895 1625 1621
f 1901 1895 1621
f 1901 1621 1617
f 1904 1901 1617
f 1904 1617 1613
f 1904 1613 1609
f 1915 1904 1609
f 1915 1609 1605
f 1922 1915 1605
f 1922 1605 1601
f 1927 1922 1601
f 1927 1601 1597
f 1927 1597 1593
f 1938 1927 1593
f 1938 1593 1589
f 1939 1589 1585
f 1939 1938 1589
f 1939 1585 1581
f 1950 1581 1576
f 1950 1939 1581
f 1950 1576 1569
f 1957 1569 1564
f 1957 1950 1569
f 1957 1564 1557
f 1971 1557 1551
f 1971 1957 1557
f 1971 1551 1539
f 1978 1539 1535
f 1978 1971 1539
f 1978 1535 1531
f 1990 1531 1527
f 1990 1978 1531
f 1992 1527 1525
f 1992 1990 1527
f 1992 1525 1521
f 2008 1521 1517
f 2008 1992 1521
f 2008 1517 1515
f 2012 1515 1511
f 2012 2008 1515
f 3828 1511 1505
f 2017 2012 1511
f 2017 1511 3828
f 3833 2017 3828
f 2028 2017 3833
f 2028 3833 3834
f 2033 2028 3834
f 3835 2033 3834
f 2042 2033 3835
f 3833 3828 3827
f 3836 2208 2210
f 3837 2208 3836
f 3839 3838 3863
f 3840 3841 3851
f 3843 3842 3844
f 3845 3846 3847
f 3839 3849 3838
f 3848 3849 3839
f 3833 3850 3834
f 3825 3850 3826
f 3826 3850 3827
f 3827 3850 3833
f 3843 3852 3842
f 3863 3852 3843
f 3838 3852 3863
f 3849 3851 3824
f 3822 3852 3823
f 3842 3852 3822
f 3821 3853 3822
f 3822 3853 3842
f 2208 3853 3821
f 3837 3853 2208
f 3842 3853 3844
f 3844 3853 3837
f 3835 3854 2042
f 2042 3854 2070
f 3854 3855 3858
f 3834 3855 3835
f 3835 3855 3854
f 3858 3855 3856
f 3856 3855 3850
f 3850 3855 3834
f 3858 3857 3846
f 3856 3857 3858
f 3840 3857 3841
f 3841 3857 3825
f 3825 3857 3850
f 3850 3857 3856
f 3823 3838 3824
f 3824 3838 3849
f 3852 3838 3823
f 3854 3858 2070
f 2070 3858 3845
f 3845 3858 3846
f 3849 3840 3851
f 3846 3840 3848
f 3857 3840 3846
f 3848 3840 3849
f 2140 2076 2145
f 2162 3859 2171
f 3860 3861 2214
f 3848 3862 3846
f 2133 3864 2140
f 2076 3864 2151
f 2140 3864 2076
f 2151 3864 2154
f 2156 2154 2158
f 2132 3864 2133
f 2154 3865 2158
f 3864 3865 2154
f 2132 3865 3864
f 2158 3865 2071
f 2171 3866 2173
f 3867 3866 3868
f 3859 3866 2171
f 2173 3866 3870
f 3868 3866 3859
f 2163 2174 3860
f 3867 3869 3866
f 3866 3869 3870
f 3870 3871 2173
f 3860 3871 3861
f 2173 3871 2174
f 2174 3871 3860
f 3872 3873 3874
f 3875 3873 3876
f 3876 3873 3867
f 3870 3873 3872
f 3867 3873 3869
f 3869 3873 3870
f 3871 3877 3861
f 3870 3877 3871
f 3875 3880 3873
f 3873 3880 3874
f 3870 3878 3877
f 3861 3878 3882
f 3872 3878 3870
f 3877 3878 3861
f 3861 3884 2214
f 3882 3884 3861
f 3879 3880 3875
f 3874 3880 3881
f 3878 3886 3882
f 3872 3886 3878
f 3874 3886 3872
f 3845 3847 3883
f 3862 3847 3846
f 2214 3884 2211
f 3880 3885 3881
f 3879 3885 3880
f 3848 3885 3862
f 3863 3885 3839
f 3862 3885 3879
f 3839 3885 3848
f 3881 3885 3863
f 3882 3888 3884
f 3884 3888 2211
f 3882 3886 3887
f 3881 3886 3874
f 2211 3888 2212
f 3881 3843 3886
f 3887 3843 3844
f 3886 3843 3887
f 3863 3843 3881
f 3888 3889 2212
f 3887 3889 3882
f 3882 3889 3888
f 3836 3889 3837
f 3836 3912 3889
f 2210 3912 3836
f 2212 3912 2210
f 2123 3891 2128
f 2128 3891 2132
f 2132 3891 3865
f 3865 3891 3892
f 2117 3891 2123
f 2071 3890 2162
f 3892 3890 3865
f 3865 3890 2071
f 3891 3893 3892
f 2112 3893 2117
f 2117 3893 3891
f 3892 3893 3894
f 3890 3895 2162
f 2162 3895 3859
f 3892 3895 3890
f 2112 3893 3893
f 3893 3893 3894
f 3894 3893 3897
f 2112 3896 3893
f 2109 3896 2112
f 3893 3896 3897
f 3859 3895 3868
f 3896 3898 3897
f 2109 3898 3896
f 3895 3899 3868
f 3892 3899 3895
f 3894 3899 3892
f 2106 3898 2109
f 3897 3899 3894
f 2107 3898 2106
f 3897 3898 3902
f 3868 3899 3867
f 2107 3900 3898
f 3898 3900 3902
f 3897 3901 3899
f 3899 3901 3867
f 2100 3900 2107
f 2097 3904 2100
f 3902 3904 3905
f 2100 3904 3900
f 3900 3904 3902
f 3867 3901 3876
f 3902 3901 3897
f 3902 3903 3901
f 3901 3903 3876
f 3876 3903 3875
f 2093 3904 2097
f 3905 3904 3908
f 2093 3906 3904
f 3904 3906 3908
f 3905 3907 3902
f 3902 3907 3903
f 3903 3907 3875
f 2091 3906 2093
f 2091 3909 3906
f 3906 3909 3908
f 3908 3909 3883
f 3908 3907 3905
f 3875 3907 3879
f 2084 3909 2091
f 3908 3910 3907
f 3907 3910 3879
f 2070 3909 2084
f 3883 3909 3845
f 3845 3909 2070
f 3883 3910 3908
f 3879 3910 3862
f 3910 3847 3862
f 3883 3847 3910
f 3844 3911 3887
f 3887 3911 3889
f 3837 3911 3844
f 3889 3911 3837
f 3889 3912 2212
f 3913 1543 3914
f 3914 1549 3915
f 1543 1549 3914
f 3915 1549 3937
f 1549 1553 3937
f 3937 1553 3916
f 1553 1554 3916
f 3916 1554 3917
f 1554 1559 3917
f 3917 1559 3918
f 1559 1562 3918
f 1562 1567 3918
f 3918 1567 3919
f 1567 1571 3919
f 3919 1574 3920
f 1571 1574 3919
f 3920 3831 3832
f 1574 3831 3920
f 1574 1579 3831
f 1579 1584 3831
f 3922 1683 3970
f 1708 1705 1683
f 3921 3923 3922
f 3922 3923 1683
f 1683 3923 1708
f 3924 3925 3829
f 3915 3926 3914
f 3926 3927 3914
f 3927 3928 3914
f 3914 3928 3913
f 3916 3929 3937
f 3937 3931 3915
f 3926 3931 3932
f 3915 3931 3926
f 3920 3933 3919
f 3830 3933 3832
f 3832 3933 3920
f 3925 3934 3935
f 3917 3936 3916
f 3944 3936 3918
f 3918 3936 3917
f 3916 3936 3929
f 3932 3937 3930
f 3930 3937 3929
f 3931 3937 3932
f 3830 3938 3933
f 3829 3938 3830
f 3933 3938 3935
f 3919 3939 3918
f 3933 3939 3919
f 3935 3939 3933
f 3925 3938 3829
f 3935 3938 3925
f 3918 3939 3944
f 3935 3934 3939
f 3939 3934 3944
f 3924 1773 3925
f 1773 3940 3925
f 3925 3940 3934
f 3940 3941 3934
f 3936 3950 3929
f 3974 3950 3936
f 3929 3980 3930
f 3950 3980 3929
f 3928 3943 3913
f 3941 3945 3934
f 3936 3945 3974
f 3934 3945 3944
f 3944 3945 3936
f 3926 3932 3942
f 3985 3947 3991
f 3940 3949 3941
f 3972 3949 3940
f 3941 3949 3945
f 3950 3952 3951
f 3951 3952 3953
f 3980 3955 3930
f 3930 3955 3932
f 3932 3955 3942
f 3942 3955 3956
f 1765 3946 1785
f 3958 3959 3952
f 3952 3959 3953
f 3960 3959 3958
f 3957 3961 3946
f 3946 3961 3979
f 3943 3963 1678
f 3927 3963 3928
f 3928 3963 3943
f 3953 3964 3951
f 3955 3964 3956
f 3951 3964 3955
f 3956 3964 3982
f 3942 3965 3926
f 3926 3965 3927
f 3956 3965 3942
f 3963 3965 1678
f 3927 3965 3963
f 3960 3966 3959
f 1678 3965 1682
f 3982 3965 3956
f 3961 3966 3960
f 3947 3966 3991
f 3962 3966 3961
f 3991 3966 3962
f 3965 3968 1682
f 3982 3968 3965
f 3985 3967 3947
f 3948 3967 3985
f 3968 3969 1682
f 1682 3969 1683
f 1683 3969 3970
f 3970 3969 3948
f 3940 3971 3972
f 1773 3971 3940
f 1774 3971 1773
f 1770 3975 1774
f 3971 3975 3972
f 3972 3975 3976
f 1774 3975 3971
f 3949 3973 3954
f 3972 3973 3949
f 3954 3974 3949
f 3952 3974 3954
f 3949 3974 3945
f 3950 3974 3952
f 1786 3975 1770
f 3952 3977 3958
f 3976 3977 3972
f 3973 3977 3954
f 3972 3977 3973
f 3954 3977 3952
f 1785 3978 1786
f 3975 3978 3976
f 1786 3978 3975
f 3976 3978 3979
f 3951 3980 3950
f 3955 3980 3951
f 3979 3978 3946
f 3946 3978 1785
f 3976 3981 3977
f 3977 3981 3958
f 3979 3981 3976
f 3958 3981 3960
f 3960 3981 3961
f 3961 3981 3979
f 3967 3953 3947
f 3947 3953 3966
f 3964 3953 3967
f 3966 3953 3959
f 3967 3982 3964
f 3948 3982 3967
f 3968 3982 3969
f 3969 3982 3948
f 1747 3946 1765
f 3961 3983 3962
f 1738 3984 1735
f 3957 3986 3961
f 3961 3986 3983
f 3946 3987 3957
f 3986 3987 3983
f 3957 3987 3986
f 1760 3987 1747
f 1747 3987 3946
f 1760 3989 3987
f 3987 3989 3983
f 1764 3989 1760
f 3983 3989 3988
f 3988 3989 3984
f 1735 3989 1746
f 3984 3989 1735
f 3989 3990 1746
f 1764 3990 3989
f 1756 3990 1764
f 1754 3990 1756
f 1746 3990 1753
f 1753 3990 1754
f 3962 3992 3991
f 3991 3992 3985
f 3983 3992 3962
f 3985 3992 1736
f 3988 3992 3983
f 3984 3993 3988
f 1738 3993 3984
f 1736 3992 1737
f 1737 3993 1738
f 3988 3993 3992
f 3992 3993 1737
f 3985 3994 3948
f 3948 3994 3970
f 3970 3994 3922
f 1736 3994 3985
f 3922 3994 3921
f 3921 3994 1734
f 1734 3994 1736
f 2263 2268 2237
f 2221 2259 2263
f 2221 2263 2237
f 2255 2259 2221
f 2237 2268 2239
f 3995 3996 362
f 4001 4113 4003
f 4113 4004 4003
f 4003 450 449
f 4004 450 4003
f 4000 4006 3999
f 3999 4007 4000
f 4002 4007 4001
f 749 451 712
f 4008 712 717
f 4015 4008 717
f 4015 717 715
f 4017 4015 715
f 708 713 709
f 4020 708 707
f 4011 4009 695
f 4004 695 450
f 4004 4011 695
f 713 4017 715
f 713 715 714
f 4020 707 704
f 4020 704 4009
f 4032 731 734
f 4008 749 712
f 4021 4017 713
f 4021 4025 4017
f 4021 713 708
f 4010 708 4020
f 4032 734 737
f 4019 4033 4016
f 4012 4011 4127
f 4027 4029 4014
f 4027 4014 4023
f 4008 4015 4016
f 4032 737 749
f 4032 4008 4016
f 4032 749 4008
f 4018 4021 708
f 4018 708 4010
f 4019 4016 4015
f 4019 4015 4017
f 4009 4010 4020
f 4009 4011 4012
f 4022 4018 4010
f 4024 4018 4023
f 4024 4021 4018
f 4013 4022 4010
f 4013 4010 4009
f 4013 4009 4012
f 4024 4023 4014
f 4022 4013 4012
f 4025 4024 4014
f 4025 4031 4033
f 4025 4014 4031
f 4025 4033 4019
f 4026 4023 4018
f 4026 4018 4022
f 4027 4023 4026
f 4025 4021 4024
f 4025 4019 4017
f 4028 4022 4012
f 4028 4026 4022
f 728 731 4032
f 4032 724 728
f 4045 722 721
f 4045 726 722
f 4045 719 726
f 4047 719 4045
f 4034 4016 4033
f 4034 4032 4016
f 4035 4029 4036
f 4035 4014 4029
f 4035 4031 4014
f 4045 721 724
f 4045 4034 4046
f 4035 4038 4031
f 4038 4036 4037
f 4038 4035 4036
f 4039 4038 4037
f 4041 4039 4040
f 4046 4041 4040
f 4044 4045 4046
f 4044 4046 4040
f 4044 4047 4045
f 4044 4042 4043
f 4043 4047 4044
f 4033 4031 4038
f 4045 4032 4034
f 4045 724 4032
f 4034 4033 4038
f 4041 4034 4038
f 4041 4046 4034
f 4041 4038 4039
f 4047 4049 719
f 4043 4048 4047
f 4049 4047 4048
f 4060 4052 4049
f 4060 4049 4048
f 4053 4088 4054
f 4053 4060 4048
f 4058 4055 4080
f 4057 4082 4050
f 4057 4050 4051
f 4057 4056 4082
f 4057 4063 4056
f 4030 4053 4048
f 4030 4088 4053
f 4030 4048 4043
f 4053 4061 4058
f 4059 4055 4058
f 4051 4059 4063
f 4051 4063 4057
f 4060 4080 4052
f 4060 4053 4058
f 4060 4058 4080
f 4061 4053 4054
f 4063 4058 4061
f 4063 4061 4062
f 4063 4059 4058
f 4063 4062 4056
f 4064 4065 348
f 348 4065 4067
f 4066 4065 4064
f 4065 4066 4068
f 4068 4067 4065
f 4068 4070 4067
f 4068 4072 4070
f 4067 4073 345
f 4070 4073 4067
f 4070 4074 4073
f 4069 4071 4078
f 4072 4074 4070
f 4072 4075 4074
f 4069 4075 4072
f 4069 4078 4075
f 4071 4080 4078
f 4077 4080 4071
f 4074 4081 4073
f 4074 4075 4081
f 346 345 355
f 4073 355 345
f 4049 4079 718
f 4059 4078 4055
f 355 4081 4050
f 4073 4081 355
f 4077 4052 4080
f 4076 4052 4077
f 4050 4081 4051
f 4080 4055 4078
f 4079 4052 4076
f 4078 4081 4075
f 4049 4052 4079
f 4078 4051 4081
f 4059 4051 4078
f 4076 741 4079
f 4076 744 741
f 4076 4077 744
f 4077 747 744
f 4077 4071 747
f 4071 751 747
f 4071 754 751
f 4071 4069 754
f 754 4069 757
f 4069 760 757
f 4069 4072 760
f 760 4072 763
f 4072 4068 763
f 763 4068 766
f 766 4066 769
f 4068 4066 766
f 769 4064 772
f 4066 4064 769
f 772 4064 775
f 775 4064 778
f 778 4064 781
f 4064 348 781
f 781 348 784
f 784 348 787
f 787 348 790
f 348 349 790
f 790 349 793
f 793 349 796
f 349 343 796
f 796 343 799
f 799 343 802
f 343 344 802
f 802 344 805
f 805 344 808
f 808 344 811
f 811 344 815
f 344 340 815
f 815 340 818
f 818 340 821
f 340 337 821
f 821 337 824
f 824 337 827
f 337 339 827
f 827 339 830
f 830 336 833
f 339 336 830
f 336 836 833
f 336 338 836
f 338 839 836
f 338 842 839
f 338 341 842
f 341 845 842
f 341 342 845
f 4084 4036 4029
f 4044 4040 4042
f 4087 4086 4119
f 4082 4092 4083
f 4089 4092 4091
f 4083 4092 4089
f 4091 4092 4085
f 4085 4092 4062
f 4085 4090 4091
f 4062 4092 4056
f 4056 4092 4082
f 4090 4093 4087
f 4085 4093 4090
f 4087 4093 4086
f 4086 4093 4094
f 4062 4093 4085
f 4061 4095 4062
f 4062 4095 4093
f 4093 4095 4094
f 4086 4096 4119
f 4095 4054 4094
f 4094 4054 4088
f 4061 4054 4095
f 4084 4097 4036
f 4096 4097 4084
f 4086 4097 4096
f 4036 4097 4037
f 4094 4097 4086
f 4094 4098 4097
f 4097 4098 4037
f 4037 4098 4039
f 4088 4098 4094
f 4030 4098 4088
f 4039 4099 4040
f 4098 4099 4039
f 4043 4099 4030
f 4030 4099 4098
f 4042 4099 4043
f 4040 4099 4042
f 4091 4100 4089
f 4090 4101 4091
f 1700 3995 1679
f 1700 4102 3995
f 3995 4102 3996
f 3996 4102 3997
f 3997 4102 4103
f 4103 4102 4104
f 3997 4106 4005
f 4005 4106 3998
f 4103 4106 3997
f 1700 4105 4102
f 4102 4105 4104
f 1701 4105 1700
f 4006 4108 3999
f 4104 4105 4100
f 1701 4109 4105
f 4105 4109 4100
f 4106 4111 4107
f 4107 4111 4112
f 4104 4111 4103
f 4103 4111 4106
f 4007 4110 4001
f 4100 4109 4089
f 4083 4109 359
f 4089 4109 4083
f 359 4109 1701
f 4004 4113 4011
f 4110 4113 4001
f 4091 4114 4100
f 4101 4114 4091
f 4111 4114 4112
f 4112 4114 4101
f 4104 4114 4111
f 4100 4114 4104
f 4110 4123 4113
f 4115 4116 4117
f 4112 4116 4118
f 4118 4116 4115
f 4101 4116 4112
f 4116 4087 4117
f 4090 4087 4101
f 4101 4087 4116
f 4087 4119 4117
f 4028 4120 4026
f 4026 4120 4027
f 4027 4120 4029
f 4029 4120 4084
f 4006 4107 4108
f 3998 4107 4006
f 4106 4107 3998
f 4108 4121 3999
f 3999 4121 4007
f 4007 4121 4110
f 4112 4118 4107
f 4107 4118 4108
f 4108 4118 4121
f 4110 4122 4123
f 4118 4122 4121
f 4121 4122 4110
f 4011 4124 4127
f 4113 4124 4011
f 4123 4124 4113
f 4115 4125 4118
f 4122 4125 4123
f 4118 4125 4122
f 4123 4125 4126
f 4123 4127 4124
f 4126 4127 4123
f 4115 4129 4125
f 4125 4129 4126
f 4117 4129 4115
f 4126 4129 4128
f 4119 4129 4117
f 4128 4129 4119
f 4012 4130 4028
f 4127 4130 4012
f 4126 4130 4127
f 4128 4130 4126
f 4028 4130 4120
f 4120 4130 4128
f 4096 4131 4119
f 4084 4131 4096
f 4119 4131 4128
f 4128 4131 4120
f 4120 4131 4084
f 1679 3995 358
f 3995 362 358
f 362 3997 363
f 3996 3997 362
f 3997 4005 363
f 376 446 444
f 4006 4132 3998
f 4000 4132 4006
f 376 4134 446
f 4000 4133 4132
f 373 4134 376
f 4007 4133 4000
f 366 4133 368
f 373 4135 4134
f 4133 4136 368
f 4007 4136 4133
f 446 4135 448
f 4134 4135 446
f 368 4137 370
f 4136 4137 368
f 4002 4137 4007
f 4007 4137 4136
f 4003 4139 4001
f 449 4139 4003
f 3998 4140 4005
f 4005 4140 363
f 4132 4140 3998
f 363 4140 364
f 364 4140 366
f 366 4140 4133
f 4133 4140 4132
f 4135 4141 4138
f 370 4141 373
f 373 4141 4135
f 4137 4141 370
f 4138 4141 4137
f 4138 4142 4135
f 4135 4142 448
f 4137 4002 4138
f 4139 4002 4001
f 448 4142 449
f 449 4142 4139
f 4002 4142 4138
f 4139 4142 4002
f 941 939 1580
f 1580 939 1583
f 1583 937 1587
f 939 937 1583
f 1587 934 1591
f 937 934 1587
f 1591 931 1595
f 1595 931 1599
f 934 931 1591
f 931 929 1599
f 1599 927 1603
f 929 927 1599
f 1603 924 1607
f 927 924 1603
f 1607 922 1611
f 924 922 1607
f 1611 920 1616
f 1616 920 1619
f 922 920 1611
f 1619 918 1623
f 920 918 1619
f 918 914 1623
f 914 912 1623
f 1623 912 1627
f 1627 912 1631
f 912 910 1631
f 910 907 1631
f 1631 907 1635
f 1635 907 1640
f 907 904 1640
f 904 903 1640
f 1640 903 1642
f 1642 903 1638
f 903 905 1638
f 1638 905 1634
f 905 909 1634
f 909 911 1634
f 1634 911 1630
f 911 913 1630
f 1630 913 1626
f 913 916 1626
f 1626 916 1622
f 1622 916 1618
f 916 919 1618
f 1618 921 1614
f 919 921 1618
f 1614 921 1610
f 1610 923 1606
f 921 923 1610
f 923 925 1606
f 1606 928 1602
f 925 928 1606
f 1602 930 1598
f 928 930 1602
f 1598 933 1594
f 930 933 1598
f 1594 935 1590
f 933 935 1594
f 1590 938 1586
f 1586 938 1582
f 935 938 1590
f 938 940 1582
f 1582 943 1577
f 1577 943 1570
f 940 943 1582
f 943 945 1570
f 1570 948 1565
f 1565 948 1558
f 945 948 1570
f 1558 950 1552
f 948 950 1558
f 950 952 1552
f 952 954 1552
f 1552 954 1540
f 954 958 1540
f 1540 958 1536
f 958 961 1536
f 1536 961 1532
f 961 963 1532
f 1532 963 1528
f 963 966 1528
f 1528 966 1526
f 966 970 1526
f 1526 970 1522
f 970 973 1522
f 1522 973 1518
f 973 976 1518
f 1518 976 1516
f 976 979 1516
f 1516 979 1512
f 979 983 1512
f 1512 983 1506
f 983 986 1506
f 1506 986 1501
f 986 989 1501
f 1501 989 1499
f 989 993 1499
f 1499 993 1494
f 993 995 1494
f 1494 995 1490
f 995 996 1490
f 1490 996 1485
f 996 997 1485
f 1485 997 1481
f 997 1003 1481
f 1481 1003 1478
f 1003 1004 1478
f 1478 1004 1474
f 1474 1004 1470
f 1004 1006 1470
f 1006 1010 1470
f 1470 1010 1467
f 1010 1013 1467
f 1467 1013 1461
f 1461 1017 1457
f 1013 1017 1461
f 1457 1021 1454
f 1017 1021 1457
f 1454 1025 1451
f 1451 1025 1448
f 1021 1025 1454
f 1025 1029 1448
f 1029 1033 1448
f 1448 1033 1445
f 1033 1037 1445
f 1445 1037 1442
f 1037 1039 1442
f 1442 1039 1437
f 1437 1039 1433
f 1039 1043 1433
f 1433 1043 1427
f 1043 1056 1427
f 1056 1057 1427
f 1427 1057 1423
f 1057 1058 1423
f 1423 1058 1419
f 1419 1058 1415
f 1058 1059 1415
f 1059 1063 1415
f 1415 1063 1411
f 1411 1063 1407
f 1063 1067 1407
f 1067 1071 1407
f 1407 1071 1403
f 1071 1075 1403
f 1403 1075 1399
f 1399 1079 1395
f 1075 1079 1399
f 1395 1083 1391
f 1079 1083 1395
f 1391 1087 1387
f 1083 1087 1391
f 1387 1091 1383
f 1087 1091 1387
f 1383 1095 1379
f 1091 1095 1383
f 1379 1099 1376
f 1095 1099 1379
f 1376 1097 1380
f 1099 1097 1376
f 1380 1093 1384
f 1097 1093 1380
f 1384 1089 1388
f 1093 1089 1384
f 1388 1085 1392
f 1089 1085 1388
f 1392 1081 1396
f 1085 1081 1392
f 1396 1077 1400
f 1081 1077 1396
f 1400 1073 1404
f 1077 1073 1400
f 1404 1069 1408
f 1073 1069 1404
f 1069 1065 1408
f 1408 1065 1412
f 1065 1061 1412
f 1412 1061 1416
f 1061 1054 1416
f 1416 1054 1420
f 1054 1052 1420
f 1420 1052 1424
f 1424 1050 1428
f 1052 1050 1424
f 1428 1048 1434
f 1050 1048 1428
f 1434 1046 1438
f 1048 1046 1434
f 1438 1041 1443
f 1046 1041 1438
f 1443 1035 1446
f 1041 1035 1443
f 1446 1031 1449
f 1035 1031 1446
f 1449 1027 1452
f 1031 1027 1449
f 1452 1023 1455
f 1027 1023 1452
f 1455 1019 1459
f 1023 1019 1455
f 1459 1015 1465
f 1019 1015 1459
f 1465 1012 1468
f 1015 1012 1465
f 1468 1008 1472
f 1012 1008 1468
f 1472 1005 1475
f 1008 1005 1472
f 1475 1001 1479
f 1005 1001 1475
f 1479 1000 1482
f 1001 1000 1479
f 1482 1002 1486
f 1000 1002 1482
f 1486 992 1491
f 1002 992 1486
f 1491 990 1495
f 1495 990 1497
f 992 990 1491
f 990 987 1497
f 1497 984 1502
f 1502 984 1507
f 987 984 1497
f 984 981 1507
f 1507 981 1509
f 981 977 1509
f 977 974 1509
f 1509 974 1510
f 974 971 1510
f 1510 971 1555
f 1555 971 1556
f 971 968 1556
f 1556 968 1560
f 968 964 1560
f 964 962 1560
f 1560 962 1561
f 1561 962 1563
f 962 959 1563
f 1563 959 1566
f 959 956 1566
f 956 953 1566
f 1566 953 1568
f 1568 953 1572
f 953 951 1572
f 951 949 1572
f 1572 949 1573
f 1573 949 1575
f 1575 947 1578
f 949 947 1575
f 947 944 1578
f 1578 941 1580
f 944 941 1578
f 4143 266 150
f 4143 4144 266
f 4146 201 204
f 4146 4145 201
f 4146 204 206
f 4146 206 207
f 4146 207 210
f 4146 210 212
f 4147 212 214
f 4147 4146 212
f 4147 214 216
f 4147 216 217
f 4147 217 220
f 4147 220 222
f 4147 222 224
f 4148 224 226
f 4148 4147 224
f 4148 226 228
f 4148 228 230
f 4148 230 232
f 4149 232 234
f 4149 4148 232
f 4149 234 236
f 4149 236 238
f 4150 4149 238
f 4150 238 240
f 4150 240 242
f 4150 242 252
f 4151 4150 252
f 4151 252 254
f 4152 4151 254
f 4153 4152 254
f 4153 254 256
f 4154 4153 256
f 4155 256 258
f 4155 4154 256
f 4156 4155 258
f 4156 258 261
f 4157 4156 261
f 4157 261 260
f 4157 260 263
f 4158 4157 263
f 4158 263 265
f 4144 4158 265
f 4144 265 266
f 4145 136 201
f 4145 4159 136
f 4160 4143 150
f 4161 150 147
f 4161 4160 150
f 4161 147 145
f 4162 4161 145
f 4162 145 143
f 4163 4162 143
f 4163 143 142
f 4164 4163 142
f 4164 142 138
f 4165 4164 138
f 4165 138 132
f 4166 4165 132
f 4167 132 123
f 4167 4166 132
f 4168 123 113
f 4168 4167 123
f 4168 113 109
f 4169 4168 109
f 4169 109 105
f 4169 105 101
f 4169 101 97
f 4170 4169 97
f 4170 97 94
f 4170 94 90
f 4170 90 92
f 4170 92 96
f 4171 4170 96
f 4171 96 99
f 4171 99 104
f 4171 104 108
f 4172 4171 108
f 4172 108 111
f 4172 111 115
f 4172 115 117
f 4172 117 119
f 4172 119 121
f 4159 121 124
f 4159 4172 121
f 4159 124 125
f 4159 125 129
f 4159 129 131
f 4159 131 134
f 4159 134 136
f 4166 4164 4165
f 4143 4160 4161
f 4143 4161 4162
f 4168 4166 4167
f 4168 4163 4164
f 4168 4164 4166
f 4168 4162 4163
f 4172 4169 4170
f 4172 4170 4171
f 4159 4162 4168
f 4159 4168 4169
f 4159 4169 4172
f 4159 4143 4162
f 4157 4158 4144
f 4156 4157 4144
f 4155 4156 4144
f 4154 4155 4144
f 4153 4154 4144
f 4152 4153 4144
f 4145 4143 4159
f 4145 4144 4143
f 4146 4144 4145
f 4147 4144 4146
f 4150 4152 4144
f 4150 4151 4152
f 4149 4150 4144
f 4149 4144 4147
f 4149 4147 4148
f 4175 4173 4176
f 4177 4178 4174
f 4177 4174 4179
f 4177 4179 4180
f 4181 4173 4175
f 4181 4180 4173
f 4183 4181 4182
f 4186 4180 4181
f 4186 4183 4184
f 4186 4184 4185
f 4186 4177 4180
f 4186 4181 4183
f 4189 4188 4187
f 4190 4189 4187
f 4193 4191 4190
f 4192 4177 4186
f 4192 4187 4177
f 4197 4193 4190
f 4197 4194 4193
f 4195 4187 4192
f 4195 4190 4187
f 4198 4195 4196
f 4200 4197 4190
f 4199 4190 4195
f 4199 4195 4198
f 4199 4200 4190
f 4209 4205 4208
f 4211 4209 4210
f 4211 4202 4203
f 4211 4203 4205
f 4211 4205 4209
f 4212 4202 4211
f 4212 4201 4202
f 4214 4212 4213
f 4214 4204 4201
f 4214 4201 4212
f 4214 4206 4204
f 4214 4207 4206
f 4217 4216 4215
f 4219 4218 4217
f 4221 4219 4217
f 4221 4220 4219
f 4222 4207 4214
f 4222 4215 4207
f 4224 4215 4222
f 4225 4226 4223
f 4227 4223 4221
f 4227 4228 4225
f 4227 4225 4223
f 4229 4215 4224
f 4229 4217 4215
f 4230 4227 4221
f 4232 4231 4230
f 4232 4230 4221
f 4232 4229 4233
f 4232 4221 4217
f 4232 4217 4229
f 4195 151 153
f 4195 4192 151
f 4195 153 156
f 4195 156 158
f 4196 158 160
f 4196 4195 158
f 4196 160 161
f 4196 161 164
f 4196 164 165
f 4198 165 168
f 4198 4196 165
f 4198 168 170
f 4198 170 173
f 4198 173 174
f 4198 174 175
f 4199 175 178
f 4199 4198 175
f 4199 178 180
f 4199 180 182
f 4199 182 183
f 4200 183 185
f 4200 4199 183
f 4200 185 187
f 4200 187 190
f 4200 190 191
f 4200 191 245
f 4197 4200 245
f 4197 245 247
f 4194 4197 247
f 4193 247 249
f 4193 4194 247
f 4193 249 250
f 4191 4193 250
f 4190 250 241
f 4190 4191 250
f 4190 241 243
f 4190 243 237
f 4190 237 239
f 4189 4190 239
f 4189 239 235
f 4189 235 233
f 4189 233 231
f 4189 231 229
f 4189 229 227
f 4188 4189 227
f 4188 227 225
f 4188 225 223
f 4188 223 221
f 4188 221 218
f 4188 218 219
f 4188 219 215
f 4187 215 211
f 4187 4188 215
f 4187 211 213
f 4187 213 209
f 4187 209 208
f 4187 208 203
f 4187 203 205
f 4187 205 202
f 4192 74 151
f 4192 4186 74
f 4178 133 135
f 4178 4177 133
f 4178 135 128
f 4178 128 130
f 4178 130 126
f 4174 126 120
f 4174 4178 126
f 4174 120 122
f 4174 122 118
f 4174 118 116
f 4174 116 114
f 4179 114 112
f 4179 4174 114
f 4179 112 107
f 4179 107 103
f 4179 103 100
f 4179 100 95
f 4180 4179 95
f 4180 95 93
f 4180 93 89
f 4180 89 91
f 4180 91 98
f 4180 98 102
f 4180 102 106
f 4173 4180 106
f 4173 106 76
f 4176 4173 76
f 4176 76 75
f 4175 4176 75
f 4175 75 63
f 4181 4175 63
f 4181 63 47
f 4182 4181 47
f 4183 4182 47
f 4183 47 43
f 4183 43 39
f 4183 39 35
f 4183 35 34
f 4183 34 32
f 4184 4183 32
f 4184 32 38
f 4184 38 42
f 4184 42 46
f 4184 46 49
f 4185 4184 49
f 4185 49 51
f 4185 51 53
f 4185 53 56
f 4185 56 58
f 4186 58 59
f 4186 4185 58
f 4186 59 61
f 4186 61 64
f 4186 64 67
f 4186 67 70
f 4186 70 72
f 4186 72 74
f 4177 202 133
f 4177 4187 202
f 4224 4222 81
f 4224 81 83
f 4229 83 87
f 4229 4224 83
f 4233 4229 87
f 4233 87 88
f 4232 4233 88
f 4232 88 140
f 4231 4232 140
f 4231 140 194
f 4230 4231 194
f 4227 4230 194
f 4228 4227 194
f 4225 194 195
f 4225 4228 194
f 4226 4225 195
f 4223 4226 195
f 4221 4223 195
f 4221 195 197
f 4220 197 198
f 4220 4221 197
f 4219 198 192
f 4219 4220 198
f 4219 192 188
f 4218 4219 188
f 4218 188 189
f 4218 189 186
f 4218 186 184
f 4218 184 181
f 4218 181 179
f 4218 179 176
f 4217 4218 176
f 4217 176 177
f 4217 177 172
f 4217 172 169
f 4216 4217 169
f 4216 169 171
f 4216 171 166
f 4216 166 167
f 4216 167 162
f 4215 162 163
f 4215 4216 162
f 4215 163 157
f 4215 157 159
f 4215 159 154
f 4215 154 155
f 4215 155 152
f 4222 19 81
f 4222 4214 19
f 4206 71 73
f 4206 4207 71
f 4206 73 66
f 4206 66 68
f 4206 68 65
f 4206 65 62
f 4206 62 60
f 4204 60 57
f 4204 4206 60
f 4204 57 54
f 4204 54 55
f 4204 55 48
f 4204 48 50
f 4204 50 45
f 4201 4204 45
f 4201 45 41
f 4201 41 37
f 4201 37 31
f 4201 31 33
f 4202 33 36
f 4202 4201 33
f 4202 36 40
f 4202 40 44
f 4202 44 30
f 4202 30 28
f 4203 4202 28
f 4205 4203 28
f 4205 28 26
f 4208 26 15
f 4208 4205 26
f 4209 4208 15
f 4209 15 7
f 4210 4209 7
f 4210 7 4
f 4211 4210 4
f 4211 4 2
f 4211 2 6
f 4212 4211 6
f 4212 6 9
f 4213 4212 9
f 4214 9 10
f 4214 4213 9
f 4214 10 16
f 4214 16 19
f 4207 152 71
f 4207 4215 152
