# Render LOD; unchanged CAD body-local coordinates in mm
v 47.4111749 43.6621694 122.9957152
v 50.6098425 46.8610463 116.9999054
v 46.8268292 43.0778354 122.2963495
v 48.0096918 44.2608927 123.8796056
v 46.2081155 42.4594754 121.6934710
v 48.4017615 44.6527670 124.5844290
v 45.5433321 41.7942008 121.1723453
v 48.8152130 45.0661956 125.4835454
v 44.8415873 41.0926012 120.7437035
v 49.1665987 45.4175540 126.4428047
v 42.5485923 38.7997961 118.4999710
v 44.1182539 40.3692259 120.4164191
v 43.4198035 39.6707770 120.2027508
v 50.6098425 46.8610463 130.4999496
v 49.6614879 45.9124582 128.4812218
v 49.4497312 45.7007409 127.4456374
v 42.5487970 38.7999445 120.0552346
v 49.8141894 46.0653968 129.6962333
v 49.8591850 46.1103888 130.4999496
v 41.7002039 37.9514077 120.0664088
v 41.1260155 37.3772236 120.1385915
v 41.7002039 37.9514077 118.4999710
v 40.2718461 36.5228132 120.3655040
v 39.5450674 35.7960748 120.6729975
v 33.6389537 29.8901575 116.9999054
v 38.8361574 35.0871158 121.0839410
v 38.1651626 34.4165120 121.5862790
v 37.5315829 33.7824743 122.1808953
v 37.0362758 33.2874774 122.7418591
v 36.4173881 32.6683805 123.5959077
v 35.9285121 32.1794946 124.4279325
v 35.5030937 31.7543525 125.3175735
v 35.1435537 31.3948182 126.2568971
v 34.8480419 31.0990527 127.2498709
v 33.6389537 29.8901575 130.4999496
v 34.4566490 30.7077469 129.4140027
v 34.3896112 30.6408150 130.4999496
v 43.9630930 37.3858153 118.4999710
v 43.1141847 36.5369070 118.4999710
v 45.2356757 34.4159358 120.4998764
v 46.0840642 35.2643243 120.4998764
v 42.4071943 37.2444173 121.0680003
v 45.2352760 34.4149626 121.0664984
v 35.8046317 30.6418547 130.4999496
v 41.7958933 36.6360828 121.1515315
v 40.9649932 35.8012664 121.4048349
v 40.3197580 35.1563849 121.7028167
v 39.7100384 34.5461188 122.0808601
v 39.1192882 33.9553851 122.5476106
v 38.5689466 33.4048722 123.0840085
v 37.9743890 32.8161030 123.7881200
v 37.4008106 32.2387775 124.6713547
v 37.0034917 31.8411699 125.4248121
v 36.6540768 31.4919135 126.2340623
v 36.3587921 31.1964859 127.0914604
v 36.1238495 30.9611472 127.9897462
v 34.6223278 30.8736550 128.2794272
v 35.9524417 30.7899836 128.9042174
v 35.8481515 30.6852385 129.7658582
v 49.8581453 44.6953683 130.4999496
v 43.2555827 38.0928057 121.0680003
v 49.8027263 44.6432771 129.6260964
v 49.6330049 44.4696021 128.4468890
v 49.4283520 44.2645525 127.5321508
v 49.1679916 44.0037796 126.6688519
v 48.8425205 43.6785053 125.8271431
v 48.4650337 43.3012592 125.0383709
v 47.9715033 42.8132276 124.1985914
v 47.3577065 42.1963047 123.3812702
v 46.8276566 41.6654884 122.8109786
v 46.2538469 41.0910115 122.3054499
v 45.6596136 40.4970177 121.8865019
v 45.0318898 39.8692321 121.5468794
v 44.3791514 39.2164958 121.2923913
v 43.7214165 38.5581142 121.1277767
v 39.9530296 27.7273292 130.4999482
v 39.3499523 27.5170323 130.4999543
v 39.0064832 27.5722810 130.4999524
v 38.7161604 27.7360520 130.4999489
v 40.7566836 28.5224430 130.4999496
v 33.0166982 33.4817728 130.4999496
v 33.0177379 33.4074348 130.4999496
v 33.0146188 33.3325770 130.4999496
v 33.0120196 33.5566306 130.4999496
v 33.0083807 33.2577192 130.4999496
v 33.0037021 33.6309685 130.4999496
v 32.9979838 33.1839011 130.4999496
v 32.9917456 33.7047866 130.4999496
v 32.9844678 33.1106028 130.4999496
v 32.9761502 33.7780849 130.4999496
v 32.9667930 33.0378244 130.4999496
v 32.9563961 33.8503435 130.4999496
v 32.9454793 32.9660856 130.4999496
v 32.9335229 33.9215624 130.4999496
v 32.9210466 32.8953866 130.4999496
v 32.9070107 33.9912217 130.4999496
v 32.8924550 32.8262471 130.4999496
v 32.8773795 34.0598414 130.4999496
v 32.8612643 32.7581473 130.4999496
v 32.8441094 34.1269015 130.4999496
v 32.8259148 32.6921269 130.4999496
v 32.7879660 32.6276660 130.4999496
v 32.7463784 32.5652845 130.4999496
v 32.7021915 32.5055022 130.4999496
v 32.6548855 32.4472794 130.4999496
v 32.6044604 32.3921758 130.4999496
v 32.5514361 32.3391515 130.4999496
v 32.4963325 32.2887264 130.4999496
v 32.4381097 32.2414205 130.4999496
v 32.3783275 32.1972336 130.4999496
v 32.3159460 32.1556459 130.4999496
v 32.2514851 32.1176972 130.4999496
v 32.1854646 32.0828675 130.4999496
v 32.1173648 32.0511569 130.4999496
v 33.4164597 29.6983344 130.4999496
v 33.3358836 29.6416712 130.4999496
v 33.4939167 29.7586365 130.4999496
v 33.5682547 29.8225776 130.4999496
v 32.0482253 32.0230852 130.4999496
v 33.0801194 29.4966342 130.4999496
v 32.9901861 29.4566061 130.4999496
v 33.1674535 29.5408211 130.4999496
v 33.2532281 29.5891668 130.4999496
v 31.9775263 31.9981326 130.4999496
v 32.6148573 29.3427598 130.4999496
v 32.5181660 29.3261248 130.4999496
v 32.7110288 29.3645934 130.4999496
v 32.8056408 29.3905856 130.4999496
v 32.8986932 29.4212566 130.4999496
v 32.5784681 34.4866348 130.4999496
v 31.9177440 37.3613826 130.4999496
v 32.5244042 34.5380996 130.4999496
v 32.4677410 34.5869651 130.4999496
v 32.4084785 34.6327115 130.4999496
v 32.3471367 34.6758587 130.4999496
v 32.2837155 34.7153670 130.4999496
v 32.2187348 34.7522761 130.4999496
v 32.1516747 34.7855462 130.4999496
v 32.0830550 34.8151774 130.4999496
v 32.0133957 34.8416896 130.4999496
v 31.9421768 34.8645628 130.4999496
v 32.8072003 34.1918822 130.4999496
v 32.7676920 34.2553034 130.4999496
v 32.7245448 34.3166452 130.4999496
v 32.6787984 34.3759077 130.4999496
v 32.6299329 34.4325709 130.4999496
v 32.2249729 29.3048111 130.4999496
v 31.9057876 31.9768189 130.4999496
v 32.1267221 29.3068905 130.4999496
v 32.3232238 29.3068905 130.4999496
v 32.4209548 29.3141683 130.4999496
v 31.8699182 34.8837971 130.4999496
v 31.9312600 29.3261248 130.4999496
v 31.8335290 31.9596640 130.4999496
v 31.8345687 29.3427598 130.4999496
v 32.0289910 29.3141683 130.4999496
v 31.7389170 29.3645934 130.4999496
v 31.6443051 29.3905856 130.4999496
v 31.7597109 31.9456282 130.4999496
v 31.5512527 29.4212566 130.4999496
v 31.4597598 29.4566061 130.4999496
v 31.3698265 29.4966342 130.4999496
v 31.2819725 29.5408211 130.4999496
v 31.6858928 31.9352312 130.4999496
v 31.1967178 29.5891668 130.4999496
v 31.1135424 29.6416712 130.4999496
v 31.6110349 31.9289931 130.4999496
v 31.0334862 29.6983344 130.4999496
v 30.9560291 29.7586365 130.4999496
v 30.9518704 36.3955089 130.4999496
v 31.7966199 34.8999123 130.4999496
v 31.7228018 34.9118688 130.4999496
v 31.6484638 34.9201863 130.4999496
v 31.5736060 34.9248649 130.4999496
v 31.4992681 34.9259046 130.4999496
v 31.4244103 34.9227855 130.4999496
v 31.3500723 34.9165474 130.4999496
v 31.2757343 34.9061505 130.4999496
v 31.2024361 34.8921146 130.4999496
v 31.1296577 34.8749597 130.4999496
v 31.0579189 34.8536460 130.4999496
v 30.9872199 34.8286934 130.4999496
v 30.9180804 34.8006218 130.4999496
v 30.8816912 29.8225776 130.4999496
v 30.8499806 34.7689112 130.4999496
v 30.8167104 32.0995025 130.4999496
v 30.8104723 29.8901575 130.4999496
v 30.8837706 32.0662324 130.4999496
v 30.9523902 32.0366012 130.4999496
v 31.0225694 32.0100891 130.4999496
v 31.0937883 31.9872158 130.4999496
v 31.1660469 31.9679815 130.4999496
v 31.2388253 31.9518663 130.4999496
v 31.3126434 31.9399099 130.4999496
v 31.3869814 31.9315923 130.4999496
v 31.4618392 31.9269137 130.4999496
v 31.5366970 31.9258740 130.4999496
v 30.7839601 34.7340815 130.4999496
v 30.7517297 32.1364116 130.4999496
v 30.7194993 34.6961327 130.4999496
v 30.6883085 32.1759199 130.4999496
v 30.6576376 34.6545451 130.4999496
v 30.6269667 32.2190671 130.4999496
v 30.5973355 34.6103582 130.4999496
v 30.5682241 32.2648135 130.4999496
v 28.3360059 32.3651438 130.4999496
v 30.0317431 33.2208101 130.4999496
v 30.0436996 33.1469920 130.4999496
v 30.0598148 33.0736937 130.4999496
v 30.0790491 33.0014352 130.4999496
v 30.1019223 32.9302163 130.4999496
v 30.1284345 32.8605569 130.4999496
v 30.1580657 32.7919373 130.4999496
v 30.1918557 32.7248771 130.4999496
v 30.2282449 32.6598964 130.4999496
v 30.2677532 32.5964752 130.4999496
v 30.3109004 32.5351334 130.4999496
v 30.3566468 32.4758710 130.4999496
v 30.4055123 32.4192078 130.4999496
v 30.4569771 32.3651438 130.4999496
v 30.5115609 32.3136790 130.4999496
v 28.3360059 35.1936252 130.4999496
v 30.5391127 34.5630522 130.4999496
v 30.4840091 34.5126271 130.4999496
v 30.4309848 34.4596029 130.4999496
v 30.3810796 34.4044992 130.4999496
v 30.3332538 34.3462765 130.4999496
v 30.2890669 34.2864942 130.4999496
v 30.2474792 34.2241127 130.4999496
v 30.2095304 34.1596518 130.4999496
v 30.1747008 34.0936314 130.4999496
v 30.1429902 34.0255315 130.4999496
v 30.1149185 33.9563920 130.4999496
v 30.2448800 37.1030192 130.4999496
v 28.2679061 32.4363627 130.4999496
v 28.2679061 35.1224064 130.4999496
v 28.2039650 32.5107006 130.4999496
v 30.0234256 33.2951481 130.4999496
v 28.2039650 35.0480684 130.4999496
v 28.1436629 34.9706114 130.4999496
v 30.0899659 33.8856930 130.4999496
v 28.1436629 32.5881577 130.4999496
v 30.0187470 33.3700059 130.4999496
v 28.0869997 32.6682139 130.4999496
v 28.0869997 34.8905551 130.4999496
v 28.0344953 34.8078996 130.4999496
v 28.0344953 32.7513893 130.4999496
v 27.9861496 34.7221250 130.4999496
v 30.0686522 33.8139543 130.4999496
v 27.9861496 32.8366440 130.4999496
v 27.9419627 34.6347909 130.4999496
v 27.9419627 32.9244980 130.4999496
v 30.0177073 33.4443438 130.4999496
v 27.9024544 34.5448576 130.4999496
v 27.9024544 33.0139115 130.4999496
v 27.8671049 33.1059242 130.4999496
v 27.8671049 34.4533647 130.4999496
v 30.0514973 33.7411758 130.4999496
v 27.8359141 33.1989766 130.4999496
v 30.0208264 33.5192017 130.4999496
v 27.8359141 34.3597924 130.4999496
v 27.8099218 33.2935885 130.4999496
v 27.8099218 34.2651805 130.4999496
v 27.7886082 33.3892402 130.4999496
v 27.7886082 34.1695289 130.4999496
v 27.7714532 34.0728375 130.4999496
v 30.0374615 33.6678776 130.4999496
v 27.7714532 33.4859315 130.4999496
v 30.0270645 33.5940595 130.4999496
v 27.7594968 33.9756263 130.4999496
v 27.7594968 33.5836625 130.4999496
v 27.7522189 33.8773755 130.4999496
v 27.7522189 33.6813936 130.4999496
v 27.7501396 33.7796444 130.4999496
v 52.9259393 41.4939443 130.4999516
v 52.9041257 40.7688328 130.4998523
v 52.9851275 41.1061143 130.4999547
v 52.7720940 41.7740550 130.4999612
v 52.7862537 40.5637273 130.4999247
v 51.9775570 39.7433164 130.4999496
v 50.6098425 49.6895277 130.4999496
v 48.5730863 49.0381608 130.4999496
v 48.5741260 48.9633030 130.4999496
v 48.5710069 48.8889651 130.4999496
v 50.7413635 49.5439709 130.4999496
v 50.8016656 49.4665138 130.4999496
v 50.6774224 49.6183088 130.4999496
v 48.5684077 49.1130186 130.4999496
v 48.5647688 48.8141072 130.4999496
v 50.9108332 49.3032822 130.4999496
v 50.9591789 49.2180275 130.4999496
v 50.8583288 49.3864576 130.4999496
v 48.5600901 49.1873566 130.4999496
v 51.0787434 48.9487473 130.4999496
v 48.5543718 48.7402891 130.4999496
v 51.1094144 48.8556949 130.4999496
v 51.0433939 49.0402402 130.4999496
v 51.0033658 49.1301735 130.4999496
v 48.5481337 49.2611747 130.4999496
v 48.5403360 48.6664710 130.4999496
v 51.1858317 48.4710090 130.4999496
v 51.1931095 48.3732779 130.4999496
v 51.1738752 48.5687400 130.4999496
v 51.1572402 48.6654313 130.4999496
v 51.1354066 48.7610830 130.4999496
v 48.5320185 49.3339531 130.4999496
v 48.5231811 48.5942124 130.4999496
v 51.1858317 48.0790452 130.4999496
v 51.1738752 47.9818340 130.4999496
v 51.1931095 48.1767762 130.4999496
v 51.1951889 48.2750271 130.4999496
v 48.5127842 49.4062117 130.4999496
v 48.5018674 48.5224737 130.4999496
v 51.0787434 47.6013068 130.4999496
v 51.0433939 47.5098139 130.4999496
v 51.1094144 47.6943592 130.4999496
v 51.1354066 47.7889712 130.4999496
v 51.1572402 47.8851427 130.4999496
v 48.4899109 49.4774306 130.4999496
v 50.9108332 47.2467719 130.4999496
v 48.4769148 48.4517747 130.4999496
v 50.8583288 47.1641164 130.4999496
v 50.9591789 47.3325465 130.4999496
v 51.0033658 47.4198806 130.4999496
v 48.4633988 49.5476098 130.4999496
v 48.4488431 48.3826352 130.4999496
v 50.6774224 46.9317453 130.4999496
v 50.7413635 47.0060833 130.4999496
v 50.8016656 47.0835403 130.4999496
v 48.4337676 49.6162294 130.4999496
v 48.4171325 48.3145354 130.4999496
v 48.4004975 49.6832896 130.4999496
v 48.3823028 48.2485149 130.4999496
v 48.3635884 49.7482703 130.4999496
v 48.3443541 48.1840540 130.4999496
v 48.3240801 49.8116915 130.4999496
v 48.3027664 48.1216725 130.4999496
v 48.2809329 49.8730333 130.4999496
v 48.2585795 48.0618903 130.4999496
v 48.2351865 49.9317759 130.4999496
v 48.2112736 48.0036675 130.4999496
v 48.1608485 47.9485639 130.4999496
v 48.1348562 52.1639941 130.4999496
v 48.1863210 49.9884391 130.4999496
v 48.1348562 50.0430229 130.4999496
v 48.1078242 47.8955396 130.4999496
v 48.0807922 50.0944877 130.4999496
v 48.0527206 47.8451145 130.4999496
v 48.0241290 50.1433532 130.4999496
v 47.9944978 47.7978085 130.4999496
v 47.9648666 50.1890996 130.4999496
v 47.9347155 47.7536216 130.4999496
v 47.9035248 50.2322468 130.4999496
v 47.8723340 47.7120340 130.4999496
v 47.8401036 50.2717551 130.4999496
v 47.8078731 47.6740852 130.4999496
v 47.7751229 50.3081443 130.4999496
v 47.7418527 47.6387357 130.4999496
v 47.7080627 50.3419343 130.4999496
v 47.6737529 47.6075450 130.4999496
v 47.6394431 50.3715655 130.4999496
v 47.6046134 47.5789534 130.4999496
v 47.5692639 50.3980777 130.4999496
v 47.5339144 47.5545207 130.4999496
v 47.4985648 50.4209509 130.4999496
v 47.4621756 47.5332070 130.4999496
v 47.4263063 50.4401852 130.4999496
v 47.3893972 47.5155322 130.4999496
v 47.3530080 50.4563004 130.4999496
v 47.3160989 47.5020162 130.4999496
v 48.0636373 52.2320939 130.4999496
v 47.2791899 50.4682569 130.4999496
v 47.9892994 52.2960350 130.4999496
v 47.2422808 47.4916193 130.4999496
v 47.9118423 52.3563371 130.4999496
v 47.2048519 50.4765744 130.4999496
v 47.8317861 52.4130003 130.4999496
v 47.1674230 47.4853812 130.4999496
v 47.7486107 52.4655047 130.4999496
v 47.1299941 50.4812530 130.4999496
v 47.6633560 52.5138504 130.4999496
v 47.5755020 52.5580373 130.4999496
v 47.0925652 47.4822621 130.4999496
v 47.4860885 52.5975456 130.4999496
v 47.0556562 50.4822927 130.4999496
v 47.3940758 52.6328951 130.4999496
v 47.3010234 52.6640859 130.4999496
v 47.0182272 47.4833018 130.4999496
v 47.2064115 52.6900782 130.4999496
v 46.9807983 50.4791736 130.4999496
v 47.1107598 52.7113918 130.4999496
v 47.0140685 52.7285468 130.4999496
v 46.9433694 47.4879804 130.4999496
v 46.9059405 50.4729355 130.4999496
v 46.9163375 52.7405032 130.4999496
v 46.8690315 47.4962979 130.4999496
v 46.8186064 52.7477811 130.4999496
v 46.7952134 47.5082544 130.4999496
v 46.7219151 47.5238498 130.4999496
v 46.7203556 52.7498604 130.4999496
v 46.8321224 50.4625385 130.4999496
v 46.6496565 47.5436039 130.4999496
v 46.6226245 52.7477811 130.4999496
v 46.5784376 47.5664771 130.4999496
v 46.5243737 52.7405032 130.4999496
v 46.5087783 47.5929893 130.4999496
v 46.4401586 47.6226205 130.4999496
v 46.4271625 52.7285468 130.4999496
v 46.7588242 50.4485027 130.4999496
v 46.3730985 47.6558906 130.4999496
v 46.3304711 52.7113918 130.4999496
v 46.2348195 52.6900782 130.4999496
v 46.1402076 52.6640859 130.4999496
v 46.0466353 52.6328951 130.4999496
v 46.6860457 50.4313478 130.4999496
v 45.9551424 52.5975456 130.4999496
v 45.8652091 52.5580373 130.4999496
v 45.7778750 52.5138504 130.4999496
v 46.6143070 50.4100341 130.4999496
v 45.6921004 52.4655047 130.4999496
v 45.6094449 52.4130003 130.4999496
v 45.5293886 52.3563371 130.4999496
v 46.5436080 50.3850815 130.4999496
v 45.4519316 52.2960350 130.4999496
v 45.3775936 52.2320939 130.4999496
v 45.3063748 52.1639941 130.4999496
v 46.4744685 50.3570098 130.4999496
v 46.4063686 50.3252992 130.4999496
v 46.3403482 50.2904696 130.4999496
v 46.2758873 50.2525208 130.4999496
v 46.2135058 50.2109331 130.4999496
v 46.1537235 50.1667462 130.4999496
v 46.0955008 50.1189204 130.4999496
v 46.0403971 50.0690152 130.4999496
v 45.9873729 50.0159909 130.4999496
v 45.9369478 49.9608873 130.4999496
v 45.8896418 49.9026645 130.4999496
v 44.1044911 49.5481296 130.4999496
v 45.8454549 49.8423624 130.4999496
v 45.8038673 49.7805007 130.4999496
v 45.7659185 49.7160399 130.4999496
v 45.7310888 49.6500194 130.4999496
v 45.6993782 49.5819196 130.4999496
v 45.6713066 49.5127801 130.4999496
v 45.6463540 49.4420811 130.4999496
v 45.6250403 49.3703423 130.4999496
v 45.6078854 49.2975639 130.4999496
v 45.5938495 49.2242657 130.4999496
v 45.5834526 49.1499277 130.4999496
v 45.5772145 49.0755897 130.4999496
v 45.5740954 49.0007319 130.4999496
v 45.5751351 48.9258741 130.4999496
v 45.5798137 48.8515362 130.4999496
v 45.5881312 48.7771982 130.4999496
v 45.6000877 48.7033801 130.4999496
v 45.6162029 48.6300818 130.4999496
v 43.3969808 50.2551200 130.4999496
v 43.1386174 48.5822560 130.4999496
v 45.6354372 48.5578232 130.4999496
v 45.6583104 48.4866043 130.4999496
v 45.6848226 48.4169450 130.4999496
v 45.7144538 48.3483253 130.4999496
v 45.7477239 48.2812652 130.4999496
v 45.7846330 48.2162845 130.4999496
v 45.8241413 48.1528633 130.4999496
v 45.8672885 48.0915215 130.4999496
v 45.9130349 48.0322590 130.4999496
v 45.9619004 47.9755958 130.4999496
v 46.0133652 47.9215319 130.4999496
v 46.0674291 47.8700671 130.4999496
v 46.1240923 47.8212016 130.4999496
v 46.1833548 47.7754552 130.4999496
v 46.2446966 47.7323080 130.4999496
v 46.3081178 47.6927997 130.4999496
v 26.0024177 41.3454814 130.4999496
v 24.8005340 38.7290971 130.4999496
v 26.7094081 40.6384910 130.4999496
v 24.5312539 41.9672171 130.4999496
v 24.5322935 41.8923593 130.4999496
v 24.5296943 41.8175015 130.4999496
v 24.5265752 42.0420749 130.4999496
v 24.5229363 41.7431635 130.4999496
v 24.5182577 42.1164129 130.4999496
v 24.5130592 41.6693454 130.4999496
v 24.5063012 42.1902310 130.4999496
v 24.4990234 41.5955273 130.4999496
v 26.9682914 42.3113551 130.4999496
v 24.4907059 42.2630094 130.4999496
v 24.4813486 41.5227489 130.4999496
v 24.4714716 42.3352680 130.4999496
v 24.4600350 41.4510102 130.4999496
v 24.4480785 42.4064869 130.4999496
v 24.4356022 41.3808310 130.4999496
v 24.4220862 42.4766661 130.4999496
v 24.4075305 41.3111716 130.4999496
v 24.3919352 42.5452857 130.4999496
v 24.3758199 41.2435916 130.4999496
v 24.3586650 42.6118260 130.4999496
v 24.3409903 41.1775712 130.4999496
v 24.3222758 42.6773266 130.4999496
v 24.3025217 41.1131103 130.4999496
v 24.2822477 42.7407478 130.4999496
v 24.2614538 41.0507288 130.4999496
v 24.2396203 42.8020896 130.4999496
v 24.2167471 40.9904267 130.4999496
v 24.1933540 42.8608322 130.4999496
v 24.1694411 40.9327238 130.4999496
v 24.1444885 42.9174954 130.4999496
v 24.1195359 40.8771003 130.4999496
v 24.0930238 42.9720792 130.4999496
v 24.0665116 40.8245959 130.4999496
v 24.0389598 43.0235439 130.4999496
v 24.0108881 40.7741708 130.4999496
v 23.9822966 43.0724095 130.4999496
v 23.9531852 40.7268648 130.4999496
v 23.8928831 40.6826779 130.4999496
v 23.8305016 40.6410903 130.4999496
v 23.7660407 40.6026217 130.4999496
v 23.7000203 40.5677920 130.4999496
v 23.6324403 40.5360814 130.4999496
v 24.6549772 38.5975761 130.4999496
v 23.5633008 40.5080097 130.4999496
v 24.5775201 38.5367541 130.4999496
v 24.7293151 38.6615171 130.4999496
v 23.4926018 40.4835770 130.4999496
v 24.4142885 38.4281063 130.4999496
v 24.3290338 38.3797607 130.4999496
v 24.4969440 38.4806108 130.4999496
v 24.1512465 38.2955456 130.4999496
v 23.4208630 40.4622633 130.4999496
v 24.0597536 38.2601961 130.4999496
v 24.2411798 38.3355738 130.4999496
v 23.7764376 38.1816994 130.4999496
v 23.3480846 40.4445885 130.4999496
v 23.6797463 38.1650643 130.4999496
v 23.8720893 38.2035329 130.4999496
v 23.9667012 38.2295252 130.4999496
v 23.4842842 38.1458300 130.4999496
v 23.2747863 40.4310725 130.4999496
v 23.3860334 38.1432308 130.4999496
v 23.5820153 38.1531079 130.4999496
v 23.2004484 40.4206756 130.4999496
v 23.2877825 38.1458300 130.4999496
v 23.1900515 38.1531079 130.4999496
v 23.1261104 40.4139176 130.4999496
v 23.0928403 38.1650643 130.4999496
v 22.9956291 38.1816994 130.4999496
v 22.8999775 38.2035329 130.4999496
v 22.8053655 38.2295252 130.4999496
v 23.0512526 40.4113184 130.4999496
v 22.7123131 38.2601961 130.4999496
v 22.6208202 38.2955456 130.4999496
v 22.5308869 38.3355738 130.4999496
v 22.9763948 40.4123581 130.4999496
v 22.4430329 38.3797607 130.4999496
v 22.3577782 38.4281063 130.4999496
v 22.2751227 38.4806108 130.4999496
v 22.9015370 40.4170367 130.4999496
v 23.5279513 43.3271339 130.4999496
v 22.2304160 47.0487106 130.4999496
v 23.4567324 43.3500072 130.4999496
v 23.3844738 43.3692415 130.4999496
v 23.3111756 43.3848368 130.4999496
v 23.2373574 43.3973131 130.4999496
v 23.1630195 43.4056307 130.4999496
v 23.0886815 43.4103093 130.4999496
v 23.0138237 43.4108291 130.4999496
v 22.1945466 38.5367541 130.4999496
v 22.1170896 38.5975761 130.4999496
v 22.8271990 40.4253542 130.4999496
v 22.0427516 38.6615171 130.4999496
v 21.9720526 40.8505882 130.4999496
v 21.9720526 38.7290971 130.4999496
v 22.0261165 40.7991234 130.4999496
v 22.0827797 40.7502579 130.4999496
v 22.1420422 40.7045115 130.4999496
v 22.2028641 40.6613643 130.4999496
v 22.2662853 40.6213361 130.4999496
v 22.3317859 40.5849469 130.4999496
v 22.3988460 40.5516768 130.4999496
v 22.4669458 40.5220456 130.4999496
v 22.5371250 40.4955334 130.4999496
v 22.6083439 40.4726602 130.4999496
v 22.6806025 40.4529061 130.4999496
v 22.7539008 40.4373107 130.4999496
v 21.9200680 40.9046521 130.4999496
v 21.8717223 40.9613153 130.4999496
v 23.0423838 47.8606790 130.4992596
v 21.7729516 49.1364117 130.4999496
v 21.0618024 45.5973009 130.4999496
v 22.9389659 43.4082299 130.4999496
v 22.8646279 43.4014719 130.4999496
v 22.7902900 43.3915948 130.4999496
v 22.7169917 43.3775590 130.4999496
v 22.6442133 43.3598842 130.4999496
v 22.5724746 43.3390904 130.4999496
v 22.5017755 43.3141378 130.4999496
v 22.4326360 43.2860661 130.4999496
v 22.3650561 43.2543555 130.4999496
v 22.2985158 43.2195258 130.4999496
v 22.2345747 43.1810573 130.4999496
v 22.1721932 43.1399894 130.4999496
v 22.1118911 43.0952827 130.4999496
v 22.0541882 43.0479767 130.4999496
v 21.9985647 42.9980715 130.4999496
v 20.2691821 47.6249413 130.4999483
v 20.1091006 47.3317141 130.4999501
v 20.2646562 46.4040965 130.4999588
v 20.1156729 46.6749473 130.4999514
v 20.0588287 46.9982368 130.4999506
v 19.4970663 44.0325648 130.4999496
v 21.9455404 42.9450472 130.4999496
v 21.8956352 42.8894237 130.4999496
v 21.8483292 42.8317208 130.4999496
v 21.8036225 42.7714187 130.4999496
v 21.7625547 42.7090372 130.4999496
v 21.7240861 42.6450961 130.4999496
v 21.6892564 42.5785559 130.4999496
v 21.6575458 42.5109759 130.4999496
v 19.4970663 41.2040834 130.4999496
v 21.5353820 42.0046460 130.4999496
v 21.5327828 41.9297882 130.4999496
v 21.5338225 41.8549304 130.4999496
v 21.5379813 41.7805924 130.4999496
v 21.5468186 41.7062545 130.4999496
v 21.5587751 41.6324364 130.4999496
v 21.5743705 41.5591381 130.4999496
v 21.5936048 41.4868795 130.4999496
v 21.6164780 41.4156606 130.4999496
v 21.6429901 41.3460013 130.4999496
v 21.6731412 41.2773816 130.4999496
v 21.7064113 41.2103215 130.4999496
v 21.7428005 41.1448209 130.4999496
v 21.7828287 41.0819196 130.4999496
v 21.8254560 41.0205778 130.4999496
v 19.4294863 43.9613459 130.4999496
v 19.4294863 41.2753022 130.4999496
v 19.3650255 43.8870080 130.4999496
v 19.3650255 41.3496402 130.4999496
v 19.3047233 43.8095509 130.4999496
v 19.3047233 41.4270972 130.4999496
v 21.5421400 42.0789840 130.4999496
v 19.2480601 43.7294947 130.4999496
v 21.6294741 42.4418364 130.4999496
v 19.2480601 41.5071535 130.4999496
v 19.1955557 43.6463193 130.4999496
v 19.1955557 41.5898090 130.4999496
v 19.1472100 43.5610646 130.4999496
v 19.1472100 41.6755836 130.4999496
v 21.5520171 42.1533219 130.4999496
v 19.1030231 43.4732106 130.4999496
v 19.1030231 41.7629177 130.4999496
v 19.0635148 43.3837971 130.4999496
v 21.6045215 42.3711374 130.4999496
v 19.0635148 41.8528510 130.4999496
v 19.0281653 43.2923043 130.4999496
v 19.0281653 41.9443439 130.4999496
v 18.9974944 43.1987320 130.4999496
v 21.5660529 42.2266202 130.4999496
v 18.9974944 42.0379162 130.4999496
v 18.9709823 43.1041201 130.4999496
v 18.9709823 42.1325281 130.4999496
v 18.9496686 42.2281797 130.4999496
v 18.9496686 43.0084684 130.4999496
v 18.9330335 42.9117771 130.4999496
v 21.5837277 42.2993986 130.4999496
v 18.9330335 42.3248711 130.4999496
v 18.9210771 42.8140461 130.4999496
v 18.9210771 42.4220823 130.4999496
v 18.9137992 42.7163150 130.4999496
v 18.9137992 42.5203331 130.4999496
v 18.9112000 42.6180642 130.4999496
v 23.9230342 43.1181559 130.4999496
v 23.8622122 43.1607833 130.4999496
v 23.7987910 43.2008114 130.4999496
v 23.7332904 43.2372006 130.4999496
v 23.6662303 43.2704707 130.4999496
v 23.5981305 43.3006218 130.4999496
v 42.2398039 57.7876869 130.4999496
v 40.0886816 57.4487474 130.4999496
v 42.2704748 57.6946345 130.4999496
v 42.2044544 57.8791798 130.4999496
v 42.1644262 57.9691131 130.4999496
v 40.0876419 57.5236052 130.4999496
v 42.1202393 58.0569671 130.4999496
v 42.0718937 58.1422218 130.4999496
v 42.0193892 58.2248773 130.4999496
v 40.0860824 57.3738896 130.4999496
v 42.3183006 57.5043709 130.4999496
v 42.3349357 57.4071597 130.4999496
v 42.2964671 57.6000225 130.4999496
v 40.0829633 57.5984630 130.4999496
v 41.9632459 58.3054534 130.4999496
v 41.9024239 58.3829104 130.4999496
v 42.3541700 57.2122175 130.4999496
v 40.0793244 57.2995516 130.4999496
v 42.3567692 57.1139666 130.4999496
v 42.3468921 57.3099485 130.4999496
v 40.0746458 57.6728010 130.4999496
v 41.8384829 58.4572484 130.4999496
v 41.7709029 58.5279474 130.4999496
v 42.3468921 56.9179847 130.4999496
v 40.0689275 57.2252137 130.4999496
v 42.3349357 56.8202537 130.4999496
v 42.3541700 57.0157158 130.4999496
v 40.0626893 57.7460992 130.4999496
v 42.2704748 56.5332988 130.4999496
v 40.0554115 57.1519154 130.4999496
v 42.2398039 56.4402464 130.4999496
v 42.2964671 56.6279107 130.4999496
v 42.3183006 56.7235624 130.4999496
v 40.0470939 57.8193975 130.4999496
v 42.1644262 56.2588202 130.4999496
v 40.0377367 57.0791370 130.4999496
v 42.1202393 56.1709662 130.4999496
v 42.2044544 56.3487535 130.4999496
v 40.0273398 57.8916561 130.4999496
v 42.0193892 56.0025361 130.4999496
v 40.0164230 57.0073982 130.4999496
v 41.9632459 55.9224799 130.4999496
v 42.0718937 56.0857115 130.4999496
v 40.0044666 57.9628750 130.4999496
v 39.9919903 56.9366992 130.4999496
v 41.8384829 55.7706849 130.4999496
v 41.7709029 55.6994660 130.4999496
v 41.9024239 55.8450228 130.4999496
v 39.9779544 58.0330542 130.4999496
v 39.9639186 56.8675597 130.4999496
v 39.9483232 58.1011540 130.4999496
v 39.9322080 56.7999797 130.4999496
v 39.9150531 58.1682141 130.4999496
v 39.8968585 56.7339593 130.4999496
v 39.8786639 58.2337147 130.4999496
v 39.8589097 56.6694984 130.4999496
v 39.8386357 58.2971359 130.4999496
v 39.8173221 56.6071169 130.4999496
v 39.7954885 58.3579578 130.4999496
v 39.7731352 56.5468148 130.4999496
v 39.7497421 58.4172203 130.4999496
v 39.7258292 56.4891119 130.4999496
v 39.7008766 58.4738835 130.4999496
v 39.6754041 56.4334884 130.4999496
v 39.6494118 58.5279474 130.4999496
v 39.6228997 56.3804641 130.4999496
v 39.5953479 58.5799320 130.4999496
v 39.5672762 56.3305589 130.4999496
v 39.5386847 58.6282777 130.4999496
v 39.5095733 56.2832529 130.4999496
v 39.2959166 61.0029337 130.4999496
v 39.4794222 58.6745440 130.4999496
v 39.4180804 58.7171713 130.4999496
v 39.3551791 58.7571995 130.4999496
v 39.2896785 58.7935887 130.4999496
v 39.2226184 58.8268588 130.4999496
v 39.1545186 54.4975823 130.4999496
v 39.1888284 56.0924695 130.4999496
v 39.2564084 56.1241801 130.4999496
v 39.3224288 56.1590097 130.4999496
v 39.3868897 56.1974783 130.4999496
v 39.4492712 56.2385462 130.4999496
v 39.8615090 53.7905919 130.4999496
v 39.1539987 58.8570099 130.4999496
v 39.1191690 56.0643978 130.4999496
v 39.0843394 58.8835220 130.4999496
v 39.0489898 56.0399650 130.4999496
v 39.0131205 58.9063952 130.4999496
v 38.9772511 56.0186514 130.4999496
v 38.9408619 58.9256295 130.4999496
v 38.9044727 56.0009766 130.4999496
v 38.8675636 58.9412249 130.4999496
v 38.8306546 55.9869408 130.4999496
v 38.7937455 58.9531814 130.4999496
v 38.7568365 55.9770637 130.4999496
v 38.7194076 58.9620187 130.4999496
v 38.6824985 55.9703057 130.4999496
v 38.6450696 58.9661775 130.4999496
v 38.6076407 55.9677065 130.4999496
v 38.5702118 58.9672172 130.4999496
v 38.5327829 55.9687461 130.4999496
v 39.2246978 61.0705137 130.4999496
v 38.4953540 58.9646180 130.4999496
v 39.1503598 61.1349745 130.4999496
v 39.0729028 61.1952767 130.4999496
v 38.4579251 55.9734248 130.4999496
v 38.4210160 58.9578600 130.4999496
v 38.9928465 61.2519399 130.4999496
v 38.9096712 61.3044443 130.4999496
v 38.8244164 61.3527900 130.4999496
v 38.3835871 55.9817423 130.4999496
v 38.3466781 58.9479829 130.4999496
v 38.7370823 61.3969769 130.4999496
v 38.6471490 61.4364852 130.4999496
v 38.5556561 61.4718347 130.4999496
v 38.4620838 61.5025056 130.4999496
v 38.3097690 55.9936988 130.4999496
v 38.2733798 58.9339471 130.4999496
v 38.3674719 61.5290177 130.4999496
v 38.2718203 61.5503314 130.4999496
v 38.2369906 56.0092941 130.4999496
v 38.1886449 53.5317086 130.4999496
v 38.1751289 61.5669665 130.4999496
v 38.1647320 56.0285284 130.4999496
v 38.0935131 56.0519215 130.4999496
v 38.0779177 61.5789229 130.4999496
v 38.0233339 56.0779138 130.4999496
v 37.9796669 61.5862008 130.4999496
v 38.2006014 58.9162723 130.4999496
v 37.9547143 56.1080648 130.4999496
v 37.8881740 56.1413350 130.4999496
v 37.8819358 61.5888000 130.4999496
v 37.8226734 56.1777242 130.4999496
v 37.7836850 61.5862008 130.4999496
v 37.7592522 56.2177523 130.4999496
v 37.6979104 56.2603797 130.4999496
v 37.6854341 61.5789229 130.4999496
v 37.6391678 56.3066460 130.4999496
v 37.5882229 61.5669665 130.4999496
v 38.1288626 58.8954785 130.4999496
v 37.5825046 56.3555115 130.4999496
v 37.5279208 56.4069762 130.4999496
v 37.4915316 61.5503314 130.4999496
v 37.4764561 56.4610402 130.4999496
v 37.4275905 56.5177034 130.4999496
v 37.3958799 61.5290177 130.4999496
v 37.3012680 61.5025056 130.4999496
v 37.2076957 61.4718347 130.4999496
v 37.1162029 61.4364852 130.4999496
v 38.0581636 58.8705259 130.4999496
v 37.0267894 61.3969769 130.4999496
v 36.9389354 61.3527900 130.4999496
v 36.8536807 61.3044443 130.4999496
v 36.7705053 61.2519399 130.4999496
v 37.9890241 58.8424542 130.4999496
v 36.6904491 61.1952767 130.4999496
v 36.6129920 61.1349745 130.4999496
v 36.5386541 61.0705137 130.4999496
v 36.4674352 61.0029337 130.4999496
v 37.9214441 58.8107436 130.4999496
v 37.8549039 58.7759139 130.4999496
v 37.7909628 58.7374453 130.4999496
v 37.7285813 58.6963775 130.4999496
v 37.6682792 58.6516708 130.4999496
v 37.6105763 58.6043648 130.4999496
v 37.5549528 58.5544596 130.4999496
v 37.5019285 58.5014353 130.4999496
v 34.9026991 59.4381976 130.4999496
v 37.4520233 58.4458118 130.4999496
v 37.4047173 58.3881089 130.4999496
v 37.3600106 58.3278068 130.4999496
v 37.3189427 58.2654253 130.4999496
v 37.2804742 58.2014842 130.4999496
v 37.2456445 58.1349439 130.4999496
v 37.2139339 58.0673640 130.4999496
v 37.1858622 57.9982245 130.4999496
v 37.1609096 57.9275254 130.4999496
v 37.1401158 57.8557867 130.4999496
v 37.1224410 57.7830083 130.4999496
v 37.1084052 57.7097100 130.4999496
v 37.0980082 57.6353721 130.4999496
v 37.0917701 57.5610341 130.4999496
v 37.0891709 57.4861763 130.4999496
v 33.8209572 60.3871206 130.4999522
v 34.1070333 60.2264864 130.4999489
v 33.4512894 58.2695840 130.4999496
v 37.0896907 57.4113185 130.4999496
v 37.0943693 57.3369805 130.4999496
v 37.1026869 57.2626426 130.4999496
v 37.1151632 57.1888244 130.4999496
v 37.1307585 57.1155262 130.4999496
v 37.1499928 57.0432676 130.4999496
v 37.1728661 56.9720487 130.4999496
v 33.4792469 60.4414841 130.4999530
v 33.1529948 60.3842506 130.4999538
v 32.9122424 60.2607600 130.4999156
v 31.3635883 58.7270484 130.4999496
v 37.3818441 56.5769658 130.4999496
v 37.3392167 56.6377878 130.4999496
v 37.2991886 56.7012090 130.4999496
v 37.2627994 56.7667096 130.4999496
v 37.2295293 56.8337697 130.4999496
v 37.1993782 56.9018695 130.4999496
v 39.6494118 58.5279474 116.9999054
v 39.5953479 58.5799320 116.9999054
v 39.5386847 58.6282777 116.9999054
v 39.4794222 58.6745440 116.9999054
v 39.4180804 58.7171713 116.9999054
v 39.3551791 58.7571995 116.9999054
v 39.2896785 58.7935887 116.9999054
v 39.2226184 58.8268588 116.9999054
v 39.1539987 58.8570099 116.9999054
v 39.0843394 58.8835220 116.9999054
v 39.0131205 58.9063952 116.9999054
v 38.9408619 58.9256295 116.9999054
v 38.8675636 58.9412249 116.9999054
v 38.7937455 58.9531814 116.9999054
v 38.7194076 58.9620187 116.9999054
v 38.6450696 58.9661775 116.9999054
v 38.5702118 58.9672172 116.9999054
v 38.4953540 58.9646180 116.9999054
v 38.4210160 58.9578600 116.9999054
v 38.3466781 58.9479829 116.9999054
v 38.2733798 58.9339471 116.9999054
v 38.2006014 58.9162723 116.9999054
v 38.1288626 58.8954785 116.9999054
v 38.0581636 58.8705259 116.9999054
v 37.9890241 58.8424542 116.9999054
v 37.9214441 58.8107436 116.9999054
v 37.8549039 58.7759139 116.9999054
v 37.7909628 58.7374453 116.9999054
v 37.7285813 58.6963775 116.9999054
v 37.6682792 58.6516708 116.9999054
v 37.6105763 58.6043648 116.9999054
v 37.5549528 58.5544596 116.9999054
v 37.5019285 58.5014353 116.9999054
v 37.4520233 58.4458118 116.9999054
v 37.4047173 58.3881089 116.9999054
v 37.3600106 58.3278068 116.9999054
v 37.3189427 58.2654253 116.9999054
v 37.2804742 58.2014842 116.9999054
v 37.2456445 58.1349439 116.9999054
v 37.2139339 58.0673640 116.9999054
v 37.1858622 57.9982245 116.9999054
v 37.1609096 57.9275254 116.9999054
v 37.1401158 57.8557867 116.9999054
v 37.1224410 57.7830083 116.9999054
v 37.1084052 57.7097100 116.9999054
v 37.0980082 57.6353721 116.9999054
v 37.0917701 57.5610341 116.9999054
v 37.0891709 57.4861763 116.9999054
v 37.0896907 57.4113185 116.9999054
v 37.0943693 57.3369805 116.9999054
v 37.1026869 57.2626426 116.9999054
v 37.1151632 57.1888244 116.9999054
v 37.1307585 57.1155262 116.9999054
v 37.1499928 57.0432676 116.9999054
v 37.1728661 56.9720487 116.9999054
v 37.1993782 56.9018695 116.9999054
v 37.2295293 56.8337697 116.9999054
v 37.2627994 56.7667096 116.9999054
v 37.2991886 56.7012090 116.9999054
v 37.3392167 56.6377878 116.9999054
v 37.3818441 56.5769658 116.9999054
v 37.4275905 56.5177034 116.9999054
v 37.4764561 56.4610402 116.9999054
v 37.5279208 56.4069762 116.9999054
v 37.5825046 56.3555115 116.9999054
v 37.6391678 56.3066460 116.9999054
v 37.6979104 56.2603797 116.9999054
v 37.7592522 56.2177523 116.9999054
v 37.8226734 56.1777242 116.9999054
v 37.8881740 56.1413350 116.9999054
v 37.9547143 56.1080648 116.9999054
v 38.0233339 56.0779138 116.9999054
v 38.0935131 56.0519215 116.9999054
v 38.1647320 56.0285284 116.9999054
v 38.2369906 56.0092941 116.9999054
v 38.3097690 55.9936988 116.9999054
v 38.3835871 55.9817423 116.9999054
v 38.4579251 55.9734248 116.9999054
v 38.5327829 55.9687461 116.9999054
v 38.6076407 55.9677065 116.9999054
v 38.6824985 55.9703057 116.9999054
v 38.7568365 55.9770637 116.9999054
v 38.8306546 55.9869408 116.9999054
v 38.9044727 56.0009766 116.9999054
v 38.9772511 56.0186514 116.9999054
v 39.0489898 56.0399650 116.9999054
v 39.1191690 56.0643978 116.9999054
v 39.1888284 56.0924695 116.9999054
v 39.2564084 56.1241801 116.9999054
v 39.3224288 56.1590097 116.9999054
v 39.3868897 56.1974783 116.9999054
v 39.4492712 56.2385462 116.9999054
v 39.5095733 56.2832529 116.9999054
v 39.5672762 56.3305589 116.9999054
v 39.6228997 56.3804641 116.9999054
v 39.6754041 56.4334884 116.9999054
v 39.7258292 56.4891119 116.9999054
v 39.7731352 56.5468148 116.9999054
v 39.8173221 56.6071169 116.9999054
v 39.8589097 56.6694984 116.9999054
v 39.8968585 56.7339593 116.9999054
v 39.9322080 56.7999797 116.9999054
v 39.9639186 56.8675597 116.9999054
v 39.9919903 56.9366992 116.9999054
v 40.0164230 57.0073982 116.9999054
v 40.0377367 57.0791370 116.9999054
v 40.0554115 57.1519154 116.9999054
v 40.0689275 57.2252137 116.9999054
v 40.0793244 57.2995516 116.9999054
v 40.0860824 57.3738896 116.9999054
v 40.0886816 57.4487474 116.9999054
v 40.0876419 57.5236052 116.9999054
v 40.0829633 57.5984630 116.9999054
v 40.0746458 57.6728010 116.9999054
v 40.0626893 57.7460992 116.9999054
v 40.0470939 57.8193975 116.9999054
v 40.0273398 57.8916561 116.9999054
v 40.0044666 57.9628750 116.9999054
v 39.9779544 58.0330542 116.9999054
v 39.9483232 58.1011540 116.9999054
v 39.9150531 58.1682141 116.9999054
v 39.8786639 58.2337147 116.9999054
v 39.8386357 58.2971359 116.9999054
v 39.7954885 58.3579578 116.9999054
v 39.7497421 58.4172203 116.9999054
v 39.7008766 58.4738835 116.9999054
v 48.5730863 49.0381608 116.9999054
v 50.6098425 49.6895277 116.9999054
v 48.5741260 48.9633030 116.9999054
v 48.5710069 48.8889651 116.9999054
v 50.6774224 49.6183088 116.9999054
v 50.7413635 49.5439709 116.9999054
v 50.8016656 49.4665138 116.9999054
v 48.5684077 49.1130186 116.9999054
v 48.5647688 48.8141072 116.9999054
v 50.8583288 49.3864576 116.9999054
v 50.9108332 49.3032822 116.9999054
v 50.9591789 49.2180275 116.9999054
v 48.5600901 49.1873566 116.9999054
v 48.5543718 48.7402891 116.9999054
v 51.0033658 49.1301735 116.9999054
v 51.0433939 49.0402402 116.9999054
v 51.0787434 48.9487473 116.9999054
v 51.1094144 48.8556949 116.9999054
v 48.5481337 49.2611747 116.9999054
v 48.5403360 48.6664710 116.9999054
v 51.1354066 48.7610830 116.9999054
v 51.1572402 48.6654313 116.9999054
v 51.1738752 48.5687400 116.9999054
v 51.1858317 48.4710090 116.9999054
v 51.1931095 48.3732779 116.9999054
v 48.5320185 49.3339531 116.9999054
v 48.5231811 48.5942124 116.9999054
v 51.1951889 48.2750271 116.9999054
v 51.1931095 48.1767762 116.9999054
v 51.1858317 48.0790452 116.9999054
v 51.1738752 47.9818340 116.9999054
v 48.5127842 49.4062117 116.9999054
v 48.5018674 48.5224737 116.9999054
v 51.1572402 47.8851427 116.9999054
v 51.1354066 47.7889712 116.9999054
v 51.1094144 47.6943592 116.9999054
v 51.0787434 47.6013068 116.9999054
v 51.0433939 47.5098139 116.9999054
v 48.4899109 49.4774306 116.9999054
v 48.4769148 48.4517747 116.9999054
v 51.0033658 47.4198806 116.9999054
v 50.9591789 47.3325465 116.9999054
v 50.9108332 47.2467719 116.9999054
v 50.8583288 47.1641164 116.9999054
v 48.4633988 49.5476098 116.9999054
v 48.4488431 48.3826352 116.9999054
v 50.8016656 47.0835403 116.9999054
v 50.7413635 47.0060833 116.9999054
v 50.6774224 46.9317453 116.9999054
v 48.4337676 49.6162294 116.9999054
v 48.4171325 48.3145354 116.9999054
v 48.4004975 49.6832896 116.9999054
v 48.3823028 48.2485149 116.9999054
v 48.3635884 49.7482703 116.9999054
v 48.3443541 48.1840540 116.9999054
v 48.3240801 49.8116915 116.9999054
v 48.3027664 48.1216725 116.9999054
v 48.2809329 49.8730333 116.9999054
v 48.2585795 48.0618903 116.9999054
v 48.2351865 49.9317759 116.9999054
v 48.2112736 48.0036675 116.9999054
v 48.1608485 47.9485639 116.9999054
v 48.1348562 52.1639941 116.9999054
v 48.1863210 49.9884391 116.9999054
v 48.1348562 50.0430229 116.9999054
v 48.1078242 47.8955396 116.9999054
v 48.0807922 50.0944877 116.9999054
v 48.0527206 47.8451145 116.9999054
v 48.0241290 50.1433532 116.9999054
v 47.9944978 47.7978085 116.9999054
v 47.9648666 50.1890996 116.9999054
v 47.9347155 47.7536216 116.9999054
v 47.9035248 50.2322468 116.9999054
v 47.8723340 47.7120340 116.9999054
v 47.8401036 50.2717551 116.9999054
v 47.8078731 47.6740852 116.9999054
v 47.7751229 50.3081443 116.9999054
v 47.7418527 47.6387357 116.9999054
v 47.7080627 50.3419343 116.9999054
v 47.6737529 47.6075450 116.9999054
v 47.6394431 50.3715655 116.9999054
v 47.6046134 47.5789534 116.9999054
v 47.5692639 50.3980777 116.9999054
v 47.5339144 47.5545207 116.9999054
v 47.4985648 50.4209509 116.9999054
v 47.4263063 50.4401852 116.9999054
v 47.3530080 50.4563004 116.9999054
v 47.2791899 50.4682569 116.9999054
v 47.9892994 52.2960350 116.9999054
v 48.0636373 52.2320939 116.9999054
v 47.2048519 50.4765744 116.9999054
v 47.8317861 52.4130003 116.9999054
v 47.9118423 52.3563371 116.9999054
v 47.1299941 50.4812530 116.9999054
v 47.5755020 52.5580373 116.9999054
v 47.6633560 52.5138504 116.9999054
v 47.7486107 52.4655047 116.9999054
v 47.0556562 50.4822927 116.9999054
v 47.3010234 52.6640859 116.9999054
v 47.3940758 52.6328951 116.9999054
v 47.4860885 52.5975456 116.9999054
v 46.9807983 50.4791736 116.9999054
v 47.0140685 52.7285468 116.9999054
v 47.1107598 52.7113918 116.9999054
v 47.2064115 52.6900782 116.9999054
v 46.9059405 50.4729355 116.9999054
v 46.9163375 52.7405032 116.9999054
v 46.8186064 52.7477811 116.9999054
v 46.7203556 52.7498604 116.9999054
v 46.8321224 50.4625385 116.9999054
v 46.6226245 52.7477811 116.9999054
v 46.5243737 52.7405032 116.9999054
v 46.4271625 52.7285468 116.9999054
v 46.7588242 50.4485027 116.9999054
v 46.3304711 52.7113918 116.9999054
v 46.2348195 52.6900782 116.9999054
v 46.1402076 52.6640859 116.9999054
v 46.0466353 52.6328951 116.9999054
v 46.6860457 50.4313478 116.9999054
v 45.9551424 52.5975456 116.9999054
v 45.8652091 52.5580373 116.9999054
v 45.7778750 52.5138504 116.9999054
v 46.6143070 50.4100341 116.9999054
v 45.6921004 52.4655047 116.9999054
v 45.6094449 52.4130003 116.9999054
v 45.5538214 45.3404971 116.9999054
v 46.1240923 47.8212016 116.9999054
v 46.1833548 47.7754552 116.9999054
v 46.2446966 47.7323080 116.9999054
v 46.3081178 47.6927997 116.9999054
v 46.3730985 47.6558906 116.9999054
v 46.4401586 47.6226205 116.9999054
v 46.5087783 47.5929893 116.9999054
v 46.5784376 47.5664771 116.9999054
v 46.6496565 47.5436039 116.9999054
v 46.7219151 47.5238498 116.9999054
v 46.7952134 47.5082544 116.9999054
v 46.8690315 47.4962979 116.9999054
v 46.9433694 47.4879804 116.9999054
v 47.0182272 47.4833018 116.9999054
v 47.0925652 47.4822621 116.9999054
v 47.1674230 47.4853812 116.9999054
v 47.2422808 47.4916193 116.9999054
v 47.3160989 47.5020162 116.9999054
v 47.3893972 47.5155322 116.9999054
v 47.4621756 47.5332070 116.9999054
v 45.5293886 52.3563371 116.9999054
v 46.5436080 50.3850815 116.9999054
v 45.4519316 52.2960350 116.9999054
v 45.3775936 52.2320939 116.9999054
v 45.3063748 52.1639941 116.9999054
v 46.4744685 50.3570098 116.9999054
v 46.4063686 50.3252992 116.9999054
v 46.3403482 50.2904696 116.9999054
v 46.2758873 50.2525208 116.9999054
v 46.2135058 50.2109331 116.9999054
v 46.1537235 50.1667462 116.9999054
v 46.0955008 50.1189204 116.9999054
v 46.0403971 50.0690152 116.9999054
v 43.8918741 50.7500133 116.9999054
v 45.9369478 49.9608873 116.9999054
v 45.8896418 49.9026645 116.9999054
v 45.8454549 49.8423624 116.9999054
v 45.8038673 49.7805007 116.9999054
v 45.7659185 49.7160399 116.9999054
v 45.7310888 49.6500194 116.9999054
v 45.6993782 49.5819196 116.9999054
v 45.6713066 49.5127801 116.9999054
v 45.9873729 50.0159909 116.9999054
v 43.8211751 50.6824334 116.9999054
v 45.6463540 49.4420811 116.9999054
v 43.7858255 47.1084929 116.9999054
v 45.5798137 48.8515362 116.9999054
v 45.5881312 48.7771982 116.9999054
v 45.6000877 48.7033801 116.9999054
v 45.6162029 48.6300818 116.9999054
v 45.6354372 48.5578232 116.9999054
v 45.6583104 48.4866043 116.9999054
v 45.6848226 48.4169450 116.9999054
v 45.7144538 48.3483253 116.9999054
v 45.7477239 48.2812652 116.9999054
v 45.7846330 48.2162845 116.9999054
v 45.8241413 48.1528633 116.9999054
v 45.8672885 48.0915215 116.9999054
v 45.9130349 48.0322590 116.9999054
v 45.9619004 47.9755958 116.9999054
v 46.0133652 47.9215319 116.9999054
v 46.0674291 47.8700671 116.9999054
v 43.7468371 50.6179725 116.9999054
v 45.6250403 49.3703423 116.9999054
v 43.6693801 50.5576703 116.9999054
v 45.6078854 49.2975639 116.9999054
v 45.5938495 49.2242657 116.9999054
v 43.5888040 50.5010071 116.9999054
v 45.5834526 49.1499277 116.9999054
v 43.5061485 50.4485027 116.9999054
v 45.5772145 49.0755897 116.9999054
v 43.4208937 50.4001570 116.9999054
v 45.5740954 49.0007319 116.9999054
v 43.3330398 50.3559701 116.9999054
v 45.5751351 48.9258741 116.9999054
v 43.2431064 50.3164619 116.9999054
v 43.1516136 50.2811123 116.9999054
v 43.0585612 50.2504414 116.9999054
v 42.9639492 50.2239293 116.9999054
v 42.8682976 50.2026156 116.9999054
v 42.7716062 50.1859805 116.9999054
v 42.6738752 50.1740241 116.9999054
v 42.5761442 50.1667462 116.9999054
v 42.4778933 50.1641470 116.9999054
v 42.3796424 50.1667462 116.9999054
v 42.2819114 50.1740241 116.9999054
v 42.1847002 50.1859805 116.9999054
v 42.0874890 50.2026156 116.9999054
v 40.7941125 44.8133733 116.9999054
v 40.7961919 44.7395552 116.9999054
v 40.7889140 44.8866716 116.9999054
v 40.7795568 44.9594500 116.9999054
v 40.7670805 45.0322284 116.9999054
v 40.7509653 45.1039672 116.9999054
v 40.7312111 45.1751861 116.9999054
v 40.7083379 45.2448454 116.9999054
v 40.6818258 45.3134651 116.9999054
v 40.6516747 45.3810450 116.9999054
v 40.6189244 45.4465456 116.9999054
v 40.5825352 45.5104867 116.9999054
v 40.5430269 45.5728682 116.9999054
v 40.5009194 45.6331703 116.9999054
v 40.4556928 45.6913930 116.9999054
v 40.4073471 45.7470165 116.9999054
v 40.3564022 45.8000408 116.9999054
v 41.2089495 50.6179725 116.9999054
v 41.2864065 50.5576703 116.9999054
v 41.3669826 50.5010071 116.9999054
v 41.4496381 50.4485027 116.9999054
v 41.5348929 50.4001570 116.9999054
v 41.6227468 50.3559701 116.9999054
v 41.7126802 50.3164619 116.9999054
v 41.8041730 50.2811123 116.9999054
v 41.8972254 50.2504414 116.9999054
v 41.9918374 50.2239293 116.9999054
v 40.9383411 50.8638752 116.9999054
v 42.1644262 57.9691131 116.9999054
v 42.2044544 57.8791798 116.9999054
v 42.2398039 57.7876869 116.9999054
v 42.2704748 57.6946345 116.9999054
v 42.0193892 58.2248773 116.9999054
v 42.0718937 58.1422218 116.9999054
v 42.1202393 58.0569671 116.9999054
v 42.2964671 57.6000225 116.9999054
v 42.3183006 57.5043709 116.9999054
v 42.3349357 57.4071597 116.9999054
v 41.9024239 58.3829104 116.9999054
v 41.9632459 58.3054534 116.9999054
v 42.3468921 57.3099485 116.9999054
v 42.3541700 57.2122175 116.9999054
v 42.3567692 57.1139666 116.9999054
v 41.7709029 58.5279474 116.9999054
v 41.8384829 58.4572484 116.9999054
v 42.3541700 57.0157158 116.9999054
v 42.3468921 56.9179847 116.9999054
v 42.3349357 56.8202537 116.9999054
v 42.3183006 56.7235624 116.9999054
v 42.2964671 56.6279107 116.9999054
v 42.2704748 56.5332988 116.9999054
v 42.2398039 56.4402464 116.9999054
v 42.2044544 56.3487535 116.9999054
v 42.1644262 56.2588202 116.9999054
v 42.1202393 56.1709662 116.9999054
v 42.0718937 56.0857115 116.9999054
v 42.0193892 56.0025361 116.9999054
v 41.9632459 55.9224799 116.9999054
v 41.9024239 55.8450228 116.9999054
v 41.8384829 55.7706849 116.9999054
v 41.7709029 55.6994660 116.9999054
v 40.3564022 54.2854852 116.9999054
v 39.2959166 61.0029337 116.9999054
v 40.2888223 54.2142663 116.9999054
v 40.2248812 54.1399283 116.9999054
v 40.1645791 54.0624713 116.9999054
v 40.1079159 53.9824150 116.9999054
v 40.0554115 53.8997595 116.9999054
v 40.0070658 53.8139850 116.9999054
v 39.9628789 53.7266509 116.9999054
v 39.9228508 53.6367175 116.9999054
v 39.0729028 61.1952767 116.9999054
v 39.1503598 61.1349745 116.9999054
v 39.2246978 61.0705137 116.9999054
v 38.8244164 61.3527900 116.9999054
v 38.9096712 61.3044443 116.9999054
v 38.9928465 61.2519399 116.9999054
v 38.4620838 61.5025056 116.9999054
v 38.5556561 61.4718347 116.9999054
v 38.6471490 61.4364852 116.9999054
v 38.7370823 61.3969769 116.9999054
v 38.3674719 61.5290177 116.9999054
v 38.2718203 61.5503314 116.9999054
v 38.1751289 61.5669665 116.9999054
v 38.0779177 61.5789229 116.9999054
v 37.9796669 61.5862008 116.9999054
v 37.8819358 61.5888000 116.9999054
v 37.7836850 61.5862008 116.9999054
v 37.6854341 61.5789229 116.9999054
v 37.5882229 61.5669665 116.9999054
v 37.4915316 61.5503314 116.9999054
v 37.3958799 61.5290177 116.9999054
v 37.3012680 61.5025056 116.9999054
v 37.2076957 61.4718347 116.9999054
v 37.1162029 61.4364852 116.9999054
v 37.0267894 61.3969769 116.9999054
v 36.9389354 61.3527900 116.9999054
v 36.8536807 61.3044443 116.9999054
v 36.7705053 61.2519399 116.9999054
v 36.7148818 54.1794366 116.9999054
v 39.8875013 53.5452246 116.9999054
v 39.8568304 53.4516524 116.9999054
v 39.8308381 53.3570404 116.9999054
v 39.8090045 53.2613888 116.9999054
v 39.7923695 53.1646975 116.9999054
v 39.7804130 53.0674863 116.9999054
v 39.7731352 52.9692354 116.9999054
v 39.7710558 52.8715044 116.9999054
v 39.7731352 52.7732535 116.9999054
v 39.7804130 52.6755225 116.9999054
v 39.7923695 52.5777914 116.9999054
v 39.8090045 52.4811001 116.9999054
v 36.6904491 61.1952767 116.9999054
v 36.6129920 61.1349745 116.9999054
v 36.5386541 61.0705137 116.9999054
v 36.4674352 61.0029337 116.9999054
v 35.4069496 50.7500133 116.9999054
v 39.8308381 52.3854485 116.9999054
v 39.8568304 52.2908365 116.9999054
v 39.8875013 52.1972643 116.9999054
v 39.9228508 52.1057714 116.9999054
v 39.9628789 52.0163579 116.9999054
v 40.0070658 51.9285039 116.9999054
v 40.0554115 51.8432492 116.9999054
v 40.1079159 51.7600739 116.9999054
v 40.1645791 51.6800176 116.9999054
v 40.2248812 51.6025606 116.9999054
v 40.2888223 51.5282226 116.9999054
v 35.3534055 50.8009582 116.9999054
v 35.2977820 50.8487840 116.9999054
v 35.2395592 50.8940106 116.9999054
v 35.1797769 50.9366380 116.9999054
v 35.1173954 50.9761463 116.9999054
v 35.0534544 51.0120156 116.9999054
v 34.9874340 51.0452858 116.9999054
v 34.9474058 55.9474325 116.9999054
v 34.9203738 51.0749170 116.9999054
v 34.8517542 51.1014291 116.9999054
v 34.7815750 51.1248222 116.9999054
v 34.7108759 51.1445763 116.9999054
v 34.6386174 51.1606916 116.9999054
v 34.5663588 51.1731679 116.9999054
v 34.4930605 51.1820053 116.9999054
v 34.4197623 51.1877236 116.9999054
v 34.3459441 51.1892831 116.9999054
v 35.1595029 34.9461786 116.9999054
v 33.3915071 36.7141745 116.9999054
v 35.1189550 39.8483253 116.9999054
v 35.1865349 39.8181742 116.9999054
v 35.2551546 39.7916621 116.9999054
v 35.3248139 39.7687889 116.9999054
v 35.3960328 39.7490347 116.9999054
v 35.4677716 39.7329195 116.9999054
v 35.5405500 39.7204432 116.9999054
v 35.6133284 39.7110860 116.9999054
v 35.6866267 39.7058875 116.9999054
v 35.7604448 39.7038081 116.9999054
v 34.6999592 40.1435978 116.9999054
v 34.7529835 40.0926529 116.9999054
v 34.8086070 40.0443072 116.9999054
v 34.8668297 39.9990806 116.9999054
v 34.9271318 39.9569731 116.9999054
v 34.9895133 39.9174648 116.9999054
v 35.0534544 39.8810756 116.9999054
v 33.0166982 33.4817728 116.9999054
v 33.0177379 33.4074348 116.9999054
v 33.0146188 33.3325770 116.9999054
v 33.0120196 33.5566306 116.9999054
v 33.0083807 33.2577192 116.9999054
v 33.0037021 33.6309685 116.9999054
v 32.9979838 33.1839011 116.9999054
v 32.9917456 33.7047866 116.9999054
v 32.9844678 33.1106028 116.9999054
v 32.9761502 33.7780849 116.9999054
v 32.9667930 33.0378244 116.9999054
v 32.9563961 33.8503435 116.9999054
v 32.9454793 32.9660856 116.9999054
v 32.9335229 33.9215624 116.9999054
v 32.9210466 32.8953866 116.9999054
v 32.9070107 33.9912217 116.9999054
v 32.8924550 32.8262471 116.9999054
v 32.8773795 34.0598414 116.9999054
v 32.8612643 32.7581473 116.9999054
v 32.8441094 34.1269015 116.9999054
v 32.8259148 32.6921269 116.9999054
v 32.8072003 34.1918822 116.9999054
v 32.7879660 32.6276660 116.9999054
v 32.7676920 34.2553034 116.9999054
v 32.7463784 32.5652845 116.9999054
v 32.7245448 34.3166452 116.9999054
v 32.7021915 32.5055022 116.9999054
v 32.6787984 34.3759077 116.9999054
v 32.6548855 32.4472794 116.9999054
v 32.6299329 34.4325709 116.9999054
v 32.6044604 32.3921758 116.9999054
v 32.5784681 34.4866348 116.9999054
v 32.5514361 32.3391515 116.9999054
v 32.5244042 34.5380996 116.9999054
v 32.4963325 32.2887264 116.9999054
v 32.4677410 34.5869651 116.9999054
v 32.4381097 32.2414205 116.9999054
v 32.4084785 34.6327115 116.9999054
v 32.3783275 32.1972336 116.9999054
v 32.3471367 34.6758587 116.9999054
v 32.3159460 32.1556459 116.9999054
v 32.2837155 34.7153670 116.9999054
v 32.2514851 32.1176972 116.9999054
v 32.2187348 34.7522761 116.9999054
v 32.1854646 32.0828675 116.9999054
v 32.1516747 34.7855462 116.9999054
v 32.1173648 32.0511569 116.9999054
v 33.5682547 29.8225776 116.9999054
v 33.4939167 29.7586365 116.9999054
v 33.4164597 29.6983344 116.9999054
v 33.3358836 29.6416712 116.9999054
v 32.0830550 34.8151774 116.9999054
v 32.0482253 32.0230852 116.9999054
v 33.2532281 29.5891668 116.9999054
v 33.1674535 29.5408211 116.9999054
v 33.0801194 29.4966342 116.9999054
v 32.9901861 29.4566061 116.9999054
v 32.0133957 34.8416896 116.9999054
v 31.9775263 31.9981326 116.9999054
v 32.8986932 29.4212566 116.9999054
v 32.8056408 29.3905856 116.9999054
v 32.7110288 29.3645934 116.9999054
v 32.6148573 29.3427598 116.9999054
v 32.5181660 29.3261248 116.9999054
v 31.9421768 34.8645628 116.9999054
v 31.9057876 31.9768189 116.9999054
v 32.4209548 29.3141683 116.9999054
v 32.3232238 29.3068905 116.9999054
v 32.2249729 29.3048111 116.9999054
v 32.1267221 29.3068905 116.9999054
v 31.8699182 34.8837971 116.9999054
v 31.8335290 31.9596640 116.9999054
v 32.0289910 29.3141683 116.9999054
v 31.9312600 29.3261248 116.9999054
v 31.8345687 29.3427598 116.9999054
v 31.7966199 34.8999123 116.9999054
v 31.7389170 29.3645934 116.9999054
v 31.7228018 34.9118688 116.9999054
v 31.6484638 34.9201863 116.9999054
v 31.6443051 29.3905856 116.9999054
v 31.7597109 31.9456282 116.9999054
v 31.5512527 29.4212566 116.9999054
v 31.4597598 29.4566061 116.9999054
v 31.3698265 29.4966342 116.9999054
v 31.2819725 29.5408211 116.9999054
v 31.6858928 31.9352312 116.9999054
v 31.1967178 29.5891668 116.9999054
v 31.1135424 29.6416712 116.9999054
v 31.0334862 29.6983344 116.9999054
v 31.6110349 31.9289931 116.9999054
v 30.9560291 29.7586365 116.9999054
v 30.8816912 29.8225776 116.9999054
v 30.8104723 29.8901575 116.9999054
v 30.8167104 32.0995025 116.9999054
v 30.8837706 32.0662324 116.9999054
v 30.9523902 32.0366012 116.9999054
v 31.0225694 32.0100891 116.9999054
v 31.0937883 31.9872158 116.9999054
v 31.1660469 31.9679815 116.9999054
v 31.2388253 31.9518663 116.9999054
v 31.3126434 31.9399099 116.9999054
v 31.3869814 31.9315923 116.9999054
v 31.4618392 31.9269137 116.9999054
v 31.5366970 31.9258740 116.9999054
v 30.7517297 32.1364116 116.9999054
v 30.6883085 32.1759199 116.9999054
v 30.6269667 32.2190671 116.9999054
v 30.5682241 32.2648135 116.9999054
v 30.3332538 37.9238558 116.9999054
v 30.3358530 38.0221067 116.9999054
v 30.3332538 38.1203576 116.9999054
v 30.3259759 37.8261248 116.9999054
v 30.3259759 38.2180886 116.9999054
v 30.3140195 37.7283938 116.9999054
v 30.3140195 38.3152998 116.9999054
v 30.2973844 37.6317024 116.9999054
v 30.2973844 38.4125110 116.9999054
v 30.2760707 37.5360508 116.9999054
v 30.2760707 38.5081626 116.9999054
v 30.2495586 37.4414388 116.9999054
v 30.2495586 38.6027746 116.9999054
v 30.2188877 37.3483864 116.9999054
v 30.2188877 38.6958270 116.9999054
v 30.1835381 37.2568936 116.9999054
v 31.5736060 34.9248649 116.9999054
v 30.1835381 38.7873198 116.9999054
v 30.1440299 37.1669602 116.9999054
v 31.4992681 34.9259046 116.9999054
v 30.1440299 38.8772532 116.9999054
v 30.0998430 38.9651071 116.9999054
v 30.0998430 37.0791063 116.9999054
v 31.4244103 34.9227855 116.9999054
v 30.0514973 36.9938515 116.9999054
v 31.3500723 34.9165474 116.9999054
v 30.0514973 39.0503619 116.9999054
v 29.9989929 36.9111960 116.9999054
v 31.2757343 34.9061505 116.9999054
v 29.9989929 39.1330174 116.9999054
v 29.9423297 39.2135935 116.9999054
v 29.9423297 36.8306199 116.9999054
v 31.2024361 34.8921146 116.9999054
v 31.1296577 34.8749597 116.9999054
v 29.8820275 39.2910505 116.9999054
v 29.8820275 36.7531629 116.9999054
v 31.0579189 34.8536460 116.9999054
v 29.6336004 39.5634678 116.9999054
v 29.8175666 36.6788249 116.9999054
v 30.9872199 34.8286934 116.9999054
v 29.7499867 36.6081259 116.9999054
v 30.9180804 34.8006218 116.9999054
v 30.8499806 34.7689112 116.9999054
v 30.7839601 34.7340815 116.9999054
v 30.7194993 34.6961327 116.9999054
v 30.6576376 34.6545451 116.9999054
v 30.5973355 34.6103582 116.9999054
v 30.5391127 34.5630522 116.9999054
v 30.4840091 34.5126271 116.9999054
v 30.4309848 34.4596029 116.9999054
v 29.7499867 45.0930504 116.9999054
v 28.9717774 40.2111777 116.9999054
v 28.8974394 40.2751188 116.9999054
v 28.8199824 40.3354209 116.9999054
v 28.7399261 40.3920841 116.9999054
v 28.6567508 40.4445885 116.9999054
v 28.5714961 40.4929342 116.9999054
v 28.4836421 40.5371211 116.9999054
v 28.3942286 40.5771492 116.9999054
v 28.3360059 32.3651438 116.9999054
v 30.0317431 33.2208101 116.9999054
v 30.0436996 33.1469920 116.9999054
v 30.0598148 33.0736937 116.9999054
v 30.0790491 33.0014352 116.9999054
v 30.1019223 32.9302163 116.9999054
v 30.1284345 32.8605569 116.9999054
v 30.1580657 32.7919373 116.9999054
v 30.1918557 32.7248771 116.9999054
v 30.2282449 32.6598964 116.9999054
v 30.2677532 32.5964752 116.9999054
v 30.3109004 32.5351334 116.9999054
v 30.3566468 32.4758710 116.9999054
v 30.4055123 32.4192078 116.9999054
v 30.4569771 32.3651438 116.9999054
v 30.5115609 32.3136790 116.9999054
v 28.3360059 35.1936252 116.9999054
v 30.3810796 34.4044992 116.9999054
v 30.3332538 34.3462765 116.9999054
v 30.2890669 34.2864942 116.9999054
v 30.2474792 34.2241127 116.9999054
v 30.2095304 34.1596518 116.9999054
v 30.1747008 34.0936314 116.9999054
v 30.1429902 34.0255315 116.9999054
v 30.1149185 33.9563920 116.9999054
v 28.3027357 40.6124987 116.9999054
v 28.2679061 32.4363627 116.9999054
v 28.2679061 35.1224064 116.9999054
v 28.2091635 40.6431696 116.9999054
v 28.2039650 32.5107006 116.9999054
v 30.0234256 33.2951481 116.9999054
v 28.2039650 35.0480684 116.9999054
v 28.1436629 32.5881577 116.9999054
v 28.1436629 34.9706114 116.9999054
v 30.0899659 33.8856930 116.9999054
v 28.1145515 40.6691619 116.9999054
v 28.0869997 32.6682139 116.9999054
v 30.0187470 33.3700059 116.9999054
v 28.0869997 34.8905551 116.9999054
v 28.0344953 32.7513893 116.9999054
v 28.0344953 34.8078996 116.9999054
v 28.0188999 40.6909955 116.9999054
v 27.9861496 34.7221250 116.9999054
v 30.0686522 33.8139543 116.9999054
v 27.9861496 32.8366440 116.9999054
v 27.9419627 32.9244980 116.9999054
v 30.0177073 33.4443438 116.9999054
v 27.9419627 34.6347909 116.9999054
v 27.9024544 33.0139115 116.9999054
v 27.9024544 34.5448576 116.9999054
v 27.8671049 33.1059242 116.9999054
v 27.8671049 34.4533647 116.9999054
v 30.0514973 33.7411758 116.9999054
v 27.8359141 33.1989766 116.9999054
v 30.0208264 33.5192017 116.9999054
v 27.8359141 34.3597924 116.9999054
v 27.8099218 33.2935885 116.9999054
v 27.8099218 34.2651805 116.9999054
v 27.7886082 33.3892402 116.9999054
v 27.7886082 34.1695289 116.9999054
v 27.7714532 33.4859315 116.9999054
v 30.0270645 33.5940595 116.9999054
v 27.7714532 34.0728375 116.9999054
v 30.0374615 33.6678776 116.9999054
v 27.7594968 33.5836625 116.9999054
v 27.7594968 33.9756263 116.9999054
v 27.7522189 33.6813936 116.9999054
v 27.7522189 33.8773755 116.9999054
v 27.7501396 33.7796444 116.9999054
v 26.3205634 43.7851182 116.9999054
v 29.3107169 46.1535360 116.9999054
v 29.3122764 46.0802377 116.9999054
v 29.3179947 46.0069395 116.9999054
v 29.3268321 45.9336412 116.9999054
v 29.3393084 45.8613826 116.9999054
v 29.3554237 45.7891241 116.9999054
v 29.3751778 45.7184250 116.9999054
v 29.3985709 45.6482458 116.9999054
v 29.4250830 45.5796262 116.9999054
v 29.4547142 45.5125660 116.9999054
v 29.4879844 45.4465456 116.9999054
v 29.5238537 45.3826046 116.9999054
v 29.5633620 45.3202231 116.9999054
v 29.6059894 45.2604408 116.9999054
v 29.6512160 45.2022180 116.9999054
v 29.6990418 45.1465945 116.9999054
v 27.9222086 40.7076305 116.9999054
v 27.8244775 40.7195870 116.9999054
v 27.7267465 40.7268648 116.9999054
v 27.6284956 40.7289442 116.9999054
v 27.5307646 40.7268648 116.9999054
v 27.4325137 40.7195870 116.9999054
v 27.3353025 40.7076305 116.9999054
v 27.2386112 40.6909955 116.9999054
v 27.1429596 40.6691619 116.9999054
v 27.0483476 40.6431696 116.9999054
v 26.9547754 40.6124987 116.9999054
v 26.8632825 40.5771492 116.9999054
v 24.5322935 41.8923593 116.9999054
v 26.7733491 40.5371211 116.9999054
v 26.6860150 40.4929342 116.9999054
v 24.5312539 41.9672171 116.9999054
v 24.5296943 41.8175015 116.9999054
v 26.6002405 40.4445885 116.9999054
v 24.5265752 42.0420749 116.9999054
v 24.5229363 41.7431635 116.9999054
v 26.5175850 40.3920841 116.9999054
v 24.5182577 42.1164129 116.9999054
v 24.5130592 41.6693454 116.9999054
v 26.4375287 40.3354209 116.9999054
v 24.5063012 42.1902310 116.9999054
v 24.4990234 41.5955273 116.9999054
v 24.4907059 42.2630094 116.9999054
v 24.4813486 41.5227489 116.9999054
v 26.3600717 40.2751188 116.9999054
v 24.4714716 42.3352680 116.9999054
v 24.4600350 41.4510102 116.9999054
v 26.2857337 40.2111777 116.9999054
v 24.4480785 42.4064869 116.9999054
v 24.4356022 41.3808310 116.9999054
v 26.2145148 40.1435978 116.9999054
v 24.4220862 42.4766661 116.9999054
v 24.4075305 41.3111716 116.9999054
v 24.3919352 42.5452857 116.9999054
v 24.3758199 41.2435916 116.9999054
v 24.3586650 42.6118260 116.9999054
v 24.3409903 41.1775712 116.9999054
v 24.3222758 42.6773266 116.9999054
v 24.3025217 41.1131103 116.9999054
v 24.2822477 42.7407478 116.9999054
v 24.2614538 41.0507288 116.9999054
v 24.2396203 42.8020896 116.9999054
v 24.2167471 40.9904267 116.9999054
v 24.1933540 42.8608322 116.9999054
v 24.1694411 40.9327238 116.9999054
v 24.1444885 42.9174954 116.9999054
v 24.1195359 40.8771003 116.9999054
v 24.0930238 42.9720792 116.9999054
v 24.0665116 40.8245959 116.9999054
v 24.8005340 38.7290971 116.9999054
v 24.0389598 43.0235439 116.9999054
v 24.0108881 40.7741708 116.9999054
v 23.9822966 43.0724095 116.9999054
v 24.5525675 45.5525942 116.9999054
v 23.9531852 40.7268648 116.9999054
v 23.9230342 43.1181559 116.9999054
v 23.8928831 40.6826779 116.9999054
v 23.8622122 43.1607833 116.9999054
v 23.8305016 40.6410903 116.9999054
v 23.7987910 43.2008114 116.9999054
v 23.7660407 40.6026217 116.9999054
v 23.7332904 43.2372006 116.9999054
v 23.7000203 40.5677920 116.9999054
v 23.6662303 43.2704707 116.9999054
v 23.6324403 40.5360814 116.9999054
v 23.5981305 43.3006218 116.9999054
v 23.5633008 40.5080097 116.9999054
v 24.7293151 38.6615171 116.9999054
v 24.6549772 38.5975761 116.9999054
v 24.5775201 38.5367541 116.9999054
v 23.5279513 43.3271339 116.9999054
v 23.4926018 40.4835770 116.9999054
v 24.4969440 38.4806108 116.9999054
v 24.4142885 38.4281063 116.9999054
v 24.3290338 38.3797607 116.9999054
v 23.4567324 43.3500072 116.9999054
v 23.4208630 40.4622633 116.9999054
v 24.2411798 38.3355738 116.9999054
v 24.1512465 38.2955456 116.9999054
v 24.0597536 38.2601961 116.9999054
v 23.3844738 43.3692415 116.9999054
v 23.3480846 40.4445885 116.9999054
v 23.9667012 38.2295252 116.9999054
v 23.8720893 38.2035329 116.9999054
v 23.7764376 38.1816994 116.9999054
v 23.6797463 38.1650643 116.9999054
v 23.3111756 43.3848368 116.9999054
v 23.2747863 40.4310725 116.9999054
v 23.5820153 38.1531079 116.9999054
v 23.4842842 38.1458300 116.9999054
v 23.3860334 38.1432308 116.9999054
v 23.2373574 43.3973131 116.9999054
v 23.2004484 40.4206756 116.9999054
v 23.2877825 38.1458300 116.9999054
v 23.1900515 38.1531079 116.9999054
v 23.1630195 43.4056307 116.9999054
v 23.0928403 38.1650643 116.9999054
v 23.1261104 40.4139176 116.9999054
v 23.0886815 43.4103093 116.9999054
v 23.0138237 43.4108291 116.9999054
v 22.9956291 38.1816994 116.9999054
v 22.9389659 43.4082299 116.9999054
v 22.8999775 38.2035329 116.9999054
v 22.8646279 43.4014719 116.9999054
v 22.8053655 38.2295252 116.9999054
v 23.0512526 40.4113184 116.9999054
v 22.7902900 43.3915948 116.9999054
v 22.7169917 43.3775590 116.9999054
v 22.7123131 38.2601961 116.9999054
v 22.6442133 43.3598842 116.9999054
v 22.6208202 38.2955456 116.9999054
v 22.5724746 43.3390904 116.9999054
v 22.5308869 38.3355738 116.9999054
v 22.9763948 40.4123581 116.9999054
v 22.4430329 38.3797607 116.9999054
v 22.3577782 38.4281063 116.9999054
v 22.2751227 38.4806108 116.9999054
v 22.9015370 40.4170367 116.9999054
v 22.1945466 38.5367541 116.9999054
v 22.1170896 38.5975761 116.9999054
v 22.8271990 40.4253542 116.9999054
v 22.0427516 38.6615171 116.9999054
v 21.9720526 38.7290971 116.9999054
v 21.9720526 40.8505882 116.9999054
v 22.0261165 40.7991234 116.9999054
v 22.0827797 40.7502579 116.9999054
v 22.1420422 40.7045115 116.9999054
v 22.2028641 40.6613643 116.9999054
v 22.2662853 40.6213361 116.9999054
v 22.3317859 40.5849469 116.9999054
v 22.3988460 40.5516768 116.9999054
v 22.4669458 40.5220456 116.9999054
v 22.5371250 40.4955334 116.9999054
v 22.6083439 40.4726602 116.9999054
v 22.6806025 40.4529061 116.9999054
v 22.7539008 40.4373107 116.9999054
v 21.9200680 40.9046521 116.9999054
v 21.8717223 40.9613153 116.9999054
v 19.4970663 41.2040834 116.9999054
v 21.7428005 41.1448209 116.9999054
v 21.7828287 41.0819196 116.9999054
v 21.8254560 41.0205778 116.9999054
v 21.5353820 42.0046460 116.9999054
v 21.5327828 41.9297882 116.9999054
v 21.5338225 41.8549304 116.9999054
v 21.5379813 41.7805924 116.9999054
v 21.5468186 41.7062545 116.9999054
v 21.5587751 41.6324364 116.9999054
v 21.5743705 41.5591381 116.9999054
v 21.5936048 41.4868795 116.9999054
v 21.6164780 41.4156606 116.9999054
v 21.6429901 41.3460013 116.9999054
v 21.6731412 41.2773816 116.9999054
v 21.7064113 41.2103215 116.9999054
v 19.4970663 44.0325648 116.9999054
v 22.5017755 43.3141378 116.9999054
v 22.4326360 43.2860661 116.9999054
v 22.3650561 43.2543555 116.9999054
v 22.2985158 43.2195258 116.9999054
v 22.2345747 43.1810573 116.9999054
v 22.1721932 43.1399894 116.9999054
v 22.1118911 43.0952827 116.9999054
v 22.0541882 43.0479767 116.9999054
v 21.9985647 42.9980715 116.9999054
v 21.9455404 42.9450472 116.9999054
v 21.8956352 42.8894237 116.9999054
v 21.8483292 42.8317208 116.9999054
v 21.8036225 42.7714187 116.9999054
v 21.7625547 42.7090372 116.9999054
v 21.7240861 42.6450961 116.9999054
v 21.6892564 42.5785559 116.9999054
v 21.6575458 42.5109759 116.9999054
v 19.4294863 41.2753022 116.9999054
v 19.4294863 43.9613459 116.9999054
v 19.3650255 41.3496402 116.9999054
v 19.3650255 43.8870080 116.9999054
v 19.3047233 41.4270972 116.9999054
v 21.5421400 42.0789840 116.9999054
v 19.3047233 43.8095509 116.9999054
v 19.2480601 41.5071535 116.9999054
v 19.2480601 43.7294947 116.9999054
v 21.6294741 42.4418364 116.9999054
v 19.1955557 41.5898090 116.9999054
v 19.1955557 43.6463193 116.9999054
v 19.1472100 41.6755836 116.9999054
v 21.5520171 42.1533219 116.9999054
v 19.1472100 43.5610646 116.9999054
v 19.1030231 41.7629177 116.9999054
v 19.1030231 43.4732106 116.9999054
v 19.0635148 41.8528510 116.9999054
v 19.0635148 43.3837971 116.9999054
v 21.6045215 42.3711374 116.9999054
v 19.0281653 41.9443439 116.9999054
v 19.0281653 43.2923043 116.9999054
v 18.9974944 42.0379162 116.9999054
v 21.5660529 42.2266202 116.9999054
v 18.9974944 43.1987320 116.9999054
v 18.9709823 42.1325281 116.9999054
v 18.9709823 43.1041201 116.9999054
v 18.9496686 43.0084684 116.9999054
v 18.9496686 42.2281797 116.9999054
v 18.9330335 42.3248711 116.9999054
v 18.9330335 42.9117771 116.9999054
v 21.5837277 42.2993986 116.9999054
v 18.9210771 42.4220823 116.9999054
v 18.9210771 42.8140461 116.9999054
v 18.9137992 42.5203331 116.9999054
v 18.9137992 42.7163150 116.9999054
v 18.9112000 42.6180642 116.9999054
v 36.8209304 40.1435978 116.9999054
v 36.7679061 40.0926529 116.9999054
v 36.7117628 40.0443072 116.9999054
v 36.6540599 39.9990806 116.9999054
v 36.5937577 39.9569731 116.9999054
v 36.5313762 39.9174648 116.9999054
v 36.4674352 39.8810756 116.9999054
v 36.4019346 39.8483253 116.9999054
v 36.3343546 39.8181742 116.9999054
v 36.2657350 39.7916621 116.9999054
v 36.1960756 39.7687889 116.9999054
v 36.1248568 39.7490347 116.9999054
v 36.0531180 39.7329195 116.9999054
v 35.9803396 39.7204432 116.9999054
v 35.9075612 39.7110860 116.9999054
v 35.8342629 39.7058875 116.9999054
v 40.3564022 43.6790696 116.9999054
v 40.4073471 43.7320939 116.9999054
v 40.4556928 43.7882372 116.9999054
v 40.5009194 43.8459401 116.9999054
v 40.5430269 43.9062423 116.9999054
v 40.5825352 43.9686238 116.9999054
v 40.6189244 44.0325648 116.9999054
v 40.6516747 44.0980654 116.9999054
v 40.6818258 44.1656454 116.9999054
v 40.7083379 44.2342650 116.9999054
v 40.7312111 44.3039244 116.9999054
v 40.7509653 44.3751432 116.9999054
v 40.7670805 44.4468820 116.9999054
v 40.7795568 44.5196604 116.9999054
v 40.7889140 44.5924388 116.9999054
v 40.7941125 44.6657371 116.9999054
v 33.2854585 50.7500133 116.9999054
v 33.3390027 50.8009582 116.9999054
v 33.3946262 50.8487840 116.9999054
v 33.4528489 50.8940106 116.9999054
v 33.5126312 50.9366380 116.9999054
v 33.5750127 50.9761463 116.9999054
v 33.6389537 51.0120156 116.9999054
v 33.7049742 51.0452858 116.9999054
v 33.7720343 51.0749170 116.9999054
v 33.8406539 51.1014291 116.9999054
v 33.9108331 51.1248222 116.9999054
v 33.9815322 51.1445763 116.9999054
v 34.0537908 51.1606916 116.9999054
v 34.1260493 51.1731679 116.9999054
v 34.1993476 51.1820053 116.9999054
v 34.2726459 51.1877236 116.9999054
v 29.7499867 47.2145415 116.9999054
v 29.6990418 47.1609973 116.9999054
v 29.6512160 47.1053738 116.9999054
v 29.6059894 47.0471511 116.9999054
v 29.5633620 46.9873688 116.9999054
v 29.5238537 46.9249873 116.9999054
v 29.4879844 46.8610463 116.9999054
v 29.4547142 46.7950258 116.9999054
v 29.4250830 46.7279657 116.9999054
v 29.3985709 46.6593461 116.9999054
v 29.3751778 46.5891669 116.9999054
v 29.3554237 46.5184678 116.9999054
v 29.3393084 46.4462092 116.9999054
v 29.3268321 46.3739507 116.9999054
v 29.3179947 46.3006524 116.9999054
v 29.3122764 46.2273541 116.9999054
v 43.8918741 50.7500133 126.9999786
v 43.3969808 50.2551200 128.5000443
v 43.1848837 50.0430229 126.9999786
v 43.1848837 50.0430229 128.5000443
v 29.7499867 36.6081259 126.9999786
v 31.8496442 38.7077834 127.2881376
v 31.9629706 38.8205900 126.9999786
v 31.7451552 38.6032944 127.5828519
v 31.6495035 38.5076428 127.8833021
v 30.2448800 37.1030192 128.5000443
v 31.5626893 38.4203086 128.1892149
v 31.4847124 38.3428516 128.5000443
v 41.7922166 48.6503558 127.2881376
v 42.4778933 49.3355127 126.9999786
v 41.6794100 48.5370294 126.9999786
v 41.8967056 48.7548448 127.5828519
v 41.9923572 48.8504965 127.8833021
v 42.4778933 49.3355127 128.5000443
v 42.0796914 48.9373107 128.1892149
v 42.1571484 49.0152876 128.5000443
v 44.1044911 49.5481296 128.5000443
v 42.8646586 48.3082972 128.5000443
v 39.1545186 54.4975823 128.5000443
v 39.6494118 53.5784948 128.5000443
v 39.8615090 53.7905919 128.5000443
v 38.9424214 52.8715044 128.5000443
v 37.9146861 53.2577499 128.5000443
v 38.6243451 52.5530695 128.4995582
v 30.9518704 36.3955089 128.5000443
v 32.1917028 37.6353414 128.5000443
v 26.0024177 41.3454814 128.5000443
v 26.7094081 40.6384910 128.5000443
v 27.9492405 41.8783235 128.5000443
v 27.2422501 42.5853139 128.5000443
v 43.1183434 48.5619820 130.1607141
v 51.9531242 39.7188837 130.1085451
v 43.0876725 48.5313111 129.8231174
v 51.9151755 39.6809349 129.7193256
v 33.3914092 58.2097037 129.7043786
v 43.0471245 48.4907631 129.4874327
v 51.8637107 39.6294702 129.3331106
v 38.1446048 53.4875890 129.8493713
v 42.9961796 48.4398182 129.1547524
v 51.7987300 39.5644894 128.9509926
v 42.9353577 48.3789962 128.8253498
v 51.7202333 39.4865126 128.5737911
v 33.2399474 58.0582421 128.7788032
v 38.0178330 53.3612212 128.9859901
v 51.6287404 39.3950197 128.2025986
v 51.5247712 39.2910505 127.8382345
v 33.0583806 57.8766753 128.0332930
v 51.4078059 39.1740852 127.4817914
v 51.2788841 39.0451634 127.1338155
v 32.8162317 57.6345264 127.2938494
v 38.3695745 52.2987249 127.5959026
v 41.6580963 48.5193546 126.9532723
v 51.1380059 38.9037653 126.7951263
v 41.6331437 48.5042791 126.9057465
v 41.6014331 48.4907631 126.8527581
v 41.5681630 48.4819257 126.8052323
v 41.5354127 48.4777670 126.7631693
v 41.5037021 48.4767273 126.7262959
v 41.4730312 48.4782868 126.6946120
v 41.4444397 48.4819257 126.6672984
v 41.4179275 48.4866043 126.6438087
v 50.9851712 38.7509306 126.4668162
v 41.3669826 48.5006402 126.6039307
v 41.3217561 48.5172752 126.5738857
v 41.2838073 48.5349500 126.5520348
v 41.2515769 48.5521049 126.5361929
v 41.1990724 48.5853751 126.5162539
v 41.1486474 48.6238437 126.5042359
v 41.1018612 48.6664710 126.4998657
v 50.8208999 38.5871792 126.1497047
v 32.6117383 57.4300329 126.7951263
v 38.0919536 51.8177768 126.6492714
v 38.0992314 51.7881456 126.6246891
v 38.0877948 51.8442889 126.6730343
v 38.0836360 51.8915949 126.7208331
v 38.0846757 51.9295436 126.7637156
v 38.0883147 51.9591748 126.8014084
v 38.0935131 51.9820481 126.8339117
v 38.1178698 52.0420811 126.9316793
v 38.2369906 51.5344608 126.5028702
v 32.4589036 57.2771982 126.4668162
v 38.2733798 51.4949525 126.4998657
v 38.2032006 51.5770881 126.5118837
v 38.1694106 51.6264735 126.5285451
v 38.1434183 51.6732596 126.5501228
v 38.1236642 51.7158870 126.5741588
v 38.1091085 51.7543556 126.5995605
v 32.2946323 57.1134468 126.1497047
v 32.1199641 56.9382587 125.8443381
v 50.6462317 38.4119911 125.8443381
v 31.9343791 56.7526737 125.5515358
v 50.4606467 38.2269260 125.5515358
v 31.7389170 56.5577315 125.2721172
v 50.2651846 38.0314639 125.2721172
v 31.5340978 56.3523924 125.0066285
v 50.0603654 37.8266446 125.0066285
v 31.3204411 56.1387358 124.7558892
v 49.8467087 37.6124681 124.7558892
v 31.0979471 55.9162417 124.5204456
v 49.6242147 37.3899741 124.5204456
v 30.8676553 55.6859500 124.3005707
v 49.3934031 37.1596824 124.3005707
v 30.6295659 55.4478606 124.0973571
v 49.1558335 36.9215930 124.0973571
v 30.3852383 55.2035330 123.9108049
v 48.9109861 36.6772654 123.9108049
v 30.1341528 54.9524474 123.7417334
v 48.6604204 36.4261798 123.7417334
v 29.8778688 54.6961634 123.5901427
v 48.4041364 36.1698958 123.5901427
v 29.6163863 54.4346809 123.4568521
v 48.1426539 35.9084133 123.4568521
v 36.5324159 46.8449310 123.3148211
v 47.8770126 35.6427721 123.3421347
v 36.7114954 46.6341496 123.3087899
v 36.4923878 46.8859989 123.3150942
v 36.8744745 46.3583553 123.2883268
v 47.6072126 35.3734919 123.2459907
v 29.3507450 54.1690397 123.3421347
v 36.0909248 47.2013635 123.2989362
v 35.9585061 47.2712047 123.2877806
v 37.0604360 45.8143137 123.2293263
v 37.0870915 45.6196543 123.2047471
v 47.3348134 35.1010927 123.1686931
v 37.0967402 45.3319528 123.1672541
v 29.0809450 53.8992397 123.2459907
v 37.0678572 45.0982489 123.1378286
v 47.0598149 34.8260942 123.1105150
v 37.0101615 44.8434952 123.1073023
v 28.8085458 53.6268404 123.1686931
v 36.9399751 44.6522211 123.0875715
v 46.7832569 34.5495362 123.0717296
v 36.8464199 44.4555343 123.0699533
v 28.5340672 53.3523618 123.1105150
v 34.7234010 47.4691150 123.1397176
v 36.7569893 44.3096427 123.0602579
v 46.5061791 34.2719385 123.0523369
v 36.6229475 44.1278909 123.0515763
v 28.2575091 53.0758038 123.0717296
v 34.1369200 47.2811765 123.0761076
v 36.5194198 44.0148900 123.0501518
v 46.2280615 33.9938209 123.0523369
v 36.3337578 43.8452657 123.0526421
v 27.9799114 52.7982061 123.0523369
v 33.8673243 47.1185373 123.0573490
v 36.1680040 43.7284550 123.0616236
v 45.9504638 33.7167431 123.0717296
v 35.9799066 43.6192223 123.0753390
v 33.6327014 46.9274480 123.0496817
v 35.8233461 43.5496280 123.0900298
v 45.6739058 33.4401851 123.1105150
v 35.5937359 43.4718466 123.1144023
v 27.5658651 52.3841111 123.0572190
v 33.3729513 46.6243963 123.0572521
v 35.3762787 43.4285039 123.1411063
v 45.3989073 33.1651866 123.1686931
v 27.1476382 51.9659328 123.1105150
v 33.0804692 45.9880920 123.1144624
v 34.8548733 43.4155077 123.2080247
v 45.1265081 32.8927874 123.2459907
v 34.6037565 43.4564825 123.2391496
v 26.8731596 51.6914542 123.1686931
v 33.0095377 45.5015138 123.1747146
v 34.1884308 43.6026523 123.2842298
v 44.8572279 32.6229874 123.3421347
v 34.0146010 43.6952649 123.2987044
v 33.6249179 43.9961756 123.3150942
v 44.5915867 32.3573461 123.4568521
v 26.6002405 51.4190550 123.2459907
v 33.1303389 44.7672488 123.2657841
v 33.2235969 44.5518908 123.2869612
v 26.3309603 51.1492550 123.3421347
v 33.4374613 44.2052296 123.3109472
v 26.0653191 50.8836137 123.4568521
v 25.8038366 50.6221312 123.5901427
v 44.3301042 32.0958636 123.5901427
v 25.5475526 50.3658472 123.7417334
v 44.0738202 31.8395796 123.7417334
v 25.2964670 50.1147617 123.9108049
v 43.8227346 31.5890139 123.9108049
v 25.0521394 49.8704341 124.0973571
v 43.5784070 31.3441665 124.0973571
v 24.8140500 49.6323447 124.3005707
v 43.3403176 31.1065969 124.3005707
v 24.5837583 49.4020529 124.5204456
v 43.1100259 30.8757853 124.5204456
v 24.3612642 49.1795589 124.7558892
v 42.8875319 30.6532913 124.7558892
v 24.1476076 48.9659022 125.0066285
v 42.6733554 30.4396346 125.0066285
v 23.9422685 48.7610830 125.2721172
v 42.4685361 30.2348154 125.2721172
v 23.7473263 48.5656209 125.5515358
v 42.2730740 30.0393533 125.5515358
v 23.5617413 48.3800359 125.8443381
v 42.0880089 29.8537683 125.8443381
v 23.3865532 48.2053677 126.1497047
v 41.9128208 29.6791001 126.1497047
v 31.8335290 39.3981388 126.4998657
v 41.7490694 29.5148288 126.4668162
v 31.8699182 39.3586305 126.5028702
v 31.9037082 39.3165230 126.5118837
v 31.9369783 39.2666177 126.5285451
v 30.7018245 40.5298432 126.4998657
v 31.9634905 39.2198316 126.5501228
v 30.1362322 41.0954356 126.4998657
v 31.9827248 39.1772043 126.5741588
v 31.9972804 39.1392555 126.5995605
v 29.0050475 42.2266202 126.4998657
v 32.0076774 39.1054655 126.6246891
v 41.5962347 29.3619941 126.7951263
v 32.0144353 39.0753145 126.6492714
v 32.0191140 39.0493222 126.6730343
v 32.0232727 39.0014963 126.7208331
v 32.0222330 38.9640674 126.7637156
v 28.7399261 42.3924510 126.6039307
v 23.2228018 48.0410964 126.4668162
v 28.6884614 42.4064869 126.6438087
v 28.7846329 42.3758160 126.5738857
v 28.8231015 42.3586611 126.5520348
v 28.8548121 42.3415061 126.5361929
v 28.9078363 42.3077162 126.5162539
v 28.9582614 42.2692476 126.5042359
v 32.0185941 38.9344362 126.8014084
v 32.0133957 38.9110432 126.8339117
v 32.0003995 38.8762135 126.8893584
v 31.9837644 38.8460624 126.9450782
v 41.4548366 29.2211159 127.1338155
v 28.4732452 42.3893320 126.9057465
v 23.0699671 47.8882617 126.7951263
v 28.4482926 42.3742564 126.9532723
v 28.5054756 42.4028480 126.8527581
v 28.5382259 42.4111655 126.8052323
v 28.5709762 42.4153243 126.7631693
v 28.6032067 42.4163640 126.7262959
v 28.6333577 42.4148044 126.6946120
v 28.6619492 42.4116853 126.6672984
v 41.3259148 29.0921941 127.4817914
v 22.9290888 47.7473835 127.1338155
v 28.4274988 42.3565817 126.9999786
v 41.2089495 28.9752288 127.8382345
v 22.6736307 47.4919255 127.8514782
v 41.1049803 28.8707398 128.2025986
v 41.0134874 28.7797667 128.5737911
v 32.1210038 37.5646423 128.8253498
v 40.9355106 28.7012700 128.9509926
v 22.4417579 47.2600526 128.7788032
v 32.0601818 37.5038204 129.1547524
v 40.8705298 28.6362893 129.3331106
v 27.1387788 42.4821670 128.9859901
v 32.0092369 37.4528755 129.4874327
v 40.8190651 28.5848245 129.7193256
v 22.2902963 47.1085908 129.7043786
v 31.9686889 37.4123275 129.8231174
v 40.7811163 28.5468758 130.1085451
v 31.9380180 37.3816566 130.1607141
v 27.0124110 42.3553952 129.8493713
v 30.0240294 39.8518331 128.3597772
v 29.4625877 40.4217918 128.3627471
v 30.4224265 40.2500951 127.1280348
v 29.8276549 40.7867602 127.1936492
v 28.1465490 42.0755425 127.7541429
v 36.4808862 46.8742402 123.6304288
v 36.7434797 46.4230306 124.9628906
v 36.5140885 46.7419955 124.9538943
v 36.8990442 46.0837343 124.9436504
v 36.9695560 45.8073509 124.9637217
v 36.8505616 46.3963040 123.3669902
v 36.9781432 46.1265390 123.2660180
v 37.0014710 45.3118955 124.9492835
v 36.8735246 44.7422199 124.9472061
v 36.9958647 45.5951310 124.9635101
v 36.7082629 44.4122164 124.9627729
v 36.4728867 44.1066194 124.9526365
v 36.9565093 45.0254896 124.9581094
v 36.2498973 43.9069662 124.9615044
v 35.9104340 43.6955168 124.9562995
v 36.0829044 43.7918276 124.9611931
v 35.2979153 43.5102541 124.9568782
v 34.9807363 43.4980646 124.9628922
v 34.4739621 43.5819232 124.9527999
v 35.6603831 43.5914005 124.9444100
v 34.2133407 43.6864240 124.9521616
v 34.7806670 43.5174168 124.9588057
v 34.0574297 43.7705625 124.9522744
v 33.8963590 43.8773481 124.9618576
v 35.0947416 43.4011521 123.1765688
v 34.3734017 43.5243975 123.2657081
v 33.7260895 44.0239695 125.0250791
v 34.1949526 43.6040976 123.3702042
v 33.4252434 44.3772836 125.0194839
v 33.2472745 44.7059589 124.9490528
v 33.5917839 44.1667907 125.0563620
v 33.1830489 44.8955090 124.9522744
v 33.1580963 44.9890812 124.9522744
v 33.1378223 45.0842130 124.9522744
v 33.7519377 43.8783089 123.3132536
v 33.0322621 45.1683405 123.2181160
v 33.1217071 45.1803845 124.9522744
v 33.1312406 45.2737637 125.1127899
v 33.5459013 44.0829899 123.3669902
v 33.1050720 45.3737672 124.9522744
v 33.1040323 45.4709784 124.9522744
v 33.1076712 45.5681896 124.9522744
v 33.1159888 45.6648809 124.9522744
v 33.0703548 44.9725585 123.2421644
v 33.2994970 44.4110745 123.2983481
v 33.0418191 45.3711944 123.7342338
v 33.0354518 45.7755947 123.1400201
v 33.1289849 45.7610524 124.9522744
v 33.1471795 45.8567040 124.9522744
v 33.2111206 44.5877602 123.3669902
v 33.1700527 45.9513160 124.9522744
v 33.3629254 46.4235821 124.9579319
v 33.7797921 46.9231078 124.9618612
v 33.5796496 46.7277195 124.9419124
v 33.1807749 46.2816754 123.0834732
v 34.1851387 47.1955900 124.9421408
v 34.6552561 47.3552306 124.9611064
v 34.4521537 47.3018121 124.9587468
v 33.9456961 47.0513190 124.9582058
v 34.8445063 47.3853093 124.9552228
v 34.4173912 47.3924757 123.1036165
v 35.3196722 47.3806054 124.9479791
v 35.6050927 47.3167348 124.9619808
v 35.0445077 47.3963557 124.9571246
v 35.8744740 47.2176790 124.9467713
v 36.1315666 47.0712336 124.9639294
v 35.0722303 47.4902961 123.1844580
v 35.3374613 47.4702384 123.2190751
v 36.3035707 46.9441324 124.9473941
v 35.7089123 47.3792990 123.2635239
v 36.3447131 47.0207245 123.3123405
v 35.8201991 47.3295959 123.3627587
v 33.8245387 43.9504292 125.0713619
v 33.9066744 44.3002854 125.6419440
v 33.4880496 44.3670029 125.2155717
v 34.0978399 44.8263464 125.8844427
v 34.1728355 44.7587895 125.8861280
v 34.3503731 44.5521686 125.8856884
v 33.9560597 43.8443806 125.0342153
v 33.7272834 44.0928181 125.2377986
v 33.9122986 43.9229490 125.2229590
v 33.8185522 44.1352844 125.4317751
v 34.1061110 44.0735431 125.5987386
v 34.2513414 43.6933872 125.1260057
v 34.0574683 43.9584552 125.4477459
v 34.3630390 43.7081205 125.3018327
v 34.5277602 43.5938277 125.1284493
v 34.2600215 43.8889081 125.5091866
v 33.9798524 44.3819333 125.7310083
v 34.3797341 43.8105906 125.4750576
v 34.7551664 43.5484170 125.1548175
v 34.1975856 44.1510912 125.7016267
v 34.4020875 43.9421116 125.6252827
v 34.2038240 44.5389955 125.8569969
v 35.0058308 43.5783488 125.3018455
v 35.0336955 43.5209660 125.1278694
v 34.4873422 44.2670153 125.8339590
v 34.4225393 44.1050593 125.7471666
v 34.5169734 44.2534993 125.8339590
v 34.3468585 44.3036973 125.8223871
v 35.2870372 43.6235962 125.3728967
v 34.5471245 44.2405032 125.8339590
v 34.4717468 44.0829899 125.7471015
v 35.2813537 43.5336294 125.1270412
v 34.5767557 44.2280269 125.8339590
v 34.6074266 44.2165903 125.8339590
v 34.7096637 44.1938857 125.8386636
v 34.8409154 43.6682242 125.4475447
v 35.0144659 43.6780299 125.4750576
v 34.4240520 44.7084793 125.8999881
v 35.5047151 43.5830156 125.1673921
v 34.6516135 44.5846411 125.9000580
v 34.5710374 44.4271278 125.8842161
v 34.6488322 44.4196182 125.8895204
v 35.7319242 43.6445284 125.1285058
v 34.7389476 44.5487718 125.9000580
v 34.6750066 44.3845005 125.8842161
v 35.9809696 43.7573196 125.1268376
v 34.9307708 44.1438118 125.8339590
v 34.9635210 44.1412126 125.8339590
v 34.9962713 44.1396531 125.8339590
v 34.8015791 44.3417653 125.8839503
v 35.8150046 43.7367048 125.2994875
v 34.8536614 44.5152744 125.9000584
v 35.5707097 43.7328769 125.4485740
v 35.7167777 43.8069517 125.4750576
v 34.9702790 44.4993864 125.9000580
v 34.9515646 44.3236785 125.8842161
v 36.2982774 43.9763046 125.1268297
v 35.8004703 43.8528463 125.4900663
v 34.9936721 44.3205594 125.8842161
v 35.0175850 44.4962673 125.9000580
v 36.2198169 43.9798539 125.2915346
v 35.2398826 44.3232979 125.8839588
v 35.5145577 44.2223086 125.8339590
v 35.3945157 44.0220548 125.7623248
v 36.4323974 44.1905420 125.3082323
v 35.6091696 44.0725929 125.7471015
v 35.5754927 44.2467450 125.8339365
v 36.5119936 44.1871662 125.1259353
v 35.6341222 44.2742931 125.8339590
v 35.6637535 44.2893687 125.8339590
v 35.6928648 44.3054839 125.8339590
v 36.1063313 44.0234954 125.4840507
v 36.2808105 44.1729232 125.4750576
v 35.2086170 44.5028853 125.9000612
v 36.3042561 44.1957395 125.4750537
v 36.3270768 44.2191895 125.4750576
v 36.6466492 44.3699944 125.1495710
v 35.3897947 44.5570893 125.9000580
v 35.4516563 44.3912585 125.8842161
v 36.7893529 44.6128854 125.1278333
v 35.5078513 44.4410073 125.8895301
v 35.4766089 44.5950381 125.9000580
v 36.7266086 44.6171735 125.3047878
v 35.5545858 44.4364851 125.8842161
v 35.5920147 44.4557194 125.8842161
v 35.5187165 44.6173914 125.9000580
v 36.0562371 44.3548693 125.7471015
v 35.9439504 44.4879498 125.8339590
v 35.9668236 44.5103032 125.8339590
v 36.0822294 44.3793020 125.7471015
v 36.0952255 44.3917783 125.7471015
v 35.9896968 44.5331764 125.8339590
v 36.1206980 44.4177706 125.7471015
v 36.8883822 44.8599058 125.1270096
v 36.1331743 44.4307668 125.7471015
v 36.0120502 44.5560496 125.8339590
v 36.1244248 44.7023660 125.8378471
v 36.4759378 44.3930032 125.4841785
v 36.6470892 44.6993806 125.4900554
v 36.9707863 45.2519030 125.1274252
v 36.6930483 44.7832223 125.4750576
v 35.7354376 44.6012805 125.8926834
v 35.8155485 44.6158319 125.8842161
v 35.7089800 44.7577498 125.9000580
v 36.8822486 45.2214809 125.3648959
v 35.8358224 44.6345463 125.8842161
v 35.8555766 44.6543005 125.8842161
v 35.7422502 44.7910200 125.9000580
v 36.9771668 45.5462462 125.1273074
v 35.8748109 44.6740546 125.8842161
v 36.2106313 44.8362465 125.8339590
v 36.2257069 44.8658778 125.8339590
v 36.3380285 44.6820915 125.7451977
v 36.1945161 44.8071352 125.8339590
v 36.9192271 45.5212788 125.3042435
v 35.8993257 44.7652918 125.8926811
v 36.2532550 44.9245072 125.8339365
v 36.4274071 44.8908304 125.7471015
v 36.2776914 44.9854423 125.8339590
v 35.8826086 44.9812835 125.9000580
v 36.8007691 45.3422923 125.5046857
v 36.9326065 45.8600611 125.1502159
v 36.0370028 44.8955090 125.8842161
v 36.8219701 45.4855341 125.4750576
v 35.9049619 45.0233911 125.9000580
v 36.7956155 45.5568780 125.5111154
v 36.0572768 44.9329379 125.8842161
v 36.8310016 46.0116111 125.3070503
v 36.0577933 44.9894560 125.8895306
v 36.8337847 46.1824328 125.1279021
v 35.9429107 45.1102053 125.9000580
v 36.1035431 45.0353475 125.8842161
v 36.1766208 45.2587643 125.8839567
v 36.7405966 46.2477395 125.3034651
v 36.5619579 45.4886311 125.7328037
v 36.3523033 45.2377461 125.8356436
v 36.3603469 45.5037287 125.8339590
v 36.3587874 45.5364790 125.8339590
v 36.3561882 45.5692292 125.8339590
v 36.6894094 46.1202659 125.4750576
v 36.6798297 46.1423153 125.4750252
v 36.6628972 46.1810878 125.4750576
v 36.6132399 46.2333821 125.5097094
v 35.9971147 45.2913830 125.9000612
v 36.4811683 46.6482713 125.3048885
v 36.4720335 46.7487996 125.1280899
v 36.4045338 46.7321245 125.3057130
v 36.0037327 45.4824150 125.9000580
v 36.3723034 46.7653946 125.3057130
v 36.1799604 45.4922921 125.8842161
v 36.3390333 46.7976251 125.3057130
v 36.0006136 45.5297210 125.9000580
v 36.1778810 45.5343996 125.8842161
v 36.2834097 45.8925734 125.8339590
v 36.2719731 45.9227244 125.8339590
v 36.4242880 46.0110982 125.7471015
v 36.2600167 45.9528755 125.8339590
v 36.2591993 46.8702686 125.3056579
v 36.1577695 45.6994188 125.8839431
v 36.2470205 45.9830266 125.8339590
v 36.2329847 46.0126578 125.8339590
v 36.1209651 46.2121679 125.8352019
v 36.2851044 46.9288338 125.1270094
v 36.5341366 46.4628260 125.4437525
v 36.3494302 46.6510285 125.4750576
v 35.9847059 45.6462134 125.9000585
v 36.2988725 46.6870378 125.4927126
v 35.9512282 45.7610524 125.9000580
v 36.2886082 46.7128902 125.4750576
v 36.1201781 45.8119973 125.8842161
v 36.0823471 45.8452199 125.8895325
v 35.8764895 47.1878185 125.1281660
v 35.9153589 45.8483865 125.9000580
v 36.0791103 45.9159664 125.8842161
v 36.1537427 46.8575226 125.4507785
v 35.6195364 47.2888348 125.1276318
v 35.8302634 47.1471548 125.3005306
v 35.9782602 46.3718713 125.8339590
v 35.6079742 47.2274610 125.3057247
v 35.9867557 46.0936116 125.8839828
v 35.9559068 46.3942247 125.8339590
v 36.0759912 46.5200274 125.7471015
v 35.9325138 46.4155383 125.8339590
v 35.9428502 47.0012232 125.4468627
v 35.7874768 47.0559885 125.4750576
v 35.7576921 47.0694989 125.4751862
v 35.8356291 45.9950157 125.9000602
v 35.7266548 47.0825006 125.4750576
v 35.8602552 46.2346320 125.8842161
v 35.7256151 46.1192262 125.9000580
v 35.8410209 46.2538663 125.8842161
v 35.1443332 47.3104618 125.3064835
v 35.8212668 46.2725807 125.8842161
v 35.6913053 46.1519765 125.9000580
v 34.8961375 47.2989852 125.3245477
v 35.6793488 46.5959249 125.8339590
v 35.6491978 46.6115202 125.8339590
v 35.8832026 46.6755300 125.7528665
v 35.6195666 46.6260759 125.8339590
v 35.7176480 46.3647679 125.8839765
v 35.5894155 46.6401118 125.8339590
v 35.6684321 46.7955457 125.7471015
v 34.9088931 47.3698405 125.1267936
v 35.6273594 46.8138230 125.7470838
v 35.5345658 46.6638304 125.8339034
v 35.6008521 46.8246571 125.7471015
v 35.4989623 46.6765010 125.8339590
v 35.6012400 46.2259303 125.9000583
v 35.4979226 46.2876563 125.9000580
v 35.5862964 46.4404909 125.8842161
v 34.5772378 47.3084547 125.1541332
v 35.5483477 46.4602451 125.8842161
v 35.4552953 46.3084501 125.9000580
v 34.4551238 47.2128810 125.3082770
v 35.4870165 46.4881468 125.8842160
v 34.3192337 47.2271372 125.1281553
v 35.4116282 46.3276844 125.9000580
v 35.4443785 46.5044320 125.8842161
v 35.3674413 46.3443195 125.9000580
v 35.3055871 46.7418575 125.8339395
v 34.2215603 47.1187232 125.3053916
v 35.0451369 46.7549977 125.8339590
v 35.0487758 46.9291461 125.7471015
v 35.0123866 46.7544779 125.8339590
v 34.0955191 47.1181832 125.1274674
v 35.2313692 46.5718932 125.8840085
v 34.9796363 46.7529183 125.8339590
v 34.9474058 46.7508389 125.8339590
v 34.9146555 46.7477199 125.8339590
v 34.3090351 47.0513099 125.4750576
v 33.8892888 46.9763151 125.1502352
v 35.1809447 46.3946132 125.9000615
v 33.7945193 46.8230002 125.3084395
v 34.1230665 46.9492865 125.4874330
v 34.9941920 46.3957842 125.9000580
v 33.6161781 46.7331227 125.1285374
v 34.9863943 46.5725318 125.8842161
v 34.9442868 46.5694127 125.8842161
v 34.9468860 46.3916254 125.9000580
v 34.6531731 46.6920964 125.8339590
v 34.6225021 46.6822193 125.8339590
v 34.5918312 46.6713025 125.8339590
v 34.5616802 46.6593461 125.8339590
v 34.4972193 46.8210181 125.7471015
v 34.7546101 46.4874437 125.8931689
v 34.4675914 46.8088656 125.7470744
v 34.5320490 46.6468698 125.8339590
v 34.5024177 46.6333538 125.8339590
v 34.4296393 46.7913869 125.7471015
v 34.4727865 46.6193179 125.8339590
v 33.8958223 46.7622077 125.5036526
v 34.7618208 46.3521171 125.9000580
v 34.7077569 46.5205472 125.8842161
v 33.7793121 46.6744216 125.4750576
v 33.7647564 46.6588262 125.4750576
v 33.7502008 46.6432308 125.4750576
v 34.6682486 46.5065114 125.8842161
v 34.7171141 46.3360019 125.9000580
v 34.6291552 46.4915108 125.8842107
v 34.6729272 46.3183272 125.9000580
v 34.6032679 46.4810389 125.8842161
v 33.3736731 46.3868833 125.1429378
v 34.5647993 46.4633642 125.8842161
v 34.6297800 46.2985730 125.9000580
v 34.1868713 46.4269750 125.8339590
v 34.1629584 46.4051414 125.8339590
v 34.2107842 46.4477688 125.8339590
v 34.1720630 46.3284585 125.8601166
v 34.4392045 46.3987440 125.8839851
v 33.9856909 46.4753206 125.7471015
v 33.9732146 46.4623245 125.7471015
v 34.0948586 46.3370416 125.8339590
v 33.9612582 46.4493283 125.7471015
v 33.9348659 46.4201513 125.7471195
v 34.0730250 46.3131287 125.8339590
v 34.0522312 46.2892158 125.8339590
v 33.9045950 46.3843476 125.7471015
v 34.0319572 46.2647830 125.8339590
v 34.5258479 46.2400304 125.9000583
v 34.4327584 46.1675719 125.9000580
v 34.3220312 46.3053310 125.8842161
v 34.2908405 46.2777792 125.8842161
v 34.3979287 46.1358613 125.9000580
v 34.2804436 46.2684220 125.8842161
v 34.3641387 46.1020713 125.9000580
v 34.2414551 46.2294335 125.8842161
v 34.2222208 46.2091595 125.8842161
v 34.3324281 46.0672416 125.9000580
v 34.2035064 46.1883657 125.8842161
v 34.1858316 46.1675719 125.8842161
v 34.3022771 46.0303325 125.9000580
v 34.0127229 46.2398304 125.8339590
v 34.1681568 46.1452185 125.8842161
v 33.9210920 46.0639585 125.8424070
v 34.0452938 45.9701285 125.8839388
v 33.2927364 44.6657371 125.1227115
v 33.6306845 44.3032625 125.3929955
v 33.9113530 44.5253787 125.7566613
v 34.0283053 44.4821821 125.7934375
v 34.1587996 44.8653579 125.8932296
v 34.2056978 45.0071093 125.9000346
v 34.1733553 44.8435244 125.8932296
v 34.5462703 43.7206005 125.4377188
v 34.3984486 43.8688134 125.5531746
v 34.4629095 43.9987748 125.6902892
v 34.6699823 43.9892620 125.7371792
v 34.6729446 43.7774620 125.5575282
v 35.1987911 43.6986737 125.5026275
v 35.0134263 43.7388519 125.5531746
v 35.0534544 43.8074715 125.6252827
v 34.9905411 43.9406282 125.7346550
v 35.4514420 43.8003981 125.5731993
v 35.6933847 43.8630951 125.5531746
v 35.7043014 43.9421116 125.6252827
v 35.3878959 43.9081225 125.6859469
v 35.6393207 43.9966954 125.6902892
v 35.9833582 44.0166451 125.5583987
v 35.8167725 44.1613052 125.7451538
v 36.2350641 44.2134712 125.5531746
v 36.2127107 44.2872893 125.6252827
v 36.2792510 44.2576581 125.5531746
v 35.9558713 44.1483013 125.6798624
v 36.1352537 44.3174404 125.6902892
v 36.1820398 44.3647463 125.6902892
v 36.4604256 44.5064120 125.5745915
v 36.3413718 44.5461193 125.6874830
v 36.8523140 44.9247973 125.2939347
v 36.5578884 44.7956986 125.6252827
v 36.7666769 44.9289478 125.4491217
v 36.6327462 44.7967383 125.5531746
v 36.4996656 44.8518419 125.6902892
v 36.7012603 45.0483421 125.5714650
v 36.4941393 44.9816270 125.7299422
v 36.6925285 45.4465456 125.6252827
v 36.5328148 45.1859818 125.7405262
v 36.7611481 45.4761768 125.5531746
v 36.8263808 45.7669596 125.4332680
v 36.7265327 46.0018416 125.4905886
v 36.7021815 45.7878921 125.5824549
v 36.6672241 46.4982824 125.1441511
v 36.5578884 46.0979125 125.6252827
v 36.6348256 46.0916744 125.5531746
v 36.5116426 45.8205069 125.7384496
v 36.6098730 46.1504169 125.5531746
v 36.5012252 46.0370905 125.6902892
v 36.3869260 46.1590127 125.7313286
v 36.4365287 46.4211978 125.5746713
v 36.2425947 46.3698817 125.7381688
v 36.2901677 46.6250362 125.5531746
v 36.2127107 46.6058019 125.6252827
v 36.0841633 47.0644051 125.1651913
v 36.2387030 46.6765010 125.5531746
v 36.1388926 46.5720120 125.6902892
v 35.9387757 46.7591182 125.6785243
v 35.9998055 46.8643035 125.5625978
v 35.5852328 47.1277051 125.4919180
v 35.7672028 46.9988054 125.5531746
v 35.7043014 46.9509796 125.6252827
v 35.3096397 47.3527030 125.1494934
v 35.7079404 47.0242779 125.5531746
v 35.8386623 46.4993058 125.8343378
v 35.3739749 47.2199774 125.4320645
v 35.7069007 46.8672844 125.6902892
v 35.6439993 46.8948362 125.6902892
v 35.4235998 46.9383537 125.7173320
v 35.0471254 47.2147982 125.4782839
v 35.1430163 47.1419597 125.5704565
v 34.6467387 47.2017151 125.4331598
v 35.1768872 46.9529873 125.7316344
v 35.0217438 47.0102420 125.6902892
v 34.7300951 47.1071178 125.5754439
v 34.8789460 46.9526246 125.7285998
v 34.4355484 47.0854272 125.5037877
v 34.4020875 46.9509796 125.6252827
v 34.3449044 47.0008848 125.5531746
v 34.8281414 46.7298160 125.8387990
v 34.6025923 46.8950717 125.7278958
v 34.4670682 46.8963958 125.6902892
v 34.4046867 46.8693638 125.6902892
v 34.2318064 46.7462614 125.7166226
v 33.8941981 46.6058019 125.6252827
v 33.8203799 46.6286752 125.5531746
v 34.3546501 46.5579775 125.8345755
v 33.8063441 46.6141195 125.5531746
v 33.5582097 46.5638589 125.3123405
v 33.7995861 46.6068416 125.5531746
v 34.0697600 46.5913687 125.7328803
v 33.6221989 46.5203619 125.4498636
v 33.9243491 46.5288647 125.6902892
v 33.9056347 46.5091106 125.6902892
v 33.2781807 46.0183761 125.3057130
v 33.3254865 46.1952110 125.2670810
v 33.8879599 46.4893565 125.6902892
v 33.2615027 45.9649153 125.3053175
v 33.2383509 46.1348551 125.0778542
v 33.2516686 45.9294824 125.3057130
v 33.1939657 45.9450778 125.1281743
v 33.1851283 45.9102481 125.1281743
v 33.2416166 45.8902614 125.3054764
v 33.1742115 45.8634620 125.1281743
v 33.2298350 45.8390293 125.3057130
v 33.1671213 45.8309366 125.1282553
v 33.2232511 45.8057583 125.3059237
v 33.4475787 46.2569254 125.4386790
v 33.1560169 45.7693699 125.1281743
v 33.2126801 45.7475364 125.3057130
v 33.1451141 45.7015539 125.1283275
v 33.2059681 45.7044252 125.3054214
v 33.2002038 45.6555237 125.3057130
v 33.1409414 45.6622817 125.1281743
v 33.1340764 45.5956255 125.1280166
v 33.1952524 45.6095882 125.3057950
v 33.1918863 45.5629911 125.3057130
v 33.1326238 45.5666300 125.1281743
v 33.3696736 45.9892647 125.4750576
v 33.4928770 45.9492366 125.6252827
v 33.4809206 45.9102481 125.6252827
v 33.1295048 45.5068477 125.1281743
v 33.1887925 45.4968767 125.3055375
v 33.1289849 45.4829348 125.1281743
v 33.1882474 45.4699387 125.3057130
v 33.3487465 45.9211218 125.4749351
v 33.4700038 45.8712597 125.6252827
v 33.1885927 45.4082034 125.3058485
v 33.3447210 45.9045298 125.4750576
v 33.4596069 45.8317514 125.6252827
v 33.1284107 45.4509427 125.1281555
v 33.3352655 45.8674740 125.4752813
v 33.1295048 45.3867633 125.1281743
v 33.1898069 45.3768863 125.3057130
v 33.4507695 45.7917233 125.6252827
v 33.3260065 45.8296720 125.4750576
v 33.4424520 45.7516951 125.6252827
v 33.3177294 45.7903724 125.4751070
v 33.4351741 45.7111472 125.6252827
v 33.1954251 45.2783380 125.3057501
v 33.3093714 45.7428578 125.4750576
v 33.2988108 45.6767127 125.4747015
v 33.4294558 45.6705992 125.6252827
v 33.2059221 45.1918211 125.3057130
v 33.4242574 45.6300512 125.6252827
v 33.1466597 45.1835036 125.1281743
v 33.2953356 45.6446069 125.4750576
v 33.4200986 45.5895032 125.6252827
v 33.1561631 45.1235646 125.1282610
v 33.2098507 45.1618417 125.3053105
v 33.2209976 45.0998084 125.3057130
v 33.2916628 45.6115043 125.4750619
v 33.1622551 45.0888916 125.1281743
v 33.2885776 45.5676697 125.4750576
v 33.4169795 45.5489553 125.6252827
v 33.6420728 45.9014108 125.7471015
v 33.1988839 45.0530041 125.2409182
v 33.8079036 45.8478666 125.8339590
v 33.6767703 45.9910206 125.7530810
v 33.4149002 45.5078874 125.6252827
v 33.1794100 45.0067560 125.1281743
v 33.2402319 45.0088354 125.3057130
v 33.2850306 45.5060972 125.4751644
v 33.7938678 45.8010805 125.8339590
v 33.2354055 44.8160045 125.1466373
v 33.4138605 45.4673394 125.6252827
v 33.6302954 45.8636023 125.7470813
v 33.2844188 45.4688990 125.4750576
v 33.6238782 45.8395491 125.7471015
v 33.7897090 45.7854851 125.8339590
v 33.4138605 45.4262716 125.6252827
v 33.7855503 45.7698898 125.8339590
v 33.3001201 44.8158347 125.3198628
v 33.7777526 45.7381792 125.8339590
v 33.2308747 44.7764643 125.0366735
v 33.4149002 45.3852038 125.6252827
v 33.6173236 45.8151469 125.7471688
v 33.2876943 45.3199626 125.4753991
v 33.6056836 45.7678104 125.7471015
v 33.7741137 45.7220639 125.8339590
v 33.4169795 45.3446558 125.6252827
v 33.6020447 45.7496158 125.7471015
v 33.7709946 45.7059487 125.8339590
v 33.7647564 45.6737183 125.8339590
v 33.4200986 45.3035880 125.6252827
v 33.7621572 45.6581229 125.8339590
v 33.4242574 45.2630400 125.6252827
v 33.5880554 45.6753562 125.7470596
v 33.7595580 45.6420077 125.8339590
v 33.7548794 45.6092574 125.8339590
v 33.4294558 45.2224920 125.6252827
v 33.3010539 45.2048173 125.4750576
v 33.5812508 45.6217337 125.7471015
v 33.4351741 45.1819441 125.6252827
v 33.3057325 45.1720670 125.4750576
v 33.7501921 45.5672227 125.8339264
v 33.3130104 45.1283999 125.4750576
v 33.4424520 45.1419159 125.6252827
v 33.5764439 45.5793650 125.7470904
v 33.5744928 45.5484354 125.7471015
v 33.7476015 45.5281614 125.8339590
v 33.3220913 45.0809399 125.4749409
v 33.4507695 45.1018878 125.6252827
v 33.5729333 45.5297210 125.7471015
v 34.1971046 45.8729049 125.9000610
v 33.4596069 45.0618597 125.6252827
v 33.9778933 45.7860050 125.8842161
v 33.3312050 45.0421055 125.4750576
v 33.5709832 45.4795260 125.7471368
v 33.7455221 45.4792959 125.8339590
v 33.7450023 45.4631807 125.8339590
v 33.9695757 45.7589730 125.8842161
v 34.1348867 45.6929526 125.9000580
v 33.5708539 45.4652601 125.7471015
v 33.7450315 45.4343362 125.8339597
v 33.9659368 45.7454570 125.8842161
v 33.5708539 45.4189938 125.7471015
v 33.3497583 44.9683803 125.4749509
v 33.3509300 44.5560078 125.1523556
v 33.5713738 45.4002793 125.7471015
v 33.7460420 45.3976801 125.8339590
v 33.9555399 45.7043892 125.8842161
v 34.1234501 45.6466863 125.9000580
v 33.5731757 45.3633882 125.7471240
v 33.7465618 45.3815649 125.8339590
v 33.9493017 45.6773572 125.8842161
v 33.7486412 45.3488146 125.8339590
v 33.5755325 45.3264612 125.7471015
v 33.9441033 45.6498054 125.8842161
v 34.1146127 45.5999001 125.9000580
v 33.5770921 45.3082666 125.7471015
v 33.7512404 45.3165841 125.8339590
v 33.9404643 45.6284917 125.8842161
v 33.5791715 45.2900720 125.7471015
v 33.7548794 45.2838339 125.8339590
v 33.5833302 45.2531629 125.7471015
v 33.7569588 45.2677186 125.8339590
v 33.9352659 45.5941818 125.8842161
v 34.1083746 45.5531140 125.9000580
v 33.5848898 45.2438057 125.7471015
v 33.9331865 45.5801460 125.8842161
v 33.5061176 44.8767671 125.6211501
v 33.9302923 45.5536890 125.8842102
v 33.5889283 45.2132039 125.7470157
v 33.7647564 45.2193730 125.8339590
v 33.5947668 45.1798647 125.7471015
v 33.7678755 45.2032577 125.8339590
v 34.1042158 45.5058080 125.9000580
v 33.9279880 45.5240027 125.8842161
v 33.7749484 45.1681446 125.8339760
v 33.9274682 45.5099668 125.8842161
v 34.1021364 45.4585021 125.9000580
v 33.7813915 45.1398365 125.8339590
v 33.6091628 45.1099417 125.7471607
v 33.6145210 45.0899313 125.7471015
v 33.7855503 45.1237213 125.8339590
v 33.9259087 45.4678593 125.8842161
v 33.7938678 45.0925306 125.8339590
v 33.6552885 44.9277082 125.7439219
v 33.9254853 45.4220311 125.8842158
v 34.1031761 45.4111961 125.9000580
v 33.5090340 44.4411567 125.3579577
v 33.4868945 44.6303761 125.4854424
v 33.9264285 45.4044381 125.8842161
v 33.9274682 45.3836443 125.8842161
v 33.9290277 45.3555726 125.8842161
v 33.9623586 45.3065603 125.8901641
v 34.1109738 45.3165841 125.9000580
v 33.9352659 45.2994292 125.8842161
v 33.9368254 45.2853934 125.8842161
v 34.1187715 45.2697980 125.9000580
v 33.6643275 44.6612381 125.6667162
v 33.7151985 44.4569681 125.6034730
v 33.9441033 45.2438057 125.8842161
v 33.9524208 45.2027379 125.8842161
v 34.1286486 45.2235317 125.9000580
v 33.9555399 45.1887021 125.8842161
v 33.9659368 45.1481541 125.8842161
v 34.1411249 45.1777853 125.9000580
v 33.7956663 44.6468795 125.7453107
v 33.8435969 44.2637132 125.5741160
v 33.8978370 44.4182905 125.7031266
v 33.9160328 44.7996710 125.8381583
v 35.2617409 44.1476153 125.8356372
v 35.7986278 44.3767183 125.8379165
v 36.3061687 45.7898831 125.8386949
v 33.7230386 46.4415208 125.6109883
v 33.5646187 46.1638052 125.6192933
v 33.8480011 46.1987224 125.7856262
v 35.8030722 45.4559028 125.9000580
v 35.8025523 45.4184739 125.9000580
v 35.8020325 45.4933317 125.9000580
v 35.8004729 45.3815649 125.9000580
v 35.7983935 45.5307606 125.9000580
v 35.7963142 45.3441360 125.9000580
v 35.7937149 45.5676697 125.9000580
v 35.7900760 45.3072269 125.9000580
v 35.7864371 45.6045788 125.9000580
v 35.7822783 45.2708377 125.9000580
v 35.7775997 45.6409680 125.9000580
v 35.7729211 45.2344485 125.9000580
v 35.7672028 45.6768373 125.9000580
v 35.7609646 45.1990990 125.9000580
v 35.7547265 45.7121869 125.9000580
v 35.7479685 45.1637495 125.9000580
v 35.7406906 45.7464967 125.9000580
v 35.7328930 45.1299595 125.9000580
v 35.7250953 45.7802867 125.9000580
v 35.7162579 45.0961695 125.9000580
v 35.7074205 45.8135568 125.9000580
v 35.6980633 45.0634192 125.9000580
v 35.6881862 45.8457873 125.9000580
v 35.6783091 45.0317086 125.9000580
v 35.6679122 45.8769780 125.9000580
v 35.6569955 45.0015575 125.9000580
v 35.6455588 45.9071291 125.9000580
v 35.6336024 44.9719263 125.9000580
v 35.6216459 45.9357206 125.9000580
v 35.6091696 44.9433348 125.9000580
v 35.5966933 45.9637923 125.9000580
v 35.5836972 44.9163028 125.9000580
v 35.5701812 45.9903044 125.9000580
v 35.5566652 44.8908304 125.9000580
v 35.5426294 46.0152570 125.9000580
v 35.5280737 44.8663976 125.9000580
v 35.5135180 46.0386501 125.9000580
v 35.4984425 44.8430045 125.9000580
v 35.4833669 46.0610034 125.9000580
v 35.4682914 44.8216909 125.9000580
v 35.4521762 46.0817973 125.9000580
v 35.4365808 44.8019367 125.9000580
v 35.4199457 46.1010316 125.9000580
v 35.4038305 44.7837421 125.9000580
v 35.3871954 46.1181865 125.9000580
v 35.3700405 44.7671070 125.9000580
v 35.3534055 46.1343017 125.9000580
v 35.3362505 44.7520315 125.9000580
v 35.3185758 46.1483376 125.9000580
v 35.3009010 44.7390354 125.9000580
v 35.2832263 46.1608139 125.9000580
v 35.2655515 44.7270789 125.9000580
v 35.2473569 46.1712108 125.9000580
v 35.2291623 44.7177217 125.9000580
v 35.2109677 46.1800482 125.9000580
v 35.1927731 44.7099240 125.9000580
v 35.1745785 46.1868062 125.9000580
v 35.1558640 44.7036858 125.9000580
v 35.1371496 46.1920046 125.9000580
v 35.1184351 44.6995271 125.9000580
v 35.1002405 46.1951237 125.9000580
v 35.0815261 44.6974477 125.9000580
v 35.0628116 46.1966832 125.9000580
v 35.0440972 44.6969278 125.9000580
v 35.0253827 46.1961634 125.9000580
v 35.0066683 44.6979675 125.9000580
v 34.9879538 46.1940840 125.9000580
v 34.9692394 44.7016065 125.9000580
v 34.9505249 46.1894054 125.9000580
v 34.9323303 44.7062851 125.9000580
v 34.9136158 46.1836871 125.9000580
v 34.8954212 44.7135629 125.9000580
v 34.8772266 46.1758894 125.9000580
v 34.8590320 44.7224003 125.9000580
v 34.8413573 46.1660123 125.9000580
v 34.8231627 44.7327972 125.9000580
v 34.8054879 46.1545757 125.9000580
v 34.7878131 44.7452735 125.9000580
v 34.7706582 46.1415796 125.9000580
v 34.7535033 44.7593094 125.9000580
v 34.7363484 46.1265040 125.9000580
v 34.7197133 44.7749047 125.9000580
v 34.7030783 46.1098690 125.9000580
v 34.6864432 44.7925795 125.9000580
v 34.6703280 46.0916744 125.9000580
v 34.6542127 44.8118138 125.9000580
v 34.6386174 46.0714004 125.9000580
v 34.6230220 44.8320878 125.9000580
v 34.6079465 46.0500867 125.9000580
v 34.5928709 44.8544412 125.9000580
v 34.5783152 46.0272135 125.9000580
v 34.5642794 44.8783541 125.9000580
v 34.5502436 46.0027807 125.9000580
v 34.5362077 44.9033067 125.9000580
v 34.5232116 45.9767884 125.9000580
v 34.5096956 44.9298188 125.9000580
v 34.4972193 45.9497564 125.9000580
v 34.4847430 44.9573706 125.9000580
v 34.4727865 45.9216848 125.9000580
v 34.4613499 44.9864820 125.9000580
v 34.4499133 45.8920535 125.9000580
v 34.4389966 45.0166331 125.9000580
v 34.4285996 45.8613826 125.9000580
v 34.4182027 45.0478238 125.9000580
v 34.4083256 45.8296720 125.9000580
v 34.3989684 45.0800543 125.9000580
v 34.3901310 45.7969217 125.9000580
v 34.3818135 45.1128046 125.9000580
v 34.3734960 45.7636516 125.9000580
v 34.3656983 45.1465945 125.9000580
v 34.3584204 45.7293418 125.9000580
v 34.3516624 45.1814242 125.9000580
v 34.3454243 45.6945121 125.9000580
v 34.3391861 45.2167737 125.9000580
v 34.3339877 45.6586427 125.9000580
v 34.3287892 45.2526431 125.9000580
v 34.3241106 45.6227734 125.9000580
v 34.3199518 45.2890323 125.9000580
v 34.3163129 45.5858643 125.9000580
v 34.3131938 45.3254215 125.9000580
v 34.3105946 45.5494751 125.9000580
v 34.3079954 45.3628504 125.9000580
v 34.3059160 45.5120462 125.9000580
v 34.3048763 45.3997595 125.9000580
v 34.3038366 45.4746173 125.9000580
v 34.3033168 45.4371884 125.9000580
v 35.5836972 44.9163028 117.8998901
v 35.6091696 44.9433348 117.8998901
v 35.6336024 44.9719263 117.8998901
v 35.6569955 45.0015575 117.8998901
v 35.6783091 45.0317086 117.8998901
v 35.6980633 45.0634192 117.8998901
v 35.7162579 45.0961695 117.8998901
v 35.7328930 45.1299595 117.8998901
v 35.7479685 45.1637495 117.8998901
v 35.7609646 45.1990990 117.8998901
v 35.7729211 45.2344485 117.8998901
v 35.7822783 45.2708377 117.8998901
v 35.7900760 45.3072269 117.8998901
v 35.7963142 45.3441360 117.8998901
v 35.8004729 45.3815649 117.8998901
v 35.8025523 45.4184739 117.8998901
v 35.8030722 45.4559028 117.8998901
v 35.8020325 45.4933317 117.8998901
v 35.7983935 45.5307606 117.8998901
v 35.7937149 45.5676697 117.8998901
v 35.7864371 45.6045788 117.8998901
v 35.7775997 45.6409680 117.8998901
v 35.7672028 45.6768373 117.8998901
v 35.7547265 45.7121869 117.8998901
v 35.7406906 45.7464967 117.8998901
v 35.7250953 45.7802867 117.8998901
v 35.7074205 45.8135568 117.8998901
v 35.6881862 45.8457873 117.8998901
v 35.6679122 45.8769780 117.8998901
v 35.6455588 45.9071291 117.8998901
v 35.6216459 45.9357206 117.8998901
v 35.5966933 45.9637923 117.8998901
v 35.5701812 45.9903044 117.8998901
v 35.5426294 46.0152570 117.8998901
v 35.5135180 46.0386501 117.8998901
v 35.4833669 46.0610034 117.8998901
v 35.4521762 46.0817973 117.8998901
v 35.4199457 46.1010316 117.8998901
v 35.3871954 46.1181865 117.8998901
v 35.3534055 46.1343017 117.8998901
v 35.3185758 46.1483376 117.8998901
v 35.2832263 46.1608139 117.8998901
v 35.2473569 46.1712108 117.8998901
v 35.2109677 46.1800482 117.8998901
v 35.1745785 46.1868062 117.8998901
v 35.1371496 46.1920046 117.8998901
v 35.1002405 46.1951237 117.8998901
v 35.0628116 46.1966832 117.8998901
v 35.0253827 46.1961634 117.8998901
v 34.9879538 46.1940840 117.8998901
v 34.9505249 46.1894054 117.8998901
v 34.9136158 46.1836871 117.8998901
v 34.8772266 46.1758894 117.8998901
v 34.8413573 46.1660123 117.8998901
v 34.8054879 46.1545757 117.8998901
v 34.7706582 46.1415796 117.8998901
v 34.7363484 46.1265040 117.8998901
v 34.7030783 46.1098690 117.8998901
v 34.6703280 46.0916744 117.8998901
v 34.6386174 46.0714004 117.8998901
v 34.6079465 46.0500867 117.8998901
v 34.5783152 46.0272135 117.8998901
v 34.5502436 46.0027807 117.8998901
v 34.5232116 45.9767884 117.8998901
v 34.4972193 45.9497564 117.8998901
v 34.4727865 45.9216848 117.8998901
v 34.4499133 45.8920535 117.8998901
v 34.4285996 45.8613826 117.8998901
v 34.4083256 45.8296720 117.8998901
v 34.3901310 45.7969217 117.8998901
v 34.3734960 45.7636516 117.8998901
v 34.3584204 45.7293418 117.8998901
v 34.3454243 45.6945121 117.8998901
v 34.3339877 45.6586427 117.8998901
v 34.3241106 45.6227734 117.8998901
v 34.3163129 45.5858643 117.8998901
v 34.3105946 45.5494751 117.8998901
v 34.3059160 45.5120462 117.8998901
v 34.3038366 45.4746173 117.8998901
v 34.3033168 45.4371884 117.8998901
v 34.3048763 45.3997595 117.8998901
v 34.3079954 45.3628504 117.8998901
v 34.3131938 45.3254215 117.8998901
v 34.3199518 45.2890323 117.8998901
v 34.3287892 45.2526431 117.8998901
v 34.3391861 45.2167737 117.8998901
v 34.3516624 45.1814242 117.8998901
v 34.3656983 45.1465945 117.8998901
v 34.3818135 45.1128046 117.8998901
v 34.3989684 45.0800543 117.8998901
v 34.4182027 45.0478238 117.8998901
v 34.4389966 45.0166331 117.8998901
v 34.4613499 44.9864820 117.8998901
v 34.4847430 44.9573706 117.8998901
v 34.5096956 44.9298188 117.8998901
v 34.5362077 44.9033067 117.8998901
v 34.5642794 44.8783541 117.8998901
v 34.5928709 44.8544412 117.8998901
v 34.6230220 44.8320878 117.8998901
v 34.6542127 44.8118138 117.8998901
v 34.6864432 44.7925795 117.8998901
v 34.7197133 44.7749047 117.8998901
v 34.7535033 44.7593094 117.8998901
v 34.7878131 44.7452735 117.8998901
v 34.8231627 44.7327972 117.8998901
v 34.8590320 44.7224003 117.8998901
v 34.8954212 44.7135629 117.8998901
v 34.9323303 44.7062851 117.8998901
v 34.9692394 44.7016065 117.8998901
v 35.0066683 44.6979675 117.8998901
v 35.0440972 44.6969278 117.8998901
v 35.0815261 44.6974477 117.8998901
v 35.1184351 44.6995271 117.8998901
v 35.1558640 44.7036858 117.8998901
v 35.1927731 44.7099240 117.8998901
v 35.2291623 44.7177217 117.8998901
v 35.2655515 44.7270789 117.8998901
v 35.3009010 44.7390354 117.8998901
v 35.3362505 44.7520315 117.8998901
v 35.3700405 44.7671070 117.8998901
v 35.4038305 44.7837421 117.8998901
v 35.4365808 44.8019367 117.8998901
v 35.4682914 44.8216909 117.8998901
v 35.4984425 44.8430045 117.8998901
v 35.5280737 44.8663976 117.8998901
v 35.5566652 44.8908304 117.8998901
v 40.0736061 51.7397999 126.4998657
v 40.1479440 51.7023710 126.4998657
v 40.1021976 51.7683914 126.4998657
v 40.1962897 51.6379101 126.4998657
v 40.2472346 51.5755286 126.4998657
v 39.2959166 52.5174893 126.4998657
v 41.3087599 50.5415551 126.4998657
v 41.3467087 50.4672172 126.4998657
v 41.3753002 50.4958087 126.4998657
v 41.2442990 50.5899008 126.4998657
v 41.1819175 50.6408457 126.4998657
v 40.6902409 51.1065241 126.4998659
v 42.1243981 49.6895277 126.4998657
v 29.6792876 39.5067865 126.4998657
v 29.9229449 39.2559811 126.4998657
v 29.9730006 39.1709661 126.4998657
v 30.0265447 39.0909098 126.4998657
v 30.0759300 39.0082543 126.4998657
v 30.1211566 38.9229996 126.4998657
v 30.1627443 38.8361854 126.4998657
v 30.1996534 38.7472917 126.4998657
v 30.2324037 38.6563187 126.4998657
v 30.2609952 38.5643060 126.4998657
v 30.2849081 38.4712535 126.4998657
v 30.3041424 38.3766416 126.4998657
v 30.3186981 38.2815098 126.4998657
v 30.3290950 38.1858582 126.4998657
v 30.3348133 38.0896867 126.4998657
v 30.3353331 37.9929953 126.4998657
v 30.3316942 37.8968238 126.4998657
v 27.5999041 40.7289442 126.4998657
v 27.6960756 40.7279045 126.4998657
v 27.5032128 40.7253053 126.4998657
v 27.7922471 40.7227061 126.4998657
v 27.8878987 40.7123091 126.4998657
v 27.9835504 40.6977535 126.4998657
v 28.0776425 40.6779993 126.4998657
v 28.1712147 40.6540864 126.4998657
v 28.2632275 40.6260147 126.4998657
v 28.3536806 40.5932644 126.4998657
v 28.4425743 40.5558355 126.4998657
v 28.5299084 40.5147677 126.4998657
v 28.6146433 40.4690213 126.4998657
v 28.6972988 40.4196359 126.4998657
v 28.7773550 40.3660918 126.4998657
v 28.8627280 40.3163771 126.4998657
v 29.1136953 40.0728987 126.4998657
v 42.4134324 49.4004934 126.7115465
v 42.4264286 49.3874973 126.7402258
v 42.3983569 49.4150491 126.6845060
v 42.3474120 49.4659940 126.6121248
v 42.3079037 49.5055023 126.5727932
v 42.3281777 49.4852283 126.5916396
v 42.4576193 49.3563065 126.8325460
v 42.3827615 49.4311643 126.6588312
v 42.4383850 49.3755408 126.7699977
v 42.4487819 49.3651439 126.8008621
v 42.2871099 49.5268160 126.5561318
v 42.2429230 49.5710029 126.5288182
v 42.2652763 49.5486495 126.5413825
v 42.3656066 49.4477994 126.6345220
v 42.4679456 49.3459862 126.8808632
v 42.1961368 49.6172691 126.5105180
v 42.2195299 49.5938761 126.5184390
v 42.4747742 49.3391516 126.9319677
v 42.4768536 49.3365524 126.9658366
v 42.1727438 49.6411821 126.5047822
v 42.1483110 49.6650950 126.5012314
v 41.7709029 50.0430229 128.5535790
v 41.3467087 50.4672172 128.2072419
v 41.7709029 50.0430229 131.5537102
v 42.4778933 49.3355127 132.9000000
v 41.7002039 50.1137220 132.9000000
v 41.3467087 50.4672172 132.3998871
v 41.3467087 50.4672172 131.9000473
v 39.2475710 52.5658350 126.5047822
v 39.2720037 52.5419221 126.5012314
v 39.2241779 52.5897479 126.5105180
v 39.1773918 52.6360142 126.5288182
v 39.2007848 52.6131410 126.5184390
v 39.1124110 52.7015148 126.5727932
v 39.1550384 52.6583676 126.5413825
v 39.1332049 52.6802011 126.5561318
v 39.0547082 52.7592177 126.6345220
v 39.0921371 52.7217888 126.5916396
v 39.0729028 52.7410231 126.6121248
v 40.0736061 51.7397999 128.2072419
v 38.9938862 52.8200396 126.7402258
v 39.0375532 52.7763726 126.6588312
v 39.0134743 52.7998290 126.6984298
v 38.9819297 52.8314762 126.7699977
v 38.9554176 52.8579884 126.8650492
v 38.9715328 52.8418732 126.8008621
v 38.9626954 52.8507105 126.8325460
v 38.9432348 52.8705616 126.9500559
v 39.6494118 52.1639941 128.5535790
v 39.6494118 52.1639941 131.5537102
v 40.0736061 51.7397999 131.9000473
v 40.0736061 51.7397999 132.3998871
v 39.7201109 52.0932951 132.9000000
v 38.9424214 52.8715044 132.9000000
v 42.4071943 50.8207124 132.9000000
v 42.0536991 51.1742076 132.3998871
v 42.0536991 51.1742076 131.9000473
v 42.4778933 50.7500133 131.5537102
v 42.4778933 50.7500133 128.5535790
v 42.0536991 51.1742076 128.2072419
v 41.3753002 50.4958087 123.0799237
v 43.8492467 50.7084257 126.9702068
v 43.8035003 50.6673578 126.9396155
v 43.7509959 50.6231709 126.9054734
v 43.6953724 50.5795039 126.8713313
v 43.6381893 50.5373964 126.8369162
v 43.5789269 50.4968484 126.8033204
v 43.5186248 50.4583798 126.7702708
v 43.4572829 50.4219906 126.7380407
v 43.3949014 50.3876807 126.7074495
v 43.3320001 50.3559701 126.6784970
v 43.2696186 50.3273786 126.6514565
v 43.2056775 50.3013863 126.6260548
v 43.1380976 50.2764337 126.6014725
v 43.0679184 50.2530407 126.5782559
v 42.9956598 50.2322468 123.0799237
v 42.9956598 50.2322468 126.5572244
v 42.8989685 50.2088538 123.0799237
v 42.8012374 50.1906592 123.0799237
v 42.7024667 50.1766233 123.0799237
v 42.6031762 50.1683058 123.0799237
v 42.5038856 50.1641470 123.0799237
v 42.4045950 50.1657065 123.0799237
v 42.3053045 50.1714249 123.0799237
v 42.2060139 50.1828615 123.0799237
v 42.1082829 50.1984568 123.0799237
v 42.0105519 50.2197705 123.0799237
v 41.9143804 50.2452430 123.0799237
v 41.8197684 50.2753940 123.0799237
v 41.7267160 50.3107435 123.0799237
v 41.6357430 50.3502518 123.0799237
v 41.5463295 50.3944387 123.0799237
v 41.4595152 50.4427844 123.0799237
v 42.1881737 51.0397327 123.9199833
v 42.6674370 50.5604768 123.4663237
v 42.3982125 50.8293851 123.7433471
v 42.0536811 51.1741682 124.0022544
v 43.0689030 50.1590087 126.6249251
v 43.1404140 50.0874919 126.7542255
v 43.1646097 50.0632969 126.8333654
v 43.1776059 50.0503008 126.8986450
v 43.1718876 50.0560191 126.8655955
v 43.1817646 50.0461420 126.9322408
v 43.1843639 50.0435428 126.9661097
v 43.1848837 50.0430229 132.9000000
v 39.8389618 53.3889530 126.5562522
v 40.1623798 53.0655638 123.4612621
v 39.7330175 53.4948909 126.6673046
v 40.7811163 52.4467903 128.2072419
v 39.6651899 53.5627157 126.8481351
v 39.6525309 53.5753757 126.9322408
v 39.6494118 53.5784948 126.9999786
v 39.6504515 53.5774551 126.9661097
v 40.3564022 52.8715044 128.5535790
v 40.3564022 52.8715044 131.5537102
v 40.7811163 52.4467903 132.3998871
v 40.7811163 52.4467903 131.9000473
v 40.4271013 52.8008053 132.9000000
v 39.6494118 53.5784948 132.9000000
v 39.8391556 53.3887510 123.0799237
v 40.3564022 54.2854852 126.9999786
v 40.3002589 54.2262227 126.9592813
v 40.2446354 54.1628015 126.9172183
v 40.1910913 54.0952216 126.8751553
v 40.1391067 54.0245225 126.8328191
v 40.0897213 53.9512243 126.7913024
v 40.0429352 53.8758466 126.7511513
v 39.9997880 53.7989094 126.7126390
v 39.9607995 53.7214524 126.6765850
v 39.9296088 53.6517930 126.6468132
v 39.9036165 53.5873322 126.6216846
v 39.8786639 53.5197522 126.5973754
v 39.8578700 53.4552913 126.5763439
v 39.8157625 53.2920597 123.0799237
v 39.7970481 53.1943287 123.0799237
v 39.7835321 53.0960778 123.0799237
v 39.7746947 52.9967872 123.0799237
v 39.7710558 52.8974967 123.0799237
v 39.7720955 52.7976863 123.0799237
v 39.7783336 52.6983957 123.0799237
v 39.7892504 52.5996250 123.0799237
v 39.8053656 52.5013741 123.0799237
v 39.8261594 52.4041629 123.0799237
v 39.8516319 52.3079914 123.0799237
v 39.8823028 52.2133795 123.0799237
v 39.9171325 52.1203271 123.0799237
v 39.9566408 52.0288342 123.0799237
v 40.0008277 51.9399405 123.0799237
v 40.0496932 51.8526064 123.0799237
v 40.1021976 51.7683914 123.0799237
v 40.4353769 52.7921294 123.7428001
v 40.7809679 52.4469302 124.0027204
v 40.6430932 52.5848312 123.9176037
v 26.2145148 40.1435978 126.9999786
v 27.4559068 40.7216664 126.5009583
v 27.4075611 40.7164679 126.5042359
v 27.3389415 40.7071107 126.5116106
v 27.2729210 40.6961939 126.5217166
v 27.2084602 40.6826779 126.5345541
v 27.1346420 40.6655230 126.5520348
v 27.0618636 40.6457689 126.5719738
v 26.9838867 40.6213361 126.5965560
v 26.9090289 40.5948240 126.6230503
v 26.8450879 40.5693515 126.6481788
v 26.7853056 40.5423195 126.6735805
v 26.7042096 40.5017716 126.7110002
v 26.6168755 40.4523862 126.7549752
v 26.5285017 40.3972825 126.8027741
v 26.4515645 40.3437384 126.8470222
v 26.3777464 40.2881149 126.8918166
v 26.3080871 40.2304120 126.9363378
v 26.2597414 40.1872648 126.9685679
v 28.8548121 40.3089087 123.0157366
v 28.9005585 40.2725195 123.0091814
v 28.9452653 40.2345708 123.0045380
v 29.3932641 39.8069234 122.9894509
v 28.1592583 39.6128351 124.0001205
v 29.2197439 38.5523495 124.0001205
v 29.8305628 39.3508328 123.0034455
v 29.8731902 39.3009276 123.0083619
v 29.9158175 39.2484231 123.0157366
v 29.8118483 36.6731066 126.9551843
v 29.8721505 36.7432858 126.9090242
v 29.9308930 36.8186635 126.8625910
v 29.9870364 36.8971602 126.8164309
v 30.0400607 36.9787760 126.7716365
v 30.0889262 37.0624712 126.7284810
v 30.1336329 37.1472061 126.6877836
v 30.1695023 37.2236234 126.6544610
v 30.1954946 37.2860049 126.6293324
v 30.2214869 37.3577437 126.6031113
v 30.2448800 37.4305221 126.5793484
v 30.2651539 37.5001814 126.5591363
v 30.2828287 37.5714003 126.5413825
v 30.2979042 37.6436589 126.5260868
v 30.3098607 37.7086396 126.5148882
v 30.3197378 37.7720608 126.5066941
v 30.3270156 37.8349622 126.5017777
v 29.9267343 39.2593399 130.5070512
v 29.2197439 38.5523495 130.5070512
v 27.7345442 40.0375492 131.6536782
v 27.7345442 40.0375492 130.8536614
v 28.1592583 39.6128351 130.5070512
v 28.1592583 39.6128351 132.0000153
v 29.2197439 38.5523495 132.0000153
v 29.6439381 38.1281553 131.6536782
v 29.6439381 38.1281553 130.8536614
v 28.8662487 40.3203454 130.5070512
v 29.1136953 40.0728987 128.3632029
v 29.6792876 39.5067865 128.3632029
v 28.4420544 40.7445396 131.6536782
v 28.8662487 40.3203454 132.0000153
v 28.4420544 40.7445396 130.8536614
v 29.9267343 39.2593399 132.0000153
v 30.3509285 38.8351457 131.6536782
v 30.3509285 38.8351457 130.8536614
v 32.9620225 57.4975214 124.1814487
v 33.4185136 57.9540114 124.9180446
v 32.4576203 56.9931188 123.5144473
v 33.8200472 58.3555450 125.7143647
v 31.9073630 56.4428606 122.9201696
v 34.1646998 58.7001975 126.5669746
v 31.3198466 55.8553453 122.4083477
v 34.4433724 58.9788720 127.4508655
v 30.5137959 55.0492950 121.8670253
v 34.6589761 59.1944755 128.3655510
v 29.6606612 54.1961598 121.4888534
v 34.8375681 59.3730661 129.5251612
v 28.9802591 53.5157575 121.2994236
v 28.2973293 52.8328278 121.2072325
v 27.6062792 52.1417777 121.2115262
v 26.9240216 51.4595201 121.3122245
v 26.2446970 50.7801955 121.5101342
v 25.5845284 50.1200269 121.8024322
v 24.9476042 49.4831023 122.1866325
v 24.3415857 48.8770845 122.6580509
v 23.7751853 48.3106842 123.2092085
v 23.2479790 47.7834775 123.8401850
v 22.7671503 47.3026489 124.5427751
v 22.3405502 46.8760494 125.3042801
v 21.9689912 46.5044905 126.1237062
v 21.6568622 46.1923605 126.9905869
v 21.4016923 45.9371896 127.9198893
v 21.2178681 45.7533662 128.8595219
v 21.1059902 45.6414890 129.7694553
v 34.0558552 60.1400752 129.5179317
v 33.9714001 60.0997906 129.0352508
v 33.8562559 60.0560269 128.5674103
v 33.7135358 59.7968575 127.6307033
v 33.6108421 59.6511902 127.1816040
v 33.4466170 59.5252710 126.7319253
v 31.7901540 57.8679740 123.6478804
v 31.4931223 57.6201328 123.3285343
v 29.9903428 56.1899934 122.0709437
v 29.7373709 55.8154816 121.8774102
v 29.4077646 55.5006293 121.7125154
v 28.0694323 54.1544737 121.2789252
v 27.7021482 53.8311880 121.2321414
v 26.3576200 52.4391382 121.2770154
v 25.9867462 52.1147662 121.3526211
v 25.6743408 51.7622175 121.4452917
v 25.3608823 51.4019190 121.5643377
v 24.9729327 51.1485409 121.7100237
v 24.6716505 50.8020298 121.8726370
v 24.0444325 50.1790623 122.2684549
v 23.7436086 49.8722106 122.5002750
v 23.1889824 49.2682439 123.0224222
v 22.8561463 49.0569265 123.3196059
v 22.6248961 48.7552144 123.6275313
v 22.4137632 48.4517899 123.9570848
v 22.1536162 48.2351880 124.3016024
v 21.8997022 48.0366767 124.6644685
v 21.6864872 47.8153182 125.0448823
v 21.4842009 47.6137102 125.4377149
v 21.1626069 47.2004209 126.2716492
v 20.7237521 46.7832972 127.5963772
v 20.5840676 46.7090246 128.0450981
v 20.5426093 46.5424971 128.5400343
v 20.4626899 46.4660501 129.0151526
v 20.3673079 46.4473886 129.4713497
v 20.3598930 46.3568305 129.9783396
v 34.0759100 60.2056179 130.0089563
v 33.8279548 60.3463063 130.0197258
v 33.8579468 60.2708708 129.5369682
v 33.4599885 60.4160302 130.0411855
v 33.6541613 60.3710182 129.7522566
v 33.7519988 60.2313616 129.0607745
v 33.2850480 60.3843451 129.8040585
v 33.5739722 60.2885434 129.0775930
v 33.1059105 60.3385906 129.8308801
v 32.8203951 60.1799153 130.1007412
v 33.4535098 60.3456150 129.3403507
v 32.9107972 60.2354558 129.6340850
v 33.6073612 60.1795153 128.5912448
v 32.7427684 60.1057120 129.6498965
v 33.7994680 59.9271299 128.0889191
v 33.3903680 60.2349699 128.6328584
v 33.5799727 60.0636075 128.1258992
v 32.8424059 60.1572479 128.9829182
v 33.1924171 60.2772913 128.9239275
v 33.3260454 60.1403775 128.1671341
v 32.9839197 60.2195881 128.9080654
v 32.7339647 60.0921302 129.2280981
v 33.4854871 59.9538613 127.6755293
v 32.6639185 60.0222572 128.7971264
v 33.1945995 60.0310353 127.7050960
v 33.4586792 59.7672635 127.1954248
v 33.2293995 59.8733995 127.2337344
v 33.0165786 60.1021587 128.0356192
v 32.7813849 60.0425155 128.1068744
v 33.2420125 59.6731199 126.7721451
v 33.0157393 59.9149052 127.2856972
v 32.8063616 59.9424329 127.4681385
v 32.6161036 59.9690711 128.3455638
v 32.9840961 59.7579066 126.8126488
v 32.4571397 59.8186933 127.9642808
v 33.2894376 59.3675167 126.2992009
v 33.0954233 59.5069469 126.3322356
v 32.7353211 59.7834938 126.9041990
v 32.8944003 59.5878630 126.3757835
v 33.1136842 59.1961555 125.8766463
v 32.3454392 59.7068564 127.5534373
v 32.5218243 59.7747097 127.1238483
v 32.9404769 59.3257924 125.9103258
v 32.7423095 59.4138893 125.9571857
v 32.9537479 58.9874719 125.4715545
v 32.3751474 59.6017269 126.5942451
v 32.2113264 59.5730049 127.1503548
v 32.6427881 59.5445028 126.2263504
v 32.8029274 59.1091860 125.4917105
v 32.3170855 59.6455617 127.0068196
v 32.4595294 59.5438608 126.2825936
v 32.6169906 59.2022556 125.5297344
v 32.7200958 58.8088706 125.0703446
v 32.0774531 59.4386113 126.7607743
v 32.4957186 58.9736529 125.1214478
v 32.4325444 59.2673439 125.6039441
v 32.2070643 59.2797427 125.6886032
v 32.1092623 59.3436349 125.9889186
v 31.9175074 59.2786354 126.3729221
v 32.5083567 58.5900961 124.6893470
v 32.3405529 58.7211395 124.7255020
v 31.8574415 59.1794814 125.8520194
v 32.1521695 58.8193224 124.7895686
v 32.2787018 58.3632058 124.3250656
v 31.7551016 59.1160368 126.0021308
v 32.1401885 58.9938352 125.0724002
v 32.0766719 58.5183352 124.3714791
v 31.9136841 58.9834526 125.1174798
v 32.0108841 58.1393551 123.9728726
v 31.5663640 58.9276410 125.6475606
v 31.7620395 58.9748493 125.2315878
v 31.4641241 58.7897674 125.1484680
v 31.8076074 58.2936055 124.0334977
v 31.6922752 58.6435965 124.5139328
v 31.5124953 58.6660407 124.6627658
v 31.7663195 58.4946092 124.2716980
v 31.3751570 58.7362764 125.2980179
v 31.6385906 57.9857119 123.6753967
v 31.4603222 58.4145357 124.1846899
v 31.4734691 58.0869370 123.7362865
v 31.1693550 58.5303731 124.9690289
v 31.2415871 58.1696012 123.8532635
v 31.3264436 57.7589318 123.3824228
v 31.1773942 58.3186747 124.1563347
v 31.1212096 58.3817236 124.3772139
v 31.2190663 57.3450589 123.0354177
v 31.0224873 57.5046459 123.0988770
v 30.8411459 57.9299976 123.6455147
v 30.9899583 58.3440045 124.5963303
v 31.0667646 57.7520557 123.3384232
v 30.9342945 57.0602095 122.7619036
v 30.7162761 58.0774066 124.3501975
v 30.8614093 57.7627691 123.3785210
v 30.5281985 57.8800046 123.9978113
v 30.7620728 57.2094650 122.8203829
v 30.4690089 57.5391136 123.2249690
v 30.5382076 57.3217002 122.9158935
v 30.6375349 56.7644142 122.5071908
v 30.5675093 57.7944799 123.6241322
v 30.4532573 56.9310492 122.5756120
v 30.2305887 57.0384578 122.6786534
v 30.2290586 57.4727139 123.3193934
v 30.2301126 57.5908613 123.7991312
v 30.3343591 56.4614660 122.2748049
v 30.1771675 56.6032450 122.3286912
v 30.0419964 57.1187804 122.8572812
v 30.0315334 56.7056703 122.4036263
v 29.9713653 57.3325270 123.5523841
v 29.8308370 56.7879418 122.5358318
v 29.7567518 56.3643633 122.1653466
v 29.7072332 57.0683217 123.3196972
v 29.7725665 57.0094792 122.9192136
v 29.5979928 56.4690498 122.2868262
v 29.5746628 55.9527969 121.9157659
v 29.7499610 57.0789455 123.1537298
v 29.5705279 56.6708118 122.5350872
v 29.4180418 56.0788639 122.0020903
v 29.4315112 56.7926400 123.1057765
v 29.2291808 56.1831618 122.1486420
v 29.2203208 55.6621791 121.7653764
v 29.1760849 56.5297707 122.8450851
v 29.1960384 56.3846920 122.4327632
v 29.0025530 55.8154211 121.9011375
v 28.9592468 55.2798974 121.5973739
v 29.0859781 56.3623702 122.5424371
v 28.8144112 55.9068691 122.0942496
v 28.8129511 55.3969479 121.6666213
v 28.9405714 54.9898172 121.5032825
v 28.6525565 55.4977258 121.7772108
v 28.6315125 54.9422806 121.4756287
v 28.4850668 55.0647973 121.5462741
v 28.3868693 54.5128273 121.3526878
v 28.5849860 55.9473802 122.6007027
v 28.5395557 55.7883552 122.2028455
v 28.3454658 55.1784953 121.6574827
v 28.1854635 54.7002715 121.4276066
v 28.1595437 55.5007926 122.2831384
v 28.3870294 55.4470094 121.8746673
v 28.0243036 54.8338085 121.5498459
v 27.9035287 54.3227221 121.3305521
v 27.8898841 54.9399985 121.7125019
v 27.7452733 54.4480694 121.4264388
v 27.9919871 55.1767910 121.8993302
v 27.6063999 54.5660450 121.5702148
v 27.5299975 54.0078925 121.2980379
v 27.9540267 55.2292705 122.0435049
v 27.3878595 53.4639035 121.2057306
v 27.3549805 54.1572362 121.4239671
v 27.1805463 53.6482733 121.2671817
v 27.3435449 54.5018551 121.7248435
v 27.0039770 53.8486555 121.4250768
v 26.9245102 53.2324700 121.2332373
v 27.2756305 54.5624337 121.9126547
v 27.0402813 54.1075370 121.5933455
v 26.7648579 53.4045108 121.3266199
v 26.8862901 52.9237736 121.2103649
v 26.8012627 54.0295606 121.7704733
v 27.1677382 54.5280982 122.1428963
v 26.5801854 52.8909914 121.2576486
v 26.3835441 53.4564521 121.5985834
v 26.4277280 53.0750547 121.3522428
v 26.1973881 52.5793149 121.3222263
v 26.4607744 53.3520678 121.4618094
v 26.5258443 53.8614286 121.9862614
v 26.0739303 52.7474430 121.4112216
v 26.3091026 53.5547420 121.7997297
v 25.9386713 52.8966402 121.5679153
v 25.8373279 52.2889877 121.4095003
v 25.6794616 52.4693735 121.5334332
v 25.5231936 51.9140012 121.4916901
v 25.4010088 52.0713885 121.5769845
v 25.6954467 52.8664296 121.7919736
v 25.6905144 52.9612291 121.9303753
v 25.2251492 51.5393808 121.5954243
v 25.0837934 51.7288194 121.6836002
v 25.4068067 52.4666081 121.7612065
v 25.9543933 53.3168533 122.1600262
v 25.0639223 52.3380757 122.1090695
v 25.1437277 52.0395119 121.7449654
v 24.7943468 51.3543977 121.7966474
v 25.0471727 52.2400608 122.0012128
v 24.6749874 51.5190281 121.9189975
v 24.7543556 51.8366887 122.0101116
v 24.5069939 50.9883588 121.9375993
v 25.3140269 52.6557810 122.1820328
v 24.3770045 51.1861250 122.0581455
v 24.3594988 50.4815699 122.0591831
v 24.4787767 51.7607409 122.3615483
v 24.2994549 51.3706178 122.2298504
v 24.1163620 50.7861927 122.1842213
v 24.0171029 50.9775516 122.3303398
v 24.0458320 50.4872679 122.2194422
v 24.3331234 51.6937737 122.6800056
v 23.8031192 50.4920802 122.4002322
v 24.1776500 51.4072226 122.4480706
v 23.7056740 50.6817888 122.5465656
v 23.5806627 50.0941829 122.5625668
v 23.8245194 51.0094947 122.6143157
v 23.4614757 50.2733318 122.6826175
v 23.4470396 49.5791226 122.7532659
v 23.8126383 51.1157521 122.8017360
v 23.4013973 50.4775451 122.8368122
v 23.2962664 49.7771493 122.8101682
v 23.1731007 49.9819922 122.9269014
v 23.2211563 50.4521106 123.1325961
v 23.0606050 49.4066440 123.0615647
v 22.9575390 49.5963187 123.1218551
v 22.7672666 50.1300507 123.9093894
v 22.6794302 49.3253604 123.4165448
v 23.3056459 50.6466732 123.2813314
v 22.9637483 50.0512592 123.2312219
v 22.7154285 49.6578848 123.4114959
v 22.4683321 48.9772914 123.6844990
v 22.6755670 49.8818879 123.6257142
v 22.3612211 49.1988779 123.7990044
v 22.2833371 48.5965536 123.9890327
v 22.1915656 48.7736056 124.0320099
v 22.1115136 48.9571979 124.1268934
v 22.0098994 48.4223300 124.3413180
v 22.5600203 49.8689187 123.9287845
v 22.2286067 49.2908300 124.0390800
v 21.9191556 48.6150555 124.4053044
v 22.2314513 49.4614591 124.1861734
v 21.7216187 48.3071310 124.7354102
v 21.9513190 49.0667982 124.4494372
v 21.7494017 48.6463740 124.6682253
v 21.9435692 49.2814855 124.8165680
v 21.5535052 48.0042366 125.0895668
v 21.4820115 48.1754398 125.1356781
v 21.6363973 48.7125798 124.9189946
v 21.7534470 48.9673707 124.8504813
v 21.3517751 47.8103984 125.4785060
v 21.3375199 47.3743107 125.8489851
v 21.1950643 47.5637595 125.8695206
v 21.3276485 48.2816478 125.4189339
v 21.1855978 47.8785350 125.7233638
v 21.3207068 48.4817228 125.5503332
v 21.0447849 47.3561464 126.2836581
v 21.4661271 48.7481958 125.4525394
v 20.9543914 47.8879158 126.2288351
v 20.9400865 47.5807776 126.3229871
v 21.4142448 48.7733878 125.8686440
v 21.0536963 48.1461132 126.0613353
v 20.9657422 47.0946474 126.6913773
v 20.8487248 47.2725780 126.7208087
v 20.7705464 47.4467100 126.7695168
v 20.8220024 46.9507389 127.1347466
v 21.0188143 48.2590540 126.3163637
v 20.7333461 47.6893891 126.8238160
v 20.6942251 47.1482557 127.1688101
v 20.9725390 48.3334461 126.9411345
v 20.6282883 47.3196598 127.2043055
v 20.8177980 47.9583095 126.6875489
v 20.5965296 47.5508326 127.2442362
v 20.5945817 46.9663028 127.6119826
v 20.5062928 47.1737925 127.6495569
v 20.6072035 47.7767116 127.3560427
v 20.4699447 47.4705573 127.6919408
v 20.6699792 47.9267218 127.3054240
v 20.4567328 46.9111769 128.0747325
v 20.9428217 48.2627798 126.7184323
v 20.3738490 47.1624295 128.1098841
v 20.3890439 46.7438749 128.5542498
v 20.3681486 47.4586663 128.1781074
v 20.3001883 46.9908288 128.5590053
v 20.4596059 47.6772798 127.9830897
v 20.3365822 46.6314353 129.0128243
v 20.6072478 47.9467192 127.8935556
v 20.2330871 46.8748798 129.0145732
v 20.2431739 46.6318881 129.4883997
v 20.3602848 47.6499452 128.6848171
v 20.2291695 47.1709067 128.8067618
v 20.2358812 47.3479877 128.8766569
v 20.1654113 46.8368319 129.4918875
v 20.2200521 46.5415320 129.9737033
v 20.1313470 47.0894413 129.5226147
v 20.1888029 47.3777702 129.3723713
v 20.1228324 46.7855220 129.9656898
v 20.4182064 47.7803976 129.1584572
v 20.0871871 47.0397387 129.9952318
v 20.2998363 47.6386539 129.5351694
v 20.1160900 47.2693973 129.9961567
v 20.1901832 47.4624828 129.8230350
v 29.9452840 57.3090447 126.1571303
v 30.2704252 57.6344577 126.6583018
v 29.5844896 56.9482270 125.7016832
v 30.5573949 57.9214024 127.2006339
v 29.1960914 56.5598033 125.3032773
v 30.8061243 58.1701798 127.7841295
v 28.6842105 56.0482407 124.8878786
v 31.0087795 58.3724624 128.3873610
v 31.2090024 58.5730213 129.2012600
v 28.0156390 55.3793815 124.5099167
v 27.4234466 54.7874548 124.3064092
v 31.3277462 58.6918015 130.0217376
v 26.9481822 54.3121621 124.2194387
v 26.4694745 53.8334544 124.1995615
v 25.9880957 53.3520757 124.2476602
v 25.5182345 52.8821977 124.3620789
v 25.0557569 52.4194259 124.5432326
v 24.6094760 51.9734559 124.7874982
v 24.0854321 51.4491756 125.1702996
v 23.4991649 50.8628505 125.7581956
v 23.0584508 50.4224311 126.3489640
v 22.7469613 50.1109416 126.8688887
v 22.4749249 49.8388376 127.4282072
v 22.1942799 49.5579720 128.1624154
v 21.9429139 49.3069446 129.1210655
v 21.8146967 49.1787557 129.9612957
v 32.6410118 57.4593056 130.4988820
v 32.5258430 57.3441374 129.4469673
v 32.3539460 57.1722404 128.6488611
v 32.1675215 56.9858164 128.0291777
v 31.9387944 56.7570895 127.4389744
v 31.6670250 56.4853955 126.8782016
v 31.3563407 56.1746036 126.3577584
v 31.0095189 55.8277691 125.8826491
v 30.6321284 55.4504228 125.4607829
v 30.2291111 55.0474059 125.0958926
v 29.8028931 54.6211879 124.7896645
v 29.3520995 54.1703942 124.5427561
v 28.8913756 53.7096702 124.3622178
v 28.4198496 53.2381442 124.2475641
v 27.9396745 52.7582798 124.1995582
v 27.4613133 52.2795577 124.2193716
v 26.9842475 51.8025111 124.3067152
v 26.5174923 51.3357069 124.4606642
v 26.0829260 50.9015241 124.6693969
v 25.6459865 50.4642812 124.9466386
v 25.1038362 49.9221306 125.4025802
v 24.5440984 49.3624438 126.0424321
v 24.1425091 48.9607723 126.6512037
v 23.8561777 48.6744300 127.1905141
v 23.5588865 48.3771818 127.8971351
v 23.2768363 48.0951313 128.8388537
v 23.1213511 47.9396461 129.6903475
v 46.8379044 34.6040755 122.0750825
v 46.4798281 34.2507430 121.9492216
v 40.6748109 28.4406731 127.0842644
v 40.5466658 28.3129451 127.4853422
v 40.3150612 28.0898321 127.9574857
v 40.1405139 27.9074495 129.2104140
v 38.7309813 27.7713900 130.0108419
v 52.7121069 41.7770873 129.9495661
v 38.8980186 27.6607049 130.0215474
v 39.1015987 27.5779543 130.0258029
v 38.8140048 27.7799915 129.5221382
v 39.3725870 27.5423150 130.0453882
v 39.1142339 27.6263799 129.5548031
v 38.8408698 27.9316733 128.8067974
v 38.9620513 27.7799869 129.0651332
v 39.7027355 27.5826860 130.4999076
v 39.4000626 27.5825471 129.5833159
v 39.9768045 27.7508537 130.1165715
v 39.1454218 27.6966556 129.0771132
v 39.5981179 27.5815567 129.8569380
v 39.3560095 27.6467715 129.1023585
v 39.0721197 27.8314398 128.6007050
v 39.3070090 27.7442922 128.6216534
v 39.0202627 28.0213049 128.1109588
v 40.0380895 27.8097656 129.6653191
v 39.7697923 27.6654444 129.4107382
v 39.2072318 27.9031493 128.1400857
v 39.9646908 27.7712911 129.2114804
v 39.6316992 27.6774372 128.9335991
v 39.3725000 27.8377466 128.1661768
v 39.9299645 27.7924723 128.6891155
v 39.1265719 28.1295402 127.6518692
v 39.5210613 27.7590321 128.4111775
v 39.3869088 27.9712473 127.7006266
v 39.7745836 27.8090840 128.2419814
v 39.1979384 28.2949526 127.2068374
v 40.1649005 27.9358770 128.8012161
v 39.6504837 27.9132193 127.7326264
v 39.3480116 28.1795854 127.2188856
v 39.3902952 28.3904565 126.7553236
v 39.5401125 28.0863455 127.2493310
v 39.9802456 27.8931877 128.0639910
v 39.7502428 28.0354462 127.2858388
v 40.2084641 27.9849442 128.3777143
v 39.6023973 28.2490542 126.8062375
v 39.9091453 27.9643493 127.5781378
v 39.8601253 28.1785296 126.8314691
v 40.1695263 28.0442759 127.5590232
v 39.5419747 28.5463693 126.3215233
v 39.7526648 28.4010134 126.3768011
v 40.1002525 28.1600112 126.9321848
v 40.3943409 28.1778869 127.5353049
v 39.9356211 28.3440273 126.3999201
v 39.7338320 28.7327064 125.8506737
v 40.1319594 28.3062253 126.4707262
v 40.4875345 28.2834861 127.1030490
v 39.9076474 28.6101780 125.8925551
v 40.3452332 28.2678700 126.7527615
v 40.0792978 28.5390610 125.9281696
v 39.9148094 28.9174815 125.4452613
v 40.6233753 28.4174372 126.7102929
v 40.2654906 28.4945789 125.9976522
v 40.1570745 28.7712050 125.4802018
v 40.4258935 28.4867336 126.0670198
v 40.0620254 29.1599639 125.0502139
v 40.6711463 28.5311686 126.2130696
v 40.2366614 29.0346343 125.0581836
v 40.3913553 28.6854369 125.5695080
v 40.4663576 28.9298670 125.1093361
v 40.6386760 28.6092069 125.8579110
v 40.3021761 29.3552913 124.6602988
v 40.4509999 29.2320959 124.6971723
v 40.6227593 28.7893953 125.3665899
v 40.8206818 28.5856209 126.6871684
v 40.6111152 29.1825629 124.6904306
v 40.6564732 29.4631752 124.3298059
v 40.5030820 29.5981412 124.2969497
v 40.8105006 29.0992428 124.7867984
v 40.9324186 28.8173307 125.5428275
v 40.8716764 28.6529815 126.2123507
v 41.0213128 28.8395501 125.6609148
v 41.0302996 29.0750828 124.9021460
v 41.0050992 28.9634483 125.1645142
v 40.8942483 29.3742559 124.3561705
v 40.7528748 29.7799037 123.9800067
v 41.0695867 29.6077301 124.0256858
v 41.2114711 29.3795671 124.3565933
v 40.9734679 30.0209472 123.6654558
v 41.5286859 29.2957201 125.1181379
v 41.3061242 30.3256233 123.2786266
v 41.0273729 29.7653822 123.8614488
v 41.2695278 29.5554026 124.0831483
v 41.5883167 29.4619363 124.4739096
v 41.3750806 29.1903658 125.0195200
v 41.4112932 29.3985056 124.4303158
v 41.2855483 30.1108652 123.4511737
v 41.4968350 30.5541177 123.0450276
v 41.3803694 29.9429493 123.5853575
v 41.5046344 29.7979164 123.7586077
v 41.7331662 30.7536980 122.8243140
v 41.7231443 30.2885772 123.1862728
v 41.9995251 29.9094630 123.8315760
v 41.8568357 30.0332389 123.5016100
v 41.7671795 30.1383708 123.3466783
v 41.8344608 29.8689421 123.7626856
v 42.0891670 31.0821005 122.5106271
v 41.7226600 30.4943442 123.0036646
v 41.9602384 29.7820441 124.1483405
v 42.0289537 30.6069609 122.8603906
v 42.1198810 30.2948059 123.2155423
v 42.3428227 30.3149410 123.3187194
v 42.3645380 30.8187491 122.6636690
v 42.2942365 31.3873946 122.2963387
v 42.3578896 31.0520721 122.4706454
v 42.2189478 30.5545922 122.9171781
v 42.4038481 30.2451812 123.5681690
v 42.2048330 29.9907079 124.0019672
v 42.8015322 30.6635319 123.1160316
v 42.6596720 31.0971087 122.4340615
v 42.5918147 31.5839855 122.1160856
v 42.7965376 31.4539830 122.1612610
v 42.5822347 30.6529591 122.9173714
v 42.7029986 30.9392921 122.6018908
v 42.8095514 30.5846574 123.4195234
v 43.2314745 31.1142131 122.7212515
v 42.9327924 30.9089770 122.7733014
v 43.0352155 31.8351515 121.9183242
v 42.9933485 31.3328191 122.2734428
v 43.0470137 31.1847589 122.4521061
v 42.9834844 32.0452608 121.8335621
v 43.4388610 32.5497490 121.5731253
v 43.3459451 32.1467093 121.7365022
v 43.1441275 31.6824389 122.0106878
v 43.4967215 31.2643413 122.9357449
v 43.3523723 31.6407527 122.0829190
v 43.4116968 31.3986508 122.4023891
v 43.4061506 31.5102362 122.2481465
v 43.5654864 32.0431271 121.8072892
v 43.6299478 32.5268132 121.5557146
v 43.8055447 31.7058776 122.3058035
v 43.4857361 31.2839252 122.7710711
v 43.7667735 32.4376060 121.5933407
v 43.9862745 32.0450764 121.9715010
v 43.8897383 32.3297189 121.6745486
v 43.8631800 32.0999316 121.8460010
v 44.1218913 32.7517852 121.4638805
v 43.9255926 32.9337747 121.3926126
v 44.2262863 33.3221685 121.2717512
v 44.2831382 32.5917397 121.6010118
v 44.3320283 33.1325351 121.3181087
v 44.5973716 33.6066742 121.1869887
v 44.4977043 33.0480777 121.3771112
v 44.0186126 31.8359463 122.3799843
v 44.4455172 32.2188550 122.3410710
v 44.3827304 32.3318746 121.9370913
v 44.5980898 32.7212099 121.6477156
v 44.6452537 32.9859550 121.4549923
v 44.7765967 33.4086055 121.2612753
v 44.6008290 32.4497044 122.0292982
v 44.9666361 33.2754269 121.3891921
v 44.9444170 33.9439191 121.1198338
v 44.8837912 32.6762942 122.0879526
v 45.0917288 33.7725098 121.1806211
v 45.2223147 33.6731560 121.2560764
v 44.9785519 32.9792804 121.6647089
v 45.3346066 34.1255042 121.1124648
v 45.0283395 32.9334280 121.7860310
v 45.6518596 34.0983239 121.2050366
v 45.2516041 33.3693339 121.4778559
v 45.5049509 34.6848376 121.0505458
v 45.7265636 34.4664938 121.0959083
v 45.5237938 33.7076275 121.3752313
v 45.4253155 33.2807243 121.7797930
v 45.7962402 34.9754241 121.0490163
v 45.6250282 33.5937411 121.5720729
v 46.0829280 34.6966908 121.1328897
v 45.9947786 34.1746020 121.3418559
v 46.0854622 35.2629673 121.0658807
v 46.0712131 34.9719530 121.0737452
v 46.0931036 34.0712872 121.5237288
v 46.3441347 34.9879859 121.1399356
v 46.0392602 33.8957699 121.7012882
v 46.5298678 34.5294927 121.5037579
v 46.3546582 34.7024781 121.2448438
v 46.5641114 35.5632955 121.1212826
v 45.5502725 33.3176609 122.0546435
v 46.4721320 34.6399115 121.3560038
v 45.8475579 33.6490845 121.8370367
v 46.7350217 35.3469855 121.1938517
v 46.5746414 34.4449182 121.6723007
v 47.0260570 36.1202128 121.2248874
v 46.8954812 35.1869935 121.3325817
v 46.9706287 35.8023336 121.2091486
v 47.1257594 35.6998684 121.2823985
v 46.7385625 34.5198346 121.9079340
v 47.1896703 35.1674314 121.6093177
v 47.0588848 34.9195562 121.7448339
v 47.2280256 35.5522643 121.3856070
v 47.3338727 36.1076125 121.3082265
v 47.1462933 35.2637732 121.4806302
v 47.0873700 34.8637531 121.9651351
v 47.5162382 35.9682502 121.4195595
v 47.5268347 36.6202754 121.3904193
v 47.6593304 36.4825569 121.4193767
v 47.7782742 35.8079494 121.7151731
v 47.5730446 35.3844163 121.9529161
v 47.7904432 36.3458823 121.4924320
v 47.8968179 36.9068083 121.5304565
v 48.0494987 36.7394744 121.5865370
v 47.5653542 35.4606447 121.7993726
v 47.8849125 36.2068735 121.5889719
v 48.1756038 36.6298993 121.6731314
v 47.7524753 35.9250899 121.6065623
v 48.1789376 37.2770073 121.6878199
v 48.2371127 36.4750070 121.7713755
v 48.0422059 35.8621017 122.0898201
v 48.3123204 37.1163501 121.7148527
v 48.1987204 35.9745311 122.2990861
v 48.1338593 36.0567679 121.9561358
v 48.4637361 36.9795562 121.8068679
v 48.5210279 37.5669454 121.8702582
v 48.4779544 36.3329147 122.2076508
v 48.5542150 36.8328996 121.9107140
v 48.6854254 37.4278415 121.9267366
v 48.4368723 36.5171603 121.9485043
v 48.7871419 37.2464761 122.0000713
v 48.9324924 38.0175176 122.1553782
v 48.9051619 37.0811634 122.1544621
v 49.1029556 37.7666016 122.2013154
v 49.1056540 37.5302798 122.2155613
v 48.9918417 37.8750454 122.1488748
v 49.4101376 38.4037863 122.5041888
v 48.7451569 36.7108146 122.2021655
v 49.5597375 38.2286130 122.5637020
v 48.8413806 36.6388160 122.5316405
v 49.3716123 37.4350991 122.5328477
v 48.9829816 36.8687692 122.4425320
v 49.4131994 37.8682811 122.4401284
v 48.7234382 36.4911014 122.5960856
v 49.3561284 37.2942974 122.6304012
v 49.7131667 38.7197976 122.7854813
v 49.3332137 37.5719800 122.4211746
v 49.8463486 38.2169781 122.8174195
v 49.4014385 37.2324000 122.8210641
v 49.7650171 37.9304731 122.7994585
v 49.9653476 38.6072144 122.9366408
v 50.0087451 39.0974719 123.1249172
v 49.9569803 37.8057983 123.2542470
v 50.3425559 39.0259275 123.3545667
v 49.8183064 37.7706180 122.9860251
v 50.1917656 39.1157657 123.2580580
v 50.1616868 38.3382239 123.1694617
v 50.1783478 38.1816232 123.2860992
v 50.4610217 39.4617025 123.6157039
v 50.2517238 38.7340527 123.2204689
v 50.4977625 38.7308847 123.5237379
v 50.5775935 39.2278338 123.6302233
v 49.6290059 37.3958986 123.2733006
v 50.6461579 38.9879271 123.6836033
v 49.9037148 37.6898809 123.3679029
v 50.7151520 39.7213886 123.9599790
v 50.9484664 39.6494786 124.1490090
v 50.3791035 38.2937597 123.5840355
v 50.4904240 38.5649544 123.5737051
v 50.8341006 39.3745738 123.9438617
v 50.7327306 38.7123573 123.9357676
v 50.9539624 39.2505224 124.0961357
v 50.8490563 38.9832217 123.9934532
v 50.9528770 39.9577314 124.3111912
v 50.5814854 38.4332570 123.9106393
v 50.6012855 38.3965228 124.0862698
v 50.5856445 38.3540061 124.2157470
v 51.2333710 40.3300977 124.8472070
v 51.1736228 39.3407569 124.4390818
v 51.1131560 39.5915395 124.3362452
v 51.2384875 40.0397413 124.6546569
v 51.3726348 39.7116445 124.7398813
v 51.0636413 38.9387627 124.5048292
v 51.0964547 39.0886751 124.4195555
v 51.4488923 40.2741279 125.0461301
v 51.4246385 39.5593461 124.8605043
v 51.4355450 40.0295873 124.9016361
v 51.5356025 40.6351383 125.4415612
v 51.4159001 39.3957992 124.9382491
v 51.5900653 40.0270753 125.1428044
v 51.0886404 38.8729076 124.7974133
v 51.6598364 40.5075957 125.4805677
v 51.7192188 39.9513826 125.3756560
v 51.7514729 40.7991288 125.8661663
v 51.6268622 39.6644138 125.2674537
v 51.7617208 40.2437997 125.4931671
v 51.5268468 39.4238082 125.2313905
v 51.4476781 39.2587774 125.2749591
v 51.8741720 40.5944954 125.8651835
v 51.8705942 41.0186204 126.2815303
v 51.9639206 40.4046767 125.9303123
v 51.8229597 39.8607350 125.6555536
v 51.9858657 40.8053371 126.2193938
v 51.8349275 39.7002649 125.8921925
v 52.0875182 40.5739234 126.2484514
v 52.0247586 41.1747262 126.7141988
v 52.1728763 40.9301402 126.6675616
v 51.5803944 39.3481939 125.8031296
v 52.0667982 40.3042290 126.1402300
v 52.0705369 40.1087380 126.2112160
v 52.2794834 40.6295242 126.7130466
v 52.2080327 41.2307930 127.1001172
v 51.9759393 39.7706950 126.4338677
v 52.3519909 40.9921325 127.1198223
v 52.3723084 40.4549841 127.0090200
v 52.4269492 40.7736086 127.1759590
v 52.2923714 41.4401237 127.6151012
v 52.1436024 40.0501424 126.5406573
v 52.4210549 41.2375081 127.5638596
v 52.5055234 41.0572957 127.5875476
v 52.4607631 40.3968123 127.4419848
v 52.4539184 41.4619359 128.0133577
v 52.5589903 40.8523914 127.6284073
v 52.3151529 40.1214778 127.3399052
v 52.6217200 41.1683334 128.0505857
v 52.5575625 40.5926869 127.6810560
v 52.5466274 41.5621221 128.4862195
v 52.6783726 40.8522240 128.1080433
v 52.6862044 41.3323922 128.5098428
v 52.6034941 41.6709744 128.9775119
v 52.7555289 41.1064893 128.5398953
v 52.7428227 41.4588222 128.9777228
v 52.4210836 40.1912058 128.0195533
v 52.7028004 40.6812121 128.3727198
v 52.8191746 41.2532294 129.0110276
v 52.6394495 41.7669194 129.4828103
v 52.7659693 41.5994305 129.4745392
v 52.6274587 40.4908288 128.2885407
v 52.8170043 40.9913572 128.8210903
v 52.8684889 41.3585379 129.4696465
v 52.8395617 40.8983376 129.0475964
v 52.9117529 41.0618209 129.5192419
v 52.8619206 41.5501330 129.9635971
v 52.8412111 40.7676127 129.3274258
v 52.9296267 41.3341426 129.9656904
v 52.9542138 41.1275585 129.9930903
v 52.7553680 40.5802663 129.2277990
v 52.9255622 40.9006554 130.0004839
v 52.6663902 40.4358752 129.4288600
v 29.7499867 45.0930504 115.0000000
v 34.6999592 40.1435978 115.0000000
v 34.7529835 40.0926529 115.0000000
v 34.8086070 40.0443072 115.0000000
v 34.8668297 39.9990806 115.0000000
v 34.9271318 39.9569731 115.0000000
v 34.9895133 39.9174648 115.0000000
v 35.0534544 39.8810756 115.0000000
v 35.1189550 39.8483253 115.0000000
v 35.1865349 39.8181742 115.0000000
v 35.2551546 39.7916621 115.0000000
v 35.3248139 39.7687889 115.0000000
v 35.3960328 39.7490347 115.0000000
v 35.4677716 39.7329195 115.0000000
v 35.5405500 39.7204432 115.0000000
v 35.6133284 39.7110860 115.0000000
v 35.6866267 39.7058875 115.0000000
v 35.7604448 39.7038081 115.0000000
v 35.8342629 39.7058875 115.0000000
v 35.9075612 39.7110860 115.0000000
v 35.9803396 39.7204432 115.0000000
v 36.0531180 39.7329195 115.0000000
v 36.1248568 39.7490347 115.0000000
v 36.1960756 39.7687889 115.0000000
v 36.2657350 39.7916621 115.0000000
v 36.3343546 39.8181742 115.0000000
v 36.4019346 39.8483253 115.0000000
v 36.4674352 39.8810756 115.0000000
v 36.5313762 39.9174648 115.0000000
v 36.5937577 39.9569731 115.0000000
v 36.6540599 39.9990806 115.0000000
v 36.7117628 40.0443072 115.0000000
v 36.7679061 40.0926529 115.0000000
v 36.8209304 40.1435978 115.0000000
v 43.7858255 47.1084929 122.8160739
v 43.3789412 46.7012687 122.3295874
v 42.6099428 45.9325459 121.5743331
v 41.7530700 45.0752141 120.9482103
v 41.0500118 44.3720829 120.5619816
v 40.3160975 43.6385825 120.2716239
v 39.3953421 42.7180014 120.0507929
v 38.4340095 41.7563025 119.9992615
v 37.5020623 40.8242215 120.0993271
v 36.5605285 39.8830115 120.3775582
v 35.8369247 39.1593679 120.7080907
v 40.3564022 43.6790696 115.0000000
v 34.9818504 38.3041712 121.2449069
v 34.1598806 37.4823093 121.9536372
v 33.3922970 36.7147890 122.8012399
v 35.1595029 34.9461786 122.8160739
v 45.5538214 45.3404971 122.8160739
v 45.0917661 44.8784418 122.2695461
v 44.4688568 44.2555325 121.6594705
v 43.6228137 43.4094890 121.0075522
v 42.7511227 42.5377981 120.5310935
v 42.0175774 41.8041984 120.2506111
v 41.2690387 41.0560204 120.0728255
v 39.8194037 39.6059504 120.0232790
v 38.8943779 38.6812445 120.1874986
v 38.1122276 37.8989032 120.4679194
v 37.5406427 37.3273183 120.7429423
v 36.8471784 36.6338541 121.1799656
v 36.2159049 36.0025805 121.6859629
v 35.5922536 35.3792583 122.2996113
v 40.5446666 40.3317077 120.0013252
v 40.4073471 43.7320939 115.0000000
v 40.4556928 43.7882372 115.0000000
v 40.5009194 43.8459401 115.0000000
v 40.5430269 43.9062423 115.0000000
v 40.5825352 43.9686238 115.0000000
v 40.6189244 44.0325648 115.0000000
v 40.6516747 44.0980654 115.0000000
v 40.6818258 44.1656454 115.0000000
v 40.7083379 44.2342650 115.0000000
v 40.7312111 44.3039244 115.0000000
v 40.7509653 44.3751432 115.0000000
v 40.7670805 44.4468820 115.0000000
v 40.7795568 44.5196604 115.0000000
v 40.7889140 44.5924388 115.0000000
v 40.7941125 44.6657371 115.0000000
v 40.7961919 44.7395552 115.0000000
v 40.7941125 44.8133733 115.0000000
v 40.7889140 44.8866716 115.0000000
v 40.7795568 44.9594500 115.0000000
v 40.7670805 45.0322284 115.0000000
v 40.7509653 45.1039672 115.0000000
v 40.7312111 45.1751861 115.0000000
v 40.7083379 45.2448454 115.0000000
v 40.6818258 45.3134651 115.0000000
v 40.6516747 45.3810450 115.0000000
v 40.6189244 45.4465456 115.0000000
v 40.5825352 45.5104867 115.0000000
v 40.5430269 45.5728682 115.0000000
v 40.5009194 45.6331703 115.0000000
v 40.4556928 45.6913930 115.0000000
v 40.4073471 45.7470165 115.0000000
v 40.3564022 45.8000408 115.0000000
v 35.4069496 50.7500133 115.0000000
v 35.3534055 50.8009582 115.0000000
v 35.2977820 50.8487840 115.0000000
v 35.2395592 50.8940106 115.0000000
v 35.1797769 50.9366380 115.0000000
v 35.1173954 50.9761463 115.0000000
v 35.0534544 51.0120156 115.0000000
v 34.9874340 51.0452858 115.0000000
v 34.9203738 51.0749170 115.0000000
v 34.8517542 51.1014291 115.0000000
v 34.7815750 51.1248222 115.0000000
v 34.7108759 51.1445763 115.0000000
v 34.6386174 51.1606916 115.0000000
v 34.5663588 51.1731679 115.0000000
v 34.4930605 51.1820053 115.0000000
v 34.4197623 51.1877236 115.0000000
v 34.3459441 51.1892831 115.0000000
v 34.2726459 51.1877236 115.0000000
v 34.1993476 51.1820053 115.0000000
v 34.1260493 51.1731679 115.0000000
v 34.0537908 51.1606916 115.0000000
v 33.9815322 51.1445763 115.0000000
v 33.9108331 51.1248222 115.0000000
v 33.8406539 51.1014291 115.0000000
v 33.7720343 51.0749170 115.0000000
v 33.7049742 51.0452858 115.0000000
v 33.6389537 51.0120156 115.0000000
v 33.5750127 50.9761463 115.0000000
v 33.5126312 50.9366380 115.0000000
v 33.4528489 50.8940106 115.0000000
v 33.3946262 50.8487840 115.0000000
v 33.3390027 50.8009582 115.0000000
v 33.2854585 50.7500133 115.0000000
v 26.3205634 43.7851182 122.8160739
v 26.7299104 44.1944652 122.3272620
v 27.4982647 44.9628190 121.5728115
v 28.3545894 45.8191442 120.9473748
v 29.0591976 46.5237526 120.5607615
v 29.7910028 47.2556338 120.2713432
v 30.7110512 48.1755226 120.0508024
v 31.6727915 49.1369719 119.9992624
v 32.6056283 50.0698376 120.0994696
v 33.5476201 51.0121750 120.3781375
v 34.2704733 51.7350283 120.7086057
v 29.7499867 47.2145415 115.0000000
v 35.1250655 52.5896203 121.2450802
v 35.9454984 53.4100533 121.9525863
v 36.7141978 54.1787526 122.8014466
v 29.6990418 47.1609973 115.0000000
v 29.6512160 47.1053738 115.0000000
v 29.6059894 47.0471511 115.0000000
v 29.5633620 46.9873688 115.0000000
v 29.5238537 46.9249873 115.0000000
v 29.4879844 46.8610463 115.0000000
v 29.4547142 46.7950258 115.0000000
v 29.4250830 46.7279657 115.0000000
v 29.3985709 46.6593461 115.0000000
v 29.3751778 46.5891669 115.0000000
v 29.3554237 46.5184678 115.0000000
v 29.3393084 46.4462092 115.0000000
v 29.3268321 46.3739507 115.0000000
v 29.3179947 46.3006524 115.0000000
v 29.3122764 46.2273541 115.0000000
v 29.3107169 46.1535360 115.0000000
v 29.3122764 46.0802377 115.0000000
v 29.3179947 46.0069395 115.0000000
v 29.3268321 45.9336412 115.0000000
v 29.3393084 45.8613826 115.0000000
v 29.3554237 45.7891241 115.0000000
v 29.3751778 45.7184250 115.0000000
v 29.3985709 45.6482458 115.0000000
v 29.4250830 45.5796262 115.0000000
v 29.4547142 45.5125660 115.0000000
v 29.4879844 45.4465456 115.0000000
v 29.5238537 45.3826046 115.0000000
v 29.5633620 45.3202231 115.0000000
v 29.6059894 45.2604408 115.0000000
v 29.6512160 45.2022180 115.0000000
v 29.6990418 45.1465945 115.0000000
v 38.6747008 44.7395552 115.0000000
v 38.6726214 44.6657371 115.0000000
v 38.6726214 44.8133733 115.0000000
v 38.6674230 44.5924388 115.0000000
v 38.6674230 44.8866716 115.0000000
v 38.6585856 44.5196604 115.0000000
v 38.6585856 44.9594500 115.0000000
v 38.6295029 44.3655091 115.0000228
v 38.3857283 45.6303625 115.0000430
v 38.5080099 44.0506046 115.0000083
v 36.6531124 42.1156894 115.0000427
v 36.3387613 41.9412291 115.0000167
v 35.9803396 41.8414144 115.0000000
v 35.9075612 41.8325770 115.0000000
v 35.8342629 41.8273786 115.0000000
v 35.7604448 41.8252992 115.0000000
v 35.6866267 41.8273786 115.0000000
v 35.1336003 48.8468595 115.0000314
v 35.6133284 41.8325770 115.0000000
v 34.9021343 48.9622483 115.0000089
v 35.5405500 41.8414144 115.0000000
v 34.6451017 49.0381908 115.0000160
v 34.9797341 42.0423625 115.0000374
v 35.1820624 41.9411229 115.0000131
v 35.3850585 41.8707693 115.0000216
v 34.7825776 42.1867035 115.0000076
v 34.5663588 49.0516768 115.0000000
v 34.4930605 49.0610340 115.0000000
v 34.4197623 49.0662325 115.0000000
v 34.3459441 49.0677920 115.0000000
v 34.2726459 49.0662325 115.0000000
v 34.1993476 49.0610340 115.0000000
v 34.1260493 49.0516768 115.0000000
v 33.6331516 48.8877640 115.0000137
v 33.4019402 48.7361732 115.0000120
v 31.7032142 47.0234903 115.0000797
v 31.4927850 46.6002534 115.0000352
v 31.4483232 46.3739507 115.0000000
v 31.4483232 45.9336412 115.0000000
v 31.4389660 46.3006524 115.0000000
v 31.4389660 46.0069395 115.0000000
v 31.4337675 46.0802377 115.0000000
v 31.4337675 46.2273541 115.0000000
v 31.4322080 46.1535360 115.0000000
v 32.5175916 45.8702856 115.9999706
v 31.7885570 45.1817517 115.0000087
v 32.4321312 46.1748297 115.9999402
v 31.6487364 45.3732881 115.0000290
v 31.5280617 45.6209221 115.0000203
v 32.5149610 46.4334778 115.9999716
v 31.4615287 45.8558254 115.0000133
v 32.4403630 46.0460443 116.0000596
v 32.4517596 46.2979535 115.9999843
v 37.6047192 45.0034447 116.0000476
v 36.0437800 42.9106727 115.9999858
v 35.8351609 42.8281700 116.0000573
v 34.0445697 47.9675153 115.9999556
v 35.4752536 42.9117344 115.9999634
v 36.1417084 41.8725847 115.0000255
v 35.6623474 42.8330470 115.9999891
v 38.5284224 45.3893286 115.0000414
v 37.6734370 44.7891772 115.9999782
v 37.5883075 44.4552667 115.9999643
v 38.6255142 45.1265016 115.0000327
v 37.6637150 44.6205885 116.0000658
v 38.3576348 43.8135482 115.0000357
v 34.1744849 48.0386645 115.9999607
v 34.3461756 48.0692826 115.9999786
v 33.8377309 48.9814137 115.0000359
v 34.6287066 47.9835253 115.9999599
v 34.0481466 49.0383624 115.0000159
v 35.3152438 48.7140596 115.0000137
v 34.5150597 48.0392740 115.9999485
v 34.9474058 55.9474325 122.8160739
v 24.5525675 45.5525942 122.8160739
v 25.0157875 46.0158145 122.2682758
v 25.6395698 46.6395965 121.6582088
v 26.4840954 47.4841217 121.0075522
v 27.3519631 48.3519895 120.5326562
v 28.0866170 49.0866435 120.2513330
v 28.8372872 49.8369710 120.0728762
v 30.2873778 51.2870993 120.0232580
v 31.2131694 52.2132747 120.1877764
v 31.9941614 52.9941880 120.4679194
v 32.5625098 53.5625364 120.7409806
v 33.2598587 54.2598854 121.1804319
v 33.8883987 54.8884253 121.6841594
v 34.5112804 55.5113074 122.2962494
v 29.5612939 50.5613700 120.0013311
f 2 4 1
f 1 3 2
f 2 6 4
f 3 5 2
f 2 8 6
f 5 7 2
f 2 10 8
f 7 9 2
f 2 16 10
f 9 11 2
f 12 11 9
f 12 13 11
f 2 14 16
f 16 14 15
f 14 18 15
f 13 17 11
f 14 19 18
f 20 21 22
f 21 23 22
f 23 24 22
f 11 25 2
f 26 25 24
f 27 25 26
f 28 25 27
f 22 25 11
f 24 25 22
f 28 29 25
f 29 30 25
f 30 31 25
f 31 32 25
f 32 33 25
f 33 34 25
f 57 35 34
f 36 35 57
f 37 35 36
f 34 35 25
f 11 38 39
f 11 39 22
f 40 39 38
f 40 38 41
f 42 40 43
f 39 40 42
f 20 39 42
f 22 39 20
f 21 20 42
f 37 36 44
f 45 23 21
f 45 21 42
f 23 45 46
f 24 23 46
f 24 46 47
f 26 47 48
f 26 24 47
f 27 48 49
f 27 26 48
f 28 49 50
f 28 27 49
f 51 30 29
f 51 28 50
f 51 29 28
f 30 51 52
f 31 52 53
f 31 30 52
f 32 53 54
f 32 31 53
f 33 54 55
f 33 32 54
f 34 55 56
f 34 33 55
f 57 56 58
f 57 34 56
f 59 57 58
f 59 44 36
f 59 36 57
f 18 19 60
f 62 15 18
f 62 18 60
f 15 62 63
f 16 15 63
f 16 63 64
f 10 64 65
f 10 16 64
f 8 65 66
f 8 10 65
f 6 66 67
f 6 8 66
f 68 1 4
f 68 6 67
f 68 4 6
f 1 68 69
f 3 69 70
f 3 1 69
f 5 70 71
f 5 3 70
f 7 71 72
f 7 5 71
f 9 72 73
f 9 7 72
f 12 73 74
f 12 9 73
f 13 12 74
f 13 75 61
f 13 74 75
f 13 61 17
f 3770 78 77
f 76 79 3770
f 3770 79 78
f 80 79 76
f 80 44 79
f 44 81 82
f 82 83 44
f 44 84 81
f 83 85 44
f 44 86 84
f 85 87 44
f 44 88 86
f 44 89 37
f 87 89 44
f 44 90 88
f 89 91 37
f 44 92 90
f 91 93 37
f 44 94 92
f 93 95 37
f 44 96 94
f 95 97 37
f 44 98 96
f 97 99 37
f 44 100 98
f 99 101 37
f 101 102 37
f 102 103 37
f 103 104 37
f 104 105 37
f 105 106 37
f 106 107 37
f 107 108 37
f 108 109 37
f 37 110 35
f 109 110 37
f 110 111 35
f 111 112 35
f 112 113 35
f 113 114 35
f 115 114 116
f 117 114 115
f 118 114 117
f 35 114 118
f 114 119 116
f 120 119 121
f 122 119 120
f 123 119 122
f 116 119 123
f 119 124 121
f 125 124 126
f 127 124 125
f 128 124 127
f 129 124 128
f 121 124 129
f 130 131 132
f 132 131 133
f 133 131 134
f 134 131 135
f 135 131 136
f 136 131 137
f 137 131 138
f 138 131 139
f 139 131 140
f 140 131 141
f 100 131 142
f 142 131 143
f 143 131 144
f 144 131 145
f 145 131 146
f 146 131 130
f 44 131 100
f 80 131 44
f 147 148 149
f 150 148 147
f 151 148 150
f 126 148 151
f 124 148 126
f 131 152 141
f 153 154 155
f 156 154 153
f 149 154 156
f 148 154 149
f 154 157 155
f 154 158 157
f 159 158 154
f 159 160 158
f 159 161 160
f 159 162 161
f 159 163 162
f 164 163 159
f 164 165 163
f 164 166 165
f 167 168 164
f 164 168 166
f 167 169 168
f 152 170 171
f 171 170 172
f 172 170 173
f 173 170 174
f 174 170 175
f 175 170 176
f 176 170 177
f 177 170 178
f 178 170 179
f 179 170 180
f 180 170 181
f 181 170 182
f 131 170 152
f 170 183 182
f 167 184 169
f 170 185 183
f 186 187 188
f 188 187 189
f 189 187 190
f 190 187 191
f 191 187 192
f 192 187 193
f 193 187 194
f 194 187 195
f 195 187 196
f 196 187 197
f 167 187 184
f 197 187 167
f 170 198 185
f 186 199 187
f 170 200 198
f 199 201 187
f 170 202 200
f 201 203 187
f 170 204 202
f 203 205 187
f 205 206 187
f 207 206 208
f 208 206 209
f 209 206 210
f 210 206 211
f 211 206 212
f 212 206 213
f 213 206 214
f 214 206 215
f 215 206 216
f 216 206 217
f 217 206 218
f 218 206 219
f 219 206 220
f 220 206 221
f 221 206 205
f 204 222 223
f 223 222 224
f 224 222 225
f 225 222 226
f 226 222 227
f 227 222 228
f 228 222 229
f 229 222 230
f 230 222 231
f 231 222 232
f 170 222 204
f 232 222 233
f 234 222 170
f 207 235 206
f 222 236 233
f 207 237 235
f 238 237 207
f 236 239 233
f 239 240 233
f 233 240 241
f 238 242 237
f 243 244 238
f 238 244 242
f 240 245 241
f 245 246 241
f 243 247 244
f 246 248 241
f 241 248 249
f 243 250 247
f 248 251 249
f 243 252 250
f 253 252 243
f 251 254 249
f 253 255 252
f 253 256 255
f 254 257 249
f 249 257 258
f 253 259 256
f 260 259 253
f 257 261 258
f 260 262 259
f 261 263 258
f 260 264 262
f 263 265 258
f 258 266 267
f 265 266 258
f 260 268 264
f 269 268 260
f 266 270 267
f 269 271 268
f 270 272 267
f 269 273 271
f 267 274 269
f 272 274 267
f 269 274 273
f 277 279 276
f 275 278 277
f 278 279 277
f 278 280 279
f 278 60 280
f 281 282 283
f 283 284 281
f 285 284 286
f 287 284 285
f 281 284 287
f 281 288 282
f 284 289 286
f 290 289 291
f 292 289 290
f 286 289 292
f 281 293 288
f 294 295 296
f 297 295 294
f 298 295 297
f 291 295 298
f 289 295 291
f 281 299 293
f 295 300 296
f 301 300 302
f 303 300 301
f 304 300 303
f 305 300 304
f 296 300 305
f 281 306 299
f 300 307 302
f 308 307 309
f 310 307 308
f 311 307 310
f 302 307 311
f 281 312 306
f 307 313 309
f 314 313 315
f 316 313 314
f 317 313 316
f 318 313 317
f 309 313 318
f 281 319 312
f 320 321 322
f 313 321 315
f 323 321 320
f 324 321 323
f 315 321 324
f 281 325 319
f 321 326 322
f 327 326 14
f 328 326 327
f 329 326 328
f 322 326 329
f 281 330 325
f 326 331 14
f 281 332 330
f 331 333 14
f 281 334 332
f 333 335 14
f 281 336 334
f 14 337 19
f 335 337 14
f 281 338 336
f 337 339 19
f 281 340 338
f 339 341 19
f 341 342 19
f 340 343 344
f 344 343 345
f 281 343 340
f 342 346 19
f 343 347 345
f 346 348 19
f 343 349 347
f 348 350 19
f 343 351 349
f 350 352 19
f 343 353 351
f 352 354 19
f 343 355 353
f 354 356 19
f 343 357 355
f 356 358 19
f 343 359 357
f 358 360 19
f 343 361 359
f 360 362 19
f 343 363 361
f 362 364 19
f 343 365 363
f 364 366 19
f 343 367 365
f 19 368 60
f 366 368 19
f 343 369 367
f 368 370 60
f 371 372 343
f 373 372 371
f 343 372 369
f 370 374 60
f 375 376 373
f 377 376 375
f 373 376 372
f 374 378 60
f 379 380 377
f 381 380 379
f 382 380 381
f 377 380 376
f 378 383 60
f 384 385 382
f 386 385 384
f 387 385 386
f 382 385 380
f 383 388 60
f 389 390 387
f 391 390 389
f 392 390 391
f 387 390 385
f 388 393 60
f 392 394 390
f 395 394 392
f 393 396 60
f 395 397 394
f 396 398 60
f 398 399 60
f 394 400 401
f 397 400 394
f 399 402 60
f 400 403 401
f 402 404 60
f 403 405 401
f 404 406 60
f 406 407 60
f 401 408 409
f 405 408 401
f 407 410 60
f 408 411 409
f 411 412 409
f 412 413 409
f 409 414 415
f 413 414 409
f 414 416 415
f 416 417 415
f 417 418 415
f 415 418 419
f 418 420 419
f 420 421 419
f 419 422 423
f 421 422 419
f 422 424 423
f 424 425 423
f 423 426 427
f 427 426 428
f 428 426 429
f 429 426 430
f 430 426 431
f 431 426 432
f 432 426 433
f 433 426 434
f 434 426 435
f 435 426 436
f 436 426 437
f 425 426 423
f 437 438 439
f 439 438 440
f 440 438 441
f 441 438 442
f 442 438 443
f 443 438 444
f 444 438 445
f 445 438 446
f 446 438 447
f 447 438 448
f 426 438 437
f 448 438 449
f 449 438 450
f 450 438 451
f 451 438 452
f 452 438 453
f 453 438 454
f 454 438 455
f 455 438 456
f 426 457 438
f 438 458 456
f 456 458 459
f 459 458 460
f 460 458 461
f 461 458 462
f 462 458 463
f 60 458 280
f 463 458 464
f 464 458 465
f 465 458 466
f 466 458 467
f 410 458 60
f 467 458 468
f 468 458 469
f 469 458 470
f 470 458 471
f 471 458 472
f 472 458 473
f 473 458 474
f 474 458 410
f 475 476 477
f 475 478 479
f 479 480 475
f 475 481 478
f 480 482 475
f 475 483 481
f 482 484 475
f 475 485 483
f 484 486 475
f 487 488 475
f 475 488 485
f 486 489 475
f 487 490 488
f 489 491 475
f 487 492 490
f 491 493 475
f 487 494 492
f 493 495 475
f 487 496 494
f 495 497 475
f 487 498 496
f 497 499 475
f 487 500 498
f 499 501 475
f 487 502 500
f 501 503 475
f 487 504 502
f 475 505 476
f 503 505 475
f 487 506 504
f 505 507 476
f 487 508 506
f 507 509 476
f 487 510 508
f 509 511 476
f 487 512 510
f 511 513 476
f 487 514 512
f 513 515 476
f 515 516 476
f 516 517 476
f 517 518 476
f 518 519 476
f 519 520 476
f 521 522 523
f 520 522 476
f 524 522 521
f 476 522 524
f 522 525 523
f 526 525 527
f 528 525 526
f 523 525 528
f 529 530 531
f 532 530 529
f 527 530 532
f 525 530 527
f 533 534 535
f 536 534 533
f 537 534 536
f 531 534 537
f 530 534 531
f 538 539 540
f 541 539 538
f 535 539 541
f 534 539 535
f 540 542 543
f 539 542 540
f 542 544 543
f 545 546 542
f 542 546 544
f 545 547 546
f 545 548 547
f 545 549 548
f 550 549 545
f 550 551 549
f 550 552 551
f 550 553 552
f 554 553 550
f 554 555 553
f 554 556 555
f 554 557 556
f 558 557 554
f 559 560 561
f 561 560 562
f 562 560 563
f 563 560 564
f 564 560 565
f 565 560 566
f 566 560 567
f 558 568 557
f 558 569 568
f 570 569 558
f 570 571 569
f 572 573 574
f 574 573 575
f 575 573 576
f 576 573 577
f 577 573 578
f 578 573 579
f 579 573 580
f 580 573 581
f 581 573 582
f 582 573 583
f 583 573 584
f 584 573 585
f 585 573 570
f 570 573 571
f 572 586 573
f 586 587 573
f 588 589 560
f 567 590 591
f 560 590 567
f 591 590 592
f 592 590 593
f 593 590 594
f 594 590 595
f 595 590 596
f 596 590 597
f 597 590 598
f 598 590 599
f 599 590 600
f 600 590 601
f 601 590 602
f 602 590 603
f 603 590 604
f 604 590 605
f 589 606 560
f 606 608 560
f 560 608 590
f 606 607 608
f 607 609 608
f 607 610 609
f 605 611 612
f 612 611 613
f 613 611 614
f 614 611 615
f 615 611 616
f 616 611 617
f 617 611 618
f 618 611 619
f 590 611 605
f 587 620 573
f 621 620 622
f 622 620 623
f 623 620 624
f 624 620 625
f 625 620 626
f 626 620 627
f 627 620 628
f 628 620 629
f 629 620 630
f 630 620 631
f 631 620 632
f 632 620 633
f 633 620 634
f 634 620 635
f 635 620 587
f 611 636 619
f 621 637 620
f 636 638 619
f 621 639 637
f 638 640 619
f 621 641 639
f 642 641 621
f 619 643 644
f 640 643 619
f 642 645 641
f 643 646 644
f 642 647 645
f 646 648 644
f 642 649 647
f 650 649 642
f 648 651 644
f 650 652 649
f 644 653 654
f 651 653 644
f 650 655 652
f 653 656 654
f 650 657 655
f 656 658 654
f 659 660 650
f 650 660 657
f 658 661 654
f 659 662 660
f 659 663 662
f 661 664 654
f 654 665 666
f 664 665 654
f 659 667 663
f 665 668 666
f 659 669 667
f 668 670 666
f 666 671 659
f 659 671 669
f 670 672 666
f 666 672 671
f 487 560 514
f 514 560 673
f 673 560 674
f 674 560 675
f 675 560 676
f 676 560 677
f 677 560 678
f 678 560 559
f 679 680 681
f 682 680 679
f 683 680 682
f 683 684 680
f 685 684 683
f 686 684 685
f 687 684 686
f 680 688 681
f 689 688 690
f 691 688 689
f 681 688 691
f 687 692 684
f 693 692 687
f 694 692 693
f 695 696 697
f 698 696 695
f 690 696 698
f 688 696 690
f 694 699 692
f 700 699 694
f 701 699 700
f 702 703 704
f 705 703 702
f 697 703 705
f 696 703 697
f 701 706 699
f 707 708 709
f 710 708 707
f 711 708 710
f 704 708 711
f 703 708 704
f 701 712 706
f 713 714 715
f 716 714 713
f 709 714 716
f 708 714 709
f 701 717 712
f 718 719 720
f 721 719 718
f 715 719 721
f 714 719 715
f 701 722 717
f 719 723 720
f 724 723 725
f 726 723 724
f 720 723 726
f 701 727 722
f 723 728 725
f 701 729 727
f 728 730 725
f 701 731 729
f 730 732 725
f 701 733 731
f 732 734 725
f 701 735 733
f 734 736 725
f 701 737 735
f 736 738 725
f 701 739 737
f 738 740 725
f 701 741 739
f 740 742 725
f 701 743 741
f 742 744 725
f 701 745 743
f 744 746 725
f 701 747 745
f 746 748 725
f 747 749 750
f 750 749 751
f 751 749 752
f 701 749 747
f 749 753 752
f 749 754 753
f 748 755 725
f 756 755 757
f 757 755 758
f 758 755 759
f 759 755 760
f 760 755 748
f 725 755 761
f 749 762 754
f 756 763 755
f 749 764 762
f 763 765 755
f 749 766 764
f 765 767 755
f 749 768 766
f 767 769 755
f 749 770 768
f 769 771 755
f 749 772 770
f 771 773 755
f 749 774 772
f 773 775 755
f 749 776 774
f 775 777 755
f 749 778 776
f 777 779 755
f 780 781 749
f 782 781 780
f 783 781 782
f 749 781 778
f 779 784 755
f 783 785 781
f 786 785 783
f 787 785 786
f 788 785 787
f 784 789 755
f 788 790 785
f 791 790 788
f 792 790 791
f 793 790 792
f 794 790 793
f 789 795 755
f 794 796 790
f 797 796 794
f 797 798 796
f 795 799 755
f 799 800 755
f 798 801 796
f 799 802 800
f 802 803 800
f 801 804 796
f 803 805 800
f 796 806 807
f 804 806 796
f 805 808 800
f 808 809 800
f 806 810 807
f 809 811 800
f 810 812 807
f 811 813 800
f 813 814 800
f 812 815 807
f 814 816 800
f 807 817 818
f 815 817 807
f 816 819 800
f 819 820 800
f 817 821 818
f 820 822 800
f 822 823 800
f 821 824 818
f 824 825 818
f 825 826 818
f 818 827 828
f 826 827 818
f 827 829 828
f 829 830 828
f 830 831 828
f 831 832 828
f 828 832 833
f 832 834 833
f 834 835 833
f 835 836 833
f 833 837 838
f 838 837 839
f 839 837 840
f 840 837 841
f 841 837 842
f 842 837 843
f 843 837 844
f 844 837 845
f 836 837 833
f 837 846 845
f 845 846 847
f 847 846 848
f 848 846 849
f 849 846 850
f 850 846 851
f 851 846 852
f 852 846 853
f 853 846 854
f 854 846 855
f 855 846 856
f 856 846 857
f 857 846 858
f 858 846 859
f 859 846 860
f 860 846 861
f 863 864 846
f 861 864 865
f 865 864 866
f 866 864 867
f 867 864 868
f 868 864 869
f 869 864 870
f 870 864 871
f 846 864 861
f 862 873 863
f 872 873 862
f 873 874 863
f 863 874 864
f 864 875 3728
f 874 875 864
f 864 800 823
f 864 823 876
f 864 876 877
f 864 877 878
f 864 878 879
f 864 879 880
f 864 880 881
f 864 881 871
f 743 745 882
f 882 745 883
f 883 747 884
f 745 747 883
f 884 750 885
f 885 750 886
f 747 750 884
f 750 751 886
f 886 752 887
f 751 752 886
f 887 753 888
f 888 753 889
f 752 753 887
f 889 754 890
f 753 754 889
f 754 762 890
f 890 764 891
f 762 764 890
f 891 766 892
f 892 766 893
f 764 766 891
f 766 768 893
f 768 770 893
f 893 770 894
f 770 772 894
f 894 772 895
f 772 774 895
f 895 774 896
f 774 776 896
f 896 776 897
f 776 778 897
f 897 778 898
f 778 781 898
f 898 781 899
f 781 785 899
f 899 785 900
f 785 790 900
f 900 790 901
f 790 796 901
f 901 796 902
f 796 807 902
f 902 807 903
f 807 818 903
f 903 818 904
f 904 828 905
f 818 828 904
f 905 833 906
f 828 833 905
f 906 838 907
f 833 838 906
f 907 839 908
f 838 839 907
f 908 840 909
f 839 840 908
f 909 841 910
f 840 841 909
f 910 842 911
f 841 842 910
f 911 843 912
f 912 843 913
f 842 843 911
f 843 844 913
f 913 845 914
f 844 845 913
f 914 847 915
f 845 847 914
f 915 848 916
f 847 848 915
f 916 849 917
f 848 849 916
f 917 850 918
f 849 850 917
f 850 851 918
f 918 851 919
f 851 852 919
f 919 852 920
f 920 852 921
f 852 853 921
f 853 854 921
f 921 854 922
f 854 855 922
f 922 855 923
f 855 856 923
f 923 856 924
f 924 856 925
f 856 857 925
f 857 858 925
f 925 858 926
f 926 858 927
f 858 859 927
f 859 860 927
f 927 860 928
f 928 860 929
f 860 861 929
f 861 865 929
f 929 865 930
f 865 866 930
f 930 866 931
f 931 866 932
f 866 867 932
f 867 868 932
f 932 868 933
f 868 869 933
f 933 869 934
f 869 870 934
f 934 870 935
f 935 870 936
f 870 871 936
f 871 881 936
f 936 881 937
f 937 881 938
f 881 880 938
f 938 880 939
f 880 879 939
f 939 878 940
f 879 878 939
f 940 878 941
f 878 877 941
f 941 876 942
f 877 876 941
f 942 823 943
f 876 823 942
f 823 822 943
f 943 822 944
f 822 820 944
f 944 820 945
f 820 819 945
f 945 819 946
f 819 816 946
f 946 816 947
f 947 816 948
f 816 814 948
f 814 813 948
f 948 813 949
f 813 811 949
f 949 811 950
f 950 811 951
f 811 809 951
f 809 808 951
f 951 808 952
f 808 805 952
f 952 805 953
f 805 803 953
f 953 803 954
f 954 803 955
f 803 802 955
f 955 799 956
f 802 799 955
f 956 795 957
f 957 795 958
f 799 795 956
f 795 789 958
f 958 784 959
f 789 784 958
f 959 779 960
f 784 779 959
f 960 777 961
f 779 777 960
f 961 775 962
f 777 775 961
f 962 773 963
f 775 773 962
f 963 771 964
f 964 771 965
f 773 771 963
f 771 769 965
f 965 767 966
f 769 767 965
f 966 765 967
f 767 765 966
f 967 763 968
f 765 763 967
f 968 756 969
f 763 756 968
f 756 757 969
f 969 757 970
f 757 758 970
f 970 758 971
f 971 758 972
f 758 759 972
f 972 759 973
f 759 760 973
f 973 748 974
f 760 748 973
f 974 746 975
f 748 746 974
f 975 744 976
f 746 744 975
f 976 742 977
f 744 742 976
f 977 740 978
f 742 740 977
f 978 738 979
f 740 738 978
f 979 736 980
f 980 736 981
f 738 736 979
f 736 734 981
f 981 734 982
f 734 732 982
f 982 730 983
f 732 730 982
f 983 728 984
f 730 728 983
f 984 723 985
f 985 723 986
f 728 723 984
f 723 719 986
f 986 714 987
f 719 714 986
f 987 708 988
f 714 708 987
f 988 703 989
f 708 703 988
f 989 696 990
f 703 696 989
f 990 688 991
f 991 688 992
f 696 688 990
f 992 680 993
f 688 680 992
f 993 684 994
f 680 684 993
f 684 692 994
f 692 699 994
f 994 699 995
f 699 706 995
f 995 706 996
f 996 706 997
f 706 712 997
f 712 717 997
f 997 717 998
f 717 722 998
f 998 722 999
f 722 727 999
f 999 727 1000
f 727 729 1000
f 1000 729 1001
f 729 731 1001
f 1001 731 1002
f 731 733 1002
f 1002 733 1003
f 1003 733 1004
f 733 735 1004
f 735 737 1004
f 1004 737 1005
f 1005 739 1006
f 737 739 1005
f 1006 741 1007
f 739 741 1006
f 741 743 1007
f 1007 743 882
f 1008 1009 1010
f 1011 1009 1012
f 1011 1012 1013
f 1011 1013 1014
f 1011 1010 1009
f 1015 1009 1008
f 1016 1014 1017
f 1016 1017 1018
f 1016 1018 1019
f 1016 1011 1014
f 1020 1009 1015
f 1021 1019 1022
f 1021 1016 1019
f 1021 1022 1023
f 1021 1023 1024
f 1021 1024 1025
f 1026 1009 1020
f 1027 1025 1028
f 1027 1028 1029
f 1027 1029 1030
f 1027 1030 1031
f 1027 1031 1032
f 1027 1021 1025
f 1033 1009 1026
f 1034 1032 1035
f 1034 1035 1036
f 1034 1036 1037
f 1034 1037 1038
f 1034 1027 1032
f 1039 1009 1033
f 1040 1038 1041
f 1040 1041 1042
f 1040 1042 1043
f 1040 1043 1044
f 1040 1044 1045
f 1040 1034 1038
f 1046 1009 1039
f 1047 1045 1048
f 1047 1048 1049
f 1047 1049 1050
f 1047 1050 1051
f 1047 1040 1045
f 1052 1009 1046
f 1053 1051 1054
f 1053 1054 1055
f 1053 1055 1056
f 1053 1056 2
f 1053 1047 1051
f 1057 1009 1052
f 1058 1053 2
f 1059 1009 1057
f 1060 1058 2
f 1061 1009 1059
f 1062 1060 2
f 1063 1009 1061
f 1064 1062 2
f 1065 1009 1063
f 1066 1064 2
f 1067 1009 1065
f 1068 1066 2
f 1069 1068 2
f 1070 1009 1067
f 1070 1067 1071
f 1070 1071 1072
f 1073 1069 2
f 1074 1070 1072
f 1075 1073 2
f 1076 1070 1074
f 1077 1075 2
f 1078 1070 1076
f 1079 1077 2
f 1080 1070 1078
f 1081 1079 2
f 1082 1070 1080
f 1083 1081 2
f 1084 1070 1082
f 1085 1083 2
f 1086 1070 1084
f 1087 1085 2
f 1088 1070 1086
f 1089 1087 2
f 1090 1070 1088
f 1091 1089 2
f 1092 1070 1090
f 1093 1070 1092
f 1094 1070 1093
f 1095 1070 1094
f 1095 1096 1097
f 1095 1097 1070
f 1098 1096 1095
f 1098 1099 1100
f 1098 1100 1096
f 1101 1099 1098
f 1101 1102 1103
f 1101 1103 1104
f 1101 1104 1099
f 1105 1102 1101
f 1105 1106 1107
f 1105 1107 1108
f 1105 1108 1102
f 1109 1106 1105
f 1109 1110 1111
f 1109 1111 1112
f 1109 1112 1106
f 1113 1110 1109
f 1113 1114 1110
f 1115 1114 1113
f 1116 1115 1113
f 1116 1113 1117
f 1118 1116 1117
f 1119 1118 1117
f 1120 1119 1117
f 1120 1117 1121
f 1122 1120 1121
f 1123 1122 1121
f 1124 1123 1121
f 1125 1124 1121
f 1125 1121 1126
f 1127 1125 1126
f 1128 1127 1126
f 1129 1128 1126
f 1129 1126 1130
f 1131 1129 1130
f 1132 1131 1130
f 1133 1134 1135
f 1133 1135 1136
f 1133 1136 1137
f 1133 1137 1138
f 1133 1138 1139
f 1133 1139 1140
f 1133 1140 1141
f 1133 1141 1142
f 1133 1142 1143
f 1133 1143 1144
f 1133 1144 1145
f 1133 1145 1146
f 1133 1146 1147
f 1133 1147 1148
f 1133 1148 1149
f 1133 1149 1150
f 1133 1150 1151
f 1133 1151 1152
f 1133 1152 1153
f 1133 1153 1091
f 1133 1091 2
f 1154 1132 1130
f 1154 1130 1155
f 1156 1154 1155
f 1157 1156 1155
f 1158 1157 1155
f 1158 1155 1159
f 1158 1159 1160
f 1158 1160 1161
f 1158 1161 1162
f 1158 1162 1163
f 1158 1163 1164
f 1158 1164 1165
f 1158 1165 1166
f 1167 1168 1169
f 1167 1169 1170
f 1167 1170 1171
f 1167 1171 1172
f 1167 1172 1173
f 1167 1173 1174
f 1167 1174 1175
f 1167 1158 1166
f 1167 1166 1176
f 1167 1176 1168
f 1177 1175 1178
f 1177 1167 1175
f 1179 1180 1181
f 1179 1181 1182
f 1179 1182 1183
f 1179 1183 1184
f 1179 1184 1185
f 1179 1185 1186
f 1179 1186 1187
f 1179 1187 1188
f 1179 1188 1189
f 1179 1189 1190
f 1179 1190 1191
f 1179 1191 1192
f 1179 1192 1193
f 1179 1193 1194
f 1179 1194 1195
f 1179 1195 1134
f 1179 1134 1133
f 1196 1178 1197
f 1196 1177 1178
f 1198 1197 1199
f 1198 1199 1200
f 1198 1196 1197
f 1201 1200 1202
f 1201 1198 1200
f 1203 1202 1204
f 1203 1201 1202
f 1205 1204 1206
f 1205 1203 1204
f 1207 1206 1208
f 1207 1205 1206
f 1209 1208 1180
f 1209 1207 1208
f 1209 1180 1179
f 1210 1209 1179
f 1211 1210 1179
f 1212 1211 1179
f 1213 1212 1179
f 1214 1213 1179
f 1215 1214 1179
f 1216 1215 1179
f 1217 1216 1179
f 1218 1217 1179
f 1219 1218 1179
f 1220 1219 1179
f 1221 1220 1179
f 1222 1179 1223
f 1224 1179 1222
f 1225 1179 1224
f 1226 1179 1225
f 1227 1179 1226
f 1228 1179 1227
f 1229 1179 1228
f 1230 1179 1229
f 1231 1179 1230
f 1232 1179 1231
f 1233 1179 1232
f 1234 1179 1233
f 1235 1179 1234
f 1236 1179 1235
f 1237 1179 1236
f 1238 1249 1239
f 1238 1239 1240
f 1238 1240 1241
f 1238 1241 1242
f 1238 1242 1243
f 1238 1243 1244
f 1238 1244 1245
f 1238 1245 1246
f 1238 1246 1247
f 1238 1247 1248
f 1238 1248 1221
f 1238 1221 1179
f 1238 1179 1237
f 992 1250 1251
f 992 1251 1252
f 992 1252 1253
f 993 1250 992
f 993 1254 1255
f 993 1255 1256
f 993 1256 1250
f 991 992 1253
f 991 1253 1257
f 991 1257 1258
f 991 1258 1259
f 994 1254 993
f 994 1260 1261
f 994 1261 1254
f 990 991 1259
f 990 1259 1262
f 990 1262 1263
f 990 1263 1264
f 995 1260 994
f 995 1265 1266
f 995 1266 1260
f 989 990 1264
f 989 1264 1267
f 989 1267 1268
f 989 1268 1269
f 996 1265 995
f 988 989 1269
f 988 1269 1270
f 988 1270 1271
f 988 1271 1272
f 988 1272 1273
f 997 1265 996
f 987 1273 1274
f 987 1274 1275
f 987 1275 1276
f 987 988 1273
f 998 1265 997
f 986 1276 1277
f 986 987 1276
f 986 1277 1278
f 986 1278 1279
f 999 1265 998
f 985 986 1279
f 985 1279 1280
f 985 1280 1281
f 985 1281 1282
f 1000 1265 999
f 984 985 1282
f 1001 1265 1000
f 983 984 1282
f 1002 1265 1001
f 982 983 1282
f 1003 1265 1002
f 981 982 1282
f 1004 1265 1003
f 980 981 1282
f 1005 1265 1004
f 979 980 1282
f 1006 1265 1005
f 978 979 1282
f 1007 1265 1006
f 977 978 1282
f 882 1265 1007
f 976 977 1282
f 976 1282 1283
f 883 1265 882
f 975 976 1283
f 884 1265 883
f 974 975 1283
f 973 974 1283
f 972 973 1283
f 971 972 1283
f 1284 884 885
f 1284 885 886
f 1284 886 887
f 1284 1265 884
f 888 1284 887
f 970 971 1283
f 889 1284 888
f 969 970 1283
f 890 1284 889
f 968 969 1283
f 968 1283 1285
f 891 1284 890
f 967 968 1285
f 967 1285 1286
f 892 1284 891
f 966 967 1286
f 966 1286 1287
f 893 1284 892
f 965 966 1287
f 894 1284 893
f 964 965 1287
f 964 1287 1288
f 895 1284 894
f 963 964 1288
f 963 1288 1289
f 896 1284 895
f 962 1289 1290
f 962 963 1289
f 897 1284 896
f 961 1290 1291
f 961 962 1290
f 898 1284 897
f 960 1291 1292
f 960 961 1291
f 899 1284 898
f 899 1293 1294
f 899 1294 1295
f 899 1295 1284
f 959 960 1292
f 900 1296 1297
f 900 1297 1298
f 900 1298 1293
f 900 1293 899
f 901 1299 1300
f 901 1300 1301
f 901 1301 1302
f 901 1302 1296
f 901 1296 900
f 902 1299 901
f 902 1303 1299
f 1304 1303 902
f 1305 1304 902
f 1306 1305 902
f 1307 902 903
f 1307 1306 902
f 1308 1307 903
f 1309 1308 903
f 1310 1309 903
f 1311 903 904
f 1311 1310 903
f 1312 1311 904
f 1313 1312 904
f 1314 1313 904
f 1315 1314 904
f 1316 1315 904
f 1316 904 905
f 1317 1316 905
f 1318 1317 905
f 1319 1318 905
f 1320 905 906
f 1320 1319 905
f 1321 1292 1322
f 1321 1322 1323
f 1321 1323 1324
f 1321 1324 1325
f 1321 1325 1326
f 1321 1326 1327
f 1321 1327 1328
f 1321 1328 1329
f 1321 1329 1330
f 1321 1330 1331
f 1321 1331 1332
f 1321 1332 1333
f 1321 959 1292
f 1321 943 944
f 1321 944 945
f 1321 945 946
f 1321 946 947
f 1321 947 948
f 1321 948 949
f 1321 949 950
f 1321 950 951
f 1321 951 952
f 1321 952 953
f 1321 953 954
f 1321 954 955
f 1321 955 956
f 1321 956 957
f 1321 957 958
f 1321 958 959
f 1334 1320 906
f 1335 1334 906
f 1336 1335 906
f 1337 906 907
f 1337 907 908
f 1337 908 909
f 1337 909 910
f 1337 910 911
f 1337 911 912
f 1337 912 913
f 1337 913 914
f 1337 914 915
f 1337 915 916
f 1337 916 917
f 1337 917 918
f 1337 918 919
f 1337 919 920
f 1337 920 921
f 1337 921 922
f 1337 922 923
f 1337 1336 906
f 1338 1333 1339
f 1338 1339 1340
f 1338 1340 1341
f 1338 1341 1342
f 1338 1342 1343
f 1338 1343 1344
f 1338 1344 1345
f 1338 1249 1238
f 1338 1345 1346
f 1338 1346 1347
f 1338 1347 1348
f 1338 1348 1349
f 1338 1349 1249
f 1338 1321 1333
f 1350 1321 1338
f 1351 1321 1350
f 1352 1321 1351
f 1353 1321 1352
f 1354 1321 1353
f 1355 1321 1354
f 1356 1321 1355
f 1357 923 924
f 1357 924 925
f 1357 925 926
f 1357 926 927
f 1357 927 928
f 1357 928 929
f 1357 1337 923
f 1357 929 930
f 1357 930 931
f 1357 931 932
f 1357 932 933
f 1357 933 934
f 1357 934 935
f 1357 935 936
f 1357 936 937
f 1357 937 938
f 1357 938 939
f 1357 939 940
f 1357 940 941
f 1357 941 942
f 1357 942 943
f 1357 943 1321
f 1358 1321 1356
f 1359 1321 1358
f 1360 1321 1359
f 1361 1321 1360
f 1362 1321 1361
f 1363 1321 1362
f 1364 1321 1363
f 1365 1321 1364
f 1366 1321 1365
f 25 1133 2
f 25 1367 1133
f 1368 1369 1370
f 1368 1370 1371
f 1368 1371 1372
f 1368 1372 1373
f 1368 1373 1374
f 1368 1374 1375
f 1368 1375 1376
f 1368 1376 1377
f 1368 1377 1378
f 1368 1379 1380
f 1368 1380 1381
f 1368 1381 1382
f 1368 1382 1383
f 1368 1383 1384
f 1368 1384 1385
f 1368 1385 1369
f 1386 1367 1387
f 1388 1387 1367
f 1389 1367 1386
f 1390 1388 1367
f 1391 1367 1389
f 1392 1390 1367
f 1393 1367 1391
f 1394 1392 1367
f 1395 1367 1393
f 1396 1394 1367
f 1397 1367 1395
f 1398 1367 25
f 1398 1396 1367
f 1399 1367 1397
f 1400 1398 25
f 1401 1367 1399
f 1402 1400 25
f 1403 1367 1401
f 1404 1402 25
f 1405 1367 1403
f 1406 1404 25
f 1407 1367 1405
f 1408 1406 25
f 1409 1367 1407
f 1410 1408 25
f 1411 1367 1409
f 1412 1410 25
f 1413 1367 1411
f 1413 1368 1367
f 1414 1412 25
f 1415 1368 1413
f 1416 1414 25
f 1417 1368 1415
f 1418 1416 25
f 1419 1368 1417
f 1420 1418 25
f 1421 1368 1419
f 1422 1420 25
f 1423 1368 1421
f 1424 1422 25
f 1425 1368 1423
f 1426 1424 25
f 1427 1368 1425
f 1428 1426 25
f 1429 1368 1427
f 1430 1428 25
f 1431 1368 1429
f 1432 25 1433
f 1432 1433 1434
f 1432 1434 1435
f 1432 1435 1436
f 1432 1430 25
f 1437 1368 1431
f 1438 1432 1436
f 1438 1436 1439
f 1438 1439 1440
f 1438 1440 1441
f 1438 1441 1442
f 1443 1368 1437
f 1444 1438 1442
f 1444 1442 1445
f 1444 1445 1446
f 1444 1446 1447
f 1444 1447 1448
f 1444 1448 1449
f 1450 1368 1443
f 1451 1444 1449
f 1451 1449 1452
f 1451 1452 1453
f 1451 1453 1454
f 1451 1454 1455
f 1456 1368 1450
f 1457 1455 1458
f 1457 1458 1459
f 1457 1459 1460
f 1457 1451 1455
f 1461 1368 1456
f 1462 1457 1460
f 1463 1368 1461
f 1464 1368 1463
f 1465 1466 1457
f 1465 1457 1462
f 1467 1466 1465
f 1468 1466 1467
f 1469 1466 1468
f 1470 1466 1469
f 1470 1471 1466
f 1472 1471 1470
f 1473 1471 1472
f 1474 1471 1473
f 1474 1475 1471
f 1476 1475 1474
f 1477 1475 1476
f 1478 1475 1477
f 1478 1479 1480
f 1478 1480 1481
f 1478 1481 1482
f 1478 1482 1483
f 1478 1483 1484
f 1478 1484 1485
f 1478 1485 1486
f 1478 1486 1487
f 1478 1487 1488
f 1478 1488 1489
f 1478 1489 1475
f 1490 1479 1478
f 1491 1490 1478
f 1492 1491 1478
f 1493 1492 1478
f 1494 1495 1368
f 1496 1368 1495
f 1497 1494 1368
f 1498 1368 1496
f 1499 1497 1368
f 1500 1368 1498
f 1501 1499 1368
f 1502 1379 1368
f 1502 1368 1500
f 1503 1501 1368
f 1504 1379 1502
f 1505 1503 1368
f 1506 1379 1504
f 1507 1505 1368
f 1508 1379 1506
f 1509 1464 1510
f 1509 1507 1368
f 1509 1368 1464
f 1511 1379 1508
f 1512 1510 1513
f 1512 1509 1510
f 1514 1379 1511
f 1515 1379 1514
f 1516 1513 1517
f 1516 1512 1513
f 1518 1517 1519
f 1518 1516 1517
f 1520 1379 1515
f 1521 1519 1522
f 1521 1518 1519
f 1523 1379 1520
f 1524 1379 1523
f 1525 1522 1526
f 1525 1526 1527
f 1525 1521 1522
f 1528 1379 1524
f 1529 1527 1530
f 1529 1525 1527
f 1531 1379 1528
f 1532 1529 1530
f 1532 1530 1533
f 1534 1533 1535
f 1534 1535 1536
f 1534 1536 1537
f 1534 1537 1538
f 1534 1538 1539
f 1534 1539 1540
f 1534 1540 1541
f 1534 1541 1542
f 1534 1542 1543
f 1534 1532 1533
f 1531 1544 1379
f 1545 1544 1531
f 1546 1544 1545
f 1547 1544 1546
f 1548 1544 1547
f 1549 1544 1548
f 1550 1544 1549
f 1551 1544 1550
f 1552 1544 1551
f 1553 1554 1555
f 1553 1555 1556
f 1553 1556 1557
f 1553 1557 1558
f 1553 1558 1559
f 1553 1559 1560
f 1553 1560 1561
f 1553 1561 1562
f 1553 1562 1563
f 1553 1563 1564
f 1553 1564 1565
f 1553 1565 1566
f 1553 1566 1567
f 1553 1567 1568
f 1553 1568 1493
f 1553 1493 1478
f 1569 1543 1570
f 1569 1570 1571
f 1569 1571 1572
f 1569 1572 1573
f 1569 1573 1574
f 1569 1574 1575
f 1569 1575 1576
f 1569 1576 1577
f 1569 1534 1543
f 1578 1544 1552
f 1579 1554 1553
f 1580 1569 1577
f 1581 1544 1578
f 1582 1554 1579
f 1582 1583 1554
f 1584 1580 1577
f 1585 1583 1582
f 1586 1584 1577
f 1586 1577 1587
f 1588 1544 1581
f 1589 1590 1583
f 1589 1583 1585
f 1591 1586 1587
f 1592 1590 1589
f 1593 1591 1587
f 1594 1544 1588
f 1595 1593 1587
f 1595 1587 1596
f 1597 1590 1592
f 1598 1599 1590
f 1598 1590 1597
f 1600 1595 1596
f 1601 1599 1598
f 1602 1600 1596
f 1603 1599 1601
f 1604 1602 1596
f 1604 1596 1605
f 1606 1607 1599
f 1606 1599 1603
f 1608 1604 1605
f 1609 1607 1606
f 1610 1608 1605
f 1611 1607 1609
f 1612 1610 1605
f 1613 1614 1607
f 1613 1607 1611
f 1615 1605 1616
f 1615 1612 1605
f 1617 1614 1613
f 1618 1615 1616
f 1619 1614 1617
f 1620 1618 1616
f 1621 1616 1614
f 1621 1614 1619
f 1621 1620 1616
f 1622 1623 1624
f 1622 1624 1625
f 1622 1625 1626
f 1622 1626 1627
f 1622 1627 1628
f 1622 1628 1629
f 1622 1629 1630
f 1622 1630 1631
f 1622 1631 1632
f 1622 1632 1633
f 1622 1633 1634
f 1622 1634 1635
f 1622 1635 1636
f 1622 1636 1637
f 1622 1637 1638
f 1622 1638 1544
f 1622 1594 1639
f 1622 1639 1640
f 1622 1640 1641
f 1622 1641 1642
f 1622 1642 1643
f 1622 1643 1644
f 1622 1644 1645
f 1622 1645 1646
f 1622 1646 1647
f 1622 1647 1648
f 1622 1648 1649
f 1622 1649 1650
f 1622 1544 1594
f 1651 1652 1653
f 1654 1650 1652
f 1654 1652 1651
f 1655 1653 1656
f 1655 1651 1653
f 1657 1650 1654
f 1657 1622 1650
f 1658 1655 1656
f 1658 1656 1659
f 1660 1622 1657
f 1661 1658 1659
f 1661 1659 1662
f 1663 1622 1660
f 1664 1661 1662
f 1665 1622 1663
f 1666 1664 1662
f 1666 1662 1667
f 1668 1622 1665
f 1669 1666 1667
f 1669 1667 1670
f 1671 1622 1668
f 1672 1669 1670
f 1672 1670 1673
f 1674 1622 1671
f 1675 1672 1673
f 1676 1622 1674
f 1677 1675 1673
f 1678 1622 1676
f 1679 1677 1673
f 1680 1622 1678
f 1681 1679 1673
f 1682 1622 1680
f 1683 1681 1673
f 1684 1622 1682
f 1685 1683 1673
f 1686 1622 1684
f 1687 1685 1673
f 1688 1622 1686
f 1689 1687 1673
f 1690 1622 1688
f 1691 1673 1692
f 1691 1689 1673
f 1693 1622 1690
f 1694 1691 1692
f 1695 1622 1693
f 1695 1696 1622
f 1697 1694 1692
f 1698 1696 1695
f 1699 1697 1692
f 1700 1696 1698
f 1701 1699 1692
f 1702 1696 1700
f 1703 1701 1692
f 1704 1696 1702
f 1705 1703 1692
f 1706 1696 1704
f 1707 1705 1692
f 1708 1696 1706
f 1709 1707 1692
f 1709 1692 1710
f 1709 1710 1711
f 1709 1711 1712
f 1713 1696 1708
f 1714 1712 1715
f 1714 1715 1716
f 1714 1716 1717
f 1714 1709 1712
f 1718 1696 1713
f 1719 1714 1717
f 1719 1717 1720
f 1719 1720 1721
f 1719 1721 1722
f 1723 1696 1718
f 1724 1719 1722
f 1724 1722 1725
f 1724 1725 1726
f 1724 1726 1727
f 1724 1727 1728
f 1729 1696 1723
f 1730 1724 1728
f 1730 1728 1731
f 1730 1731 1732
f 1730 1732 1733
f 1734 1696 1729
f 1735 1730 1733
f 1735 1733 1736
f 1737 1735 1736
f 1738 1696 1734
f 1739 1735 1737
f 1739 1740 1735
f 1741 1696 1738
f 1742 1696 1741
f 1743 1740 1739
f 1744 1696 1742
f 1745 1740 1743
f 1746 1696 1744
f 1747 1748 1740
f 1747 1740 1745
f 1749 1696 1746
f 1750 1696 1749
f 1751 1748 1747
f 1752 1696 1750
f 1753 1748 1751
f 1754 1696 1752
f 1755 1756 1748
f 1755 1748 1753
f 1757 1756 1755
f 1758 1756 1757
f 1759 1756 1758
f 1759 1760 1756
f 1761 1760 1759
f 1762 1763 1760
f 1762 1760 1761
f 1764 1763 1762
f 1765 1766 1767
f 1765 1767 1768
f 1765 1768 1769
f 1765 1769 1770
f 1765 1770 1771
f 1765 1771 1772
f 1765 1772 1773
f 1765 1773 1774
f 1765 1774 1775
f 1765 1775 1776
f 1765 1776 1777
f 1765 1777 1778
f 1765 1778 1763
f 1765 1763 1764
f 1779 1766 1765
f 1780 1779 1765
f 1781 1782 1783
f 1781 1783 1784
f 1781 1784 1780
f 1781 1780 1765
f 1781 1785 1786
f 1781 1786 1787
f 1781 1787 1788
f 1781 1788 1789
f 1781 1789 1790
f 1781 1790 1791
f 1781 1791 1792
f 1781 1792 1793
f 1781 1793 1794
f 1781 1794 1795
f 1781 1795 1796
f 1781 1796 1782
f 1797 1696 1754
f 1797 1754 1798
f 1797 1798 1799
f 1797 1799 1800
f 1797 1800 1801
f 1797 1801 1802
f 1797 1802 1803
f 1797 1803 1804
f 1797 1804 1805
f 1797 1805 1806
f 1797 1806 1807
f 1797 1807 1808
f 1797 1808 1809
f 1797 1809 1810
f 1797 1810 1811
f 1797 1811 1812
f 1797 1812 1813
f 1797 1813 1814
f 1815 1785 1781
f 1816 1797 1814
f 1817 1785 1815
f 1818 1816 1814
f 1819 1820 1785
f 1819 1785 1817
f 1821 1818 1814
f 1822 1820 1819
f 1823 1821 1814
f 1823 1814 1824
f 1825 1820 1822
f 1826 1823 1824
f 1827 1820 1825
f 1827 1828 1820
f 1829 1826 1824
f 1830 1828 1827
f 1831 1829 1824
f 1832 1828 1830
f 1833 1831 1824
f 1833 1824 1834
f 1835 1828 1832
f 1836 1833 1834
f 1837 1828 1835
f 1837 1838 1828
f 1839 1836 1834
f 1840 1838 1837
f 1841 1839 1834
f 1842 1841 1834
f 1843 1838 1840
f 1844 1838 1843
f 1845 1842 1834
f 1845 1834 1846
f 1847 1838 1844
f 1848 1845 1846
f 1849 1846 1838
f 1849 1838 1847
f 1850 1848 1846
f 1851 1846 1849
f 1851 1850 1846
f 1797 1337 1357
f 1797 1357 1696
f 1852 1368 1853
f 1853 1368 1854
f 1854 1368 1855
f 1855 1368 1856
f 1856 1368 1857
f 1857 1368 1858
f 1858 1368 1859
f 1859 1368 1860
f 1860 1368 1861
f 1861 1368 1862
f 1862 1368 1863
f 1863 1368 1864
f 1864 1368 1865
f 1865 1368 1866
f 1866 1368 1867
f 1867 1368 1378
f 1179 1868 1869
f 1179 1869 1870
f 1179 1870 1871
f 1179 1871 1872
f 1179 1872 1873
f 1179 1873 1874
f 1179 1874 1875
f 1179 1875 1876
f 1179 1876 1877
f 1179 1877 1878
f 1179 1878 1879
f 1179 1879 1880
f 1179 1880 1881
f 1179 1881 1882
f 1179 1882 1883
f 1179 1883 1223
f 1884 1321 1885
f 1885 1321 1886
f 1886 1321 1887
f 1887 1321 1888
f 1888 1321 1889
f 1889 1321 1890
f 1890 1321 1891
f 1891 1321 1892
f 1892 1321 1893
f 1893 1321 1894
f 1894 1321 1895
f 1895 1321 1896
f 1896 1321 1897
f 1897 1321 1898
f 1898 1321 1899
f 1899 1321 1366
f 1622 1900 1901
f 1622 1901 1902
f 1622 1902 1903
f 1622 1903 1904
f 1622 1904 1905
f 1622 1905 1906
f 1622 1906 1907
f 1622 1907 1908
f 1622 1908 1909
f 1622 1909 1910
f 1622 1910 1911
f 1622 1911 1912
f 1622 1912 1913
f 1622 1913 1914
f 1622 1914 1915
f 1622 1915 1623
f 345 347 1072
f 1072 347 1074
f 1074 349 1076
f 347 349 1074
f 1076 351 1078
f 1078 351 1080
f 349 351 1076
f 351 353 1080
f 1080 355 1082
f 353 355 1080
f 1082 357 1084
f 1084 357 1086
f 355 357 1082
f 1086 359 1088
f 357 359 1086
f 359 361 1088
f 1088 363 1090
f 361 363 1088
f 1090 365 1092
f 1092 365 1093
f 363 365 1090
f 365 367 1093
f 367 369 1093
f 1093 369 1094
f 369 372 1094
f 1094 372 1095
f 372 376 1095
f 1095 376 1098
f 376 380 1098
f 1098 380 1101
f 380 385 1101
f 1101 385 1105
f 385 390 1105
f 1105 390 1109
f 390 394 1109
f 1109 394 1113
f 394 401 1113
f 1113 401 1117
f 401 409 1117
f 1117 409 1121
f 409 415 1121
f 1121 415 1126
f 415 419 1126
f 1126 419 1130
f 1130 423 1155
f 419 423 1130
f 1155 427 1159
f 423 427 1155
f 1159 428 1160
f 427 428 1159
f 1160 429 1161
f 428 429 1160
f 1161 430 1162
f 429 430 1161
f 1162 431 1163
f 430 431 1162
f 1163 432 1164
f 431 432 1163
f 1164 433 1165
f 1165 433 1166
f 432 433 1164
f 433 434 1166
f 1166 435 1176
f 434 435 1166
f 1176 436 1168
f 435 436 1176
f 1168 437 1169
f 436 437 1168
f 1169 439 1170
f 437 439 1169
f 1170 440 1171
f 439 440 1170
f 440 441 1171
f 1171 441 1172
f 441 442 1172
f 1172 442 1173
f 1173 442 1174
f 442 443 1174
f 443 444 1174
f 1174 444 1175
f 444 445 1175
f 1175 445 1178
f 445 446 1178
f 1178 446 1197
f 1197 446 1199
f 446 447 1199
f 447 448 1199
f 1199 448 1200
f 1200 448 1202
f 448 449 1202
f 449 450 1202
f 1202 450 1204
f 1204 450 1206
f 450 451 1206
f 451 452 1206
f 1206 452 1208
f 452 453 1208
f 1208 453 1180
f 1180 453 1181
f 453 454 1181
f 454 455 1181
f 1181 455 1182
f 455 456 1182
f 1182 456 1183
f 456 459 1183
f 1183 459 1184
f 1184 459 1185
f 459 460 1185
f 460 461 1185
f 1185 461 1186
f 1186 461 1187
f 461 462 1187
f 1187 462 1188
f 462 463 1188
f 1188 464 1189
f 463 464 1188
f 1189 464 1190
f 464 465 1190
f 1190 466 1191
f 465 466 1190
f 1191 467 1192
f 466 467 1191
f 467 468 1192
f 1192 468 1193
f 468 469 1193
f 1193 469 1194
f 469 470 1194
f 1194 470 1195
f 470 471 1195
f 1195 471 1134
f 1134 471 1135
f 471 472 1135
f 472 473 1135
f 1135 473 1136
f 473 474 1136
f 1136 474 1137
f 1137 474 1138
f 474 410 1138
f 410 407 1138
f 1138 407 1139
f 407 406 1139
f 1139 406 1140
f 406 404 1140
f 1140 404 1141
f 1141 404 1142
f 404 402 1142
f 1142 399 1143
f 402 399 1142
f 1143 398 1144
f 1144 398 1145
f 399 398 1143
f 398 396 1145
f 1145 393 1146
f 396 393 1145
f 1146 388 1147
f 393 388 1146
f 1147 383 1148
f 388 383 1147
f 1148 378 1149
f 383 378 1148
f 1149 374 1150
f 378 374 1149
f 1150 370 1151
f 1151 370 1152
f 374 370 1150
f 370 368 1152
f 1152 366 1153
f 368 366 1152
f 1153 364 1091
f 366 364 1153
f 1091 362 1089
f 364 362 1091
f 1089 360 1087
f 362 360 1089
f 360 358 1087
f 1087 358 1085
f 358 356 1085
f 1085 356 1083
f 1083 356 1081
f 356 354 1081
f 1081 354 1079
f 354 352 1079
f 1079 350 1077
f 352 350 1079
f 1077 348 1075
f 350 348 1077
f 1075 346 1073
f 348 346 1075
f 1073 342 1069
f 346 342 1073
f 1069 341 1068
f 342 341 1069
f 1068 339 1066
f 341 339 1068
f 1066 337 1064
f 1064 337 1062
f 339 337 1066
f 337 335 1062
f 1062 335 1060
f 335 333 1060
f 1060 331 1058
f 333 331 1060
f 1058 326 1053
f 331 326 1058
f 1053 321 1047
f 1047 321 1040
f 326 321 1053
f 321 313 1040
f 1040 307 1034
f 313 307 1040
f 1034 300 1027
f 307 300 1034
f 1027 295 1021
f 300 295 1027
f 1021 289 1016
f 295 289 1021
f 1016 284 1011
f 1011 284 1010
f 289 284 1016
f 1010 283 1008
f 284 283 1010
f 1008 282 1015
f 283 282 1008
f 282 288 1015
f 288 293 1015
f 1015 293 1020
f 293 299 1020
f 1020 299 1026
f 1026 299 1033
f 299 306 1033
f 306 312 1033
f 1033 312 1039
f 312 319 1039
f 1039 319 1046
f 319 325 1046
f 1046 325 1052
f 325 330 1052
f 1052 330 1057
f 330 332 1057
f 1057 332 1059
f 332 334 1059
f 1059 334 1061
f 1061 334 1063
f 334 336 1063
f 336 338 1063
f 1063 338 1065
f 1065 340 1067
f 338 340 1065
f 1067 344 1071
f 340 344 1067
f 344 345 1071
f 1071 345 1072
f 130 132 1417
f 1417 132 1419
f 1419 133 1421
f 132 133 1419
f 1421 134 1423
f 1423 134 1425
f 133 134 1421
f 134 135 1425
f 1425 136 1427
f 135 136 1425
f 1427 137 1429
f 1429 137 1431
f 136 137 1427
f 1431 138 1437
f 137 138 1431
f 138 139 1437
f 1437 140 1443
f 139 140 1437
f 1443 141 1450
f 1450 141 1456
f 140 141 1443
f 141 152 1456
f 152 171 1456
f 1456 171 1461
f 171 172 1461
f 1461 172 1463
f 172 173 1463
f 1463 173 1464
f 173 174 1464
f 1464 174 1510
f 174 175 1510
f 1510 175 1513
f 175 176 1513
f 1513 176 1517
f 176 177 1517
f 1517 177 1519
f 177 178 1519
f 1519 178 1522
f 178 179 1522
f 1522 179 1526
f 179 180 1526
f 1526 180 1527
f 180 181 1527
f 1527 181 1530
f 1530 182 1533
f 181 182 1530
f 1533 183 1535
f 182 183 1533
f 1535 185 1536
f 183 185 1535
f 1536 198 1537
f 185 198 1536
f 1537 200 1538
f 198 200 1537
f 1538 202 1539
f 200 202 1538
f 1539 204 1540
f 202 204 1539
f 1540 223 1541
f 1541 223 1542
f 204 223 1540
f 223 224 1542
f 1542 225 1543
f 224 225 1542
f 1543 226 1570
f 225 226 1543
f 1570 227 1571
f 226 227 1570
f 1571 228 1572
f 227 228 1571
f 1572 229 1573
f 228 229 1572
f 229 230 1573
f 1573 230 1574
f 230 231 1574
f 1574 231 1575
f 1575 231 1576
f 231 232 1576
f 232 233 1576
f 1576 233 1577
f 233 241 1577
f 1577 241 1587
f 241 249 1587
f 1587 249 1596
f 1596 249 1605
f 249 258 1605
f 258 267 1605
f 1605 267 1616
f 1616 267 1614
f 267 269 1614
f 269 260 1614
f 1614 260 1607
f 1607 260 1599
f 260 253 1599
f 253 243 1599
f 1599 243 1590
f 243 238 1590
f 1590 238 1583
f 1583 238 1554
f 238 207 1554
f 207 208 1554
f 1554 208 1555
f 208 209 1555
f 1555 209 1556
f 209 210 1556
f 1556 210 1557
f 1557 210 1558
f 210 211 1558
f 211 212 1558
f 1558 212 1559
f 1559 212 1560
f 212 213 1560
f 1560 213 1561
f 213 214 1561
f 1561 215 1562
f 214 215 1561
f 1562 215 1563
f 215 216 1563
f 1563 217 1564
f 216 217 1563
f 1564 218 1565
f 217 218 1564
f 218 219 1565
f 1565 219 1566
f 219 220 1566
f 1566 220 1567
f 220 221 1567
f 1567 221 1568
f 221 205 1568
f 1568 205 1493
f 1493 205 1492
f 205 203 1492
f 203 201 1492
f 1492 201 1491
f 201 199 1491
f 1491 199 1490
f 1490 199 1479
f 199 186 1479
f 186 188 1479
f 1479 188 1480
f 188 189 1480
f 1480 189 1481
f 189 190 1481
f 1481 190 1482
f 1482 190 1483
f 190 191 1483
f 1483 192 1484
f 191 192 1483
f 1484 193 1485
f 1485 193 1486
f 192 193 1484
f 193 194 1486
f 1486 195 1487
f 194 195 1486
f 1487 196 1488
f 195 196 1487
f 1488 197 1489
f 196 197 1488
f 1489 167 1475
f 197 167 1489
f 1475 164 1471
f 167 164 1475
f 1471 159 1466
f 1466 159 1457
f 164 159 1471
f 159 154 1457
f 1457 148 1451
f 154 148 1457
f 1451 124 1444
f 148 124 1451
f 1444 119 1438
f 124 119 1444
f 1438 114 1432
f 119 114 1438
f 114 113 1432
f 1432 113 1430
f 113 112 1430
f 1430 112 1428
f 1428 112 1426
f 112 111 1426
f 1426 111 1424
f 111 110 1424
f 1424 109 1422
f 110 109 1424
f 1422 108 1420
f 109 108 1422
f 1420 107 1418
f 108 107 1420
f 1418 106 1416
f 107 106 1418
f 1416 105 1414
f 106 105 1416
f 1414 104 1412
f 105 104 1414
f 1412 103 1410
f 1410 103 1408
f 104 103 1412
f 103 102 1408
f 1408 102 1406
f 102 101 1406
f 1406 99 1404
f 101 99 1406
f 1404 97 1402
f 99 97 1404
f 1402 95 1400
f 1400 95 1398
f 97 95 1402
f 95 93 1398
f 1398 91 1396
f 93 91 1398
f 1396 89 1394
f 91 89 1396
f 1394 87 1392
f 89 87 1394
f 1392 85 1390
f 87 85 1392
f 1390 83 1388
f 1388 83 1387
f 85 83 1390
f 1387 82 1386
f 83 82 1387
f 1386 81 1389
f 82 81 1386
f 81 84 1389
f 84 86 1389
f 1389 86 1391
f 86 88 1391
f 1391 88 1393
f 1393 88 1395
f 88 90 1395
f 90 92 1395
f 1395 92 1397
f 92 94 1397
f 1397 94 1399
f 94 96 1399
f 1399 96 1401
f 96 98 1401
f 1401 98 1403
f 98 100 1403
f 1403 100 1405
f 100 142 1405
f 1405 142 1407
f 1407 142 1409
f 142 143 1409
f 143 144 1409
f 1409 144 1411
f 1411 145 1413
f 144 145 1411
f 1413 146 1415
f 145 146 1413
f 146 130 1415
f 1415 130 1417
f 510 512 1690
f 1690 512 1693
f 1693 514 1695
f 512 514 1693
f 1695 673 1698
f 1698 673 1700
f 514 673 1695
f 673 674 1700
f 1700 675 1702
f 674 675 1700
f 1702 676 1704
f 1704 676 1706
f 675 676 1702
f 1706 677 1708
f 676 677 1706
f 677 678 1708
f 1708 559 1713
f 678 559 1708
f 1713 561 1718
f 1718 561 1723
f 559 561 1713
f 561 562 1723
f 562 563 1723
f 1723 563 1729
f 563 564 1729
f 1729 564 1734
f 564 565 1734
f 1734 565 1738
f 565 566 1738
f 1738 566 1741
f 566 567 1741
f 1741 567 1742
f 567 591 1742
f 1742 591 1744
f 591 592 1744
f 1744 592 1746
f 592 593 1746
f 1746 593 1749
f 593 594 1749
f 1749 594 1750
f 594 595 1750
f 1750 595 1752
f 595 596 1752
f 1752 596 1754
f 1754 597 1798
f 596 597 1754
f 1798 598 1799
f 597 598 1798
f 1799 599 1800
f 598 599 1799
f 1800 600 1801
f 599 600 1800
f 1801 601 1802
f 600 601 1801
f 1802 602 1803
f 601 602 1802
f 1803 603 1804
f 602 603 1803
f 1804 604 1805
f 1805 604 1806
f 603 604 1804
f 604 605 1806
f 1806 612 1807
f 605 612 1806
f 1807 613 1808
f 612 613 1807
f 1808 614 1809
f 613 614 1808
f 1809 615 1810
f 614 615 1809
f 1810 616 1811
f 615 616 1810
f 616 617 1811
f 1811 617 1812
f 617 618 1812
f 1812 618 1813
f 1813 618 1814
f 618 619 1814
f 619 644 1814
f 1814 644 1824
f 644 654 1824
f 1824 654 1834
f 654 666 1834
f 1834 666 1846
f 1846 666 1838
f 666 659 1838
f 659 650 1838
f 1838 650 1828
f 1828 650 1820
f 650 642 1820
f 642 621 1820
f 1820 621 1785
f 1785 621 1786
f 621 622 1786
f 622 623 1786
f 1786 623 1787
f 623 624 1787
f 1787 624 1788
f 1788 624 1789
f 624 625 1789
f 625 626 1789
f 1789 626 1790
f 626 627 1790
f 1790 627 1791
f 627 628 1791
f 1791 628 1792
f 1792 628 1793
f 628 629 1793
f 629 630 1793
f 1793 630 1794
f 1794 630 1795
f 630 631 1795
f 1795 631 1796
f 631 632 1796
f 1796 633 1782
f 632 633 1796
f 1782 633 1783
f 633 634 1783
f 1783 635 1784
f 634 635 1783
f 1784 587 1780
f 635 587 1784
f 587 586 1780
f 1780 586 1779
f 586 572 1779
f 1779 572 1766
f 572 574 1766
f 1766 574 1767
f 574 575 1767
f 1767 575 1768
f 1768 575 1769
f 575 576 1769
f 576 577 1769
f 1769 577 1770
f 577 578 1770
f 1770 578 1771
f 1771 578 1772
f 578 579 1772
f 579 580 1772
f 1772 580 1773
f 580 581 1773
f 1773 581 1774
f 581 582 1774
f 1774 582 1775
f 1775 582 1776
f 582 583 1776
f 1776 584 1777
f 583 584 1776
f 1777 585 1778
f 1778 585 1763
f 584 585 1777
f 585 570 1763
f 1763 558 1760
f 570 558 1763
f 1760 554 1756
f 558 554 1760
f 1756 550 1748
f 554 550 1756
f 1748 545 1740
f 550 545 1748
f 1740 542 1735
f 545 542 1740
f 1735 539 1730
f 1730 539 1724
f 542 539 1735
f 539 534 1724
f 1724 530 1719
f 534 530 1724
f 1719 525 1714
f 530 525 1719
f 1714 522 1709
f 525 522 1714
f 1709 520 1707
f 522 520 1709
f 520 519 1707
f 1707 519 1705
f 519 518 1705
f 1705 518 1703
f 1703 518 1701
f 518 517 1701
f 1701 517 1699
f 517 516 1699
f 1699 515 1697
f 516 515 1699
f 1697 513 1694
f 515 513 1697
f 1694 511 1691
f 513 511 1694
f 1691 509 1689
f 511 509 1691
f 1689 507 1687
f 509 507 1689
f 1687 505 1685
f 507 505 1687
f 1685 503 1683
f 1683 503 1681
f 505 503 1685
f 503 501 1681
f 1681 501 1679
f 501 499 1679
f 1679 497 1677
f 499 497 1679
f 1677 495 1675
f 497 495 1677
f 1675 493 1672
f 1672 493 1669
f 495 493 1675
f 493 491 1669
f 1669 489 1666
f 491 489 1669
f 1666 486 1664
f 489 486 1666
f 1664 484 1661
f 486 484 1664
f 1661 482 1658
f 484 482 1661
f 1658 480 1655
f 1655 480 1651
f 482 480 1658
f 1651 479 1654
f 480 479 1651
f 1654 478 1657
f 479 478 1654
f 478 481 1657
f 481 483 1657
f 1657 483 1660
f 483 485 1660
f 1660 485 1663
f 1663 485 1665
f 485 488 1665
f 488 490 1665
f 1665 490 1668
f 490 492 1668
f 1668 492 1671
f 492 494 1671
f 1671 494 1674
f 494 496 1674
f 1674 496 1676
f 496 498 1676
f 1676 498 1678
f 498 500 1678
f 1678 500 1680
f 1680 500 1682
f 500 502 1682
f 502 504 1682
f 1682 504 1684
f 1684 506 1686
f 504 506 1684
f 1686 508 1688
f 506 508 1686
f 508 510 1688
f 1688 510 1690
f 14 2 1056
f 327 1056 1055
f 327 14 1056
f 328 1055 1054
f 328 327 1055
f 329 1054 1051
f 329 328 1054
f 322 1051 1050
f 322 329 1051
f 320 1050 1049
f 320 322 1050
f 323 1049 1048
f 323 320 1049
f 324 1048 1045
f 324 323 1048
f 315 1045 1044
f 315 324 1045
f 314 315 1044
f 314 1044 1043
f 316 314 1043
f 316 1043 1042
f 317 316 1042
f 317 1042 1041
f 318 317 1041
f 318 1041 1038
f 309 318 1038
f 309 1038 1037
f 308 309 1037
f 310 308 1037
f 310 1036 1035
f 310 1037 1036
f 311 310 1035
f 302 311 1035
f 302 1032 1031
f 302 1035 1032
f 301 302 1031
f 301 1031 1030
f 303 1030 1029
f 303 301 1030
f 304 303 1029
f 305 1028 1025
f 305 1029 1028
f 305 304 1029
f 296 305 1025
f 294 1024 1023
f 294 1025 1024
f 294 296 1025
f 297 1023 1022
f 297 294 1023
f 298 297 1022
f 291 1019 1018
f 291 1022 1019
f 291 298 1022
f 290 291 1018
f 292 1018 1017
f 292 290 1018
f 286 1017 1014
f 286 292 1017
f 285 1013 1012
f 285 1014 1013
f 285 286 1014
f 287 285 1012
f 281 1012 1009
f 281 287 1012
f 1070 281 1009
f 1070 343 281
f 1284 701 1265
f 1284 749 701
f 343 1070 1097
f 371 1097 1096
f 371 343 1097
f 373 1096 1100
f 373 371 1096
f 375 1100 1099
f 375 373 1100
f 377 1099 1104
f 377 375 1099
f 379 1104 1103
f 379 377 1104
f 381 1103 1102
f 381 379 1103
f 382 1102 1108
f 382 381 1102
f 384 1108 1107
f 384 382 1108
f 386 384 1107
f 386 1107 1106
f 387 386 1106
f 387 1106 1112
f 389 387 1112
f 389 1112 1111
f 391 389 1111
f 391 1111 1110
f 392 391 1110
f 392 1110 1114
f 395 392 1114
f 397 395 1114
f 397 1115 1116
f 397 1114 1115
f 400 397 1116
f 403 400 1116
f 403 1118 1119
f 403 1116 1118
f 405 403 1119
f 405 1119 1120
f 408 1120 1122
f 408 405 1120
f 411 408 1122
f 412 1123 1124
f 412 1122 1123
f 412 411 1122
f 413 412 1124
f 414 1125 1127
f 414 1124 1125
f 414 413 1124
f 416 1127 1128
f 416 414 1127
f 417 416 1128
f 418 1129 1131
f 418 1128 1129
f 418 417 1128
f 420 418 1131
f 421 1131 1132
f 421 420 1131
f 422 1132 1154
f 422 421 1132
f 424 1156 1157
f 424 1154 1156
f 424 422 1154
f 425 424 1157
f 426 1157 1158
f 426 425 1157
f 1916 1158 1167
f 426 1158 1916
f 1917 1916 1918
f 1917 426 1916
f 1919 1917 1918
f 457 426 1917
f 1920 1921 1922
f 1920 1923 1921
f 1920 1924 1923
f 1920 1534 1569
f 1925 1926 1924
f 1925 1927 1926
f 1925 1924 1920
f 222 234 1925
f 222 1920 1569
f 222 1925 1920
f 1928 1929 1930
f 1931 1929 1928
f 1932 1933 1929
f 1932 1929 1931
f 1934 1933 1932
f 1935 1933 1934
f 1919 1936 1917
f 1933 1937 1936
f 1933 1936 1919
f 1935 1937 1933
f 1938 1939 1940
f 1941 1939 1938
f 1942 1943 1941
f 1942 1941 1938
f 1925 1944 1945
f 1925 1945 1927
f 1946 1947 1948
f 1946 1948 1949
f 458 1950 280
f 280 1950 1951
f 864 1957 800
f 1950 1952 1951
f 1951 1952 1953
f 864 1954 1957
f 1952 1955 1953
f 1953 1955 1956
f 1955 1958 1956
f 1956 1958 1959
f 1957 1954 1963
f 1958 1960 1959
f 1959 1960 1961
f 1954 1962 1963
f 1960 1937 1961
f 1961 1937 1964
f 1963 1962 1942
f 1935 1934 1937
f 1937 1934 1964
f 1964 1932 1965
f 1934 1932 1964
f 1962 1966 1942
f 1942 1966 1943
f 1966 1970 1943
f 1932 1931 1965
f 1965 1931 1967
f 1967 1928 1968
f 1931 1928 1967
f 1966 1969 1970
f 1928 1930 1968
f 1930 1971 1968
f 1968 1971 1972
f 1971 1973 1972
f 1973 1974 1972
f 1974 1975 1972
f 1970 1969 1998
f 1975 1976 1972
f 1976 1977 1972
f 1977 1978 1972
f 1978 1979 1972
f 1979 1980 1972
f 1972 1980 1981
f 1980 1982 1981
f 1982 1983 1981
f 1983 1984 1981
f 1984 1985 1981
f 1985 1986 1981
f 1986 1987 1981
f 1987 1988 1981
f 1988 1989 1981
f 1969 1990 1998
f 1991 1990 1992
f 1993 1990 1991
f 1994 1990 1993
f 1995 1990 1994
f 1996 1990 1995
f 1997 1990 1996
f 1998 1990 1997
f 1999 2000 2001
f 2002 2000 1999
f 2003 2000 2002
f 2004 2000 2003
f 2005 2000 2004
f 2006 2000 2005
f 1992 2000 2006
f 1990 2000 1992
f 2001 2007 1988
f 1988 2007 1989
f 2000 2007 2001
f 1989 2008 2009
f 2007 2008 1989
f 2009 2010 2011
f 2008 2010 2009
f 2011 2012 2013
f 2010 2012 2011
f 2013 2014 2015
f 2012 2014 2013
f 2015 2016 2017
f 2014 2016 2015
f 2016 2018 2017
f 2017 2018 2019
f 2018 2020 2019
f 2019 2020 2021
f 2020 2022 2021
f 2021 2022 2023
f 2022 2024 2023
f 2023 2024 2025
f 2024 2026 2025
f 2025 2026 2027
f 2026 2028 2027
f 2027 2028 2029
f 2028 2030 2029
f 2029 2030 2031
f 2031 2032 2033
f 2032 2034 2033
f 2030 2035 2031
f 2031 2035 2032
f 2034 2036 2033
f 2033 2036 2037
f 2036 2188 2037
f 2030 2038 2035
f 2035 2038 2252
f 2252 2038 2039
f 2039 2038 2040
f 2188 2041 2037
f 2041 2042 2037
f 2037 2042 2043
f 2042 2044 2043
f 2038 2045 2040
f 2040 2045 2251
f 2251 2045 2249
f 2249 2045 2248
f 2044 2046 2043
f 2043 2046 2047
f 2046 2048 2047
f 2045 2049 2248
f 2248 2049 2054
f 2048 2050 2047
f 2047 2050 2051
f 2050 2052 2051
f 2049 2053 2054
f 2054 2053 2242
f 2052 2055 2051
f 2051 2055 2056
f 2055 2057 2056
f 2053 2058 2242
f 2242 2058 2059
f 2059 2058 2064
f 2057 2060 2056
f 2056 2060 2061
f 2060 2062 2061
f 2064 2063 2068
f 2058 2063 2064
f 2062 2065 2061
f 2061 2065 2066
f 2065 2067 2066
f 2063 2072 2068
f 2068 2072 2073
f 2067 2069 2066
f 2066 2069 2070
f 2069 2071 2070
f 2073 2072 2236
f 2071 2074 2070
f 2070 2074 2075
f 2074 2206 2075
f 2077 2076 2228
f 2072 2076 2236
f 2236 2076 2077
f 2206 2078 2075
f 2075 2078 2079
f 2078 2080 2079
f 2228 2081 2082
f 2076 2081 2228
f 2080 2207 2079
f 2207 2083 2079
f 2079 2083 2084
f 2083 2085 2084
f 2085 2216 2084
f 2216 2086 2084
f 2086 2087 2084
f 2082 2088 2217
f 2217 2088 2225
f 2225 2088 2089
f 2089 2088 2090
f 2081 2088 2082
f 2090 2091 2226
f 2226 2091 2092
f 2092 2091 2086
f 2088 2091 2090
f 2091 2093 2086
f 2086 2093 2087
f 2093 2094 2087
f 2087 2094 2095
f 2095 2096 2097
f 2094 2096 2095
f 2097 2098 2099
f 2096 2098 2097
f 2099 2100 2101
f 2098 2100 2099
f 2101 2102 2103
f 2100 2102 2101
f 2103 2104 2105
f 2102 2104 2103
f 2105 2106 2107
f 2104 2106 2105
f 2107 2108 2109
f 2106 2108 2107
f 2109 2110 2111
f 2108 2110 2109
f 2111 2112 2113
f 2110 2112 2111
f 2113 2114 2115
f 2112 2114 2113
f 2115 2116 2117
f 2114 2116 2115
f 2117 2118 2119
f 2116 2118 2117
f 2118 2120 2119
f 2120 2121 2119
f 2121 2122 2119
f 2116 2123 2118
f 2122 2124 2119
f 2116 2125 2123
f 2124 2126 2119
f 2126 2127 2119
f 2116 2128 2125
f 2119 2129 2130
f 2127 2129 2119
f 2129 2131 2130
f 2131 2132 2130
f 2132 2133 2130
f 2133 2134 2130
f 2135 2136 2137
f 2138 2136 2135
f 2139 2136 2138
f 2140 2136 2139
f 2141 2136 2140
f 2142 2136 2141
f 2128 2136 2142
f 2116 2136 2128
f 2134 2143 2130
f 2143 2144 2130
f 2144 2145 2130
f 2145 2146 2130
f 2130 2146 2147
f 2146 1922 2147
f 2148 2149 2150
f 2151 2149 2148
f 2152 2149 2151
f 2153 2149 2152
f 2154 2149 2153
f 2155 2149 2154
f 2156 2149 2155
f 2137 2149 2156
f 2136 2149 2137
f 2147 1921 2157
f 1922 1921 2147
f 2150 2158 2159
f 2149 2158 2150
f 2157 1923 2160
f 1921 1923 2157
f 2158 2161 2181
f 2160 1924 2162
f 1923 1924 2160
f 1924 1926 2162
f 2162 1945 2163
f 1926 1945 2162
f 1945 2164 2163
f 2163 2164 2165
f 2161 2166 1949
f 2166 2169 1949
f 2165 2167 2168
f 2164 2167 2165
f 2167 2170 2168
f 2168 2170 2171
f 2166 2172 2169
f 2169 2172 2176
f 2171 2173 2174
f 2170 2173 2171
f 2174 2175 80
f 2173 2175 2174
f 2175 131 80
f 2176 560 487
f 2172 560 2176
f 2178 2177 2180
f 2177 2179 2180
f 2125 2180 2123
f 2123 2180 2179
f 2181 2159 2158
f 1948 2181 1949
f 1949 2181 2161
f 1926 1927 1945
f 2032 2035 2182
f 2035 2252 2182
f 2034 2184 2183
f 2188 2183 2185
f 2034 2182 2184
f 2034 2032 2182
f 2187 2188 2036
f 2187 2036 2034
f 2187 2034 2183
f 2188 2187 2183
f 2041 2185 2186
f 2041 2188 2185
f 2191 2041 2186
f 2044 2191 2189
f 2194 2044 2189
f 2191 2044 2042
f 2191 2042 2041
f 2048 2194 2190
f 2052 2190 2192
f 2194 2048 2046
f 2194 2046 2044
f 2190 2052 2050
f 2190 2050 2048
f 2057 2192 2193
f 2062 2193 2195
f 2192 2057 2055
f 2192 2055 2052
f 2197 2062 2195
f 2193 2062 2060
f 2193 2060 2057
f 2067 2197 2196
f 2197 2067 2065
f 2197 2065 2062
f 2201 2067 2196
f 2201 2071 2069
f 2201 2069 2067
f 2198 2071 2201
f 2199 2206 2198
f 2198 2206 2074
f 2198 2074 2071
f 2206 2199 2203
f 2085 2204 2205
f 2085 2202 2204
f 2080 2203 2200
f 2207 2200 2202
f 2207 2080 2200
f 2209 2207 2202
f 2203 2078 2206
f 2203 2080 2078
f 2085 2209 2202
f 2209 2085 2083
f 2209 2083 2207
f 2216 2205 2208
f 2216 2208 2212
f 2216 2085 2205
f 2225 2211 2213
f 2225 2214 2215
f 2225 2213 2214
f 2092 2212 2210
f 2217 2218 2219
f 2217 2215 2218
f 2217 2225 2215
f 2211 2226 2210
f 2220 2216 2212
f 2220 2092 2086
f 2220 2086 2216
f 2226 2092 2210
f 2227 2217 2219
f 2227 2221 2222
f 2227 2219 2221
f 2092 2220 2212
f 2082 2227 2222
f 2082 2223 2224
f 2082 2222 2223
f 2089 2211 2225
f 2228 2082 2224
f 2228 2229 2230
f 2228 2224 2229
f 2231 2226 2211
f 2231 2089 2090
f 2231 2090 2226
f 2077 2228 2230
f 2077 2232 2648
f 2077 2230 2232
f 2089 2231 2211
f 2227 2082 2217
f 2236 2648 2233
f 2073 2236 2233
f 2073 2233 2235
f 2236 2077 2648
f 2068 2073 2235
f 2234 2068 2235
f 2059 2240 2237
f 2059 2237 2239
f 2242 2059 2239
f 2064 2234 2240
f 2064 2068 2234
f 2238 2242 2239
f 2059 2064 2240
f 2249 2245 2243
f 2054 2242 2238
f 2248 2241 2245
f 2249 2243 2244
f 2054 2238 2241
f 2249 2248 2245
f 2248 2054 2241
f 2253 2244 2246
f 2247 2039 2246
f 2251 2249 2244
f 2039 2253 2246
f 2252 2247 2250
f 2252 2250 2184
f 2252 2184 2182
f 2253 2040 2251
f 2253 2251 2244
f 2039 2040 2253
f 2252 2039 2247
f 2205 2254 2208
f 2254 2262 2208
f 2208 2262 2261
f 2830 2264 2255
f 2255 2264 2270
f 2264 2273 2270
f 2261 2212 2208
f 2257 2259 2258
f 2205 2260 2254
f 2204 2260 2205
f 2254 2260 2262
f 2204 2260 2260
f 2260 2260 2254
f 2204 2265 2260
f 2202 2265 2204
f 2267 2262 2265
f 2265 2262 2260
f 2266 2263 2262
f 2262 2263 2261
f 2830 2263 2264
f 2264 2263 2266
f 2200 2265 2202
f 2267 2266 2262
f 2200 2268 2265
f 2265 2268 2267
f 2203 2268 2200
f 2267 2269 2266
f 2266 2269 2264
f 2273 2552 2270
f 2203 2272 2268
f 2267 2271 2269
f 2199 2272 2203
f 2269 2273 2264
f 2274 2273 2269
f 2199 2277 2272
f 2272 2277 2276
f 2275 2281 2259
f 2273 2281 2552
f 2552 2281 2275
f 2198 2277 2199
f 2277 2285 2276
f 2198 2285 2277
f 2276 2285 2282
f 2278 2279 2280
f 2273 2279 2281
f 2281 2279 2278
f 2280 2279 2283
f 2279 2284 2283
f 2283 2284 2286
f 2284 2284 2283
f 2284 2559 2286
f 2286 2559 2287
f 2287 2559 2288
f 2276 2290 2289
f 2276 2561 2290
f 2198 2292 2285
f 2201 2292 2198
f 2201 2296 2292
f 2278 2259 2281
f 2291 2259 2293
f 2259 2294 2293
f 2278 2294 2259
f 2280 2294 2278
f 2294 2294 2293
f 2278 2294 2294
f 2283 2295 2280
f 2280 2295 2294
f 2294 2295 2293
f 2196 2296 2201
f 2286 2295 2283
f 2296 2299 2304
f 2196 2299 2296
f 2287 2295 2286
f 2295 2298 2297
f 2287 2298 2295
f 2298 2298 2297
f 2288 2298 2287
f 2287 2298 2298
f 2300 2564 2301
f 2301 2564 2302
f 2288 2303 2298
f 2298 2303 2297
f 2297 2303 2305
f 2302 2564 2833
f 2197 2299 2196
f 2195 2299 2197
f 2304 2307 2306
f 2304 2311 2307
f 2195 2310 2299
f 2305 2303 2308
f 2564 2317 2833
f 2300 2309 2303
f 2303 2309 2308
f 2309 2309 2308
f 2301 2309 2300
f 2300 2309 2309
f 2308 2312 2313
f 2309 2312 2308
f 2301 2312 2309
f 2302 2312 2301
f 2312 2312 2313
f 2302 2312 2312
f 2312 2315 2313
f 2302 2315 2312
f 2833 2315 2302
f 2193 2310 2195
f 2313 2315 2327
f 2314 2310 2318
f 2310 2321 2318
f 2193 2321 2310
f 2304 2325 2311
f 2833 2317 2316
f 2316 2317 2320
f 2317 2319 2320
f 2319 2571 2320
f 2192 2321 2193
f 2320 2571 2322
f 2322 2571 2323
f 2323 2571 2324
f 2318 2325 2314
f 2318 2326 2325
f 2192 2330 2321
f 2318 2328 2326
f 2318 2329 2328
f 2318 2351 2329
f 2192 2333 2330
f 2330 2333 2336
f 2316 2315 2833
f 2327 2315 2331
f 2316 2332 2315
f 2315 2332 2331
f 2320 2332 2316
f 2332 2332 2331
f 2316 2332 2332
f 2320 2334 2332
f 2332 2334 2331
f 2190 2333 2192
f 2322 2334 2320
f 2322 2337 2334
f 2334 2337 2335
f 2323 2337 2322
f 2337 2337 2335
f 2322 2337 2337
f 2333 2347 2336
f 2190 2347 2333
f 2336 2347 2580
f 2335 2338 2339
f 2324 2338 2323
f 2337 2338 2335
f 2323 2338 2337
f 2834 2340 2341
f 2571 2340 2834
f 2338 2338 2339
f 2324 2338 2338
f 2340 2340 2341
f 2341 2340 2342
f 2340 2343 2342
f 2338 2355 2339
f 2342 2344 2345
f 2343 2344 2342
f 2344 2344 2345
f 2194 2347 2190
f 2344 2346 2345
f 2345 2348 2349
f 2346 2348 2345
f 2349 2348 2350
f 2348 2348 2349
f 2336 2352 2351
f 2189 2353 2194
f 2194 2353 2347
f 2348 2366 2350
f 2336 2354 2352
f 2336 2582 2354
f 2580 2582 2336
f 2355 2356 2357
f 2834 2356 2355
f 2341 2356 2834
f 2356 2356 2357
f 2341 2356 2356
f 2341 2359 2356
f 2356 2359 2357
f 2342 2359 2341
f 2358 2353 2368
f 2357 2360 2361
f 2342 2360 2359
f 2359 2360 2357
f 2345 2360 2342
f 2360 2360 2361
f 2345 2360 2360
f 2349 2360 2345
f 2189 2362 2353
f 2353 2362 2368
f 2191 2362 2189
f 2360 2363 2361
f 2349 2363 2360
f 2361 2363 2369
f 2363 2363 2361
f 2350 2363 2349
f 2349 2363 2363
f 2350 2369 2363
f 2364 2366 2365
f 2367 2366 2364
f 2365 2366 2370
f 2186 2362 2191
f 2186 2375 2362
f 2366 2371 2370
f 2370 2586 2372
f 2371 2586 2370
f 2372 2586 2389
f 2185 2375 2186
f 2369 2376 2373
f 2368 2377 2374
f 2376 2376 2373
f 2373 2376 2378
f 2367 2376 2376
f 2364 2376 2367
f 2368 2379 2377
f 2364 2380 2376
f 2365 2380 2364
f 2376 2380 2378
f 2365 2380 2380
f 2380 2380 2378
f 2375 2383 2381
f 2185 2383 2375
f 2370 2382 2365
f 2380 2382 2378
f 2365 2382 2380
f 2381 2383 2387
f 2183 2383 2185
f 2372 2385 2370
f 2382 2385 2384
f 2370 2385 2382
f 2385 2385 2384
f 2372 2385 2385
f 2384 2386 2397
f 2389 2386 2372
f 2372 2386 2385
f 2385 2386 2384
f 2588 2388 2389
f 2383 2593 2387
f 2183 2593 2383
f 2389 2388 2390
f 2391 2388 2392
f 2390 2388 2391
f 2184 2593 2183
f 2387 2394 2393
f 2388 2596 2392
f 2387 2395 2394
f 2387 2396 2395
f 2593 2399 2398
f 2184 2399 2593
f 2398 2399 2400
f 2397 2386 2401
f 2400 2399 2402
f 2390 2386 2389
f 2386 2403 2401
f 2390 2403 2386
f 2184 2416 2399
f 2399 2416 2402
f 2402 2416 2404
f 2403 2403 2401
f 2401 2403 2405
f 2390 2403 2403
f 2391 2403 2390
f 2404 2416 2411
f 2250 2416 2184
f 2403 2406 2405
f 2391 2406 2403
f 2392 2406 2391
f 2392 2406 2406
f 2406 2406 2405
f 2835 2596 2407
f 2407 2596 2408
f 2406 2412 2405
f 2405 2412 2419
f 2392 2412 2406
f 2408 2409 2410
f 2596 2409 2408
f 2409 2409 2410
f 2410 2599 2413
f 2409 2599 2410
f 2247 2416 2250
f 2413 2599 2414
f 2414 2599 2415
f 2400 2418 2398
f 2398 2418 2417
f 2400 2418 2418
f 2400 2420 2418
f 2402 2420 2400
f 2247 2604 2416
f 2419 2412 2421
f 2402 2422 2420
f 2404 2422 2402
f 2404 2422 2422
f 2246 2604 2247
f 2407 2423 2835
f 2412 2423 2421
f 2835 2423 2412
f 2404 2428 2422
f 2411 2428 2404
f 2407 2423 2423
f 2423 2423 2421
f 2604 2425 2430
f 2246 2425 2604
f 2423 2424 2421
f 2407 2424 2423
f 2408 2424 2407
f 2410 2424 2408
f 2413 2424 2410
f 2414 2427 2413
f 2424 2427 2426
f 2413 2427 2424
f 2427 2427 2426
f 2414 2427 2427
f 2415 2433 2414
f 2426 2433 2440
f 2427 2433 2426
f 2414 2433 2427
f 2425 2429 2430
f 2246 2429 2425
f 2244 2429 2246
f 2430 2429 2432
f 2415 2601 2431
f 2431 2601 2434
f 2601 2435 2434
f 2434 2451 2436
f 2435 2451 2434
f 2243 2429 2244
f 2436 2451 2614
f 2430 2438 2437
f 2430 2439 2438
f 2243 2612 2429
f 2430 2441 2439
f 2245 2612 2243
f 2415 2442 2433
f 2440 2442 2443
f 2433 2442 2440
f 2431 2442 2415
f 2442 2442 2443
f 2431 2442 2442
f 2612 2456 2445
f 2245 2456 2612
f 2434 2444 2431
f 2431 2444 2442
f 2442 2444 2443
f 2436 2446 2434
f 2434 2446 2444
f 2444 2446 2443
f 2443 2446 2447
f 2445 2456 2448
f 2436 2446 2446
f 2446 2446 2447
f 2614 2453 2436
f 2446 2453 2447
f 2436 2453 2446
f 2241 2456 2245
f 2447 2453 2461
f 2449 2451 2450
f 2450 2451 2452
f 2452 2451 2454
f 2451 2455 2454
f 2454 2455 2458
f 2455 2455 2454
f 2455 2457 2458
f 2238 2456 2241
f 2457 2459 2458
f 2459 2618 2458
f 2458 2618 2460
f 2460 2618 2473
f 2238 2464 2456
f 2239 2464 2238
f 2461 2453 2462
f 2449 2463 2453
f 2453 2463 2462
f 2450 2463 2449
f 2463 2463 2462
f 2449 2463 2463
f 2452 2465 2450
f 2463 2465 2462
f 2462 2465 2466
f 2450 2465 2463
f 2452 2465 2465
f 2465 2465 2466
f 2464 2469 2467
f 2239 2469 2464
f 2454 2468 2452
f 2465 2468 2466
f 2452 2468 2465
f 2467 2469 2474
f 2458 2468 2454
f 2466 2468 2470
f 2237 2469 2239
f 2458 2471 2468
f 2468 2471 2470
f 2460 2471 2458
f 2470 2471 2472
f 2460 2471 2471
f 2471 2471 2472
f 2460 2479 2471
f 2471 2479 2472
f 2473 2479 2460
f 2237 2478 2469
f 2469 2478 2474
f 2472 2479 2485
f 2473 2622 2475
f 2622 2476 2475
f 2475 2476 2477
f 2476 2476 2475
f 2240 2478 2237
f 2476 2625 2477
f 2477 2625 2480
f 2480 2625 2481
f 2481 2625 2482
f 2474 2626 2467
f 2234 2484 2240
f 2240 2484 2478
f 2474 2483 2626
f 2474 2487 2483
f 2234 2489 2484
f 2484 2489 2486
f 2475 2479 2473
f 2477 2479 2475
f 2235 2489 2234
f 2485 2479 2488
f 2480 2479 2477
f 2486 2489 2638
f 2480 2490 2479
f 2479 2490 2488
f 2481 2490 2480
f 2490 2490 2488
f 2480 2490 2490
f 2482 2491 2481
f 2488 2491 2492
f 2481 2491 2490
f 2490 2491 2488
f 2493 2630 2494
f 2494 2630 2495
f 2491 2491 2492
f 2482 2491 2491
f 2495 2630 2496
f 2630 2497 2496
f 2491 2498 2492
f 2497 2499 2496
f 2496 2499 2500
f 2500 2499 2501
f 2499 2502 2501
f 2502 2633 2501
f 2501 2633 2503
f 2233 2489 2235
f 2503 2633 2636
f 2233 2515 2489
f 2489 2515 2638
f 2493 2506 2498
f 2498 2506 2505
f 2486 2507 2504
f 2494 2506 2493
f 2506 2506 2505
f 2493 2506 2506
f 2638 2508 2486
f 2486 2508 2507
f 2638 2509 2508
f 2494 2510 2506
f 2495 2510 2494
f 2506 2510 2505
f 2505 2510 2511
f 2638 2641 2509
f 2495 2510 2510
f 2510 2510 2511
f 2510 2512 2511
f 2495 2512 2510
f 2496 2512 2495
f 2500 2512 2496
f 2511 2512 2513
f 2500 2514 2512
f 2512 2514 2513
f 2500 2514 2514
f 2501 2514 2500
f 2514 2514 2513
f 2501 2516 2514
f 2514 2516 2513
f 2503 2516 2501
f 2513 2516 2517
f 2503 2516 2516
f 2516 2516 2517
f 2636 2522 2503
f 2516 2522 2517
f 2503 2522 2516
f 2517 2522 2532
f 2518 2640 2519
f 2520 2640 2518
f 2519 2640 2521
f 2640 2523 2521
f 2521 2524 2525
f 2523 2524 2521
f 2524 2526 2525
f 2525 2527 2528
f 2526 2527 2525
f 2528 2527 2529
f 2529 2530 2531
f 2527 2530 2529
f 2530 2530 2531
f 2532 2522 2533
f 2520 2534 2522
f 2522 2534 2533
f 2520 2534 2534
f 2534 2534 2533
f 2518 2534 2520
f 2519 2535 2518
f 2518 2535 2534
f 2534 2535 2533
f 2533 2535 2536
f 2519 2537 2535
f 2535 2537 2536
f 2521 2537 2519
f 2519 2537 2537
f 2537 2537 2536
f 2536 2521 2538
f 2537 2521 2536
f 2525 2539 2521
f 2521 2539 2538
f 2525 2539 2539
f 2539 2539 2538
f 2528 2540 2525
f 2538 2540 2541
f 2525 2540 2539
f 2539 2540 2538
f 2540 2542 2541
f 2528 2542 2540
f 2529 2542 2528
f 2542 2542 2541
f 2529 2542 2542
f 2542 2543 2541
f 2529 2543 2542
f 2531 2543 2529
f 2541 2543 2544
f 2545 2546 2531
f 2543 2546 2544
f 2531 2546 2543
f 2545 2546 2546
f 2546 2546 2544
f 2547 2548 2545
f 2545 2548 2546
f 2546 2548 2544
f 2544 2548 2754
f 2211 2768 2549
f 2549 2768 2714
f 2210 2768 2211
f 2768 2210 2256
f 2256 2210 2212
f 2263 2550 2261
f 2261 2550 2212
f 2212 2550 2256
f 2270 2552 2551
f 2551 2552 2829
f 2257 2553 2554
f 2258 2555 2257
f 2257 2555 2553
f 2553 2555 2554
f 2291 2555 2259
f 2554 2555 2291
f 2555 2555 2553
f 2259 2555 2258
f 2258 2555 2555
f 2267 2556 2271
f 2268 2272 2267
f 2271 2557 2269
f 2269 2557 2274
f 2556 2557 2271
f 2271 2557 2557
f 2557 2557 2274
f 2556 2560 2557
f 2557 2560 2274
f 2272 2556 2267
f 2279 2558 2284
f 2284 2558 2559
f 2273 2558 2279
f 2274 2558 2273
f 2284 2558 2284
f 2276 2289 2272
f 2272 2289 2556
f 2274 2559 2558
f 2289 2560 2556
f 2560 2559 2274
f 2276 2282 2561
f 2304 2292 2296
f 2285 2292 2282
f 2290 2562 2289
f 2560 2562 2563
f 2289 2562 2560
f 2562 2562 2563
f 2561 2562 2290
f 2290 2562 2562
f 2562 2561 2563
f 2300 2559 2564
f 2563 2564 2560
f 2560 2564 2559
f 2292 2306 2282
f 2304 2306 2292
f 2306 2565 2282
f 2282 2565 2561
f 2561 2568 2563
f 2563 2568 2564
f 2564 2568 2317
f 2565 2568 2561
f 2310 2314 2299
f 2299 2314 2304
f 2306 2566 2565
f 2565 2566 2567
f 2307 2566 2306
f 2566 2566 2567
f 2307 2566 2566
f 2311 2566 2307
f 2566 2311 2567
f 2314 2325 2304
f 2567 2568 2565
f 2317 2569 2319
f 2568 2569 2317
f 2567 2569 2568
f 2319 2569 2571
f 2569 2569 2319
f 2567 2569 2569
f 2311 2570 2567
f 2325 2570 2311
f 2567 2571 2569
f 2567 2575 2571
f 2570 2575 2567
f 2321 2330 2318
f 2570 2325 2575
f 2325 2572 2573
f 2326 2572 2325
f 2572 2572 2573
f 2328 2572 2326
f 2326 2572 2572
f 2328 2574 2572
f 2572 2574 2573
f 2329 2574 2328
f 2574 2574 2573
f 2329 2574 2574
f 2351 2574 2329
f 2573 2575 2325
f 2571 2575 2340
f 2574 2351 2573
f 2330 2351 2318
f 2336 2351 2330
f 2573 2576 2575
f 2340 2576 2340
f 2340 2576 2343
f 2575 2576 2340
f 2343 2576 2344
f 2344 2576 2344
f 2348 2577 2348
f 2573 2577 2576
f 2576 2577 2344
f 2344 2577 2346
f 2346 2577 2348
f 2348 2579 2366
f 2577 2579 2348
f 2351 2579 2573
f 2573 2579 2577
f 2578 2579 2351
f 2352 2578 2351
f 2353 2580 2347
f 2358 2580 2353
f 2578 2352 2581
f 2581 2579 2578
f 2354 2583 2352
f 2352 2583 2581
f 2582 2583 2354
f 2354 2583 2583
f 2583 2583 2581
f 2582 2585 2583
f 2583 2585 2581
f 2580 2358 2582
f 2581 2366 2579
f 2581 2584 2366
f 2366 2584 2371
f 2581 2584 2584
f 2371 2584 2586
f 2584 2584 2371
f 2358 2585 2582
f 2374 2358 2368
f 2585 2586 2581
f 2581 2586 2584
f 2358 2374 2585
f 2585 2588 2586
f 2362 2375 2368
f 2368 2590 2379
f 2375 2590 2368
f 2374 2588 2585
f 2587 2588 2374
f 2377 2589 2374
f 2374 2589 2587
f 2379 2589 2377
f 2589 2589 2587
f 2377 2589 2589
f 2589 2379 2587
f 2586 2588 2389
f 2381 2590 2375
f 2587 2388 2588
f 2590 2592 2379
f 2393 2591 2387
f 2387 2591 2381
f 2381 2591 2590
f 2379 2388 2587
f 2592 2388 2379
f 2590 2591 2592
f 2592 2596 2388
f 2591 2595 2594
f 2393 2595 2591
f 2595 2595 2594
f 2394 2595 2393
f 2393 2595 2595
f 2593 2417 2387
f 2387 2417 2396
f 2594 2596 2591
f 2591 2596 2592
f 2595 2597 2594
f 2394 2597 2595
f 2395 2597 2394
f 2597 2597 2594
f 2395 2597 2597
f 2396 2597 2395
f 2597 2396 2594
f 2398 2417 2593
f 2594 2598 2596
f 2596 2598 2409
f 2409 2598 2409
f 2409 2598 2599
f 2594 2599 2598
f 2417 2600 2396
f 2396 2599 2594
f 2600 2599 2396
f 2600 2601 2599
f 2418 2602 2418
f 2418 2602 2417
f 2417 2602 2600
f 2600 2602 2603
f 2416 2604 2411
f 2418 2420 2602
f 2602 2420 2603
f 2603 2601 2600
f 2422 2605 2420
f 2422 2605 2422
f 2420 2605 2603
f 2605 2605 2603
f 2428 2605 2422
f 2422 2605 2605
f 2604 2428 2411
f 2599 2601 2415
f 2605 2608 2603
f 2428 2608 2605
f 2601 2606 2435
f 2603 2606 2601
f 2604 2437 2428
f 2430 2437 2604
f 2606 2606 2435
f 2435 2606 2451
f 2603 2606 2606
f 2437 2608 2428
f 2603 2607 2606
f 2608 2607 2603
f 2606 2607 2451
f 2430 2609 2441
f 2432 2609 2430
f 2608 2610 2611
f 2437 2610 2608
f 2438 2610 2437
f 2429 2612 2432
f 2439 2610 2438
f 2610 2610 2611
f 2438 2610 2610
f 2610 2613 2611
f 2439 2613 2610
f 2441 2613 2439
f 2613 2613 2611
f 2441 2613 2613
f 2609 2613 2441
f 2613 2609 2611
f 2449 2614 2451
f 2612 2615 2432
f 2432 2615 2609
f 2611 2607 2608
f 2455 2616 2455
f 2607 2616 2451
f 2611 2616 2607
f 2451 2616 2455
f 2455 2617 2457
f 2457 2617 2459
f 2611 2617 2616
f 2616 2617 2455
f 2619 2615 2445
f 2445 2615 2612
f 2617 2617 2459
f 2459 2617 2618
f 2611 2617 2617
f 2609 2620 2618
f 2615 2620 2609
f 2609 2618 2611
f 2611 2618 2617
f 2619 2620 2615
f 2619 2448 2621
f 2445 2448 2619
f 2456 2464 2448
f 2622 2473 2618
f 2464 2621 2448
f 2620 2622 2618
f 2621 2624 2619
f 2619 2624 2620
f 2476 2623 2625
f 2476 2623 2476
f 2620 2623 2622
f 2622 2623 2476
f 2467 2621 2464
f 2626 2621 2467
f 2620 2625 2623
f 2624 2625 2620
f 2621 2626 2624
f 2624 2630 2625
f 2478 2484 2474
f 2483 2628 2626
f 2626 2628 2627
f 2483 2628 2628
f 2487 2628 2483
f 2628 2628 2627
f 2625 2629 2482
f 2493 2629 2630
f 2630 2629 2625
f 2504 2487 2486
f 2484 2487 2474
f 2486 2487 2484
f 2626 2630 2624
f 2627 2630 2626
f 2630 2631 2497
f 2627 2631 2630
f 2497 2631 2499
f 2631 2631 2497
f 2627 2631 2631
f 2628 2487 2627
f 2631 2632 2499
f 2499 2632 2502
f 2627 2632 2631
f 2502 2632 2633
f 2632 2632 2502
f 2627 2632 2632
f 2487 2633 2627
f 2627 2633 2632
f 2487 2504 2633
f 2507 2635 2504
f 2504 2635 2634
f 2507 2635 2635
f 2635 2635 2634
f 2508 2635 2507
f 2640 2636 2633
f 2520 2636 2640
f 2635 2637 2634
f 2508 2637 2635
f 2509 2639 2508
f 2508 2639 2637
f 2637 2639 2634
f 2639 2639 2634
f 2509 2639 2639
f 2233 2648 2515
f 2504 2640 2633
f 2634 2640 2504
f 2509 2836 2639
f 2641 2836 2509
f 2639 2836 2634
f 2634 2642 2640
f 2640 2642 2523
f 2523 2642 2524
f 2634 2642 2642
f 2642 2642 2523
f 2642 2642 2524
f 2634 2642 2642
f 2524 2643 2526
f 2634 2643 2642
f 2642 2643 2524
f 2643 2643 2526
f 2634 2643 2643
f 2644 2645 2648
f 2648 2645 2515
f 2515 2645 2638
f 2644 2648 2647
f 2645 2657 2638
f 2638 2657 2641
f 2643 2643 2526
f 2634 2643 2643
f 2526 2643 2527
f 2530 2646 2530
f 2634 2646 2643
f 2643 2646 2527
f 2527 2646 2530
f 2647 2648 2649
f 2232 2650 2648
f 2648 2650 2649
f 2232 2650 2650
f 2649 2650 2652
f 2650 2650 2649
f 2232 2651 2650
f 2650 2651 2652
f 2230 2651 2232
f 2652 2653 2654
f 2651 2653 2652
f 2230 2653 2651
f 2230 2653 2653
f 2653 2653 2654
f 2653 2655 2654
f 2230 2655 2653
f 2654 2655 2656
f 2229 2655 2230
f 2644 2657 2645
f 2646 2836 2530
f 2655 2658 2656
f 2656 2658 2659
f 2229 2658 2655
f 2658 2658 2659
f 2229 2658 2658
f 2229 2660 2658
f 2658 2660 2659
f 2659 2660 2661
f 2224 2660 2229
f 2661 2660 2662
f 2660 2663 2662
f 2224 2663 2660
f 2663 2663 2662
f 2224 2663 2663
f 2662 2663 2665
f 2663 2664 2665
f 2224 2664 2663
f 2223 2664 2224
f 2665 2664 2666
f 2664 2667 2666
f 2223 2667 2664
f 2223 2667 2667
f 2666 2667 2672
f 2667 2667 2666
f 2644 2668 2657
f 2669 2837 2668
f 2668 2837 2657
f 2669 2668 2670
f 2647 2668 2644
f 2668 2668 2669
f 2644 2668 2668
f 2531 2838 2545
f 2545 2838 2547
f 2530 2838 2531
f 2667 2671 2672
f 2223 2671 2667
f 2222 2671 2223
f 2668 2675 2670
f 2647 2675 2668
f 2672 2673 2674
f 2671 2673 2672
f 2222 2673 2671
f 2670 2675 2676
f 2673 2673 2674
f 2222 2673 2673
f 2674 2680 2677
f 2222 2680 2673
f 2673 2680 2674
f 2649 2675 2647
f 2675 2678 2676
f 2649 2678 2675
f 2652 2678 2649
f 2676 2678 2679
f 2678 2678 2676
f 2649 2678 2678
f 2221 2680 2222
f 2678 2681 2679
f 2652 2681 2678
f 2221 2682 2680
f 2677 2682 2683
f 2680 2682 2677
f 2679 2681 2684
f 2682 2682 2683
f 2221 2682 2682
f 2682 2219 2683
f 2683 2219 2689
f 2221 2219 2682
f 2652 2685 2681
f 2654 2685 2652
f 2681 2685 2684
f 2654 2685 2685
f 2685 2685 2684
f 2654 2687 2685
f 2684 2687 2686
f 2656 2687 2654
f 2685 2687 2684
f 2686 2687 2688
f 2687 2690 2688
f 2656 2690 2687
f 2659 2690 2656
f 2659 2690 2690
f 2690 2690 2688
f 2659 2691 2690
f 2690 2691 2688
f 2661 2691 2659
f 2688 2691 2692
f 2689 2219 2693
f 2692 2691 2694
f 2219 2695 2693
f 2218 2695 2219
f 2695 2695 2693
f 2693 2695 2699
f 2218 2695 2695
f 2662 2691 2661
f 2662 2696 2691
f 2691 2696 2694
f 2694 2696 2697
f 2662 2696 2696
f 2696 2696 2694
f 2665 2696 2662
f 2695 2698 2699
f 2218 2698 2695
f 2215 2698 2218
f 2696 2701 2697
f 2665 2701 2696
f 2699 2698 2700
f 2698 2702 2700
f 2215 2702 2698
f 2215 2702 2702
f 2700 2702 2706
f 2702 2702 2700
f 2666 2703 2665
f 2701 2703 2697
f 2697 2703 2704
f 2665 2703 2701
f 2703 2703 2704
f 2666 2703 2703
f 2672 2712 2666
f 2666 2712 2703
f 2703 2712 2704
f 2669 2705 2708
f 2215 2706 2702
f 2214 2706 2215
f 2707 2708 2705
f 2704 2712 2709
f 2705 2705 2707
f 2669 2705 2705
f 2707 2705 2707
f 2214 2710 2706
f 2706 2710 2711
f 2669 2716 2705
f 2670 2716 2669
f 2707 2716 2713
f 2705 2716 2707
f 2710 2710 2711
f 2214 2710 2710
f 2711 2714 2722
f 2710 2714 2711
f 2214 2714 2710
f 2674 2712 2672
f 2709 2712 2715
f 2674 2717 2712
f 2712 2717 2715
f 2213 2714 2214
f 2717 2717 2715
f 2677 2717 2674
f 2674 2717 2717
f 2670 2718 2716
f 2713 2718 2719
f 2716 2718 2713
f 2676 2718 2670
f 2676 2718 2718
f 2718 2718 2719
f 2677 2727 2717
f 2717 2727 2715
f 2715 2727 2720
f 2719 2726 2721
f 2718 2726 2719
f 2676 2726 2718
f 2721 2726 2723
f 2679 2726 2676
f 2549 2724 2211
f 2211 2724 2213
f 2549 2724 2724
f 2714 2724 2549
f 2724 2724 2213
f 2213 2724 2714
f 2683 2727 2677
f 2720 2727 2725
f 2689 2727 2683
f 2684 2728 2679
f 2723 2728 2729
f 2679 2728 2726
f 2726 2728 2723
f 2684 2728 2728
f 2728 2728 2729
f 2725 2727 2730
f 2728 2731 2729
f 2684 2731 2728
f 2729 2731 2732
f 2686 2731 2684
f 2732 2731 2733
f 2731 2731 2732
f 2684 2731 2731
f 2730 2727 2734
f 2731 2737 2733
f 2686 2737 2731
f 2688 2737 2686
f 2733 2737 2735
f 2734 2727 2736
f 2735 2737 2738
f 2738 2737 2739
f 2692 2737 2688
f 2736 2727 2740
f 2693 2727 2689
f 2727 2741 2740
f 2693 2741 2727
f 2741 2741 2740
f 2693 2741 2741
f 2699 2741 2693
f 2692 2742 2737
f 2694 2742 2692
f 2739 2742 2739
f 2737 2742 2739
f 2694 2742 2742
f 2742 2742 2739
f 2699 2744 2741
f 2741 2744 2740
f 2740 2744 2743
f 2742 2748 2739
f 2694 2748 2742
f 2739 2748 2745
f 2697 2748 2694
f 2699 2746 2744
f 2744 2746 2743
f 2743 2746 2747
f 2700 2746 2699
f 2704 2748 2697
f 2746 2746 2747
f 2700 2746 2746
f 2706 2751 2700
f 2700 2751 2746
f 2746 2751 2747
f 2704 2749 2748
f 2748 2749 2745
f 2745 2749 2750
f 2749 2749 2750
f 2704 2749 2749
f 2747 2751 2752
f 2709 2753 2704
f 2749 2753 2750
f 2750 2753 2750
f 2704 2753 2749
f 2752 2751 2755
f 2753 2753 2750
f 2709 2753 2753
f 2548 2756 2754
f 2707 2756 2548
f 2707 2756 2707
f 2751 2757 2755
f 2711 2757 2706
f 2706 2757 2751
f 2715 2758 2709
f 2709 2758 2753
f 2753 2758 2750
f 2750 2758 2759
f 2711 2757 2757
f 2757 2757 2755
f 2757 2767 2755
f 2722 2767 2711
f 2711 2767 2757
f 2755 2767 2791
f 2759 2758 2760
f 2756 2761 2754
f 2707 2761 2756
f 2713 2761 2707
f 2754 2761 2762
f 2715 2763 2758
f 2758 2763 2760
f 2760 2763 2764
f 2763 2763 2760
f 2720 2763 2715
f 2715 2763 2763
f 2761 2765 2762
f 2713 2765 2761
f 2719 2765 2713
f 2765 2765 2762
f 2719 2765 2765
f 2763 2766 2764
f 2720 2766 2763
f 2721 2765 2719
f 2719 2765 2765
f 2765 2765 2762
f 2725 2766 2720
f 2766 2769 2764
f 2725 2769 2766
f 2764 2769 2770
f 2811 2768 2256
f 2714 2768 2722
f 2723 2771 2721
f 2721 2771 2765
f 2765 2771 2762
f 2762 2771 2772
f 2769 2769 2770
f 2725 2769 2769
f 2770 2773 2774
f 2769 2773 2770
f 2730 2773 2725
f 2725 2773 2769
f 2729 2771 2723
f 2723 2771 2771
f 2771 2771 2772
f 2729 2775 2771
f 2771 2775 2772
f 2732 2775 2729
f 2734 2773 2730
f 2774 2773 2776
f 2776 2777 2776
f 2734 2777 2773
f 2773 2777 2776
f 2733 2778 2732
f 2775 2778 2772
f 2732 2778 2775
f 2772 2778 2779
f 2734 2777 2777
f 2777 2777 2776
f 2734 2780 2777
f 2736 2780 2734
f 2776 2780 2781
f 2777 2780 2776
f 2778 2778 2779
f 2733 2778 2778
f 2735 2778 2733
f 2735 2782 2778
f 2778 2782 2779
f 2780 2783 2781
f 2736 2783 2780
f 2735 2782 2782
f 2782 2782 2779
f 2738 2782 2735
f 2781 2783 2784
f 2740 2783 2736
f 2783 2783 2781
f 2736 2783 2783
f 2740 2785 2783
f 2783 2785 2784
f 2784 2785 2786
f 2738 2787 2782
f 2739 2787 2738
f 2779 2787 2788
f 2782 2787 2779
f 2785 2789 2786
f 2740 2789 2785
f 2789 2789 2786
f 2740 2789 2789
f 2786 2789 2786
f 2743 2789 2740
f 2739 2790 2787
f 2787 2790 2788
f 2739 2790 2739
f 2790 2790 2788
f 2739 2790 2790
f 2789 2793 2786
f 2743 2793 2789
f 2722 2791 2767
f 2812 2791 2722
f 2790 2792 2788
f 2739 2792 2790
f 2745 2792 2739
f 2811 2812 2768
f 2768 2812 2722
f 2786 2793 2794
f 2747 2793 2743
f 2794 2795 2796
f 2793 2795 2794
f 2747 2795 2793
f 2788 2792 2797
f 2795 2795 2796
f 2747 2795 2795
f 2747 2803 2795
f 2796 2803 2799
f 2795 2803 2796
f 2752 2803 2747
f 2745 2798 2792
f 2792 2798 2797
f 2750 2798 2745
f 2798 2798 2797
f 2750 2798 2798
f 2750 2800 2798
f 2798 2800 2797
f 2750 2800 2750
f 2800 2800 2797
f 2750 2800 2800
f 2797 2800 2801
f 2759 2800 2750
f 2755 2803 2752
f 2799 2803 2802
f 2802 2804 2805
f 2803 2804 2802
f 2755 2804 2803
f 2760 2806 2759
f 2800 2806 2801
f 2759 2806 2800
f 2806 2806 2801
f 2760 2806 2806
f 2755 2804 2804
f 2791 2804 2755
f 2804 2804 2805
f 2805 2804 2807
f 2764 2806 2760
f 2806 2806 2801
f 2760 2806 2806
f 2804 2808 2807
f 2791 2808 2804
f 2764 2809 2806
f 2806 2809 2801
f 2801 2809 2810
f 2807 2808 2832
f 2550 2811 2256
f 2770 2809 2764
f 2770 2813 2809
f 2809 2813 2810
f 2774 2813 2770
f 2770 2813 2813
f 2813 2813 2810
f 2774 2814 2813
f 2813 2814 2810
f 2776 2814 2774
f 2810 2814 2816
f 2776 2815 2776
f 2776 2815 2814
f 2814 2815 2816
f 2776 2816 2815
f 2781 2816 2776
f 2784 2816 2781
f 2786 2818 2784
f 2784 2818 2816
f 2816 2818 2817
f 2786 2818 2818
f 2818 2818 2817
f 2786 2819 2786
f 2786 2819 2818
f 2818 2819 2817
f 2794 2819 2786
f 2786 2819 2819
f 2819 2819 2817
f 2817 2819 2820
f 2791 2821 2808
f 2812 2821 2791
f 2550 2822 2811
f 2812 2822 2821
f 2811 2822 2812
f 2796 2823 2794
f 2794 2823 2819
f 2819 2823 2820
f 2796 2823 2823
f 2823 2823 2820
f 2799 2823 2796
f 2796 2823 2823
f 2823 2823 2820
f 2820 2824 2825
f 2799 2824 2823
f 2823 2824 2820
f 2802 2826 2799
f 2824 2826 2825
f 2799 2826 2824
f 2826 2826 2825
f 2802 2826 2826
f 2802 2826 2826
f 2805 2826 2802
f 2826 2826 2825
f 2825 2827 2828
f 2805 2827 2826
f 2807 2827 2805
f 2826 2827 2825
f 2807 2827 2827
f 2827 2827 2828
f 2832 2827 2807
f 2828 2257 2554
f 2827 2257 2828
f 2832 2257 2827
f 2821 2829 2808
f 2808 2829 2832
f 2832 2829 2552
f 2822 2829 2821
f 2263 2830 2550
f 2550 2830 2822
f 2255 2831 2830
f 2829 2831 2551
f 2822 2831 2829
f 2830 2831 2822
f 2551 2831 2270
f 2270 2831 2255
f 2831 2831 2551
f 2255 2831 2831
f 2259 2832 2275
f 2275 2832 2552
f 2257 2832 2259
f 2303 2288 2300
f 2300 2288 2559
f 2571 2834 2324
f 2324 2834 2338
f 2338 2834 2355
f 2367 2350 2366
f 2369 2350 2376
f 2376 2350 2367
f 2596 2835 2392
f 2392 2835 2412
f 2453 2614 2449
f 2482 2629 2491
f 2491 2629 2498
f 2498 2629 2493
f 2522 2636 2520
f 2836 2657 2837
f 2641 2657 2836
f 2634 2836 2646
f 2708 2837 2669
f 2708 2838 2837
f 2836 2838 2530
f 2837 2838 2836
f 2548 2547 2707
f 2708 2547 2838
f 2707 2547 2708
f 2401 2839 2397
f 2839 2840 2397
f 2405 2841 2401
f 2401 2841 2839
f 2840 2842 2397
f 2405 2843 2841
f 2419 2843 2405
f 2842 2844 2397
f 2419 2845 2843
f 2844 2846 2397
f 2419 2847 2845
f 2846 2848 2397
f 2419 2849 2847
f 2848 2850 2397
f 2421 2851 2419
f 2419 2851 2849
f 2850 2852 2397
f 2397 2852 2384
f 2421 2853 2851
f 2424 2853 2421
f 2852 2854 2384
f 2384 2854 2382
f 2426 2855 2424
f 2424 2855 2853
f 2382 2856 2378
f 2854 2856 2382
f 2426 2857 2855
f 2440 2857 2426
f 2856 2858 2378
f 2378 2858 2373
f 2440 2859 2857
f 2373 2860 2369
f 2858 2860 2373
f 2440 2861 2859
f 2860 2862 2369
f 2440 2863 2861
f 2862 2864 2369
f 2440 2865 2863
f 2864 2866 2369
f 2440 2867 2865
f 2866 2868 2369
f 2369 2868 2361
f 2440 2869 2867
f 2443 2869 2440
f 2868 2870 2361
f 2361 2870 2357
f 2443 2871 2869
f 2447 2871 2443
f 2870 2872 2357
f 2357 2872 2355
f 2461 2873 2447
f 2447 2873 2871
f 2872 2874 2355
f 2461 2875 2873
f 2874 2876 2355
f 2461 2877 2875
f 2876 2878 2355
f 2461 2879 2877
f 2355 2880 2339
f 2878 2880 2355
f 2461 2881 2879
f 2462 2881 2461
f 2880 2882 2339
f 2339 2882 2335
f 2462 2883 2881
f 2466 2883 2462
f 2882 2884 2335
f 2335 2884 2334
f 2466 2885 2883
f 2470 2885 2466
f 2334 2886 2331
f 2884 2886 2334
f 2470 2887 2885
f 2472 2887 2470
f 2331 2888 2327
f 2886 2888 2331
f 2472 2889 2887
f 2485 2889 2472
f 2888 2890 2327
f 2485 2891 2889
f 2890 2892 2327
f 2485 2893 2891
f 2892 2894 2327
f 2485 2895 2893
f 2894 2896 2327
f 2485 2897 2895
f 2896 2898 2327
f 2485 2899 2897
f 2898 2900 2327
f 2485 2901 2899
f 2900 2902 2327
f 2485 2903 2901
f 2902 2313 2327
f 2902 2904 2313
f 2485 2488 2903
f 2488 2905 2903
f 2904 2308 2313
f 2904 2906 2308
f 2488 2492 2905
f 2905 2492 2907
f 2908 2305 2906
f 2906 2305 2308
f 2492 2498 2907
f 2907 2498 2909
f 2910 2305 2908
f 2909 2498 2911
f 2912 2305 2910
f 2911 2498 2913
f 2914 2305 2912
f 2498 2505 2913
f 2913 2505 2915
f 2916 2297 2914
f 2914 2297 2305
f 2505 2511 2915
f 2915 2511 2917
f 2918 2295 2916
f 2916 2295 2297
f 2511 2513 2917
f 2917 2513 2919
f 2920 2293 2918
f 2918 2293 2295
f 2513 2517 2919
f 2919 2517 2921
f 2922 2291 2920
f 2920 2291 2293
f 2517 2532 2921
f 2921 2532 2923
f 2924 2291 2922
f 2923 2532 2925
f 2926 2291 2924
f 2925 2532 2927
f 2928 2291 2926
f 2927 2532 2929
f 2930 2291 2928
f 2532 2533 2929
f 2929 2533 2931
f 2932 2291 2930
f 2533 2536 2931
f 2931 2536 2933
f 2934 2291 2932
f 2536 2538 2933
f 2933 2538 2935
f 2936 2291 2934
f 2538 2541 2935
f 2935 2541 2937
f 2938 2291 2936
f 2541 2544 2937
f 2937 2544 2939
f 2940 2291 2938
f 2544 2754 2939
f 2939 2754 2941
f 2942 2554 2940
f 2940 2554 2291
f 2941 2754 2943
f 2944 2554 2942
f 2943 2754 2945
f 2946 2554 2944
f 2945 2754 2947
f 2948 2554 2946
f 2947 2754 2949
f 2950 2554 2948
f 2949 2754 2951
f 2952 2554 2950
f 2951 2754 2953
f 2954 2828 2952
f 2952 2828 2554
f 2754 2762 2953
f 2953 2762 2955
f 2954 2825 2828
f 2956 2825 2954
f 2762 2772 2955
f 2955 2772 2957
f 2958 2820 2956
f 2956 2820 2825
f 2957 2779 2959
f 2772 2779 2957
f 2960 2817 2958
f 2958 2817 2820
f 2959 2788 2961
f 2779 2788 2959
f 2962 2816 2960
f 2960 2816 2817
f 2961 2797 2963
f 2788 2797 2961
f 2964 2810 2962
f 2962 2810 2816
f 2963 2801 2964
f 2797 2801 2963
f 2964 2801 2810
f 2870 2868 2965
f 2965 2868 2966
f 2966 2866 2967
f 2868 2866 2966
f 2967 2864 2968
f 2866 2864 2967
f 2968 2862 2969
f 2864 2862 2968
f 2969 2860 2970
f 2862 2860 2969
f 2970 2858 2971
f 2860 2858 2970
f 2971 2856 2972
f 2972 2856 2973
f 2858 2856 2971
f 2856 2854 2973
f 2973 2852 2974
f 2854 2852 2973
f 2974 2850 2975
f 2852 2850 2974
f 2850 2848 2975
f 2975 2848 2976
f 2848 2846 2976
f 2976 2846 2977
f 2977 2846 2978
f 2846 2844 2978
f 2844 2842 2978
f 2978 2842 2979
f 2842 2840 2979
f 2979 2840 2980
f 2840 2839 2980
f 2980 2839 2981
f 2839 2841 2981
f 2981 2841 2982
f 2841 2843 2982
f 2982 2843 2983
f 2843 2845 2983
f 2983 2845 2984
f 2845 2847 2984
f 2984 2847 2985
f 2985 2847 2986
f 2847 2849 2986
f 2849 2851 2986
f 2986 2851 2987
f 2987 2853 2988
f 2851 2853 2987
f 2988 2853 2989
f 2853 2855 2989
f 2855 2857 2989
f 2989 2857 2990
f 2990 2859 2991
f 2857 2859 2990
f 2991 2861 2992
f 2859 2861 2991
f 2992 2863 2993
f 2861 2863 2992
f 2993 2865 2994
f 2863 2865 2993
f 2994 2867 2995
f 2865 2867 2994
f 2995 2869 2996
f 2867 2869 2995
f 2996 2871 2997
f 2869 2871 2996
f 2997 2873 2998
f 2871 2873 2997
f 2998 2875 2999
f 2873 2875 2998
f 2999 2877 3000
f 2875 2877 2999
f 3000 2879 3001
f 2877 2879 3000
f 2879 2881 3001
f 3001 2881 3002
f 2881 2883 3002
f 3002 2883 3003
f 2883 2885 3003
f 3003 2885 3004
f 2885 2887 3004
f 3004 2887 3005
f 2887 2889 3005
f 3005 2889 3006
f 2889 2891 3006
f 3006 2891 3007
f 2891 2893 3007
f 3007 2893 3008
f 2893 2895 3008
f 3008 2895 3009
f 2895 2897 3009
f 3009 2897 3010
f 2897 2899 3010
f 3010 2899 3011
f 2899 2901 3011
f 3011 2901 3012
f 2901 2903 3012
f 3012 2903 3013
f 2903 2905 3013
f 3013 2905 3014
f 2905 2907 3014
f 3014 2907 3015
f 2907 2909 3015
f 3015 2909 3016
f 2909 2911 3016
f 3016 2911 3017
f 2911 2913 3017
f 3017 2913 3018
f 2913 2915 3018
f 3018 2915 3019
f 2915 2917 3019
f 3019 2917 3020
f 2917 2919 3020
f 3020 2919 3021
f 2919 2921 3021
f 3021 2921 3022
f 3022 2923 3023
f 2921 2923 3022
f 3023 2925 3024
f 2923 2925 3023
f 3024 2927 3025
f 2925 2927 3024
f 3025 2929 3026
f 3026 2929 3027
f 2927 2929 3025
f 2929 2931 3027
f 2931 2933 3027
f 3027 2933 3028
f 2933 2935 3028
f 3028 2935 3029
f 2935 2937 3029
f 3029 2937 3030
f 2937 2939 3030
f 3030 2939 3031
f 2939 2941 3031
f 3031 2941 3032
f 2941 2943 3032
f 3032 2943 3033
f 2943 2945 3033
f 3033 2945 3034
f 2945 2947 3034
f 3034 2947 3035
f 2947 2949 3035
f 3035 2949 3036
f 2949 2951 3036
f 3036 2951 3037
f 2951 2953 3037
f 3037 2953 3038
f 3038 2955 3039
f 2953 2955 3038
f 3039 2957 3040
f 2955 2957 3039
f 3040 2959 3041
f 2957 2959 3040
f 3041 2961 3042
f 2959 2961 3041
f 3042 2963 3043
f 2961 2963 3042
f 3043 2964 3044
f 2963 2964 3043
f 3044 2962 3045
f 2964 2962 3044
f 3045 2960 3046
f 2962 2960 3045
f 3046 2958 3047
f 2960 2958 3046
f 3047 2956 3048
f 2958 2956 3047
f 3048 2954 3049
f 2956 2954 3048
f 3049 2952 3050
f 2954 2952 3049
f 3050 2950 3051
f 2952 2950 3050
f 3051 2948 3052
f 2950 2948 3051
f 2948 2946 3052
f 3052 2946 3053
f 2946 2944 3053
f 3053 2944 3054
f 2944 2942 3054
f 3054 2942 3055
f 2942 2940 3055
f 3055 2940 3056
f 3056 2938 3057
f 2940 2938 3056
f 3057 2936 3058
f 2938 2936 3057
f 3058 2934 3059
f 2936 2934 3058
f 3059 2932 3060
f 2934 2932 3059
f 3060 2930 3061
f 2932 2930 3060
f 3061 2928 3062
f 2930 2928 3061
f 3062 2926 3063
f 3063 2926 3064
f 2928 2926 3062
f 2926 2924 3064
f 3064 2922 3065
f 2924 2922 3064
f 3065 2920 3066
f 2922 2920 3065
f 3066 2918 3067
f 2920 2918 3066
f 3067 2916 3068
f 2918 2916 3067
f 3068 2914 3069
f 2916 2914 3068
f 3069 2912 3070
f 2914 2912 3069
f 3070 2910 3071
f 2912 2910 3070
f 3071 2908 3072
f 2910 2908 3071
f 3072 2906 3073
f 2908 2906 3072
f 3073 2904 3074
f 2906 2904 3073
f 3074 2902 3075
f 2904 2902 3074
f 3075 2900 3076
f 2902 2900 3075
f 2900 2898 3076
f 3076 2898 3077
f 2898 2896 3077
f 3077 2896 3078
f 2896 2894 3078
f 3078 2894 3079
f 2894 2892 3079
f 3079 2892 3080
f 2892 2890 3080
f 3080 2890 3081
f 2890 2888 3081
f 3081 2888 3082
f 2888 2886 3082
f 3082 2886 3083
f 2886 2884 3083
f 3083 2884 3084
f 2884 2882 3084
f 3084 2882 3085
f 2882 2880 3085
f 3085 2880 3086
f 2880 2878 3086
f 3086 2878 3087
f 2878 2876 3087
f 3087 2876 3088
f 2876 2874 3088
f 3088 2874 3089
f 2874 2872 3089
f 3089 2872 3090
f 3090 2870 2965
f 2872 2870 3090
f 3044 2965 2966
f 3044 3002 3005
f 3044 2966 2967
f 3044 2967 2968
f 3044 3063 3065
f 3044 2968 2969
f 3044 2969 2970
f 3044 2970 2971
f 3044 2971 2972
f 3044 2972 2973
f 3044 2973 2974
f 3044 2974 2975
f 3044 2975 2976
f 3044 3085 3087
f 3044 3024 3027
f 3044 2976 2977
f 3044 3000 3002
f 3044 2977 2978
f 3044 2978 2979
f 3044 2979 2980
f 3044 3082 3084
f 3044 2980 2981
f 3044 3080 3082
f 3044 2981 2982
f 3044 2982 2983
f 3044 2983 2984
f 3044 3084 3085
f 3044 2984 2985
f 3044 2985 2986
f 3044 2986 2987
f 3044 2987 2988
f 3044 2988 2989
f 3044 3089 3090
f 3044 2989 2990
f 3044 3090 2965
f 3044 2990 2991
f 3044 2991 2992
f 3044 2992 2993
f 3044 2993 2994
f 3044 2994 2995
f 3044 2995 2996
f 3044 2996 2997
f 3044 2997 2998
f 3044 2998 2999
f 3044 3046 3049
f 3044 2999 3000
f 3044 3087 3089
f 3044 3033 3035
f 3044 3011 3012
f 3044 3005 3011
f 3044 3023 3024
f 3044 3012 3016
f 3044 3072 3075
f 3044 3036 3041
f 3044 3035 3036
f 3044 3041 3042
f 3044 3042 3043
f 3044 3045 3046
f 3044 3070 3072
f 3044 3049 3063
f 3044 3027 3033
f 3044 3065 3070
f 3044 3075 3080
f 3044 3016 3023
f 3087 3088 3089
f 3002 3000 3001
f 3085 3086 3087
f 3005 3002 3003
f 3005 3003 3004
f 3082 3083 3084
f 3080 3081 3082
f 3009 3007 3008
f 3011 3005 3006
f 3011 3007 3009
f 3011 3006 3007
f 3011 3009 3010
f 3076 3077 3078
f 3075 3078 3079
f 3075 3079 3080
f 3075 3076 3078
f 3014 3012 3013
f 3073 3074 3075
f 3072 3073 3075
f 3016 3014 3015
f 3016 3012 3014
f 3070 3071 3072
f 3018 3016 3017
f 3020 3018 3019
f 3020 3016 3018
f 3066 3067 3068
f 3066 3068 3069
f 3066 3069 3070
f 3022 3020 3021
f 3022 3016 3020
f 3065 3066 3070
f 3023 3016 3022
f 3063 3064 3065
f 3027 3024 3025
f 3027 3025 3026
f 3058 3059 3060
f 3058 3060 3061
f 3058 3061 3062
f 3030 3027 3028
f 3030 3028 3029
f 3031 3027 3030
f 3032 3027 3031
f 3033 3027 3032
f 3054 3055 3056
f 3054 3056 3057
f 3035 3033 3034
f 3052 3054 3057
f 3052 3053 3054
f 3052 3057 3058
f 3050 3051 3052
f 3049 3058 3062
f 3049 3050 3052
f 3049 3052 3058
f 3049 3062 3063
f 3039 3037 3038
f 3047 3048 3049
f 3041 3037 3039
f 3041 3036 3037
f 3041 3039 3040
f 3046 3047 3049
f 3091 3092 3093
f 3091 3094 3092
f 3091 3095 3094
f 3095 2001 3102
f 3096 2001 3091
f 3091 2001 3095
f 3097 3098 3099
f 3100 3098 3097
f 3101 3098 3100
f 3102 1988 3101
f 3098 1988 3103
f 2001 1988 3102
f 3101 1988 3098
f 3104 3105 2123
f 3105 3106 2123
f 2123 3107 2118
f 3106 3107 2123
f 3107 3108 2118
f 3108 3109 2118
f 3109 3110 2118
f 3110 3111 2118
f 3111 3112 2118
f 3112 3113 2118
f 3113 3114 2118
f 3114 3115 2118
f 3115 3116 2118
f 3116 3117 2118
f 3117 3118 2118
f 3118 3119 2118
f 3119 3120 2118
f 3121 3122 2128
f 2128 3123 3121
f 3122 3124 2128
f 3124 3125 2128
f 3125 3126 2128
f 3126 3127 2128
f 3127 3128 2128
f 3128 3129 2128
f 3129 3130 2128
f 3130 3131 2128
f 3131 3132 2128
f 3132 3133 2128
f 2128 3134 2125
f 3133 3134 2128
f 3134 3135 2125
f 3135 3136 2125
f 3136 3137 2125
f 3138 3139 3140
f 3141 3142 3143
f 3140 3144 3145
f 3146 3144 3139
f 3147 3144 3146
f 3139 3144 3140
f 3148 3149 3150
f 3142 3149 3148
f 3151 3149 3141
f 3141 3149 3142
f 3149 3153 3154
f 3145 3153 3151
f 3151 3153 3149
f 3144 3153 3145
f 3155 1929 3152
f 3156 1929 3155
f 3157 3103 3158
f 3153 3103 3157
f 3152 3103 3144
f 3144 3103 3153
f 1929 3103 3152
f 1933 3159 1929
f 3103 3160 3098
f 1929 3160 3103
f 3159 3160 1929
f 1933 3161 3159
f 1933 3162 3161
f 3162 3163 3161
f 3161 3164 3165
f 3163 3164 3161
f 3096 3166 3167
f 3096 3168 3166
f 3168 3169 3170
f 3096 3169 3168
f 3169 3171 3172
f 3172 3171 3173
f 3171 3174 3175
f 3175 3174 3176
f 3169 3174 3171
f 3091 3177 3096
f 3174 3178 3179
f 3179 3178 3180
f 3174 3181 3178
f 3181 3182 3183
f 3183 3182 3184
f 3174 3182 3181
f 3174 3185 3182
f 3177 3185 3096
f 3096 3185 3169
f 3169 3185 3174
f 3177 3186 3185
f 3186 1941 3185
f 3186 3187 1941
f 3188 3189 3187
f 3189 3190 3187
f 3190 3191 3187
f 3187 3191 1941
f 3164 3163 3192
f 3164 3192 3193
f 3193 3194 3165
f 3193 3165 3164
f 3194 3161 3165
f 3194 3195 3161
f 3195 3159 3161
f 3195 3196 3159
f 3196 3160 3159
f 3196 3197 3160
f 3160 3099 3098
f 3197 3099 3160
f 3197 3234 3099
f 3198 3099 3234
f 1916 1167 3199
f 3199 1177 3200
f 1167 1177 3199
f 3201 1196 3202
f 3200 1196 3201
f 1177 1196 3200
f 3202 1198 3203
f 1196 1198 3202
f 3204 1201 3205
f 3203 1201 3204
f 1198 1201 3203
f 3205 1203 3206
f 1201 1203 3205
f 1203 1205 3206
f 3206 1205 3207
f 1205 1207 3207
f 3208 1207 3209
f 3207 1207 3208
f 1207 1209 3209
f 3209 1209 3210
f 1209 1210 3210
f 3210 1210 3211
f 3212 3213 3214
f 1210 1211 3211
f 3212 1211 3213
f 3211 1211 3212
f 1211 1212 3213
f 3213 1212 3215
f 1212 1213 3215
f 3215 1213 3216
f 1213 1214 3216
f 3216 1214 3217
f 1214 1215 3217
f 3217 1215 3218
f 1215 1216 3218
f 3218 1216 3219
f 1216 1217 3219
f 3219 1217 3220
f 1217 1218 3220
f 3220 1218 3221
f 1218 1219 3221
f 3221 1219 3222
f 1219 1220 3222
f 3222 1220 3223
f 3223 1221 3224
f 1220 1221 3223
f 3224 1248 3225
f 1221 1248 3224
f 3225 1247 3226
f 1248 1247 3225
f 3226 1246 3227
f 1247 1246 3226
f 3227 1245 3228
f 1246 1245 3227
f 3228 1244 3229
f 1245 1244 3228
f 3229 1243 3230
f 1244 1243 3229
f 3198 3097 3099
f 3230 1242 3198
f 1243 1242 3230
f 1242 1241 3198
f 3198 1240 3097
f 3097 1240 3100
f 1241 1240 3198
f 3100 1239 3101
f 1240 1239 3100
f 3101 1249 3102
f 1239 1249 3101
f 3213 3215 3232
f 3216 3232 3215
f 3217 3232 3216
f 3218 3232 3217
f 3219 3232 3218
f 3220 3233 3219
f 3221 3233 3220
f 3219 3233 3232
f 3222 3233 3221
f 3223 3233 3222
f 3224 3231 3223
f 3223 3231 3233
f 3225 3231 3224
f 3226 3231 3225
f 3227 3234 3226
f 3228 3234 3227
f 3226 3234 3231
f 3229 3234 3228
f 3230 3234 3229
f 3198 3234 3230
f 3214 3231 3234
f 3214 3233 3231
f 3214 3232 3233
f 3238 3239 3237
f 3240 3238 3237
f 3240 3237 3236
f 1918 3235 3214
f 1918 3241 3240
f 1918 3236 3235
f 1918 3240 3236
f 3196 1919 1918
f 3197 3214 3234
f 3197 1918 3214
f 3197 3196 1918
f 3195 1919 3196
f 3242 1919 3195
f 3193 3195 3194
f 3192 3195 3193
f 3192 3242 3195
f 3214 3213 3232
f 3243 3289 3290
f 3243 3290 3288
f 3243 3288 3244
f 3246 3289 3243
f 3248 3245 3247
f 3249 3248 3250
f 3249 3243 3245
f 3249 3246 3243
f 3249 3245 3248
f 3251 3246 3249
f 1939 3251 3249
f 3252 3251 1939
f 3253 3254 3252
f 3255 3253 3252
f 3256 3255 3252
f 3256 3252 1939
f 3257 3243 3244
f 3103 1988 3158
f 3158 1987 3157
f 3157 1987 3153
f 1988 1987 3158
f 3153 1986 3154
f 3154 1986 3149
f 1987 1986 3153
f 3149 1985 3150
f 1986 1985 3149
f 3150 1984 3148
f 1985 1984 3150
f 3148 1983 3142
f 3142 1983 3143
f 1984 1983 3148
f 3143 1982 3141
f 1983 1982 3143
f 3141 1980 3151
f 3151 1980 3145
f 1982 1980 3141
f 3145 1979 3140
f 1980 1979 3145
f 3140 1978 3138
f 1979 1978 3140
f 3138 1977 3139
f 1978 1977 3138
f 3139 1976 3146
f 1977 1976 3139
f 1976 1975 3146
f 3146 1975 3147
f 3147 1975 3144
f 3144 1974 3152
f 1975 1974 3144
f 1974 1973 3152
f 3152 1973 3155
f 1973 1971 3155
f 3155 1971 3156
f 1971 1930 3156
f 3156 1930 1929
f 3235 3212 3214
f 3235 3211 3212
f 3235 3210 3211
f 3235 3209 3210
f 3235 3208 3209
f 3235 3207 3208
f 3235 3236 3207
f 3236 3206 3207
f 3236 3205 3206
f 3205 3236 3204
f 3204 3237 3203
f 3236 3237 3204
f 3203 3239 3202
f 3237 3239 3203
f 3202 3238 3201
f 3239 3238 3202
f 3201 3240 3200
f 3238 3240 3201
f 3200 3241 3199
f 3240 3241 3200
f 3199 1918 1916
f 3241 1918 3199
f 1919 3242 3162
f 1919 3162 1933
f 3242 3192 3163
f 3242 3163 3162
f 3258 3259 1283
f 1283 3259 1285
f 1285 3260 1286
f 3259 3260 1285
f 1286 3261 1287
f 3260 3261 1286
f 1287 3262 1288
f 3261 3262 1287
f 1288 3263 1289
f 3262 3263 1288
f 1289 3264 1290
f 3263 3264 1289
f 3264 3265 1290
f 1290 3265 1291
f 3265 3266 1291
f 3266 3267 1291
f 1291 3267 1292
f 3267 3268 1292
f 1292 3268 1322
f 3268 3269 1322
f 1322 3269 1323
f 1323 3257 1324
f 3269 3270 1323
f 1323 3270 3257
f 3270 3243 3257
f 3257 3271 1324
f 1324 3271 1325
f 1325 3272 1326
f 3271 3272 1325
f 1326 3273 1327
f 3272 3273 1326
f 1327 3274 1328
f 3273 3274 1327
f 1328 3275 1329
f 3274 3275 1328
f 1329 3276 1330
f 3275 3276 1329
f 1330 3277 1331
f 3276 3277 1330
f 1331 3278 1332
f 3277 3278 1331
f 1332 3279 1333
f 3278 3279 1332
f 1333 3280 1339
f 3279 3280 1333
f 1339 3281 1340
f 3280 3281 1339
f 1340 3282 1341
f 3281 3282 1340
f 1341 3283 1342
f 3282 3283 1341
f 1342 3284 1343
f 3283 3284 1342
f 1343 3285 1344
f 3284 3285 1343
f 1344 3286 1345
f 3285 3286 1344
f 1345 3287 1346
f 1346 3287 1347
f 3286 3287 1345
f 3093 3092 3287
f 3287 3092 1347
f 3092 3094 1347
f 1347 3094 1348
f 3094 3095 1348
f 1348 3095 1349
f 3095 3102 1349
f 1349 3102 1249
f 3271 3257 3244
f 3286 3289 3287
f 3285 3289 3286
f 3284 3289 3285
f 3283 3289 3284
f 3282 3289 3283
f 3281 3290 3282
f 3280 3290 3281
f 3282 3290 3289
f 3279 3290 3280
f 3278 3288 3279
f 3277 3288 3278
f 3279 3288 3290
f 3276 3288 3277
f 3275 3288 3276
f 3274 3244 3275
f 3273 3244 3274
f 3275 3244 3288
f 3272 3244 3273
f 3271 3244 3272
f 3093 3246 3177
f 3093 3177 3091
f 3289 3246 3093
f 3093 3287 3289
f 3246 3186 3177
f 3246 3251 3186
f 3251 3187 3186
f 3251 3252 3187
f 3252 3188 3187
f 3252 3254 3188
f 3254 3253 3189
f 3254 3189 3188
f 3190 3189 3253
f 3190 3253 3255
f 3255 3256 3191
f 3255 3191 3190
f 3256 1941 3191
f 3256 1939 1941
f 3096 3167 2001
f 2001 3167 1999
f 1999 3166 2002
f 3167 3166 1999
f 3166 3168 2002
f 2002 3170 2003
f 3168 3170 2002
f 3170 3169 2003
f 2003 3172 2004
f 3169 3172 2003
f 2004 3173 2005
f 3172 3173 2004
f 3173 3171 2005
f 2005 3175 2006
f 3171 3175 2005
f 2006 3176 1992
f 3175 3176 2006
f 1992 3174 1991
f 3176 3174 1992
f 1991 3179 1993
f 3174 3179 1991
f 3179 3180 1993
f 3180 1994 1993
f 1994 3178 1995
f 3180 3178 1994
f 1995 3181 1996
f 3178 3181 1995
f 3181 3183 1996
f 3183 3184 1996
f 1996 3184 1997
f 3184 3182 1997
f 1997 3182 1998
f 3182 3185 1998
f 3270 3245 3243
f 3270 3269 3245
f 3269 3268 3245
f 3268 3267 3245
f 3267 3266 3245
f 3266 3265 3245
f 3265 3264 3245
f 3245 3263 3247
f 3264 3263 3245
f 3263 3262 3247
f 3262 3261 3247
f 3247 3260 3248
f 3261 3260 3247
f 3248 3259 3250
f 3260 3259 3248
f 3250 3258 3249
f 3259 3258 3250
f 1282 3258 1283
f 1282 725 3258
f 3258 1940 3249
f 725 1940 3258
f 1940 1939 3249
f 725 761 1940
f 2181 3291 2159
f 1673 3291 1692
f 1948 1947 2181
f 2181 1947 3291
f 477 476 1947
f 3291 476 1692
f 1947 476 3291
f 3185 1970 1998
f 1941 1970 3185
f 1941 1943 1970
f 761 755 1940
f 1940 755 1938
f 1938 1963 1942
f 1938 1957 1963
f 755 1957 1938
f 755 800 1957
f 1265 701 700
f 1266 700 694
f 1266 1265 700
f 1260 694 693
f 1260 1266 694
f 1261 693 687
f 1261 1260 693
f 1254 687 686
f 1254 1261 687
f 1255 686 685
f 1255 1254 686
f 1256 685 683
f 1256 1255 685
f 1250 683 682
f 1250 1256 683
f 1251 682 679
f 1251 1250 682
f 1252 1251 679
f 1252 679 681
f 1253 1252 681
f 1257 1253 681
f 1257 691 689
f 1257 681 691
f 1258 1257 689
f 1258 689 690
f 1259 1258 690
f 1259 690 698
f 1262 1259 698
f 1262 698 695
f 1263 1262 695
f 1264 1263 695
f 1264 697 705
f 1264 695 697
f 1267 1264 705
f 1268 1267 705
f 1268 702 704
f 1268 705 702
f 1269 704 711
f 1269 1268 704
f 1270 1269 711
f 1271 711 710
f 1271 1270 711
f 1272 710 707
f 1272 1271 710
f 1273 707 709
f 1273 1272 707
f 1274 709 716
f 1274 1273 709
f 1275 716 713
f 1275 1274 716
f 1276 715 721
f 1276 713 715
f 1276 1275 713
f 1277 1276 721
f 1278 721 718
f 1278 1277 721
f 1279 718 720
f 1279 1278 718
f 1280 726 724
f 1280 720 726
f 1280 1279 720
f 1281 1280 724
f 1282 724 725
f 1282 1281 724
f 475 477 1946
f 1946 477 1947
f 2169 1946 1949
f 2176 1946 2169
f 487 475 2176
f 2176 475 1946
f 3123 2128 3292
f 3292 2142 3293
f 2128 2142 3292
f 2142 3294 3293
f 3294 2141 3295
f 2142 2141 3294
f 3295 2140 3296
f 2141 2140 3295
f 2140 3297 3296
f 2140 2139 3297
f 2139 3298 3297
f 2139 2138 3298
f 2138 3299 3298
f 3299 2135 3300
f 2138 2135 3299
f 3300 2137 3301
f 2135 2137 3300
f 3301 2156 3302
f 2137 2156 3301
f 3302 2155 3303
f 2156 2155 3302
f 3303 2154 3304
f 2155 2154 3303
f 2154 2153 3304
f 2153 3305 3304
f 2153 2152 3305
f 2152 3306 3305
f 3306 2151 3307
f 2152 2151 3306
f 3307 2148 3308
f 2151 2148 3307
f 2148 2150 3308
f 3308 2150 3309
f 2150 2159 3309
f 3309 2159 3291
f 3291 1673 3309
f 3309 1670 3308
f 1673 1670 3309
f 3308 1667 3307
f 1670 1667 3308
f 3307 1662 3306
f 1667 1662 3307
f 3306 1659 3305
f 1662 1659 3306
f 3305 1656 3304
f 1659 1656 3305
f 3304 1653 3303
f 1656 1653 3304
f 1653 1652 3303
f 3302 1652 3301
f 3303 1652 3302
f 1652 1650 3301
f 3301 1650 3300
f 1650 1649 3300
f 3300 1649 3299
f 1649 1648 3299
f 3299 1648 3298
f 1648 1647 3298
f 3297 1647 3296
f 3298 1647 3297
f 1647 1646 3296
f 3296 1646 3295
f 3294 1645 3293
f 3295 1645 3294
f 1646 1645 3295
f 3292 1644 3123
f 3293 1644 3292
f 1645 1644 3293
f 1644 1643 3123
f 3123 1643 3121
f 1643 1642 3121
f 3121 1642 3122
f 3122 1641 3124
f 1642 1641 3122
f 3124 1640 3125
f 1641 1640 3124
f 3125 1639 3126
f 1640 1639 3125
f 3126 1594 3127
f 1639 1594 3126
f 3127 1588 3128
f 1594 1588 3127
f 3128 1581 3129
f 1588 1581 3128
f 3129 1578 3130
f 1581 1578 3129
f 3130 1552 3131
f 1578 1552 3130
f 3131 1551 3132
f 1552 1551 3131
f 3132 1550 3133
f 1551 1550 3132
f 3133 1549 3134
f 1550 1549 3133
f 3134 1548 3135
f 1549 1548 3134
f 1548 3310 3135
f 3135 3310 3136
f 1548 1547 3310
f 1547 1546 3310
f 3311 1546 3312
f 3310 1546 3311
f 1546 1545 3312
f 3312 1545 3313
f 1545 1531 3313
f 3311 3314 3310
f 3312 3314 3311
f 3313 3314 3312
f 3313 3315 3314
f 3316 3315 3313
f 3317 3315 3316
f 3318 3315 3317
f 1920 3319 1534
f 1534 3319 1532
f 1532 3320 1529
f 3319 3320 1532
f 1529 3321 1525
f 3320 3321 1529
f 1525 3322 1521
f 3321 3322 1525
f 1521 3323 1518
f 3322 3323 1521
f 1518 3324 1516
f 3323 3324 1518
f 3324 3325 1516
f 1516 3325 1512
f 3325 3326 1512
f 1512 3326 1509
f 3326 3327 1509
f 1509 3327 1507
f 3327 3328 1507
f 3328 3329 1507
f 1507 3329 1505
f 3329 3330 1505
f 1505 3330 1503
f 3330 3331 1503
f 1503 3331 1501
f 3331 3332 1501
f 3332 3333 1501
f 1501 3333 1499
f 3333 3334 1499
f 1499 3334 1497
f 3334 3335 1497
f 3335 3120 1497
f 1497 3120 1494
f 3120 3119 1494
f 1494 3119 1495
f 3119 3118 1495
f 1495 3118 1496
f 3118 3117 1496
f 1496 3117 1498
f 1498 3116 1500
f 3117 3116 1498
f 1500 3115 1502
f 3116 3115 1500
f 1502 3114 1504
f 3115 3114 1502
f 1504 3113 1506
f 3114 3113 1504
f 1506 3112 1508
f 3113 3112 1506
f 1508 3111 1511
f 3112 3111 1508
f 1511 3110 1514
f 3111 3110 1511
f 1514 3109 1515
f 3110 3109 1514
f 1515 3108 1520
f 3109 3108 1515
f 1520 3107 1523
f 3108 3107 1520
f 3107 3106 1523
f 3106 3318 1523
f 1523 3318 1524
f 1524 3318 1528
f 3318 3317 1528
f 3106 3105 3318
f 1528 3316 1531
f 3317 3316 1528
f 3316 3313 1531
f 3337 3105 3336
f 3318 3105 3315
f 3337 3315 3105
f 3338 3339 3340
f 3341 3338 3340
f 3337 3314 3315
f 3337 3340 3314
f 3337 3341 3340
f 3342 3341 3337
f 3343 3337 3344
f 3343 3342 3337
f 3136 3340 3345
f 3314 3340 3136
f 3136 3310 3314
f 3136 3346 3137
f 3104 3347 3105
f 3346 3345 3347
f 3348 3349 3350
f 3350 3349 3345
f 3345 3336 3347
f 3349 3351 3345
f 3345 3351 3336
f 3336 3352 3353
f 3351 3352 3336
f 3336 3105 3347
f 3136 3345 3346
f 2179 3104 2123
f 2179 2177 3104
f 2177 3347 3104
f 2178 3346 3347
f 2178 3347 2177
f 3137 2180 2125
f 3346 2178 2180
f 3346 2180 3137
f 3344 3336 3353
f 3344 3337 3336
f 3343 3353 3352
f 3343 3344 3353
f 3342 3352 3351
f 3342 3343 3352
f 3341 3351 3349
f 3341 3342 3351
f 3338 3349 3348
f 3338 3341 3349
f 3339 3348 3350
f 3339 3338 3348
f 3340 3350 3345
f 3340 3339 3350
f 2118 3335 2120
f 3120 3335 2118
f 2120 3334 2121
f 3335 3334 2120
f 3334 3333 2121
f 2121 3332 2122
f 3333 3332 2121
f 2122 3331 2124
f 3332 3331 2122
f 2124 3330 2126
f 3331 3330 2124
f 3330 3329 2126
f 3329 2127 2126
f 2127 3328 2129
f 3329 3328 2127
f 2129 3327 2131
f 3328 3327 2129
f 2131 3326 2132
f 3327 3326 2131
f 3326 3325 2132
f 3325 2133 2132
f 3325 3324 2133
f 3324 2134 2133
f 2134 3323 2143
f 3324 3323 2134
f 2143 3322 2144
f 3323 3322 2143
f 2144 3321 2145
f 3322 3321 2144
f 2145 3320 2146
f 3321 3320 2145
f 3320 3319 2146
f 3319 1922 2146
f 3319 1920 1922
f 573 1765 1764
f 571 1764 1762
f 571 573 1764
f 569 1762 1761
f 569 571 1762
f 568 1761 1759
f 568 569 1761
f 557 1759 1758
f 557 568 1759
f 556 1758 1757
f 556 557 1758
f 555 1757 1755
f 555 556 1757
f 553 1755 1753
f 553 555 1755
f 552 1753 1751
f 552 553 1753
f 551 552 1751
f 551 1751 1747
f 549 551 1747
f 549 1747 1745
f 548 549 1745
f 548 1745 1743
f 547 548 1743
f 547 1743 1739
f 546 547 1739
f 546 1739 1737
f 544 546 1737
f 543 544 1737
f 543 1736 1733
f 543 1737 1736
f 540 543 1733
f 538 540 1733
f 538 1732 1731
f 538 1733 1732
f 541 538 1731
f 541 1731 1728
f 535 1728 1727
f 535 541 1728
f 533 535 1727
f 536 1726 1725
f 536 1727 1726
f 536 533 1727
f 537 536 1725
f 531 1722 1721
f 531 1725 1722
f 531 537 1725
f 529 1721 1720
f 529 531 1721
f 532 529 1720
f 527 1717 1716
f 527 1720 1717
f 527 532 1720
f 526 527 1716
f 528 1716 1715
f 528 526 1716
f 523 1715 1712
f 523 528 1715
f 521 1711 1710
f 521 1712 1711
f 521 523 1712
f 524 521 1710
f 476 1710 1692
f 476 524 1710
f 206 1478 187
f 206 1553 1478
f 620 1765 573
f 620 1781 1765
f 25 35 118
f 1433 118 117
f 1433 25 118
f 1434 117 115
f 1434 1433 117
f 1435 115 116
f 1435 1434 115
f 1436 116 123
f 1436 1435 116
f 1439 123 122
f 1439 1436 123
f 1440 122 120
f 1440 1439 122
f 1441 120 121
f 1441 1440 120
f 1442 121 129
f 1442 1441 121
f 1445 1442 129
f 1445 129 128
f 1446 1445 128
f 1447 1446 128
f 1447 127 125
f 1447 128 127
f 1448 1447 125
f 1448 125 126
f 1449 1448 126
f 1449 126 151
f 1452 1449 151
f 1452 151 150
f 1453 1452 150
f 1454 1453 150
f 1454 147 149
f 1454 150 147
f 1455 1454 149
f 1458 1455 149
f 1458 156 153
f 1458 149 156
f 1459 153 155
f 1459 1458 153
f 1460 1459 155
f 1462 155 157
f 1462 1460 155
f 1465 157 158
f 1465 1462 157
f 1467 158 160
f 1467 1465 158
f 1468 160 161
f 1468 1467 160
f 1469 161 162
f 1469 1468 161
f 1470 163 165
f 1470 162 163
f 1470 1469 162
f 1472 1470 165
f 1473 165 166
f 1473 1472 165
f 1474 166 168
f 1474 1473 166
f 1476 169 184
f 1476 168 169
f 1476 1474 168
f 1477 1476 184
f 1478 184 187
f 1478 1477 184
f 1553 206 235
f 1579 235 237
f 1579 1553 235
f 1582 237 242
f 1582 1579 237
f 1585 242 244
f 1585 1582 242
f 1589 244 247
f 1589 1585 244
f 1592 247 250
f 1592 1589 247
f 1597 250 252
f 1597 1592 250
f 1598 252 255
f 1598 1597 252
f 1601 255 256
f 1601 1598 255
f 1603 1601 256
f 1603 256 259
f 1606 1603 259
f 1609 1606 259
f 1609 262 264
f 1609 259 262
f 1611 1609 264
f 1611 264 268
f 1613 1611 268
f 1613 268 271
f 1617 1613 271
f 1617 271 273
f 1619 1617 273
f 1621 1619 273
f 1621 274 272
f 1621 273 274
f 1620 1621 272
f 1618 1620 272
f 1618 270 266
f 1618 272 270
f 1615 266 265
f 1615 1618 266
f 1612 1615 265
f 1610 265 263
f 1610 1612 265
f 1608 263 261
f 1608 1610 263
f 1604 261 257
f 1604 1608 261
f 1602 257 254
f 1602 1604 257
f 1600 254 251
f 1600 1602 254
f 1595 248 246
f 1595 251 248
f 1595 1600 251
f 1593 1595 246
f 1591 246 245
f 1591 1593 246
f 1586 245 240
f 1586 1591 245
f 1584 239 236
f 1584 240 239
f 1584 1586 240
f 1580 1584 236
f 1569 236 222
f 1569 1580 236
f 611 1797 1816
f 636 1816 1818
f 636 611 1816
f 638 1818 1821
f 638 636 1818
f 640 1821 1823
f 640 638 1821
f 643 1823 1826
f 643 640 1823
f 646 1826 1829
f 646 643 1826
f 648 1829 1831
f 648 646 1829
f 651 1831 1833
f 651 648 1831
f 653 1833 1836
f 653 651 1833
f 656 653 1836
f 656 1836 1839
f 658 656 1839
f 658 1839 1841
f 661 658 1841
f 661 1841 1842
f 664 661 1842
f 664 1842 1845
f 665 664 1845
f 665 1845 1848
f 668 665 1848
f 670 668 1848
f 670 1850 1851
f 670 1848 1850
f 672 670 1851
f 671 672 1851
f 671 1849 1847
f 671 1851 1849
f 669 671 1847
f 669 1847 1844
f 667 1844 1843
f 667 669 1844
f 663 667 1843
f 662 1840 1837
f 662 1843 1840
f 662 663 1843
f 660 662 1837
f 657 1835 1832
f 657 1837 1835
f 657 660 1837
f 655 1832 1830
f 655 657 1832
f 652 655 1830
f 649 1827 1825
f 649 1830 1827
f 649 652 1830
f 647 649 1825
f 645 1825 1822
f 645 647 1825
f 641 1822 1819
f 641 645 1822
f 639 1817 1815
f 639 1819 1817
f 639 641 1819
f 637 639 1815
f 620 1815 1781
f 620 637 1815
f 3356 3354 1337
f 3355 1337 3354
f 3358 3356 1337
f 3357 1337 3355
f 3360 3358 1337
f 3359 1337 3357
f 3362 3360 1337
f 3361 1337 3359
f 837 1337 3361
f 3363 837 3361
f 3364 3362 1337
f 3365 837 3363
f 3366 3364 1337
f 3367 3366 1337
f 846 837 3365
f 1797 3368 3367
f 1797 3367 1337
f 1797 3369 3368
f 1797 3370 3369
f 1797 3371 3370
f 1797 3372 3371
f 1797 3373 3372
f 1797 3374 3373
f 3375 3374 1797
f 3376 3375 1797
f 3377 3376 1797
f 3378 3377 1797
f 3379 3378 1797
f 611 3380 3379
f 611 3381 3380
f 611 3382 3381
f 611 590 3382
f 611 3379 1797
f 1337 837 836
f 1336 836 835
f 1336 1337 836
f 1335 835 834
f 1335 1336 835
f 1334 834 832
f 1334 1335 834
f 1320 832 831
f 1320 1334 832
f 1319 831 830
f 1319 1320 831
f 1318 830 829
f 1318 1319 830
f 1317 829 827
f 1317 1318 829
f 1316 827 826
f 1316 1317 827
f 1315 1316 826
f 1315 826 825
f 1314 1315 825
f 1313 1314 825
f 1313 824 821
f 1313 825 824
f 1312 1313 821
f 1312 821 817
f 1311 1312 817
f 1311 817 815
f 1310 1311 815
f 1310 815 812
f 1309 1310 812
f 1308 1309 812
f 1308 810 806
f 1308 812 810
f 1307 1308 806
f 1306 1307 806
f 1306 804 801
f 1306 806 804
f 1305 801 798
f 1305 1306 801
f 1304 1305 798
f 1303 798 797
f 1303 1304 798
f 1299 797 794
f 1299 1303 797
f 1300 794 793
f 1300 1299 794
f 1301 793 792
f 1301 1300 793
f 1302 792 791
f 1302 1301 792
f 1296 788 787
f 1296 791 788
f 1296 1302 791
f 1297 1296 787
f 1298 787 786
f 1298 1297 787
f 1293 786 783
f 1293 1298 786
f 1294 782 780
f 1294 783 782
f 1294 1293 783
f 1295 1294 780
f 1284 780 749
f 1284 1295 780
f 3419 863 846
f 3419 846 3365
f 3383 3419 3365
f 3384 3383 3365
f 3384 3365 3363
f 3385 3384 3363
f 3433 3385 3363
f 3433 3363 3361
f 3386 3433 3361
f 3387 3386 3361
f 3387 3361 3359
f 3388 3387 3359
f 3454 3388 3359
f 3454 3359 3357
f 3458 3454 3357
f 3463 3357 3355
f 3463 3458 3357
f 3471 3463 3355
f 3478 3355 3354
f 3478 3471 3355
f 3482 3478 3354
f 3487 3354 3356
f 3487 3482 3354
f 3389 3487 3356
f 3390 3356 3358
f 3390 3389 3356
f 3504 3390 3358
f 3509 3504 3358
f 3509 3358 3360
f 3516 3509 3360
f 3522 3516 3360
f 3522 3360 3362
f 3391 3522 3362
f 3392 3391 3362
f 3393 3392 3362
f 3546 3393 3362
f 3546 3362 3364
f 3550 3546 3364
f 3550 3364 3366
f 3394 3550 3366
f 3395 3394 3366
f 3395 3366 3367
f 3565 3395 3367
f 3574 3565 3367
f 3574 3367 3368
f 3396 3574 3368
f 3396 3368 3369
f 3397 3396 3369
f 3398 3397 3369
f 3398 3369 3370
f 3399 3398 3370
f 3400 3399 3370
f 3400 3370 3371
f 3401 3400 3371
f 3605 3371 3372
f 3605 3401 3371
f 3402 3605 3372
f 3403 3372 3373
f 3403 3402 3372
f 3618 3403 3373
f 3404 3373 3374
f 3404 3618 3373
f 3405 3404 3374
f 3406 3374 3375
f 3406 3405 3374
f 3407 3406 3375
f 3408 3375 3376
f 3408 3407 3375
f 3409 3408 3376
f 3410 3376 3377
f 3410 3409 3376
f 3411 3410 3377
f 3651 3377 3378
f 3651 3411 3377
f 3412 3651 3378
f 3662 3378 3379
f 3662 3412 3378
f 3665 3662 3379
f 3413 3379 3380
f 3413 3665 3379
f 3414 3413 3380
f 3415 3380 3381
f 3415 3414 3380
f 3416 3415 3381
f 3417 3381 3382
f 3417 3416 3381
f 3418 3382 590
f 3418 3417 3382
f 608 3418 590
f 3419 862 863
f 3420 862 3419
f 3423 862 3420
f 3423 872 862
f 3422 872 3423
f 3421 3419 3383
f 3421 3420 3419
f 3423 3420 3421
f 3425 872 3422
f 3425 873 872
f 3427 873 3425
f 3429 3422 3423
f 3384 3421 3383
f 3424 3421 3384
f 874 873 3427
f 3425 3422 3429
f 3424 3423 3421
f 3426 3423 3424
f 3429 3423 3426
f 3385 3424 3384
f 3430 874 3427
f 3437 3425 3429
f 3431 3424 3385
f 3430 3428 874
f 3431 3426 3424
f 3432 3428 3430
f 3437 3427 3425
f 3434 3426 3431
f 3439 3427 3437
f 3434 3429 3426
f 3439 3430 3427
f 3435 3385 3433
f 3434 3437 3429
f 3436 3430 3439
f 3435 3431 3385
f 3440 3430 3436
f 3440 3432 3430
f 3438 3431 3435
f 3438 3434 3431
f 3441 3433 3386
f 3441 3435 3433
f 3446 3437 3434
f 3446 3434 3438
f 3442 3440 3436
f 3441 3438 3435
f 3446 3439 3437
f 3443 3438 3441
f 3447 3439 3446
f 3444 3386 3387
f 3444 3441 3386
f 3447 3436 3439
f 3446 3438 3443
f 3445 3441 3444
f 3451 3436 3447
f 3451 3442 3436
f 3445 3443 3441
f 3450 3447 3446
f 3388 3444 3387
f 3449 3443 3445
f 3448 3444 3388
f 3450 3446 3443
f 3450 3443 3449
f 3448 3445 3444
f 3452 3445 3448
f 3452 3449 3445
f 3455 3388 3454
f 3455 3448 3388
f 3460 3447 3450
f 3456 3449 3452
f 3456 3450 3449
f 3468 3451 3447
f 3468 3447 3460
f 3457 3452 3448
f 3457 3448 3455
f 3459 3453 3451
f 3459 3451 3468
f 3460 3450 3456
f 3466 3452 3457
f 3461 3454 3458
f 3461 3455 3454
f 3466 3456 3452
f 3469 3456 3466
f 3462 3455 3461
f 3462 3457 3455
f 3465 3459 3468
f 3464 3456 3469
f 3464 3460 3456
f 3467 3458 3463
f 3466 3457 3462
f 3467 3461 3458
f 3468 3460 3464
f 3470 3461 3467
f 3470 3462 3461
f 3472 3465 3468
f 3471 3467 3463
f 3474 3462 3470
f 3476 3464 3469
f 3474 3466 3462
f 3473 3467 3471
f 3476 3468 3464
f 3480 3468 3476
f 3475 3466 3474
f 3475 3469 3466
f 3473 3470 3467
f 3480 3472 3468
f 3477 3472 3480
f 3476 3469 3475
f 3484 3470 3473
f 3484 3474 3470
f 3479 3473 3471
f 3479 3471 3478
f 3484 3475 3474
f 3486 3475 3484
f 3481 3473 3479
f 3483 3477 3480
f 3489 3476 3475
f 3489 3475 3486
f 3481 3484 3473
f 3485 3479 3478
f 3485 3478 3482
f 3489 3480 3476
f 3485 3481 3479
f 3490 3483 3480
f 3494 3481 3485
f 3488 3483 3490
f 3494 3484 3481
f 3492 3484 3494
f 3487 3485 3482
f 3490 3480 3489
f 3491 3485 3487
f 3492 3486 3484
f 3493 3486 3492
f 3494 3485 3491
f 3495 3488 3490
f 3493 3489 3486
f 3503 3489 3493
f 3497 3492 3494
f 3496 3487 3389
f 3503 3490 3489
f 3496 3491 3487
f 3498 3491 3496
f 3502 3493 3492
f 3502 3492 3497
f 3498 3494 3491
f 3499 3495 3490
f 3500 3494 3498
f 3390 3496 3389
f 3503 3493 3502
f 3500 3497 3494
f 3501 3496 3390
f 3501 3498 3496
f 3507 3490 3503
f 3508 3498 3501
f 3502 3497 3500
f 3507 3499 3490
f 3508 3500 3498
f 3511 3500 3508
f 3505 3390 3504
f 3505 3501 3390
f 3506 3500 3511
f 3505 3508 3501
f 3506 3502 3500
f 3517 3503 3502
f 3517 3502 3506
f 3513 3505 3504
f 3513 3504 3509
f 3512 3503 3517
f 3512 3507 3503
f 3514 3506 3511
f 3515 3505 3513
f 3515 3508 3505
f 3512 3510 3507
f 3517 3506 3514
f 3515 3511 3508
f 3518 3509 3516
f 3518 3513 3509
f 3520 3512 3517
f 3514 3511 3515
f 3518 3515 3513
f 3519 3515 3518
f 3520 3517 3514
f 3523 3516 3522
f 3523 3518 3516
f 3524 3515 3519
f 3524 3514 3515
f 3533 3512 3520
f 3525 3518 3523
f 3525 3519 3518
f 3526 3512 3533
f 3526 3521 3512
f 3524 3520 3514
f 3530 3520 3524
f 3527 3519 3525
f 3391 3523 3522
f 3533 3520 3530
f 3527 3524 3519
f 3528 3523 3391
f 3528 3525 3523
f 3534 3524 3527
f 3529 3526 3533
f 3534 3530 3524
f 3531 3525 3528
f 3531 3527 3525
f 3532 3391 3392
f 3532 3528 3391
f 3534 3527 3531
f 3535 3528 3532
f 3536 3529 3533
f 3540 3530 3534
f 3535 3531 3528
f 3393 3532 3392
f 3537 3531 3535
f 3538 3532 3393
f 3543 3530 3540
f 3543 3533 3530
f 3537 3534 3531
f 3539 3533 3543
f 3538 3535 3532
f 3540 3534 3537
f 3541 3535 3538
f 3539 3536 3533
f 3541 3537 3535
f 3542 3393 3546
f 3542 3538 3393
f 3544 3537 3541
f 3545 3538 3542
f 3545 3541 3538
f 3544 3540 3537
f 3547 3541 3545
f 3552 3540 3544
f 3548 3542 3546
f 3552 3543 3540
f 3552 3539 3543
f 3556 3541 3547
f 3556 3544 3541
f 3549 3545 3542
f 3549 3542 3548
f 3555 3539 3552
f 3551 3539 3555
f 3552 3544 3556
f 3553 3547 3545
f 3553 3545 3549
f 3550 3548 3546
f 3554 3548 3550
f 3556 3547 3553
f 3554 3549 3548
f 3561 3552 3556
f 3557 3553 3549
f 3557 3549 3554
f 3564 3552 3561
f 3558 3550 3394
f 3558 3554 3550
f 3559 3556 3553
f 3559 3553 3557
f 3564 3555 3552
f 3560 3554 3558
f 3559 3561 3556
f 3560 3557 3554
f 3562 3557 3560
f 3395 3558 3394
f 3563 3558 3395
f 3562 3559 3557
f 3563 3560 3558
f 3568 3559 3562
f 3566 3560 3563
f 3568 3561 3559
f 3576 3551 3555
f 3571 3561 3568
f 3566 3562 3560
f 3567 3395 3565
f 3571 3564 3561
f 3567 3563 3395
f 3572 3562 3566
f 3571 3555 3564
f 3576 3555 3571
f 3567 3566 3563
f 3572 3568 3562
f 3569 3566 3567
f 3570 3565 3574
f 3570 3567 3565
f 3569 3572 3566
f 3573 3567 3570
f 3575 3568 3572
f 3573 3569 3567
f 3577 3570 3574
f 3575 3571 3568
f 3581 3569 3573
f 3582 3571 3575
f 3578 3572 3569
f 3578 3569 3581
f 3579 3573 3570
f 3579 3570 3577
f 3582 3576 3571
f 3584 3575 3572
f 3584 3572 3578
f 3595 3576 3582
f 3579 3581 3573
f 3396 3577 3574
f 3580 3577 3396
f 3584 3582 3575
f 3580 3579 3577
f 3583 3579 3580
f 3583 3581 3579
f 3397 3580 3396
f 3585 3581 3583
f 3586 3580 3397
f 3585 3578 3581
f 3586 3583 3580
f 3587 3583 3586
f 3590 3578 3585
f 3590 3584 3578
f 3591 3584 3590
f 3587 3585 3583
f 3588 3397 3398
f 3588 3586 3397
f 3594 3585 3587
f 3603 3584 3591
f 3603 3582 3584
f 3589 3586 3588
f 3589 3587 3586
f 3594 3590 3585
f 3595 3582 3603
f 3592 3398 3399
f 3597 3587 3589
f 3592 3588 3398
f 3594 3587 3597
f 3593 3588 3592
f 3593 3589 3588
f 3599 3590 3594
f 3400 3592 3399
f 3596 3590 3599
f 3596 3591 3590
f 3597 3589 3593
f 3596 3603 3591
f 3598 3592 3400
f 3601 3594 3597
f 3598 3593 3592
f 3601 3599 3594
f 3600 3593 3598
f 3600 3597 3593
f 3602 3400 3401
f 3602 3598 3400
f 3601 3597 3600
f 3604 3598 3602
f 3604 3600 3598
f 3611 3595 3603
f 3606 3599 3601
f 3606 3596 3599
f 3610 3401 3605
f 3610 3602 3401
f 3606 3603 3596
f 3607 3600 3604
f 3607 3601 3600
f 3608 3602 3610
f 3611 3603 3606
f 3608 3604 3602
f 3613 3601 3607
f 3613 3606 3601
f 3609 3604 3608
f 3402 3610 3605
f 3609 3607 3604
f 3612 3608 3610
f 3616 3607 3609
f 3616 3613 3607
f 3614 3609 3608
f 3614 3608 3612
f 3619 3606 3613
f 3615 3610 3402
f 3615 3402 3403
f 3615 3612 3610
f 3611 3606 3619
f 3614 3616 3609
f 3617 3612 3615
f 3617 3614 3612
f 3619 3613 3616
f 3621 3403 3618
f 3621 3615 3403
f 3620 3614 3617
f 3628 3611 3619
f 3622 3617 3615
f 3622 3615 3621
f 3620 3616 3614
f 3626 3611 3628
f 3623 3616 3620
f 3624 3618 3404
f 3623 3619 3616
f 3624 3621 3618
f 3622 3620 3617
f 3628 3619 3623
f 3629 3620 3622
f 3625 3621 3624
f 3625 3622 3621
f 3623 3620 3629
f 3405 3624 3404
f 3630 3622 3625
f 3629 3622 3630
f 3627 3625 3624
f 3627 3624 3405
f 3632 3623 3629
f 3627 3630 3625
f 3632 3628 3623
f 3631 3405 3406
f 3638 3628 3632
f 3631 3627 3405
f 3632 3629 3630
f 3633 3627 3631
f 3634 3406 3407
f 3633 3630 3627
f 3634 3631 3406
f 3639 3630 3633
f 3635 3631 3634
f 3626 3628 3638
f 3639 3632 3630
f 3635 3633 3631
f 3641 3632 3639
f 3636 3633 3635
f 3408 3634 3407
f 3637 3634 3408
f 3638 3632 3641
f 3639 3633 3636
f 3637 3635 3634
f 3640 3635 3637
f 3643 3641 3639
f 3640 3636 3635
f 3644 3636 3640
f 3409 3637 3408
f 3642 3637 3409
f 3645 3638 3641
f 3643 3636 3644
f 3643 3639 3636
f 3645 3626 3638
f 3642 3640 3637
f 3649 3641 3643
f 3644 3640 3642
f 3645 3641 3649
f 3646 3642 3409
f 3646 3409 3410
f 3648 3643 3644
f 3647 3642 3646
f 3648 3649 3643
f 3647 3644 3642
f 3653 3644 3647
f 3657 3645 3649
f 3650 3646 3410
f 3650 3410 3411
f 3653 3648 3644
f 3654 3647 3646
f 3654 3646 3650
f 3655 3648 3653
f 3655 3649 3648
f 3660 3626 3645
f 3657 3649 3655
f 3652 3411 3651
f 3653 3647 3654
f 3652 3650 3411
f 3660 3645 3657
f 3654 3650 3652
f 3656 3651 3412
f 3656 3652 3651
f 3658 3653 3654
f 3661 3653 3658
f 3659 3652 3656
f 3661 3655 3653
f 3659 3654 3652
f 3666 3655 3661
f 3662 3656 3412
f 3658 3654 3659
f 3666 3657 3655
f 3663 3656 3662
f 3679 3657 3666
f 3663 3659 3656
f 3679 3660 3657
f 3664 3659 3663
f 3671 3661 3658
f 3671 3666 3661
f 3664 3658 3659
f 3667 3658 3664
f 3668 3662 3665
f 3668 3663 3662
f 3668 3664 3663
f 3667 3671 3658
f 3669 3660 3679
f 3670 3664 3668
f 3677 3666 3671
f 3672 3664 3670
f 3672 3667 3664
f 3673 3665 3413
f 3677 3679 3666
f 3673 3668 3665
f 3672 3671 3667
f 3674 3668 3673
f 3674 3670 3668
f 3675 3671 3672
f 3675 3677 3671
f 3414 3673 3413
f 3676 3670 3674
f 3676 3672 3670
f 3678 3673 3414
f 3678 3674 3673
f 3676 3675 3672
f 3686 3669 3679
f 3680 3674 3678
f 3684 3675 3676
f 3681 3414 3415
f 3680 3676 3674
f 3677 3675 3684
f 3681 3678 3414
f 3682 3676 3680
f 3686 3679 3677
f 3683 3678 3681
f 3683 3680 3678
f 3682 3684 3676
f 3697 3669 3686
f 3685 3415 3416
f 3685 3681 3415
f 3690 3680 3683
f 3689 3686 3677
f 3689 3677 3684
f 3690 3682 3680
f 3687 3681 3685
f 3687 3683 3681
f 3691 3682 3690
f 3691 3684 3682
f 3417 3685 3416
f 3689 3684 3691
f 3690 3683 3687
f 3688 3685 3417
f 3688 3687 3685
f 3692 3687 3688
f 3699 3686 3689
f 3697 3686 3699
f 3692 3690 3687
f 3693 3418 608
f 3693 3417 3418
f 3695 3689 3691
f 3694 3690 3692
f 3693 3688 3417
f 3693 608 609
f 3694 3691 3690
f 3696 3693 609
f 3696 3688 3693
f 3696 3692 3688
f 3695 3691 3694
f 3696 609 610
f 3698 3692 3696
f 3698 3694 3692
f 3698 3696 610
f 3701 3689 3695
f 3699 3689 3701
f 3698 610 607
f 3700 3695 3694
f 3700 3694 3698
f 3700 3698 607
f 3700 3701 3695
f 3701 3700 607
f 3701 607 606
f 3699 3701 606
f 3697 3699 606
f 3702 3499 3507
f 3702 3507 3510
f 3703 3495 3499
f 3703 3499 3702
f 3704 3510 3512
f 3704 3702 3510
f 3703 3488 3495
f 3704 3512 3521
f 3705 3483 3488
f 3705 3488 3703
f 3706 3521 3526
f 3706 3704 3521
f 3705 3477 3483
f 3706 3526 3529
f 3707 3472 3477
f 3707 3477 3705
f 3708 3529 3536
f 3708 3706 3529
f 3707 3465 3472
f 3708 3536 3539
f 3709 3459 3465
f 3709 3465 3707
f 3708 3539 3551
f 3709 3453 3459
f 3711 3708 3551
f 3710 3451 3453
f 3710 3453 3709
f 3710 3442 3451
f 3710 3440 3442
f 3712 3711 3551
f 3712 3551 3576
f 3713 3432 3440
f 3713 3440 3710
f 3713 3428 3432
f 3714 3712 3576
f 875 874 3428
f 875 3428 3713
f 3714 3576 3595
f 3715 3714 3595
f 3716 3715 3595
f 3717 3716 3595
f 3717 3595 3611
f 3718 3717 3611
f 3719 3611 3626
f 3719 3718 3611
f 3720 3719 3626
f 3721 3720 3626
f 3722 3721 3626
f 3660 3722 3626
f 3723 3722 3660
f 3660 3724 3723
f 3669 3724 3660
f 3669 3725 3724
f 3697 3725 3669
f 3697 3726 3725
f 3697 3727 3726
f 3697 589 3727
f 606 589 3697
f 875 3713 3728
f 3728 3713 3729
f 3713 3710 3729
f 3729 3710 3730
f 3710 3709 3730
f 3730 3709 3731
f 3709 3707 3731
f 3731 3707 3732
f 3707 3705 3732
f 3732 3705 3733
f 3705 3703 3733
f 3733 3703 3734
f 3703 3702 3734
f 3734 3702 3735
f 3702 3704 3735
f 3735 3704 3736
f 3704 3706 3736
f 3736 3706 3737
f 3706 3708 3737
f 3737 3708 3738
f 3708 3711 3738
f 3738 3711 3739
f 3739 3711 3740
f 3711 3712 3740
f 3740 3712 3741
f 3712 3714 3741
f 3741 3714 3742
f 3714 3715 3742
f 3742 3715 3743
f 3715 3716 3743
f 3743 3716 3744
f 3716 3717 3744
f 3744 3717 3745
f 3717 3718 3745
f 3745 3718 3746
f 3746 3719 3747
f 3718 3719 3746
f 3719 3720 3747
f 3747 3720 3748
f 3720 3721 3748
f 3748 3721 3749
f 3721 3722 3749
f 3749 3722 3750
f 3722 3723 3750
f 3750 3723 3751
f 3723 3724 3751
f 3751 3724 3752
f 3724 3725 3752
f 3752 3725 3753
f 3725 3726 3753
f 3753 3726 3754
f 3726 3727 3754
f 3754 3727 588
f 3727 589 588
f 3749 2112 2110
f 3749 2110 2108
f 3750 2112 3749
f 3750 2114 2112
f 3749 2108 2106
f 3750 2116 2114
f 3748 3749 2106
f 3748 2106 2104
f 3751 2136 2116
f 3751 2116 3750
f 3748 2104 2102
f 3751 2149 2136
f 3748 2102 2100
f 3752 2158 2149
f 3752 2149 3751
f 3747 2100 2098
f 3747 3748 2100
f 3752 2161 2158
f 3747 2098 2096
f 3746 2096 2094
f 3746 3747 2096
f 3753 2161 3752
f 3746 2094 2093
f 3753 2166 2161
f 3745 3746 2093
f 3745 2093 2091
f 3745 2091 2088
f 3754 2166 3753
f 3754 2172 2166
f 3744 3745 2088
f 3744 2088 2081
f 3744 2081 2076
f 588 2172 3754
f 3743 3744 2076
f 3743 2076 2072
f 588 560 2172
f 3742 3743 2072
f 3742 2072 2063
f 3742 2063 2058
f 3741 3742 2058
f 3741 2058 2053
f 3741 2053 2049
f 3740 3741 2049
f 3740 2049 2045
f 3740 2045 2038
f 3739 3740 2038
f 3739 2038 2030
f 3739 2030 2028
f 3738 3739 2028
f 3738 2028 2026
f 3738 2026 2024
f 3737 2024 2022
f 3737 3738 2024
f 3737 2022 2020
f 3736 2020 2018
f 3736 3737 2020
f 3736 2018 2016
f 3735 3736 2016
f 2014 3735 2016
f 2012 3735 2014
f 3734 3735 2012
f 2010 3734 2012
f 2008 3734 2010
f 3733 3734 2008
f 2007 3733 2008
f 2000 3733 2007
f 3732 3733 2000
f 1990 3732 2000
f 1969 3731 3732
f 1969 3732 1990
f 1966 3730 3731
f 1966 3731 1969
f 1962 3729 3730
f 1962 3730 1966
f 1954 3729 1962
f 1954 3728 3729
f 864 3728 1954
f 1952 1936 1955
f 1955 1936 1958
f 1958 1936 1960
f 1960 1936 1937
f 458 438 1950
f 1950 438 1952
f 1952 438 1936
f 438 457 1936
f 1936 457 1917
f 2011 2013 4026
f 2015 4026 2013
f 2009 4026 4057
f 2009 2011 4026
f 2017 4012 4026
f 2017 4026 2015
f 1989 2009 4057
f 2019 4012 2017
f 1981 1989 4057
f 2021 4012 2019
f 1972 1981 4057
f 2023 4012 2021
f 1968 1972 4057
f 2025 3993 4012
f 2025 4012 2023
f 1967 1968 4057
f 1967 4057 4082
f 2027 3993 2025
f 1965 1967 4082
f 2029 3993 2027
f 1964 1965 4082
f 2031 3993 2029
f 1961 1964 4082
f 2033 3993 2031
f 1959 1961 4082
f 2037 3993 2033
f 1956 1959 4082
f 1956 4082 4098
f 2043 3993 2037
f 2043 3755 3993
f 1953 1956 4098
f 2047 3755 2043
f 1951 1953 4098
f 2051 3756 3755
f 2051 3755 2047
f 280 1951 4098
f 280 4098 279
f 2056 3940 3756
f 2056 3756 2051
f 2061 3940 2056
f 2066 3940 2061
f 2070 3940 2066
f 2075 3940 2070
f 2079 3940 2075
f 2084 3940 2079
f 2087 3888 3940
f 2087 3940 2084
f 2095 3888 2087
f 2097 3888 2095
f 2099 3888 2097
f 2101 3888 2099
f 2103 3888 2101
f 2105 3888 2103
f 2107 3843 3888
f 2107 3888 2105
f 2109 3843 2107
f 2111 3843 2109
f 2113 3843 2111
f 2115 3843 2113
f 2117 3843 2115
f 2119 3843 2117
f 2130 3843 2119
f 2147 3843 2130
f 3828 3843 2147
f 2157 3828 2147
f 3757 3828 2157
f 2160 3757 2157
f 3758 2160 2162
f 3758 3757 2160
f 3759 2162 2163
f 3759 3758 2162
f 3798 2163 2165
f 3798 3759 2163
f 3791 2165 2168
f 3791 3798 2165
f 3760 2168 2171
f 3760 3791 2168
f 3779 2171 2174
f 3779 3760 2171
f 3772 2174 80
f 3772 3779 2174
f 76 3772 80
f 3763 79 3761
f 3763 78 79
f 3764 78 3763
f 3764 77 78
f 3766 77 3764
f 3765 3763 3761
f 3767 3763 3765
f 3767 3764 3763
f 3774 3770 77
f 3774 77 3766
f 3769 3765 3768
f 3771 3766 3764
f 3771 3764 3767
f 3769 3767 3765
f 3773 3767 3769
f 3772 76 3770
f 3774 3766 3771
f 3775 3767 3773
f 3776 3769 3768
f 3780 3770 3774
f 3775 3771 3767
f 3782 3770 3780
f 3783 3771 3775
f 3776 3773 3769
f 3782 3772 3770
f 3783 3774 3771
f 3779 3772 3782
f 3777 3773 3776
f 3777 3775 3773
f 3780 3774 3783
f 3778 3776 3768
f 3787 3775 3777
f 3781 3776 3778
f 3783 3775 3787
f 3784 3776 3781
f 3784 3777 3776
f 3760 3779 3782
f 3785 3780 3783
f 3787 3777 3784
f 3785 3782 3780
f 3788 3778 3786
f 3788 3781 3778
f 3789 3783 3787
f 3788 3784 3781
f 3791 3782 3785
f 3791 3760 3782
f 3789 3785 3783
f 3796 3785 3789
f 3792 3787 3784
f 3792 3784 3788
f 3793 3786 3790
f 3793 3788 3786
f 3800 3787 3792
f 3800 3789 3787
f 3795 3788 3793
f 3798 3791 3785
f 3794 3793 3790
f 3796 3789 3800
f 3797 3788 3795
f 3797 3792 3788
f 3802 3785 3796
f 3799 3793 3794
f 3802 3798 3785
f 3799 3795 3793
f 3800 3792 3797
f 3759 3798 3802
f 3801 3795 3799
f 3802 3796 3800
f 3801 3797 3795
f 3804 3799 3794
f 3804 3794 3803
f 3805 3800 3797
f 3805 3797 3801
f 3806 3759 3802
f 3804 3801 3799
f 3807 3801 3804
f 3812 3800 3805
f 3812 3802 3800
f 3806 3758 3759
f 3809 3801 3807
f 3811 3804 3803
f 3811 3803 3808
f 3810 3802 3812
f 3809 3805 3801
f 3810 3806 3802
f 3810 3758 3806
f 3813 3804 3811
f 3813 3807 3804
f 3812 3805 3809
f 3757 3758 3810
f 3816 3807 3813
f 3816 3809 3807
f 3817 3808 3814
f 3817 3811 3808
f 3815 3810 3812
f 3818 3809 3816
f 3815 3757 3810
f 3817 3813 3811
f 3818 3812 3809
f 3824 3812 3818
f 3822 3813 3817
f 3815 3828 3757
f 3821 3814 3819
f 3820 3812 3824
f 3822 3816 3813
f 3820 3815 3812
f 3821 3817 3814
f 3827 3816 3822
f 3827 3818 3816
f 3834 3828 3815
f 3834 3815 3820
f 3823 3817 3821
f 3824 3818 3827
f 3825 3821 3819
f 3823 3822 3817
f 3833 3820 3824
f 3827 3822 3823
f 3826 3821 3825
f 3835 3820 3833
f 3829 3823 3821
f 3829 3821 3826
f 3835 3834 3820
f 3837 3824 3827
f 3832 3823 3829
f 3843 3828 3834
f 3833 3824 3837
f 3830 3825 3831
f 3832 3827 3823
f 3830 3826 3825
f 3830 3829 3826
f 3836 3827 3832
f 3836 3837 3827
f 3838 3829 3830
f 3838 3832 3829
f 3839 3830 3831
f 3841 3832 3838
f 3848 3833 3837
f 3848 3835 3833
f 3845 3830 3839
f 3841 3836 3832
f 3840 3830 3845
f 3840 3838 3830
f 3845 3839 3842
f 3848 3834 3835
f 3849 3836 3841
f 3843 3834 3848
f 3849 3837 3836
f 3846 3838 3840
f 3846 3841 3838
f 3847 3837 3849
f 3847 3848 3837
f 3852 3840 3845
f 3850 3845 3842
f 3852 3845 3850
f 3853 3840 3852
f 3853 3846 3840
f 3844 3850 3842
f 3859 3841 3846
f 3859 3846 3853
f 3862 3848 3847
f 3859 3849 3841
f 3871 3843 3848
f 3871 3848 3862
f 3861 3850 3844
f 3856 3849 3859
f 3858 3853 3852
f 3855 3852 3850
f 3855 3850 3861
f 3856 3847 3849
f 3857 3853 3858
f 3861 3844 3851
f 3862 3847 3856
f 3858 3852 3855
f 3857 3859 3853
f 3854 3861 3851
f 3863 3855 3861
f 3864 3857 3858
f 3878 3843 3871
f 3869 3855 3863
f 3869 3858 3855
f 3864 3859 3857
f 3864 3858 3869
f 3860 3861 3854
f 3865 3859 3864
f 3870 3862 3856
f 3868 3861 3860
f 3868 3863 3861
f 3865 3856 3859
f 3871 3862 3870
f 3866 3869 3863
f 3876 3864 3869
f 3872 3856 3865
f 3866 3863 3868
f 3872 3870 3856
f 3876 3865 3864
f 3878 3888 3843
f 3874 3860 3867
f 3877 3869 3866
f 3873 3866 3868
f 3868 3860 3874
f 3877 3876 3869
f 3872 3865 3876
f 3878 3871 3870
f 3877 3866 3873
f 3875 3868 3874
f 3872 3878 3870
f 3880 3872 3876
f 3875 3873 3868
f 3882 3873 3875
f 3883 3876 3877
f 3883 3880 3876
f 3881 3874 3884
f 3879 3872 3880
f 3882 3877 3873
f 3887 3882 3875
f 3881 3875 3874
f 3883 3877 3882
f 3887 3875 3881
f 3890 3880 3883
f 3888 3878 3895
f 3889 3882 3887
f 3895 3878 3872
f 3891 3890 3883
f 3879 3880 3890
f 3886 3881 3884
f 3889 3883 3882
f 3895 3872 3879
f 3886 3884 3885
f 3891 3883 3889
f 3886 3887 3881
f 3892 3887 3886
f 3892 3889 3887
f 3893 3886 3885
f 3894 3879 3890
f 3899 3889 3892
f 3894 3895 3879
f 3896 3886 3893
f 3907 3895 3894
f 3897 3891 3889
f 3897 3889 3899
f 3896 3892 3886
f 3898 3892 3896
f 3897 3890 3891
f 3894 3890 3897
f 3901 3893 3885
f 3899 3892 3898
f 3900 3893 3901
f 3900 3896 3893
f 3908 3895 3907
f 3900 3898 3896
f 3908 3888 3895
f 3903 3898 3900
f 3909 3894 3897
f 3903 3899 3898
f 3904 3901 3902
f 3904 3900 3901
f 3913 3894 3909
f 3913 3907 3894
f 3910 3899 3903
f 3910 3897 3899
f 3906 3900 3904
f 3909 3897 3910
f 3906 3903 3900
f 3911 3903 3906
f 3905 3904 3902
f 3908 3940 3888
f 3912 3904 3905
f 3910 3903 3911
f 3912 3906 3904
f 3916 3907 3913
f 3916 3908 3907
f 3912 3911 3906
f 3919 3909 3910
f 3914 3911 3912
f 3921 3909 3919
f 3921 3913 3909
f 3915 3912 3905
f 3917 3912 3915
f 3914 3910 3911
f 3923 3910 3914
f 3923 3919 3910
f 3918 3912 3917
f 3918 3914 3912
f 3920 3915 43
f 3926 3914 3918
f 3927 3913 3921
f 3920 3917 3915
f 3923 3914 3926
f 3927 3916 3913
f 3942 3916 3927
f 3922 3918 3917
f 3922 3917 3920
f 3929 3919 3923
f 3940 3908 3916
f 3929 3921 3919
f 3922 3926 3918
f 3925 43 3924
f 3927 3921 3929
f 3925 3920 43
f 3926 3929 3923
f 3925 3922 3920
f 3940 3916 3942
f 3933 3924 3928
f 3933 3925 3924
f 3931 3926 3922
f 3936 3927 3929
f 3930 3925 3933
f 3942 3927 3936
f 3930 3922 3925
f 3934 3929 3926
f 3934 3926 3931
f 3933 3928 3932
f 3938 3922 3930
f 3938 3931 3922
f 3935 3930 3933
f 3936 3929 3934
f 3941 3931 3938
f 3938 3930 3935
f 3937 3931 3941
f 3937 3934 3931
f 3939 3933 3932
f 3756 3940 3942
f 3944 3934 3937
f 3944 3936 3934
f 3943 3935 3933
f 3943 3933 3939
f 3942 3936 3944
f 3943 3938 3935
f 3946 3938 3943
f 3947 3939 3945
f 3946 3941 3938
f 3947 3943 3939
f 3954 3941 3946
f 3948 3943 3947
f 3949 3756 3942
f 3949 3942 3944
f 3954 3937 3941
f 3950 3937 3954
f 3952 3946 3943
f 3952 3943 3948
f 3949 3755 3756
f 3950 3944 3937
f 3953 3947 3945
f 3951 3944 3950
f 3954 3946 3952
f 3953 3948 3947
f 3955 3944 3951
f 3955 3755 3949
f 3955 3949 3944
f 3956 3948 3953
f 3956 3952 3948
f 3958 3945 3957
f 3958 3953 3945
f 3964 3951 3950
f 3967 3952 3956
f 3960 3951 3964
f 3967 3954 3952
f 3960 3955 3951
f 3959 3954 3967
f 3961 3953 3958
f 3961 3956 3953
f 3959 3950 3954
f 3965 3956 3961
f 3955 3993 3755
f 3964 3950 3959
f 3962 3958 3957
f 3965 3967 3956
f 3963 3958 3962
f 3963 3961 3958
f 3966 3961 3963
f 3972 3955 3960
f 3966 3965 3961
f 3973 3964 3959
f 3971 3962 3968
f 3969 3965 3966
f 3971 3963 3962
f 3993 3955 3972
f 3970 3960 3964
f 3970 3964 3973
f 3969 3967 3965
f 3979 3967 3969
f 3979 3959 3967
f 3974 3966 3963
f 3974 3963 3971
f 3972 3960 3970
f 3973 3959 3979
f 3977 3966 3974
f 3975 3971 3968
f 3977 3969 3966
f 3978 3971 3975
f 3987 3973 3979
f 3976 3970 3973
f 3977 3979 3969
f 3976 3973 3987
f 3978 3974 3971
f 3980 3974 3978
f 3980 3977 3974
f 3989 3970 3976
f 3985 3975 3981
f 3972 3970 3989
f 3982 3977 3980
f 3985 3978 3975
f 3983 3978 3985
f 3982 3979 3977
f 3983 3980 3978
f 3984 3980 3983
f 3987 3979 3982
f 3996 3982 3980
f 3996 3980 3984
f 3991 3976 3987
f 3989 3976 3991
f 3990 3982 3996
f 3986 3985 3981
f 3992 3984 3983
f 3990 3987 3982
f 3988 3983 3985
f 3988 3985 3986
f 3993 3972 3989
f 3994 3987 3990
f 3994 3991 3987
f 3992 3983 3988
f 3996 3984 3992
f 3998 3989 3991
f 3998 3991 3994
f 3997 3992 3988
f 3997 3996 3992
f 3999 3996 3997
f 4004 3994 3990
f 4000 3988 3986
f 4000 3986 3995
f 3999 3990 3996
f 3998 3994 4004
f 4014 3989 3998
f 4000 3997 3988
f 4004 3990 3999
f 3993 3989 4014
f 4005 3995 4001
f 4002 3998 4004
f 4000 3995 4005
f 4006 3999 3997
f 4012 3993 4014
f 3997 4000 4009
f 4014 3998 4002
f 4007 3999 4006
f 4007 4004 3999
f 4003 4000 4005
f 4003 4009 4000
f 4009 4006 3997
f 4008 4005 4001
f 4017 4004 4007
f 4010 4006 4009
f 4007 4006 4018
f 4002 4004 4017
f 4008 4003 4005
f 4011 4003 4008
f 4010 4009 4013
f 4011 4009 4003
f 4013 4009 4011
f 4010 4018 4006
f 4024 4014 4002
f 4017 4007 4018
f 4026 4012 4014
f 4019 4013 4011
f 4024 4002 4017
f 4016 4008 4015
f 4016 4011 4008
f 4025 4014 4024
f 4019 4011 4016
f 4022 4018 4010
f 4022 4010 4013
f 4026 4014 4025
f 4020 4017 4018
f 4021 4013 4019
f 4024 4017 4020
f 4020 4018 4022
f 4016 4015 4023
f 4022 4013 4021
f 4029 4019 4016
f 4033 4020 4022
f 4028 4022 4021
f 4029 4021 4019
f 4028 4033 4022
f 4032 4020 4033
f 4030 4023 4027
f 4032 4024 4020
f 4028 4021 4029
f 4030 4016 4023
f 4032 4025 4024
f 4036 4029 4016
f 4036 4016 4030
f 4031 4029 4036
f 4040 4025 4032
f 4031 4028 4029
f 4034 4030 4027
f 4040 4026 4025
f 4035 4028 4031
f 4034 4036 4030
f 4038 4033 4028
f 4038 4028 4035
f 4037 4034 4027
f 4039 4031 4036
f 4038 4032 4033
f 4041 4034 4037
f 4046 4032 4038
f 4042 4031 4039
f 4042 4035 4031
f 4047 4032 4046
f 4041 4036 4034
f 4044 4035 4042
f 4047 4040 4032
f 4045 4036 4041
f 4045 4039 4036
f 4044 4038 4035
f 4043 4041 4037
f 4046 4038 4044
f 4045 4042 4039
f 4048 4041 4043
f 4057 4026 4040
f 4051 4044 4042
f 4048 4045 4041
f 4050 4045 4048
f 4057 4040 4047
f 4053 4046 4044
f 4053 4044 4051
f 4052 4043 4049
f 4058 4042 4045
f 4058 4045 4050
f 4052 4048 4043
f 4053 4047 4046
f 4059 4051 4042
f 4059 4042 4058
f 4062 4047 4053
f 4054 4048 4052
f 4054 4050 4048
f 4057 4047 4062
f 4067 4053 4051
f 4067 4051 4059
f 4054 4058 4050
f 4056 4049 4055
f 4056 4052 4049
f 4056 4054 4052
f 4060 4054 4056
f 4060 4058 4054
f 4061 4056 4055
f 4062 4053 4067
f 4063 4056 4061
f 4064 4059 4058
f 4064 4058 4060
f 4063 4060 4056
f 4065 4060 4063
f 4067 4059 4064
f 4068 4061 4066
f 4068 4063 4061
f 4064 4060 4065
f 4073 4062 4067
f 4069 4063 4068
f 4069 4065 4063
f 4070 4067 4064
f 4082 4057 4062
f 4072 4065 4069
f 4071 4068 4066
f 4073 4067 4070
f 4074 4068 4071
f 4072 4064 4065
f 4075 4064 4072
f 4074 4069 4068
f 4075 4070 4064
f 4082 4062 4073
f 4074 4072 4069
f 4077 4072 4074
f 4087 4073 4070
f 4078 4071 4076
f 4078 4074 4071
f 4077 4075 4072
f 4083 4075 4077
f 4080 4074 4078
f 4083 4070 4075
f 4080 4077 4074
f 4087 4070 4083
f 4081 4076 4079
f 4081 4078 4076
f 4088 4077 4080
f 4082 4073 4087
f 4084 4078 4081
f 4083 4077 4088
f 4084 4080 4078
f 4086 4079 4085
f 4088 4080 4084
f 4086 4081 4079
f 4096 4082 4087
f 4089 4081 4086
f 4089 4084 4081
f 4090 4083 4088
f 4093 4083 4090
f 4093 4087 4083
f 3762 4086 4085
f 4091 4084 4089
f 4091 4088 4084
f 4092 3762 278
f 4092 4086 3762
f 4096 4087 4093
f 4092 278 275
f 4091 4090 4088
f 4092 4089 4086
f 4098 4082 4096
f 4093 4090 4091
f 4094 4089 4092
f 4094 4092 275
f 4094 4091 4089
f 4094 275 277
f 4095 4094 277
f 4095 4091 4094
f 4097 4091 4095
f 4097 4095 277
f 4097 4093 4091
f 4097 277 276
f 276 4093 4097
f 276 4096 4093
f 279 4096 276
f 279 4098 4096
f 41 3932 3928
f 3924 41 3928
f 40 3924 43
f 40 41 3924
f 38 11 17
f 38 17 61
f 41 61 3932
f 41 38 61
f 79 44 59
f 3761 79 59
f 3765 59 58
f 3765 3761 59
f 3768 3765 58
f 3768 58 56
f 3778 3768 56
f 3786 56 55
f 3786 3778 56
f 3790 3786 55
f 3794 55 54
f 3794 3790 55
f 3803 3794 54
f 3808 3803 54
f 3808 54 53
f 3814 3808 53
f 3819 53 52
f 3819 3814 53
f 3825 3819 52
f 3831 52 51
f 3831 3825 52
f 3839 3831 51
f 3842 3839 51
f 3844 51 50
f 3844 3842 51
f 3851 3844 50
f 3854 50 49
f 3854 3851 50
f 3860 3854 49
f 3867 49 48
f 3867 3860 49
f 3874 3867 48
f 3884 48 47
f 3884 3874 48
f 3885 3884 47
f 3885 47 46
f 3901 3885 46
f 3902 46 45
f 3902 3901 46
f 3905 3902 45
f 3915 3905 45
f 43 45 42
f 43 3915 45
f 3932 61 75
f 3939 3932 75
f 3945 75 74
f 3945 3939 75
f 3957 74 73
f 3957 3945 74
f 3962 3957 73
f 3968 73 72
f 3968 3962 73
f 3975 3968 72
f 3981 72 71
f 3981 3975 72
f 3986 3981 71
f 3986 71 70
f 3995 3986 70
f 4001 70 69
f 4001 3995 70
f 4008 69 68
f 4008 4001 69
f 4015 4008 68
f 4023 4015 68
f 4027 68 67
f 4027 4023 68
f 4037 67 66
f 4037 4027 67
f 4043 4037 66
f 4049 66 65
f 4049 4043 66
f 4055 4049 65
f 4061 65 64
f 4061 4055 65
f 4066 4061 64
f 4071 64 63
f 4071 4066 64
f 4076 4071 63
f 4079 63 62
f 4079 4076 63
f 4085 4079 62
f 3762 4085 62
f 278 62 60
f 278 3762 62
f 1944 2164 1945
f 1944 2167 2164
f 1944 2170 2167
f 170 2173 1944
f 1944 2173 2170
f 170 2175 2173
f 170 131 2175
f 234 170 1925
f 1925 170 1944
f 4099 4100 1379
f 4099 1379 1544
f 1379 4100 4101
f 1380 4101 4102
f 1380 1379 4101
f 1381 4102 4103
f 1381 1380 4102
f 1382 4103 4104
f 1382 1381 4103
f 1383 4104 4105
f 1383 1382 4104
f 1384 4105 4106
f 1384 1383 4105
f 1385 4106 4107
f 1385 1384 4106
f 1369 4107 4108
f 1369 1385 4107
f 1370 4108 4109
f 1370 1369 4108
f 1371 1370 4109
f 1371 4109 4110
f 1372 1371 4110
f 1372 4110 4111
f 1373 1372 4111
f 1373 4111 4112
f 1374 1373 4112
f 1375 1374 4112
f 1375 4113 4114
f 1375 4112 4113
f 1376 1375 4114
f 1376 4114 4115
f 1377 1376 4115
f 1377 4115 4116
f 1378 1377 4116
f 1867 1378 4116
f 1867 4117 4118
f 1867 4116 4117
f 1866 1867 4118
f 1865 4119 4120
f 1865 4118 4119
f 1865 1866 4118
f 1864 1865 4120
f 1863 4121 4122
f 1863 4120 4121
f 1863 1864 4120
f 1862 1863 4122
f 1861 4123 4124
f 1861 4122 4123
f 1861 1862 4122
f 1860 1861 4124
f 1859 4125 4126
f 1859 4124 4125
f 1859 1860 4124
f 1858 1859 4126
f 1857 4126 4127
f 1857 1858 4126
f 1856 4128 4129
f 1856 4127 4128
f 1856 1857 4127
f 1855 4129 4130
f 1855 1856 4129
f 1854 4130 4131
f 1854 1855 4130
f 1853 1854 4131
f 1852 4131 4132
f 1852 1853 4131
f 1179 4133 4134
f 1179 4134 4135
f 1179 4135 4136
f 1868 4136 4137
f 1868 4137 4138
f 1868 4138 4139
f 1868 4139 4140
f 1868 1179 4136
f 1852 4140 4141
f 1852 4141 4142
f 1852 4142 4143
f 1852 1868 4140
f 4132 4144 1868
f 4132 1868 1852
f 1368 4143 4145
f 1368 4145 4146
f 1368 4146 4147
f 1368 1852 4143
f 4148 1367 4147
f 4147 1367 1368
f 4149 1133 4150
f 4150 1133 4151
f 4151 1133 4152
f 1133 4153 4152
f 1133 4154 4153
f 1133 4155 4154
f 1133 4163 4155
f 4156 1367 4157
f 4157 1367 4158
f 4158 1367 4159
f 4159 1367 4160
f 4160 1367 4161
f 4161 1367 4162
f 4162 1367 4148
f 1133 1367 4163
f 4163 1367 4156
f 1133 4133 1179
f 1133 4149 4133
f 4162 4148 4147
f 4162 4147 4146
f 4161 4162 4146
f 4161 4146 4145
f 4160 4161 4145
f 4159 4145 4143
f 4159 4160 4145
f 4158 4159 4143
f 4158 4143 4142
f 4157 4158 4142
f 4157 4142 4141
f 4156 4157 4141
f 4156 4141 4140
f 4163 4156 4140
f 4163 4140 4139
f 4155 4163 4139
f 4154 4139 4138
f 4154 4155 4139
f 4153 4138 4137
f 4153 4154 4138
f 4152 4137 4136
f 4152 4153 4137
f 4152 4136 4135
f 4151 4152 4135
f 4150 4135 4134
f 4150 4151 4135
f 4149 4134 4133
f 4149 4150 4134
f 1868 4144 4164
f 1869 4164 4165
f 1869 1868 4164
f 1870 4165 4166
f 1870 1869 4165
f 1871 4166 4167
f 1871 1870 4166
f 1872 4167 4168
f 1872 1871 4167
f 1873 4168 4169
f 1873 1872 4168
f 1874 4169 4170
f 1874 1873 4169
f 1875 4170 4171
f 1875 1874 4170
f 1876 4171 4172
f 1876 1875 4171
f 1877 1876 4172
f 1877 4172 4173
f 1878 1877 4173
f 1878 4173 4174
f 1879 1878 4174
f 1879 4174 4175
f 1880 1879 4175
f 1881 1880 4175
f 1881 4176 4177
f 1881 4175 4176
f 1882 1881 4177
f 1882 4177 4178
f 1883 1882 4178
f 1883 4178 4179
f 1223 1883 4179
f 1222 1223 4179
f 1222 4180 4181
f 1222 4179 4180
f 1224 1222 4181
f 1225 4182 4183
f 1225 4181 4182
f 1225 1224 4181
f 1226 1225 4183
f 1227 4184 4185
f 1227 4183 4184
f 1227 1226 4183
f 1228 1227 4185
f 1229 4186 4187
f 1229 4185 4186
f 1229 1228 4185
f 1230 1229 4187
f 1231 4188 4189
f 1231 4187 4188
f 1231 1230 4187
f 1232 1231 4189
f 1233 4189 4190
f 1233 1232 4189
f 1234 4191 4192
f 1234 4190 4191
f 1234 1233 4190
f 1235 4192 4193
f 1235 1234 4192
f 1236 4193 4194
f 1236 1235 4193
f 1237 1236 4194
f 1238 4194 4195
f 1238 1237 4194
f 4195 4196 1338
f 4195 1338 1238
f 1338 4196 4197
f 1350 4197 4198
f 1350 1338 4197
f 1351 4198 4199
f 1351 1350 4198
f 1352 4199 4200
f 1352 1351 4199
f 1353 4200 4201
f 1353 1352 4200
f 1354 4201 4202
f 1354 1353 4201
f 1355 4202 4203
f 1355 1354 4202
f 1356 4203 4204
f 1356 1355 4203
f 1358 4204 4205
f 1358 1356 4204
f 1359 1358 4205
f 1359 4205 4206
f 1360 1359 4206
f 1360 4206 4207
f 1361 1360 4207
f 1361 4207 4208
f 1362 1361 4208
f 1363 1362 4208
f 1363 4209 4210
f 1363 4208 4209
f 1364 1363 4210
f 1364 4210 4211
f 1365 1364 4211
f 1365 4211 4212
f 1366 1365 4212
f 1899 1366 4212
f 1899 4213 4214
f 1899 4212 4213
f 1898 1899 4214
f 1897 4215 4216
f 1897 4214 4215
f 1897 1898 4214
f 1896 1897 4216
f 1895 4217 4218
f 1895 4216 4217
f 1895 1896 4216
f 1894 1895 4218
f 1893 4219 4220
f 1893 4218 4219
f 1893 1894 4218
f 1892 1893 4220
f 1891 4221 4222
f 1891 4220 4221
f 1891 1892 4220
f 1890 1891 4222
f 1889 4222 4223
f 1889 1890 4222
f 1888 4224 4225
f 1888 4223 4224
f 1888 1889 4223
f 1887 4225 4226
f 1887 1888 4225
f 1886 4226 4227
f 1886 1887 4226
f 1885 1886 4227
f 1884 4227 4228
f 1884 1885 4227
f 1622 4229 4230
f 1622 4230 4231
f 1622 4231 4232
f 1900 4232 4233
f 1900 4233 4234
f 1900 4234 4235
f 1900 4235 4236
f 1900 1622 4232
f 1884 4236 4237
f 1884 4237 4238
f 1884 4238 4239
f 1884 1900 4236
f 4228 4240 1900
f 4228 1900 1884
f 1321 4239 4241
f 1321 4241 4242
f 1321 4242 4243
f 1321 1884 4239
f 1900 4240 4244
f 1901 4244 4245
f 1901 1900 4244
f 1902 4245 4246
f 1902 1901 4245
f 1903 4246 4247
f 1903 1902 4246
f 1904 4247 4248
f 1904 1903 4247
f 1905 4248 4249
f 1905 1904 4248
f 1906 4249 4250
f 1906 1905 4249
f 1907 4250 4251
f 1907 1906 4250
f 1908 4251 4252
f 1908 1907 4251
f 1909 1908 4252
f 1909 4252 4253
f 1910 1909 4253
f 1910 4253 4254
f 1911 1910 4254
f 1911 4254 4255
f 1912 1911 4255
f 1913 1912 4255
f 1913 4256 4257
f 1913 4255 4256
f 1914 1913 4257
f 1914 4257 4258
f 1915 1914 4258
f 1915 4258 4259
f 1623 1915 4259
f 1624 1623 4259
f 1624 4260 4261
f 1624 4259 4260
f 1625 1624 4261
f 1626 4262 4263
f 1626 4261 4262
f 1626 1625 4261
f 1627 1626 4263
f 1628 4264 4265
f 1628 4263 4264
f 1628 1627 4263
f 1629 1628 4265
f 1630 4266 4267
f 1630 4265 4266
f 1630 1629 4265
f 1631 1630 4267
f 1632 4268 4269
f 1632 4267 4268
f 1632 1631 4267
f 1633 1632 4269
f 1634 4269 4270
f 1634 1633 4269
f 1635 4271 4272
f 1635 4270 4271
f 1635 1634 4270
f 1636 4272 4273
f 1636 1635 4272
f 1637 4273 4274
f 1637 1636 4273
f 1638 1637 4274
f 1544 4274 4099
f 1544 1638 4274
f 4275 4182 4181
f 4275 4181 4180
f 4275 4180 4179
f 4275 4179 4178
f 4275 4178 4177
f 4275 4177 4176
f 4276 4176 4175
f 4276 4175 4174
f 4276 4174 4173
f 4276 4173 4172
f 4276 4172 4171
f 4276 4171 4170
f 4276 4275 4176
f 4277 4188 4187
f 4277 4187 4186
f 4277 4186 4185
f 4277 4185 4184
f 4277 4184 4183
f 4277 4183 4182
f 4277 4182 4275
f 4278 4170 4169
f 4278 4169 4168
f 4278 4168 4167
f 4278 4167 4166
f 4278 4166 4165
f 4278 4276 4170
f 4279 4193 4192
f 4279 4192 4191
f 4279 4191 4190
f 4279 4190 4189
f 4279 4189 4188
f 4279 4188 4277
f 4280 4278 4165
f 4280 4165 4164
f 4280 4164 4144
f 4281 4194 4193
f 4281 4193 4279
f 4281 4195 4194
f 4282 4280 4144
f 4338 4195 4281
f 4284 4282 4144
f 4335 4195 4338
f 4283 4195 4335
f 4340 4284 4144
f 4285 4340 4144
f 4132 4285 4144
f 4286 4285 4132
f 4333 4286 4132
f 4287 4132 4131
f 4287 4131 4130
f 4287 4333 4132
f 4288 4130 4129
f 4288 4129 4128
f 4288 4128 4127
f 4288 4127 4126
f 4288 4126 4125
f 4288 4287 4130
f 4289 4125 4124
f 4289 4124 4123
f 4289 4123 4122
f 4289 4122 4121
f 4289 4121 4120
f 4289 4120 4119
f 4289 4288 4125
f 4290 4289 4119
f 4290 4119 4118
f 4290 4118 4117
f 4116 4290 4117
f 4115 4290 4116
f 4114 4290 4115
f 4113 4290 4114
f 4113 4291 4290
f 4112 4291 4113
f 4196 4195 4283
f 4196 4283 4346
f 4111 4291 4112
f 4110 4291 4111
f 4109 4291 4110
f 4292 4196 4346
f 4108 4291 4109
f 4107 4293 4291
f 4107 4291 4108
f 4106 4293 4107
f 4105 4293 4106
f 4294 4196 4292
f 4104 4293 4105
f 4103 4293 4104
f 4102 4295 4293
f 4102 4293 4103
f 4101 4295 4102
f 4296 4196 4294
f 4100 4295 4101
f 4100 4300 4297
f 4100 4297 4298
f 4100 4298 4299
f 4100 4299 4295
f 4301 4196 4296
f 4301 4198 4197
f 4301 4197 4196
f 4302 4198 4301
f 4302 4203 4202
f 4302 4202 4201
f 4302 4201 4200
f 4302 4200 4199
f 4302 4199 4198
f 4303 4203 4302
f 4303 4209 4208
f 4303 4208 4207
f 4303 4207 4206
f 4303 4206 4205
f 4303 4205 4204
f 4303 4204 4203
f 4304 4209 4303
f 4304 4212 4211
f 4304 4211 4210
f 4304 4210 4209
f 4213 4212 4304
f 4214 4213 4304
f 4215 4304 4305
f 4215 4214 4304
f 4216 4215 4305
f 4217 4216 4305
f 4218 4217 4305
f 4219 4218 4305
f 4220 4219 4305
f 4221 4220 4305
f 4221 4305 4306
f 4222 4221 4306
f 4223 4222 4306
f 4224 4223 4306
f 4225 4224 4306
f 4226 4225 4306
f 4226 4306 4307
f 4227 4226 4307
f 4228 4307 4345
f 4228 4227 4307
f 4228 4345 4343
f 4228 4343 4308
f 4228 4308 4309
f 4310 4228 4309
f 4320 4300 4100
f 4240 4310 4311
f 4240 4311 4312
f 4240 4228 4310
f 4099 4320 4100
f 4099 4313 4325
f 4099 4325 4323
f 4099 4323 4322
f 4099 4322 4320
f 4244 4240 4312
f 4274 4313 4099
f 4245 4312 4314
f 4245 4244 4312
f 4273 4313 4274
f 4273 4315 4313
f 4272 4315 4273
f 4246 4245 4314
f 4271 4315 4272
f 4247 4246 4314
f 4270 4315 4271
f 4248 4247 4314
f 4269 4315 4270
f 4249 4248 4314
f 4268 4315 4269
f 4268 4316 4315
f 4250 4314 4317
f 4250 4249 4314
f 4251 4250 4317
f 4267 4316 4268
f 4266 4316 4267
f 4252 4251 4317
f 4265 4316 4266
f 4253 4252 4317
f 4264 4316 4265
f 4254 4253 4317
f 4263 4316 4264
f 4255 4254 4317
f 4262 4318 4316
f 4262 4316 4263
f 4256 4317 4318
f 4256 4255 4317
f 4261 4318 4262
f 4257 4256 4318
f 4260 4318 4261
f 4258 4257 4318
f 4259 4258 4318
f 4259 4318 4260
f 4322 4323 4319
f 4319 4323 4326
f 4320 4322 4319
f 4323 4325 4326
f 4316 4326 4315
f 4315 4326 4313
f 4313 4326 4325
f 4317 4326 4318
f 4318 4326 4316
f 4312 4321 4314
f 4314 4321 4317
f 4317 4321 4326
f 4321 4311 4327
f 4312 4311 4321
f 4311 4310 4327
f 4327 4310 4324
f 4337 4336 4339
f 4337 4328 4336
f 4332 4328 4337
f 4332 4337 4329
f 4332 4330 4334
f 4332 4329 4330
f 4344 4328 4332
f 4342 4347 4344
f 4341 4342 4344
f 4331 4341 4344
f 4324 4331 4344
f 4319 4324 4344
f 4319 4344 4332
f 4321 4327 4324
f 4321 4324 4319
f 4321 4319 4326
f 4300 4320 4319
f 4332 4300 4319
f 4329 4286 4330
f 4286 4333 4330
f 4334 4298 4332
f 4286 4329 4285
f 4289 4330 4288
f 4288 4330 4287
f 4287 4330 4333
f 4291 4330 4290
f 4290 4330 4289
f 4298 4297 4332
f 4295 4334 4293
f 4293 4334 4291
f 4291 4334 4330
f 4299 4298 4334
f 4295 4299 4334
f 4297 4300 4332
f 4340 4285 4329
f 4337 4340 4329
f 4328 4338 4336
f 4283 4335 4328
f 4335 4338 4328
f 4277 4336 4279
f 4279 4336 4281
f 4281 4336 4338
f 4276 4336 4275
f 4275 4336 4277
f 4339 4284 4337
f 4280 4339 4278
f 4278 4339 4276
f 4276 4339 4336
f 4280 4282 4339
f 4284 4339 4282
f 4284 4340 4337
f 4346 4283 4328
f 4344 4346 4328
f 4331 4308 4341
f 4341 4345 4342
f 4343 4345 4341
f 4308 4343 4341
f 4342 4296 4347
f 4308 4331 4309
f 4305 4342 4306
f 4306 4342 4307
f 4307 4342 4345
f 4303 4342 4304
f 4304 4342 4305
f 4294 4344 4347
f 4301 4342 4302
f 4302 4342 4303
f 4301 4296 4342
f 4292 4346 4344
f 4294 4292 4344
f 4294 4347 4296
f 4310 4309 4331
f 4324 4310 4331
f 4348 1357 4243
f 4243 1357 1321
f 4349 1696 4350
f 4350 1696 4351
f 4351 1696 4352
f 1696 4353 4352
f 1696 4354 4353
f 1696 4355 4354
f 1696 4363 4355
f 4356 1357 4357
f 4357 1357 4358
f 4358 1357 4359
f 4359 1357 4360
f 4360 1357 4361
f 4361 1357 4362
f 4362 1357 4348
f 1696 1357 4363
f 4363 1357 4356
f 1696 4229 1622
f 1696 4349 4229
f 4362 4348 4243
f 4362 4243 4242
f 4361 4362 4242
f 4361 4242 4241
f 4360 4361 4241
f 4359 4241 4239
f 4359 4360 4241
f 4358 4359 4239
f 4358 4239 4238
f 4357 4358 4238
f 4357 4238 4237
f 4356 4357 4237
f 4356 4237 4236
f 4363 4356 4236
f 4363 4236 4235
f 4355 4363 4235
f 4354 4235 4234
f 4354 4355 4235
f 4353 4234 4233
f 4353 4354 4234
f 4352 4233 4232
f 4352 4353 4233
f 4352 4232 4231
f 4351 4352 4231
f 4350 4231 4230
f 4350 4351 4231
f 4349 4230 4229
f 4349 4350 4230
