# Render LOD; unchanged CAD body-local coordinates in mm
v -27.6432520 39.7786570 102.4975135
v -28.7499037 39.7608607 102.1830834
v -28.7499039 39.8887736 101.6404788
v -27.6038898 39.7907093 101.9418009
v -28.7499038 40.2870873 101.1037679
v -27.5645313 40.0127862 101.4187258
v -27.5264151 40.3738601 101.0480264
v -28.7499039 40.8843451 100.8050861
v -28.7499036 41.5903309 100.7886125
v -27.4825070 40.9271250 100.7899307
v -27.4388838 41.5138439 100.7869940
v -28.7499037 42.2164804 101.1135314
v -27.4038850 42.0273820 100.9728212
v -28.7499039 42.6514728 101.7010892
v -27.3591778 42.4515334 101.3717502
v -28.7499037 42.7363799 102.3614926
v -27.3217540 42.7044073 101.8852490
v -27.4265437 42.7432383 102.2669007
v -27.9519939 42.7387173 102.2589989
v -27.2879924 42.7354301 102.3330290
v -28.7499039 42.6130784 102.8649431
v -27.3854710 42.6371830 102.7980629
v -28.7499039 42.2715346 103.3436972
v -27.8933624 42.4871210 103.0910979
v -27.3263144 42.1400959 103.4496595
v -28.7499040 41.7319073 103.6694588
v -27.2144336 42.3310406 103.2951237
v -27.8212427 41.6910464 103.6726323
v -27.1671548 41.7824645 103.6454532
v -28.7499041 41.1017502 103.7395206
v -27.2868239 41.6533668 103.6908126
v -27.2424088 40.9510075 103.7239817
v -27.7857509 41.2306693 103.7474365
v -27.1254329 41.2190511 103.7479258
v -28.7499040 40.6006265 103.5925728
v -27.7496903 40.6908716 103.6325435
v -28.7499039 40.1554312 103.2716354
v -27.0839442 40.6374445 103.6138805
v -27.1896933 40.3280203 103.4263904
v -27.7171453 40.2887369 103.3918091
v -27.0491294 40.2445783 103.3481023
v -27.1524195 39.9721564 103.0196435
v -28.7499037 39.8378349 102.7362888
v -27.6804477 39.9677932 103.0118691
v -27.1175190 39.8034943 102.6022735
v -26.9843278 39.8005120 102.5908877
v -27.0817586 39.7663948 102.0565061
v -27.0301997 39.9982987 101.4407637
v -26.9173639 39.8953766 101.6403325
v -26.9686370 40.6837911 100.8740812
v -26.8478079 40.5573243 100.9332896
v -26.9314118 41.2024489 100.7604287
v -26.8913008 41.7412464 100.8425529
v -26.7827973 41.5019642 100.7758204
v -26.8592161 42.1538120 101.0707541
v -26.7331282 42.1084217 101.0306847
v -26.6518460 42.7102108 101.9327547
v -26.7285663 42.6669299 102.7194395
v -26.6184100 42.7254130 102.4723350
v -26.6972361 42.4667806 103.1096221
v -26.5840766 42.5945888 102.8908541
v -26.6657607 42.1628799 103.4323378
v -26.5505881 42.3107048 103.3080264
v -26.4916879 41.6989725 103.6858478
v -26.4107304 40.5300251 103.5556914
v -26.4799613 39.9335640 102.9706764
v -26.4355918 39.7619927 102.3320509
v -26.3170630 39.7838475 102.5081907
v -26.2860244 39.7690750 102.0870437
v -26.2492652 39.9167640 101.5907651
v -26.2111703 40.2569374 101.1311771
v -26.2685695 41.1712213 100.7534143
v -26.1709280 40.7069781 100.8681777
v -26.1391208 41.2036417 100.7603423
v -26.2160428 41.9231338 100.9134094
v -26.0913246 41.8391839 100.8744672
v -26.1697493 42.4385862 101.3449560
v -26.0508434 42.3027432 101.2006926
v -26.1314694 42.6686445 101.8026496
v -26.0187513 42.5832397 101.5770226
v -26.0984157 42.7441690 102.2623756
v -25.9788298 42.7396955 102.1392229
v -26.0589690 42.6259089 102.8298020
v -25.9372311 42.6774523 102.6864169
v -26.0196082 42.3507790 103.2628759
v -25.8980033 42.4077560 103.2008066
v -25.9825428 41.9144534 103.5881518
v -25.8496131 41.9116803 103.5949507
v -25.9611120 41.5999214 103.6985561
v -25.9193966 41.0848724 103.7365493
v -25.8105417 41.3547849 103.7383669
v -25.7796902 40.9246075 103.7058436
v -25.8484881 40.1898125 103.3035779
v -25.7410968 40.4433362 103.5089663
v -25.8007155 39.8372198 102.7491799
v -25.6966560 39.9663842 103.0306558
v -25.6456125 39.7634637 102.3741282
v -25.7607480 39.7640322 102.1582318
v -25.6044313 39.8298033 101.7867582
v -25.5544663 40.1798270 101.2051824
v -25.6195491 40.9938195 100.7812494
v -25.5089733 40.7256563 100.8550897
v -25.4733668 41.2204286 100.7646923
v -25.5764680 41.6606734 100.8119068
v -25.4442587 41.6569050 100.8189818
v -25.3796831 42.4019830 101.3021426
v -25.4657005 42.6830654 101.8448033
v -25.4259596 42.7390052 102.4105552
v -25.3364266 42.6996538 101.8718714
v -25.3899972 42.5954491 102.8891527
v -25.3588739 42.3485452 103.2618666
v -25.3167045 41.8899761 103.6051104
v -25.2142852 42.1743100 103.4356773
v -25.2668695 41.2052018 103.7504284
v -25.1631588 41.5606344 103.7132508
v -25.2150816 40.5140392 103.5572929
v -25.0977511 40.6698238 103.6256598
v -25.1691768 40.0322249 103.1149082
v -25.1066790 39.7629558 102.2442577
v -25.0694689 39.8373759 101.7654717
v -24.9745278 39.7527075 102.2101010
v -25.0291546 40.1444500 101.2540704
v -24.9252371 39.9218414 101.5730053
v -24.9990588 40.4614092 100.9911134
v -24.8852667 40.2783329 101.1197241
v -24.9652999 40.8859908 100.8064351
v -24.8427051 40.7488049 100.8497208
v -24.9284302 41.4267183 100.7721670
v -24.8049423 41.3082681 100.7584884
v -24.8864195 41.9939436 100.9515753
v -24.7689387 41.8089231 100.8722705
v -24.8379940 42.4724790 101.3942114
v -24.7346346 42.2560169 101.1490435
v -24.6909976 42.5979752 101.6093772
v -24.6520128 42.7397176 102.1551022
v -24.7343320 42.6481330 102.7930412
v -24.6106427 42.6705854 102.7144346
v -24.6972240 42.3598468 103.2443451
v -24.5717976 42.3972505 103.2092008
v -24.5303903 41.9569802 103.5679319
v -24.4957243 41.4603955 103.7286376
v -24.4537326 40.8811928 103.7016053
v -24.5339558 40.2884145 103.3916235
v -24.4108607 40.3644546 103.4516135
v -24.4887805 39.9020335 102.9048311
v -24.3791058 40.0394404 103.1186579
v -24.4471131 39.7620475 102.3202070
v -24.3359808 39.7975678 102.6084827
v -24.4005102 39.8571521 101.7026310
v -24.2954377 39.7791361 102.0033208
v -24.2540326 39.9966472 101.4378517
v -24.3573689 40.2385835 101.1548786
v -24.2170115 40.3400578 101.0769295
v -24.1812238 40.8086267 100.8240163
v -24.2559790 41.5783411 100.7979801
v -24.2111604 42.1190969 101.0311567
v -24.0750495 42.1998790 101.0967133
v -24.1647972 42.5808468 101.5681160
v -24.0367558 42.5353282 101.4991427
v -24.0045622 42.7018831 101.9174402
v -23.9732365 42.7371205 102.3447539
v -24.0696761 42.6150953 102.8459927
v -24.0383518 42.3847738 103.2212234
v -23.9144799 42.4578950 103.1283281
v -23.9978402 41.9696695 103.5613203
v -23.8828336 42.1476422 103.4396664
v -23.9597686 41.4540008 103.7300064
v -23.8508936 41.7469462 103.6614025
v -23.8976113 40.5806753 103.5847897
v -23.7916113 40.8684217 103.6960830
v -23.8519576 40.1066605 103.2205653
v -23.8151373 39.8457819 102.7412506
v -23.7744673 39.7538520 102.1995416
v -23.6726521 39.7968684 102.5931354
v -23.7401003 39.8716331 101.6950292
v -23.7084085 40.0971580 101.3094322
v -23.6780149 40.4279792 101.0134639
v -23.6450704 40.8371462 100.8183846
v -23.5368776 40.5447587 100.9276993
v -23.4915322 41.1433698 100.7674933
v -23.5773054 41.7562497 100.8479474
v -23.4563456 41.6344388 100.8097804
v -23.5418101 42.2085674 101.1101320
v -23.4149744 42.1492620 101.0600334
v -23.5014578 42.5621527 101.5391696
v -23.3769834 42.5120947 101.4576961
v -23.4714043 42.7081189 101.9570212
v -23.4374229 42.7351030 102.4161483
v -23.3132153 42.7453561 102.3154553
v -23.3881960 42.5058327 103.0768178
v -23.2658378 42.5543010 102.9915384
v -23.3393010 42.0193939 103.5326457
v -23.2238033 42.1680294 103.4259832
v -23.3020875 41.5074575 103.7213407
v -23.1841440 41.6566825 103.6951228
v -23.2709276 41.0697959 103.7301495
v -23.1387702 41.0560696 103.7297504
v -23.2405113 40.6478569 103.6143169
v -23.2081881 40.2635459 103.3697982
v -23.1072836 40.6121394 103.5998741
v -23.0630068 40.1111499 103.2257507
v -23.1401038 39.7941773 102.5894398
v -23.0212417 39.8415549 102.7336904
v -23.0996221 39.7892911 101.9241493
v -22.9385446 39.9041692 101.5849225
v -23.0185182 40.4092506 101.0115155
v -22.8851683 40.3845535 101.0360714
v -22.9698113 41.0341845 100.7756042
v -22.8480125 40.9086029 100.7998434
v -22.9188840 41.6989941 100.8204732
v -22.8004560 41.5711029 100.7864986
v -22.8744530 42.2472573 101.1437158
v -22.7532788 42.1052629 101.0296439
v -22.8434994 42.5312573 101.4954442
v -22.7188467 42.4776261 101.4089429
v -22.6848979 42.6832454 101.8385510
v -22.7358814 42.5668776 102.9496726
v -22.6426644 42.7372156 102.4641592
v -22.5962795 42.5096718 103.0484192
v -22.6974712 42.2319691 103.3815244
v -22.5953690 40.8944245 103.7026192
v -22.5598055 40.4392171 103.5009408
v -22.4552420 40.8136161 103.6891717
v -22.5235730 40.0720526 103.1677301
v -22.4109132 40.2170822 103.3309088
v -22.4821242 39.7862525 102.5785708
v -22.3730591 39.8999538 102.8833749
v -22.2688090 39.9613171 101.5111458
v -22.2378927 40.2381968 101.1582935
v -22.2049836 40.6197556 100.9055878
v -22.3081135 40.9933171 100.7778864
v -22.1715940 41.0968790 100.7643976
v -22.2704630 41.5203282 100.7899249
v -22.2383561 41.9294893 100.9252580
v -22.1322836 41.6356865 100.8143192
v -22.1698860 42.6053497 101.6112797
v -22.1128058 42.7481041 102.3598486
v -22.0169522 42.6961103 101.8567415
v -21.9765603 42.7209347 102.5142301
v -22.0730834 42.5627256 102.9576727
v -21.9389801 42.5364561 103.0078761
v -22.0359367 42.2640727 103.3492225
v -21.8979239 42.1701369 103.4297521
v -21.9962969 41.7622583 103.6556778
v -21.9090794 40.5662528 103.5735043
v -21.7934100 40.7699176 103.6662216
v -21.8797489 40.2133599 103.3237159
v -21.7518497 40.2217043 103.3416205
v -21.8164144 39.7931842 102.5654936
v -21.6994535 39.8297059 102.7273933
v -21.7786272 39.7698670 102.0634121
v -21.6512313 39.7657488 102.1021104
v -21.7329536 40.0126238 101.4030683
v -21.6067178 39.9403371 101.5311813
v -21.6214465 41.3611671 100.7656034
v -21.5011212 41.1197051 100.7598633
v -21.5847218 41.8288993 100.8781732
v -21.4643300 41.7301744 100.8410123
v -21.5539401 42.2169842 101.1214900
v -21.5178506 42.5184150 101.4635615
v -21.4242528 42.2248900 101.1207865
v -21.4797349 42.7255634 102.0172293
v -21.3793501 42.3147051 103.3006519
v -21.3379416 41.8322731 103.6281559
v -21.2992059 41.3103581 103.7427337
v -21.1880150 41.5889132 103.7127912
v -21.2625058 40.7700253 103.6643348
v -21.1407433 40.8963736 103.7059331
v -21.2183581 40.2580882 103.3755914
v -21.1029140 40.4069686 103.4795879
v -21.1727933 39.8548931 102.7905117
v -21.0386020 39.8316682 102.7337177
v -21.0577815 40.0752815 101.3322713
v -21.0136978 40.5771175 100.9145127
v -20.8875639 40.5278829 100.9510132
v -20.8558291 40.9495870 100.7943128
v -20.9290832 41.7662498 100.8529483
v -20.8204015 41.4273675 100.7711764
v -20.7817089 41.9689293 100.9437018
v -20.8680161 42.4340493 101.3415458
v -20.7394998 42.4111139 101.3125562
v -20.8290980 42.6799204 101.8269445
v -20.6767683 42.7440598 102.1674766
v -20.7427158 42.5456515 102.9963277
v -20.7089576 42.2232911 103.3807576
v -20.5847326 42.3004563 103.3093377
v -20.6265838 41.1434675 103.7421046
v -20.5909861 40.6581059 103.6189093
v -20.5483561 40.1769215 103.2950953
v -20.4233412 40.1915588 103.3070861
v -20.5061464 39.8543337 102.7817084
v -20.3703083 39.8410529 102.7527644
v -20.4704364 39.7608322 102.2600642
v -20.4285029 39.8546039 101.7211673
v -20.3839203 40.2520351 101.1320399
v -20.2622945 40.1190905 101.2669219
v -20.2179964 40.6405511 100.8927743
v -20.1738421 41.2065560 100.7577444
v -20.2530233 41.9289311 100.9223551
v -20.1319258 41.8121228 100.8694849
v -20.0981764 42.2338005 101.1342424
v -20.1890602 42.5630163 101.5430671
v -20.1540165 42.7198378 102.0079521
v -20.0339443 42.6894288 101.8554316
v -20.1156187 42.7133565 102.5651361
v -20.0760443 42.4854717 103.0876444
v -19.9495174 42.5199543 103.0514902
v -20.0136426 41.8166380 103.6322598
v -19.8675092 41.6186972 103.6974215
v -19.9773306 41.3072980 103.7433973
v -19.9317542 40.7159115 103.6556962
v -19.8233406 40.9860259 103.7275522
v -19.8790758 40.1006015 103.2127368
v -19.7483836 40.0768324 103.1835900
v -19.8351392 39.8115778 102.6463443
v -19.6977885 39.7932243 102.5792081
v -19.6557410 39.7831697 101.9588662
v -19.6176179 39.9879028 101.4642591
v -19.7071997 40.3684619 101.0535351
v -19.5839554 40.2756714 101.1278061
v -19.6236930 41.4993715 100.7724842
v -19.5755945 42.0958141 101.0219775
v -19.5457573 42.4089295 101.3212962
v -19.3913817 42.6170946 101.6314792
v -19.4582540 42.7234783 102.4844260
v -19.3377537 42.7446165 102.3599718
v -19.4188372 42.5489764 102.9902169
v -19.3786736 42.1598477 103.4390014
v -19.3327142 41.5531727 103.7198307
v -19.2285750 41.9065422 103.6024610
v -19.1811212 41.2823077 103.7430949
v -19.2164317 40.1046153 103.2056028
v -19.0860160 40.1199248 103.2168931
v -19.1772537 39.8400839 102.7410443
v -19.0587088 39.9026055 102.8888689
v -19.1420657 39.7614855 102.2393072
v -19.0217134 39.7648591 102.3808558
v -19.0947147 39.8803084 101.6445488
v -18.9841694 39.8162295 101.8428215
v -19.0594761 40.2043553 101.1956963
v -18.9431308 40.0715313 101.3372200
v -19.0277402 40.5980302 100.9115573
v -18.9793819 41.1854039 100.7526987
v -18.8994746 40.5545864 100.9263205
v -18.8592870 41.0474425 100.7791110
v -18.9250724 41.9623316 100.9304242
v -18.8273483 41.5525022 100.7907007
v -18.8683509 42.5212923 101.4562115
v -18.7840925 42.1049823 101.0253156
v -18.7427923 42.4978255 101.4360000
v -18.8225136 42.7401276 102.1140496
v -18.6968556 42.7336893 102.0250773
v -18.7866233 42.6960056 102.6062081
v -18.6511707 42.6824117 102.6697813
v -18.7454383 42.4700323 103.1241754
v -18.6201239 42.5161686 103.0352435
v -18.6983962 41.9863406 103.5521919
v -18.6600980 41.4002246 103.7410698
v -18.5308367 41.4765583 103.7217198
v -18.5033423 41.0839726 103.7341511
v -18.5810647 40.4096021 103.4903286
v -18.4637825 40.5437379 103.5694142
v -18.5375822 39.9381735 102.9758156
v -18.4268454 40.1338126 103.2374271
v -18.3874442 39.8444359 102.7618055
v -18.4906478 39.7650923 102.3740148
v -18.3439720 39.7607215 102.1665412
v -18.4193118 40.0156221 101.4245185
v -18.2953139 39.9349142 101.5317900
v -18.3813622 40.3887671 101.0271652
v -18.2076602 40.9072678 100.8019959
v -18.2623994 41.9545265 100.9417219
v -18.1434904 41.8551977 100.8830852
v -18.2277749 42.3435026 101.2351708
v -18.1885405 42.6445180 101.7164816
v -18.0944366 42.4009993 101.2969824
v -18.0515402 42.6724427 101.8039119
v -18.1369247 42.7444988 102.3707398
v -18.0116671 42.7416435 102.3717002
v -18.0930263 42.5435642 102.9998239
v -17.9766693 42.6130059 102.8499962
v -18.0447871 42.0837566 103.5022051
v -17.9133759 42.0670909 103.4965263
v -17.9931739 41.4029590 103.7408317
v -17.8720324 41.5178858 103.7303141
v -17.9553582 40.8611535 103.6900228
v -17.8177893 40.7903892 103.6757637
v -17.9219832 40.4291506 103.4969521
v -17.8901419 40.0975829 103.1923997
v -17.7810893 40.3255686 103.4193374
v -17.8579661 39.8779156 102.8336617
v -17.8170784 39.7553180 102.2497431
v -17.7780514 39.8766598 101.6746108
v -17.7158505 40.4258778 101.0109970
v -17.5883113 40.3844598 101.0395157
v -17.6845362 40.8050975 100.8330942
v -17.6530384 41.2464232 100.7617372
v -17.6158929 41.7715172 100.8554982
v -17.5800192 42.1912021 101.0956170
v -17.5398304 42.5650351 101.5418975
v -17.4015874 42.5959256 101.6060677
v -17.5013282 42.7267852 102.0405177
v -17.3703148 42.7268245 102.0550600
v -17.4612442 42.6993987 102.6159679
v -17.3369761 42.7222917 102.4946419
v -17.4238552 42.4891244 103.0835276
v -17.3085180 42.5858782 102.9089910
v -17.2796084 42.3511896 103.2538749
v -17.3935395 42.1861776 103.4095489
v -17.3624724 41.8068394 103.6362670
v -17.2991673 40.9549044 103.7140363
v -17.2531869 40.3660792 103.4654027
v -17.1250627 40.3858687 103.4697939
v -17.1833860 39.8073072 102.6257536
v -17.0735503 39.9267703 102.9602658
v -17.1385696 39.7664614 102.0577826
v -17.0342901 39.7647525 102.3586835
v -17.0923614 40.0221947 101.3954167
v -16.9944009 39.8230856 101.8162275
v -17.0487758 40.4232252 101.0152083
v -16.9510625 40.1270536 101.2620874
v -17.0070950 40.9719690 100.7809589
v -16.9564300 41.7414607 100.8338453
v -16.8413318 41.5074442 100.7770095
v -16.9079666 42.2952974 101.1857543
v -16.7926551 42.1609924 101.0627714
v -16.8726243 42.5867752 101.5949338
v -16.7495094 42.5274971 101.4891073
v -16.8305798 42.7457039 102.1511525
v -16.7199925 42.7043535 101.9120917
v -16.7854202 42.6466732 102.7826100
v -16.6780997 42.7267389 102.4783672
v -16.7391198 42.2647921 103.3598919
v -16.5956534 42.1543570 103.4413985
v -16.5561090 41.6407803 103.6939264
v -16.5755050 40.2051699 103.3126844
v -16.4217566 40.0023337 103.0643916
v -16.5160127 39.7944750 102.5719586
v -16.4749545 39.7756603 101.9915100
v -16.4329920 39.9919450 101.4573530
v -16.3912112 40.3898113 101.0263538
v -16.3020766 40.0223217 101.3900898
v -16.2545701 40.4791746 100.9792831
v -16.3456375 41.0094220 100.7791781
v -16.1877090 41.3702164 100.7684996
v -16.2739327 41.9779917 100.9428355
v -16.2295079 42.4675097 101.3871365
v -16.1671995 42.7380726 102.1769998
v -16.0620183 42.6960296 101.8574935
v -16.1303149 42.6810198 102.6822274
v -16.0146833 42.7208669 102.5139262
v -16.0992218 42.4782056 103.0912616
v -15.9716789 42.5115272 103.0529649
v -15.9326455 42.1373792 103.4517321
v -16.0284831 41.6871465 103.6808256
v -15.8931060 41.6222790 103.7015596
v -15.9907944 41.1543867 103.7406327
v -15.8430702 40.9499811 103.7208430
v -15.7987874 40.3644298 103.4525722
v -15.7558831 39.9642034 103.0154260
v -15.8618448 39.8250898 102.7040452
v -15.8143724 39.7672257 102.0496292
v -15.7761625 39.9543170 101.5202487
v -15.7325654 40.3374027 101.0651980
v -15.6855266 41.0134410 100.7714910
v -15.5168773 41.4528390 100.7707787
v -15.4156714 42.6046850 101.6170459
v -15.4949696 42.7432550 102.3028782
v -15.3643493 42.7492069 102.2762034
v -15.4573590 42.6250005 102.8315794
v -15.4133380 42.2824118 103.3396301
v -15.2916924 42.3724140 103.2353669
v -15.3677205 41.6804017 103.6844886
v -15.2424019 41.8660711 103.6202659
v -15.2040102 41.2487587 103.7437039
v -15.3025735 40.8124179 103.6759319
v -15.2607807 40.2994989 103.4100130
v -15.1647794 40.7099335 103.6443686
v -15.1249020 40.2198398 103.3335163
v -15.2200100 39.9355446 102.9531444
v -15.1794010 39.7619293 102.4012931
v -15.0818846 39.8908966 102.8692535
v -15.1369278 39.8301070 101.8001879
v -15.0093848 39.8141768 101.8697674
v -15.0774873 40.2701301 101.1322541
v -14.9725842 40.0527103 101.3530694
v -15.0385703 40.7470922 100.8455538
v -14.9257139 40.5095449 100.9591241
v -15.0022819 41.2470796 100.7636651
v -14.8902141 41.0020146 100.7820744
v -14.9633368 41.7866168 100.8563766
v -14.8521286 41.5279455 100.7879207
v -14.9219886 42.2917433 101.1850744
v -14.8171134 42.0082107 100.9685204
v -14.8863392 42.5760547 101.5693633
v -14.7753995 42.4440247 101.3509902
v -14.8404705 42.7512012 102.1926169
v -14.7343094 42.6902417 101.8639136
v -14.7686235 42.4455886 103.1448594
v -14.6609983 42.6321381 102.8339486
v -14.6179482 42.2595734 103.3516222
v -14.7317582 42.0575495 103.5084485
v -14.6899840 41.5319579 103.7193008
v -14.6576401 41.0596236 103.7279394
v -14.6300470 40.6595617 103.6195925
v -14.5079509 40.8213367 103.6916009
v -14.5654401 39.9652047 103.0223117
v -14.4607181 40.2310236 103.3434336
v -14.4257020 39.9259387 102.9322374
v -14.3674995 39.7627459 102.1360833
v -14.3345518 39.8697486 101.7002160
v -14.3034021 40.0757278 101.3378296
v -14.2677060 40.4694077 100.9773043
v -14.3596348 40.9794293 100.7866041
v -14.1959306 41.3817738 100.7627438
v -14.3021467 41.7919292 100.8630725
v -14.2662913 42.2041375 101.1061014
v -14.1529264 42.0381277 100.9777779
v -14.2266723 42.5552882 101.5256504
v -14.1091865 42.4626690 101.3871803
v -14.1937093 42.7125956 101.9765670
v -14.0404934 42.7467246 102.2466895
v -14.1269255 42.5860939 102.9167005
v -14.0052328 42.6348536 102.8071505
v -13.9665494 42.3370178 103.2775043
v -13.9230737 41.8567708 103.6174629
v -13.8851833 41.3300038 103.7416662
v -13.8232677 40.5258438 103.5561476
v -13.9125592 40.0673245 103.1600809
v -13.7906022 40.1516349 103.2603862
v -13.8679673 39.8022798 102.6362366
v -13.8343669 39.7689409 102.1233446
v -13.7962528 39.8989598 101.6125386
v -13.6655258 39.9023882 101.6209505
v -13.7540302 40.2580338 101.1403887
v -13.7219897 40.6435887 100.8930612
v -13.5983275 40.5449767 100.9416149
v -13.6774772 41.2192662 100.7546082
v -13.5661989 40.9673258 100.7908325
v -13.6344911 41.8810145 100.8962511
v -13.5366802 41.4154626 100.7711148
v -13.4985717 41.9466600 100.9318295
v -13.5859676 42.3973040 101.2946469
v -13.4606543 42.3533538 101.2504739
v -13.4197628 42.6698551 101.7715133
v -13.4936901 42.7201248 102.5489478
v -13.3799069 42.7380938 102.2850840
v -13.4485343 42.4845463 103.0898305
v -13.3431137 42.6489925 102.7769599
v -13.4056258 42.0597402 103.5111039
v -13.2939412 42.3002884 103.3225056
v -13.3630553 41.5023706 103.7245866
v -13.2578148 41.7911611 103.6424037
v -13.3210372 40.9182724 103.7090215
v -13.2800888 40.3386963 103.4381395
v -13.1607591 40.5193585 103.5464356
v -13.1329060 40.2040211 103.3141514
v -13.2125554 39.8318843 102.7049571
v -13.1734162 39.7592891 102.1504694
v -13.0639758 39.7654389 102.4470239
v -13.1307029 39.9160278 101.5838605
v -13.0194014 39.8294606 101.7965111
v -13.0903443 40.2689859 101.1280354
v -12.9767554 40.1150239 101.2807315
v -13.0524689 40.7233013 100.8598416
v -12.9348149 40.5577280 100.9337231
v -13.0188091 41.2198577 100.7619226
v -12.8979586 41.0652314 100.7714579
v -12.9824567 41.6916227 100.8282522
v -12.8564027 41.6420403 100.8115998
v -12.9490017 42.1175382 101.0417387
v -12.9186727 42.4417363 101.3585054
v -12.8164758 42.1557113 101.0650445
v -12.8843688 42.6628457 101.7734115
v -12.7745320 42.5400019 101.4991942
v -12.7417676 42.7045768 101.9381722
v -12.8249935 42.6969648 102.6131720
v -12.7009870 42.7309363 102.4693597
v -12.7928737 42.5245636 103.0227342
v -12.6640841 42.5530632 102.9747926
v -12.7614990 42.2322517 103.3756160
v -12.6341665 42.2944348 103.3153050
v -12.6046236 41.9608845 103.5600146
v -12.6972951 41.4380745 103.7321661
v -12.5758828 41.5931429 103.7021114
v -12.6571536 40.8913065 103.7022437
v -12.5382356 41.0047288 103.7311265
v -12.6220954 40.4307614 103.4960184
v -12.4954843 40.5113161 103.5436441
v -12.5867398 40.0399266 103.1247810
v -12.5561697 39.8567180 102.7718009
v -12.4601591 40.0715929 103.1774840
v -12.5232449 39.7610587 102.3364101
v -12.4202953 39.8389911 102.7221546
v -12.4745263 39.8651726 101.6752507
v -12.4215317 40.3428226 101.0586538
v -12.3733566 40.9287509 100.7971224
v -12.2482657 40.8776201 100.8092002
v -12.3351127 41.4578090 100.7741864
v -12.2144958 41.3565585 100.7673344
v -12.2963609 42.0725164 101.0002741
v -12.1762060 41.8640244 100.8885914
v -12.2364942 42.5819211 101.5575962
v -12.1870589 42.7456435 102.2470909
v -12.1399918 42.6104030 102.8756479
v -12.0163018 42.6383769 102.7934824
v -12.0962315 42.1953333 103.4162066
v -11.9826298 42.3889471 103.2195447
v -11.9506801 42.0399256 103.5137677
v -11.9190913 41.6120686 103.6992474
v -12.0050636 41.0237141 103.7245422
v -11.8854648 41.2013940 103.7396346
v -11.9763434 40.6449829 103.6109926
v -11.9415164 40.1803166 103.3037173
v -11.8536418 39.7585575 102.2138905
v -11.7484077 39.7910621 102.5660722
v -11.8196580 39.8490968 101.7588627
v -11.7875688 40.0437686 101.3693833
v -11.6808914 39.8995785 101.6117337
v -11.6401932 40.2334243 101.1677387
v -11.7534257 40.4150301 101.0223211
v -11.7210282 40.8142878 100.8270464
v -11.6103137 40.5573912 100.9327673
v -11.6175008 42.2205349 101.1137812
v -11.4816536 42.2819380 101.1655905
v -11.5517790 42.6879274 101.8620013
v -11.4343712 42.6452260 101.7188324
v -11.5125609 42.7383001 102.4119563
v -11.3960536 42.7417891 102.2417332
v -11.4714068 42.5619055 102.9633197
v -11.4323852 42.2160586 103.3923453
v -11.3857352 41.6705520 103.6884158
v -11.3521100 41.1413195 103.7380935
v -11.2105245 41.0207013 103.7241561
v -11.3125428 40.6329639 103.6123632
v -11.2741336 40.1642680 103.2740834
v -11.1713729 40.4895152 103.5404036
v -11.2321976 39.8629280 102.8108721
v -11.1242568 39.9877845 103.0589892
v -11.1893354 39.7582604 102.1332542
v -11.0747006 39.7649793 102.4154076
v -11.0351601 39.8128730 101.8604219
v -10.9962646 40.0461391 101.3710476
v -10.9564430 40.4626450 100.9858167
v -11.0365757 41.1430278 100.7656590
v -11.0082483 41.5293894 100.7927584
v -10.8926849 41.2919720 100.7636267
v -10.9423967 42.3525248 101.2446828
v -10.8998883 42.6544811 101.7431094
v -10.7989911 42.4424792 101.3565709
v -10.8312428 42.6689219 102.7372657
v -10.6887257 42.6201462 102.8381558
v -10.6606979 42.4078847 103.1901550
v -10.7418287 41.8703528 103.6090902
v -10.6228411 42.0079380 103.5396674
v -10.7116235 41.4483063 103.7270716
v -10.6763826 40.9860488 103.7231886
v -10.5764013 41.3723380 103.7492565
v -10.5295881 40.7675624 103.6606566
v -10.6385499 40.4605139 103.5171129
v -10.4942207 40.3007109 103.4079226
v -10.5592774 39.8115968 102.6417081
v -10.4539643 39.9545176 102.9857139
v -10.4205373 39.7905675 102.5537110
v -10.5215902 39.7625467 102.1394565
v -10.4896269 39.8762775 101.6842368
v -10.3810832 39.7773654 102.0145690
v -10.4589531 40.0905174 101.3165262
v -10.3431113 39.9801571 101.4640745
v -10.4193201 40.5175829 100.9519566
v -10.3003863 40.3631249 101.0571449
v -10.3865642 40.9627194 100.7934493
v -10.2684748 40.8032168 100.8285079
v -10.3503627 41.4375984 100.7710242
v -10.2267517 41.3587155 100.7648251
v -10.3106199 42.0314775 100.9794491
v -10.1877319 41.9037411 100.9102925
v -10.2709684 42.4039478 101.3076167
v -10.1452134 42.3603631 101.2537464
v -10.2276172 42.6921748 101.8433569
v -10.1814671 42.7233174 102.4993998
v -10.0729431 42.7366905 102.1881847
v -10.1420206 42.5351336 103.0097495
v -10.0365857 42.6686927 102.7283360
v -9.9961525 42.3912049 103.2130758
v -10.1088482 42.2217872 103.3842513
v -10.0655261 41.7117992 103.6754202
v -9.9564455 41.9362921 103.5818294
v -10.0275154 41.1566795 103.7407964
v -9.9116254 41.3877005 103.7372935
v -9.9870135 40.6172680 103.6046409
v -9.9496786 40.1694042 103.2791680
v -9.9143610 39.9049221 102.8929476
v -9.8708211 39.7525289 102.2914503
v -9.7586121 39.7989284 102.6124310
v -9.8218846 39.8838731 101.6524781
v -9.7207133 39.7814520 101.9808505
v -9.6778738 39.9895242 101.4580908
v -9.7820728 40.2570168 101.1352310
v -9.7273094 40.8783047 100.7984755
v -9.6418967 40.3523447 101.0606556
v -9.5956292 40.9261857 100.7903190
v -9.6827453 41.5226192 100.7868443
v -9.5540694 41.4909331 100.7847553
v -9.6395936 42.1030575 101.0203947
v -9.5221870 41.9293215 100.9229815
v -9.5982750 42.4873279 101.4230194
v -9.5628630 42.6976188 101.8836400
v -9.4327407 42.6900838 101.8769194
v -9.5295801 42.7349022 102.3541374
v -9.4034291 42.7408642 102.2984310
v -9.4981584 42.6452824 102.7799836
v -9.4648477 42.4228387 103.1711431
v -9.3648516 42.6288008 102.8274160
v -9.4281358 42.0080411 103.5424766
v -9.3281107 42.3332752 103.2778037
v -9.2876916 41.8927874 103.6006256
v -9.3907084 41.5285034 103.7139995
v -9.3623785 41.1092701 103.7356985
v -9.2486892 41.3385802 103.7430707
v -9.3251027 40.6204445 103.6092492
v -9.2093999 40.8083019 103.6764248
v -9.2814744 40.1301789 103.2397719
v -9.1454295 40.0989373 103.1966668
v -9.2403426 39.8368222 102.7327225
v -9.1188934 39.8984689 102.8723345
v -9.1953326 39.7635955 102.0685646
v -9.0894209 39.7755290 102.4640766
v -9.1429743 39.9987354 101.4354288
v -9.0524937 39.7941970 101.9162934
v -9.0089798 40.0444338 101.3733037
v -9.1005893 40.4342821 101.0028424
v -8.9714605 40.4138282 101.0212943
v -9.0556887 41.0600988 100.7666901
v -8.9367281 40.9094945 100.7969572
v -9.0089885 41.6757365 100.8214272
v -8.9622884 42.2774893 101.1575518
v -8.8327511 42.2571652 101.1467697
v -8.8883029 42.7304876 102.0578835
v -8.8527717 42.7091874 102.5539832
v -8.7406915 42.7474216 102.2459853
v -8.8185170 42.5432765 102.9963449
v -8.7009872 42.6120619 102.8661583
v -8.7875238 42.2560575 103.3495222
v -8.7508551 41.8570703 103.6197949
v -8.6575957 42.2768606 103.3376301
v -8.6190233 41.8167420 103.6323320
v -8.7133353 41.3249260 103.7400663
v -8.6796466 40.8135685 103.6805334
v -8.5604750 41.0096498 103.7223113
v -8.6444311 40.4157266 103.4820163
v -8.6190603 40.1362682 103.2431764
v -8.4796999 40.0612128 103.1516181
v -8.5743281 39.8266952 102.7142789
v -8.4396699 39.7993604 102.6176665
v -8.5321029 39.7675662 102.0831223
v -8.4845912 39.9553914 101.5059212
v -8.3946110 39.7832380 101.9590756
v -8.4433138 40.3792030 101.0406880
v -8.3430162 40.0979167 101.2917233
v -8.3998430 40.9014283 100.8015851
v -8.2982245 40.5554574 100.9360016
v -8.3679686 41.3911176 100.7704364
v -8.2579723 41.1351464 100.7592850
v -8.3331823 41.8417860 100.8840373
v -8.2038962 41.8369281 100.8740913
v -8.3054817 42.1980570 101.1058455
v -8.2700884 42.5408068 101.4995775
v -8.1657056 42.3036590 101.1998273
v -8.1322341 42.5795983 101.5770143
v -8.2339336 42.7072479 101.9399240
v -8.2008891 42.7330234 102.4135470
v -8.1635320 42.5964215 102.8944021
v -8.0609320 42.7147901 102.5349543
v -8.0350038 42.6007107 102.8752965
v -8.1300491 42.3313920 103.2774007
v -8.0923551 41.8786306 103.6105053
v -8.0470557 41.2742084 103.7456811
v -7.9335231 41.5116619 103.7189762
v -8.0121113 40.7869270 103.6672150
v -7.9042551 41.0701441 103.7315168
v -7.9773756 40.3417110 103.4374245
v -7.8630308 40.5017010 103.5506283
v -7.9429662 40.0172351 103.0840078
v -7.8204723 40.0505681 103.1370368
v -7.9040965 39.7946122 102.6029921
v -7.7800376 39.8094212 102.6419825
v -7.8653763 39.7763477 102.0460687
v -7.8255069 39.9462571 101.5156073
v -7.7403725 39.7708884 102.0426957
v -7.6943199 39.9755312 101.4766533
v -7.7827482 40.3668546 101.0539585
v -7.7538175 40.7129546 100.8644783
v -7.6472529 40.4163820 101.0084908
v -7.7177098 41.1970443 100.7612073
v -7.5913241 41.1286825 100.7569178
v -7.6428920 42.1563469 101.0695794
v -7.5221197 42.0700619 101.0112921
v -7.6091983 42.5133429 101.4555142
v -7.4923289 42.3840361 101.2858398
v -7.5715684 42.7067088 101.9319201
v -7.4663118 42.6097481 101.6437253
v -7.5356149 42.7300855 102.4717338
v -7.4263035 42.7392023 102.1362490
v -7.3970765 42.7051628 102.5586345
v -7.4909536 42.5181215 103.0379218
v -7.3658954 42.5601091 102.9698809
v -7.4585177 42.2420817 103.3623839
v -7.4276974 41.8608706 103.6131724
v -7.3899210 41.3333281 103.7433372
v -7.2676373 41.4594476 103.7269528
v -7.3525560 40.8245043 103.6814771
v -7.2317636 40.9856428 103.7220763
v -7.1985371 40.4941869 103.5352098
v -7.1641109 40.1228879 103.2276699
v -7.2196404 39.7595355 102.2861486
v -7.1489648 39.7621327 102.2957299
v -28.7499037 43.0640907 104.2769419
v -28.7499039 42.3794246 104.7101615
v -28.7499039 41.7415768 104.9176692
v -28.7499038 43.7075843 103.4144794
v -28.7499039 41.2509060 104.9528000
v -28.7499039 40.9229977 104.9370048
v -28.7499039 43.9658963 102.3697759
v -28.7499038 40.1419441 104.7338060
v -28.7499038 43.7984339 101.3068216
v -28.7499039 39.2658536 104.1088446
v -28.7499038 43.2312460 100.3918459
v -28.7499037 38.7011808 103.1931759
v -28.7499038 42.3534782 99.7690032
v -28.7499039 38.5361150 102.1292397
v -28.7499038 41.3033524 99.5357993
v -28.7499038 38.7058167 101.3387615
v -28.7499039 39.0049364 100.7367357
v -28.7499037 40.2443498 99.7285335
v -28.7499039 39.5014394 100.1874650
v -31.0267741 41.5008674 104.9413269
v -31.0684366 41.8032435 104.8882126
v -31.0516464 42.5034291 104.6421831
v -31.0270055 42.9823962 104.3272795
v -31.0534412 43.3004288 104.0009563
v -31.0291493 43.5404378 103.6838486
v -31.0764098 43.7813060 103.1778578
v -31.0343574 43.9176691 102.6712243
v -31.1170602 43.9338121 102.2206255
v -31.0534890 43.9240372 101.9053567
v -31.0070923 43.8164567 101.3988497
v -31.0392448 43.5852671 100.9014004
v -30.9919879 42.3911885 99.8020679
v -31.0838412 42.1108284 99.7028522
v -31.0995286 41.7006838 99.6021120
v -31.0588379 40.7338263 99.6053395
v -31.0665227 39.9774440 99.8789101
v -31.0256385 39.5951739 100.1192040
v -31.0687258 39.0170789 100.7432291
v -31.0086982 38.5483376 102.1457665
v -31.0127393 38.7937781 103.3762658
v -31.0231032 39.6350009 104.4171895
v -31.0151371 40.7289436 104.9033832
v -30.9498566 41.2107837 104.9524704
v -30.9841543 41.2107837 104.9513168
v -31.1117183 40.9600940 104.9217192
v -31.1871939 41.3953206 104.8966314
v -31.4477530 41.5563530 104.5276696
v -31.2692543 41.7995102 104.7873760
v -31.3729224 41.4984352 104.7255616
v -31.0852922 42.1097247 104.8007008
v -31.2484929 42.3103045 104.6351088
v -31.3483032 42.1721953 104.5928006
v -31.2121014 42.7563116 104.4143380
v -31.3441331 42.6893851 104.3169709
v -31.4303150 42.3419926 104.3519344
v -31.1759797 43.1068501 104.1457562
v -31.3274385 43.1282850 103.9655944
v -31.4039420 43.0509743 103.8749294
v -31.2135574 43.4481470 103.7080622
v -31.4479973 43.0951057 103.6101257
v -31.2398652 43.6732762 103.2363210
v -31.3715487 43.4498672 103.3978007
v -31.4450751 43.4492197 102.9390439
v -31.3487615 43.6528412 102.9817509
v -31.2276955 43.8424478 102.6684643
v -31.4034458 43.6667524 102.5066135
v -31.3214252 43.7910446 102.1133354
v -31.2605140 43.7915104 101.6811697
v -31.4111716 43.6209570 101.8445466
v -31.2887336 43.5959045 101.1925604
v -31.3812522 43.5116661 101.2674488
v -31.1646944 43.6802094 101.1681592
v -31.4464455 43.4711953 101.6727881
v -31.1938948 43.4204725 100.7456737
v -31.2050511 43.1500868 100.4157091
v -31.4417609 43.0907342 100.8252217
v -31.3283361 43.2628865 100.7041328
v -31.0078517 43.2984930 100.4873201
v -31.2036191 42.7545243 100.0844656
v -31.0290156 42.8677575 100.0898623
v -31.1851968 42.5477491 99.9401639
v -31.3643737 42.7399347 100.2541768
v -31.4451482 42.4134589 100.2540926
v -31.3955005 42.2151104 100.0124338
v -31.2903182 42.1293415 99.8314692
v -31.4469752 41.4695331 99.9745573
v -31.3151675 41.6697478 99.7363640
v -31.0087386 41.2174096 99.5508465
v -31.1605964 41.3185663 99.5921216
v -31.3856417 41.5308792 99.8098604
v -31.2554774 41.0897128 99.6568085
v -31.3817292 41.1228744 99.7910362
v -31.1948790 40.5611697 99.7029795
v -31.0393694 40.2968910 99.7312207
v -31.2353565 40.1089930 99.8968473
v -31.3351408 40.5735032 99.8103134
v -31.4424168 40.6481830 100.0200069
v -31.3752504 40.1088710 100.0589733
v -31.1879783 39.5533789 100.2179225
v -31.4288571 39.6475612 100.5044605
v -31.0724834 39.2564886 100.4445044
v -31.2982317 39.6372490 100.2545841
v -31.4459647 40.1102960 100.2584122
v -31.3726380 39.3082678 100.7152497
v -31.2641644 39.1688566 100.6982835
v -31.4202477 39.1870718 101.0686951
v -31.0332071 38.8387187 101.0398198
v -31.2868285 38.9266977 101.1250216
v -31.0787423 38.6633260 101.5011371
v -31.2111652 38.6657008 101.7380060
v -31.4475622 39.0264861 101.6557703
v -31.3746347 38.8678314 101.5711149
v -31.3504931 38.7439354 102.1220034
v -31.1642388 38.5913520 102.2166532
v -31.0732735 38.5962412 102.7047090
v -31.4301809 38.9025892 102.4779815
v -31.3065108 38.7112604 102.6132992
v -31.0311658 38.6656200 103.0205857
v -31.2478715 38.7698605 103.0723019
v -31.2269272 38.8782114 103.3838715
v -31.0641660 38.9536862 103.6603421
v -31.3988430 38.9996736 103.1765550
v -31.0359836 39.2445433 104.0591417
v -31.3881539 39.2846341 103.7222138
v -31.2487833 39.2243001 103.9042108
v -31.4470595 39.1493361 103.1796380
v -31.3120910 39.6371800 104.2346133
v -31.1972545 39.5636009 104.2839582
v -31.1425611 39.8507381 104.5235189
v -31.0340121 40.1713087 104.7302863
v -31.1745339 40.3557151 104.7550306
v -31.4481954 39.5936943 103.8171248
v -31.4080650 39.9592687 104.3071391
v -31.2886193 40.1837400 104.5980177
v -31.2856591 40.8758473 104.8055185
v -31.4209079 40.2805584 104.4324473
v -31.3828894 40.6929835 104.6585222
v -31.4490834 40.8224091 104.4946088
v -31.4500000 41.9928789 103.5380140
v -31.4500000 42.7348518 102.2528412
v -31.4500000 40.5088507 103.5380140
v -31.4500000 41.9928789 100.9675860
v -31.4500000 39.7668777 102.2528412
v -31.4500000 40.5088507 100.9675860
v -29.7275769 41.9928789 103.5380140
v -29.7275769 42.7348518 102.2528412
v -29.7275769 40.5088507 103.5380140
v -29.7275769 39.7668777 102.2528412
v -29.7275769 40.5088507 100.9675860
v -29.7275769 41.9928789 100.9675860
v -7.1588415 39.9276410 101.5568581
v -7.1476272 40.0904920 101.3276684
v -27.6893657 42.4235674 102.2555207
v -27.5404903 41.4477962 103.4132273
v -27.2688560 40.4689553 101.3583689
v -27.0271423 42.4350673 102.2553303
v -26.8027089 40.6211970 103.2491965
v -26.7144285 40.0863054 102.4221006
v -26.5511328 41.0191587 101.0926740
v -26.5014456 41.5555662 101.1184182
v -26.4617212 41.9475999 101.3074933
v -26.3167237 42.2965999 102.8045998
v -26.0742444 40.1580521 102.7138032
v -26.0272577 40.0795601 102.1820953
v -25.9926565 40.1738090 101.7858437
v -25.9210173 40.6817487 101.2177569
v -25.8688421 41.2237883 101.0798826
v -25.6797913 42.4077791 102.4929761
v -25.5913063 41.8408596 103.2663532
v -27.9267709 42.6774531 102.6735619
v -27.6400787 42.3144142 102.7784272
v -27.8525080 42.0718368 103.4998211
v -27.5873512 41.9257173 103.2131328
v -27.5017431 41.0106523 103.3956122
v -27.4701101 40.6755476 103.2745184
v -27.4297525 40.3406627 102.9941598
v -27.3305498 40.1114527 101.9524528
v -27.2170284 41.0050039 101.1036947
v -27.1622530 41.5817359 101.1186618
v -27.1148749 42.0544653 101.3980285
v -27.0763124 42.3065023 101.7390257
v -27.2597665 42.6522202 102.7589370
v -26.9682323 42.2506300 102.8875307
v -26.9187733 41.8529497 103.2595455
v -26.8673226 41.2929051 103.4384554
v -27.0215733 39.9681792 103.0127031
v -26.7582590 40.2710508 102.9023592
v -26.9479185 39.7708175 102.0597164
v -26.8863267 40.1299518 101.2671042
v -26.6583385 40.1459373 101.8439371
v -26.6057967 40.4805254 101.3611802
v -26.8182486 40.9598450 100.7942774
v -26.6973748 42.4818144 101.4114504
v -26.3612808 42.4235542 102.2774307
v -26.2533178 41.8309464 103.2851899
v -26.4496300 41.0182092 103.7277479
v -26.1899006 41.1511185 103.4389376
v -26.3840731 40.1908657 103.2961611
v -26.1282050 40.5198064 103.1731523
v -26.3515418 39.9296635 102.9450283
v -25.9567243 40.3811369 101.4744073
v -25.8385803 41.5733346 101.1302313
v -25.8080992 41.8874475 101.2664665
v -25.7707254 42.1887734 101.5476352
v -25.7291366 42.3855823 101.9514627
v -25.6297928 42.1678811 102.9876483
v -25.5102958 40.9554782 103.3874642
v -25.5513590 41.4054328 103.4171680
v -25.4637821 40.4907217 103.1552164
v -25.4118018 40.1587317 102.6838162
v -25.3718381 40.0762602 102.2478553
v -25.3308439 40.1631335 101.8178655
v -25.2935432 40.3830870 101.4612933
v -27.3542701 42.4403328 103.1455084
v -27.3795978 40.1032347 102.5194126
v -26.9997268 40.3055580 101.1046658
v -26.8310673 42.4338899 101.3487049
v -26.7914601 42.6748986 101.8052431
v -26.7589878 42.7388366 102.2815479
v -26.6319063 41.7641608 103.6503427
v -26.5952863 41.2533220 103.7456666
v -26.5529160 40.6895092 103.6360678
v -26.5214433 40.2955408 103.3927859
v -26.3943749 39.8367237 101.7736991
v -26.3563400 40.1066285 101.2972054
v -26.3164364 40.5286214 100.9460022
v -26.4116585 42.3213843 101.7464050
v -25.8851406 40.6057194 103.5947920
v -25.7145690 39.9226868 101.5530602
v -25.6637864 40.4329871 100.9999328
v -25.5326653 42.1430498 101.0629215
v -25.5007139 42.4734990 101.3957900
v -25.1328902 39.8239340 102.6773227
v -25.2526452 40.7429024 101.1926094
v -24.1281627 40.4142816 103.0731744
v -23.9852697 40.2611574 101.6237145
v -23.5588635 41.3595757 103.4305100
v -23.4547475 40.3352014 102.9831296
v -25.2070200 41.2442565 101.0722899
v -25.1433628 41.8829759 101.2589631
v -25.0870835 42.3135801 101.7343570
v -24.7849316 42.7369776 102.0332995
v -25.0216805 42.4206358 102.4185434
v -24.9684803 42.1714286 102.9926554
v -24.6678341 42.0438300 103.5151824
v -24.9178072 41.7143462 103.3325111
v -24.6233370 41.4754140 103.7337030
v -24.8727037 41.2433903 103.4256886
v -24.8271535 40.7373898 103.3186444
v -24.5750660 40.7647086 103.6670104
v -24.7756420 40.3128627 102.9618331
v -24.7340663 40.1118399 102.5344629
v -24.6912943 40.0890355 102.0605123
v -24.6504525 40.2534824 101.6400216
v -24.6168397 40.4803939 101.3652161
v -24.3145146 40.7263664 100.8548251
v -24.2814905 41.1610217 100.7695629
v -24.4669331 42.0028325 101.3413556
v -24.4137501 42.3620352 101.8491782
v -24.1076422 42.7524495 102.2594618
v -24.3478481 42.3963768 102.5473701
v -24.2931720 42.0686471 103.1053204
v -24.2244767 41.4325269 103.4219344
v -24.1680057 40.7744682 103.3305041
v -23.9271653 41.0049393 103.7196056
v -24.0842085 40.1540351 102.6742627
v -24.0344344 40.0734701 102.1200259
v -23.9472030 40.5400000 101.3175580
v -23.9041506 40.9761483 101.1096280
v -23.8440987 41.6559848 101.1342909
v -23.6113347 41.2923686 100.7662889
v -23.7841349 42.1749061 101.5215620
v -23.7007004 42.4210859 102.4127170
v -23.6674398 42.3108156 102.7537479
v -23.5008466 40.7170458 103.3102009
v -23.1743272 39.9853482 103.0341262
v -23.4122268 40.1161631 102.5646727
v -23.3681009 40.0889545 102.0938831
v -23.3329479 40.2123058 101.7065348
v -23.2899350 40.5071877 101.3453909
v -23.0548253 40.0149734 101.4247827
v -23.2488356 40.9221563 101.1258969
v -23.1941444 41.4986647 101.1017273
v -23.1534762 41.9146208 101.2859420
v -23.1142835 42.2159660 101.5848610
v -23.0774506 42.3911809 101.9718673
v -22.8095791 42.7043610 101.9125099
v -22.7684937 42.7258738 102.4825971
v -22.9951872 42.2630666 102.8488775
v -22.9260536 41.6804143 103.3545050
v -22.6426664 41.5902857 103.7166778
v -22.8557800 40.9153267 103.3776923
v -22.8206492 40.5667294 103.2042284
v -22.7805232 40.2477644 102.8729201
v -22.6349637 40.4564280 101.3890406
v -22.5498115 41.2957259 101.0791297
v -22.5123432 41.7104851 101.1773048
v -22.1225017 40.2829220 102.9153091
v -22.0731364 40.0779061 102.4118274
v -21.8649527 41.5556049 101.1173809
v -21.7868109 42.2472874 101.6292060
v -21.5137351 40.7290413 103.3189965
v -21.3542292 40.1536755 101.7982662
v -21.1120568 42.3048122 101.7368826
v -20.9836403 42.0952867 103.0830814
v -22.6782747 40.1712644 101.7817004
v -22.4308246 39.7974495 101.9107750
v -22.3906781 40.0203968 101.4108900
v -22.3523365 40.4041538 101.0231179
v -22.5924417 40.8322381 101.1548969
v -22.4776921 42.0479551 101.3889949
v -22.2062048 42.3067911 101.2048568
v -22.4356249 42.3145278 101.7610703
v -22.3892914 42.4345219 102.2611104
v -22.2549728 41.5910847 103.3805558
v -22.2008462 40.9944482 103.3991072
v -21.9479864 41.1247196 103.7470641
v -22.1577493 40.5702536 103.2098658
v -21.8445002 39.9529067 102.9789509
v -22.0215109 40.1429867 101.8612762
v -21.6778982 40.5313073 100.9445872
v -21.9071969 41.0912587 101.0894007
v -21.6477348 40.9572094 100.7959591
v -21.8272057 41.9154140 101.2868258
v -21.7551260 42.3789034 101.9485813
v -21.7102983 42.4240256 102.4474653
v -21.4394009 42.7096342 102.5611988
v -21.4107214 42.5676027 102.9417785
v -21.6476887 42.1079102 103.0578551
v -21.6074427 41.7373659 103.3219595
v -21.5645042 41.2933733 103.4251025
v -21.4651382 40.3188328 102.9665123
v -21.4194002 40.0945845 102.4972900
v -21.1244503 39.7598029 102.1923409
v -21.0923790 39.8549467 101.7398678
v -21.2667202 40.8550831 101.1447316
v -20.9643754 41.2238225 100.7599826
v -21.2171847 41.3940783 101.0804018
v -21.1603044 41.9839793 101.3239314
v -20.8962417 42.1422378 101.0634840
v -21.0696223 42.4252361 102.1848384
v -21.0321269 42.3666300 102.6098233
v -20.7875172 42.7366462 102.4256689
v -20.9315878 41.6055166 103.3725713
v -20.8803473 41.0737002 103.4198277
v -20.6680717 41.7365339 103.6675055
v -20.8228617 40.4590556 103.1388830
v -20.7562026 40.1053648 102.5255125
v -20.7154466 40.0931773 102.0642018
v -20.6730705 40.2530890 101.6282228
v -20.6348711 40.5532303 101.3091912
v -20.3309698 40.8297688 100.8226527
v -20.5579720 41.3600864 101.0823473
v -20.2928161 41.3697133 100.7645462
v -20.5133752 41.8273954 101.2260877
v -20.2185340 42.3021594 101.2007250
v -20.4600149 42.2507006 101.6344013
v -20.4174904 42.4116637 102.0785638
v -20.3774740 42.3941350 102.5268012
v -20.2208059 41.0745807 103.4143720
v -19.3489161 40.2580407 101.6237742
v -18.9859110 42.0129929 103.1495311
v -18.9436482 41.5964812 103.3716242
v -18.0193762 40.2950278 101.5728869
v -20.3267740 42.1411343 103.0334116
v -20.0419889 42.1995329 103.3980932
v -20.2710054 41.6245243 103.3729141
v -20.1797133 40.6567052 103.2662407
v -20.1377991 40.3117134 102.9589338
v -19.7945867 39.7657551 102.1162030
v -20.0302446 40.1503724 101.8096136
v -19.7476735 39.9500014 101.5050072
v -19.9206960 41.0834720 101.0918755
v -19.6728035 40.7936586 100.8316566
v -19.8717435 41.6263730 101.1287706
v -19.8173782 42.1240923 101.4631441
v -19.5182061 42.6151186 101.6524017
v -19.7648780 42.3960652 101.9848062
v -19.4848084 42.7268245 102.0708013
v -19.7106657 42.3950983 102.5419293
v -19.6164029 41.6993405 103.3481836
v -19.5505439 41.0080333 103.4146220
v -19.2823174 40.8746950 103.6997551
v -19.2448099 40.4338349 103.4953210
v -19.4793512 40.3187688 102.9952720
v -19.3889228 40.0938774 102.0612265
v -19.2566067 41.1019978 101.0880908
v -19.2100492 41.6076548 101.1329345
v -19.1547308 42.0977176 101.4289436
v -19.1012891 42.4070165 102.0046981
v -19.0389505 42.3511874 102.6723841
v -18.9076177 41.2132044 103.4288043
v -18.8467442 40.5645233 103.2227120
v -18.6162404 40.8679582 103.6900687
v -18.7845002 40.1381294 102.6604934
v -18.7221541 40.0973456 101.9872027
v -18.4489110 39.8168602 101.8375135
v -18.6742593 40.3334133 101.5212004
v -18.6326948 40.6852265 101.2223168
v -18.3320747 41.0048533 100.7802555
v -18.5718193 41.3467373 101.0667095
v -18.2917289 41.5323435 100.7887765
v -18.5081543 41.9966532 101.3340717
v -18.4473766 42.3636423 101.8702630
v -18.3545645 42.2374080 102.8869295
v -18.3162709 41.9594024 103.1908133
v -18.2776970 41.5750538 103.3800278
v -18.2352672 41.1126369 103.4214097
v -18.1967444 40.6942986 103.2862416
v -18.1506177 40.2978602 102.9496598
v -18.0974667 40.0886373 102.4167332
v -18.0565931 40.1123648 101.9671436
v -17.7428458 40.1028814 101.3074861
v -17.9827033 40.5757587 101.2927765
v -17.9408868 40.9992359 101.1049443
v -17.8392799 42.0407429 101.3862143
v -17.6042065 41.4237117 103.4147930
v -17.5655459 41.0061308 103.4003835
v -17.4647278 40.1598886 102.7227403
v -17.0457549 42.3354300 102.7276728
v -16.8420999 40.4143500 103.0757712
v -16.5763001 41.4374299 101.0852745
v -16.4557416 42.3932306 101.9407366
v -16.2329474 40.9324235 103.3817650
v -16.0217372 40.3246862 101.5214013
v -15.8144990 42.3067487 101.7184635
v -15.5921025 41.1717069 103.4345527
v -15.5196703 40.4448996 103.1089173
v -17.8926687 41.5261146 101.1018761
v -17.7928964 42.3474764 101.8080387
v -17.7409149 42.4213513 102.3690143
v -17.6987464 42.2752586 102.8210368
v -17.6646721 42.0502546 103.1140484
v -17.3298114 41.3892072 103.7334903
v -17.5252456 40.5804494 103.2191530
v -17.2115977 39.9845841 103.0326588
v -17.4002185 40.0921829 102.0222238
v -17.3520541 40.3114450 101.5471816
v -17.2689560 41.0989890 101.0903183
v -17.2290826 41.5360761 101.1100269
v -17.1633744 42.1292915 101.4608990
v -17.1066923 42.4200214 102.0738953
v -16.9939391 41.9838000 103.1739876
v -16.9310309 41.3326148 103.4392051
v -16.6943335 41.7312589 103.6620941
v -16.6551338 41.2285348 103.7454709
v -16.6122325 40.6477366 103.6209469
v -16.8773028 40.7461889 103.3121932
v -16.5458336 39.9539399 102.9805863
v -16.7554032 40.0797805 102.2204124
v -16.7154117 40.1732275 101.7663612
v -16.6635598 40.5332552 101.3223654
v -16.6239109 40.9071051 101.1313391
v -16.3096040 41.4833498 100.7838535
v -16.5261886 41.9319350 101.2956660
v -16.1919745 42.6684461 101.8030754
v -16.4081958 42.4062810 102.4561957
v -16.3638334 42.2261498 102.9181562
v -16.0680050 42.2006950 103.4045280
v -16.3090989 41.7744242 103.3032911
v -16.2679248 41.3345048 103.4237451
v -15.9496075 40.6357441 103.6121580
v -16.1843332 40.4588182 103.1315556
v -15.9070227 40.1511789 103.2666497
v -16.1137542 40.0942793 102.4555719
v -16.1460486 40.2129612 102.7871277
v -16.0729264 40.1030450 102.0118579
v -15.9810449 40.7288645 101.2019909
v -15.9280757 41.2731960 101.0689326
v -15.6345511 41.6566589 100.8184073
v -15.8738763 41.8608421 101.2417066
v -15.5962441 42.1475053 101.0589988
v -15.5567856 42.5080141 101.4514185
v -15.5268559 42.6847839 101.8579203
v -15.7487749 42.4218608 102.3960290
v -15.6925538 42.1663288 103.0034325
v -15.6415655 41.7241036 103.3267321
v -15.3264452 41.1927586 103.7388581
v -15.4672326 40.1276587 102.6194172
v -15.1448576 42.3256043 101.7827397
v -15.1041688 42.4219856 102.2283017
v -15.0682107 42.3614347 102.6338078
v -15.0283685 42.1492572 103.0052595
v -14.8318706 40.2724815 102.9021433
v -14.7787396 40.0641182 102.3385144
v -14.4849921 42.3133525 101.7579224
v -14.4057589 42.3621659 102.6264309
v -14.3534913 42.0583895 103.1243127
v -14.2463682 40.9069803 103.3813548
v -14.1184147 40.0763317 102.3624804
v -13.5938479 41.0534383 103.4093557
v -13.5173868 40.3311538 102.9811663
v -13.4262284 40.0901864 102.0341710
v -13.3206501 40.8215676 101.1615112
v -13.1158127 42.4320596 102.2428597
v -13.0653556 42.2988293 102.7879179
v -15.4182536 40.0883457 102.0902345
v -15.3705652 40.2726144 101.5869357
v -15.1052428 40.0151845 101.4251712
v -15.3219130 40.6654920 101.2355601
v -15.2814270 41.0983512 101.0884256
v -15.1971230 41.9853747 101.3223233
v -14.7974138 42.6369878 102.7926323
v -14.9325879 41.2121896 103.4251238
v -14.8865894 40.7108855 103.3060738
v -14.5990742 40.3293145 103.4202094
v -14.5145105 39.7665160 102.4078742
v -14.7105729 40.2555152 101.6115246
v -14.4718561 39.8201586 101.8170554
v -14.4322430 40.0945890 101.3116194
v -14.6616926 40.6511325 101.2438115
v -14.3970831 40.4869624 100.9724416
v -14.6201724 41.0788334 101.0879686
v -14.5778214 41.5552766 101.1216554
v -14.3303961 41.3863602 100.7730871
v -14.5328531 41.9991969 101.3401110
v -14.4484524 42.4219819 102.1576731
v -14.1637392 42.7336930 102.4081013
v -14.0836741 42.2500915 103.3657108
v -14.0460860 41.7787134 103.6449728
v -14.2935793 41.4623763 103.4103903
v -14.0092051 41.2695009 103.7457683
v -13.9690079 40.7268668 103.6485506
v -13.9412956 40.3606579 103.4428180
v -14.1793593 40.3227121 102.9946376
v -14.0784466 40.1259324 101.9218284
v -14.0193785 40.4852161 101.3634523
v -13.9385368 41.3369756 101.0773555
v -13.9781468 40.8514793 101.1503849
v -13.8860970 41.8316534 101.2321469
v -13.8462176 42.1856616 101.5430246
v -13.5400792 42.6845789 101.8269179
v -13.8032575 42.3882224 101.9689711
v -13.7288086 42.2978439 102.7827038
v -13.6876861 42.0329032 103.1304259
v -13.6345525 41.5141610 103.4009168
v -13.5530045 40.6392195 103.2538151
v -13.2391505 39.9968242 103.0523960
v -13.4727470 40.1174398 102.5639012
v -13.2747148 41.3181970 101.0713986
v -13.2237185 41.8408907 101.2362681
v -13.1736564 42.2602768 101.6330550
v -12.8530562 42.7367056 102.1903366
v -12.9073975 40.7991115 103.3375669
v -12.1124636 40.0793987 102.1740596
v -12.0309399 40.4687206 101.3735454
v -11.6462739 41.4938201 103.4078415
v -11.5359420 40.3752138 103.0355732
v -11.4958549 40.1557333 102.6693878
v -11.3698632 40.4623353 101.3712109
v -10.8622876 40.2974525 102.9375874
v -10.8147369 40.0868447 102.4597044
v -13.0183924 41.9589819 103.1969827
v -12.7266817 41.8709857 103.6045843
v -12.9577720 41.3422479 103.4296874
v -12.8631161 40.4001912 103.0680405
v -12.8017669 40.0801749 102.4529841
v -12.7477523 40.1372570 101.8823812
v -12.7073447 40.3606427 101.4861478
v -12.6649322 40.7365805 101.1954931
v -12.6247211 41.1753903 101.0831452
v -12.5473833 41.9693551 101.3251694
v -12.5020330 42.3139411 101.7402267
v -12.4615981 42.4170386 102.1505676
v -12.2938946 41.3341594 103.4260471
v -12.0429134 41.5757149 103.7124258
v -12.2428328 40.7734653 103.3356519
v -12.1928525 40.3521000 103.0067293
v -11.8905977 39.8517628 102.7675115
v -12.1557869 40.1406120 102.6357639
v -12.0775093 40.1749939 101.7827432
v -11.9919136 40.8409837 101.1524695
v -11.6882537 41.2820913 100.7635462
v -11.9511340 41.3151066 101.0776398
v -11.8954913 41.8788671 101.2595564
v -11.6541953 41.7184459 100.8390554
v -11.8457930 42.2753013 101.6577239
v -11.5791036 42.5343873 101.5016014
v -11.7963719 42.4202152 102.1659599
v -11.7548039 42.3703197 102.6198980
v -11.7047066 42.0551535 103.1221201
v -11.5741862 40.7273977 103.3053317
v -11.4571611 40.0762463 102.2468023
v -11.4191849 40.1579603 101.8234798
v -11.1358290 39.9565539 101.5084897
v -11.0969531 40.3059500 101.0989558
v -11.0642960 40.7069329 100.8684416
v -11.2582319 41.6351440 101.1261515
v -10.9769656 41.8902354 100.9052208
v -11.2019376 42.1291411 101.4720808
v -11.1599744 42.3649797 101.8787479
v -11.1192241 42.4199996 102.3412563
v -10.8649895 42.7369292 102.1899789
v -11.0811552 42.3229927 102.7350979
v -10.7792100 42.3193047 103.2957089
v -11.0297186 41.9593337 103.1948170
v -10.9856091 41.5072161 103.3986974
v -10.9434209 41.0495151 103.4079981
v -10.9027188 40.6098323 103.2390756
v -10.5973596 40.0549799 103.1468863
v -10.7657497 40.1225559 101.9277955
v -10.7270374 40.3170624 101.5402539
v -10.6879065 40.6246899 101.2608773
v -10.6451465 41.0732424 101.0890564
v -10.5242616 42.2407973 101.6246140
v -10.4876189 42.3954060 102.0003761
v -10.2880863 41.1282243 103.4188371
v -10.2521999 40.7366003 103.3073766
v -9.9764919 41.1471004 101.0846293
v -9.7247909 42.1256099 103.0403460
v -9.6069076 40.9237814 103.3820550
v -8.9086794 40.5594865 103.2112792
v -8.5099210 42.3693863 101.8936663
v -8.1976012 40.2057872 102.8080559
v -10.5673624 41.9134925 101.2836959
v -10.6012181 41.5599652 101.1225292
v -10.4374665 42.3978661 102.5602430
v -10.3749445 42.0249303 103.1407584
v -10.3313945 41.5998957 103.3741757
v -10.2084403 40.3301632 102.9903642
v -10.1556463 40.1040450 102.5051840
v -10.1175802 40.0918460 102.0765546
v -10.0629011 40.3234016 101.5215971
v -10.0153833 40.7278124 101.2028637
v -9.9389769 41.5662731 101.1221268
v -9.8996065 41.9647956 101.3207100
v -9.8487925 42.3044888 101.7185642
v -9.8003546 42.4262485 102.2654693
v -9.7630566 42.3418679 102.6773488
v -9.6843164 41.7732187 103.3042157
v -9.6482294 41.3806124 103.4188806
v -9.5663083 40.5370834 103.1866304
v -9.5264768 40.2444536 102.8557127
v -9.4476496 40.1006456 102.0158086
v -9.4101086 40.2659770 101.6138977
v -9.3707750 40.5567614 101.3053880
v -9.3310247 40.9516794 101.1166441
v -9.2545334 41.7847064 101.2062722
v -9.2103486 42.1704506 101.5171943
v -8.9190638 42.6030809 101.6335708
v -9.1680097 42.3795512 101.9410562
v -9.1338100 42.4249187 102.3050437
v -9.0949533 42.3210668 102.7340610
v -9.0543963 42.0733158 103.0927410
v -8.9551917 41.0519437 103.4098962
v -9.0020732 41.5636466 103.3892127
v -8.8612458 40.2272260 102.8265822
v -8.8221523 40.0810867 102.3843662
v -8.7822165 40.1154698 101.9561900
v -8.7419874 40.3023041 101.5595968
v -8.6324191 41.3373945 101.0765551
v -8.5493550 42.1461261 101.4966993
v -8.4631857 42.4205903 102.4209936
v -8.3999523 42.1293034 103.0442654
v -8.2985338 41.1149462 103.4276533
v -8.2467350 40.5890102 103.2238946
v -8.0910958 40.2134709 101.6878639
v -8.0377491 40.6424348 101.2421278
v -7.9915152 41.1288408 101.0859482
v -7.9565741 41.5285528 101.1160907
v -7.6820579 41.7105465 100.8348871
v -7.8766174 42.2363860 101.6099562
v -7.8235090 42.4300087 102.1601593
v -8.1474598 40.0768650 102.2624069
v -7.7646233 42.3093894 102.7674003
v -7.7113379 41.9041713 103.2428475
v -7.6525044 41.2539568 103.4299949
v -7.3231744 40.4345226 103.4983891
v -7.2887838 40.1118727 103.2079566
v -7.5165552 40.1329977 102.6089096
v -7.2618870 39.8706369 102.8282550
v -7.1782612 39.7904919 101.9326419
v -7.4267721 40.2445065 101.6503018
v -7.2437362 40.1035090 101.4854619
v -7.3886823 40.5304407 101.3227109
v -7.3374093 41.0653777 101.0890712
v -7.1040435 41.0275312 100.8243702
v -7.2814446 41.6306445 101.1402434
v -7.0314956 42.4783189 101.6379542
v -7.0086932 42.5978146 102.1734192
v -6.9905117 42.5407294 102.5954297
v -7.0917722 42.2317363 102.8927959
v -7.0526972 41.9381987 103.2080167
v -7.9205392 41.8843506 101.2613154
v -7.6042057 40.7620595 103.3195001
v -7.5624063 40.3781045 103.0456678
v -7.4727292 40.0770707 102.1310617
v -7.1410691 40.2158188 101.1953957
v -7.0810394 41.6496341 100.8833581
v -7.2044831 42.2891892 101.6923939
v -7.0221202 42.5522009 101.8620241
v -7.1616957 42.4190353 102.1670663
v -7.0194820 42.5667833 101.9248943
v -7.0168437 42.5787294 101.9904837
v -7.1250446 42.3855958 102.5541869
v -6.9544823 42.0357670 103.2867149
v -6.9964592 41.3533613 103.4336059
v -6.9097631 41.1136207 103.4989811
v -6.9061391 40.4337159 103.0983352
v -6.8806840 40.5550000 103.2759123
v -6.8620794 40.1624112 102.6942990
v -6.8515993 40.1759040 102.7808620
v -6.8370634 40.1018613 102.4915503
v -6.8389479 40.1003783 102.4471374
v -6.8351789 40.0942817 102.4077508
v -6.8321637 40.0887618 102.3683642
v -6.7497002 40.1493467 102.2966720
v -6.7499677 40.3463961 102.8710297
v -6.7499408 40.7222498 103.2144401
v -7.1357915 39.8639796 102.8001916
v -6.7499537 41.2455961 103.3503440
v -6.9304446 41.5912732 103.4811173
v -6.7499894 41.7002945 103.2482519
v -6.7499830 42.0513705 102.9964558
v -6.9735161 42.3643472 102.9505582
v -6.7499964 42.2782618 102.6181234
v -6.7498436 42.3407935 102.0968611
v -6.7499755 42.1121417 101.5798857
v -7.0510489 42.1810582 101.2042413
v -6.7499684 41.7569303 101.2805277
v -6.7500099 41.3443777 101.1686109
v -6.7499268 40.9108287 101.2082749
v -7.1223633 40.5738664 100.9523482
v -6.7499728 40.5653644 101.4054720
v -6.7498137 40.2761839 101.7510993
v -7.0149592 40.2155547 101.3841115
v -8.0950246 42.7253770 102.0377529
v -8.0058427 42.3369620 103.2772929
v -7.9613841 41.9048853 103.5908275
v -7.5538258 41.7086850 100.8361460
v -7.2475253 41.9911987 101.3457028
v -7.3343547 42.2835655 103.3229666
v -7.3014548 41.9266811 103.5830031
v -6.9451606 40.7894062 103.3289667
v -10.8642897 41.7132229 100.8393483
v -10.8320081 42.0998094 101.0280710
v -10.7585263 42.7099198 101.9126624
v -10.7114776 42.7194008 102.4913761
v -10.1031804 42.6678099 101.7746030
v -9.8838440 40.9553048 103.7104340
v -9.8501405 40.5165300 103.5524753
v -9.8100575 40.0789194 103.1790428
v -9.4903668 40.0975917 102.4624668
v -9.2961797 41.3737421 101.0876103
v -9.4918767 42.2989823 101.1977600
v -9.4579587 42.5532357 101.5308776
v -9.1792536 40.4103499 103.4796377
v -8.6982008 40.6740131 101.2220582
v -8.9000967 41.3740204 100.7720175
v -8.8708428 41.7662085 100.8537717
v -8.5866338 41.8395934 101.2368376
v -8.7906115 42.6060474 101.6263745
v -8.3534746 41.6993747 103.3358370
v -8.5879455 41.3833739 103.7342239
v -8.5206364 40.4747453 103.5313339
v -13.2219394 41.3221432 103.7398796
v -13.1884522 40.8806243 103.6961040
v -13.1048157 39.9431171 102.9613739
v -12.5893711 41.5815289 101.1248383
v -12.4309402 42.3985369 102.4956258
v -12.3894814 42.2240240 102.9082286
v -12.3489753 41.9017788 103.2317821
v -12.3913327 39.7606344 102.2697372
v -12.3544175 39.8411120 101.7681281
v -12.3172621 40.0733965 101.3405207
v -12.2807530 40.4468880 100.9970333
v -12.1259809 42.4344151 101.3333724
v -12.0823628 42.6907748 101.8721651
v -12.0449815 42.7382623 102.3760880
v -11.6083338 41.0698113 103.4062868
v -11.8488154 40.6436110 103.6225036
v -11.7959214 40.0692727 103.1754999
v -11.7160340 39.7701208 102.1077300
v -11.3222337 40.9478882 101.1176770
v -11.5684127 41.1295392 100.7620878
v -11.5266365 41.7181299 100.8354501
v -11.3639865 42.6694031 102.7005696
v -11.3285897 42.4786044 103.0991683
v -11.2928976 42.1024692 103.4794069
v -11.2504401 41.5429043 103.7196301
v -10.9237181 40.8915067 100.8094948
v -15.7174174 39.7797891 102.4815116
v -15.6858479 39.7758500 102.0378296
v -15.6463995 39.9441441 101.5302311
v -15.6078124 40.3148134 101.0895751
v -15.5659824 40.8291340 100.8199007
v -15.2458701 41.5015624 101.1088512
v -15.4833744 41.9545370 100.9426602
v -15.4518793 42.2870327 101.1832027
v -15.3260652 42.6159595 102.8473153
v -14.9819002 41.7391735 103.3233870
v -15.0386701 39.7569742 102.2848304
v -14.7024456 42.7372213 102.3058190
v -14.5899888 41.8905088 103.5954786
v -14.5554927 41.4699760 103.7274505
v -14.3953042 39.7928292 102.5423080
v -14.0483164 40.2705154 101.6194441
v -14.2356644 40.8820081 100.8132844
v -14.0818139 42.6430222 101.7292434
v -13.7682169 42.4193732 102.3603988
v -13.8526225 40.8888060 103.6946561
v -13.7438819 39.8683931 102.8168459
v -13.7068304 39.7566185 102.1566288
v -13.3731998 40.3487910 101.4883611
v -13.6282629 40.1935088 101.2011573
v -18.1775615 41.3570417 100.7694313
v -17.9454351 42.3779211 103.2285577
v -17.6359436 41.7693723 103.2973204
v -17.7515560 40.0098207 103.0788373
v -17.7119528 39.8099259 102.6278485
v -17.6774408 39.7642125 102.1265212
v -17.6362302 39.9465667 101.5102825
v -17.3121549 40.6640715 101.2349860
v -17.5533609 40.8208900 100.8271047
v -17.5184100 41.3153521 100.7613418
v -17.4779641 41.8456776 100.8857662
v -17.4410128 42.2809782 101.1749382
v -17.2458575 41.9818261 103.5574655
v -17.2034101 41.4610931 103.7268656
v -17.1677530 40.9216106 103.7114577
v -16.7997369 40.1598118 102.6908171
v -16.8966946 40.7593095 100.8344070
v -16.4974317 42.1702993 101.5329460
v -16.6385343 42.5324923 103.0185101
v -16.5255327 41.2163130 103.7384812
v -16.4963518 40.7838690 103.6706567
v -16.4558899 40.3088705 103.4082418
v -16.3831146 39.7887865 102.5567507
v -16.3439340 39.7801653 101.9967299
v -16.2204805 40.9103475 100.8014506
v -16.1478482 41.9382031 100.9217298
v -16.1040627 42.4002855 101.3034273
v -15.5538072 40.7548943 103.3099736
v -20.6263132 42.6250478 102.8490227
v -20.5457113 41.8376188 103.6284632
v -20.5038799 41.2526859 103.7456516
v -20.4628915 40.6820773 103.6330096
v -20.0943542 40.0980873 102.5015449
v -20.3381803 39.7635439 102.2319501
v -20.3051301 39.8296681 101.8052558
v -19.9754945 40.5314320 101.3189155
v -20.0642766 42.5186710 101.4745352
v -19.9907013 42.7305855 102.4536702
v -19.6643208 42.1448910 103.0134329
v -19.9036026 42.0738274 103.4958326
v -19.7845927 40.4714494 103.5195407
v -19.4266683 40.0947567 102.4424917
v -19.3060663 40.5921646 101.2776728
v -19.5516283 40.6477893 100.8914880
v -19.5149790 41.1937681 100.7560259
v -19.4716305 41.7632420 100.8550493
v -19.4360276 42.2057307 101.1051705
v -19.2823430 42.4965136 103.0922683
v -19.1511698 40.8491815 103.6845559
v -19.1163069 40.4278462 103.4982946
v -18.4008835 42.4141288 102.4372306
v -18.5958278 42.2543436 103.3505173
v -18.5617099 41.8796563 103.6068076
v -18.2473210 40.4192805 101.0128757
v -22.7338747 40.0833693 102.3854617
v -22.9833570 39.7601405 102.2154034
v -22.3497800 42.3346116 102.6862629
v -22.3132287 42.1072786 103.0676264
v -22.5526072 42.0818135 103.5035158
v -22.5056531 41.4612592 103.7291879
v -22.3392482 39.7768766 102.4511185
v -22.3079222 39.7816009 101.9752921
v -21.9847603 40.3571161 101.4959552
v -21.9483443 40.6835405 101.2259887
v -22.1027394 42.0234845 100.9820852
v -22.0708564 42.3786170 101.2741389
v -21.8650746 41.7589586 103.6495922
v -21.8359789 41.3511570 103.7430415
v -21.3075409 40.4731564 101.3760551
v -21.5585567 40.4361182 100.9950674
v -21.3883470 42.5328030 101.4983797
v -21.3580403 42.7052890 101.9149919
v -21.3151573 42.7276960 102.4444396
v -21.2804301 42.5802545 102.9332584
v -21.2402679 42.2021755 103.4069376
v -21.0719752 40.0932881 103.1868672
v -20.9928842 39.7666667 102.1401487
v -20.9614985 39.8638443 101.7068931
v -20.9219614 40.1456014 101.2491417
v -20.5987304 40.9343692 101.1251813
v -20.7104877 42.6253347 101.6881467
v -25.4113158 42.0607285 101.0052872
v -25.2953665 42.7269275 102.4422824
v -25.2586802 42.5936683 102.9053591
v -25.1320665 41.1023416 103.7325721
v -25.0624204 40.2134520 103.3261671
v -25.0202243 39.8857244 102.8571210
v -24.5780460 40.8622822 101.1459285
v -24.5357104 41.3485594 101.0773568
v -24.1441955 41.3056675 100.7665253
v -24.1111360 41.7223879 100.8402184
v -23.7453435 42.3744259 101.9214800
v -23.9464627 42.6481771 102.7626350
v -23.6212931 41.9888713 103.1771206
v -23.8195116 41.3196583 103.7371332
v -23.7500550 40.3651625 103.4521924
v -23.7142156 40.0229302 103.0985614
v -23.6349339 39.7768448 102.0160487
v -23.5907902 39.9975614 101.4351024
v -23.3498469 42.6778007 101.8370695
v -23.0391868 42.4113120 102.4214513
v -22.9640154 42.0303478 103.1215839
v -22.8862294 41.2424520 103.4190586
f 4 1 2
f 4 2 3
f 6 4 3
f 6 3 5
f 7 6 5
f 10 5 8
f 10 7 5
f 10 8 9
f 11 10 9
f 13 11 9
f 13 9 12
f 15 13 12
f 15 12 14
f 17 15 14
f 17 14 16
f 19 17 16
f 18 17 19
f 20 17 18
f 987 19 16
f 987 16 21
f 999 20 18
f 24 987 21
f 27 999 22
f 24 21 23
f 989 24 23
f 989 23 26
f 29 27 25
f 28 989 26
f 33 28 26
f 34 29 31
f 33 26 30
f 36 33 30
f 38 34 32
f 36 30 35
f 40 36 35
f 40 35 37
f 41 38 39
f 44 40 37
f 1003 41 42
f 44 37 43
f 1 44 43
f 46 1003 45
f 1 43 2
f 1005 46 47
f 18 22 999
f 22 1031 27
f 1031 25 27
f 25 31 29
f 31 32 34
f 32 39 38
f 39 42 41
f 42 45 1003
f 45 47 46
f 49 1005 47
f 48 49 47
f 1006 49 48
f 1033 1006 48
f 51 1006 1033
f 50 51 1033
f 1009 51 50
f 52 1009 50
f 54 1009 52
f 53 54 52
f 56 54 53
f 55 56 53
f 56 55 1034
f 1010 56 1034
f 1010 1034 1035
f 57 1010 1035
f 57 1035 1036
f 59 57 1036
f 58 59 1036
f 61 59 58
f 60 61 58
f 63 61 60
f 62 63 60
f 64 63 62
f 1037 64 62
f 1038 64 1037
f 1013 64 1038
f 1013 1038 1039
f 65 1013 1039
f 65 1039 1040
f 1015 65 1040
f 1015 1040 66
f 1017 1015 66
f 68 1017 66
f 67 68 66
f 69 68 67
f 69 67 1041
f 70 69 1041
f 70 1041 1042
f 71 70 1042
f 71 1042 1043
f 73 71 1043
f 73 1043 72
f 74 73 72
f 76 74 72
f 76 72 75
f 78 76 75
f 78 75 77
f 80 78 77
f 79 80 77
f 82 80 79
f 81 82 79
f 84 82 81
f 83 84 81
f 86 84 83
f 85 86 83
f 88 86 85
f 87 88 85
f 89 88 87
f 91 88 89
f 90 91 89
f 92 91 90
f 1045 92 90
f 94 92 1045
f 93 94 1045
f 96 94 93
f 95 96 93
f 97 96 95
f 98 97 95
f 99 97 98
f 1046 99 98
f 100 99 1046
f 1047 100 1046
f 102 100 1047
f 101 102 1047
f 103 102 101
f 103 101 104
f 105 103 104
f 1704 105 104
f 1048 1704 104
f 106 1704 1048
f 1049 106 1048
f 109 106 1049
f 107 109 1049
f 108 109 107
f 1705 109 108
f 1706 1705 108
f 1706 108 110
f 1706 110 111
f 113 1706 111
f 112 113 111
f 115 113 112
f 114 115 112
f 1707 115 114
f 117 1707 114
f 116 117 114
f 1708 117 116
f 118 1708 116
f 1709 1708 118
f 1050 1709 118
f 121 1709 1050
f 119 121 1050
f 120 121 119
f 123 121 120
f 122 123 120
f 125 123 122
f 125 122 124
f 127 125 124
f 126 127 124
f 129 127 126
f 129 126 128
f 131 129 128
f 130 131 128
f 133 131 130
f 132 133 130
f 134 133 132
f 1059 134 132
f 135 134 1059
f 137 135 1059
f 137 1059 136
f 139 137 136
f 139 136 138
f 1062 139 138
f 140 139 1062
f 140 1062 1064
f 141 140 1064
f 142 141 1064
f 1067 142 1064
f 144 142 1067
f 143 144 1067
f 146 144 143
f 146 143 145
f 148 146 145
f 148 145 147
f 150 148 147
f 150 147 149
f 151 150 149
f 151 149 152
f 153 151 152
f 153 152 1073
f 154 153 1073
f 154 1073 1074
f 1712 154 1074
f 1712 1074 155
f 1713 1712 155
f 1713 155 156
f 157 1713 156
f 157 156 158
f 159 157 158
f 160 159 158
f 160 158 1077
f 161 160 1077
f 1715 161 1077
f 1715 1077 162
f 164 1715 162
f 164 162 163
f 166 164 163
f 166 163 165
f 168 166 165
f 168 165 167
f 1717 168 167
f 1717 167 1082
f 170 1717 1082
f 170 1082 169
f 1718 170 169
f 1718 169 171
f 1719 1718 171
f 1719 171 172
f 174 1719 172
f 174 172 173
f 1720 174 173
f 1720 173 175
f 1721 1720 175
f 1721 175 176
f 179 1721 176
f 177 179 176
f 178 179 177
f 180 179 178
f 1088 180 178
f 182 180 1088
f 181 182 1088
f 184 182 181
f 183 184 181
f 186 183 185
f 186 184 183
f 1722 186 185
f 1722 185 187
f 189 1722 187
f 188 189 187
f 191 189 188
f 190 191 188
f 193 191 190
f 192 193 190
f 195 193 192
f 195 192 194
f 197 194 196
f 197 195 194
f 198 197 196
f 200 197 198
f 199 200 198
f 201 200 199
f 1093 201 199
f 203 1093 202
f 203 201 1093
f 1678 203 202
f 1678 202 204
f 205 1678 204
f 1098 205 204
f 205 1098 206
f 207 205 206
f 209 207 206
f 208 209 206
f 211 209 208
f 210 211 208
f 213 211 210
f 212 213 210
f 215 213 212
f 214 215 212
f 216 215 214
f 1104 216 214
f 218 216 1104
f 1105 218 1104
f 217 218 1105
f 219 218 217
f 220 219 217
f 1681 219 220
f 1681 220 1108
f 1682 1681 1108
f 223 1682 1108
f 221 223 1108
f 222 223 221
f 225 223 222
f 225 222 224
f 227 225 224
f 226 227 224
f 1683 227 226
f 1684 1683 226
f 1684 226 1124
f 228 1124 1125
f 228 1684 1124
f 229 228 1125
f 229 1125 1126
f 230 229 1126
f 230 1126 231
f 232 230 231
f 233 232 231
f 235 232 233
f 234 235 233
f 1687 235 234
f 1129 1687 234
f 1688 1687 1129
f 236 1688 1129
f 238 1688 236
f 237 238 236
f 239 238 237
f 239 237 240
f 241 239 240
f 241 240 242
f 243 241 242
f 243 242 244
f 1689 243 244
f 1690 1689 244
f 1690 244 1134
f 246 1690 1134
f 245 246 1134
f 248 246 245
f 247 248 245
f 1136 248 247
f 250 248 1136
f 249 250 1136
f 252 249 251
f 252 250 249
f 254 251 253
f 254 252 251
f 1692 254 253
f 1692 253 1138
f 256 1138 1140
f 256 1692 1138
f 256 1140 255
f 258 256 255
f 258 255 257
f 261 258 257
f 261 257 259
f 261 259 260
f 1693 261 260
f 1694 1693 260
f 1694 260 262
f 1695 1694 262
f 1695 262 1144
f 1696 1695 1144
f 1696 1144 1145
f 1696 1145 263
f 1697 1696 263
f 1697 263 264
f 266 1697 264
f 266 264 265
f 268 266 265
f 268 265 267
f 270 267 269
f 270 268 267
f 1698 270 269
f 1698 269 271
f 272 1698 271
f 272 271 1151
f 1699 272 1151
f 1700 1699 1151
f 1152 1700 1151
f 273 1700 1152
f 1701 1700 273
f 274 1701 273
f 275 1701 274
f 276 275 274
f 1154 276 274
f 278 276 1154
f 277 278 1154
f 279 278 277
f 279 277 1157
f 281 1157 280
f 281 279 1157
f 1703 280 282
f 1703 281 280
f 283 1703 282
f 283 282 1160
f 1651 283 1160
f 1651 1160 284
f 286 1651 284
f 285 286 284
f 1652 286 285
f 1163 1652 285
f 1653 1652 1163
f 287 1653 1163
f 1654 1653 287
f 288 1654 287
f 289 1654 288
f 290 1654 289
f 292 290 289
f 292 289 291
f 292 291 293
f 1656 292 293
f 1657 1656 293
f 294 1657 293
f 296 1657 294
f 296 294 295
f 297 296 295
f 1169 297 295
f 298 297 1169
f 1171 298 1169
f 300 298 1171
f 299 300 1171
f 301 300 299
f 1173 301 299
f 1659 301 1173
f 302 1659 1173
f 304 1659 302
f 304 302 303
f 1660 304 303
f 1660 303 305
f 307 1660 305
f 307 305 306
f 1183 307 306
f 1662 307 1183
f 308 1662 1183
f 309 1662 308
f 310 309 308
f 312 309 310
f 311 312 310
f 1663 312 311
f 313 1663 311
f 314 1663 313
f 314 313 315
f 316 314 315
f 1187 316 315
f 317 316 1187
f 1189 317 1187
f 318 317 1189
f 320 318 1189
f 319 320 1189
f 1666 320 319
f 1191 1666 319
f 1667 1666 1191
f 321 1667 1191
f 1668 1667 321
f 322 1668 321
f 1669 1668 322
f 323 1669 322
f 324 1669 323
f 324 323 1194
f 324 1194 1196
f 326 324 1196
f 326 1196 325
f 1670 325 327
f 1670 326 325
f 1670 327 328
f 330 1670 328
f 329 330 328
f 331 330 329
f 1200 331 329
f 1671 331 1200
f 1672 1671 1200
f 1201 1672 1200
f 332 1672 1201
f 333 1672 332
f 335 333 332
f 334 335 332
f 337 335 334
f 336 337 334
f 339 337 336
f 338 339 336
f 341 339 338
f 341 338 340
f 344 341 340
f 344 340 342
f 343 344 342
f 345 344 343
f 347 345 343
f 346 347 343
f 349 347 346
f 348 349 346
f 350 349 348
f 352 350 348
f 352 348 351
f 354 352 351
f 354 351 353
f 355 354 353
f 356 354 355
f 1674 356 355
f 357 1674 355
f 1675 1674 357
f 358 1675 357
f 359 1675 358
f 360 359 358
f 1211 360 358
f 362 360 1211
f 361 362 1211
f 364 362 361
f 364 361 363
f 365 364 363
f 365 363 366
f 367 365 366
f 367 366 1214
f 369 367 1214
f 369 1214 368
f 370 369 368
f 1676 369 370
f 371 1676 370
f 1217 371 370
f 1623 371 1217
f 1219 1623 1217
f 373 1623 1219
f 372 373 1219
f 373 372 374
f 376 373 374
f 376 374 375
f 377 376 375
f 377 375 378
f 379 377 378
f 381 379 378
f 380 381 378
f 1624 381 380
f 382 1624 380
f 383 1624 382
f 385 383 382
f 384 385 382
f 387 385 384
f 386 387 384
f 388 387 386
f 390 387 388
f 389 390 388
f 1626 390 389
f 391 1626 389
f 1627 1626 391
f 392 1627 391
f 1628 1627 392
f 1628 392 393
f 1629 1628 393
f 1629 393 1230
f 395 1629 1230
f 395 1230 394
f 1631 394 396
f 1631 395 394
f 397 1631 396
f 1632 1631 397
f 398 1632 397
f 1633 1632 398
f 399 1633 398
f 1634 1633 399
f 400 1634 399
f 401 1634 400
f 401 400 402
f 403 401 402
f 405 403 402
f 405 402 404
f 407 405 404
f 407 404 406
f 408 407 406
f 409 408 406
f 1635 408 409
f 410 1635 409
f 1636 1635 410
f 1251 1636 410
f 1637 1636 1251
f 411 1637 1251
f 412 1637 411
f 413 1637 412
f 415 413 412
f 1253 415 412
f 414 415 1253
f 417 415 414
f 416 417 414
f 419 417 416
f 418 419 416
f 421 419 418
f 420 421 418
f 1639 421 420
f 422 1639 420
f 424 1639 422
f 423 424 422
f 426 424 423
f 425 426 423
f 428 426 425
f 427 428 425
f 430 428 427
f 429 430 427
f 432 430 429
f 431 432 429
f 1641 432 431
f 433 1641 431
f 434 1641 433
f 1262 434 433
f 435 434 1262
f 1263 435 1262
f 1642 435 1263
f 1643 1642 1263
f 1643 1263 1264
f 1644 1643 1264
f 1644 1264 436
f 437 1644 436
f 437 436 1266
f 1645 437 1266
f 1645 1266 438
f 1645 438 439
f 1646 1645 439
f 442 1646 439
f 440 442 439
f 441 442 440
f 443 442 441
f 1647 443 441
f 444 1647 441
f 445 1647 444
f 1271 445 444
f 1648 445 1271
f 446 1648 1271
f 1649 1648 446
f 447 1649 446
f 449 1649 447
f 1273 449 447
f 448 449 1273
f 451 449 448
f 450 451 448
f 453 451 450
f 452 453 450
f 1276 453 452
f 454 453 1276
f 454 1276 455
f 456 454 455
f 456 455 457
f 458 456 457
f 458 457 1279
f 459 458 1279
f 1281 459 1279
f 460 459 1281
f 461 460 1281
f 1599 460 461
f 462 1599 461
f 1600 1599 462
f 1601 1600 462
f 1601 462 463
f 1601 463 464
f 1602 1601 464
f 1603 1602 464
f 1603 464 465
f 466 1603 465
f 1287 466 465
f 1605 466 1287
f 1289 1605 1287
f 1606 1605 1289
f 1290 1606 1289
f 467 1606 1290
f 1291 467 1290
f 469 467 1291
f 468 469 1291
f 470 469 468
f 1607 469 470
f 472 470 471
f 472 1607 470
f 474 472 471
f 474 471 473
f 475 474 473
f 1295 475 473
f 476 475 1295
f 478 475 476
f 477 478 476
f 479 478 477
f 479 477 480
f 482 479 480
f 481 482 480
f 1609 482 481
f 483 1609 481
f 484 1609 483
f 486 484 483
f 486 483 1316
f 486 1316 485
f 488 486 485
f 488 485 487
f 490 488 487
f 489 490 487
f 492 490 489
f 491 492 489
f 494 492 491
f 493 494 491
f 496 494 493
f 495 496 493
f 498 496 495
f 497 498 495
f 1610 498 497
f 500 1610 497
f 500 497 1320
f 500 1320 499
f 501 500 499
f 501 499 502
f 1611 501 502
f 503 1611 502
f 1612 1611 503
f 504 1612 503
f 506 1612 504
f 505 506 504
f 1323 506 505
f 508 506 1323
f 507 508 1323
f 509 508 507
f 1613 509 507
f 1324 1613 507
f 510 1613 1324
f 510 1324 1326
f 511 510 1326
f 512 511 1326
f 512 1326 1327
f 513 512 1327
f 513 1327 1329
f 513 1329 514
f 1615 513 514
f 515 1615 514
f 515 514 1332
f 515 1332 516
f 518 515 516
f 518 516 517
f 520 518 517
f 520 517 519
f 1616 520 519
f 1616 519 521
f 522 1616 521
f 522 521 1335
f 524 522 1335
f 524 1335 523
f 525 524 523
f 525 523 1336
f 526 525 1336
f 526 1336 1337
f 527 1337 1339
f 527 526 1337
f 1618 527 1339
f 1618 1339 1340
f 528 1618 1340
f 528 1340 1341
f 530 528 1341
f 530 1341 529
f 1619 530 529
f 1619 529 531
f 1620 1619 531
f 1620 531 532
f 533 1620 532
f 534 1620 533
f 1622 534 533
f 535 1622 533
f 537 1622 535
f 536 537 535
f 539 537 536
f 538 539 536
f 541 539 538
f 540 541 538
f 542 541 540
f 543 542 540
f 544 542 543
f 545 544 543
f 545 543 1349
f 547 545 1349
f 547 1349 546
f 549 547 546
f 549 546 548
f 551 549 548
f 550 551 548
f 553 551 550
f 552 553 550
f 1573 553 552
f 554 1573 552
f 1574 1573 554
f 556 554 555
f 556 1574 554
f 557 556 555
f 557 555 1355
f 1575 557 1355
f 558 1575 1355
f 560 1575 558
f 560 558 559
f 562 560 559
f 562 559 561
f 564 562 561
f 563 564 561
f 566 564 563
f 565 566 563
f 568 566 565
f 568 565 567
f 570 568 567
f 570 567 569
f 573 569 571
f 573 570 569
f 573 571 572
f 575 573 572
f 575 572 574
f 576 575 574
f 576 574 1360
f 578 576 1360
f 578 1360 577
f 580 578 577
f 579 580 577
f 582 579 581
f 582 580 579
f 583 582 581
f 583 581 1371
f 585 583 1371
f 585 1371 584
f 587 585 584
f 587 584 586
f 589 587 586
f 588 589 586
f 592 589 588
f 590 592 588
f 591 592 590
f 594 592 591
f 593 594 591
f 1580 594 593
f 1580 593 595
f 1581 1580 595
f 1582 1581 595
f 1582 595 596
f 1583 1582 596
f 598 1583 596
f 597 598 596
f 600 598 597
f 599 600 597
f 602 600 599
f 601 602 599
f 1584 602 601
f 1584 601 603
f 1585 1584 603
f 1585 603 604
f 1586 1585 604
f 605 1586 604
f 606 1586 605
f 608 606 605
f 607 608 605
f 609 608 607
f 1383 609 607
f 610 609 1383
f 612 610 1383
f 611 612 1383
f 1588 612 611
f 613 1588 611
f 1588 613 614
f 1589 1588 614
f 1386 1589 614
f 616 1589 1386
f 615 616 1386
f 1590 616 615
f 617 1590 615
f 619 1590 617
f 618 619 617
f 620 619 618
f 621 620 618
f 623 620 621
f 622 623 621
f 1592 623 622
f 1390 1592 622
f 1593 1592 1390
f 1593 1390 1393
f 1593 1393 624
f 625 1593 624
f 625 624 1395
f 627 625 1395
f 627 1395 626
f 629 627 626
f 629 626 628
f 1594 629 628
f 1594 628 630
f 1595 1594 630
f 1595 630 631
f 1596 1595 631
f 1596 631 632
f 1597 1596 632
f 1597 632 633
f 634 1597 633
f 634 633 635
f 637 634 635
f 637 635 636
f 639 637 636
f 639 636 638
f 641 639 638
f 641 638 640
f 642 641 640
f 1402 642 640
f 643 642 1402
f 1403 643 1402
f 644 643 1403
f 644 1403 1404
f 1598 644 1404
f 1598 1404 645
f 647 1598 645
f 646 647 645
f 1552 647 646
f 1406 1552 646
f 1553 1552 1406
f 1553 1406 648
f 650 1553 648
f 650 648 649
f 1554 650 649
f 1554 649 1410
f 1555 1554 1410
f 651 1555 1410
f 652 1555 651
f 653 652 651
f 1412 653 651
f 655 653 1412
f 654 655 1412
f 658 655 654
f 656 658 654
f 657 658 656
f 659 658 657
f 659 657 660
f 661 659 660
f 661 660 1417
f 663 661 1417
f 663 1417 662
f 664 663 662
f 664 662 665
f 667 664 665
f 666 667 665
f 669 667 666
f 668 669 666
f 671 669 668
f 670 671 668
f 673 671 670
f 672 673 670
f 675 673 672
f 674 675 672
f 677 675 674
f 677 674 676
f 679 677 676
f 679 676 678
f 1556 678 680
f 1556 679 678
f 682 1556 680
f 682 680 681
f 684 682 681
f 684 681 683
f 685 684 683
f 685 683 686
f 688 685 686
f 688 686 687
f 690 688 687
f 690 687 689
f 1557 690 689
f 1557 689 691
f 1558 1557 691
f 1558 691 692
f 1559 1558 692
f 1559 692 693
f 695 1559 693
f 694 695 693
f 697 695 694
f 696 697 694
f 698 697 696
f 699 698 696
f 701 698 699
f 700 701 699
f 702 701 700
f 703 702 700
f 704 702 703
f 706 704 703
f 705 706 703
f 1562 706 705
f 707 1562 705
f 1563 1562 707
f 708 1563 707
f 709 1563 708
f 711 709 708
f 710 711 708
f 712 711 710
f 714 711 712
f 713 714 712
f 716 714 713
f 715 716 713
f 717 716 715
f 718 717 715
f 720 717 718
f 719 720 718
f 722 720 719
f 721 722 719
f 1564 722 721
f 723 1564 721
f 724 1564 723
f 726 724 723
f 725 726 723
f 728 726 725
f 727 728 725
f 730 728 727
f 730 727 729
f 731 730 729
f 731 729 732
f 733 731 732
f 735 733 732
f 735 732 734
f 1566 735 734
f 1566 734 736
f 1567 1566 736
f 1567 736 737
f 738 1567 737
f 1569 738 737
f 1569 737 1457
f 1569 1457 739
f 741 1569 739
f 740 741 739
f 743 741 740
f 742 743 740
f 746 743 742
f 744 746 742
f 745 746 744
f 747 746 745
f 1571 747 745
f 748 1571 745
f 750 1571 748
f 749 750 748
f 1572 750 749
f 1572 749 751
f 1572 751 752
f 753 1572 752
f 753 752 754
f 755 753 754
f 756 755 754
f 758 755 756
f 757 758 756
f 760 758 757
f 759 760 757
f 762 760 759
f 761 762 759
f 764 762 761
f 763 764 761
f 766 764 763
f 765 766 763
f 767 766 765
f 769 766 767
f 768 769 767
f 770 769 768
f 771 770 768
f 1544 770 771
f 1544 771 772
f 774 1544 772
f 774 772 773
f 775 774 773
f 1545 775 773
f 1545 773 776
f 1545 776 777
f 1546 1545 777
f 779 1546 777
f 779 777 778
f 781 779 778
f 781 778 780
f 783 781 780
f 782 783 780
f 785 783 782
f 784 785 782
f 786 785 784
f 787 785 786
f 790 787 786
f 790 786 788
f 790 788 789
f 791 790 789
f 794 791 789
f 792 794 789
f 793 794 792
f 796 794 793
f 795 796 793
f 796 795 1478
f 1547 796 1478
f 798 1547 1478
f 798 1478 797
f 800 798 797
f 799 800 797
f 802 800 799
f 801 802 799
f 804 802 801
f 803 804 801
f 805 804 803
f 807 805 803
f 806 807 803
f 1549 807 806
f 808 1549 806
f 1550 1549 808
f 1550 808 809
f 811 809 810
f 811 1550 809
f 813 811 810
f 813 810 812
f 814 813 812
f 1485 814 812
f 815 814 1485
f 1486 815 1485
f 1488 815 1486
f 1527 815 1488
f 816 1527 1488
f 817 1527 816
f 818 23 821
f 23 21 821
f 819 26 818
f 818 26 23
f 820 26 819
f 821 21 824
f 21 16 824
f 820 30 26
f 822 30 820
f 823 30 822
f 16 14 824
f 824 14 826
f 825 30 823
f 825 35 30
f 826 14 828
f 827 37 825
f 825 37 35
f 14 12 828
f 12 830 828
f 37 829 43
f 827 829 37
f 9 830 12
f 9 832 830
f 43 831 2
f 829 831 43
f 8 832 9
f 8 835 832
f 2 831 3
f 831 833 3
f 5 835 8
f 833 834 3
f 5 836 835
f 3 834 5
f 834 836 5
f 837 822 820
f 838 837 820
f 867 838 820
f 867 820 819
f 839 867 819
f 839 819 818
f 840 839 818
f 841 840 818
f 842 841 818
f 842 818 821
f 843 842 821
f 844 821 824
f 844 843 821
f 845 844 824
f 846 845 824
f 846 824 826
f 847 846 826
f 848 847 826
f 848 826 828
f 895 848 828
f 897 895 828
f 897 828 830
f 849 897 830
f 850 849 830
f 851 830 832
f 851 850 830
f 905 851 832
f 852 905 832
f 852 832 835
f 911 852 835
f 853 911 835
f 854 835 836
f 854 853 835
f 918 854 836
f 918 836 834
f 855 918 834
f 924 855 834
f 924 834 833
f 926 924 833
f 926 833 831
f 856 926 831
f 932 856 831
f 932 831 829
f 935 932 829
f 857 935 829
f 938 829 827
f 938 857 829
f 940 938 827
f 858 940 827
f 858 827 825
f 947 858 825
f 859 947 825
f 859 825 823
f 862 859 823
f 860 823 822
f 860 862 823
f 860 860 822
f 837 860 822
f 861 860 860
f 861 860 837
f 862 861 837
f 861 862 860
f 863 862 837
f 838 863 837
f 865 866 863
f 865 863 838
f 865 838 867
f 869 866 865
f 868 865 867
f 869 865 868
f 868 867 839
f 872 864 866
f 872 866 869
f 870 868 839
f 871 869 868
f 871 868 870
f 870 839 840
f 872 869 871
f 873 870 840
f 874 871 870
f 877 864 872
f 841 873 840
f 875 872 871
f 874 870 873
f 876 873 841
f 875 871 874
f 877 872 875
f 876 841 842
f 876 874 873
f 879 874 876
f 843 876 842
f 879 875 874
f 878 876 843
f 879 877 875
f 878 879 876
f 881 879 878
f 880 877 879
f 882 878 843
f 882 843 844
f 881 880 879
f 881 878 882
f 883 880 881
f 883 881 882
f 845 882 844
f 884 882 845
f 884 883 882
f 884 845 885
f 885 845 846
f 886 883 884
f 890 880 883
f 885 846 847
f 890 883 886
f 889 885 847
f 886 884 885
f 887 885 889
f 848 889 847
f 888 886 885
f 887 888 885
f 890 886 888
f 891 889 848
f 891 887 889
f 888 887 894
f 894 887 891
f 893 890 888
f 891 848 895
f 892 891 895
f 893 888 894
f 894 891 892
f 897 892 895
f 893 894 899
f 896 892 897
f 899 894 892
f 899 892 896
f 898 896 897
f 898 897 849
f 900 893 899
f 898 899 896
f 850 898 849
f 902 899 898
f 900 899 901
f 901 899 902
f 902 898 850
f 851 902 850
f 904 902 851
f 904 901 902
f 907 901 904
f 906 851 905
f 903 900 901
f 904 851 906
f 903 901 907
f 908 904 906
f 852 906 905
f 907 904 908
f 909 907 908
f 908 906 852
f 903 907 909
f 913 909 908
f 910 908 852
f 913 908 910
f 911 910 852
f 914 903 909
f 914 909 913
f 912 910 911
f 912 913 910
f 912 911 853
f 914 913 915
f 916 853 854
f 915 913 912
f 920 914 915
f 916 912 853
f 919 912 916
f 919 915 912
f 917 920 915
f 918 916 854
f 917 915 919
f 922 919 916
f 921 917 919
f 922 916 918
f 921 919 922
f 922 918 855
f 928 920 917
f 921 922 925
f 923 917 921
f 925 922 855
f 925 855 924
f 926 925 924
f 923 921 925
f 928 917 923
f 929 923 925
f 927 925 926
f 929 925 927
f 928 923 929
f 927 926 856
f 931 927 856
f 930 929 927
f 930 927 931
f 930 928 929
f 934 930 931
f 932 931 856
f 933 928 930
f 934 931 932
f 936 932 935
f 933 930 934
f 943 928 933
f 936 934 932
f 937 936 935
f 937 935 857
f 939 933 934
f 939 934 936
f 938 937 857
f 943 933 939
f 939 936 937
f 941 939 937
f 942 937 938
f 941 937 942
f 942 938 940
f 943 939 941
f 945 942 940
f 949 943 941
f 945 940 858
f 944 941 942
f 944 942 945
f 946 945 858
f 950 949 941
f 950 941 944
f 947 946 858
f 944 945 946
f 951 944 946
f 948 951 946
f 948 946 947
f 951 950 944
f 953 949 950
f 955 949 953
f 948 947 859
f 954 950 951
f 953 950 954
f 952 951 948
f 954 951 952
f 862 948 859
f 952 948 862
f 952 862 863
f 955 953 954
f 952 863 866
f 954 952 866
f 954 866 864
f 955 954 864
f 956 955 864
f 956 864 877
f 957 877 880
f 957 880 890
f 957 956 877
f 893 957 890
f 958 955 956
f 949 955 958
f 959 957 893
f 959 893 900
f 960 943 949
f 960 949 958
f 903 959 900
f 903 961 959
f 928 943 960
f 914 961 903
f 920 961 914
f 928 960 961
f 920 928 961
f 956 957 962
f 962 957 963
f 958 956 964
f 964 956 962
f 960 958 965
f 965 958 964
f 961 960 966
f 966 960 965
f 959 961 967
f 967 961 966
f 957 959 963
f 963 959 967
f 962 963 967
f 964 967 966
f 964 966 965
f 964 962 967
f 1489 817 816
f 10 972 7
f 999 973 20
f 1003 1004 41
f 1005 1007 975
f 57 1044 1010
f 61 979 59
f 73 984 983
f 94 1024 92
f 102 1051 100
f 988 987 24
f 19 987 970
f 970 987 988
f 989 988 24
f 990 988 989
f 971 989 28
f 990 989 971
f 33 971 28
f 36 991 33
f 33 991 971
f 992 991 36
f 40 992 36
f 993 992 40
f 40 44 993
f 993 44 1032
f 44 1 1032
f 1 4 1032
f 1032 4 994
f 994 6 972
f 4 6 994
f 6 7 972
f 10 995 972
f 11 996 10
f 10 996 995
f 996 13 997
f 11 13 996
f 15 997 13
f 998 997 15
f 17 998 15
f 973 998 17
f 17 20 973
f 1000 999 27
f 973 999 1000
f 1000 27 1001
f 1001 29 1002
f 27 29 1001
f 34 1002 29
f 34 38 1002
f 1002 38 974
f 41 974 38
f 1004 974 41
f 1004 1003 975
f 975 1003 46
f 1005 975 46
f 1007 1005 49
f 1007 1006 1008
f 49 1006 1007
f 1008 51 976
f 1006 51 1008
f 976 1009 54
f 51 1009 976
f 976 54 977
f 54 56 977
f 977 56 978
f 56 1010 978
f 978 1010 1044
f 1011 1044 57
f 57 59 1011
f 1011 59 979
f 63 979 61
f 979 63 1012
f 1012 63 64
f 1014 1012 64
f 64 1013 1014
f 1013 65 1014
f 1014 65 1016
f 980 1015 1017
f 65 1015 1016
f 1016 1015 980
f 980 1017 68
f 68 69 980
f 980 69 981
f 70 982 69
f 69 982 981
f 71 1018 70
f 983 1018 71
f 70 1018 982
f 71 73 983
f 73 74 984
f 76 1019 74
f 1020 1019 76
f 74 1019 984
f 78 1020 76
f 1021 1020 78
f 78 80 1021
f 1021 80 1022
f 1022 82 985
f 80 82 1022
f 82 84 985
f 985 86 1023
f 84 86 985
f 1023 88 986
f 86 88 1023
f 91 1025 88
f 88 1025 986
f 92 1024 91
f 91 1024 1025
f 94 1026 1024
f 94 96 1026
f 1026 96 1027
f 97 1027 96
f 1028 1027 97
f 99 1028 97
f 1029 1028 99
f 1030 1029 100
f 100 1029 99
f 1051 1030 100
f 970 18 19
f 994 48 47
f 1007 67 975
f 1044 79 77
f 1016 93 1045
f 980 95 93
f 984 101 983
f 970 988 18
f 18 988 22
f 990 1031 988
f 25 1031 990
f 988 1031 22
f 31 990 971
f 25 990 31
f 31 971 32
f 971 991 32
f 32 991 992
f 39 992 993
f 32 992 39
f 42 993 1032
f 39 993 42
f 42 1032 45
f 45 1032 47
f 1032 994 47
f 972 48 994
f 50 1033 972
f 972 1033 48
f 52 50 995
f 995 50 972
f 996 52 995
f 53 52 996
f 55 996 997
f 53 996 55
f 998 1034 997
f 997 1034 55
f 973 1035 998
f 998 1035 1034
f 973 1036 1035
f 58 1036 973
f 973 1000 58
f 58 1000 60
f 62 1000 1001
f 60 1000 62
f 1002 1037 1001
f 1001 1037 62
f 1002 1038 1037
f 1002 1039 1038
f 974 1039 1002
f 974 1040 1039
f 1004 1040 974
f 66 1040 1004
f 975 66 1004
f 975 67 66
f 1007 1041 67
f 1007 1042 1041
f 1008 1042 1007
f 1008 1043 1042
f 976 1043 1008
f 976 72 1043
f 976 977 72
f 72 977 75
f 75 978 77
f 977 978 75
f 978 1044 77
f 81 1044 1011
f 79 1044 81
f 83 1011 979
f 81 1011 83
f 85 83 979
f 979 1012 85
f 85 1012 87
f 1014 89 1012
f 1012 89 87
f 1014 90 89
f 1016 1045 1014
f 1014 1045 90
f 93 1016 980
f 980 98 95
f 981 98 980
f 981 1046 98
f 982 1046 981
f 982 1018 1046
f 1047 1018 983
f 1046 1018 1047
f 101 1047 983
f 101 984 104
f 984 1019 104
f 104 1019 1020
f 1021 1048 1020
f 1049 1048 1021
f 1020 1048 104
f 1022 1049 1021
f 107 1049 1022
f 108 1022 985
f 107 1022 108
f 110 108 985
f 985 1023 110
f 110 1023 111
f 1023 986 111
f 111 986 112
f 986 1025 112
f 112 1025 114
f 1024 114 1025
f 116 114 1024
f 1026 116 1024
f 1026 118 116
f 1027 118 1026
f 1027 1050 118
f 119 1050 1028
f 1028 1050 1027
f 120 119 1029
f 1029 119 1028
f 122 1029 1030
f 120 1029 122
f 1051 122 1030
f 124 122 1051
f 1051 126 124
f 1057 132 130
f 1058 132 1057
f 1058 1059 132
f 1075 158 156
f 1080 1082 167
f 1083 172 171
f 1055 1093 199
f 1100 208 1099
f 1723 1104 1103
f 1106 220 217
f 1051 1056 126
f 126 1056 128
f 1057 128 1056
f 130 128 1057
f 1060 1059 1058
f 1059 1060 136
f 1060 1061 136
f 136 1061 138
f 1061 1062 138
f 1063 1062 1061
f 1063 1064 1062
f 1065 1064 1063
f 1067 1065 1066
f 1064 1065 1067
f 143 1067 1066
f 1066 1068 143
f 143 1068 145
f 147 145 1069
f 1069 145 1068
f 1070 147 1069
f 149 147 1070
f 1071 149 1070
f 149 1072 152
f 1071 1072 149
f 1710 1073 1072
f 1072 1073 152
f 155 1074 1711
f 1711 1074 1710
f 1710 1074 1073
f 1075 155 1711
f 156 155 1075
f 1075 1076 158
f 1076 1077 158
f 1078 1077 1076
f 1077 1078 162
f 1078 1079 162
f 162 1079 163
f 1080 165 1079
f 1079 165 163
f 165 1080 167
f 169 1082 1081
f 1081 1082 1080
f 1052 169 1081
f 171 169 1052
f 1083 171 1052
f 173 1083 1084
f 172 1083 173
f 175 173 1084
f 1084 1053 175
f 175 1053 176
f 1053 1085 176
f 176 1085 177
f 1085 1086 177
f 177 1086 178
f 181 1088 1087
f 1087 1088 1086
f 1086 1088 178
f 183 181 1087
f 1087 1089 183
f 183 1089 185
f 1714 185 1089
f 187 185 1714
f 1714 1090 187
f 187 1090 188
f 1090 1091 188
f 188 1091 190
f 1716 190 1091
f 192 190 1716
f 194 192 1054
f 1054 192 1716
f 196 194 1054
f 1054 1092 196
f 196 1092 198
f 199 1092 1055
f 198 1092 199
f 1094 1093 1055
f 202 1093 1094
f 1095 202 1094
f 204 202 1095
f 204 1095 1096
f 1097 1098 1096
f 1096 1098 204
f 206 1098 1097
f 206 1097 1099
f 206 1099 208
f 208 1100 210
f 210 1101 212
f 1100 1101 210
f 1101 1102 212
f 212 1102 214
f 1102 1104 214
f 1103 1104 1102
f 1723 1105 1104
f 1723 1106 1105
f 1105 1106 217
f 220 1724 1107
f 1106 1724 220
f 1107 1108 220
f 1107 1725 1108
f 221 1725 1109
f 1108 1725 221
f 222 1109 1110
f 221 1109 222
f 1110 224 222
f 1111 224 1110
f 1114 233 1113
f 1114 234 233
f 1128 1129 234
f 1131 237 236
f 1117 255 1139
f 1118 259 1141
f 1149 271 269
f 1122 284 1159
f 1165 291 1164
f 226 224 1111
f 1111 1677 226
f 1123 1124 1677
f 1677 1124 226
f 1112 1125 1123
f 1123 1125 1124
f 1112 1126 1125
f 1127 1126 1112
f 231 1127 1113
f 1126 1127 231
f 231 1113 233
f 234 1114 1128
f 236 1129 1130
f 1130 1129 1128
f 236 1130 1131
f 1131 1679 237
f 240 1679 1680
f 237 1679 240
f 1680 242 240
f 1680 1132 242
f 242 1132 244
f 1132 1134 244
f 1133 1134 1132
f 245 1133 1135
f 1134 1133 245
f 247 1135 1115
f 245 1135 247
f 249 1136 1116
f 1116 1136 1115
f 1115 1136 247
f 251 249 1116
f 1116 1137 251
f 251 1137 253
f 1137 1685 253
f 1686 1138 1685
f 1685 1138 253
f 1686 1140 1138
f 1139 1140 1686
f 255 1140 1139
f 257 255 1117
f 1117 1141 257
f 257 1141 259
f 1118 260 259
f 262 1142 1143
f 260 1142 262
f 1118 1142 260
f 1143 1144 262
f 1143 1145 1144
f 263 1145 1146
f 1146 1145 1143
f 264 263 1147
f 1147 263 1146
f 1148 264 1147
f 265 264 1148
f 267 1148 1119
f 265 1148 267
f 269 267 1119
f 1119 1149 269
f 1149 1150 271
f 1150 1151 271
f 1120 1151 1150
f 1120 1152 1151
f 273 1152 1120
f 1691 273 1120
f 274 273 1691
f 1153 274 1691
f 1153 1154 274
f 1155 1154 1153
f 277 1155 1156
f 1154 1155 277
f 280 1157 1156
f 1156 1157 277
f 1156 1121 280
f 280 1121 282
f 1121 1158 282
f 282 1158 1160
f 284 1160 1159
f 1159 1160 1158
f 285 284 1122
f 1163 1122 1161
f 285 1122 1163
f 1162 1163 1161
f 287 1163 1162
f 287 1162 288
f 1162 1164 288
f 288 1164 289
f 291 289 1164
f 291 1165 293
f 1165 1166 293
f 293 1166 294
f 1166 1167 294
f 294 1167 295
f 1167 1168 295
f 1168 1169 295
f 1702 1169 1168
f 1170 1171 1702
f 1702 1171 1169
f 1170 1172 1171
f 1171 1172 299
f 302 1173 1174
f 1174 1173 1172
f 1172 1173 299
f 302 1174 303
f 303 1174 1175
f 305 1175 1176
f 303 1175 305
f 1177 310 1184
f 1185 313 311
f 1178 338 1203
f 1178 340 338
f 1205 346 343
f 1209 1211 358
f 1218 372 1219
f 1673 378 1221
f 1228 392 391
f 1176 1182 305
f 305 1182 306
f 1184 1183 1182
f 308 1183 1184
f 1182 1183 306
f 310 308 1184
f 311 310 1177
f 1177 1185 311
f 1185 1186 313
f 313 1655 315
f 1186 1655 313
f 1655 1187 315
f 1188 1187 1655
f 1188 1189 1187
f 1188 1658 1189
f 1189 1658 319
f 1190 1191 1658
f 1658 1191 319
f 321 1190 1192
f 1191 1190 321
f 322 321 1192
f 1192 1193 322
f 322 1193 323
f 1193 1194 323
f 1195 1194 1193
f 1197 1196 1195
f 1195 1196 1194
f 325 1196 1197
f 325 1197 327
f 1197 1661 327
f 327 1661 328
f 1661 1198 328
f 328 1198 329
f 329 1198 1199
f 1199 1200 329
f 1199 1201 1200
f 332 1201 1202
f 1202 1201 1199
f 334 332 1202
f 1664 334 1202
f 336 334 1664
f 1664 1203 336
f 336 1203 338
f 1178 1665 340
f 340 1665 342
f 343 342 1204
f 1204 342 1665
f 1205 343 1204
f 346 1205 1206
f 346 1206 348
f 1206 1207 348
f 348 1207 351
f 353 1207 1208
f 351 1207 353
f 353 1208 355
f 1208 1179 355
f 355 1179 357
f 358 357 1180
f 1180 357 1179
f 1180 1209 358
f 1210 1211 1209
f 361 1211 1210
f 363 361 1210
f 1210 1212 363
f 366 1212 1213
f 363 1212 366
f 1213 1214 366
f 1213 1215 1214
f 1214 1215 368
f 368 1215 370
f 1215 1216 370
f 1218 1217 1216
f 1216 1217 370
f 1218 1219 1217
f 1218 1220 372
f 372 1220 374
f 1221 374 1220
f 375 374 1221
f 375 1221 378
f 1222 380 1673
f 1673 380 378
f 1222 1223 380
f 380 1223 382
f 382 1224 384
f 1223 1224 382
f 1224 1225 384
f 384 1225 386
f 1225 1226 386
f 386 1226 388
f 1226 1227 388
f 388 1227 389
f 1228 391 1227
f 1227 391 389
f 392 1228 1229
f 393 1229 1181
f 392 1229 393
f 394 1230 1231
f 1181 1230 393
f 1231 1230 1181
f 1232 394 1231
f 396 394 1232
f 1232 397 396
f 1236 412 1252
f 1254 418 416
f 1630 422 420
f 1268 440 439
f 1270 444 441
f 1272 447 446
f 1243 1289 1288
f 1294 473 471
f 1245 480 477
f 1232 1246 397
f 397 1246 398
f 399 398 1233
f 1233 398 1246
f 400 1233 1247
f 399 1233 400
f 402 400 1247
f 1247 1248 402
f 402 1248 404
f 1249 404 1248
f 406 404 1249
f 1249 1250 406
f 406 1250 409
f 410 1625 1234
f 409 1625 410
f 1250 1625 409
f 1234 1251 410
f 1235 1251 1234
f 411 1251 1235
f 1252 411 1235
f 412 411 1252
f 1236 1253 412
f 414 1253 1236
f 1254 414 1236
f 416 414 1254
f 1254 1255 418
f 1630 420 1255
f 1255 420 418
f 1256 422 1630
f 1256 1257 422
f 422 1257 423
f 425 423 1258
f 1258 423 1257
f 425 1258 427
f 1258 1259 427
f 427 1259 429
f 431 1259 1237
f 429 1259 431
f 433 431 1237
f 1237 1260 433
f 1261 1262 1260
f 1260 1262 433
f 1261 1263 1262
f 1261 1264 1263
f 1265 1264 1261
f 1238 436 1265
f 1265 436 1264
f 1638 1266 1238
f 438 1266 1638
f 1238 1266 436
f 439 438 1267
f 1267 438 1638
f 1267 1268 439
f 441 1268 1269
f 440 1268 441
f 1270 441 1269
f 444 1270 1239
f 1239 1271 444
f 446 1271 1239
f 1239 1272 446
f 447 1640 1240
f 1272 1640 447
f 1240 1273 447
f 448 1273 1240
f 1240 1274 448
f 448 1274 450
f 1274 1275 450
f 450 1275 452
f 1275 1276 452
f 1277 1276 1275
f 455 1277 1278
f 1276 1277 455
f 457 1278 1241
f 455 1278 457
f 1280 1279 1241
f 1241 1279 457
f 1280 1281 1279
f 461 1283 1282
f 1280 1283 1281
f 1281 1283 461
f 462 1282 1284
f 461 1282 462
f 463 1284 1242
f 462 1284 463
f 463 1242 464
f 465 464 1285
f 1285 464 1242
f 1285 1286 465
f 1288 1287 1286
f 1286 1287 465
f 1288 1289 1287
f 1243 1290 1289
f 1292 1291 1243
f 468 1291 1292
f 1243 1291 1290
f 468 1292 470
f 1292 1293 470
f 470 1293 471
f 471 1293 1294
f 473 1294 1244
f 1244 1295 473
f 476 1295 1244
f 477 1650 1245
f 1244 1650 476
f 476 1650 477
f 1296 480 1245
f 1296 481 480
f 1299 1320 497
f 1307 531 1342
f 1347 543 540
f 1313 577 1312
f 1313 579 577
f 481 1296 1314
f 483 1314 1315
f 481 1314 483
f 1315 1316 483
f 485 1316 1315
f 1315 1317 485
f 485 1317 487
f 1318 487 1317
f 489 487 1318
f 1318 1604 489
f 489 1604 491
f 491 1319 493
f 1604 1319 491
f 1297 493 1319
f 495 493 1297
f 497 1297 1298
f 495 1297 497
f 497 1298 1299
f 1300 1320 1299
f 499 1320 1300
f 502 1300 1608
f 499 1300 502
f 502 1608 503
f 1608 1321 503
f 503 1321 504
f 1321 1322 504
f 504 1322 505
f 1322 1323 505
f 1301 1323 1322
f 507 1323 1301
f 507 1301 1302
f 1302 1324 507
f 1302 1326 1324
f 1325 1326 1302
f 1325 1327 1326
f 1328 1329 1325
f 1325 1329 1327
f 1328 1330 1329
f 1329 1330 514
f 1331 1332 1330
f 516 1332 1331
f 1330 1332 514
f 1333 516 1331
f 517 516 1333
f 519 1333 1303
f 517 1333 519
f 521 1303 1334
f 519 1303 521
f 1304 1335 1334
f 1334 1335 521
f 523 1304 1305
f 1335 1304 523
f 1305 1336 523
f 1338 1337 1305
f 1305 1337 1336
f 1338 1339 1337
f 1306 1339 1338
f 1306 1340 1339
f 1306 1341 1340
f 1342 1341 1306
f 529 1341 1342
f 531 529 1342
f 532 531 1307
f 1307 1343 532
f 532 1343 533
f 535 1614 1344
f 1343 1614 533
f 533 1614 535
f 1346 535 1344
f 536 535 1346
f 538 1346 1345
f 536 1346 538
f 540 538 1345
f 1345 1347 540
f 1347 1348 543
f 1350 1349 1348
f 1348 1349 543
f 1350 1617 1349
f 1349 1617 546
f 1617 1351 546
f 548 546 1351
f 548 1352 550
f 1351 1352 548
f 1353 550 1352
f 552 550 1353
f 554 1353 1308
f 552 1353 554
f 1354 554 1308
f 555 554 1354
f 555 1354 1309
f 1356 1355 1309
f 1309 1355 555
f 558 1355 1356
f 559 1356 1310
f 558 1356 559
f 561 559 1310
f 1310 1621 561
f 561 1621 563
f 1311 563 1621
f 565 563 1311
f 1357 565 1311
f 567 565 1357
f 569 567 1357
f 1357 1358 569
f 569 1358 571
f 1358 1359 571
f 571 1359 572
f 574 1359 1312
f 572 1359 574
f 577 1360 1312
f 1312 1360 574
f 1361 586 1372
f 1377 597 596
f 1387 615 1386
f 1362 615 1387
f 1363 618 1388
f 1392 624 1393
f 1367 1404 1403
f 1405 648 1406
f 1421 674 672
f 1313 1370 579
f 579 1370 581
f 1372 1371 1370
f 584 1371 1372
f 1370 1371 581
f 586 584 1372
f 588 586 1361
f 1361 1373 588
f 588 1373 590
f 1374 590 1373
f 591 590 1374
f 1374 593 591
f 1374 1375 593
f 593 1375 595
f 1375 1376 595
f 595 1376 596
f 1376 1377 596
f 599 597 1378
f 1378 597 1377
f 601 599 1576
f 1576 599 1378
f 1576 1379 601
f 1379 1380 601
f 601 1380 603
f 604 1380 1381
f 603 1380 604
f 604 1577 605
f 1381 1577 604
f 1578 605 1577
f 607 605 1578
f 1578 1579 607
f 1382 1383 1579
f 1579 1383 607
f 611 1382 1384
f 1383 1382 611
f 614 613 1384
f 1384 613 611
f 1384 1385 614
f 1385 1386 614
f 1387 1386 1385
f 618 617 1388
f 1388 617 1362
f 1362 617 615
f 618 1363 621
f 621 1389 622
f 1363 1389 621
f 1389 1390 622
f 1391 1390 1389
f 1391 1393 1390
f 1392 1393 1391
f 624 1392 1394
f 626 1395 1394
f 1394 1395 624
f 1394 1396 626
f 626 1396 628
f 1396 1397 628
f 628 1397 630
f 1397 1398 630
f 630 1398 631
f 632 1398 1364
f 631 1398 632
f 633 632 1364
f 1364 1587 633
f 635 1587 1399
f 633 1587 635
f 636 1399 1365
f 635 1399 636
f 638 636 1366
f 1366 636 1365
f 640 1366 1400
f 638 1366 640
f 640 1400 1401
f 1367 1402 1401
f 1401 1402 640
f 1367 1403 1402
f 645 1404 1591
f 1591 1404 1367
f 646 645 1405
f 1405 645 1591
f 1405 1406 646
f 1405 1407 648
f 1407 1408 648
f 648 1408 649
f 1409 1410 1408
f 1408 1410 649
f 651 1410 1409
f 1409 1411 651
f 1411 1412 651
f 1413 1412 1411
f 654 1413 1414
f 1412 1413 654
f 657 1414 1415
f 657 656 1414
f 1414 656 654
f 657 1415 660
f 660 1415 1416
f 1417 1416 1368
f 1417 660 1416
f 1369 1417 1368
f 662 1417 1369
f 665 662 1369
f 1369 1418 665
f 665 1418 666
f 1419 668 1418
f 1418 668 666
f 1419 1420 668
f 668 1420 670
f 1420 1421 670
f 670 1421 672
f 1433 674 1421
f 1440 699 696
f 1427 712 1446
f 1427 715 713
f 1428 719 1448
f 1462 749 748
f 1467 759 757
f 1468 765 763
f 1430 768 1469
f 1471 777 776
f 1473 782 780
f 1431 784 782
f 1431 786 784
f 676 1433 1432
f 674 1433 676
f 678 676 1422
f 1422 676 1432
f 678 1422 680
f 680 1422 1423
f 681 1423 1434
f 680 1423 681
f 683 681 1434
f 1435 683 1434
f 686 683 1435
f 687 1435 1436
f 686 1435 687
f 1424 687 1436
f 689 687 1424
f 689 1424 691
f 691 1424 1425
f 1437 691 1425
f 692 691 1437
f 693 692 1437
f 1437 1438 693
f 693 1438 694
f 694 1439 696
f 1438 1439 694
f 1440 696 1439
f 699 1440 1441
f 700 1441 1426
f 699 1441 700
f 703 1426 1442
f 700 1426 703
f 705 1442 1443
f 703 1442 705
f 1444 705 1443
f 707 705 1444
f 707 1444 708
f 1444 1445 708
f 708 1445 710
f 1446 712 1445
f 1445 712 710
f 1427 713 712
f 1427 1447 715
f 719 718 1448
f 1448 718 1447
f 1447 718 715
f 721 719 1428
f 721 1449 723
f 1428 1449 721
f 723 1450 725
f 1449 1450 723
f 1450 1560 725
f 725 1560 727
f 1560 1451 727
f 1451 729 727
f 1452 729 1451
f 1452 1453 729
f 729 1453 732
f 1453 1454 732
f 732 1454 734
f 736 734 1561
f 1561 734 1454
f 1561 1455 736
f 736 1455 737
f 1455 1456 737
f 1458 1457 1456
f 739 1457 1458
f 1456 1457 737
f 1458 1459 739
f 739 1459 740
f 1459 1460 740
f 740 1460 742
f 1460 1461 742
f 742 1461 744
f 1461 745 744
f 1463 745 1461
f 748 1463 1462
f 745 1463 748
f 749 1462 1429
f 1429 751 749
f 752 751 1429
f 1429 1464 752
f 752 1464 754
f 1465 754 1464
f 756 754 1465
f 1465 1466 756
f 757 756 1466
f 1467 757 1466
f 1467 1565 759
f 1468 761 1565
f 1565 761 759
f 761 1468 763
f 1468 1568 765
f 765 1568 767
f 767 1469 768
f 1568 1469 767
f 771 768 1430
f 1430 1470 771
f 771 1470 772
f 1471 773 1470
f 1470 773 772
f 1471 776 773
f 1471 1570 777
f 1472 778 1570
f 1570 778 777
f 780 1472 1473
f 778 1472 780
f 782 1473 1431
f 793 792 1475
f 1476 795 793
f 1478 1477 1501
f 1477 1478 795
f 1481 786 1431
f 1479 797 1501
f 799 797 1479
f 1480 799 1479
f 801 799 1480
f 1480 803 801
f 1481 788 786
f 803 1482 806
f 1482 1483 806
f 806 1483 808
f 1484 809 1483
f 810 809 1484
f 812 810 1484
f 1502 1485 812
f 1503 1485 1502
f 1488 1486 1503
f 816 1488 1504
f 1504 1488 1487
f 1504 1489 816
f 968 1489 1504
f 1505 1490 1492
f 1475 792 1474
f 1505 1491 1490
f 968 1491 969
f 969 1491 969
f 969 1491 1505
f 1490 1491 968
f 1492 1540 1505
f 1474 792 789
f 1499 1498 1512
f 1532 1498 1499
f 1476 793 1475
f 1477 795 1476
f 1501 797 1478
f 1482 803 1480
f 1483 809 808
f 1502 812 1484
f 1503 1486 1485
f 1487 1488 1503
f 1490 968 1504
f 1493 1540 1492
f 1493 1494 1540
f 1493 1506 1494
f 1495 1506 1493
f 1548 1536 1495
f 1495 1536 1506
f 1507 1536 1548
f 1507 1496 1536
f 1507 1508 1496
f 1509 1510 1507
f 1507 1510 1508
f 1509 1511 1510
f 1509 1497 1511
f 1512 1497 1509
f 1512 1498 1497
f 1499 1513 1532
f 1500 1513 1499
f 1500 1529 1513
f 1514 1529 1500
f 1514 1515 1529
f 1551 1515 1514
f 1551 1517 1515
f 1516 1517 1551
f 1516 1519 1517
f 1516 1518 1519
f 1518 1520 1519
f 1518 1521 1520
f 1521 1521 1520
f 1521 1522 1521
f 1522 1523 1521
f 789 788 1474
f 1474 788 1481
f 1521 1523 1524
f 1520 1521 1524
f 1519 1520 1524
f 1519 1524 1525
f 1517 1519 1525
f 1517 1525 1526
f 817 1523 1527
f 817 1524 1523
f 1515 1526 1528
f 1515 1517 1526
f 1529 1515 1528
f 1529 1528 1530
f 1513 1529 1530
f 1513 1530 1531
f 1531 1532 1513
f 1532 1531 1533
f 1533 1498 1532
f 1498 1533 1534
f 1534 1497 1498
f 1534 1511 1497
f 1496 1508 1534
f 1510 1508 1510
f 1510 1510 1511
f 1510 1534 1508
f 1510 1511 1534
f 1496 1534 1535
f 1536 1496 1535
f 1536 1535 1537
f 1506 1536 1537
f 1506 1537 1538
f 1494 1538 1539
f 1538 1494 1506
f 1540 1494 1539
f 1541 1540 1539
f 1541 1505 1540
f 1543 1505 1541
f 1543 1541 1542
f 1543 968 969
f 1543 969 969
f 1543 969 1505
f 1542 968 1543
f 1542 1489 968
f 1524 1489 1542
f 1524 817 1489
f 1533 1542 1541
f 1533 1541 1539
f 1533 1535 1534
f 1533 1538 1537
f 1533 1539 1538
f 1533 1537 1535
f 1531 1530 1528
f 1531 1542 1533
f 1531 1524 1542
f 1531 1525 1524
f 1531 1526 1525
f 1531 1528 1526
f 755 1481 1431
f 758 1481 755
f 760 1474 758
f 760 1475 1474
f 764 1475 762
f 764 1476 1475
f 764 1477 1476
f 770 1479 769
f 774 1482 1480
f 1545 1482 775
f 781 1502 1484
f 783 1502 781
f 787 1487 785
f 785 1487 1503
f 790 1504 787
f 791 1504 790
f 791 1490 1504
f 794 1492 791
f 794 1493 1492
f 796 1493 794
f 796 1495 1493
f 798 1495 1547
f 804 1507 802
f 804 1509 1507
f 805 1512 804
f 813 1551 1514
f 815 1516 814
f 1527 1521 1518
f 1527 1522 1521
f 1527 1523 1522
f 1481 758 1474
f 760 762 1475
f 766 1477 764
f 1501 1477 766
f 769 1501 766
f 1479 1501 769
f 1479 770 1480
f 1480 770 1544
f 1480 1544 774
f 774 775 1482
f 1483 1545 1546
f 1482 1545 1483
f 1483 1546 1484
f 1484 1546 779
f 781 1484 779
f 1502 783 1503
f 783 785 1503
f 1487 787 1504
f 1490 791 1492
f 796 1547 1495
f 800 1548 798
f 1507 1548 800
f 798 1548 1495
f 800 802 1507
f 1512 1509 804
f 807 1512 805
f 1499 1512 807
f 807 1549 1499
f 1500 1549 1550
f 1499 1549 1500
f 1500 1550 1514
f 1514 1550 811
f 811 813 1514
f 814 1551 813
f 1516 1551 814
f 1518 815 1527
f 1516 815 1518
f 647 1433 1421
f 655 1435 653
f 684 1445 682
f 684 1427 1446
f 688 1427 685
f 690 1428 1448
f 735 1565 733
f 1569 1430 1469
f 755 1431 753
f 647 1552 1433
f 1433 1552 1432
f 1432 1552 1553
f 1432 1553 1422
f 1422 1553 650
f 1554 1422 650
f 1423 1422 1554
f 1434 1554 1555
f 1423 1554 1434
f 1434 1555 652
f 1434 653 1435
f 652 653 1434
f 1435 655 1436
f 1436 658 1424
f 655 658 1436
f 659 1424 658
f 1425 1424 659
f 661 1425 659
f 1437 1425 661
f 663 1437 661
f 663 1438 1437
f 664 1438 663
f 664 1439 1438
f 667 1439 664
f 667 669 1439
f 1439 669 1440
f 671 1440 669
f 1441 1440 671
f 1441 673 1426
f 671 673 1441
f 1426 675 1442
f 673 675 1426
f 675 677 1442
f 1442 677 1443
f 1443 679 1444
f 677 679 1443
f 679 1556 1444
f 1444 682 1445
f 1556 682 1444
f 1445 684 1446
f 684 685 1427
f 1427 688 1447
f 1447 690 1448
f 688 690 1447
f 1428 1557 1558
f 690 1557 1428
f 1449 1558 1559
f 1428 1558 1449
f 1450 1559 695
f 1449 1559 1450
f 695 1560 1450
f 695 697 1560
f 1560 697 1451
f 697 698 1451
f 1451 698 1452
f 1452 701 1453
f 698 701 1452
f 701 702 1453
f 1453 702 1454
f 704 1561 702
f 702 1561 1454
f 1561 706 1455
f 704 706 1561
f 1456 1562 1563
f 706 1562 1455
f 1455 1562 1456
f 1456 1563 1458
f 1458 1563 709
f 709 711 1458
f 1458 711 1459
f 1459 714 1460
f 711 714 1459
f 714 716 1460
f 1460 716 1461
f 716 717 1461
f 1461 717 1463
f 717 720 1463
f 1463 720 1462
f 720 722 1462
f 1462 722 1429
f 722 1564 1429
f 1429 1564 724
f 1464 724 726
f 1429 724 1464
f 728 1465 726
f 726 1465 1464
f 728 730 1465
f 1465 730 1466
f 1466 731 1467
f 730 731 1466
f 733 1565 731
f 731 1565 1467
f 1565 735 1468
f 1468 1566 1567
f 735 1566 1468
f 1568 1567 738
f 1567 1568 1468
f 1469 738 1569
f 1568 738 1469
f 1430 1569 741
f 741 1470 1430
f 741 743 1470
f 1470 743 1471
f 743 746 1471
f 747 1570 746
f 746 1570 1471
f 747 1571 1570
f 1472 1571 750
f 1570 1571 1472
f 1572 1472 750
f 1473 1472 1572
f 1473 1572 1431
f 1431 1572 753
f 551 1313 549
f 1573 1372 553
f 1574 1361 1372
f 578 1381 576
f 1580 1387 594
f 1580 1362 1387
f 1581 1362 1580
f 1582 1363 1388
f 610 1364 609
f 620 1367 619
f 1594 1409 629
f 551 1370 1313
f 1370 553 1372
f 551 553 1370
f 1372 1573 1574
f 1361 1574 556
f 556 557 1361
f 1361 557 1373
f 1373 1575 1374
f 557 1575 1373
f 1374 1575 560
f 560 562 1374
f 1374 562 1375
f 562 564 1375
f 1375 564 1376
f 1376 566 1377
f 564 566 1376
f 1377 568 1378
f 566 568 1377
f 570 1576 568
f 568 1576 1378
f 570 573 1576
f 1576 573 1379
f 573 575 1379
f 1379 575 1380
f 575 576 1380
f 1380 576 1381
f 578 1577 1381
f 1578 580 582
f 580 1578 578
f 578 1578 1577
f 583 1579 582
f 582 1579 1578
f 583 585 1579
f 1579 585 1382
f 1382 587 1384
f 585 587 1382
f 587 589 1384
f 589 592 1384
f 1384 592 1385
f 592 594 1385
f 1385 594 1387
f 1388 1581 1582
f 1362 1581 1388
f 1363 1582 1583
f 1389 1583 598
f 1363 1583 1389
f 598 1391 1389
f 600 1391 598
f 600 602 1391
f 1391 602 1392
f 1584 1392 602
f 1394 1392 1584
f 1394 1584 1585
f 1394 1585 1396
f 1396 1585 1586
f 1396 1586 1397
f 1397 1586 606
f 1397 608 1398
f 606 608 1397
f 1398 609 1364
f 608 609 1398
f 1364 610 612
f 1399 1587 1588
f 1588 1587 612
f 612 1587 1364
f 1399 1588 1365
f 1365 1588 1589
f 1365 1589 1366
f 1589 616 1366
f 1366 616 1400
f 616 1590 1400
f 1400 1590 1401
f 1401 1590 619
f 1401 619 1367
f 1367 620 623
f 1592 1591 623
f 623 1591 1367
f 1405 1592 1593
f 1591 1592 1405
f 1405 1593 625
f 1405 625 1407
f 625 627 1407
f 1407 627 1408
f 1408 629 1409
f 627 629 1408
f 1409 1594 1411
f 1411 1594 1595
f 1411 1595 1413
f 1413 1595 1596
f 1414 1596 1597
f 1413 1596 1414
f 1415 1597 634
f 1414 1597 1415
f 637 1415 634
f 1416 1415 637
f 639 1416 637
f 1368 1416 639
f 1368 639 1369
f 639 641 1369
f 641 642 1369
f 1369 642 1418
f 642 643 1418
f 1418 643 1419
f 643 644 1419
f 1419 644 1420
f 1421 1598 647
f 644 1598 1420
f 1420 1598 1421
f 460 1296 1245
f 1599 1296 460
f 486 1325 484
f 509 1307 1342
f 525 1351 524
f 542 1357 541
f 545 1359 544
f 549 1312 547
f 549 1313 1312
f 1314 1599 1600
f 1296 1599 1314
f 1315 1600 1601
f 1314 1600 1315
f 1315 1601 1602
f 1317 1602 1603
f 1315 1602 1317
f 1317 1603 1318
f 1318 1603 466
f 466 1604 1318
f 466 1605 1604
f 1604 1605 1319
f 1319 1605 1606
f 1297 1606 467
f 1319 1606 1297
f 1297 467 1298
f 1298 467 469
f 1299 1298 469
f 469 1607 1299
f 1300 1607 472
f 1299 1607 1300
f 474 1300 472
f 1608 1300 474
f 1608 475 1321
f 474 475 1608
f 475 478 1321
f 1321 478 1322
f 478 479 1322
f 1322 479 1301
f 479 482 1301
f 1301 482 1302
f 482 1609 1302
f 1609 484 1302
f 1302 484 1325
f 1325 488 1328
f 486 488 1325
f 1328 490 1330
f 488 490 1328
f 490 492 1330
f 1330 492 1331
f 1331 494 1333
f 492 494 1331
f 494 496 1333
f 1333 496 1303
f 496 498 1303
f 1303 498 1334
f 498 1610 1334
f 1334 1610 1304
f 1304 1610 500
f 1305 1304 500
f 500 501 1305
f 501 1611 1305
f 1338 1611 1612
f 1305 1611 1338
f 1306 1612 506
f 1338 1612 1306
f 506 508 1306
f 1306 508 1342
f 508 509 1342
f 509 1613 1307
f 1307 1613 510
f 1343 510 511
f 1307 510 1343
f 511 1614 1343
f 512 1614 511
f 1344 1614 512
f 1346 1344 513
f 513 1344 512
f 513 1615 1346
f 1345 1615 515
f 1346 1615 1345
f 515 518 1345
f 1345 518 1347
f 520 1348 518
f 518 1348 1347
f 1350 1616 522
f 520 1616 1348
f 1348 1616 1350
f 522 1617 1350
f 522 524 1617
f 1617 524 1351
f 1351 525 1352
f 525 526 1352
f 1352 526 1353
f 526 527 1353
f 1353 527 1308
f 527 1618 1308
f 1354 1618 528
f 1308 1618 1354
f 1309 528 530
f 1354 528 1309
f 530 1619 1309
f 1309 1619 1356
f 1356 1619 1310
f 1310 1619 1620
f 1310 1620 534
f 1622 1621 534
f 534 1621 1310
f 1311 1622 537
f 1621 1622 1311
f 539 1311 537
f 1357 1311 539
f 539 541 1357
f 1357 542 1358
f 542 544 1358
f 1358 544 1359
f 1359 545 1312
f 545 547 1312
f 376 1233 373
f 1624 1249 381
f 387 1235 385
f 1626 1236 1252
f 395 1255 1629
f 1631 1630 395
f 408 1237 407
f 419 1267 417
f 443 1242 442
f 1649 1243 1288
f 460 1245 459
f 371 1623 1232
f 1232 1623 1246
f 1246 1623 373
f 1246 373 1233
f 1233 376 1247
f 376 377 1247
f 377 379 1247
f 1247 379 1248
f 1248 381 1249
f 379 381 1248
f 1249 1624 1250
f 1250 1624 383
f 385 1625 383
f 1234 1625 385
f 383 1625 1250
f 1235 1234 385
f 1252 1235 387
f 390 1252 387
f 1626 1252 390
f 1236 1626 1627
f 1254 1627 1628
f 1236 1627 1254
f 1254 1628 1629
f 1254 1629 1255
f 395 1630 1255
f 1630 1631 1256
f 1256 1631 1632
f 1257 1632 1633
f 1256 1632 1257
f 1258 1633 1634
f 1257 1633 1258
f 1258 1634 401
f 1259 401 403
f 1258 401 1259
f 403 405 1259
f 1259 405 1237
f 405 407 1237
f 1237 408 1260
f 1260 408 1635
f 1261 1635 1636
f 1260 1635 1261
f 1261 1636 1637
f 1265 1637 413
f 1261 1637 1265
f 415 1238 413
f 413 1238 1265
f 415 1638 1238
f 415 417 1638
f 1638 417 1267
f 1267 419 1268
f 1268 421 1269
f 419 421 1268
f 1639 1269 421
f 1270 1269 1639
f 1270 1639 1239
f 1239 1639 424
f 424 426 1239
f 1239 426 1272
f 428 1640 426
f 426 1640 1272
f 1240 1640 428
f 428 430 1240
f 1240 432 1274
f 430 432 1240
f 432 1641 1274
f 1274 1641 1275
f 1641 434 1275
f 1275 434 1277
f 434 435 1277
f 1277 435 1278
f 1241 1642 1643
f 1278 1642 1241
f 435 1642 1278
f 1280 1643 1644
f 1241 1643 1280
f 1280 1644 437
f 1645 1283 437
f 1282 1283 1645
f 437 1283 1280
f 1282 1645 1284
f 1284 1645 1646
f 1284 1646 1242
f 1242 1646 442
f 443 1285 1242
f 1647 1285 443
f 1285 1647 1286
f 1286 1647 445
f 1648 1286 445
f 1288 1286 1648
f 1288 1648 1649
f 1243 1649 449
f 1243 449 1292
f 449 451 1292
f 1292 453 1293
f 451 453 1292
f 454 1293 453
f 1294 1293 454
f 454 456 1294
f 1294 456 1244
f 456 458 1244
f 458 1650 1244
f 459 1650 458
f 1245 1650 459
f 1653 1177 1184
f 292 1186 290
f 297 1658 296
f 298 1190 297
f 1659 1193 301
f 1662 1661 307
f 316 1202 314
f 317 1178 1203
f 320 1178 318
f 352 1673 1221
f 1182 1651 286
f 1176 1651 1182
f 1652 1182 286
f 1184 1182 1652
f 1184 1652 1653
f 1177 1653 1654
f 1185 1654 290
f 1177 1654 1185
f 1185 290 1186
f 292 1655 1186
f 1188 1656 1657
f 292 1656 1655
f 1655 1656 1188
f 1188 1657 296
f 296 1658 1188
f 1658 297 1190
f 1192 1190 298
f 298 300 1192
f 1192 301 1193
f 300 301 1192
f 1195 1659 304
f 1193 1659 1195
f 1660 1195 304
f 1197 1195 1660
f 1197 1660 307
f 307 1661 1197
f 1661 1662 1198
f 1198 1662 309
f 1199 309 312
f 1198 309 1199
f 312 1663 1199
f 1202 1663 314
f 1199 1663 1202
f 316 1664 1202
f 316 317 1664
f 1664 317 1203
f 317 318 1178
f 1666 1665 320
f 320 1665 1178
f 1204 1666 1667
f 1665 1666 1204
f 1205 1667 1668
f 1204 1667 1205
f 1206 1668 1669
f 1205 1668 1206
f 1206 1669 324
f 1206 324 1207
f 1207 326 1208
f 324 326 1207
f 1670 1208 326
f 1179 1670 330
f 1208 1670 1179
f 1179 330 1180
f 330 331 1180
f 1180 331 1209
f 331 1671 1209
f 1210 1671 1672
f 1209 1671 1210
f 1210 1672 333
f 333 335 1210
f 1210 335 1212
f 335 337 1212
f 1212 337 1213
f 337 339 1213
f 339 341 1213
f 1213 341 1215
f 341 344 1215
f 1215 344 1216
f 344 345 1216
f 1216 345 1218
f 345 347 1218
f 1218 349 1220
f 347 349 1218
f 1220 350 1221
f 349 350 1220
f 350 352 1221
f 354 1673 352
f 354 356 1673
f 1673 356 1222
f 1222 1674 1223
f 1223 1674 1675
f 356 1674 1222
f 1224 1675 359
f 1223 1675 1224
f 359 360 1224
f 1224 360 1225
f 1225 362 1226
f 360 362 1225
f 1226 364 1227
f 362 364 1226
f 364 365 1227
f 1227 365 1228
f 365 367 1228
f 1228 367 1229
f 367 369 1229
f 1229 369 1181
f 1676 1181 369
f 1231 1181 1676
f 1232 1676 371
f 1231 1676 1232
f 201 1111 1110
f 207 1112 205
f 211 1114 1113
f 232 1117 1139
f 1688 1118 1141
f 243 1146 241
f 250 1149 248
f 261 1156 258
f 1696 1122 1159
f 272 1165 1164
f 1699 1165 272
f 1651 1176 283
f 1111 201 203
f 1678 1677 203
f 203 1677 1111
f 1677 1678 1123
f 1123 1678 205
f 1112 1123 205
f 1127 1112 207
f 1127 209 1113
f 207 209 1127
f 209 211 1113
f 211 213 1114
f 1114 213 1128
f 215 1128 213
f 1130 1128 215
f 216 1130 215
f 1131 1130 216
f 216 218 1131
f 219 1679 218
f 218 1679 1131
f 1680 1679 219
f 1681 1680 219
f 1132 1681 1682
f 1680 1681 1132
f 1133 1682 223
f 1132 1682 1133
f 1135 1133 223
f 1135 225 1115
f 223 225 1135
f 1115 227 1116
f 225 227 1115
f 227 1683 1116
f 1116 1683 1684
f 1137 1684 228
f 1116 1684 1137
f 229 1685 228
f 228 1685 1137
f 230 1686 229
f 229 1686 1685
f 230 232 1686
f 1686 232 1139
f 232 235 1117
f 235 1687 1117
f 1141 1687 1688
f 1117 1687 1141
f 1118 1688 238
f 238 1142 1118
f 1143 1142 238
f 238 239 1143
f 239 241 1143
f 1143 241 1146
f 1147 1146 243
f 243 1689 1147
f 1147 1689 1148
f 1148 1689 1690
f 1148 1690 1119
f 1119 1690 246
f 1119 246 248
f 1119 248 1149
f 1149 250 1150
f 250 252 1150
f 1150 252 1120
f 252 254 1120
f 254 1691 1120
f 1692 1691 254
f 1153 1692 256
f 1691 1692 1153
f 256 1155 1153
f 256 258 1155
f 1155 258 1156
f 1121 1693 1694
f 261 1693 1156
f 1156 1693 1121
f 1158 1694 1695
f 1121 1694 1158
f 1159 1695 1696
f 1158 1695 1159
f 1122 1696 1697
f 1122 1697 1161
f 1161 1697 266
f 1162 1161 266
f 266 268 1162
f 268 270 1162
f 1162 270 1164
f 270 1698 1164
f 1164 1698 272
f 1166 1699 1700
f 1165 1699 1166
f 1166 1700 1167
f 1167 1700 1701
f 1167 1701 1168
f 1168 1701 275
f 276 1702 275
f 275 1702 1168
f 1702 278 1170
f 276 278 1702
f 278 279 1170
f 1170 279 1172
f 279 281 1172
f 1172 281 1174
f 1175 1703 283
f 281 1703 1174
f 1174 1703 1175
f 1175 283 1176
f 106 1058 1057
f 1705 1060 109
f 133 1075 131
f 142 1080 141
f 148 1083 146
f 154 1085 153
f 1718 1092 170
f 179 1097 1721
f 180 1100 1099
f 189 1723 1103
f 191 1723 189
f 195 1107 193
f 201 1110 200
f 102 1056 1051
f 103 1056 102
f 103 105 1056
f 1056 105 1057
f 105 1704 1057
f 1057 1704 106
f 1058 106 109
f 1058 109 1060
f 1060 1705 1706
f 1061 1706 113
f 1060 1706 1061
f 1061 113 1063
f 113 115 1063
f 1063 115 1065
f 115 1707 1065
f 1065 1707 1066
f 1066 1707 117
f 1066 117 1708
f 1068 1708 1709
f 1066 1708 1068
f 1068 1709 1069
f 1069 1709 121
f 1069 121 1070
f 121 123 1070
f 1070 123 1071
f 123 125 1071
f 1071 125 1072
f 127 1710 125
f 125 1710 1072
f 129 1711 127
f 127 1711 1710
f 1711 131 1075
f 129 131 1711
f 133 134 1075
f 1075 134 1076
f 134 135 1076
f 1076 135 1078
f 135 137 1078
f 1078 139 1079
f 137 139 1078
f 139 140 1079
f 1079 140 1080
f 140 141 1080
f 1080 142 1081
f 1081 144 1052
f 142 144 1081
f 144 146 1052
f 1052 146 1083
f 1084 1083 148
f 148 150 1084
f 150 151 1084
f 1084 151 1053
f 1053 153 1085
f 151 153 1053
f 1085 154 1086
f 1087 1712 1713
f 1086 1712 1087
f 154 1712 1086
f 1087 1713 157
f 1087 157 1089
f 1089 157 159
f 160 1714 159
f 159 1714 1089
f 1714 161 1090
f 160 161 1714
f 1091 1715 164
f 161 1715 1090
f 1090 1715 1091
f 166 1716 164
f 164 1716 1091
f 166 168 1716
f 1716 168 1054
f 1054 1717 170
f 168 1717 1054
f 1054 170 1092
f 1055 1718 1719
f 1092 1718 1055
f 1094 1719 174
f 1055 1719 1094
f 1720 1094 174
f 1095 1094 1720
f 1095 1720 1096
f 1096 1720 1721
f 1096 1721 1097
f 1099 1097 179
f 180 1099 179
f 180 182 1100
f 1100 184 1101
f 182 184 1100
f 184 186 1101
f 1101 186 1102
f 186 1722 1102
f 1102 1722 1103
f 1103 1722 189
f 1723 191 1106
f 193 1724 191
f 191 1724 1106
f 1107 1724 193
f 1109 1725 197
f 197 1725 195
f 195 1725 1107
f 1109 200 1110
f 197 200 1109
