# Full FreeCAD instance transform baked; body-local coordinates in mm
v -18.595085791 90.319000016 140.679200000
v -13.061004046 98.518996046 140.679200000
v -18.260999993 90.319000018 140.679200000
v -18.636201052 90.317956718 140.679200000
v -19.301180604 90.319000012 140.679200000
v -18.854357984 90.261945493 140.679200000
v -18.909085739 90.224826406 140.679200000
v -18.813087388 90.281573277 140.679200000
v -18.748076984 90.302342445 140.679200000
v -18.712698182 90.309623533 140.679200000
v -18.675405694 90.314829757 140.679200000
v -19.007459220 90.078846641 140.679200000
v -19.017456043 90.036646071 140.679200000
v -18.984728783 90.133518573 140.679200000
v -18.951941715 90.182183456 140.679200000
v -19.023076726 89.967758449 140.679200000
v -19.391474059 90.319000012 140.679200000
v -18.351293441 89.046765254 140.679200000
v -18.588765251 89.604778789 140.679200000
v -18.351293444 89.604778790 140.679200000
v -19.961225751 90.319000009 140.679200000
v -20.073189596 90.319000008 140.679200000
v -18.949939033 89.046765251 140.679200000
v -19.060097071 89.046765250 140.679200000
v -18.888679549 89.691139458 140.679200000
v -18.841846084 89.661483024 140.679200000
v -20.272289758 90.221024779 140.679200000
v -20.310661384 90.259406308 140.679200000
v -20.250929079 90.191602048 140.679200000
v -20.342048537 90.282190302 140.679200000
v -20.376501909 90.301081552 140.679200000
v -20.226526451 90.144707325 140.679200000
v -20.414000372 90.316080059 140.679200000
v -20.209082548 90.091746536 140.679200000
v -20.454522801 90.327185823 140.679200000
v -20.495405015 90.334082307 140.679200000
v -20.405242258 90.229242265 140.679200000
v -20.366673099 90.202487046 140.679200000
v -20.334417760 90.167997790 140.679200000
v -20.309875056 90.127122121 140.679200000
v -20.450507138 90.248453955 140.679200000
v -20.292848592 90.079266881 140.679200000
v -20.561677221 90.337961578 140.679200000
v -20.502380294 90.260040684 140.679200000
v -20.283573343 90.024643375 140.679200000
v -20.628941060 90.334022009 140.679200000
v -20.789303162 90.156189187 140.679200000
v -20.758516959 90.194394945 140.679200000
v -20.719747157 90.224685628 140.679200000
v -20.434363413 89.735704303 140.679200000
v -20.198697521 90.032769753 140.679200000
v -20.811338549 90.110534973 140.679200000
v -20.673866826 90.246426635 140.679200000
v -20.824543907 90.057642769 140.679200000
v -20.620811945 90.259543219 140.679200000
v -20.516530561 89.735704303 140.679200000
v -20.434363412 89.651731384 140.679200000
v -20.561528849 89.737756453 140.679200000
v -20.828945686 89.997555278 140.679200000
v -20.560774282 90.263921022 140.679200000
v -20.181541822 89.347442444 140.679200000
v -19.590119600 89.767307024 140.679200000
v -20.603910880 89.743896852 140.679200000
v -20.644131852 89.754226597 140.679200000
v -20.267320583 89.359180595 140.679200000
v -20.519239378 89.651731384 140.679200000
v -20.681938825 89.768739116 140.679200000
v -20.826603454 89.959585533 140.679200000
v -20.569589556 89.649743610 140.679200000
v -21.242489961 90.319000002 140.679200000
v -20.778155662 90.283779573 140.679200000
v -20.823311404 90.248345158 140.679200000
v -20.743890854 90.302467829 140.679200000
v -20.689699649 90.322194940 140.679200000
v -20.903606006 90.109770387 140.679200000
v -20.911866039 90.069339219 140.679200000
v -20.884920353 90.161895014 140.679200000
v -20.858126112 90.208057394 140.679200000
v -20.716193618 89.786886900 140.679200000
v -20.819577853 89.923853270 140.679200000
v -20.746010180 89.808230922 140.679200000
v -20.791925597 89.860309215 140.679200000
v -19.994634339 89.046765245 140.679200000
v -19.525108290 89.701392775 140.679200000
v -19.391474055 89.558729118 140.679200000
v -19.391474053 89.046765248 140.679200000
v -20.279239307 89.299486477 140.679200000
v -20.722658207 89.683874219 140.679200000
v -20.716529245 89.714005107 140.679200000
v -20.661902857 89.695975172 140.679200000
v -20.764837454 89.737848761 140.679200000
v -20.105695244 89.046765245 140.679200000
v -20.224213758 89.199367767 140.679200000
v -20.207029528 89.238601983 140.679200000
v -20.245210030 89.164344011 140.679200000
v -20.777058271 89.664476052 140.679200000
v -20.808373044 89.768641433 140.679200000
v -20.270034306 89.133545402 140.679200000
v -20.298702544 89.106986630 140.679200000
v -20.828520821 89.635287687 140.679200000
v -20.846101505 89.806133188 140.679200000
v -20.402709570 89.138002764 140.679200000
v -20.325638828 89.202067076 140.679200000
v -20.361225763 89.165049632 140.679200000
v -20.297990108 89.248118726 140.679200000
v -20.345915643 89.076098166 140.679200000
v -20.872286748 89.597555302 140.679200000
v -20.876887723 89.849414621 140.679200000
v -20.381552935 89.059779805 140.679200000
v -20.451744961 89.118774268 140.679200000
v -20.839836926 89.501897650 140.679200000
v -20.822414716 89.532401106 140.679200000
v -20.773144367 89.583154158 140.679200000
v -20.852282926 89.468756403 140.679200000
v -20.437787572 89.042527063 140.679200000
v -20.507520309 89.107432734 140.679200000
v -20.859840843 89.432499455 140.679200000
v -20.740673223 89.603669351 140.679200000
v -20.570706603 89.103650118 140.679200000
v -20.617414360 89.643781494 140.679200000
v -20.661734353 89.634086163 140.679200000
v -20.500818018 89.032164223 140.679200000
v -20.862354420 89.393492107 140.679200000
v -20.703286260 89.620637964 140.679200000
v -20.636768029 89.107898378 140.679200000
v -20.857786831 89.326629137 140.679200000
v -21.850164655 90.318999998 140.679200000
v -21.200051832 89.662566610 140.679200000
v -20.898923193 89.896765250 140.679200000
v -20.930413042 89.506358907 140.679200000
v -20.945053116 89.453510347 140.679200000
v -20.906132636 89.554411956 140.679200000
v -13.061003954 81.519004046 140.679200000
v -18.260999986 89.046765255 140.679200000
v -19.301180597 89.046765249 140.679200000
v -30.060996046 98.518995954 140.679200000
v -20.570706602 89.028706550 140.679200000
v -20.694208070 89.120681100 140.679200000
v -20.844098222 89.268294912 140.679200000
v -21.383231647 89.804948658 140.679200000
v -21.319239190 90.241347618 140.679200000
v -21.332528605 89.780797335 140.679200000
v -20.615693491 89.030339972 140.679200000
v -20.821309831 89.218553160 140.679200000
v -20.746572422 89.144028463 140.679200000
v -20.789442892 89.177467611 140.679200000
v -21.437036955 89.821702278 140.679200000
v -21.476884990 89.829074383 140.679200000
v -21.539555407 89.833221192 140.679200000
v -21.850164655 90.241347616 140.679200000
v -21.606963455 89.828693377 140.679200000
v -21.668254378 89.815134957 140.679200000
v -21.162128685 89.303198650 140.679200000
v -20.945524170 89.326322772 140.679200000
v -20.932279922 89.263365074 140.679200000
v -20.949938915 89.396200905 140.679200000
v -21.248810241 89.320354398 140.679200000
v -21.463144493 89.754665915 140.679200000
v -21.402309275 89.738413114 140.679200000
v -21.311902925 89.687623041 140.679200000
v -21.280413103 89.662566610 140.679200000
v -21.342715597 89.708616272 140.679200000
v -21.723515609 89.792583470 140.679200000
v -21.179382452 89.243163250 140.679200000
v -20.910206158 89.207327809 140.679200000
v -22.183815757 90.209062449 140.679200000
v -22.221270820 90.250376983 140.679200000
v -22.264033087 90.283046349 140.679200000
v -22.164047825 90.178456902 140.679200000
v -21.193999213 89.207379748 140.679200000
v -21.758940683 89.771270646 140.679200000
v -22.312661093 90.308217829 140.679200000
v -22.143167242 90.130983812 140.679200000
v -21.212253909 89.173137713 140.679200000
v -20.889308627 89.171938721 140.679200000
v -22.367054652 90.325791264 140.679200000
v -22.130638904 90.078776309 140.679200000
v -21.740666413 89.675886043 140.679200000
v -21.652569772 89.737475123 140.679200000
v -21.594433980 89.754435321 140.679200000
v -21.699827831 89.711576971 140.679200000
v -22.408867003 90.333567048 140.679200000
v -21.233310629 89.142843430 140.679200000
v -20.849713274 89.125320546 140.679200000
v -22.126462795 90.021934548 140.679200000
v -22.476801351 90.337961568 140.679200000
v -21.775770391 89.628548623 140.679200000
v -22.129893015 89.966888678 140.679200000
v -21.806593970 89.730963531 140.679200000
v -21.283810066 89.094323885 140.679200000
v -20.805142262 89.089769315 140.679200000
v -22.543057827 90.334040782 140.679200000
v -22.140193530 89.916039483 140.679200000
v -21.843260000 89.686169464 140.679200000
v -21.800424623 89.573456612 140.679200000
v -21.528720141 89.760083503 140.679200000
v -21.378452006 89.131457676 140.679200000
v -21.312424983 89.182586345 140.679200000
v -21.342715594 89.153311514 140.679200000
v -21.286620769 89.220241536 140.679200000
v -21.334483924 89.064922099 140.679200000
v -20.753919570 89.062293199 140.679200000
v -22.157566935 89.868714804 140.679200000
v -21.814018505 89.515009946 140.679200000
v -21.420706507 89.115952596 140.679200000
v -21.265387629 89.266192437 140.679200000
v -21.392724636 89.044171009 140.679200000
v -20.696045185 89.042939393 140.679200000
v -20.658127735 89.035245451 140.679200000
v -22.182132352 89.824886990 140.679200000
v -21.871575179 89.635089627 140.679200000
v -21.469490401 89.106720258 140.679200000
v -21.818562077 89.449474042 140.679200000
v -21.525108382 89.103650113 140.679200000
v -21.454117295 89.032602000 140.679200000
v -21.814823568 89.379191267 140.679200000
v -21.808190320 89.336534369 140.679200000
v -21.522399565 89.028706545 140.679200000
v -21.797528957 89.294920055 140.679200000
v -21.590172708 89.108833949 140.679200000
v -21.783159222 89.257152591 140.679200000
v -21.765096072 89.223258326 140.679200000
v -21.647202583 89.124397905 140.679200000
v -21.743354467 89.193263604 140.679200000
v -21.699734072 89.152754610 140.679200000
v -22.201189098 89.646352357 140.679200000
v -22.212786908 89.786731183 140.679200000
v -22.165288877 89.607487586 140.679200000
v -22.241925490 89.677239276 140.679200000
v -22.248771246 89.755881474 140.679200000
v -22.134970550 89.560189362 140.679200000
v -21.891504313 89.577688636 140.679200000
v -21.899421851 89.540199168 140.679200000
v -22.286633782 89.700007231 140.679200000
v -22.290114648 89.732272703 140.679200000
v -22.113744502 89.507525217 140.679200000
v -21.904464140 89.498364025 140.679200000
v -22.336846399 89.715839710 140.679200000
v -22.102264699 89.454393212 140.679200000
v -21.906146859 89.453988699 140.679200000
v -22.098471687 89.397103837 140.679200000
v -21.905042904 89.412109093 140.679200000
v -21.901730000 89.372312700 140.679200000
v -22.100161241 89.352734503 140.679200000
v -21.896206591 89.334594671 140.679200000
v -22.105224369 89.311103201 140.679200000
v -21.888471117 89.298950159 140.679200000
v -22.113203256 89.273889946 140.679200000
v -21.866357744 89.233862289 140.679200000
v -22.133367006 89.217265545 140.679200000
v -21.845410458 89.192878831 140.679200000
v -23.173866878 90.250377120 140.679200000
v -22.736846575 90.250376980 140.679200000
v -22.764344512 90.221678837 140.679200000
v -23.136411696 90.209062511 140.679200000
v -22.787144292 90.190161822 140.679200000
v -23.216629038 90.283046414 140.679200000
v -22.691231646 90.284735555 140.679200000
v -22.656957270 90.302974977 140.679200000
v -23.116643677 90.178456932 140.679200000
v -22.805245922 90.155825929 140.679200000
v -23.265256958 90.308217852 140.679200000
v -22.603109806 90.322345199 140.679200000
v -23.095762978 90.130983818 140.679200000
v -22.818649409 90.118671155 140.679200000
v -22.673001971 89.700499272 140.679200000
v -22.665341312 89.731521637 140.679200000
v -22.619465113 89.715839708 140.679200000
v -22.706109157 89.754015219 140.679200000
v -23.319650507 90.325791266 140.679200000
v -22.162154200 89.167429740 140.679200000
v -21.805695935 89.139068227 140.679200000
v -23.083234553 90.078776305 140.679200000
v -22.826972732 90.081126918 140.679200000
v -22.831654598 90.020128667 140.679200000
v -23.361462925 90.333567044 140.679200000
v -22.720530862 89.677303988 140.679200000
v -22.742351110 89.783834053 140.679200000
v -23.079058410 90.021934543 140.679200000
v -22.199612650 89.124430393 140.679200000
v -21.761015687 89.098415122 140.679200000
v -23.429397539 90.337961563 140.679200000
v -22.761658639 89.646530915 140.679200000
v -22.773565555 89.820792234 140.679200000
v -23.082488638 89.966888648 140.679200000
v -22.827975592 89.963213373 140.679200000
v -22.248164058 89.086854608 140.679200000
v -21.709226821 89.067025069 140.679200000
v -23.495653981 90.334040778 140.679200000
v -23.092789182 89.916039478 140.679200000
v -22.816944222 89.910900101 140.679200000
v -22.796841150 89.608005407 140.679200000
v -22.284992180 89.066917954 140.679200000
v -21.650388277 89.044934618 140.679200000
v -23.110162672 89.868714798 140.679200000
v -22.798855146 89.863711923 140.679200000
v -22.343273271 89.045755697 140.679200000
v -21.611725825 89.036159361 140.679200000
v -23.134728255 89.824886984 140.679200000
v -22.408714775 89.032985406 140.679200000
v -21.568435620 89.030571272 140.679200000
v -22.444120478 89.029778329 140.679200000
v -23.153785217 89.646352345 140.679200000
v -23.165382936 89.786731177 140.679200000
v -23.117884956 89.607487442 140.679200000
v -22.825051797 89.563180074 140.679200000
v -23.194521449 89.677239254 140.679200000
v -23.201367291 89.755881469 140.679200000
v -23.087566692 89.560189298 140.679200000
v -22.845248824 89.513421381 140.679200000
v -23.239229781 89.700007246 140.679200000
v -23.242710711 89.732272698 140.679200000
v -23.066340678 89.507525196 140.679200000
v -22.857402724 89.458623521 140.679200000
v -23.289442587 89.715839705 140.679200000
v -23.054860885 89.454393205 140.679200000
v -22.861451576 89.398909693 140.679200000
v -23.051067875 89.397103832 140.679200000
v -23.052757403 89.352734497 140.679200000
v -22.857041016 89.328467268 140.679200000
v -23.057820464 89.311103194 140.679200000
v -22.843826214 89.264970571 140.679200000
v -23.065799265 89.273889933 140.679200000
v -24.109532923 90.251948954 140.679200000
v -23.689442321 90.250377117 140.679200000
v -23.716940340 90.221678917 140.679200000
v -24.139395681 90.276821104 140.679200000
v -23.643827510 90.284735616 140.679200000
v -24.074098458 90.210193467 140.679200000
v -23.739740211 90.190161862 140.679200000
v -23.085962863 89.217265511 140.679200000
v -22.821832493 89.208444900 140.679200000
v -24.172911086 90.297481610 140.679200000
v -23.609553222 90.302975007 140.679200000
v -24.055410226 90.178580450 140.679200000
v -23.757841932 90.155825945 140.679200000
v -24.210073826 90.313914818 140.679200000
v -23.555705873 90.322345204 140.679200000
v -24.035683194 90.128595110 140.679200000
v -23.771245500 90.118671157 140.679200000
v -23.779568882 90.081126914 140.679200000
v -24.250878589 90.326105076 140.679200000
v -23.625597873 89.700499268 140.679200000
v -23.617937023 89.731521618 140.679200000
v -23.572060728 89.715839703 140.679200000
v -23.658704916 89.754015214 140.679200000
v -23.114749953 89.167429663 140.679200000
v -22.801035686 89.172755254 140.679200000
v -22.761681854 89.125776609 140.679200000
v -24.023856209 90.072479467 140.679200000
v -23.784250785 90.020128662 140.679200000
v -24.292605283 90.333688331 140.679200000
v -24.207741584 90.225289284 140.679200000
v -24.171609398 90.198006610 140.679200000
v -24.143380573 90.163274586 140.679200000
v -23.673126846 89.677303992 140.679200000
v -23.694946887 89.783834048 140.679200000
v -24.123302550 90.121031575 140.679200000
v -24.251067825 90.244733597 140.679200000
v -24.019916679 90.010196405 140.679200000
v -23.780571776 89.963213368 140.679200000
v -24.361225847 90.337961558 140.679200000
v -23.152208416 89.124430245 140.679200000
v -22.717318022 89.089997806 140.679200000
v -24.111453597 90.071995892 140.679200000
v -24.301886167 90.256415335 140.679200000
v -23.714254572 89.646530977 140.679200000
v -23.726161458 89.820792230 140.679200000
v -24.023000558 89.953277926 140.679200000
v -23.769540374 89.910900096 140.679200000
v -24.107501175 90.015613966 140.679200000
v -24.430358294 90.334199275 140.679200000
v -24.360322907 90.260309246 140.679200000
v -23.200759816 89.086854536 140.679200000
v -24.032430591 89.907222956 140.679200000
v -23.751451205 89.863711900 140.679200000
v -23.749437142 89.608005471 140.679200000
v -24.491760835 90.322934474 140.679200000
v -23.237588011 89.066917913 140.679200000
v -22.666117988 89.062386133 140.679200000
v -24.048408219 89.864766744 140.679200000
v -24.068358847 89.828501197 140.679200000
v -24.549318092 90.302479176 140.679200000
v -23.295869251 89.045755681 140.679200000
v -22.608010697 89.042964949 140.679200000
v -22.569801279 89.035253389 140.679200000
v -24.092251628 89.798066339 140.679200000
v -23.777647813 89.563180098 140.679200000
v -24.162944902 89.856617008 140.679200000
v -24.113720449 89.950998069 140.679200000
v -24.132436192 89.898943925 140.679200000
v -24.598321218 90.273345418 140.679200000
v -23.361310899 89.032985399 140.679200000
v -22.526960849 89.030344225 140.679200000
v -24.121770785 89.770699473 140.679200000
v -23.797844701 89.513421384 140.679200000
v -23.396716648 89.029778323 140.679200000
v -24.204669171 89.820961694 140.679200000
v -24.151506341 89.749642158 140.679200000
v -24.581389465 90.168432466 140.679200000
v -24.539799581 90.210055007 140.679200000
v -24.509378371 90.229066226 140.679200000
v -24.646931683 90.225183492 140.679200000
v -24.667148098 90.195275577 140.679200000
v -24.273936061 89.786654908 140.679200000
v -24.417134337 90.256717234 140.679200000
v -24.611565528 90.114435796 140.679200000
v -24.467470343 90.245956933 140.679200000
v -24.684650362 90.161442532 140.679200000
v -24.698651594 90.125986881 140.679200000
v -24.630300476 90.048119618 140.679200000
v -24.324932133 89.767586766 140.679200000
v -24.388314009 89.746539476 140.679200000
v -24.715176155 90.066178323 140.679200000
v -23.993731449 89.336607211 140.679200000
v -23.814047192 89.398909688 140.679200000
v -23.809636695 89.328467262 140.679200000
v -23.809998425 89.458623517 140.679200000
v -24.076801250 89.355568837 140.679200000
v -24.335943556 89.672498849 140.679200000
v -24.261000172 89.697780939 140.679200000
v -24.221618012 89.713079048 140.679200000
v -24.187674863 89.729029526 140.679200000
v -24.008166058 89.272806758 140.679200000
v -23.796422037 89.264970555 140.679200000
v -24.473189688 89.719451454 140.679200000
v -24.021765574 89.234306669 140.679200000
v -23.774428467 89.208444860 140.679200000
v -24.453325033 89.633672657 140.679200000
v -24.085280427 89.314687906 140.679200000
v -24.537003047 89.695559995 140.679200000
v -24.039672147 89.196951989 140.679200000
v -23.753631733 89.172755182 140.679200000
v -24.061114797 89.163271066 140.679200000
v -23.714277895 89.125776462 140.679200000
v -24.591321499 89.667708600 140.679200000
v -24.086067237 89.133278657 140.679200000
v -24.639166303 89.633428177 140.679200000
v -24.114503184 89.106989519 140.679200000
v -23.669914136 89.089997730 140.679200000
v -24.204983857 89.143468477 140.679200000
v -24.128808023 89.214196970 140.679200000
v -24.172833217 89.165594612 140.679200000
v -24.676132128 89.594678354 140.679200000
v -24.160569710 89.076099514 140.679200000
v -23.618714146 89.062386099 140.679200000
v -24.622141505 89.506082243 140.679200000
v -24.601186583 89.538692592 140.679200000
v -24.574330622 89.566984666 140.679200000
v -24.249222728 89.123861969 140.679200000
v -24.096779165 89.277503504 140.679200000
v -24.194818691 89.059780511 140.679200000
v -23.560606876 89.042964936 140.679200000
v -24.703062603 89.551621103 140.679200000
v -24.637157614 89.469091345 140.679200000
v -24.540543517 89.592341930 140.679200000
v -24.302295586 89.111407936 140.679200000
v -24.248192735 89.042527258 140.679200000
v -23.522397464 89.035253381 140.679200000
v -24.646243121 89.427500566 140.679200000
v -24.722259589 89.502613284 140.679200000
v -24.362128779 89.107261836 140.679200000
v -24.500264843 89.614510023 140.679200000
v -24.649261616 89.381753935 140.679200000
v -24.307269466 89.032164229 140.679200000
v -23.479557036 89.030344220 140.679200000
v -24.733875113 89.447105903 140.679200000
v -24.423886789 89.111211824 140.679200000
v -24.644521276 89.318238133 140.679200000
v -24.478737180 89.123162575 140.679200000
v -24.630300185 89.263018042 140.679200000
v -24.530164436 89.145200390 140.679200000
v -24.573415324 89.176787793 140.679200000
v -24.606598237 89.215924362 140.679200000
v -30.060995954 81.519003954 140.679200000
v -24.372061106 89.028706530 140.679200000
v -23.433912226 89.028706535 140.679200000
v -22.481316038 89.028706540 140.679200000
v -24.678970857 89.170723698 140.679200000
v -24.640685439 89.124870496 140.679200000
v -24.699203587 89.205097463 140.679200000
v -24.720601292 89.259023941 140.679200000
v -24.733458350 89.319105023 140.679200000
v -24.737749622 89.385365672 140.679200000
v -24.415340448 89.030338975 140.679200000
v -24.456160776 89.035237589 140.679200000
v -24.492638305 89.042914145 140.679200000
v -24.548334070 89.062201466 140.679200000
v -24.597675218 89.089543822 140.679200000
v -18.684476303 89.615614019 140.679200000
v -18.749544562 89.626830709 140.679200000
v -18.789624158 89.638708722 140.679200000
v -19.018917296 89.908728578 140.679200000
v -19.006505785 89.854371239 140.679200000
v -18.985942362 89.804586269 140.679200000
v -18.966573331 89.772142456 140.679200000
v -18.930074463 89.727577852 140.679200000
v -19.391474056 89.662566620 140.679200000
v -20.194324124 89.279361381 140.679200000
v -20.916530468 90.002972911 140.679200000
v -20.912128645 89.947964449 140.679200000
v -21.284927797 89.749248310 140.679200000
v -18.351293444 89.681528234 140.679200000
v -18.586959377 90.241347633 140.679200000
v -18.351293447 90.241347634 140.679200000
v -18.910229770 90.077941880 140.679200000
v -18.881839086 90.127255559 140.679200000
v -18.841365409 90.168840937 140.679200000
v -18.925793578 90.025255471 140.679200000
v -18.811433681 90.189800106 140.679200000
v -18.777715701 90.207214031 140.679200000
v -18.594182849 89.681528233 140.679200000
v -18.656650107 90.237742822 140.679200000
v -18.930977393 89.965952643 140.679200000
v -18.740216653 90.221067947 140.679200000
v -18.658156930 89.684869133 140.679200000
v -18.698941718 90.231347092 140.679200000
v -18.715876392 89.694891832 140.679200000
v -18.767291154 89.711596327 140.679200000
v -18.924996675 89.901013651 140.679200000
v -18.799760821 89.727410683 140.679200000
v -18.842489797 89.757374721 140.679200000
v -18.907069605 89.843599396 140.679200000
v -18.879841231 89.797190233 140.679200000
v -22.319393496 90.229562910 140.679200000
v -22.281767486 90.201618447 140.679200000
v -22.252139931 90.166248856 140.679200000
v -22.230977367 90.123853278 140.679200000
v -22.364386009 90.249586912 140.679200000
v -22.218279813 90.074516371 140.679200000
v -22.417037697 90.261702003 140.679200000
v -22.214047290 90.018322792 140.679200000
v -22.476801351 90.265726889 140.679200000
v -22.321571739 89.792140992 140.679200000
v -22.252833750 89.860355421 140.679200000
v -22.283350307 89.822159729 140.679200000
v -22.231175219 89.905766301 140.679200000
v -22.366841100 89.770777587 140.679200000
v -22.218330201 89.958204130 140.679200000
v -22.726575688 90.125771991 140.679200000
v -22.704834675 90.168407403 140.679200000
v -22.674544017 90.203424303 140.679200000
v -22.636282125 90.230681687 140.679200000
v -22.590571098 90.250151245 140.679200000
v -22.419123417 89.758014572 140.679200000
v -22.739682387 90.075687357 140.679200000
v -22.537410864 90.261832978 140.679200000
v -22.478607226 89.753762997 140.679200000
v -22.744070102 90.018322789 140.679200000
v -22.522174299 89.755695455 140.679200000
v -22.739609302 89.954001497 140.679200000
v -22.561838918 89.761497380 140.679200000
v -22.726226904 89.898669225 140.679200000
v -22.629460784 89.784736945 140.679200000
v -22.705187310 89.854307370 140.679200000
v -22.681472816 89.823536316 140.679200000
v -23.271989430 90.229562875 140.679200000
v -23.234363454 90.201618371 140.679200000
v -23.204736026 90.166248820 140.679200000
v -23.183573527 90.123853264 140.679200000
v -23.316981955 90.249586898 140.679200000
v -23.170875997 90.074516365 140.679200000
v -23.369633721 90.261701997 140.679200000
v -23.166643478 90.018322787 140.679200000
v -23.429397538 90.265726884 140.679200000
v -23.274167825 89.792141047 140.679200000
v -23.205429877 89.860355477 140.679200000
v -23.235946349 89.822159868 140.679200000
v -23.183771388 89.905766314 140.679200000
v -23.319437162 89.770777600 140.679200000
v -23.170926386 89.958204127 140.679200000
v -23.679171562 90.125771995 140.679200000
v -23.657430679 90.168407428 140.679200000
v -23.627139982 90.203424369 140.679200000
v -23.588878058 90.230681712 140.679200000
v -23.543167043 90.250151249 140.679200000
v -23.371719482 89.758014569 140.679200000
v -23.692278089 90.075687353 140.679200000
v -23.490006888 90.261832974 140.679200000
v -23.431203413 89.753762992 140.679200000
v -23.696665718 90.018322784 140.679200000
v -23.474770414 89.755695450 140.679200000
v -23.692204931 89.954001491 140.679200000
v -23.514434960 89.761497375 140.679200000
v -23.678822572 89.898669220 140.679200000
v -23.582056689 89.784736940 140.679200000
v -23.657783035 89.854307365 140.679200000
v -23.634068601 89.823536311 140.679200000
v -22.205271861 89.517276973 140.679200000
v -22.308511237 89.637921038 140.679200000
v -22.263933596 89.604538565 140.679200000
v -22.229664669 89.564331411 140.679200000
v -22.190859144 89.463886941 140.679200000
v -22.360618768 89.661411092 140.679200000
v -22.416187591 89.674445476 140.679200000
v -22.186056469 89.403424373 140.679200000
v -22.478607225 89.678819395 140.679200000
v -22.315003930 89.137890180 140.679200000
v -22.226775642 89.223993326 140.679200000
v -22.260542679 89.179051165 140.679200000
v -22.347595740 89.123171234 140.679200000
v -22.203162031 89.278316821 140.679200000
v -22.755733762 89.518402741 140.679200000
v -22.731077766 89.566827736 140.679200000
v -22.696010738 89.607263426 140.679200000
v -22.652972010 89.638426982 140.679200000
v -22.383775937 89.112317540 140.679200000
v -22.190314037 89.336926655 140.679200000
v -22.769323775 89.466182625 140.679200000
v -22.602622319 89.660732697 140.679200000
v -22.544287156 89.674300564 140.679200000
v -22.421115438 89.105604674 140.679200000
v -22.773866795 89.407036107 140.679200000
v -22.483121916 89.101844239 140.679200000
v -22.770131227 89.341241986 140.679200000
v -22.547042730 89.106095555 140.679200000
v -22.763508656 89.301896758 140.679200000
v -22.603265515 89.118899665 140.679200000
v -22.752873080 89.264098078 140.679200000
v -22.655377858 89.142339970 140.679200000
v -22.738550161 89.230467739 140.679200000
v -22.698927220 89.175880730 140.679200000
v -23.157867859 89.517276941 140.679200000
v -23.261107089 89.637920959 140.679200000
v -23.216529412 89.604538345 140.679200000
v -23.182260655 89.564331315 140.679200000
v -23.143455074 89.463886873 140.679200000
v -23.313214589 89.661411063 140.679200000
v -23.368783497 89.674445468 140.679200000
v -23.138652371 89.403424368 140.679200000
v -23.431203413 89.678819390 140.679200000
v -23.267599761 89.137890245 140.679200000
v -23.179371619 89.223993444 140.679200000
v -23.213138515 89.179051377 140.679200000
v -23.300191561 89.123171261 140.679200000
v -23.155758029 89.278316840 140.679200000
v -23.708329681 89.518402720 140.679200000
v -23.683673732 89.566827673 140.679200000
v -23.648606796 89.607263279 140.679200000
v -23.605568023 89.638426917 140.679200000
v -23.336371780 89.112317546 140.679200000
v -23.142909976 89.336926653 140.679200000
v -23.721919679 89.466182617 140.679200000
v -23.555218383 89.660732674 140.679200000
v -23.496883305 89.674300556 140.679200000
v -23.373711358 89.105604672 140.679200000
v -23.726462696 89.407036102 140.679200000
v -23.435718104 89.101844233 140.679200000
v -23.722727130 89.341241982 140.679200000
v -23.499638878 89.106095551 140.679200000
v -23.716104565 89.301896760 140.679200000
v -23.555861584 89.118899676 140.679200000
v -23.705469003 89.264098094 140.679200000
v -23.607973867 89.142340023 140.679200000
v -23.691146109 89.230467780 140.679200000
v -23.651523267 89.175880868 140.679200000
v -30.060996046 98.518995954 142.000000000
v -13.061004046 98.518996046 142.000000000
v -13.061003954 81.519004046 142.000000000
v -30.060995954 81.519003954 142.000000000
v -18.925107616 89.901796686 140.699200000
v -18.930977393 89.965952643 140.699200000
v -18.907810123 89.845079983 140.699200000
v -18.842489797 89.757374721 140.699200000
v -18.880332846 89.797903350 140.699200000
v -18.891515806 89.814259597 140.692533333
v -18.881078814 90.128196809 140.699200000
v -18.841365409 90.168840937 140.699200000
v -18.909296273 90.080347810 140.699200000
v -18.925242761 90.027912539 140.699200000
v -18.921036912 90.046303726 140.692533333
v -18.630842416 90.239963916 140.699200000
v -18.586959377 90.241347633 140.699200000
v -18.672110712 90.235817879 140.699200000
v -18.740059615 90.221130823 140.699200000
v -18.796048022 90.198425228 140.699200000
v -18.688681784 90.233244598 140.692533333
v -18.351293447 90.241347634 140.699200000
v -18.351293444 89.681528234 140.699200000
v -18.594182849 89.681528233 140.699200000
v -18.794253336 89.724377644 140.699200000
v -18.736987534 89.700693137 140.699200000
v -18.633930523 89.682779424 140.699200000
v -18.671382463 89.686510384 140.699200000
v -18.775706108 89.715237790 140.692533333
v -18.692870245 89.689955624 140.692533333
v -18.595085791 90.319000016 140.699200000
v -18.260999993 90.319000018 140.699200000
v -18.675405694 90.314829757 140.699200000
v -18.636201052 90.317956718 140.699200000
v -18.712698182 90.309623533 140.699200000
v -18.748076984 90.302342445 140.699200000
v -18.813087388 90.281573277 140.699200000
v -18.854357984 90.261945493 140.699200000
v -18.909085739 90.224826406 140.699200000
v -18.951941715 90.182183456 140.699200000
v -18.984728783 90.133518573 140.699200000
v -19.007459220 90.078846641 140.699200000
v -19.017456043 90.036646071 140.699200000
v -18.588765251 89.604778789 140.699200000
v -18.351293444 89.604778790 140.699200000
v -19.023076726 89.967758449 140.699200000
v -18.684476303 89.615614019 140.699200000
v -19.018917296 89.908728578 140.699200000
v -18.749544562 89.626830709 140.699200000
v -18.789624158 89.638708722 140.699200000
v -19.006505785 89.854371239 140.699200000
v -18.841846084 89.661483024 140.699200000
v -18.985942362 89.804586269 140.699200000
v -18.966573331 89.772142456 140.699200000
v -18.888679549 89.691139458 140.699200000
v -18.930074463 89.727577852 140.699200000
v -18.260999986 89.046765255 140.699200000
v -18.351293441 89.046765254 140.699200000
v -18.949939033 89.046765251 140.699200000
v -19.060097071 89.046765250 140.699200000
v -19.590119600 89.767307024 140.699200000
v -20.073189596 90.319000008 140.699200000
v -19.961225751 90.319000009 140.699200000
v -19.525108290 89.701392775 140.699200000
v -19.391474056 89.662566620 140.699200000
v -19.391474055 89.558729118 140.699200000
v -19.301180597 89.046765249 140.699200000
v -19.301180604 90.319000012 140.699200000
v -19.391474053 89.046765248 140.699200000
v -19.994634339 89.046765245 140.699200000
v -20.105695244 89.046765245 140.699200000
v -19.391474059 90.319000012 140.699200000
v -20.366673099 90.202487046 140.699200000
v -20.342048537 90.282190302 140.699200000
v -20.310661384 90.259406308 140.699200000
v -20.335237461 90.169049242 140.699200000
v -20.272289758 90.221024779 140.699200000
v -20.250929079 90.191602048 140.699200000
v -20.403593755 90.228326959 140.699200000
v -20.414000372 90.316080059 140.699200000
v -20.376501909 90.301081552 140.699200000
v -20.310988507 90.129561886 140.699200000
v -20.226526451 90.144707325 140.699200000
v -20.446712583 90.247229846 140.699200000
v -20.454522801 90.327185823 140.699200000
v -20.293251259 90.080723528 140.699200000
v -20.209082548 90.091746536 140.699200000
v -20.500278965 90.259731488 140.699200000
v -20.495405015 90.334082307 140.699200000
v -20.283573343 90.024643375 140.699200000
v -20.198697521 90.032769753 140.699200000
v -20.560774282 90.263921022 140.699200000
v -20.628941060 90.334022009 140.699200000
v -20.561677221 90.337961578 140.699200000
v -20.622848783 90.259203707 140.699200000
v -20.689699649 90.322194940 140.699200000
v -20.677309090 90.245216536 140.699200000
v -20.743890854 90.302467829 140.699200000
v -20.721145739 90.223805995 140.699200000
v -20.778155662 90.283779573 140.699200000
v -20.758516959 90.194394945 140.699200000
v -20.823311404 90.248345158 140.699200000
v -20.788338746 90.157689513 140.699200000
v -20.858126112 90.208057394 140.699200000
v -20.884920353 90.161895014 140.699200000
v -20.810043394 90.114149527 140.699200000
v -20.434363412 89.651731384 140.699200000
v -20.516530561 89.735704303 140.699200000
v -20.434363413 89.735704303 140.699200000
v -20.903606006 90.109770387 140.699200000
v -20.824190204 90.059763426 140.699200000
v -20.911866039 90.069339219 140.699200000
v -20.519239378 89.651731384 140.699200000
v -20.562600009 89.737859911 140.699200000
v -20.916530468 90.002972911 140.699200000
v -20.828945686 89.997555278 140.699200000
v -20.194324124 89.279361381 140.699200000
v -20.267320583 89.359180595 140.699200000
v -20.181541822 89.347442444 140.699200000
v -20.570792073 89.649643716 140.699200000
v -20.606060848 89.744328841 140.699200000
v -20.912128645 89.947964449 140.699200000
v -20.826477387 89.958636789 140.699200000
v -20.661902857 89.695975172 140.699200000
v -20.681938825 89.768739116 140.699200000
v -20.645131871 89.754547589 140.699200000
v -20.619603143 89.643404677 140.699200000
v -20.280157392 89.296287390 140.699200000
v -20.207029528 89.238601983 140.699200000
v -20.898923193 89.896765250 140.699200000
v -20.819120379 89.922159054 140.699200000
v -20.716529245 89.714005107 140.699200000
v -20.717131496 89.787470212 140.699200000
v -20.764837454 89.737848761 140.699200000
v -20.747611295 89.809569451 140.699200000
v -20.876887723 89.849414621 140.699200000
v -20.791925597 89.860309215 140.699200000
v -20.662697271 89.633824660 140.699200000
v -20.722658207 89.683874219 140.699200000
v -20.808373044 89.768641433 140.699200000
v -20.846101505 89.806133188 140.699200000
v -20.299721499 89.244432566 140.699200000
v -20.224213758 89.199367767 140.699200000
v -20.245210030 89.164344011 140.699200000
v -20.703286260 89.620637964 140.699200000
v -20.326811973 89.200553663 140.699200000
v -20.270034306 89.133545402 140.699200000
v -20.741784783 89.603065447 140.699200000
v -20.777058271 89.664476052 140.699200000
v -20.774964515 89.581795568 140.699200000
v -20.828520821 89.635287687 140.699200000
v -20.361225763 89.165049632 140.699200000
v -20.298702544 89.106986630 140.699200000
v -20.345915643 89.076098166 140.699200000
v -20.400909368 89.138935156 140.699200000
v -20.872286748 89.597555302 140.699200000
v -20.822414716 89.532401106 140.699200000
v -20.381552935 89.059779805 140.699200000
v -20.447540902 89.120019510 140.699200000
v -20.906132636 89.554411956 140.699200000
v -20.851847471 89.470303331 140.699200000
v -20.437787572 89.042527063 140.699200000
v -20.505095971 89.107754607 140.699200000
v -20.930413042 89.506358907 140.699200000
v -20.500818018 89.032164223 140.699200000
v -20.570706603 89.103650118 140.699200000
v -20.945053116 89.453510347 140.699200000
v -20.859714050 89.433369445 140.699200000
v -20.570706602 89.028706550 140.699200000
v -20.949938915 89.396200905 140.699200000
v -20.862354420 89.393492107 140.699200000
v -20.615693491 89.030339972 140.699200000
v -20.640598907 89.108465687 140.699200000
v -20.945524170 89.326322772 140.699200000
v -20.857360124 89.323860723 140.699200000
v -20.658127735 89.035245451 140.699200000
v -20.696045185 89.042939393 140.699200000
v -20.698749639 89.122151081 140.699200000
v -20.932279922 89.263365074 140.699200000
v -20.842518151 89.263695479 140.699200000
v -20.753919570 89.062293199 140.699200000
v -20.748455712 89.145175736 140.699200000
v -20.910206158 89.207327809 140.699200000
v -20.820134377 89.216629561 140.699200000
v -20.805142262 89.089769315 140.699200000
v -20.789442892 89.177467611 140.699200000
v -20.889308627 89.171938721 140.699200000
v -20.849713274 89.125320546 140.699200000
v -21.850164655 90.318999998 140.699200000
v -21.242489961 90.319000002 140.699200000
v -21.319239190 90.241347618 140.699200000
v -21.284927797 89.749248310 140.699200000
v -21.200051832 89.662566610 140.699200000
v -21.850164655 90.241347616 140.699200000
v -21.280413103 89.662566610 140.699200000
v -21.311915978 89.687631081 140.699200000
v -21.342738917 89.708632958 140.699200000
v -21.332528605 89.780797335 140.699200000
v -21.402309275 89.738413114 140.699200000
v -21.437036955 89.821702278 140.699200000
v -21.383231647 89.804948658 140.699200000
v -21.461799604 89.754432852 140.699200000
v -21.476884990 89.829074383 140.699200000
v -21.528720141 89.760083503 140.699200000
v -21.539555407 89.833221192 140.699200000
v -21.593908349 89.754494557 140.699200000
v -21.606963455 89.828693377 140.699200000
v -21.668254378 89.815134957 140.699200000
v -21.651479190 89.738000076 140.699200000
v -21.723515609 89.792583470 140.699200000
v -21.179382452 89.243163250 140.699200000
v -21.248810241 89.320354398 140.699200000
v -21.162128685 89.303198650 140.699200000
v -21.699338892 89.711883430 140.699200000
v -21.758940683 89.771270646 140.699200000
v -21.266115618 89.264298464 140.699200000
v -21.193999213 89.207379748 140.699200000
v -21.740666413 89.675886043 140.699200000
v -21.288453271 89.217019074 140.699200000
v -21.212253909 89.173137713 140.699200000
v -21.806593970 89.730963531 140.699200000
v -21.233310629 89.142843430 140.699200000
v -21.313521104 89.181293461 140.699200000
v -21.843260000 89.686169464 140.699200000
v -21.774868274 89.630051371 140.699200000
v -21.283810066 89.094323885 140.699200000
v -21.342715594 89.153311514 140.699200000
v -21.871575179 89.635089627 140.699200000
v -21.799222783 89.577164171 140.699200000
v -21.334483924 89.064922099 140.699200000
v -21.377010448 89.132160547 140.699200000
v -21.891504313 89.577688636 140.699200000
v -21.813490547 89.518338834 140.699200000
v -21.392724636 89.044171009 140.699200000
v -21.417281557 89.116894071 140.699200000
v -21.899421851 89.540199168 140.699200000
v -21.904464140 89.498364025 140.699200000
v -21.818562077 89.449474042 140.699200000
v -21.454117295 89.032602000 140.699200000
v -21.467455128 89.106973521 140.699200000
v -21.906146859 89.453988699 140.699200000
v -21.905042904 89.412109093 140.699200000
v -21.817123593 89.405157695 140.699200000
v -21.522399565 89.028706545 140.699200000
v -21.525108382 89.103650113 140.699200000
v -21.901730000 89.372312700 140.699200000
v -21.812813324 89.363493763 140.699200000
v -21.568435620 89.030571272 140.699200000
v -21.593415148 89.109446123 140.699200000
v -21.896206591 89.334594671 140.699200000
v -21.611725825 89.036159361 140.699200000
v -21.888471117 89.298950159 140.699200000
v -21.797557812 89.294968418 140.699200000
v -21.650388277 89.044934618 140.699200000
v -21.650443172 89.125605750 140.699200000
v -21.866357744 89.233862289 140.699200000
v -21.774010081 89.238650290 140.699200000
v -21.709226821 89.067025069 140.699200000
v -21.701001193 89.153707160 140.699200000
v -21.845410458 89.192878831 140.699200000
v -21.743354467 89.193263604 140.699200000
v -21.761015687 89.098415122 140.699200000
v -21.805695935 89.139068227 140.699200000
v -22.281767486 90.201618447 140.699200000
v -22.264033087 90.283046349 140.699200000
v -22.221270820 90.250376983 140.699200000
v -22.253047325 90.167608154 140.699200000
v -22.183815757 90.209062449 140.699200000
v -22.164047825 90.178456902 140.699200000
v -22.317714550 90.228572898 140.699200000
v -22.312661093 90.308217829 140.699200000
v -22.232171736 90.127096735 140.699200000
v -22.143167242 90.130983812 140.699200000
v -22.360467237 90.248275258 140.699200000
v -22.367054652 90.325791264 140.699200000
v -22.218618516 90.076479974 140.699200000
v -22.130638904 90.078776309 140.699200000
v -22.414660753 90.261341828 140.699200000
v -22.408867003 90.333567048 140.699200000
v -22.214047290 90.018322792 140.699200000
v -22.126462795 90.021934548 140.699200000
v -22.129893015 89.966888678 140.699200000
v -22.476801351 90.265726889 140.699200000
v -22.543057827 90.334040782 140.699200000
v -22.476801351 90.337961568 140.699200000
v -22.218659153 89.956221434 140.699200000
v -22.140193530 89.916039483 140.699200000
v -22.539855310 90.261480553 140.699200000
v -22.603109806 90.322345199 140.699200000
v -22.232367964 89.902350167 140.699200000
v -22.157566935 89.868714804 140.699200000
v -22.594636402 90.248847125 140.699200000
v -22.656957270 90.302974977 140.699200000
v -22.182132352 89.824886990 140.699200000
v -22.253734396 89.858951585 140.699200000
v -22.637983269 90.229721051 140.699200000
v -22.691231646 90.284735555 140.699200000
v -22.212786908 89.786731183 140.699200000
v -22.283350307 89.822159729 140.699200000
v -22.674544017 90.203424303 140.699200000
v -22.736846575 90.250376980 140.699200000
v -22.248771246 89.755881474 140.699200000
v -22.320103019 89.793065621 140.699200000
v -22.703832431 90.169876031 140.699200000
v -22.764344512 90.221678837 140.699200000
v -22.290114648 89.732272703 140.699200000
v -22.787144292 90.190161822 140.699200000
v -22.725256320 90.129263787 140.699200000
v -22.336846399 89.715839710 140.699200000
v -22.363366341 89.771990046 140.699200000
v -22.805245922 90.155825929 140.699200000
v -22.417028135 89.758357970 140.699200000
v -22.263933596 89.604538565 140.699200000
v -22.241925490 89.677239276 140.699200000
v -22.201189098 89.646352357 140.699200000
v -22.230420706 89.565404232 140.699200000
v -22.165288877 89.607487586 140.699200000
v -22.134970550 89.560189362 140.699200000
v -22.306986074 89.637002239 140.699200000
v -22.286633782 89.700007231 140.699200000
v -22.206316989 89.520102579 140.699200000
v -22.113744502 89.507525217 140.699200000
v -22.356999104 89.660221115 140.699200000
v -22.818649409 90.118671155 140.699200000
v -22.739334688 90.077683685 140.699200000
v -22.191178719 89.465567525 140.699200000
v -22.102264699 89.454393212 140.699200000
v -22.412970939 89.673933306 140.699200000
v -22.826972732 90.081126918 140.699200000
v -22.744070102 90.018322789 140.699200000
v -22.186056469 89.403424373 140.699200000
v -22.098471687 89.397103837 140.699200000
v -22.100161241 89.352734503 140.699200000
v -22.478607225 89.678819395 140.699200000
v -22.522823728 89.755871845 140.699200000
v -22.478607226 89.753762997 140.699200000
v -22.831654598 90.020128667 140.699200000
v -22.190890025 89.332948609 140.699200000
v -22.105224369 89.311103201 140.699200000
v -22.113203256 89.273889946 140.699200000
v -22.827975592 89.963213373 140.699200000
v -22.739350220 89.953656013 140.699200000
v -22.546665631 89.673929577 140.699200000
v -22.563734305 89.762176016 140.699200000
v -22.619465113 89.715839708 140.699200000
v -22.631565118 89.785790947 140.699200000
v -22.816944222 89.910900101 140.699200000
v -22.725311044 89.896835920 140.699200000
v -22.204702023 89.273503721 140.699200000
v -22.133367006 89.217265545 140.699200000
v -22.665341312 89.731521637 140.699200000
v -22.798855146 89.863711923 140.699200000
v -22.606580136 89.659418815 140.699200000
v -22.706109157 89.754015219 140.699200000
v -22.681918371 89.823160518 140.699200000
v -22.773565555 89.820792234 140.699200000
v -22.704611542 89.852929135 140.699200000
v -22.742351110 89.783834053 140.699200000
v -22.673001971 89.700499272 140.699200000
v -22.227978509 89.221945639 140.699200000
v -22.162154200 89.167429740 140.699200000
v -22.654677676 89.637431281 140.699200000
v -22.720530862 89.677303988 140.699200000
v -22.260542679 89.179051165 140.699200000
v -22.199612650 89.124430393 140.699200000
v -22.696010738 89.607263426 140.699200000
v -22.761658639 89.646530915 140.699200000
v -22.248164058 89.086854608 140.699200000
v -22.730156141 89.568157282 140.699200000
v -22.311686391 89.139722896 140.699200000
v -22.796841150 89.608005407 140.699200000
v -22.284992180 89.066917954 140.699200000
v -22.343622143 89.124655860 140.699200000
v -22.825051797 89.563180074 140.699200000
v -22.754553294 89.521653402 140.699200000
v -22.343273271 89.045755697 140.699200000
v -22.379046602 89.113456620 140.699200000
v -22.845248824 89.513421381 140.699200000
v -22.768783780 89.469230141 140.699200000
v -22.408714775 89.032985406 140.699200000
v -22.417365706 89.106127393 140.699200000
v -22.857402724 89.458623521 140.699200000
v -22.773866795 89.407036107 140.699200000
v -22.444120478 89.029778329 140.699200000
v -22.483121916 89.101844239 140.699200000
v -22.481316038 89.028706540 140.699200000
v -22.861451576 89.398909693 140.699200000
v -22.769582048 89.336982434 140.699200000
v -22.526960849 89.030344225 140.699200000
v -22.550518948 89.106627526 140.699200000
v -22.857041016 89.328467268 140.699200000
v -22.762283264 89.296504014 140.699200000
v -22.569801279 89.035253389 140.699200000
v -22.608010697 89.042964949 140.699200000
v -22.607280334 89.120205810 140.699200000
v -22.843826214 89.264970571 140.699200000
v -22.751242634 89.259515997 140.699200000
v -22.666117988 89.062386133 140.699200000
v -22.657032823 89.143350701 140.699200000
v -22.821832493 89.208444900 140.699200000
v -22.736496079 89.226551708 140.699200000
v -22.717318022 89.089997806 140.699200000
v -22.698927220 89.175880730 140.699200000
v -22.801035686 89.172755254 140.699200000
v -22.761681854 89.125776609 140.699200000
v -23.234363454 90.201618371 140.699200000
v -23.216629038 90.283046414 140.699200000
v -23.173866878 90.250377120 140.699200000
v -23.205643423 90.167608127 140.699200000
v -23.136411696 90.209062511 140.699200000
v -23.116643677 90.178456932 140.699200000
v -23.270310490 90.228572864 140.699200000
v -23.265256958 90.308217852 140.699200000
v -23.184767903 90.127096743 140.699200000
v -23.095762978 90.130983818 140.699200000
v -23.313063179 90.248275243 140.699200000
v -23.319650507 90.325791266 140.699200000
v -23.171214698 90.076479961 140.699200000
v -23.083234553 90.078776305 140.699200000
v -23.367256765 90.261341820 140.699200000
v -23.361462925 90.333567044 140.699200000
v -23.166643478 90.018322787 140.699200000
v -23.079058410 90.021934543 140.699200000
v -23.082488638 89.966888648 140.699200000
v -23.429397538 90.265726884 140.699200000
v -23.495653981 90.334040778 140.699200000
v -23.429397539 90.337961563 140.699200000
v -23.171255339 89.956221424 140.699200000
v -23.092789182 89.916039478 140.699200000
v -23.492451317 90.261480551 140.699200000
v -23.555705873 90.322345204 140.699200000
v -23.184964145 89.902350147 140.699200000
v -23.110162672 89.868714798 140.699200000
v -23.547232337 90.248847131 140.699200000
v -23.609553222 90.302975007 140.699200000
v -23.134728255 89.824886984 140.699200000
v -23.206330529 89.858951628 140.699200000
v -23.590579205 90.229721076 140.699200000
v -23.643827510 90.284735616 140.699200000
v -23.165382936 89.786731177 140.699200000
v -23.235946349 89.822159868 140.699200000
v -23.627139982 90.203424369 140.699200000
v -23.689442321 90.250377117 140.699200000
v -23.201367291 89.755881469 140.699200000
v -23.272699209 89.793065618 140.699200000
v -23.656428391 90.169876125 140.699200000
v -23.716940340 90.221678917 140.699200000
v -23.242710711 89.732272698 140.699200000
v -23.739740211 90.190161862 140.699200000
v -23.677852186 90.129263845 140.699200000
v -23.289442587 89.715839705 140.699200000
v -23.315962545 89.771990003 140.699200000
v -23.757841932 90.155825945 140.699200000
v -23.369624272 89.758357958 140.699200000
v -23.216529412 89.604538345 140.699200000
v -23.194521449 89.677239254 140.699200000
v -23.153785217 89.646352345 140.699200000
v -23.183016693 89.565404141 140.699200000
v -23.117884956 89.607487442 140.699200000
v -23.087566692 89.560189298 140.699200000
v -23.259582011 89.637002204 140.699200000
v -23.239229781 89.700007246 140.699200000
v -23.158912995 89.520102556 140.699200000
v -23.066340678 89.507525196 140.699200000
v -23.309595060 89.660221137 140.699200000
v -23.771245500 90.118671157 140.699200000
v -23.691930369 90.077683840 140.699200000
v -23.143774647 89.465567438 140.699200000
v -23.054860885 89.454393205 140.699200000
v -23.365566919 89.673933306 140.699200000
v -23.779568882 90.081126914 140.699200000
v -23.696665718 90.018322784 140.699200000
v -23.138652371 89.403424368 140.699200000
v -23.051067875 89.397103832 140.699200000
v -23.052757403 89.352734497 140.699200000
v -23.431203413 89.678819390 140.699200000
v -23.475419797 89.755871835 140.699200000
v -23.431203413 89.753762992 140.699200000
v -23.784250785 90.020128662 140.699200000
v -23.143485967 89.332948601 140.699200000
v -23.057820464 89.311103194 140.699200000
v -23.065799265 89.273889933 140.699200000
v -23.780571776 89.963213368 140.699200000
v -23.691945841 89.953655954 140.699200000
v -23.499261707 89.673929577 140.699200000
v -23.516330267 89.762175994 140.699200000
v -23.572060728 89.715839703 140.699200000
v -23.584160917 89.785790887 140.699200000
v -23.769540374 89.910900096 140.699200000
v -23.677906680 89.896835823 140.699200000
v -23.157298029 89.273503732 140.699200000
v -23.085962863 89.217265511 140.699200000
v -23.617937023 89.731521618 140.699200000
v -23.751451205 89.863711900 140.699200000
v -23.559176062 89.659418840 140.699200000
v -23.658704916 89.754015214 140.699200000
v -23.634514071 89.823160424 140.699200000
v -23.726161458 89.820792230 140.699200000
v -23.657207206 89.852929031 140.699200000
v -23.694946887 89.783834048 140.699200000
v -23.625597873 89.700499268 140.699200000
v -23.180574486 89.221945753 140.699200000
v -23.114749953 89.167429663 140.699200000
v -23.607273607 89.637431259 140.699200000
v -23.673126846 89.677303992 140.699200000
v -23.213138515 89.179051377 140.699200000
v -23.152208416 89.124430245 140.699200000
v -23.648606796 89.607263279 140.699200000
v -23.714254572 89.646530977 140.699200000
v -23.200759816 89.086854536 140.699200000
v -23.682752099 89.568157232 140.699200000
v -23.264282372 89.139722884 140.699200000
v -23.749437142 89.608005471 140.699200000
v -23.237588011 89.066917913 140.699200000
v -23.296218105 89.124655828 140.699200000
v -23.777647813 89.563180098 140.699200000
v -23.707149201 89.521653413 140.699200000
v -23.295869251 89.045755681 140.699200000
v -23.331642548 89.113456598 140.699200000
v -23.797844701 89.513421384 140.699200000
v -23.721379682 89.469230152 140.699200000
v -23.361310899 89.032985399 140.699200000
v -23.369961698 89.106127384 140.699200000
v -23.809998425 89.458623517 140.699200000
v -23.726462696 89.407036102 140.699200000
v -23.396716648 89.029778323 140.699200000
v -23.435718104 89.101844233 140.699200000
v -23.433912226 89.028706535 140.699200000
v -23.814047192 89.398909688 140.699200000
v -23.722177951 89.336982427 140.699200000
v -23.479557036 89.030344220 140.699200000
v -23.503115020 89.106627515 140.699200000
v -23.809636695 89.328467262 140.699200000
v -23.714879174 89.296504014 140.699200000
v -23.522397464 89.035253381 140.699200000
v -23.560606876 89.042964936 140.699200000
v -23.559876274 89.120205776 140.699200000
v -23.796422037 89.264970555 140.699200000
v -23.703838560 89.259516016 140.699200000
v -23.618714146 89.062386099 140.699200000
v -23.609628752 89.143350710 140.699200000
v -23.774428467 89.208444860 140.699200000
v -23.689092031 89.226551751 140.699200000
v -23.669914136 89.089997730 140.699200000
v -23.651523267 89.175880868 140.699200000
v -23.753631733 89.172755182 140.699200000
v -23.714277895 89.125776462 140.699200000
v -24.171609398 90.198006610 140.699200000
v -24.139395681 90.276821104 140.699200000
v -24.109532923 90.251948954 140.699200000
v -24.144388188 90.164856753 140.699200000
v -24.074098458 90.210193467 140.699200000
v -24.055410226 90.178580450 140.699200000
v -24.206221226 90.224376077 140.699200000
v -24.210073826 90.313914818 140.699200000
v -24.172911086 90.297481610 140.699200000
v -24.124637147 90.124796110 140.699200000
v -24.035683194 90.128595110 140.699200000
v -24.247437110 90.243524283 140.699200000
v -24.250878589 90.326105076 140.699200000
v -24.111811939 90.074265656 140.699200000
v -24.023856209 90.072479467 140.699200000
v -24.299748575 90.256088169 140.699200000
v -24.292605283 90.333688331 140.699200000
v -24.107501175 90.015613966 140.699200000
v -24.019916679 90.010196405 140.699200000
v -24.023000558 89.953277926 140.699200000
v -24.360322907 90.260309246 140.699200000
v -24.361225847 90.337961558 140.699200000
v -24.418773432 90.256340618 140.699200000
v -24.430358294 90.334199275 140.699200000
v -24.113720801 89.950982447 140.699200000
v -24.032430591 89.907222956 140.699200000
v -24.491760835 90.322934474 140.699200000
v -24.471430206 90.244533257 140.699200000
v -24.132436192 89.898943925 140.699200000
v -24.048408219 89.864766744 140.699200000
v -24.068358847 89.828501197 140.699200000
v -24.549318092 90.302479176 140.699200000
v -24.513139325 90.227267026 140.699200000
v -24.162946964 89.856613497 140.699200000
v -24.092251628 89.798066339 140.699200000
v -24.598321218 90.273345418 140.699200000
v -24.121770785 89.770699473 140.699200000
v -24.567375123 90.185592969 140.699200000
v -24.204669171 89.820961694 140.699200000
v -24.151506341 89.749642158 140.699200000
v -24.646931683 90.225183492 140.699200000
v -24.187674863 89.729029526 140.699200000
v -24.667148098 90.195275577 140.699200000
v -24.606312333 90.126078267 140.699200000
v -24.271221978 89.787744748 140.699200000
v -24.221618012 89.713079048 140.699200000
v -24.684650362 90.161442532 140.699200000
v -24.261000172 89.697780939 140.699200000
v -24.323198390 89.768200404 140.699200000
v -24.698651594 90.125986881 140.699200000
v -24.620445595 90.089034538 140.699200000
v -24.715176155 90.066178323 140.699200000
v -24.630300476 90.048119618 140.699200000
v -24.335943556 89.672498849 140.699200000
v -24.388314009 89.746539476 140.699200000
v -24.085585334 89.313878790 140.699200000
v -24.076801250 89.355568837 140.699200000
v -23.993731449 89.336607211 140.699200000
v -24.008166058 89.272806758 140.699200000
v -24.453325033 89.633672657 140.699200000
v -24.473189688 89.719451454 140.699200000
v -24.097795557 89.275409070 140.699200000
v -24.021765574 89.234306669 140.699200000
v -24.537003047 89.695559995 140.699200000
v -24.039672147 89.196951989 140.699200000
v -24.501756197 89.613795866 140.699200000
v -24.130396433 89.211826577 140.699200000
v -24.061114797 89.163271066 140.699200000
v -24.591321499 89.667708600 140.699200000
v -24.543015380 89.590746643 140.699200000
v -24.086067237 89.133278657 140.699200000
v -24.173132300 89.164775070 140.699200000
v -24.114503184 89.106989519 140.699200000
v -24.575280707 89.566136209 140.699200000
v -24.639166303 89.633428177 140.699200000
v -24.601186583 89.538692592 140.699200000
v -24.676132128 89.594678354 140.699200000
v -24.160569710 89.076099514 140.699200000
v -24.204289883 89.143650855 140.699200000
v -24.194818691 89.059780511 140.699200000
v -24.247954763 89.124485182 140.699200000
v -24.703062603 89.551621103 140.699200000
v -24.621576394 89.507158882 140.699200000
v -24.248192735 89.042527258 140.699200000
v -24.302106235 89.111590822 140.699200000
v -24.722259589 89.502613284 140.699200000
v -24.636395800 89.471563722 140.699200000
v -24.307269466 89.032164229 140.699200000
v -24.362128779 89.107261836 140.699200000
v -24.733875113 89.447105903 140.699200000
v -24.646031586 89.428948254 140.699200000
v -24.372061106 89.028706530 140.699200000
v -24.737749622 89.385365672 140.699200000
v -24.649261616 89.381753935 140.699200000
v -24.415340448 89.030338975 140.699200000
v -24.427381239 89.111716930 140.699200000
v -24.733458350 89.319105023 140.699200000
v -24.644153090 89.316151667 140.699200000
v -24.456160776 89.035237589 140.699200000
v -24.482936369 89.124485047 140.699200000
v -24.492638305 89.042914145 140.699200000
v -24.720601292 89.259023941 140.699200000
v -24.629045982 89.259574790 140.699200000
v -24.548334070 89.062201466 140.699200000
v -24.531967972 89.146239912 140.699200000
v -24.699203587 89.205097463 140.699200000
v -24.605700605 89.214610126 140.699200000
v -24.597675218 89.089543822 140.699200000
v -24.573415324 89.176787793 140.699200000
v -24.678970857 89.170723698 140.699200000
v -24.640685439 89.124870496 140.699200000
v -18.972446856 90.154285400 140.692533333
v -19.012609372 89.876194217 140.692533333
v -18.861785889 89.672866729 140.692533333
v -18.719080601 90.308489278 140.692533333
v -20.941244034 89.471679534 140.692533333
v -20.915293115 89.538931435 140.692533333
v -20.938802754 89.288450717 140.692533333
v -20.681165559 89.039508323 140.692533333
v -20.774167762 89.071779873 140.692533333
v -20.462914711 89.037424724 140.692533333
v -20.242541504 89.168245438 140.692533333
v -20.317015366 89.214175985 140.692533333
v -20.285646753 89.278752538 140.692533333
v -20.488305458 89.110338521 140.692533333
v -20.418344735 89.130671260 140.692533333
v -20.732632935 89.136357182 140.692533333
v -20.659871344 89.111801706 140.692533333
v -20.854236359 89.306233610 140.692533333
v -20.829915737 89.234175091 140.692533333
v -20.844500842 89.491234222 140.692533333
v -20.857865376 89.444987518 140.692533333
v -20.752143689 89.597165849 140.692533333
v -20.791857516 89.567668107 140.692533333
v -20.586050753 89.648171946 140.692533333
v -20.647410958 89.637702860 140.692533333
v -20.630953002 89.750308037 140.692533333
v -20.575829604 89.739335635 140.692533333
v -20.763372449 89.824211455 140.692533333
v -20.726630584 89.793648887 140.692533333
v -20.824765492 89.947325387 140.692533333
v -20.812358611 89.901509815 140.692533333
v -20.797644083 90.141757261 140.692533333
v -20.821120298 90.076077160 140.692533333
v -20.639329609 90.256129018 140.692533333
v -20.705243776 90.232886774 140.692533333
v -20.419590900 90.236488353 140.692533333
v -20.484360387 90.257030685 140.692533333
v -20.297686999 90.096040787 140.692533333
v -20.325451594 90.155190808 140.692533333
v -20.218495207 90.123631732 140.692533333
v -20.380755851 90.303048128 140.692533333
v -20.665473223 90.328020947 140.692533333
v -20.874864417 90.181620130 140.692533333
v -20.885228666 89.864790503 140.692533333
v -20.908705007 89.930470619 140.692533333
v -20.732933759 89.721123568 140.692533333
v -20.794333310 89.757508491 140.692533333
v -20.814532391 89.644541348 140.692533333
v -20.744337543 89.677281090 140.692533333
v -21.895035551 89.562967879 140.692533333
v -21.861801380 89.655242679 140.692533333
v -21.895002290 89.328153930 140.692533333
v -21.635224583 89.041020752 140.692533333
v -21.729740236 89.077859777 140.692533333
v -21.350176432 89.058181326 140.692533333
v -21.429690376 89.036153120 140.692533333
v -21.230688098 89.146200725 140.692533333
v -21.257164355 89.116553341 140.689200000
v -21.303320908 89.194211104 140.692533333
v -21.271952219 89.249958950 140.692533333
v -21.452539139 89.109101162 140.692533333
v -21.391808427 89.125588079 140.692533333
v -21.685685550 89.143445298 140.692533333
v -21.613051049 89.113590650 140.692533333
v -21.810158323 89.346882178 140.692533333
v -21.783844002 89.613674699 140.692533333
v -21.809858114 89.538321165 140.692533333
v -21.682414371 89.722695680 140.692533333
v -21.442305909 89.750452230 140.692533333
v -21.484509791 89.757675687 140.692533333
v -21.322249057 89.695072252 140.692533333
v -21.362881157 89.720354423 140.692533333
v -21.361978219 89.795899911 140.692533333
v -21.643752161 89.821809101 140.692533333
v -22.854242924 89.477484185 140.692533333
v -22.832676399 89.547144392 140.692533333
v -22.850332237 89.290273469 140.692533333
v -22.593029252 89.039525204 140.692533333
v -22.686383825 89.071914995 140.692533333
v -22.369352631 89.039475345 140.692533333
v -22.109641812 89.288484627 140.692533333
v -22.143287707 89.197525649 140.692533333
v -22.127900721 89.545519527 140.692533333
v -22.105762072 89.475324724 140.692533333
v -22.271500794 89.693366689 140.692533333
v -22.214381774 89.657650612 140.692533333
v -22.224188044 89.775639376 140.692533333
v -22.275736255 89.739341767 140.692533333
v -22.132537692 89.949625196 140.692533333
v -22.150983601 89.884091834 140.692533333
v -22.168599650 90.186335501 140.692533333
v -22.136996998 90.110054269 140.692533333
v -22.291933836 90.298767572 140.692533333
v -22.579133932 90.328096190 140.692533333
v -22.821120396 90.109519190 140.692533333
v -22.789517744 90.186268614 140.692533333
v -22.805614294 89.878798656 140.692533333
v -22.825088784 89.945126067 140.692533333
v -22.679348613 89.738186842 140.692533333
v -22.730737741 89.773021541 140.692533333
v -22.748669942 89.657603378 140.692533333
v -22.689641175 89.693586502 140.692533333
v -22.714574205 89.871077589 140.692533333
v -22.626086559 89.783024761 140.692533333
v -22.713035821 90.155033740 140.692533333
v -22.736278083 90.093199476 140.692533333
v -22.555958636 90.258804381 140.692533333
v -22.621872801 90.238036854 140.692533333
v -22.333535773 90.237100480 140.692533333
v -22.398547003 90.258536845 140.692533333
v -22.221571773 90.091728040 140.692533333
v -22.244145188 90.152893481 140.692533333
v -22.244614171 89.874722606 140.692533333
v -22.221630395 89.940026654 140.692533333
v -22.400946512 89.761312505 140.692533333
v -22.335877390 89.784061286 140.692533333
v -22.740425903 89.234206526 140.692533333
v -22.739160456 89.553847044 140.692533333
v -22.765164298 89.487088002 140.692533333
v -22.564712809 89.670751573 140.692533333
v -22.637128865 89.646782424 140.692533333
v -22.322499664 89.645573752 140.692533333
v -22.394007320 89.670450000 140.692533333
v -22.194559030 89.482305208 140.692533333
v -22.220367619 89.549294181 140.692533333
v -22.218961596 89.238623884 140.692533333
v -22.194232787 89.313448842 140.692533333
v -22.318652361 89.135956884 140.692533333
v -22.641370666 89.134616191 140.692533333
v -22.569569613 89.110003938 140.692533333
v -23.806838681 89.477484182 140.692533333
v -23.785272380 89.547144408 140.692533333
v -23.802927995 89.290273459 140.692533333
v -23.545625434 89.039525194 140.692533333
v -23.638979970 89.071914948 140.692533333
v -23.321948676 89.039475335 140.692533333
v -23.062237857 89.288484617 140.692533333
v -23.095883516 89.197525601 140.692533333
v -23.080496877 89.545519481 140.692533333
v -23.058358256 89.475324714 140.692533333
v -23.224096723 89.693366679 140.692533333
v -23.166977802 89.657650566 140.692533333
v -23.176784083 89.775639370 140.692533333
v -23.228332305 89.739341762 140.692533333
v -23.085133318 89.949625191 140.692533333
v -23.103579302 89.884091829 140.692533333
v -23.089592693 90.110054269 140.692533333
v -23.244529731 90.298767610 140.692533333
v -23.531730039 90.328096190 140.692533333
v -23.773716504 90.109519190 140.692533333
v -23.742113674 90.186268651 140.692533333
v -23.758210397 89.878798651 140.692533333
v -23.777684961 89.945126062 140.692533333
v -23.631944366 89.738186837 140.692533333
v -23.683333505 89.773021536 140.692533333
v -23.701265923 89.657603393 140.692533333
v -23.642237123 89.693586500 140.692533333
v -23.667169905 89.871077584 140.692533333
v -23.578682471 89.783024755 140.692533333
v -23.665631795 90.155033756 140.692533333
v -23.688873838 90.093199474 140.692533333
v -23.508554625 90.258804379 140.692533333
v -23.574468732 90.238036870 140.692533333
v -23.286131705 90.237100454 140.692533333
v -23.351142992 90.258536837 140.692533333
v -23.174167953 90.091728032 140.692533333
v -23.196741310 90.152893455 140.692533333
v -23.197210315 89.874722643 140.692533333
v -23.174226578 89.940026655 140.692533333
v -23.353542567 89.761312505 140.692533333
v -23.288473471 89.784061324 140.692533333
v -23.693021848 89.234206564 140.692533333
v -23.691756403 89.553846997 140.692533333
v -23.717760206 89.487087992 140.692533333
v -23.517308928 89.670751562 140.692533333
v -23.589724887 89.646782377 140.692533333
v -23.275095487 89.645573684 140.692533333
v -23.346603176 89.670449987 140.692533333
v -23.147154992 89.482305195 140.692533333
v -23.172963622 89.549294112 140.692533333
v -23.171557605 89.238623943 140.692533333
v -23.146828749 89.313448845 140.692533333
v -23.271248190 89.135956944 140.692533333
v -23.593966684 89.134616228 140.692533333
v -23.522165732 89.110003938 140.692533333
v -24.730852473 89.466356021 140.692533333
v -24.710262546 89.536072487 140.692533333
v -24.726931141 89.283016420 140.692533333
v -24.478323123 89.039491635 140.692533333
v -24.567830996 89.071646510 140.692533333
v -24.271827115 89.037424812 140.692533333
v -24.058409455 89.167042367 140.692533333
v -24.221939714 89.134717735 140.692533333
v -24.126696812 89.217352967 140.692533333
v -24.516229367 89.137894725 140.692533333
v -24.445800561 89.114853174 140.692533333
v -24.640834334 89.298918050 140.692533333
v -24.615552322 89.230729771 140.692533333
v -24.627793906 89.494268814 140.692533333
v -24.643869431 89.441943191 140.692533333
v -24.514381907 89.607481206 140.692533333
v -24.563752302 89.575833919 140.692533333
v -24.286063433 89.689066565 140.692533333
v -24.211584051 89.717473745 140.692533333
v -24.236011950 89.707165091 140.692533333
v -24.142589253 89.755457331 140.692533333
v -24.164691695 89.741644231 140.692533333
v -24.084192114 89.807234666 140.692533333
v -24.102052715 89.788035335 140.692533333
v -24.042473789 89.878649768 140.692533333
v -24.054397012 89.852421516 140.692533333
v -24.021182769 89.972271693 140.692533333
v -24.025229729 89.937950104 140.692533333
v -24.029857224 90.106233209 140.692533333
v -24.177093968 90.299634641 140.692533333
v -24.533808760 90.309184750 140.692533333
v -24.454882899 90.330752725 140.692533333
v -24.649451244 90.221867651 140.692533333
v -24.623992321 90.251196648 140.689200000
v -24.493321904 90.236598857 140.692533333
v -24.221337801 90.232619197 140.692533333
v -24.284108588 90.253386737 140.692533333
v -24.114490574 90.088985768 140.692533333
v -24.135726246 90.149917096 140.692533333
v -24.118501083 89.932487259 140.692533333
v -24.110230571 89.971363082 140.692533333
v -24.175740347 89.843861413 140.692533333
v -24.151595772 89.869897936 140.692533333
v -24.307070184 89.773976072 140.692533333
v -24.245814277 89.798688339 140.692533333
v -24.626652709 89.643644194 140.692533333
v -24.559017650 89.685311823 140.692533333
f 1 2 3
f 4 2 1
f 5 2 4
f 5 6 7
f 5 8 6
f 5 9 8
f 5 10 9
f 5 11 10
f 5 4 11
f 5 12 13
f 5 14 12
f 5 15 14
f 5 7 15
f 16 5 13
f 17 2 5
f 18 19 20
f 21 2 17
f 22 2 21
f 23 19 18
f 24 25 26
f 27 28 22
f 29 27 22
f 30 22 28
f 31 22 30
f 32 29 22
f 33 22 31
f 34 32 22
f 35 22 33
f 36 22 35
f 36 2 22
f 37 38 39
f 40 37 39
f 41 37 40
f 42 41 40
f 43 2 36
f 44 41 42
f 45 44 42
f 46 2 43
f 47 48 49
f 50 45 51
f 52 49 53
f 52 47 49
f 54 53 55
f 54 52 53
f 56 45 50
f 57 50 51
f 58 45 56
f 59 55 60
f 59 54 55
f 61 51 62
f 61 57 51
f 63 44 45
f 63 60 44
f 63 45 58
f 64 59 60
f 64 60 63
f 65 57 61
f 65 66 57
f 67 68 59
f 67 59 64
f 69 66 65
f 70 2 46
f 70 71 72
f 70 73 71
f 70 74 73
f 70 46 74
f 70 75 76
f 70 77 75
f 70 78 77
f 70 72 78
f 79 80 68
f 79 68 67
f 81 82 80
f 81 80 79
f 83 84 85
f 83 85 86
f 87 69 65
f 88 89 90
f 88 91 89
f 92 93 94
f 95 93 92
f 96 91 88
f 96 97 91
f 98 95 92
f 99 98 92
f 100 97 96
f 100 101 97
f 102 103 104
f 102 105 103
f 106 99 92
f 107 108 101
f 107 101 100
f 109 106 92
f 110 105 102
f 110 87 105
f 111 112 113
f 114 111 113
f 115 109 92
f 116 87 110
f 116 69 87
f 117 114 113
f 117 113 118
f 119 69 116
f 119 120 69
f 119 121 120
f 122 92 83
f 122 115 92
f 123 117 118
f 123 118 124
f 123 124 121
f 125 121 119
f 126 123 121
f 126 121 125
f 127 2 70
f 128 108 107
f 128 129 108
f 128 130 131
f 128 132 130
f 128 107 132
f 133 3 2
f 133 24 23
f 133 18 134
f 133 134 3
f 133 135 24
f 133 86 135
f 133 83 86
f 133 23 18
f 133 122 83
f 136 2 127
f 137 122 133
f 138 126 125
f 139 126 138
f 140 141 142
f 143 137 133
f 144 138 145
f 144 139 138
f 146 144 145
f 147 141 140
f 148 141 147
f 149 150 141
f 149 141 148
f 151 150 149
f 152 150 151
f 153 128 131
f 153 154 155
f 153 156 154
f 153 131 156
f 157 158 159
f 157 160 161
f 157 162 160
f 157 159 162
f 157 161 128
f 157 128 153
f 163 150 152
f 164 153 155
f 164 155 165
f 166 167 127
f 168 127 167
f 169 127 150
f 169 166 127
f 170 164 165
f 171 150 163
f 172 127 168
f 173 169 150
f 174 165 175
f 174 170 165
f 176 127 172
f 177 173 150
f 178 179 180
f 178 181 179
f 182 127 176
f 183 174 175
f 183 175 184
f 185 177 150
f 185 150 171
f 186 136 127
f 186 127 182
f 187 178 180
f 188 185 171
f 188 171 189
f 190 184 191
f 190 183 184
f 192 136 186
f 193 188 189
f 193 189 194
f 195 180 196
f 195 187 180
f 197 198 199
f 197 200 198
f 201 190 191
f 201 191 202
f 203 193 194
f 204 196 158
f 204 195 196
f 205 200 197
f 205 206 200
f 207 201 202
f 207 208 209
f 207 202 208
f 210 194 211
f 210 203 194
f 212 206 205
f 212 157 206
f 213 204 158
f 213 158 157
f 214 157 212
f 215 207 209
f 215 209 143
f 216 213 157
f 217 157 214
f 217 216 157
f 218 143 133
f 218 215 143
f 219 217 214
f 219 214 220
f 221 219 220
f 222 220 223
f 222 221 220
f 224 223 225
f 224 222 223
f 226 227 210
f 228 226 210
f 228 210 211
f 229 227 226
f 229 230 227
f 231 228 211
f 231 232 233
f 231 211 232
f 234 230 229
f 234 235 230
f 236 233 237
f 236 231 233
f 238 235 234
f 239 237 240
f 239 236 237
f 241 242 243
f 241 240 242
f 241 239 240
f 244 241 243
f 244 243 245
f 246 244 245
f 246 245 247
f 248 246 247
f 248 247 249
f 250 248 249
f 250 249 251
f 252 253 254
f 255 252 254
f 255 254 256
f 257 253 252
f 257 258 253
f 257 259 258
f 260 255 256
f 260 256 261
f 262 259 257
f 262 263 259
f 264 260 261
f 264 261 265
f 266 267 268
f 266 269 267
f 270 192 263
f 270 263 262
f 271 250 251
f 271 251 272
f 273 264 265
f 273 274 275
f 273 265 274
f 276 192 270
f 277 278 269
f 277 269 266
f 279 273 275
f 280 272 281
f 280 271 272
f 282 192 276
f 282 136 192
f 283 284 278
f 283 278 277
f 285 275 286
f 285 279 275
f 287 280 281
f 287 281 288
f 289 136 282
f 290 285 286
f 290 286 291
f 292 284 283
f 293 287 288
f 293 288 294
f 295 290 291
f 295 291 296
f 297 293 294
f 297 294 298
f 299 284 292
f 299 295 296
f 299 296 284
f 300 297 298
f 300 298 301
f 302 300 301
f 303 304 299
f 305 292 306
f 305 299 292
f 305 303 299
f 307 304 303
f 307 308 304
f 309 306 310
f 309 305 306
f 311 312 308
f 311 308 307
f 313 310 314
f 313 309 310
f 315 312 311
f 316 314 317
f 316 313 314
f 318 316 317
f 319 317 320
f 319 318 317
f 321 320 322
f 321 319 320
f 323 321 322
f 324 325 326
f 327 328 325
f 327 325 324
f 329 324 326
f 329 326 330
f 331 323 322
f 331 322 332
f 333 334 328
f 333 328 327
f 335 329 330
f 335 330 336
f 337 334 333
f 337 338 334
f 339 335 336
f 339 340 341
f 339 336 340
f 342 338 337
f 342 289 338
f 343 344 345
f 343 346 344
f 347 348 349
f 347 332 348
f 347 331 332
f 350 339 341
f 350 341 351
f 352 289 342
f 352 136 289
f 353 354 355
f 356 346 343
f 356 357 346
f 358 353 355
f 359 353 358
f 360 350 351
f 360 351 361
f 362 136 352
f 363 347 349
f 363 349 364
f 365 359 358
f 366 359 365
f 367 357 356
f 367 368 357
f 369 360 361
f 369 361 370
f 371 366 365
f 372 136 362
f 373 366 371
f 374 363 364
f 375 370 376
f 375 369 370
f 377 368 367
f 378 136 372
f 379 364 380
f 379 374 364
f 381 375 376
f 382 368 377
f 382 376 368
f 382 381 376
f 383 136 378
f 384 385 386
f 384 380 385
f 384 379 380
f 387 382 377
f 387 377 388
f 389 390 391
f 392 136 383
f 393 384 386
f 393 386 394
f 395 387 388
f 395 388 396
f 397 393 394
f 398 390 389
f 398 371 390
f 399 395 396
f 400 401 402
f 403 136 392
f 404 136 403
f 405 371 398
f 405 406 373
f 405 373 371
f 407 400 402
f 407 408 406
f 407 402 408
f 409 136 404
f 410 136 409
f 411 406 405
f 411 407 406
f 411 405 412
f 413 411 412
f 414 136 410
f 415 416 417
f 415 418 416
f 415 396 418
f 419 399 396
f 419 420 421
f 419 422 423
f 419 421 422
f 419 423 399
f 419 396 415
f 424 417 425
f 424 415 417
f 426 411 413
f 427 425 428
f 427 424 425
f 429 419 430
f 429 420 419
f 431 411 426
f 432 428 433
f 432 427 428
f 434 433 435
f 434 432 433
f 436 411 431
f 436 414 411
f 437 434 435
f 438 414 436
f 439 435 440
f 439 437 435
f 441 442 443
f 444 414 438
f 445 439 440
f 445 440 446
f 447 448 449
f 450 451 442
f 450 442 441
f 452 446 453
f 452 445 446
f 454 414 444
f 455 449 456
f 455 447 449
f 457 430 451
f 457 451 450
f 457 429 430
f 458 453 459
f 458 452 453
f 460 455 456
f 461 414 454
f 462 463 429
f 462 429 457
f 464 456 463
f 464 460 456
f 465 459 466
f 465 458 459
f 467 414 461
f 467 136 414
f 468 463 462
f 468 464 463
f 469 464 468
f 470 469 468
f 471 469 470
f 472 471 470
f 473 474 471
f 473 471 472
f 475 476 465
f 475 465 466
f 475 466 477
f 475 477 397
f 475 394 478
f 475 302 301
f 475 478 302
f 475 218 133
f 475 136 467
f 475 301 218
f 475 479 480
f 475 481 479
f 475 482 481
f 475 483 482
f 475 484 483
f 475 485 476
f 475 397 394
f 475 467 484
f 475 486 485
f 475 487 486
f 475 488 487
f 475 489 488
f 475 480 489
f 490 24 491
f 491 24 492
f 492 24 26
f 135 5 24
f 24 5 493
f 493 5 16
f 24 493 494
f 24 494 495
f 24 495 496
f 24 496 497
f 24 497 25
f 17 498 21
f 22 62 34
f 34 62 51
f 62 92 94
f 62 94 499
f 62 499 61
f 128 70 500
f 500 70 76
f 128 500 501
f 128 501 129
f 141 502 142
f 503 504 505
f 506 507 508
f 509 510 511
f 509 508 510
f 509 506 508
f 512 513 504
f 512 504 503
f 514 511 515
f 514 509 511
f 516 517 513
f 516 513 512
f 518 515 517
f 518 517 516
f 519 520 514
f 519 514 515
f 519 515 518
f 521 520 519
f 522 523 520
f 522 524 523
f 522 520 521
f 525 526 527
f 528 525 527
f 529 525 528
f 530 529 528
f 531 529 530
f 532 531 530
f 533 531 532
f 534 535 536
f 534 537 535
f 538 539 537
f 538 537 534
f 540 541 542
f 540 543 544
f 540 542 543
f 545 532 539
f 545 539 538
f 546 544 547
f 546 540 544
f 548 533 532
f 548 532 545
f 549 547 533
f 549 546 547
f 549 533 548
f 550 549 548
f 551 549 550
f 552 551 550
f 553 551 552
f 554 553 552
f 555 553 554
f 556 555 554
f 557 558 559
f 560 557 559
f 561 557 560
f 562 561 560
f 563 561 562
f 564 563 562
f 565 563 564
f 566 567 568
f 566 569 567
f 570 571 569
f 570 569 566
f 572 573 574
f 572 575 576
f 572 574 575
f 577 564 571
f 577 571 570
f 578 576 579
f 578 572 576
f 580 565 564
f 580 564 577
f 581 579 565
f 581 578 579
f 581 565 580
f 582 581 580
f 583 581 582
f 584 583 582
f 585 583 584
f 586 585 584
f 587 585 586
f 588 587 586
f 589 590 591
f 589 591 592
f 593 594 590
f 593 590 589
f 595 594 593
f 596 595 593
f 597 595 596
f 598 599 600
f 601 602 599
f 601 599 598
f 603 604 605
f 603 605 606
f 607 608 602
f 607 602 601
f 609 610 611
f 609 606 610
f 609 603 606
f 612 608 607
f 613 611 597
f 613 609 611
f 614 596 608
f 614 597 596
f 614 608 612
f 615 613 597
f 615 597 614
f 616 615 614
f 617 615 616
f 618 617 616
f 619 617 618
f 620 621 619
f 620 619 618
f 622 621 620
f 623 624 625
f 623 625 626
f 627 628 624
f 627 624 623
f 629 628 627
f 630 629 627
f 631 629 630
f 632 633 634
f 635 636 633
f 635 633 632
f 637 638 639
f 637 639 640
f 641 642 636
f 641 636 635
f 643 644 645
f 643 640 644
f 643 637 640
f 646 642 641
f 647 645 631
f 647 643 645
f 648 630 642
f 648 631 630
f 648 642 646
f 649 647 631
f 649 631 648
f 650 649 648
f 651 649 650
f 652 651 650
f 653 651 652
f 654 655 653
f 654 653 652
f 656 655 654
f 657 658 2
f 657 2 136
f 659 2 658
f 133 2 659
f 475 133 659
f 475 659 660
f 660 657 136
f 660 136 475
f 659 657 660
f 659 658 657
f 514 661 662
f 514 520 661
f 520 663 661
f 520 523 663
f 524 664 665
f 524 522 664
f 524 666 523
f 663 666 665
f 523 666 663
f 665 666 524
f 508 667 668
f 508 507 667
f 507 669 667
f 507 506 669
f 670 514 662
f 509 514 670
f 509 671 506
f 669 671 670
f 506 671 669
f 670 671 509
f 504 672 673
f 672 513 674
f 504 513 672
f 517 515 675
f 675 511 676
f 515 511 675
f 511 510 676
f 510 668 676
f 510 508 668
f 517 677 513
f 674 677 675
f 513 677 674
f 675 677 517
f 505 673 678
f 505 504 673
f 503 505 679
f 679 505 678
f 512 503 680
f 680 503 679
f 522 521 664
f 664 521 681
f 519 518 682
f 516 683 684
f 683 512 680
f 516 512 683
f 519 685 521
f 681 685 682
f 521 685 681
f 682 685 519
f 516 686 518
f 682 686 684
f 518 686 682
f 684 686 516
f 687 688 678
f 673 687 678
f 672 689 690
f 672 690 687
f 672 687 673
f 674 691 689
f 674 689 672
f 675 692 691
f 675 691 674
f 693 692 675
f 676 694 693
f 676 693 675
f 679 678 688
f 668 694 676
f 695 694 668
f 667 695 668
f 696 695 667
f 697 667 669
f 697 696 667
f 698 669 670
f 698 697 669
f 699 698 670
f 699 670 662
f 700 683 680
f 700 680 679
f 700 679 701
f 702 699 662
f 703 683 700
f 703 684 683
f 704 702 662
f 704 662 661
f 705 684 703
f 705 682 684
f 706 681 682
f 706 682 705
f 707 704 661
f 707 661 663
f 708 681 706
f 708 664 681
f 709 707 663
f 710 709 663
f 710 663 665
f 711 664 708
f 712 664 711
f 712 710 665
f 712 665 664
f 713 679 688
f 713 701 679
f 714 701 713
f 715 703 700
f 716 703 715
f 717 718 719
f 720 717 721
f 722 720 721
f 723 721 724
f 723 722 721
f 725 722 723
f 726 717 720
f 727 717 726
f 719 721 717
f 721 728 724
f 729 730 731
f 732 729 731
f 732 731 733
f 732 733 734
f 735 736 737
f 735 737 730
f 735 730 729
f 738 734 739
f 738 732 734
f 740 741 736
f 740 736 735
f 742 739 743
f 742 738 739
f 744 745 741
f 744 741 740
f 746 743 747
f 746 742 743
f 748 749 750
f 748 750 745
f 748 745 744
f 751 749 748
f 752 749 751
f 753 752 751
f 754 752 753
f 755 756 754
f 755 754 753
f 757 756 755
f 758 756 757
f 759 758 757
f 760 758 759
f 761 759 762
f 761 760 759
f 763 764 765
f 766 762 767
f 766 761 762
f 768 766 767
f 769 770 764
f 769 764 763
f 771 768 767
f 771 767 772
f 773 774 775
f 776 770 769
f 776 777 770
f 778 771 772
f 778 772 779
f 780 781 782
f 780 782 777
f 783 777 776
f 783 780 777
f 784 774 773
f 784 773 785
f 786 778 779
f 786 779 787
f 788 781 780
f 788 789 781
f 790 789 788
f 790 791 789
f 792 786 787
f 792 787 793
f 794 780 783
f 795 780 794
f 796 791 790
f 796 793 791
f 797 792 793
f 797 793 796
f 798 784 785
f 798 785 799
f 800 798 799
f 801 795 794
f 802 798 800
f 803 802 800
f 804 805 795
f 804 795 801
f 806 805 804
f 807 805 806
f 808 802 803
f 808 803 809
f 810 808 809
f 810 811 808
f 812 807 806
f 813 812 806
f 814 811 810
f 815 811 814
f 816 812 813
f 817 816 813
f 818 815 814
f 819 815 818
f 820 816 817
f 821 819 818
f 821 822 819
f 823 817 824
f 823 820 817
f 825 822 821
f 826 823 824
f 826 824 827
f 828 829 822
f 828 822 825
f 830 826 827
f 830 827 831
f 832 829 828
f 833 829 832
f 833 834 829
f 835 830 831
f 835 831 836
f 837 834 833
f 837 838 834
f 839 835 836
f 839 836 840
f 841 838 837
f 841 842 838
f 843 839 840
f 844 842 841
f 844 843 840
f 844 840 842
f 845 846 847
f 848 847 846
f 849 848 846
f 850 845 847
f 851 848 849
f 852 848 851
f 853 854 848
f 853 848 852
f 855 856 857
f 855 857 854
f 855 854 853
f 858 856 855
f 858 859 856
f 860 859 858
f 860 861 859
f 862 863 861
f 862 861 860
f 864 863 862
f 865 864 862
f 866 864 865
f 867 868 869
f 870 866 865
f 871 866 870
f 872 868 867
f 872 867 873
f 874 871 870
f 875 872 873
f 875 873 876
f 877 871 874
f 878 875 876
f 879 875 878
f 880 874 881
f 880 877 874
f 882 883 879
f 882 879 878
f 884 881 885
f 884 880 881
f 886 887 883
f 886 883 882
f 888 885 889
f 888 884 885
f 890 891 887
f 890 887 886
f 892 888 889
f 893 889 894
f 893 892 889
f 895 896 891
f 895 891 890
f 897 893 894
f 898 894 899
f 898 897 894
f 900 901 896
f 900 896 895
f 902 899 903
f 902 898 899
f 904 905 901
f 904 901 900
f 906 902 903
f 907 905 904
f 908 906 903
f 908 903 909
f 910 905 907
f 910 911 905
f 912 908 909
f 912 909 913
f 914 911 910
f 914 915 911
f 916 912 913
f 916 913 917
f 918 915 914
f 918 917 915
f 919 916 917
f 919 917 918
f 920 921 922
f 923 922 924
f 923 924 925
f 923 920 922
f 926 927 921
f 926 921 920
f 928 925 929
f 928 923 925
f 930 931 927
f 930 927 926
f 932 929 933
f 932 928 929
f 934 935 931
f 934 931 930
f 936 933 937
f 936 937 938
f 936 932 933
f 939 940 941
f 939 941 935
f 939 935 934
f 942 938 943
f 942 936 938
f 944 940 939
f 945 940 944
f 946 943 947
f 946 942 943
f 948 945 944
f 949 945 948
f 950 946 947
f 951 946 950
f 952 953 949
f 952 949 948
f 954 951 950
f 955 951 954
f 956 953 952
f 957 953 956
f 958 955 954
f 959 955 958
f 960 957 956
f 961 957 960
f 962 959 958
f 963 961 960
f 963 960 964
f 965 959 962
f 965 966 959
f 967 963 964
f 968 966 965
f 969 970 971
f 972 969 971
f 972 971 973
f 972 973 974
f 975 976 970
f 975 970 969
f 977 972 974
f 977 974 978
f 979 976 975
f 979 965 976
f 980 967 964
f 980 964 981
f 982 978 983
f 982 977 978
f 984 968 965
f 984 965 979
f 985 980 981
f 985 981 986
f 987 983 988
f 987 988 989
f 987 982 983
f 990 991 992
f 990 968 984
f 990 992 968
f 993 985 986
f 994 989 995
f 994 995 996
f 994 987 989
f 997 986 998
f 997 993 986
f 999 1000 991
f 999 991 990
f 1001 1002 1000
f 1001 1000 999
f 1003 998 1004
f 1003 997 998
f 1005 994 996
f 1005 996 1006
f 1007 1002 1001
f 1008 1003 1004
f 1009 1001 999
f 1010 1011 1002
f 1010 1002 1007
f 1012 1004 1013
f 1012 1008 1004
f 1014 1013 1011
f 1014 1011 1010
f 1014 1012 1013
f 1015 1001 1009
f 1016 1005 1006
f 1016 1006 1017
f 1018 1015 1009
f 1019 1015 1018
f 1020 1016 1017
f 1020 1017 1021
f 1022 1019 1018
f 1023 1019 1022
f 1024 1020 1021
f 1025 1023 1022
f 1026 1020 1024
f 1027 1023 1025
f 1028 1026 1024
f 1029 1026 1028
f 1030 1025 1031
f 1030 1027 1025
f 1032 1033 1029
f 1032 1029 1028
f 1034 1031 1035
f 1034 1030 1031
f 1036 1037 1033
f 1036 1033 1032
f 1038 1035 1039
f 1038 1034 1035
f 1040 1041 1037
f 1040 1037 1036
f 1042 1041 1040
f 1043 1039 1044
f 1043 1038 1039
f 1045 1046 1041
f 1045 1041 1042
f 1047 1044 1048
f 1047 1043 1044
f 1049 1046 1045
f 1050 1051 1046
f 1050 1046 1049
f 1052 1048 1053
f 1052 1047 1048
f 1054 1051 1050
f 1054 1055 1051
f 1056 1052 1053
f 1056 1053 1057
f 1058 1059 1055
f 1058 1055 1054
f 1060 1056 1057
f 1060 1057 1059
f 1061 1060 1059
f 1061 1059 1058
f 1062 1063 1064
f 1065 1064 1066
f 1065 1066 1067
f 1065 1062 1064
f 1068 1069 1063
f 1068 1063 1062
f 1070 1067 1071
f 1070 1065 1067
f 1072 1073 1069
f 1072 1069 1068
f 1074 1071 1075
f 1074 1070 1071
f 1076 1077 1073
f 1076 1073 1072
f 1078 1075 1079
f 1078 1079 1080
f 1078 1074 1075
f 1081 1082 1083
f 1081 1083 1077
f 1081 1077 1076
f 1084 1080 1085
f 1084 1078 1080
f 1086 1082 1081
f 1087 1082 1086
f 1088 1085 1089
f 1088 1084 1085
f 1090 1087 1086
f 1091 1087 1090
f 1092 1088 1089
f 1093 1088 1092
f 1094 1095 1091
f 1094 1091 1090
f 1096 1093 1092
f 1097 1093 1096
f 1098 1095 1094
f 1099 1095 1098
f 1100 1097 1096
f 1101 1097 1100
f 1102 1099 1098
f 1103 1099 1102
f 1104 1101 1100
f 1105 1103 1102
f 1105 1102 1106
f 1107 1101 1104
f 1107 1108 1101
f 1109 1105 1106
f 1110 1108 1107
f 1111 1112 1113
f 1114 1111 1113
f 1114 1113 1115
f 1114 1115 1116
f 1117 1118 1112
f 1117 1112 1111
f 1119 1114 1116
f 1119 1116 1120
f 1121 1118 1117
f 1121 1107 1118
f 1122 1109 1106
f 1122 1106 1123
f 1124 1120 1125
f 1124 1119 1120
f 1126 1110 1107
f 1126 1107 1121
f 1127 1122 1123
f 1127 1123 1128
f 1129 1125 1130
f 1129 1130 1131
f 1129 1124 1125
f 1132 1133 1134
f 1132 1110 1126
f 1132 1134 1110
f 1135 1127 1128
f 1136 1131 1137
f 1136 1137 1138
f 1136 1129 1131
f 1139 1128 1140
f 1139 1135 1128
f 1141 1142 1133
f 1141 1133 1132
f 1143 1144 1142
f 1143 1142 1141
f 1145 1140 1146
f 1145 1139 1140
f 1147 1136 1138
f 1147 1138 1148
f 1149 1144 1143
f 1150 1145 1146
f 1151 1143 1141
f 1152 1153 1144
f 1152 1144 1149
f 1154 1146 1155
f 1154 1150 1146
f 1156 1155 1153
f 1156 1153 1152
f 1156 1154 1155
f 1157 1143 1151
f 1158 1147 1148
f 1158 1148 1159
f 1160 1157 1151
f 1161 1157 1160
f 1162 1158 1159
f 1162 1159 1163
f 1164 1161 1160
f 1165 1161 1164
f 1166 1162 1163
f 1167 1165 1164
f 1168 1162 1166
f 1169 1165 1167
f 1170 1168 1166
f 1171 1168 1170
f 1172 1167 1173
f 1172 1169 1167
f 1174 1175 1171
f 1174 1171 1170
f 1176 1173 1177
f 1176 1172 1173
f 1178 1179 1175
f 1178 1175 1174
f 1180 1177 1181
f 1180 1176 1177
f 1182 1183 1179
f 1182 1179 1178
f 1184 1183 1182
f 1185 1181 1186
f 1185 1180 1181
f 1187 1188 1183
f 1187 1183 1184
f 1189 1186 1190
f 1189 1185 1186
f 1191 1188 1187
f 1192 1193 1188
f 1192 1188 1191
f 1194 1190 1195
f 1194 1189 1190
f 1196 1193 1192
f 1196 1197 1193
f 1198 1194 1195
f 1198 1195 1199
f 1200 1201 1197
f 1200 1197 1196
f 1202 1198 1199
f 1202 1199 1201
f 1203 1202 1201
f 1203 1201 1200
f 1204 1205 1206
f 1207 1204 1206
f 1207 1206 1208
f 1207 1208 1209
f 1210 1205 1204
f 1210 1211 1212
f 1210 1212 1205
f 1213 1207 1209
f 1213 1209 1214
f 1215 1211 1210
f 1215 1216 1211
f 1217 1213 1214
f 1217 1214 1218
f 1219 1220 1216
f 1219 1216 1215
f 1221 1218 1222
f 1221 1222 1223
f 1221 1217 1218
f 1224 1225 1220
f 1224 1220 1219
f 1226 1227 1225
f 1226 1225 1224
f 1228 1223 1229
f 1228 1221 1223
f 1230 1227 1226
f 1231 1230 1226
f 1232 1229 1233
f 1232 1228 1229
f 1234 1232 1233
f 1235 1230 1231
f 1236 1235 1231
f 1237 1234 1238
f 1237 1232 1234
f 1239 1235 1236
f 1240 1237 1238
f 1241 1239 1236
f 1242 1237 1240
f 1243 1242 1240
f 1244 1239 1241
f 1245 1242 1243
f 1246 1244 1241
f 1247 1246 1241
f 1248 1242 1245
f 1249 1248 1245
f 1250 1246 1247
f 1251 1252 1248
f 1251 1248 1249
f 1253 1250 1247
f 1253 1247 1254
f 1255 1253 1254
f 1255 1254 1256
f 1257 1258 1252
f 1257 1252 1251
f 1259 1260 1261
f 1259 1261 1262
f 1263 1264 1258
f 1263 1258 1257
f 1265 1259 1262
f 1265 1262 1266
f 1267 1264 1263
f 1268 1265 1266
f 1269 1267 1263
f 1270 1265 1268
f 1270 1268 1271
f 1272 1267 1269
f 1273 1272 1269
f 1274 1270 1271
f 1275 1270 1274
f 1275 1274 1276
f 1277 1278 1272
f 1277 1272 1273
f 1279 1278 1277
f 1280 1278 1279
f 1281 1275 1276
f 1281 1282 1275
f 1283 1282 1281
f 1283 1284 1282
f 1285 1279 1286
f 1285 1280 1279
f 1287 1284 1283
f 1287 1288 1284
f 1289 1285 1286
f 1289 1286 1290
f 1291 1292 1288
f 1291 1288 1287
f 1293 1290 1294
f 1293 1289 1290
f 1295 1292 1291
f 1296 1294 1297
f 1296 1293 1294
f 1298 1292 1295
f 1298 1299 1292
f 1300 1296 1297
f 1300 1297 1301
f 1302 1299 1298
f 1302 1303 1299
f 1304 1303 1302
f 1305 1300 1301
f 1305 1301 1306
f 1307 1303 1304
f 1307 1308 1303
f 1309 1305 1306
f 1309 1306 1310
f 1311 1308 1307
f 1311 1312 1308
f 1313 1309 1310
f 1314 1312 1311
f 1314 1313 1310
f 1314 1310 1312
f 16 13 702
f 702 13 699
f 699 12 698
f 13 12 699
f 698 14 697
f 12 14 698
f 696 7 695
f 15 7 696
f 15 1315 14
f 697 1315 696
f 14 1315 697
f 696 1315 15
f 497 496 712
f 712 496 710
f 710 495 709
f 496 495 710
f 709 494 707
f 495 494 709
f 704 16 702
f 493 16 704
f 493 1316 494
f 707 1316 704
f 494 1316 707
f 704 1316 493
f 490 491 703
f 703 491 705
f 705 492 706
f 491 492 705
f 706 26 708
f 492 26 706
f 711 497 712
f 25 497 711
f 25 1317 26
f 708 1317 711
f 26 1317 708
f 711 1317 25
f 24 490 716
f 716 490 703
f 23 24 715
f 715 24 716
f 19 23 700
f 700 23 715
f 20 19 701
f 701 19 700
f 18 20 714
f 714 20 701
f 134 18 713
f 713 18 714
f 3 134 688
f 688 134 713
f 1 3 687
f 687 3 688
f 7 6 695
f 695 6 694
f 694 8 693
f 6 8 694
f 693 9 692
f 8 9 693
f 691 11 689
f 10 11 691
f 689 4 690
f 11 4 689
f 690 1 687
f 4 1 690
f 10 1318 9
f 692 1318 691
f 9 1318 692
f 691 1318 10
f 83 92 726
f 726 92 727
f 84 83 720
f 720 83 726
f 85 84 722
f 722 84 720
f 86 85 725
f 725 85 722
f 135 86 723
f 723 86 725
f 5 135 724
f 724 135 723
f 17 5 728
f 728 5 724
f 498 17 721
f 721 17 728
f 21 498 719
f 719 498 721
f 22 21 718
f 718 21 719
f 62 22 717
f 717 22 718
f 92 62 727
f 727 62 717
f 156 131 826
f 826 131 823
f 816 107 812
f 132 107 816
f 130 1319 131
f 823 1319 820
f 131 1319 823
f 820 1319 130
f 132 1320 130
f 820 1320 816
f 130 1320 820
f 816 1320 132
f 184 175 844
f 844 175 843
f 843 165 839
f 175 165 843
f 839 155 835
f 165 155 839
f 830 156 826
f 154 156 830
f 154 1321 155
f 835 1321 830
f 155 1321 835
f 830 1321 154
f 137 143 825
f 825 143 828
f 828 209 832
f 143 209 828
f 833 202 837
f 208 202 833
f 841 184 844
f 191 184 841
f 208 1322 209
f 832 1322 833
f 209 1322 832
f 833 1322 208
f 191 1323 202
f 837 1323 841
f 202 1323 837
f 841 1323 191
f 99 106 809
f 809 106 810
f 810 109 814
f 106 109 810
f 814 115 818
f 109 115 814
f 821 137 825
f 122 137 821
f 122 1324 115
f 818 1324 821
f 115 1324 818
f 821 1324 122
f 61 499 775
f 775 499 773
f 773 94 785
f 499 94 773
f 785 93 799
f 94 93 785
f 800 98 803
f 95 98 800
f 803 99 809
f 98 99 803
f 95 1325 93
f 799 1325 800
f 93 1325 799
f 800 1325 95
f 65 61 774
f 774 61 775
f 104 103 808
f 808 103 802
f 784 65 774
f 87 65 784
f 105 1326 103
f 802 1326 798
f 103 1326 802
f 798 1326 105
f 87 1327 105
f 798 1327 784
f 105 1327 798
f 784 1327 87
f 119 819 822
f 119 116 819
f 102 808 811
f 102 104 808
f 110 1328 116
f 819 1328 815
f 116 1328 819
f 815 1328 110
f 102 1329 110
f 815 1329 811
f 110 1329 815
f 811 1329 102
f 146 145 842
f 842 145 838
f 829 119 822
f 125 119 829
f 138 1330 145
f 838 1330 834
f 145 1330 838
f 834 1330 138
f 125 1331 138
f 834 1331 829
f 138 1331 834
f 829 1331 125
f 123 831 827
f 123 126 831
f 144 842 840
f 144 146 842
f 139 1332 126
f 831 1332 836
f 126 1332 831
f 836 1332 139
f 144 1333 139
f 836 1333 840
f 139 1333 836
f 840 1333 144
f 112 111 813
f 824 123 827
f 117 123 824
f 114 1334 111
f 813 1334 817
f 111 1334 813
f 817 1334 114
f 117 1335 114
f 817 1335 824
f 114 1335 817
f 824 1335 117
f 124 804 801
f 124 118 804
f 113 1336 118
f 804 1336 806
f 118 1336 804
f 806 1336 113
f 112 1337 113
f 806 1337 813
f 813 1337 112
f 113 1337 806
f 66 776 769
f 66 69 776
f 121 801 794
f 121 124 801
f 120 1338 69
f 776 1338 783
f 69 1338 776
f 783 1338 120
f 121 1339 120
f 783 1339 794
f 120 1339 783
f 794 1339 121
f 57 66 763
f 763 66 769
f 50 57 765
f 765 57 763
f 56 50 764
f 764 50 765
f 67 64 781
f 781 64 782
f 770 56 764
f 58 56 770
f 63 1340 64
f 782 1340 777
f 64 1340 782
f 777 1340 63
f 58 1341 63
f 777 1341 770
f 63 1341 777
f 770 1341 58
f 789 67 781
f 79 67 789
f 81 1342 82
f 82 1342 793
f 793 1342 791
f 791 1342 81
f 79 1343 81
f 791 1343 789
f 81 1343 791
f 789 1343 79
f 59 779 772
f 59 68 779
f 80 1344 68
f 779 1344 787
f 68 1344 779
f 787 1344 80
f 82 1345 80
f 787 1345 793
f 793 1345 82
f 80 1345 787
f 48 47 757
f 757 47 759
f 767 59 772
f 54 59 767
f 52 1346 47
f 759 1346 762
f 47 1346 759
f 762 1346 52
f 54 1347 52
f 762 1347 767
f 52 1347 762
f 767 1347 54
f 60 751 748
f 60 55 751
f 49 757 755
f 49 48 757
f 53 1348 55
f 751 1348 753
f 55 1348 751
f 753 1348 53
f 49 1349 53
f 753 1349 755
f 53 1349 753
f 755 1349 49
f 38 37 729
f 729 37 735
f 744 60 748
f 44 60 744
f 41 1350 37
f 735 1350 740
f 37 1350 735
f 740 1350 41
f 44 1351 41
f 740 1351 744
f 41 1351 740
f 744 1351 44
f 45 742 746
f 45 42 742
f 39 729 732
f 39 38 729
f 40 1352 42
f 742 1352 738
f 42 1352 742
f 738 1352 40
f 39 1353 40
f 738 1353 732
f 40 1353 738
f 732 1353 39
f 51 45 747
f 747 45 746
f 28 27 731
f 731 27 733
f 733 29 734
f 27 29 733
f 734 32 739
f 29 32 734
f 743 51 747
f 34 51 743
f 34 1354 32
f 739 1354 743
f 32 1354 739
f 743 1354 34
f 43 36 750
f 750 36 745
f 745 35 741
f 36 35 745
f 741 33 736
f 35 33 741
f 737 30 730
f 31 30 737
f 730 28 731
f 30 28 730
f 31 1355 33
f 736 1355 737
f 33 1355 736
f 737 1355 31
f 72 71 758
f 758 71 756
f 756 73 754
f 71 73 756
f 754 74 752
f 73 74 754
f 749 43 750
f 46 43 749
f 46 1356 74
f 752 1356 749
f 74 1356 752
f 749 1356 46
f 500 76 771
f 771 76 768
f 768 75 766
f 76 75 768
f 766 77 761
f 75 77 766
f 760 72 758
f 78 72 760
f 78 1357 77
f 761 1357 760
f 77 1357 761
f 760 1357 78
f 101 108 797
f 797 108 792
f 778 500 771
f 501 500 778
f 129 1358 108
f 792 1358 786
f 108 1358 792
f 786 1358 129
f 501 1359 129
f 786 1359 778
f 129 1359 786
f 778 1359 501
f 90 89 780
f 780 89 788
f 796 101 797
f 97 101 796
f 91 1360 89
f 788 1360 790
f 89 1360 788
f 790 1360 91
f 97 1361 91
f 790 1361 796
f 91 1361 790
f 796 1361 97
f 107 100 812
f 812 100 807
f 795 90 780
f 88 90 795
f 96 1362 100
f 807 1362 805
f 100 1362 807
f 805 1362 96
f 88 1363 96
f 805 1363 795
f 96 1363 805
f 795 1363 88
f 240 237 897
f 897 237 893
f 893 233 892
f 237 233 893
f 888 211 884
f 232 211 888
f 880 189 877
f 194 189 880
f 232 1364 233
f 892 1364 888
f 233 1364 892
f 888 1364 232
f 194 1365 211
f 884 1365 880
f 211 1365 884
f 880 1365 194
f 272 251 919
f 919 251 916
f 916 249 912
f 251 249 916
f 912 247 908
f 249 247 912
f 906 243 902
f 245 243 906
f 902 242 898
f 243 242 902
f 898 240 897
f 242 240 898
f 245 1366 247
f 908 1366 906
f 247 1366 908
f 906 1366 245
f 218 301 900
f 900 301 904
f 904 298 907
f 301 298 904
f 910 288 914
f 294 288 910
f 918 272 919
f 281 272 918
f 294 1367 298
f 907 1367 910
f 298 1367 907
f 910 1367 294
f 281 1368 288
f 914 1368 918
f 288 1368 914
f 918 1368 281
f 190 201 882
f 882 201 886
f 895 218 900
f 215 218 895
f 207 1369 201
f 886 1369 890
f 201 1369 886
f 890 1369 207
f 215 1370 207
f 890 1370 895
f 207 1370 890
f 895 1370 215
f 153 164 869
f 869 164 867
f 867 170 873
f 164 170 867
f 873 174 876
f 170 174 873
f 183 1371 174
f 876 1371 878
f 174 1371 876
f 878 1371 183
f 190 1372 183
f 878 1372 882
f 882 1372 190
f 183 1372 878
f 157 153 868
f 868 153 869
f 199 198 883
f 883 198 879
f 872 157 868
f 206 157 872
f 200 1373 198
f 879 1373 875
f 198 1373 879
f 875 1373 200
f 206 1374 200
f 875 1374 872
f 200 1374 875
f 872 1374 206
f 214 896 901
f 214 212 896
f 197 883 887
f 197 199 883
f 205 1375 212
f 896 1375 891
f 212 1375 896
f 891 1375 205
f 197 1376 205
f 891 1376 887
f 205 1376 891
f 887 1376 197
f 224 225 917
f 917 225 915
f 905 214 901
f 220 214 905
f 223 1377 225
f 915 1377 911
f 225 1377 915
f 911 1377 223
f 220 1378 223
f 911 1378 905
f 223 1378 911
f 905 1378 220
f 213 899 894
f 899 216 903
f 213 216 899
f 217 219 909
f 909 221 913
f 219 221 909
f 221 222 913
f 222 917 913
f 222 224 917
f 217 1379 216
f 903 1379 909
f 216 1379 903
f 909 1379 217
f 178 187 874
f 874 187 881
f 889 213 894
f 204 213 889
f 195 1380 187
f 881 1380 885
f 187 1380 881
f 885 1380 195
f 204 1381 195
f 885 1381 889
f 195 1381 885
f 889 1381 204
f 196 862 860
f 196 180 862
f 180 865 862
f 180 179 865
f 181 874 870
f 181 178 874
f 181 1382 179
f 865 1382 870
f 179 1382 865
f 870 1382 181
f 158 1383 159
f 159 1383 855
f 855 1383 858
f 858 1383 158
f 196 1384 158
f 858 1384 860
f 860 1384 196
f 158 1384 858
f 161 852 851
f 161 160 852
f 162 1385 160
f 852 1385 853
f 160 1385 852
f 853 1385 162
f 159 1386 162
f 853 1386 855
f 855 1386 159
f 162 1386 853
f 128 851 849
f 128 161 851
f 70 128 846
f 846 128 849
f 127 70 845
f 845 70 846
f 150 127 850
f 850 127 845
f 141 150 847
f 847 150 850
f 502 141 848
f 848 141 847
f 149 148 861
f 861 148 859
f 859 147 856
f 148 147 859
f 856 140 857
f 147 140 856
f 854 502 848
f 142 502 854
f 142 1387 140
f 857 1387 854
f 140 1387 857
f 854 1387 142
f 189 171 877
f 877 171 871
f 871 163 866
f 171 163 871
f 866 152 864
f 163 152 866
f 863 149 861
f 151 149 863
f 151 1388 152
f 864 1388 863
f 152 1388 864
f 863 1388 151
f 317 314 1043
f 1043 314 1038
f 1030 292 1027
f 306 292 1030
f 310 1389 314
f 1038 1389 1034
f 314 1389 1038
f 1034 1389 310
f 306 1390 310
f 1034 1390 1030
f 310 1390 1034
f 1030 1390 306
f 349 348 1061
f 1061 348 1060
f 1060 332 1056
f 348 332 1060
f 1056 322 1052
f 332 322 1056
f 1047 317 1043
f 320 317 1047
f 320 1391 322
f 1052 1391 1047
f 322 1391 1052
f 1047 1391 320
f 478 394 1042
f 1042 394 1045
f 1045 386 1049
f 394 386 1045
f 1050 380 1054
f 385 380 1050
f 1058 349 1061
f 364 349 1058
f 385 1392 386
f 1049 1392 1050
f 386 1392 1049
f 1050 1392 385
f 364 1393 380
f 1054 1393 1058
f 380 1393 1054
f 1058 1393 364
f 280 287 1021
f 1021 287 1024
f 1024 293 1028
f 287 293 1024
f 1028 297 1032
f 293 297 1028
f 1036 302 1040
f 300 302 1036
f 1040 478 1042
f 302 478 1040
f 300 1394 297
f 1032 1394 1036
f 297 1394 1032
f 1036 1394 300
f 241 244 988
f 988 244 989
f 989 246 995
f 244 246 989
f 996 250 1006
f 248 250 996
f 1017 280 1021
f 271 280 1017
f 248 1395 246
f 995 1395 996
f 246 1395 995
f 996 1395 248
f 271 1396 250
f 1006 1396 1017
f 250 1396 1006
f 1017 1396 271
f 228 231 973
f 973 231 974
f 983 241 988
f 239 241 983
f 236 1397 231
f 974 1397 978
f 231 1397 974
f 978 1397 236
f 239 1398 236
f 978 1398 983
f 236 1398 978
f 983 1398 239
f 238 234 965
f 965 234 976
f 971 228 973
f 226 228 971
f 229 1399 234
f 976 1399 970
f 234 1399 976
f 970 1399 229
f 226 1400 229
f 970 1400 971
f 229 1400 970
f 971 1400 226
f 210 227 950
f 950 227 954
f 962 238 965
f 235 238 962
f 230 1401 227
f 954 1401 958
f 227 1401 954
f 958 1401 230
f 235 1402 230
f 958 1402 962
f 230 1402 958
f 962 1402 235
f 185 938 937
f 185 188 938
f 947 210 950
f 203 210 947
f 193 1403 188
f 938 1403 943
f 188 1403 938
f 943 1403 193
f 203 1404 193
f 943 1404 947
f 193 1404 943
f 947 1404 203
f 167 166 922
f 922 166 924
f 169 929 925
f 169 173 929
f 933 185 937
f 177 185 933
f 169 1405 166
f 924 1405 925
f 166 1405 924
f 925 1405 169
f 177 1406 173
f 929 1406 933
f 173 1406 929
f 933 1406 177
f 186 182 941
f 941 182 935
f 935 176 931
f 182 176 935
f 931 172 927
f 176 172 931
f 921 167 922
f 168 167 921
f 168 1407 172
f 927 1407 921
f 172 1407 927
f 921 1407 168
f 253 258 957
f 957 258 953
f 953 259 949
f 258 259 953
f 949 263 945
f 259 263 949
f 940 186 941
f 192 186 940
f 192 1408 263
f 945 1408 940
f 263 1408 945
f 940 1408 192
f 275 985 993
f 275 274 985
f 265 967 980
f 265 261 967
f 963 254 961
f 256 254 963
f 961 253 957
f 254 253 961
f 265 1409 274
f 985 1409 980
f 274 1409 985
f 980 1409 265
f 256 1410 261
f 967 1410 963
f 261 1410 967
f 963 1410 256
f 284 296 1012
f 1012 296 1008
f 997 275 993
f 286 275 997
f 291 1411 296
f 1008 1411 1003
f 296 1411 1008
f 1003 1411 291
f 286 1412 291
f 1003 1412 997
f 291 1412 1003
f 997 1412 286
f 268 267 1001
f 1001 267 1007
f 1014 284 1012
f 278 284 1014
f 269 1413 267
f 1007 1413 1010
f 267 1413 1007
f 1010 1413 269
f 278 1414 269
f 1010 1414 1014
f 269 1414 1010
f 1014 1414 278
f 292 283 1027
f 1027 283 1023
f 1015 268 1001
f 266 268 1015
f 277 1415 283
f 1023 1415 1019
f 283 1415 1023
f 1019 1415 277
f 266 1416 277
f 1019 1416 1015
f 277 1416 1019
f 1015 1416 266
f 549 998 986
f 549 551 998
f 551 1004 998
f 551 553 1004
f 1013 556 1011
f 555 556 1013
f 1011 554 1002
f 556 554 1011
f 1000 550 991
f 552 550 1000
f 991 548 992
f 550 548 991
f 555 1417 553
f 1004 1417 1013
f 553 1417 1004
f 1013 1417 555
f 552 1418 554
f 1002 1418 1000
f 554 1418 1002
f 1000 1418 552
f 542 541 956
f 956 541 960
f 981 549 986
f 546 549 981
f 540 1419 541
f 960 1419 964
f 541 1419 960
f 964 1419 540
f 546 1420 540
f 964 1420 981
f 540 1420 964
f 981 1420 546
f 533 944 939
f 533 547 944
f 543 956 952
f 543 542 956
f 544 1421 547
f 944 1421 948
f 547 1421 944
f 948 1421 544
f 543 1422 544
f 948 1422 952
f 544 1422 948
f 952 1422 543
f 526 525 920
f 920 525 926
f 934 533 939
f 531 533 934
f 529 1423 525
f 926 1423 930
f 525 1423 926
f 930 1423 529
f 531 1424 529
f 930 1424 934
f 529 1424 930
f 934 1424 531
f 532 932 936
f 532 530 932
f 527 920 923
f 527 526 920
f 528 1425 530
f 932 1425 928
f 530 1425 932
f 928 1425 528
f 527 1426 528
f 928 1426 923
f 528 1426 928
f 923 1426 527
f 536 535 955
f 955 535 951
f 942 532 936
f 539 532 942
f 537 1427 535
f 951 1427 946
f 535 1427 951
f 946 1427 537
f 539 1428 537
f 946 1428 942
f 537 1428 946
f 942 1428 539
f 548 968 992
f 548 545 968
f 534 955 959
f 534 536 955
f 538 1429 545
f 968 1429 966
f 545 1429 968
f 966 1429 538
f 534 1430 538
f 966 1430 959
f 538 1430 966
f 959 1430 534
f 613 615 1039
f 1039 615 1044
f 1044 617 1048
f 615 617 1044
f 617 1053 1048
f 617 619 1053
f 1057 622 1059
f 621 622 1057
f 621 1431 619
f 1053 1431 1057
f 619 1431 1053
f 1057 1431 621
f 605 604 1022
f 1022 604 1025
f 1035 613 1039
f 609 613 1035
f 603 1432 604
f 1025 1432 1031
f 604 1432 1025
f 1031 1432 603
f 609 1433 603
f 1031 1433 1035
f 603 1433 1031
f 1035 1433 609
f 597 999 990
f 597 611 999
f 606 1022 1018
f 606 605 1022
f 610 1434 611
f 999 1434 1009
f 611 1434 999
f 1009 1434 610
f 606 1435 610
f 1009 1435 1018
f 610 1435 1009
f 1018 1435 606
f 591 590 969
f 969 590 975
f 984 597 990
f 595 597 984
f 594 1436 590
f 975 1436 979
f 590 1436 975
f 979 1436 594
f 595 1437 594
f 979 1437 984
f 594 1437 979
f 984 1437 595
f 596 982 987
f 596 593 982
f 592 969 972
f 592 591 969
f 589 1438 593
f 982 1438 977
f 593 1438 982
f 977 1438 589
f 592 1439 589
f 977 1439 972
f 589 1439 977
f 972 1439 592
f 600 599 1020
f 1020 599 1016
f 994 596 987
f 608 596 994
f 602 1440 599
f 1016 1440 1005
f 599 1440 1016
f 1005 1440 602
f 608 1441 602
f 1005 1441 994
f 602 1441 1005
f 994 1441 608
f 614 612 1041
f 1041 612 1037
f 1037 607 1033
f 612 607 1037
f 607 1029 1033
f 607 601 1029
f 1026 600 1020
f 598 600 1026
f 598 1442 601
f 1029 1442 1026
f 601 1442 1029
f 1026 1442 598
f 622 620 1059
f 1059 620 1055
f 1046 614 1041
f 616 614 1046
f 618 1443 620
f 1055 1443 1051
f 620 1443 1055
f 1051 1443 618
f 616 1444 618
f 1051 1444 1046
f 618 1444 1051
f 1046 1444 616
f 416 418 1185
f 1185 418 1180
f 1172 377 1169
f 388 377 1172
f 396 1445 418
f 1180 1445 1176
f 418 1445 1180
f 1176 1445 396
f 388 1446 396
f 1176 1446 1172
f 396 1446 1176
f 1172 1446 388
f 435 433 1203
f 1203 433 1202
f 1202 428 1198
f 433 428 1202
f 1198 425 1194
f 428 425 1198
f 1189 416 1185
f 417 416 1189
f 417 1447 425
f 1194 1447 1189
f 425 1447 1194
f 1189 1447 417
f 477 466 1184
f 1184 466 1187
f 1187 459 1191
f 466 459 1187
f 1192 446 1196
f 453 446 1192
f 1200 435 1203
f 440 435 1200
f 453 1448 459
f 1191 1448 1192
f 459 1448 1191
f 1192 1448 453
f 440 1449 446
f 1196 1449 1200
f 446 1449 1196
f 1200 1449 440
f 363 374 1163
f 1163 374 1166
f 1166 379 1170
f 374 379 1166
f 1170 384 1174
f 379 384 1170
f 1178 397 1182
f 393 397 1178
f 1182 477 1184
f 397 477 1182
f 393 1450 384
f 1174 1450 1178
f 384 1450 1174
f 1178 1450 393
f 318 319 1130
f 1130 319 1131
f 1131 321 1137
f 319 321 1131
f 1138 331 1148
f 323 331 1138
f 1159 363 1163
f 347 363 1159
f 323 1451 321
f 1137 1451 1138
f 321 1451 1137
f 1138 1451 323
f 347 1452 331
f 1148 1452 1159
f 331 1452 1148
f 1159 1452 347
f 305 309 1115
f 1115 309 1116
f 1125 318 1130
f 316 318 1125
f 313 1453 309
f 1116 1453 1120
f 309 1453 1116
f 1120 1453 313
f 316 1454 313
f 1120 1454 1125
f 313 1454 1120
f 1125 1454 316
f 315 311 1107
f 1107 311 1118
f 1113 305 1115
f 303 305 1113
f 307 1455 311
f 1118 1455 1112
f 311 1455 1118
f 1112 1455 307
f 303 1456 307
f 1112 1456 1113
f 307 1456 1112
f 1113 1456 303
f 299 304 1092
f 1092 304 1096
f 1104 315 1107
f 312 315 1104
f 308 1457 304
f 1096 1457 1100
f 304 1457 1096
f 1100 1457 308
f 312 1458 308
f 1100 1458 1104
f 308 1458 1100
f 1104 1458 312
f 279 285 1079
f 1079 285 1080
f 1089 299 1092
f 295 299 1089
f 290 1459 285
f 1080 1459 1085
f 285 1459 1080
f 1085 1459 290
f 295 1460 290
f 1085 1460 1089
f 290 1460 1085
f 1089 1460 295
f 252 255 1064
f 1064 255 1066
f 1066 260 1067
f 255 260 1066
f 1067 264 1071
f 260 264 1067
f 1075 279 1079
f 273 279 1075
f 273 1461 264
f 1071 1461 1075
f 264 1461 1071
f 1075 1461 273
f 282 276 1083
f 1083 276 1077
f 1077 270 1073
f 276 270 1077
f 1073 262 1069
f 270 262 1073
f 1063 252 1064
f 257 252 1063
f 257 1462 262
f 1069 1462 1063
f 262 1462 1069
f 1063 1462 257
f 325 328 1099
f 1099 328 1095
f 1095 334 1091
f 328 334 1095
f 1091 338 1087
f 334 338 1091
f 1082 282 1083
f 289 282 1082
f 289 1463 338
f 1087 1463 1082
f 338 1463 1087
f 1082 1463 289
f 351 1127 1135
f 351 341 1127
f 340 1109 1122
f 340 336 1109
f 1105 326 1103
f 330 326 1105
f 1103 325 1099
f 326 325 1103
f 340 1464 341
f 1127 1464 1122
f 341 1464 1127
f 1122 1464 340
f 330 1465 336
f 1109 1465 1105
f 336 1465 1109
f 1105 1465 330
f 368 376 1154
f 1154 376 1150
f 361 1135 1139
f 361 351 1135
f 370 1466 376
f 1150 1466 1145
f 376 1466 1150
f 1145 1466 370
f 361 1467 370
f 1145 1467 1139
f 370 1467 1145
f 1139 1467 361
f 345 344 1143
f 1143 344 1149
f 1156 368 1154
f 357 368 1156
f 346 1468 344
f 1149 1468 1152
f 344 1468 1149
f 1152 1468 346
f 357 1469 346
f 1152 1469 1156
f 346 1469 1152
f 1156 1469 357
f 377 367 1169
f 1169 367 1165
f 1157 345 1143
f 343 345 1157
f 356 1470 367
f 1165 1470 1161
f 367 1470 1165
f 1161 1470 356
f 343 1471 356
f 1161 1471 1157
f 356 1471 1161
f 1157 1471 343
f 581 1140 1128
f 581 583 1140
f 583 1146 1140
f 583 585 1146
f 1155 588 1153
f 587 588 1155
f 1153 586 1144
f 588 586 1153
f 1142 582 1133
f 584 582 1142
f 1133 580 1134
f 582 580 1133
f 587 1472 585
f 1146 1472 1155
f 585 1472 1146
f 1155 1472 587
f 584 1473 586
f 1144 1473 1142
f 586 1473 1144
f 1142 1473 584
f 574 573 1098
f 1098 573 1102
f 1123 581 1128
f 578 581 1123
f 572 1474 573
f 1102 1474 1106
f 573 1474 1102
f 1106 1474 572
f 578 1475 572
f 1106 1475 1123
f 572 1475 1106
f 1123 1475 578
f 565 1086 1081
f 565 579 1086
f 575 1098 1094
f 575 574 1098
f 576 1476 579
f 1086 1476 1090
f 579 1476 1086
f 1090 1476 576
f 575 1477 576
f 1090 1477 1094
f 576 1477 1090
f 1094 1477 575
f 558 557 1062
f 1062 557 1068
f 1076 565 1081
f 563 565 1076
f 561 1478 557
f 1068 1478 1072
f 557 1478 1068
f 1072 1478 561
f 563 1479 561
f 1072 1479 1076
f 561 1479 1072
f 1076 1479 563
f 564 1074 1078
f 564 562 1074
f 559 1062 1065
f 559 558 1062
f 560 1480 562
f 1074 1480 1070
f 562 1480 1074
f 1070 1480 560
f 559 1481 560
f 1070 1481 1065
f 560 1481 1070
f 1065 1481 559
f 568 567 1097
f 1097 567 1093
f 1084 564 1078
f 571 564 1084
f 569 1482 567
f 1093 1482 1088
f 567 1482 1093
f 1088 1482 569
f 571 1483 569
f 1088 1483 1084
f 569 1483 1088
f 1084 1483 571
f 580 1110 1134
f 580 577 1110
f 566 1097 1101
f 566 568 1097
f 570 1484 577
f 1110 1484 1108
f 577 1484 1110
f 1108 1484 570
f 566 1485 570
f 1108 1485 1101
f 570 1485 1108
f 1101 1485 566
f 647 649 1181
f 1181 649 1186
f 1186 651 1190
f 649 651 1186
f 651 1195 1190
f 651 653 1195
f 1199 656 1201
f 655 656 1199
f 655 1486 653
f 1195 1486 1199
f 653 1486 1195
f 1199 1486 655
f 639 638 1164
f 1164 638 1167
f 1177 647 1181
f 643 647 1177
f 637 1487 638
f 1167 1487 1173
f 638 1487 1167
f 1173 1487 637
f 643 1488 637
f 1173 1488 1177
f 637 1488 1173
f 1177 1488 643
f 631 1141 1132
f 631 645 1141
f 640 1164 1160
f 640 639 1164
f 644 1489 645
f 1141 1489 1151
f 645 1489 1141
f 1151 1489 644
f 640 1490 644
f 1151 1490 1160
f 644 1490 1151
f 1160 1490 640
f 625 624 1111
f 1111 624 1117
f 1126 631 1132
f 629 631 1126
f 628 1491 624
f 1117 1491 1121
f 624 1491 1117
f 1121 1491 628
f 629 1492 628
f 1121 1492 1126
f 628 1492 1121
f 1126 1492 629
f 630 1124 1129
f 630 627 1124
f 626 1111 1114
f 626 625 1111
f 623 1493 627
f 1124 1493 1119
f 627 1493 1124
f 1119 1493 623
f 626 1494 623
f 1119 1494 1114
f 623 1494 1119
f 1114 1494 626
f 634 633 1162
f 1162 633 1158
f 1136 630 1129
f 642 630 1136
f 636 1495 633
f 1158 1495 1147
f 633 1495 1158
f 1147 1495 636
f 642 1496 636
f 1147 1496 1136
f 636 1496 1147
f 1136 1496 642
f 648 646 1183
f 1183 646 1179
f 1179 641 1175
f 646 641 1179
f 641 1171 1175
f 641 635 1171
f 1168 634 1162
f 632 634 1168
f 632 1497 635
f 1171 1497 1168
f 635 1497 1171
f 1168 1497 632
f 656 654 1201
f 1201 654 1197
f 1188 648 1183
f 650 648 1188
f 652 1498 654
f 1197 1498 1193
f 654 1498 1197
f 1193 1498 652
f 650 1499 652
f 1193 1499 1188
f 652 1499 1193
f 1188 1499 650
f 484 467 1296
f 1296 467 1293
f 1285 444 1280
f 454 444 1285
f 461 1500 467
f 1293 1500 1289
f 467 1500 1293
f 1289 1500 461
f 454 1501 461
f 1289 1501 1285
f 461 1501 1289
f 1285 1501 454
f 480 479 1314
f 1314 479 1313
f 1313 481 1309
f 479 481 1313
f 1309 482 1305
f 481 482 1309
f 1300 484 1296
f 483 484 1300
f 483 1502 482
f 1305 1502 1300
f 482 1502 1305
f 1300 1502 483
f 476 485 1295
f 1295 485 1298
f 1298 486 1302
f 485 486 1298
f 1304 488 1307
f 487 488 1304
f 1311 480 1314
f 489 480 1311
f 487 1503 486
f 1302 1503 1304
f 486 1503 1302
f 1304 1503 487
f 489 1504 488
f 1307 1504 1311
f 488 1504 1307
f 1311 1504 489
f 439 445 1276
f 1276 445 1281
f 1281 452 1283
f 445 452 1281
f 1283 458 1287
f 452 458 1283
f 1291 476 1295
f 465 476 1291
f 465 1505 458
f 1287 1505 1291
f 458 1505 1287
f 1291 1505 465
f 415 424 1261
f 1261 424 1262
f 1262 427 1266
f 424 427 1262
f 1266 432 1268
f 427 432 1266
f 1271 437 1274
f 434 437 1271
f 1274 439 1276
f 437 439 1274
f 434 1506 432
f 1268 1506 1271
f 432 1506 1268
f 1271 1506 434
f 419 415 1260
f 1260 415 1261
f 462 1288 1292
f 462 457 1288
f 457 1284 1288
f 457 450 1284
f 1282 443 1275
f 441 443 1282
f 1275 442 1270
f 443 442 1275
f 1265 430 1259
f 451 430 1265
f 1259 419 1260
f 430 419 1259
f 441 1507 450
f 1284 1507 1282
f 450 1507 1284
f 1282 1507 441
f 451 1508 442
f 1270 1508 1265
f 442 1508 1270
f 1265 1508 451
f 473 472 1312
f 1312 472 1308
f 1299 462 1292
f 468 462 1299
f 470 1509 472
f 1308 1509 1303
f 472 1509 1308
f 1303 1509 470
f 468 1510 470
f 1303 1510 1299
f 470 1510 1303
f 1299 1510 468
f 464 1301 1297
f 464 469 1301
f 474 1312 1310
f 474 473 1312
f 471 1511 469
f 1301 1511 1306
f 469 1511 1301
f 1306 1511 471
f 474 1512 471
f 1306 1512 1310
f 471 1512 1306
f 1310 1512 474
f 448 447 1279
f 1279 447 1286
f 1294 464 1297
f 460 464 1294
f 455 1513 447
f 1286 1513 1290
f 447 1513 1286
f 1290 1513 455
f 460 1514 455
f 1290 1514 1294
f 455 1514 1290
f 1294 1514 460
f 429 1269 1263
f 429 463 1269
f 449 1279 1277
f 449 448 1279
f 456 1515 463
f 1269 1515 1273
f 463 1515 1269
f 1273 1515 456
f 449 1516 456
f 1273 1516 1277
f 456 1516 1273
f 1277 1516 449
f 420 429 1257
f 1257 429 1263
f 420 1517 421
f 421 1517 1251
f 1251 1517 1257
f 1257 1517 420
f 422 1518 423
f 423 1518 1245
f 1245 1518 1249
f 1249 1518 422
f 421 1519 422
f 1249 1519 1251
f 1251 1519 421
f 422 1519 1249
f 399 1520 395
f 395 1520 1240
f 1240 1520 1243
f 1243 1520 399
f 423 1521 399
f 1243 1521 1245
f 1245 1521 423
f 399 1521 1243
f 387 1522 382
f 382 1522 1234
f 1234 1522 1238
f 1238 1522 387
f 395 1523 387
f 1238 1523 1240
f 1240 1523 395
f 387 1523 1238
f 381 1524 375
f 375 1524 1229
f 1229 1524 1233
f 1233 1524 381
f 382 1525 381
f 1233 1525 1234
f 1234 1525 382
f 381 1525 1233
f 369 1526 360
f 360 1526 1222
f 1222 1526 1223
f 1223 1526 369
f 375 1527 369
f 1223 1527 1229
f 1229 1527 375
f 369 1527 1223
f 324 329 1206
f 1206 329 1208
f 1208 335 1209
f 329 335 1208
f 1209 339 1214
f 335 339 1209
f 1218 360 1222
f 350 360 1218
f 350 1528 339
f 1214 1528 1218
f 339 1528 1214
f 1218 1528 350
f 362 352 1225
f 1225 352 1220
f 1220 342 1216
f 352 342 1220
f 1216 337 1211
f 342 337 1216
f 1212 327 1205
f 333 327 1212
f 1205 324 1206
f 327 324 1205
f 333 1529 337
f 1211 1529 1212
f 337 1529 1211
f 1212 1529 333
f 392 383 1239
f 1239 383 1235
f 1227 362 1225
f 372 362 1227
f 378 1530 383
f 1235 1530 1230
f 383 1530 1235
f 1230 1530 378
f 372 1531 378
f 1230 1531 1227
f 378 1531 1230
f 1227 1531 372
f 414 410 1255
f 1255 410 1253
f 1253 409 1250
f 410 409 1253
f 1250 404 1246
f 409 404 1250
f 403 1532 404
f 1246 1532 1244
f 404 1532 1246
f 1244 1532 403
f 392 1533 403
f 1244 1533 1239
f 1239 1533 392
f 403 1533 1244
f 411 414 1256
f 1256 414 1255
f 373 1226 1224
f 373 406 1226
f 406 1231 1226
f 406 408 1231
f 402 401 1236
f 401 1241 1236
f 401 400 1241
f 400 1247 1241
f 400 407 1247
f 407 1254 1247
f 1254 411 1256
f 407 411 1254
f 402 1534 408
f 1231 1534 1236
f 408 1534 1231
f 1236 1534 402
f 354 353 1204
f 1204 353 1210
f 1219 373 1224
f 366 373 1219
f 359 1535 353
f 1210 1535 1215
f 353 1535 1210
f 1215 1535 359
f 366 1536 359
f 1215 1536 1219
f 359 1536 1215
f 1219 1536 366
f 371 1217 1221
f 371 365 1217
f 355 1204 1207
f 355 354 1204
f 358 1537 365
f 1217 1537 1213
f 365 1537 1217
f 1213 1537 358
f 355 1538 358
f 1213 1538 1207
f 358 1538 1213
f 1207 1538 355
f 390 1539 391
f 391 1539 1232
f 1232 1539 1228
f 1228 1539 390
f 371 1540 390
f 1228 1540 1221
f 1221 1540 371
f 390 1540 1228
f 389 1541 398
f 398 1541 1242
f 1242 1541 1237
f 1237 1541 389
f 391 1542 389
f 1237 1542 1232
f 1232 1542 391
f 389 1542 1237
f 413 1252 1258
f 413 412 1252
f 405 1543 412
f 1252 1543 1248
f 412 1543 1252
f 1248 1543 405
f 398 1544 405
f 1248 1544 1242
f 1242 1544 398
f 405 1544 1248
f 426 413 1264
f 1264 413 1258
f 444 438 1280
f 1280 438 1278
f 431 1264 1267
f 431 426 1264
f 436 1545 438
f 1278 1545 1272
f 438 1545 1278
f 1272 1545 436
f 431 1546 436
f 1272 1546 1267
f 436 1546 1272
f 1267 1546 431
