# smartdrone2 body-local mesh, millimetres
v 8.790300 49.798000 -1.100000
v 8.690300 49.598000 -1.600000
v 8.690300 49.798000 -1.600000
v 8.790300 49.598000 -1.100000
v 8.490300 49.598000 -1.600000
v 8.390300 49.598000 -1.100000
v 8.790300 49.598000 0.300000
v 8.390300 49.598000 0.300000
v 18.320300 47.798000 0.300000
v 16.390300 48.273000 0.300000
v 18.320300 49.348000 0.300000
v 17.920300 49.748000 0.300000
v 16.390300 48.123000 0.300000
v 15.790300 48.123000 0.300000
v 18.320300 50.498000 0.300000
v 17.920300 50.498000 0.300000
v 18.320300 50.648000 0.300000
v 14.390300 48.123000 0.300000
v 15.790300 48.273000 0.300000
v 15.790300 49.598000 0.300000
v 14.390300 48.273000 0.300000
v 15.790300 49.798000 0.300000
v 15.390300 49.598000 0.300000
v 15.390300 49.798000 0.300000
v 13.790300 48.123000 0.300000
v 12.390300 48.123000 0.300000
v 13.790300 48.273000 0.300000
v 12.390300 48.273000 0.300000
v 13.290300 49.598000 0.300000
v 13.290300 49.798000 0.300000
v 12.890300 49.598000 0.300000
v 10.390300 48.123000 0.300000
v 10.390300 48.273000 0.300000
v 11.790300 48.123000 0.300000
v 11.790300 48.273000 0.300000
v 11.290300 49.598000 0.300000
v 11.290300 49.798000 0.300000
v 12.890300 49.798000 0.300000
v 10.890300 49.598000 0.300000
v 9.790300 48.273000 0.300000
v 9.790300 48.123000 0.300000
v 8.390300 48.273000 0.300000
v 8.390300 48.123000 0.300000
v 10.890300 49.798000 0.300000
v 8.790300 49.798000 0.300000
v 7.790300 48.273000 0.300000
v 5.860300 47.798000 0.300000
v 7.790300 48.123000 0.300000
v 6.260300 49.748000 0.300000
v 8.390300 49.798000 0.300000
v 5.860300 49.348000 0.300000
v 6.260300 50.498000 0.300000
v 5.860300 50.498000 0.300000
v 5.860300 50.648000 0.300000
v 17.590300 47.798000 2.940000
v 18.320300 47.798000 2.540000
v 17.920300 47.798000 2.940000
v 17.140300 47.798000 2.940000
v 17.590300 47.798000 3.240000
v 17.140300 47.798000 3.240000
v 7.040300 47.798000 2.940000
v 6.590300 47.798000 3.240000
v 7.040300 47.798000 3.240000
v 6.590300 47.798000 2.940000
v 5.860300 47.798000 2.540000
v 6.260300 47.798000 2.940000
v 18.320300 49.348000 2.540000
v 17.920300 49.748000 2.940000
v 17.920300 50.498006 2.940000
v 17.590300 48.148000 2.940000
v 17.440300 48.298000 2.940000
v 17.140300 48.298000 2.940000
v 17.920300 51.168000 2.940000
v 6.260300 51.168000 2.940000
v 7.040300 48.298000 2.940000
v 6.260300 50.498000 2.940000
v 6.260300 49.748000 2.940000
v 6.740300 48.298000 2.940000
v 6.590300 48.148000 2.940000
v 17.440300 48.298000 2.960000
v 17.140300 48.298000 2.960000
v 6.423678 47.801761 2.960000
v 6.483823 47.830725 2.960000
v 6.455382 47.812855 2.960000
v 6.525445 47.882917 2.960000
v 6.507575 47.854476 2.960000
v 6.390300 47.798000 2.960000
v 6.536539 47.914622 2.960000
v 6.540300 47.948000 2.960000
v 6.140268 47.798000 2.960000
v 6.540300 48.148000 2.960000
v 6.544061 48.181378 2.960000
v 6.555155 48.213083 2.960000
v 6.573025 48.241524 2.960000
v 7.990300 48.098000 2.960000
v 9.490300 47.998000 2.960000
v 7.990300 47.998000 2.960000
v 7.985286 48.142504 2.960000
v 9.495826 48.044689 2.960000
v 7.970494 48.184777 2.960000
v 9.512099 48.088798 2.960000
v 7.946666 48.222698 2.960000
v 9.538219 48.127890 2.960000
v 7.914998 48.254366 2.960000
v 9.572743 48.159803 2.960000
v 7.877077 48.278194 2.960000
v 9.613763 48.182776 2.960000
v 9.659013 48.195538 2.960000
v 6.596777 48.265275 2.960000
v 7.408775 54.007222 2.960000
v 6.625217 48.283145 2.960000
v 7.458993 53.958986 2.960000
v 6.656922 48.294239 2.960000
v 7.371030 54.065737 2.960000
v 7.518979 53.923626 2.960000
v 6.690300 48.298000 2.960000
v 7.347791 54.131378 2.960000
v 7.585502 53.903047 2.960000
v 6.740300 48.298000 2.960000
v 7.040300 48.298000 2.960000
v 7.790300 48.298000 2.960000
v 7.342025 54.165879 2.960000
v 7.340313 54.200817 2.960000
v 7.654976 53.898359 2.960000
v 7.834804 48.292986 2.960000
v 7.723660 53.909814 2.960000
v 7.787853 53.936795 2.960000
v 9.831721 48.139421 2.960000
v 14.007457 47.798000 2.960000
v 10.173143 47.798000 2.960000
v 14.348879 48.139421 2.960000
v 14.684774 48.044689 2.960000
v 16.190300 48.098000 2.960000
v 14.690300 47.998000 2.960000
v 16.190300 47.998000 2.960000
v 7.889361 54.030761 2.960000
v 10.312536 54.002748 2.960000
v 7.844096 53.977848 2.960000
v 10.363684 53.955499 2.960000
v 10.273658 54.060516 2.960000
v 7.921207 54.092685 2.960000
v 14.668501 48.088798 2.960000
v 16.195314 48.142504 2.960000
v 10.424348 53.921314 2.960000
v 9.705992 48.197383 2.960000
v 10.259467 54.092489 2.960000
v 10.249094 54.125895 2.960000
v 7.937919 54.160282 2.960000
v 10.491259 53.902036 2.960000
v 9.752103 48.188211 2.960000
v 14.642381 48.127890 2.960000
v 16.210106 48.184777 2.960000
v 10.242680 54.160283 2.960000
v 16.233934 48.222698 2.960000
v 14.607857 48.159803 2.960000
v 10.560812 53.898702 2.960000
v 9.794800 48.168528 2.960000
v 14.566837 48.182776 2.960000
v 16.265602 48.254366 2.960000
v 10.629259 53.911493 2.960000
v 14.521587 48.195538 2.960000
v 16.303523 48.278194 2.960000
v 10.692914 53.939719 2.960000
v 17.655155 47.882917 2.960000
v 17.644061 47.914622 2.960000
v 17.673025 47.854477 2.960000
v 17.640300 47.948000 2.960000
v 17.696777 47.830725 2.960000
v 17.725217 47.812855 2.960000
v 17.756922 47.801761 2.960000
v 17.790300 47.798000 2.960000
v 17.640300 48.148000 2.960000
v 18.040321 47.798000 2.960000
v 17.636539 48.181378 2.960000
v 17.625445 48.213083 2.960000
v 17.607575 48.241524 2.960000
v 8.401463 57.818000 2.960000
v 11.562090 55.087110 2.960000
v 11.624754 55.028410 2.960000
v 10.837920 54.235717 2.960000
v 11.513398 55.157830 2.960000
v 11.698501 54.984437 2.960000
v 11.480920 55.237313 2.960000
v 11.779934 54.957215 2.960000
v 10.838598 54.166088 2.960000
v 11.466153 55.321896 2.960000
v 11.865300 54.948000 2.960000
v 10.823206 54.098178 2.960000
v 10.748347 53.981860 2.960000
v 13.432253 53.981860 2.960000
v 13.388028 54.035646 2.960000
v 10.792572 54.035646 2.960000
v 13.487686 53.939719 2.960000
v 12.315300 54.948000 2.960000
v 13.357394 54.098178 2.960000
v 13.551341 53.911493 2.960000
v 14.385800 48.168528 2.960000
v 12.400666 54.957215 2.960000
v 13.342002 54.166088 2.960000
v 13.619788 53.898702 2.960000
v 14.428497 48.188211 2.960000
v 6.140279 61.398000 2.960000
v 7.342680 54.235717 2.960000
v 12.482099 54.984437 2.960000
v 13.342680 54.235717 2.960000
v 12.555846 55.028410 2.960000
v 13.689341 53.902036 2.960000
v 14.474608 48.197383 2.960000
v 9.779137 57.818000 2.960000
v 13.756252 53.921314 2.960000
v 12.618510 55.087110 2.960000
v 12.667202 55.157830 2.960000
v 12.699680 55.237313 2.960000
v 12.714447 55.321896 2.960000
v 8.173569 60.677337 2.960000
v 8.144267 60.560862 2.960000
v 8.229800 60.783465 2.960000
v 8.309718 60.873121 2.960000
v 8.408710 60.941132 2.960000
v 8.521065 60.983575 2.960000
v 8.640300 60.998000 2.960000
v 13.868064 54.002748 2.960000
v 16.336503 53.977848 2.960000
v 13.816916 53.955499 2.960000
v 13.906942 54.060516 2.960000
v 16.291239 54.030762 2.960000
v 16.392747 53.936795 2.960000
v 16.259393 54.092685 2.960000
v 13.931506 54.125894 2.960000
v 13.921133 54.092488 2.960000
v 16.456940 53.909814 2.960000
v 16.345796 48.292986 2.960000
v 16.242680 54.160282 2.960000
v 13.937919 54.160280 2.960000
v 16.525623 53.898359 2.960000
v 16.390300 48.298000 2.960000
v 16.595098 53.903047 2.960000
v 17.490300 48.298000 2.960000
v 16.661620 53.923625 2.960000
v 17.523678 48.294239 2.960000
v 16.721607 53.958986 2.960000
v 17.555383 48.283145 2.960000
v 16.771825 54.007222 2.960000
v 17.583823 48.265275 2.960000
v 10.036333 60.560862 2.960000
v 11.193792 59.589637 2.960000
v 11.190833 59.531686 2.960000
v 11.210031 59.645346 2.960000
v 16.809570 54.065737 2.960000
v 11.238676 59.695810 2.960000
v 16.832809 54.131378 2.960000
v 16.838575 54.165878 2.960000
v 11.278183 59.738310 2.960000
v 16.840287 54.200816 2.960000
v 11.326424 59.770558 2.960000
v 10.007031 60.677337 2.960000
v 11.380800 59.790816 2.960000
v 11.438382 59.797993 2.960000
v 9.950800 60.783465 2.960000
v 11.496067 59.791701 2.960000
v 11.686172 59.593243 2.960000
v 12.490833 59.564315 2.960000
v 11.689767 59.564315 2.960000
v 11.769314 58.348002 2.960000
v 12.411286 58.347999 2.960000
v 11.679234 59.621555 2.960000
v 12.494428 59.593243 2.960000
v 11.669048 59.648868 2.960000
v 12.501366 59.621555 2.960000
v 12.511552 59.648868 2.960000
v 11.639632 59.698886 2.960000
v 14.401463 57.818000 2.960000
v 11.599478 59.740776 2.960000
v 12.540968 59.698886 2.960000
v 12.581123 59.740776 2.960000
v 11.550747 59.772280 2.960000
v 12.629853 59.772280 2.960000
v 12.684534 59.791701 2.960000
v 15.779137 57.818000 2.960000
v 12.799800 59.790816 2.960000
v 14.144267 60.560862 2.960000
v 12.854176 59.770558 2.960000
v 12.902417 59.738310 2.960000
v 12.941925 59.695809 2.960000
v 12.970569 59.645345 2.960000
v 12.986808 59.589637 2.960000
v 12.989767 59.531685 2.960000
v 14.173569 60.677337 2.960000
v 12.742219 59.797993 2.960000
v 9.870882 60.873121 2.960000
v 14.229800 60.783465 2.960000
v 9.771890 60.941132 2.960000
v 14.309718 60.873121 2.960000
v 9.659535 60.983575 2.960000
v 14.408710 60.941132 2.960000
v 14.521065 60.983575 2.960000
v 15.540300 60.998000 2.960000
v 18.040318 61.398000 2.960000
v 15.659535 60.983575 2.960000
v 15.771890 60.941132 2.960000
v 15.870882 60.873121 2.960000
v 15.950800 60.783465 2.960000
v 16.007031 60.677337 2.960000
v 16.036333 60.560862 2.960000
v 16.837920 54.235715 2.960000
v 9.540300 60.998000 2.960000
v 14.640300 60.998000 2.960000
v 18.107069 61.398000 2.952475
v 18.107069 47.798000 2.952475
v 18.170469 47.798000 2.930289
v 18.170473 61.398000 2.930287
v 18.227344 47.798000 2.894552
v 18.227350 61.398000 2.894547
v 18.274842 47.798000 2.847056
v 18.274849 61.398000 2.847047
v 18.310582 47.798000 2.790183
v 18.310588 61.398000 2.790170
v 18.332772 47.798000 2.726784
v 18.332776 61.398000 2.726766
v 18.340300 47.798000 2.660037
v 18.340300 61.398000 2.660014
v 18.509396 47.798000 3.034098
v 18.414390 47.798000 3.129102
v 18.580879 47.798000 2.920335
v 18.300626 47.798000 3.200583
v 18.625256 47.798000 2.793518
v 18.173808 47.798000 3.244958
v 18.640300 47.798000 2.660005
v 18.040295 47.798000 3.260000
v 17.790300 47.798000 3.260000
v 18.340300 47.798000 0.100000
v 18.640300 47.798000 0.100000
v 18.340300 47.898000 -0.000000
v 18.640300 47.898000 -0.000000
v 18.640300 47.875748 0.002507
v 18.340300 47.875748 0.002507
v 18.640300 47.854612 0.009903
v 18.340300 47.854612 0.009903
v 18.640300 47.835651 0.021817
v 18.340300 47.835651 0.021817
v 18.640300 47.819817 0.037651
v 18.340300 47.819817 0.037651
v 18.640300 47.807903 0.056612
v 18.340300 47.807903 0.056612
v 18.640300 47.800507 0.077748
v 18.340300 47.800507 0.077748
v 18.340300 60.364800 -0.749694
v 18.340300 60.401277 -0.712268
v 18.340300 61.398000 -1.860000
v 18.340300 60.320673 -0.777695
v 18.340300 60.428135 -0.667436
v 18.340300 60.271276 -0.794760
v 18.340300 60.443927 -0.617618
v 18.340300 60.245217 -0.798900
v 18.340300 60.218854 -0.799962
v 18.340300 60.447799 -0.565500
v 18.340300 60.192547 -0.797930
v 18.340300 60.439544 -0.513894
v 18.340300 60.389060 -0.423180
v 18.340300 60.389400 1.223553
v 18.340300 60.419605 -0.465586
v 18.340300 60.349977 1.189253
v 18.340300 60.349555 -0.388966
v 18.340300 60.419847 1.266022
v 18.340300 60.303705 1.164972
v 18.340300 60.303223 -0.364787
v 18.340300 60.439677 1.314369
v 18.340300 60.253080 1.152020
v 18.340300 60.252562 -0.351951
v 18.340300 60.238026 1.150119
v 18.340300 60.238023 -0.350119
v 18.340300 57.098000 -1.860000
v 18.340300 58.357396 -0.547239
v 18.340300 58.288136 -0.529159
v 18.340300 60.320261 1.577893
v 18.340300 60.364440 1.549985
v 18.340300 60.400990 1.512639
v 18.340300 60.427940 1.467869
v 18.340300 60.443835 1.418090
v 18.340300 60.447819 1.365986
v 18.340300 58.225131 -0.495186
v 18.340300 60.270835 1.594856
v 18.340300 60.244919 1.598930
v 18.340300 58.171968 -0.447255
v 18.340300 60.218704 1.599959
v 18.340300 60.192548 1.597930
v 18.340300 58.131672 -0.388093
v 18.340300 58.106540 -0.321070
v 18.340300 58.357396 1.347239
v 18.340300 58.288136 1.329159
v 18.340300 57.098000 0.500000
v 18.340300 58.098000 -0.250000
v 18.340300 58.098000 1.050000
v 18.340300 57.092986 0.544504
v 18.340300 57.078194 0.586777
v 18.340300 57.054366 0.624698
v 18.340300 57.022698 0.656366
v 18.340300 58.106540 1.121070
v 18.340300 56.984777 0.680194
v 18.340300 58.131672 1.188093
v 18.340300 56.942504 0.694986
v 18.340300 58.171968 1.247255
v 18.340300 56.898000 0.700000
v 18.340300 58.225131 1.295186
v 18.340300 56.853496 0.694986
v 18.340300 56.698000 0.500000
v 18.340300 54.698000 0.500000
v 18.340300 56.703014 0.544504
v 18.340300 54.692986 0.544504
v 18.340300 56.717806 0.586777
v 18.340300 54.678194 0.586777
v 18.340300 56.741634 0.624698
v 18.340300 54.654366 0.624698
v 18.340300 56.773302 0.656366
v 18.340300 54.622698 0.656366
v 18.340300 56.811223 0.680194
v 18.340300 54.584777 0.680194
v 18.340300 54.542504 0.694986
v 18.340300 54.498000 0.700000
v 18.340300 49.670071 -1.568716
v 18.340300 49.622219 -1.588703
v 18.340300 49.713738 -1.537799
v 18.340300 49.751736 -1.494890
v 18.340300 49.571754 -1.598601
v 18.340300 49.470757 -1.587730
v 18.340300 49.424180 -1.566756
v 18.340300 49.520598 -1.598365
v 18.340300 49.382590 -1.536787
v 18.340300 49.943330 -1.222665
v 18.340300 49.946995 -0.882663
v 18.340300 49.977450 -1.159121
v 18.340300 49.995419 -1.089270
v 18.340300 49.996196 -1.017150
v 18.340300 49.979738 -0.946928
v 18.340300 49.320973 -1.456152
v 18.340300 49.303970 -1.406530
v 18.340300 49.347649 -1.499490
v 18.340300 50.648000 -1.860000
v 18.340300 50.648000 -0.000000
v 18.340300 54.298000 -1.860000
v 18.340300 54.298000 0.500000
v 18.340300 49.298000 -1.350000
v 18.340300 50.642986 0.044504
v 18.340300 49.832004 -0.711558
v 18.340300 50.628194 0.086777
v 18.340300 54.303014 0.544504
v 18.340300 49.813361 -0.676866
v 18.340300 50.604366 0.124698
v 18.340300 54.317806 0.586777
v 18.340300 49.801878 -0.639193
v 18.340300 50.572698 0.156366
v 18.340300 54.341634 0.624698
v 18.340300 49.798000 -0.600000
v 18.340300 50.534777 0.180194
v 18.340300 54.373302 0.656366
v 18.340300 48.846079 -1.502487
v 18.340300 48.891623 -1.408185
v 18.340300 48.873707 -1.458601
v 18.340300 50.492504 0.194986
v 18.340300 48.721659 -1.588865
v 18.340300 48.671498 -1.598520
v 18.340300 48.768538 -1.568875
v 18.340300 48.810508 -1.539625
v 18.340300 48.898000 -1.351226
v 18.340300 48.620238 -1.597950
v 18.340300 48.523441 -1.567473
v 18.340300 48.480976 -1.536680
v 18.340300 48.570199 -1.587560
v 18.340300 48.443558 -1.493887
v 18.340300 48.252670 -1.222665
v 18.340300 49.298000 0.000000
v 18.340300 49.798000 0.000000
v 18.340300 49.803014 0.044504
v 18.340300 48.218550 -1.159121
v 18.340300 48.200581 -1.089270
v 18.340300 49.292188 0.047863
v 18.340300 49.817806 0.086777
v 18.340300 48.199804 -1.017150
v 18.340300 49.275091 0.092945
v 18.340300 49.841634 0.124698
v 18.340300 48.216262 -0.946928
v 18.340300 48.249005 -0.882663
v 18.340300 49.247702 0.132625
v 18.340300 49.873302 0.156366
v 18.340300 48.363996 -0.711558
v 18.340300 48.382639 -0.676866
v 18.340300 49.211613 0.164597
v 18.340300 49.911223 0.180194
v 18.340300 48.394122 -0.639193
v 18.340300 48.398000 -0.600000
v 18.340300 49.168921 0.187003
v 18.340300 49.953496 0.194986
v 18.340300 49.122107 0.198542
v 18.340300 48.398000 -0.100000
v 18.340300 48.898000 -0.000000
v 18.340300 48.395493 -0.077748
v 18.340300 48.388097 -0.056612
v 18.340300 48.903812 0.047863
v 18.340300 48.376183 -0.037651
v 18.340300 48.920909 0.092945
v 18.340300 48.360349 -0.021817
v 18.340300 48.341388 -0.009903
v 18.340300 48.948298 0.132624
v 18.340300 48.320252 -0.002507
v 18.340300 48.984387 0.164597
v 18.340300 48.298000 -0.000000
v 18.340300 54.411223 0.680194
v 18.340300 54.453496 0.694986
v 18.340300 49.027079 0.187003
v 18.340300 49.073893 0.198542
v 18.340300 49.998000 0.200000
v 18.340300 50.448000 0.200000
v 18.640300 48.298000 -0.000000
v 18.640300 60.400990 -0.712639
v 18.640300 60.364440 -0.749985
v 18.640300 61.698000 -1.860000
v 18.640300 60.320261 -0.777893
v 18.640300 60.427940 -0.667869
v 18.640300 60.270835 -0.794856
v 18.640300 60.443835 -0.618090
v 18.640300 60.244919 -0.798930
v 18.640300 60.218705 -0.799959
v 18.640300 60.447819 -0.565986
v 18.640300 60.192549 -0.797930
v 18.640300 60.439677 -0.514369
v 18.640300 60.389115 1.223241
v 18.640300 60.349977 -0.389253
v 18.640300 60.389400 -0.423553
v 18.640300 60.349631 1.189017
v 18.640300 60.303705 -0.364972
v 18.640300 60.419641 1.265650
v 18.640300 60.419847 -0.466022
v 18.640300 60.303317 1.164823
v 18.640300 60.253080 -0.352020
v 18.640300 60.439561 1.313956
v 18.640300 60.252674 1.151944
v 18.640300 60.238028 -0.350120
v 18.640300 60.238027 1.150119
v 18.640300 61.698000 2.659995
v 18.640300 60.447802 1.365555
v 18.640300 60.443918 1.417662
v 18.640300 60.428120 1.467469
v 18.640300 57.098000 -1.860036
v 18.640300 58.357396 -0.547239
v 18.640300 60.401260 1.512289
v 18.640300 58.288136 -0.529159
v 18.640300 60.364786 1.549705
v 18.640300 60.320665 1.577698
v 18.640300 58.225131 -0.495186
v 18.640300 60.271276 1.594760
v 18.640300 60.245218 1.598900
v 18.640300 58.171968 -0.447255
v 18.640300 60.218854 1.599962
v 18.640300 60.192547 1.597930
v 18.640300 58.131672 -0.388093
v 18.640300 58.106540 -0.321070
v 18.640300 58.357396 1.347239
v 18.640300 57.098000 0.500000
v 18.640300 58.098000 -0.250000
v 18.640300 58.098000 1.050000
v 18.640300 57.092986 0.544504
v 18.640300 57.078194 0.586777
v 18.640300 57.054366 0.624698
v 18.640300 57.022698 0.656366
v 18.640300 58.106540 1.121070
v 18.640300 56.984777 0.680194
v 18.640300 58.131672 1.188093
v 18.640300 56.942504 0.694986
v 18.640300 58.171968 1.247255
v 18.640300 56.898000 0.700000
v 18.640300 58.225131 1.295186
v 18.640300 56.853496 0.694986
v 18.640300 54.698000 0.500000
v 18.640300 56.698000 0.500000
v 18.640300 56.703014 0.544504
v 18.640300 54.692986 0.544504
v 18.640300 56.717806 0.586777
v 18.640300 54.678194 0.586777
v 18.640300 56.741634 0.624698
v 18.640300 54.654366 0.624698
v 18.640300 56.773302 0.656366
v 18.640300 54.622698 0.656366
v 18.640300 56.811223 0.680194
v 18.640300 54.584777 0.680194
v 18.640300 54.542504 0.694986
v 18.640300 58.288136 1.329159
v 18.640300 54.498000 0.700000
v 18.640300 49.625801 -1.587560
v 18.640300 49.715024 -1.536680
v 18.640300 49.752442 -1.493888
v 18.640300 49.672559 -1.567473
v 18.640300 49.575762 -1.597950
v 18.640300 49.427462 -1.568875
v 18.640300 49.474341 -1.588865
v 18.640300 49.524502 -1.598520
v 18.640300 49.385492 -1.539625
v 18.640300 49.946995 -0.882663
v 18.640300 49.996196 -1.017150
v 18.640300 49.979738 -0.946928
v 18.640300 49.995419 -1.089270
v 18.640300 49.977450 -1.159121
v 18.640300 49.943330 -1.222665
v 18.640300 49.304377 -1.408185
v 18.640300 49.322293 -1.458601
v 18.640300 49.349921 -1.502487
v 18.640300 49.298000 -1.351226
v 18.640300 50.648000 -0.000000
v 18.640300 50.648000 -1.860000
v 18.640300 54.298000 -1.860000
v 18.640300 54.298000 0.500000
v 18.640300 50.642986 0.044504
v 18.640300 49.832004 -0.711558
v 18.640300 50.628194 0.086777
v 18.640300 54.303014 0.544504
v 18.640300 49.813361 -0.676866
v 18.640300 50.604366 0.124698
v 18.640300 54.317806 0.586777
v 18.640300 49.801878 -0.639193
v 18.640300 50.572698 0.156366
v 18.640300 54.341634 0.624698
v 18.640300 49.798000 -0.600000
v 18.640300 50.534777 0.180194
v 18.640300 54.373302 0.656366
v 18.640300 48.892030 -1.406530
v 18.640300 48.848350 -1.499490
v 18.640300 48.875027 -1.456152
v 18.640300 50.492504 0.194986
v 18.640300 48.675402 -1.598365
v 18.640300 48.725243 -1.587730
v 18.640300 48.771820 -1.566756
v 18.640300 48.898000 -1.350000
v 18.640300 48.813410 -1.536787
v 18.640300 48.624245 -1.598601
v 18.640300 48.482262 -1.537799
v 18.640300 48.525929 -1.568716
v 18.640300 48.573781 -1.588703
v 18.640300 48.444264 -1.494890
v 18.640300 48.252670 -1.222665
v 18.640300 49.298000 0.000000
v 18.640300 49.798000 -0.000000
v 18.640300 49.803014 0.044504
v 18.640300 49.292188 0.047863
v 18.640300 49.817806 0.086777
v 18.640300 49.275091 0.092945
v 18.640300 49.841634 0.124698
v 18.640300 48.216262 -0.946928
v 18.640300 48.199804 -1.017150
v 18.640300 48.200581 -1.089270
v 18.640300 48.249005 -0.882663
v 18.640300 48.218550 -1.159121
v 18.640300 49.247702 0.132625
v 18.640300 49.873302 0.156366
v 18.640300 48.363997 -0.711558
v 18.640300 48.382639 -0.676866
v 18.640300 49.211613 0.164597
v 18.640300 49.911223 0.180194
v 18.640300 48.394122 -0.639193
v 18.640300 48.398000 -0.600000
v 18.640300 49.168921 0.187003
v 18.640300 49.953496 0.194986
v 18.640300 49.122107 0.198542
v 18.640300 48.398000 -0.100000
v 18.640300 48.898000 -0.000000
v 18.640300 48.395493 -0.077748
v 18.640300 48.388097 -0.056612
v 18.640300 48.903812 0.047863
v 18.640300 48.376183 -0.037651
v 18.640300 48.920909 0.092945
v 18.640300 48.360349 -0.021817
v 18.640300 48.341388 -0.009903
v 18.640300 48.948298 0.132625
v 18.640300 48.320252 -0.002507
v 18.640300 48.984387 0.164597
v 18.640300 49.073893 0.198542
v 18.640300 49.027079 0.187003
v 18.640300 49.998000 0.200000
v 18.640300 50.448000 0.200000
v 18.640300 54.453496 0.694986
v 18.640300 54.411223 0.680194
v 18.625258 61.698000 2.793509
v 18.580883 61.698000 2.920328
v 18.509400 61.698000 3.034092
v 18.414395 61.698000 3.129098
v 18.300631 61.698000 3.200581
v 18.173812 61.698000 3.244957
v 18.040299 61.698000 3.260000
v 6.540300 47.948000 3.260000
v 6.525445 47.882917 3.260000
v 6.536539 47.914622 3.260000
v 6.507575 47.854476 3.260000
v 6.483823 47.830725 3.260000
v 6.455382 47.812855 3.260000
v 6.423678 47.801761 3.260000
v 6.390300 47.798000 3.260000
v 6.540300 48.148000 3.260000
v 6.140301 47.798000 3.260000
v 6.544061 48.181378 3.260000
v 6.555155 48.213082 3.260000
v 6.573025 48.241523 3.260000
v 9.490300 47.998000 3.260000
v 7.990300 48.098000 3.260000
v 7.990300 47.998000 3.260000
v 9.495826 48.044689 3.260000
v 7.985286 48.142504 3.260000
v 9.512099 48.088798 3.260000
v 7.970494 48.184777 3.260000
v 9.538219 48.127890 3.260000
v 7.946666 48.222698 3.260000
v 9.572743 48.159803 3.260000
v 7.914998 48.254366 3.260000
v 7.313023 50.543503 3.260000
v 6.625217 48.283145 3.260000
v 6.656922 48.294239 3.260000
v 7.365803 50.490723 3.260000
v 6.690300 48.298000 3.260000
v 7.273310 50.606705 3.260000
v 6.596776 48.265275 3.260000
v 7.429005 50.451010 3.260000
v 7.248657 50.677159 3.260000
v 7.499460 50.426357 3.260000
v 7.790300 48.298000 3.260000
v 7.240300 50.751333 3.260000
v 7.573633 50.418000 3.260000
v 7.834804 48.292986 3.260000
v 7.608907 50.640222 3.260000
v 7.593602 50.643715 3.260000
v 7.601058 50.641107 3.260000
v 7.586914 50.647918 3.260000
v 7.581329 50.653503 3.260000
v 7.577126 50.660191 3.260000
v 7.574518 50.667647 3.260000
v 7.573633 50.675496 3.260000
v 7.240300 51.418000 3.260000
v 8.116138 50.640222 3.260000
v 8.131442 50.643715 3.260000
v 8.123987 50.641107 3.260000
v 8.147918 50.660191 3.260000
v 8.138130 50.647918 3.260000
v 8.143716 50.653503 3.260000
v 8.150527 50.667647 3.260000
v 8.151411 50.675496 3.260000
v 8.484744 50.418000 3.260000
v 7.877077 48.278194 3.260000
v 8.832470 50.490723 3.260000
v 8.779690 50.543503 3.260000
v 8.739977 50.606705 3.260000
v 8.895672 50.451010 3.260000
v 8.715324 50.677160 3.260000
v 8.966126 50.426357 3.260000
v 8.706967 50.751333 3.260000
v 9.040300 50.418000 3.260000
v 9.613763 48.182776 3.260000
v 9.659013 48.195538 3.260000
v 8.151411 51.418000 3.260000
v 7.573633 51.418000 3.260000
v 9.075573 50.640222 3.260000
v 9.060269 50.643715 3.260000
v 9.067724 50.641107 3.260000
v 9.053581 50.647918 3.260000
v 9.047995 50.653503 3.260000
v 9.043793 50.660191 3.260000
v 9.041184 50.667647 3.260000
v 9.040300 50.675496 3.260000
v 8.706967 51.418000 3.260000
v 8.484744 51.418000 3.260000
v 9.582804 50.640222 3.260000
v 9.614585 50.660191 3.260000
v 9.604797 50.647918 3.260000
v 9.610382 50.653503 3.260000
v 9.598109 50.643715 3.260000
v 9.590654 50.641107 3.260000
v 9.617193 50.667647 3.260000
v 9.618078 50.675496 3.260000
v 9.951411 50.418000 3.260000
v 9.705992 48.197383 3.260000
v 9.752103 48.188211 3.260000
v 10.299137 50.490723 3.260000
v 10.246356 50.543503 3.260000
v 10.206644 50.606705 3.260000
v 10.362339 50.451010 3.260000
v 10.181991 50.677160 3.260000
v 10.432793 50.426357 3.260000
v 9.794800 48.168528 3.260000
v 10.173633 50.751333 3.260000
v 10.506967 50.418000 3.260000
v 9.831721 48.139421 3.260000
v 9.618078 51.418000 3.260000
v 9.040300 51.418000 3.260000
v 9.951411 51.418000 3.260000
v 10.173633 51.084667 3.260000
v 10.181991 51.158840 3.260000
v 7.458993 53.958986 3.260000
v 7.408775 54.007222 3.260000
v 10.206644 51.229295 3.260000
v 7.371030 54.065737 3.260000
v 7.518980 53.923625 3.260000
v 7.347791 54.131378 3.260000
v 7.585502 53.903047 3.260000
v 11.084745 50.418000 3.260000
v 10.173143 47.798000 3.260000
v 7.342025 54.165878 3.260000
v 10.246356 51.292497 3.260000
v 7.340313 54.200815 3.260000
v 7.654977 53.898359 3.260000
v 11.158918 50.426357 3.260000
v 7.723660 53.909814 3.260000
v 10.299137 51.345277 3.260000
v 7.787853 53.936795 3.260000
v 10.362339 51.384990 3.260000
v 7.844097 53.977848 3.260000
v 10.432793 51.409643 3.260000
v 7.889361 54.030762 3.260000
v 11.640300 50.418000 3.260000
v 11.229372 50.451010 3.260000
v 11.292574 50.490723 3.260000
v 11.345355 50.543503 3.260000
v 11.385067 50.606705 3.260000
v 11.640300 50.640222 3.260000
v 11.409720 50.677160 3.260000
v 11.418078 50.751333 3.260000
v 12.362522 50.418000 3.260000
v 14.007457 47.798000 3.260000
v 11.640300 51.195778 3.260000
v 11.409720 51.158840 3.260000
v 11.418078 51.084667 3.260000
v 11.385067 51.229295 3.260000
v 12.436696 50.426357 3.260000
v 12.337422 50.654767 3.260000
v 12.310690 50.641894 3.260000
v 12.324781 50.646824 3.260000
v 12.295856 50.640222 3.260000
v 12.355920 50.677963 3.260000
v 12.347978 50.665323 3.260000
v 12.360851 50.692054 3.260000
v 11.640300 51.418000 3.260000
v 11.345355 51.292497 3.260000
v 11.292574 51.345277 3.260000
v 11.229372 51.384990 3.260000
v 11.158918 51.409643 3.260000
v 12.362522 50.706889 3.260000
v 12.918078 50.418000 3.260000
v 12.507150 50.451010 3.260000
v 12.570352 50.490723 3.260000
v 12.623133 50.543503 3.260000
v 12.662845 50.606705 3.260000
v 12.687498 50.677160 3.260000
v 12.695856 50.751333 3.260000
v 12.295856 51.195778 3.260000
v 12.362522 51.129111 3.260000
v 12.310690 51.194106 3.260000
v 12.347978 51.170677 3.260000
v 12.360851 51.143946 3.260000
v 12.355920 51.158037 3.260000
v 12.337422 51.181233 3.260000
v 12.324781 51.189176 3.260000
v 13.306967 50.418000 3.260000
v 14.348879 48.139421 3.260000
v 13.323152 50.873709 3.260000
v 13.548947 50.665086 3.260000
v 13.519161 50.653814 3.260000
v 13.507140 50.643194 3.260000
v 13.533371 50.661254 3.260000
v 13.806967 50.418000 3.260000
v 14.385800 48.168528 3.260000
v 14.428497 48.188211 3.260000
v 13.338046 50.902010 3.260000
v 13.332321 50.886953 3.260000
v 13.580563 50.661254 3.260000
v 13.564987 50.665086 3.260000
v 13.606794 50.643194 3.260000
v 13.594773 50.653814 3.260000
v 13.338046 50.933990 3.260000
v 13.339992 50.918000 3.260000
v 13.332321 50.949047 3.260000
v 13.323152 50.962291 3.260000
v 12.695856 51.084667 3.260000
v 16.190300 48.098000 3.260000
v 14.684774 48.044689 3.260000
v 14.690300 47.998000 3.260000
v 16.190300 47.998000 3.260000
v 10.312536 54.002748 3.260000
v 10.363684 53.955499 3.260000
v 10.273658 54.060516 3.260000
v 7.921207 54.092685 3.260000
v 12.918078 51.418000 3.260000
v 12.687498 51.158840 3.260000
v 12.662845 51.229295 3.260000
v 12.623133 51.292497 3.260000
v 12.570352 51.345277 3.260000
v 12.507150 51.384990 3.260000
v 12.436696 51.409643 3.260000
v 16.195314 48.142504 3.260000
v 14.668501 48.088798 3.260000
v 10.424348 53.921314 3.260000
v 10.259467 54.092488 3.260000
v 10.249094 54.125895 3.260000
v 7.937920 54.160283 3.260000
v 10.491259 53.902036 3.260000
v 10.506967 51.418000 3.260000
v 16.210106 48.184777 3.260000
v 14.642381 48.127890 3.260000
v 10.242681 54.160282 3.260000
v 16.233934 48.222698 3.260000
v 14.607857 48.159803 3.260000
v 10.560812 53.898702 3.260000
v 11.084744 51.418000 3.260000
v 16.265602 48.254366 3.260000
v 10.629259 53.911493 3.260000
v 14.195856 50.418000 3.260000
v 14.474608 48.197383 3.260000
v 10.692914 53.939719 3.260000
v 13.775888 50.933990 3.260000
v 13.775888 50.902010 3.260000
v 13.781612 50.886953 3.260000
v 13.773941 50.918000 3.260000
v 13.548947 51.170914 3.260000
v 13.519161 51.182186 3.260000
v 13.533371 51.174745 3.260000
v 13.507140 51.192806 3.260000
v 10.748347 53.981860 3.260000
v 12.362522 51.418000 3.260000
v 13.781612 50.949047 3.260000
v 13.790781 50.962291 3.260000
v 13.790781 50.873709 3.260000
v 13.594773 51.182186 3.260000
v 13.564987 51.170914 3.260000
v 13.580563 51.174745 3.260000
v 13.606794 51.192806 3.260000
v 10.792572 54.035646 3.260000
v 14.543581 50.490723 3.260000
v 14.490801 50.543503 3.260000
v 14.451088 50.606705 3.260000
v 14.606783 50.451010 3.260000
v 14.426435 50.677160 3.260000
v 14.677237 50.426357 3.260000
v 14.521587 48.195538 3.260000
v 14.751411 50.418000 3.260000
v 14.566837 48.182776 3.260000
v 14.418078 50.751333 3.260000
v 13.806967 51.418000 3.260000
v 13.306967 51.418000 3.260000
v 14.418078 51.084667 3.260000
v 17.655155 47.882917 3.260000
v 17.673025 47.854476 3.260000
v 17.696777 47.830725 3.260000
v 17.644061 47.914622 3.260000
v 17.640300 47.948000 3.260000
v 17.725218 47.812855 3.260000
v 17.756922 47.801761 3.260000
v 14.195856 51.418000 3.260000
v 14.426435 51.158840 3.260000
v 14.451088 51.229295 3.260000
v 15.329189 50.418000 3.260000
v 14.490801 51.292497 3.260000
v 17.640300 48.148000 3.260000
v 15.403363 50.426357 3.260000
v 17.636539 48.181378 3.260000
v 17.625445 48.213083 3.260000
v 17.607575 48.241523 3.260000
v 14.543581 51.345277 3.260000
v 14.606783 51.384990 3.260000
v 14.677238 51.409643 3.260000
v 15.884744 50.418000 3.260000
v 16.345796 48.292986 3.260000
v 16.390300 48.298000 3.260000
v 16.303523 48.278194 3.260000
v 15.473817 50.451010 3.260000
v 15.537019 50.490723 3.260000
v 15.589799 50.543503 3.260000
v 15.629512 50.606705 3.260000
v 15.884744 50.640222 3.260000
v 15.654165 50.677160 3.260000
v 15.662522 50.751333 3.260000
v 11.624754 55.028411 3.260000
v 11.562090 55.087110 3.260000
v 10.837920 54.235717 3.260000
v 11.513397 55.157830 3.260000
v 11.698501 54.984437 3.260000
v 11.480920 55.237313 3.260000
v 11.779934 54.957215 3.260000
v 10.838598 54.166088 3.260000
v 11.466153 55.321896 3.260000
v 15.940300 50.862444 3.260000
v 15.662522 51.084667 3.260000
v 11.865300 54.948000 3.260000
v 10.823206 54.098178 3.260000
v 15.940300 51.029111 3.260000
v 15.654165 51.158840 3.260000
v 15.629512 51.229295 3.260000
v 15.589799 51.292497 3.260000
v 16.606967 50.418000 3.260000
v 16.681140 50.426357 3.260000
v 17.490300 48.298000 3.260000
v 16.751595 50.451010 3.260000
v 16.571693 50.640222 3.260000
v 16.586998 50.643715 3.260000
v 16.579542 50.641107 3.260000
v 16.593686 50.647918 3.260000
v 16.603474 50.660191 3.260000
v 16.599271 50.653503 3.260000
v 16.606082 50.667647 3.260000
v 16.606967 50.675496 3.260000
v 16.814797 50.490723 3.260000
v 17.523678 48.294239 3.260000
v 16.867577 50.543503 3.260000
v 17.555383 48.283145 3.260000
v 13.432253 53.981860 3.260000
v 13.388028 54.035645 3.260000
v 13.487686 53.939719 3.260000
v 16.571693 50.862444 3.260000
v 16.606967 50.827171 3.260000
v 16.579542 50.861560 3.260000
v 16.603473 50.842476 3.260000
v 16.586998 50.858951 3.260000
v 16.606082 50.835020 3.260000
v 16.599271 50.849164 3.260000
v 16.593686 50.854749 3.260000
v 13.357395 54.098177 3.260000
v 12.315300 54.948000 3.260000
v 13.551341 53.911493 3.260000
v 13.342002 54.166087 3.260000
v 12.400666 54.957215 3.260000
v 16.907290 50.606705 3.260000
v 17.583823 48.265275 3.260000
v 13.619789 53.898702 3.260000
v 13.342680 54.235716 3.260000
v 12.482099 54.984437 3.260000
v 12.555846 55.028411 3.260000
v 13.689341 53.902036 3.260000
v 9.779137 57.818000 3.260000
v 8.401463 57.818000 3.260000
v 16.931943 50.677160 3.260000
v 16.581866 51.043656 3.260000
v 16.555135 51.030783 3.260000
v 16.569226 51.035713 3.260000
v 16.600365 51.066852 3.260000
v 16.592422 51.054212 3.260000
v 13.756252 53.921314 3.260000
v 16.605295 51.080943 3.260000
v 16.540300 51.029111 3.260000
v 16.940300 50.751333 3.260000
v 16.606967 51.095778 3.260000
v 12.618510 55.087110 3.260000
v 13.816916 53.955499 3.260000
v 14.751411 51.418000 3.260000
v 12.667203 55.157830 3.260000
v 6.140305 61.698000 3.260000
v 7.342680 54.235714 3.260000
v 13.868064 54.002748 3.260000
v 15.329189 51.418000 3.260000
v 12.699680 55.237313 3.260000
v 16.606967 51.418000 3.260000
v 15.537019 51.345277 3.260000
v 15.473817 51.384990 3.260000
v 12.714447 55.321896 3.260000
v 16.940300 51.418000 3.260000
v 8.173569 60.677337 3.260000
v 8.144267 60.560862 3.260000
v 8.229800 60.783465 3.260000
v 8.309718 60.873121 3.260000
v 8.408710 60.941132 3.260000
v 8.521065 60.983575 3.260000
v 8.640300 60.998000 3.260000
v 16.336505 53.977847 3.260000
v 15.403362 51.409643 3.260000
v 16.291240 54.030760 3.260000
v 13.906942 54.060516 3.260000
v 16.392748 53.936794 3.260000
v 16.259394 54.092683 3.260000
v 13.921133 54.092488 3.260000
v 13.931506 54.125895 3.260000
v 16.456941 53.909814 3.260000
v 16.242681 54.160280 3.260000
v 13.937920 54.160282 3.260000
v 16.525625 53.898359 3.260000
v 16.595099 53.903047 3.260000
v 9.540300 60.998000 3.260000
v 16.661621 53.923626 3.260000
v 16.721607 53.958986 3.260000
v 16.771825 54.007223 3.260000
v 11.193792 59.589637 3.260000
v 10.036333 60.560862 3.260000
v 11.190833 59.531685 3.260000
v 11.210031 59.645345 3.260000
v 16.809570 54.065737 3.260000
v 11.238675 59.695809 3.260000
v 16.832809 54.131378 3.260000
v 16.838575 54.165879 3.260000
v 11.278183 59.738310 3.260000
v 16.840287 54.200817 3.260000
v 11.326424 59.770558 3.260000
v 11.380800 59.790816 3.260000
v 10.007031 60.677337 3.260000
v 11.438381 59.797993 3.260000
v 9.950800 60.783465 3.260000
v 11.689767 59.564315 3.260000
v 11.769314 58.347999 3.260000
v 12.411286 58.348003 3.260000
v 11.496066 59.791701 3.260000
v 12.490833 59.564314 3.260000
v 12.494428 59.593242 3.260000
v 11.686172 59.593243 3.260000
v 12.501366 59.621555 3.260000
v 11.679234 59.621555 3.260000
v 12.511552 59.648868 3.260000
v 11.669048 59.648868 3.260000
v 12.540968 59.698886 3.260000
v 11.639632 59.698886 3.260000
v 12.581122 59.740776 3.260000
v 11.599477 59.740776 3.260000
v 12.629853 59.772280 3.260000
v 11.550747 59.772280 3.260000
v 12.684533 59.791701 3.260000
v 15.779137 57.818000 3.260000
v 14.401463 57.818000 3.260000
v 14.144267 60.560862 3.260000
v 12.986808 59.589637 3.260000
v 12.989767 59.531685 3.260000
v 12.970569 59.645345 3.260000
v 12.941924 59.695810 3.260000
v 12.902417 59.738310 3.260000
v 12.854176 59.770558 3.260000
v 12.799800 59.790816 3.260000
v 14.173569 60.677337 3.260000
v 12.742218 59.797993 3.260000
v 14.229801 60.783465 3.260000
v 9.870882 60.873121 3.260000
v 14.309718 60.873121 3.260000
v 9.771890 60.941132 3.260000
v 14.408710 60.941132 3.260000
v 9.659535 60.983575 3.260000
v 14.521065 60.983575 3.260000
v 14.640300 60.998000 3.260000
v 15.540300 60.998000 3.260000
v 16.007031 60.677337 3.260000
v 16.036333 60.560862 3.260000
v 15.950799 60.783465 3.260000
v 15.870882 60.873121 3.260000
v 15.771890 60.941132 3.260000
v 15.659535 60.983575 3.260000
v 16.837920 54.235717 3.260000
v 17.440300 48.298000 3.240000
v 17.140300 48.298000 3.240000
v 17.590300 48.148000 3.240000
v 16.190300 47.898000 3.160000
v 16.190300 47.898000 3.060000
v 14.690300 47.898000 3.060000
v 14.690300 47.898000 3.160000
v 9.490300 47.898000 3.160000
v 9.490300 47.898000 3.060000
v 7.990300 47.898000 3.160000
v 7.990300 47.898000 3.060000
v 6.740300 48.298000 3.240000
v 7.040300 48.298000 3.240000
v 6.590300 48.148000 3.240000
v 5.540300 47.798000 2.659995
v 5.540300 47.798000 0.100000
v 5.840300 47.798000 0.100000
v 5.840300 47.798000 2.660000
v 5.847821 47.798000 2.726752
v 5.555342 47.798000 2.793509
v 5.870005 47.798000 2.790157
v 5.599717 47.798000 2.920327
v 5.905742 47.798000 2.847036
v 5.671200 47.798000 3.034092
v 5.953239 47.798000 2.894538
v 5.766205 47.798000 3.129098
v 6.010114 47.798000 2.930281
v 5.879969 47.798000 3.200581
v 6.073517 47.798000 2.952472
v 6.006788 47.798000 3.244957
v 5.540300 47.898000 -0.000000
v 5.840300 47.898000 -0.000000
v 5.840300 47.875748 0.002507
v 5.540300 47.875748 0.002507
v 5.840300 47.854612 0.009903
v 5.540300 47.854612 0.009903
v 5.840300 47.835651 0.021817
v 5.540300 47.835651 0.021817
v 5.840300 47.819817 0.037651
v 5.540300 47.819817 0.037651
v 5.840300 47.807903 0.056612
v 5.540300 47.807903 0.056612
v 5.840300 47.800507 0.077748
v 5.540300 47.800507 0.077748
v 5.840300 60.400990 -0.712639
v 5.840300 60.364440 -0.749985
v 5.840300 61.398000 -1.860000
v 5.840300 60.320261 -0.777893
v 5.840300 60.427940 -0.667869
v 5.840300 60.270835 -0.794856
v 5.840300 60.443835 -0.618090
v 5.840300 60.244919 -0.798930
v 5.840300 60.218705 -0.799959
v 5.840300 60.447819 -0.565986
v 5.840300 60.192549 -0.797930
v 5.840300 60.439677 -0.514369
v 5.840300 60.389115 1.223241
v 5.840300 60.349977 -0.389253
v 5.840300 60.389400 -0.423553
v 5.840300 60.349631 1.189017
v 5.840300 60.303705 -0.364972
v 5.840300 60.419641 1.265650
v 5.840300 60.419847 -0.466022
v 5.840300 60.303317 1.164824
v 5.840300 60.253080 -0.352020
v 5.840300 60.439561 1.313956
v 5.840300 60.252675 1.151944
v 5.840300 60.238026 -0.350119
v 5.840300 60.238023 1.150119
v 5.840300 57.098000 -1.860000
v 5.840300 58.357396 -0.547239
v 5.840300 58.288136 -0.529159
v 5.840300 61.398000 2.660017
v 5.840300 60.447802 1.365555
v 5.840300 60.443918 1.417663
v 5.840300 60.428120 1.467470
v 5.840300 60.401260 1.512290
v 5.840300 60.364785 1.549705
v 5.840300 60.320664 1.577699
v 5.840300 58.225131 -0.495186
v 5.840300 60.271276 1.594760
v 5.840300 60.245218 1.598900
v 5.840300 58.171968 -0.447255
v 5.840300 60.218854 1.599962
v 5.840300 60.192547 1.597930
v 5.840300 58.131672 -0.388093
v 5.840300 58.106540 -0.321070
v 5.840300 58.357396 1.347239
v 5.840300 58.288136 1.329159
v 5.840300 57.098000 0.500000
v 5.840300 58.098000 -0.250000
v 5.840300 58.098000 1.050000
v 5.840300 57.092986 0.544504
v 5.840300 57.078194 0.586777
v 5.840300 57.054366 0.624698
v 5.840300 57.022698 0.656366
v 5.840300 58.106540 1.121070
v 5.840300 56.984777 0.680194
v 5.840300 58.131672 1.188093
v 5.840300 56.942504 0.694986
v 5.840300 58.171968 1.247255
v 5.840300 56.898000 0.700000
v 5.840300 58.225131 1.295186
v 5.840300 56.853496 0.694986
v 5.840300 54.692986 0.544504
v 5.840300 54.698000 0.500000
v 5.840300 56.698000 0.500000
v 5.840300 56.703014 0.544504
v 5.840300 54.678194 0.586777
v 5.840300 56.717806 0.586777
v 5.840300 54.654366 0.624698
v 5.840300 56.741634 0.624698
v 5.840300 54.622698 0.656366
v 5.840300 56.773302 0.656366
v 5.840300 54.584777 0.680194
v 5.840300 56.811223 0.680194
v 5.840300 54.542504 0.694986
v 5.840300 54.498000 0.700000
v 5.840300 49.625801 -1.587560
v 5.840300 49.715024 -1.536680
v 5.840300 49.752442 -1.493888
v 5.840300 49.672559 -1.567473
v 5.840300 49.575762 -1.597950
v 5.840300 49.427462 -1.568875
v 5.840300 49.474341 -1.588865
v 5.840300 49.524502 -1.598520
v 5.840300 49.979738 -0.946927
v 5.840300 49.995419 -1.089270
v 5.840300 49.996196 -1.017150
v 5.840300 49.977450 -1.159121
v 5.840300 49.943330 -1.222665
v 5.840300 49.385492 -1.539625
v 5.840300 49.946995 -0.882663
v 5.840300 49.304377 -1.408185
v 5.840300 49.322293 -1.458601
v 5.840300 49.349921 -1.502487
v 5.840300 49.298000 -1.351226
v 5.840300 50.648000 -0.000000
v 5.840300 50.648000 -1.860000
v 5.840300 54.298000 -1.860000
v 5.840300 54.298000 0.500000
v 5.840300 50.642986 0.044504
v 5.840300 49.832003 -0.711558
v 5.840300 50.628194 0.086777
v 5.840300 54.303014 0.544504
v 5.840300 49.813361 -0.676866
v 5.840300 50.604366 0.124698
v 5.840300 54.317806 0.586777
v 5.840300 49.801878 -0.639193
v 5.840300 50.572698 0.156366
v 5.840300 54.341634 0.624698
v 5.840300 49.798000 -0.600000
v 5.840300 50.534777 0.180194
v 5.840300 54.373302 0.656366
v 5.840300 48.892030 -1.406530
v 5.840300 48.848351 -1.499490
v 5.840300 48.875027 -1.456152
v 5.840300 50.492504 0.194986
v 5.840300 48.675402 -1.598365
v 5.840300 48.725243 -1.587730
v 5.840300 48.771820 -1.566756
v 5.840300 48.898000 -1.350000
v 5.840300 48.813410 -1.536787
v 5.840300 48.624246 -1.598601
v 5.840300 48.482262 -1.537799
v 5.840300 48.525929 -1.568716
v 5.840300 48.573781 -1.588703
v 5.840300 48.444264 -1.494890
v 5.840300 48.252670 -1.222665
v 5.840300 49.298000 0.000000
v 5.840300 49.798000 0.000000
v 5.840300 49.803014 0.044504
v 5.840300 48.200581 -1.089270
v 5.840300 48.218550 -1.159121
v 5.840300 49.292188 0.047863
v 5.840300 49.817806 0.086777
v 5.840300 48.199804 -1.017150
v 5.840300 49.275091 0.092945
v 5.840300 49.841634 0.124698
v 5.840300 48.216262 -0.946928
v 5.840300 48.249005 -0.882663
v 5.840300 49.247702 0.132625
v 5.840300 49.873302 0.156366
v 5.840300 48.363996 -0.711558
v 5.840300 48.382639 -0.676866
v 5.840300 49.211613 0.164597
v 5.840300 49.911223 0.180194
v 5.840300 48.394122 -0.639193
v 5.840300 48.398000 -0.600000
v 5.840300 49.168921 0.187003
v 5.840300 49.953496 0.194986
v 5.840300 49.122107 0.198542
v 5.840300 48.398000 -0.100000
v 5.840300 48.898000 0.000000
v 5.840300 48.395493 -0.077748
v 5.840300 48.388097 -0.056612
v 5.840300 48.903812 0.047863
v 5.840300 48.376183 -0.037651
v 5.840300 48.920909 0.092945
v 5.840300 48.360349 -0.021817
v 5.840300 48.341388 -0.009903
v 5.840300 48.948298 0.132625
v 5.840300 48.320252 -0.002507
v 5.840300 48.984387 0.164597
v 5.840300 48.298000 -0.000000
v 5.840300 49.073893 0.198542
v 5.840300 49.027079 0.187003
v 5.840300 49.998000 0.200000
v 5.840300 50.448000 0.200000
v 5.840300 54.453496 0.694986
v 5.840300 54.411223 0.680194
v 6.073529 61.398000 2.952475
v 6.010126 61.398000 2.930286
v 5.953249 61.398000 2.894547
v 5.905751 61.398000 2.847048
v 5.870012 61.398000 2.790171
v 5.847824 61.398000 2.726768
v 5.690300 61.698000 2.660009
v 5.793846 61.548000 2.803509
v 5.701584 61.698000 2.760140
v 5.734865 61.698000 2.855250
v 5.788475 61.698000 2.940569
v 5.875133 61.548000 2.925163
v 5.859726 61.698000 3.011821
v 5.996786 61.548000 3.006452
v 6.140284 61.698000 3.110000
v 5.945044 61.698000 3.065432
v 6.040154 61.698000 3.098715
v 5.690300 61.698000 -1.860000
v 6.140300 61.698000 -2.310000
v 5.996794 61.548000 -2.206455
v 6.140300 61.398000 -2.160000
v 6.073544 61.398000 -2.152478
v 6.010135 61.398000 -2.130291
v 5.953253 61.398000 -2.094549
v 6.040166 61.698000 -2.298718
v 5.945052 61.698000 -2.265436
v 5.859730 61.698000 -2.211824
v 5.875135 61.548000 -2.125165
v 5.905751 61.398000 -2.047047
v 5.788476 61.698000 -2.140570
v 5.793845 61.548000 -2.003506
v 5.870009 61.398000 -1.990165
v 5.847822 61.398000 -1.926756
v 5.734864 61.698000 -2.055248
v 5.701582 61.698000 -1.960134
v 12.075300 61.398000 -2.160000
v 12.075300 61.698000 -2.310000
v 12.075300 59.973000 -2.160000
v 12.075300 59.974321 -2.460000
v 12.075300 61.698000 -2.460000
v 6.140300 54.298000 -2.460000
v 6.184804 54.303014 -2.460000
v 6.140300 50.648000 -2.460000
v 10.390300 50.648000 -2.460000
v 10.455383 50.662855 -2.460000
v 10.423678 50.651761 -2.460000
v 10.507575 50.704477 -2.460000
v 10.483823 50.680725 -2.460000
v 10.536539 50.764622 -2.460000
v 10.525445 50.732917 -2.460000
v 10.540300 50.798000 -2.460000
v 6.227077 54.317806 -2.460000
v 7.408775 54.007223 -2.460000
v 7.458993 53.958986 -2.460000
v 7.371030 54.065737 -2.460000
v 6.264998 54.341634 -2.460000
v 7.518979 53.923626 -2.460000
v 6.296666 54.373302 -2.460000
v 7.347791 54.131378 -2.460000
v 7.585501 53.903047 -2.460000
v 6.320494 54.411223 -2.460000
v 7.342025 54.165879 -2.460000
v 7.340313 54.200817 -2.460000
v 7.654975 53.898359 -2.460000
v 6.340300 54.498000 -2.460000
v 7.342680 54.235717 -2.460000
v 6.335286 54.453496 -2.460000
v 7.723659 53.909814 -2.460000
v 10.540300 51.218000 -2.460000
v 10.544061 51.251378 -2.460000
v 10.555155 51.283083 -2.460000
v 7.787852 53.936794 -2.460000
v 10.573025 51.311523 -2.460000
v 7.844096 53.977847 -2.460000
v 6.340300 56.898000 -2.460000
v 11.403157 52.016352 -2.460000
v 11.437710 51.983693 -2.460000
v 10.690300 51.368000 -2.460000
v 11.377057 52.056092 -2.460000
v 11.478857 51.959872 -2.460000
v 11.360813 52.100776 -2.460000
v 11.524385 51.946171 -2.460000
v 12.075300 51.368000 -2.460000
v 10.625217 51.353145 -2.460000
v 11.355300 52.148000 -2.460000
v 10.656922 51.364239 -2.460000
v 11.571845 51.943325 -2.460000
v 11.618683 51.951489 -2.460000
v 11.662382 51.970224 -2.460000
v 11.700589 51.998521 -2.460000
v 11.921124 52.188031 -2.460000
v 11.948542 52.192810 -2.460000
v 11.895545 52.177064 -2.460000
v 12.075300 52.073000 -2.460000
v 11.873180 52.160500 -2.460000
v 12.002974 52.183124 -2.460000
v 11.976323 52.191144 -2.460000
v 12.047286 52.150062 -2.460000
v 12.072073 52.100643 -2.460000
v 12.062564 52.126800 -2.460000
v 12.027060 52.169180 -2.460000
v 7.889360 54.030760 -2.460000
v 10.312536 54.002748 -2.460000
v 10.363684 53.955499 -2.460000
v 10.596777 51.335275 -2.460000
v 10.273658 54.060516 -2.460000
v 7.921206 54.092683 -2.460000
v 10.424348 53.921314 -2.460000
v 10.259467 54.092489 -2.460000
v 10.249094 54.125895 -2.460000
v 7.937919 54.160280 -2.460000
v 10.491259 53.902036 -2.460000
v 10.242680 54.160282 -2.460000
v 11.355300 53.398000 -2.460000
v 10.692914 53.939719 -2.460000
v 10.629259 53.911493 -2.460000
v 10.560812 53.898702 -2.460000
v 11.360813 53.445224 -2.460000
v 11.377057 53.489908 -2.460000
v 10.748347 53.981860 -2.460000
v 10.792572 54.035646 -2.460000
v 11.403157 53.529648 -2.460000
v 10.823206 54.098178 -2.460000
v 11.437710 53.562307 -2.460000
v 10.838598 54.166088 -2.460000
v 11.478857 53.586128 -2.460000
v 10.837920 54.235717 -2.460000
v 11.524385 53.599829 -2.460000
v 11.571845 53.602675 -2.460000
v 11.618683 53.594511 -2.460000
v 11.893894 53.369380 -2.460000
v 11.959833 53.353115 -2.460000
v 11.915342 53.358862 -2.460000
v 11.937373 53.353567 -2.460000
v 11.982434 53.357099 -2.460000
v 11.873180 53.385500 -2.460000
v 12.004343 53.364994 -2.460000
v 12.042224 53.390314 -2.460000
v 12.066759 53.425998 -2.460000
v 12.056389 53.406802 -2.460000
v 12.024596 53.376250 -2.460000
v 12.073131 53.448354 -2.460000
v 12.075300 53.474321 -2.460000
v 11.662381 53.575776 -2.460000
v 11.700589 53.547479 -2.460000
v 8.401463 57.818000 -2.460000
v 9.779137 57.818000 -2.460000
v 6.140325 61.698000 -2.460000
v 8.144267 60.560862 -2.460000
v 6.140300 57.098000 -2.460000
v 6.184804 57.092986 -2.460000
v 8.173569 60.677337 -2.460000
v 8.229800 60.783465 -2.460000
v 8.309718 60.873121 -2.460000
v 8.408710 60.941132 -2.460000
v 8.521065 60.983575 -2.460000
v 8.640300 60.998000 -2.460000
v 11.524385 58.446171 -2.460000
v 11.571845 58.443325 -2.460000
v 11.618683 58.451489 -2.460000
v 12.075300 58.573000 -2.460000
v 11.895545 58.677064 -2.460000
v 11.873180 58.660500 -2.460000
v 11.700589 58.498521 -2.460000
v 11.662382 58.470224 -2.460000
v 11.948542 58.692810 -2.460000
v 11.976323 58.691144 -2.460000
v 11.921124 58.688031 -2.460000
v 12.002974 58.683124 -2.460000
v 12.062564 58.626800 -2.460000
v 12.072073 58.600643 -2.460000
v 12.047286 58.650062 -2.460000
v 12.027060 58.669180 -2.460000
v 10.036333 60.560862 -2.460000
v 11.355300 59.898000 -2.460000
v 11.355300 58.648000 -2.460000
v 11.360813 59.945224 -2.460000
v 11.377057 59.989908 -2.460000
v 11.403157 60.029648 -2.460000
v 10.007031 60.677337 -2.460000
v 11.437710 60.062307 -2.460000
v 11.478857 60.086128 -2.460000
v 11.893894 59.869380 -2.460000
v 11.959833 59.853115 -2.460000
v 11.915342 59.858862 -2.460000
v 11.937373 59.853567 -2.460000
v 11.873180 59.885500 -2.460000
v 11.982434 59.857099 -2.460000
v 12.004343 59.864994 -2.460000
v 12.042224 59.890314 -2.460000
v 12.066759 59.925998 -2.460000
v 12.056389 59.906802 -2.460000
v 12.024596 59.876250 -2.460000
v 12.073131 59.948354 -2.460000
v 11.662381 60.075776 -2.460000
v 11.700589 60.047479 -2.460000
v 11.524385 60.099829 -2.460000
v 11.571845 60.102675 -2.460000
v 11.618683 60.094511 -2.460000
v 9.540300 60.998000 -2.460000
v 9.659535 60.983575 -2.460000
v 9.771890 60.941132 -2.460000
v 9.870882 60.873121 -2.460000
v 9.950800 60.783465 -2.460000
v 6.335286 56.942504 -2.460000
v 6.320494 56.984777 -2.460000
v 6.296666 57.022698 -2.460000
v 6.264998 57.054366 -2.460000
v 6.227077 57.078194 -2.460000
v 11.360813 58.600776 -2.460000
v 11.377057 58.556092 -2.460000
v 11.403157 58.516352 -2.460000
v 11.437710 58.483693 -2.460000
v 11.478857 58.459872 -2.460000
v 5.599733 61.698000 -2.120360
v 5.671221 61.698000 -2.234118
v 5.766229 61.698000 -2.329117
v 5.555351 61.698000 -1.993546
v 5.879995 61.698000 -2.400593
v 5.540300 61.698000 -1.860036
v 6.006813 61.698000 -2.444963
v 5.540300 61.698000 2.660005
v 5.555344 61.698000 2.793518
v 5.599721 61.698000 2.920335
v 5.671204 61.698000 3.034098
v 5.766210 61.698000 3.129102
v 5.879974 61.698000 3.200584
v 6.006792 61.698000 3.244958
v 12.105300 61.698000 -2.310000
v 18.040300 61.698000 -2.460000
v 12.105300 61.698000 -2.460000
v 18.040300 61.698000 -2.310000
v 18.173812 61.698000 -2.444957
v 18.140434 61.698000 -2.298718
v 18.300630 61.698000 -2.400581
v 18.235548 61.698000 -2.265436
v 18.414394 61.698000 -2.329099
v 18.320870 61.698000 -2.211824
v 18.392124 61.698000 -2.140570
v 18.509399 61.698000 -2.234094
v 18.445736 61.698000 -2.055248
v 18.580881 61.698000 -2.120330
v 18.479018 61.698000 -1.960135
v 18.490300 61.698000 -1.860000
v 18.625257 61.698000 -1.993513
v 18.490300 61.698000 2.660000
v 18.479018 61.698000 2.760133
v 18.040309 61.698000 3.110000
v 18.140442 61.698000 3.098716
v 18.392127 61.698000 2.940567
v 18.445737 61.698000 2.855245
v 18.235554 61.698000 3.065433
v 18.320875 61.698000 3.011821
v 12.105300 59.973000 -2.460000
v 12.105300 61.398000 -2.160000
v 12.105300 59.974651 -2.160000
v 11.455650 52.007738 -2.460000
v 11.529641 51.975707 -2.460000
v 11.490776 51.987403 -2.460000
v 11.385300 52.148000 -2.460000
v 11.570155 51.973278 -2.460000
v 11.390007 52.107687 -2.460000
v 11.403873 52.069542 -2.460000
v 11.426154 52.035617 -2.460000
v 11.647443 51.996240 -2.460000
v 11.610140 51.980247 -2.460000
v 11.680059 52.020396 -2.460000
v 11.852650 52.182375 -2.460000
v 11.878542 52.202525 -2.460000
v 13.644061 50.764622 -2.460000
v 13.790300 50.648000 -2.460000
v 13.655155 50.732917 -2.460000
v 13.673025 50.704477 -2.460000
v 13.696776 50.680725 -2.460000
v 13.725217 50.662855 -2.460000
v 13.756922 50.651761 -2.460000
v 13.640300 50.798000 -2.460000
v 11.385300 53.398000 -2.460000
v 13.640300 51.218000 -2.460000
v 12.094624 52.131752 -2.460000
v 13.490300 51.368000 -2.460000
v 12.102588 52.103808 -2.460000
v 12.105300 52.071349 -2.460000
v 12.105300 51.368000 -2.460000
v 11.390007 53.438313 -2.460000
v 11.403873 53.476458 -2.460000
v 13.636539 51.251378 -2.460000
v 11.426154 53.510383 -2.460000
v 11.455650 53.538262 -2.460000
v 11.490776 53.558597 -2.460000
v 11.529641 53.570293 -2.460000
v 11.570155 53.572722 -2.460000
v 11.610139 53.565753 -2.460000
v 11.647443 53.549760 -2.460000
v 11.680059 53.525604 -2.460000
v 11.852650 53.363625 -2.460000
v 11.880606 53.342920 -2.460000
v 11.905353 52.215672 -2.460000
v 11.912581 53.329212 -2.460000
v 11.932892 52.222291 -2.460000
v 11.946853 53.323238 -2.460000
v 11.960966 52.222856 -2.460000
v 11.981579 53.325320 -2.460000
v 11.989217 52.217877 -2.460000
v 12.014892 53.335345 -2.460000
v 12.016604 52.208007 -2.460000
v 12.041920 52.193938 -2.460000
v 12.045000 53.352775 -2.460000
v 12.063955 52.176358 -2.460000
v 12.070282 53.376672 -2.460000
v 12.081661 52.155748 -2.460000
v 12.089380 53.405750 -2.460000
v 12.105300 53.473000 -2.460000
v 13.432253 53.981860 -2.460000
v 12.101266 53.438446 -2.460000
v 13.388028 54.035646 -2.460000
v 13.487686 53.939719 -2.460000
v 13.357394 54.098178 -2.460000
v 13.551341 53.911493 -2.460000
v 13.342002 54.166088 -2.460000
v 13.619788 53.898702 -2.460000
v 13.523678 51.364239 -2.460000
v 13.342680 54.235717 -2.460000
v 13.689341 53.902036 -2.460000
v 13.555383 51.353145 -2.460000
v 13.756252 53.921314 -2.460000
v 13.583824 51.335275 -2.460000
v 13.816916 53.955499 -2.460000
v 13.607575 51.311523 -2.460000
v 18.040300 50.648000 -2.460000
v 11.455650 58.507738 -2.460000
v 11.529641 58.475707 -2.460000
v 11.490776 58.487403 -2.460000
v 11.390007 58.607687 -2.460000
v 11.385300 58.648000 -2.460000
v 11.403873 58.569542 -2.460000
v 11.426154 58.535617 -2.460000
v 11.570155 58.473278 -2.460000
v 11.647443 58.496240 -2.460000
v 11.610140 58.480247 -2.460000
v 11.680059 58.520396 -2.460000
v 16.336503 53.977848 -2.460000
v 13.868064 54.002748 -2.460000
v 13.906942 54.060516 -2.460000
v 16.291239 54.030762 -2.460000
v 16.392747 53.936795 -2.460000
v 13.625445 51.283082 -2.460000
v 13.931506 54.125895 -2.460000
v 16.259393 54.092685 -2.460000
v 13.921133 54.092489 -2.460000
v 16.456940 53.909814 -2.460000
v 13.937920 54.160282 -2.460000
v 16.242680 54.160282 -2.460000
v 16.525623 53.898359 -2.460000
v 16.595098 53.903047 -2.460000
v 11.852650 58.682375 -2.460000
v 11.878542 58.702525 -2.460000
v 16.661620 53.923625 -2.460000
v 16.721607 53.958986 -2.460000
v 11.385300 59.898000 -2.460000
v 11.390007 59.938313 -2.460000
v 11.403873 59.976458 -2.460000
v 11.426154 60.010383 -2.460000
v 11.455650 60.038262 -2.460000
v 11.490776 60.058597 -2.460000
v 11.529641 60.070293 -2.460000
v 11.570155 60.072722 -2.460000
v 11.610139 60.065753 -2.460000
v 11.647443 60.049760 -2.460000
v 11.680059 60.025604 -2.460000
v 11.852650 59.863625 -2.460000
v 11.880606 59.842920 -2.460000
v 11.905353 58.715672 -2.460000
v 11.912581 59.829212 -2.460000
v 11.932892 58.722291 -2.460000
v 11.946853 59.823238 -2.460000
v 11.960966 58.722856 -2.460000
v 11.981579 59.825320 -2.460000
v 11.989217 58.717877 -2.460000
v 12.014892 59.835345 -2.460000
v 12.016604 58.708007 -2.460000
v 12.041920 58.693938 -2.460000
v 12.045000 59.852775 -2.460000
v 12.063955 58.676358 -2.460000
v 12.070282 59.876672 -2.460000
v 12.081661 58.655748 -2.460000
v 12.089380 59.905750 -2.460000
v 12.094624 58.631752 -2.460000
v 14.401463 57.818000 -2.460000
v 16.832809 54.131378 -2.460000
v 17.915602 54.341634 -2.460000
v 16.809570 54.065737 -2.460000
v 17.883934 54.373302 -2.460000
v 16.838575 54.165878 -2.460000
v 17.953523 54.317806 -2.460000
v 16.771825 54.007222 -2.460000
v 16.837920 54.235715 -2.460000
v 17.860106 54.411223 -2.460000
v 16.840287 54.200816 -2.460000
v 17.995796 54.303014 -2.460000
v 17.845314 54.453496 -2.460000
v 18.040300 54.298000 -2.460000
v 17.840300 54.498000 -2.460000
v 15.779137 57.818000 -2.460000
v 14.144267 60.560862 -2.460000
v 12.101266 59.938446 -2.460000
v 17.840300 56.898000 -2.460000
v 14.173569 60.677337 -2.460000
v 14.229800 60.783465 -2.460000
v 14.309718 60.873121 -2.460000
v 14.408710 60.941132 -2.460000
v 14.521065 60.983575 -2.460000
v 14.640300 60.998000 -2.460000
v 17.995796 57.092986 -2.460000
v 16.036333 60.560862 -2.460000
v 18.040300 57.098000 -2.460000
v 15.540300 60.998000 -2.460000
v 15.659535 60.983575 -2.460000
v 15.771890 60.941132 -2.460000
v 15.870882 60.873121 -2.460000
v 15.950800 60.783465 -2.460000
v 16.007031 60.677337 -2.460000
v 12.105300 58.571349 -2.460000
v 12.102588 58.603808 -2.460000
v 17.845314 56.942504 -2.460000
v 17.860106 56.984777 -2.460000
v 17.883934 57.022698 -2.460000
v 17.915602 57.054366 -2.460000
v 17.953523 57.078194 -2.460000
v 12.102588 59.942192 -2.160000
v 12.094624 59.914248 -2.160000
v 12.081661 59.890252 -2.160000
v 12.063955 59.869642 -2.160000
v 12.041920 59.852062 -2.160000
v 12.016604 59.837993 -2.160000
v 11.989217 59.828123 -2.160000
v 11.960966 59.823144 -2.160000
v 11.932892 59.823709 -2.160000
v 11.905353 59.830328 -2.160000
v 11.878542 59.843475 -2.160000
v 11.852650 59.863625 -2.160000
v 11.529641 51.975707 -2.160000
v 11.455650 52.007738 -2.160000
v 11.490776 51.987403 -2.160000
v 11.385300 52.148000 -2.160000
v 11.403873 52.069542 -2.160000
v 11.426154 52.035617 -2.160000
v 11.390007 52.107687 -2.160000
v 11.610139 51.980247 -2.160000
v 11.570155 51.973278 -2.160000
v 11.647443 51.996240 -2.160000
v 11.680059 52.020396 -2.160000
v 11.852650 52.182375 -2.160000
v 11.880606 52.203080 -2.160000
v 13.790300 50.648000 -2.160000
v 13.725217 50.662855 -2.160000
v 13.756922 50.651761 -2.160000
v 13.696777 50.680725 -2.160000
v 13.673025 50.704477 -2.160000
v 13.655155 50.732917 -2.160000
v 13.644061 50.764622 -2.160000
v 13.640300 50.798000 -2.160000
v 13.640300 51.218000 -2.160000
v 13.490300 51.368000 -2.160000
v 12.101266 52.107554 -2.160000
v 12.105300 52.073000 -2.160000
v 12.089380 52.140250 -2.160000
v 12.105300 51.368000 -2.160000
v 13.636539 51.251378 -2.160000
v 11.426154 53.510382 -2.160000
v 11.403873 53.476458 -2.160000
v 11.390007 53.438313 -2.160000
v 11.455650 53.538262 -2.160000
v 11.490776 53.558597 -2.160000
v 11.570155 53.572722 -2.160000
v 11.529641 53.570293 -2.160000
v 11.610139 53.565753 -2.160000
v 11.680059 53.525604 -2.160000
v 11.385300 53.398000 -2.160000
v 11.647443 53.549760 -2.160000
v 11.852650 53.363625 -2.160000
v 11.878542 53.343475 -2.160000
v 11.905353 53.330328 -2.160000
v 11.912581 52.216788 -2.160000
v 11.932892 53.323709 -2.160000
v 11.946853 52.222762 -2.160000
v 11.960966 53.323144 -2.160000
v 11.981579 52.220680 -2.160000
v 11.989217 53.328123 -2.160000
v 12.014892 52.210655 -2.160000
v 12.016604 53.337993 -2.160000
v 12.041920 53.352062 -2.160000
v 12.045000 52.193225 -2.160000
v 12.063955 53.369642 -2.160000
v 12.070282 52.169328 -2.160000
v 12.081661 53.390252 -2.160000
v 13.432254 53.981859 -2.160000
v 12.105300 53.474651 -2.160000
v 12.102588 53.442192 -2.160000
v 13.388029 54.035644 -2.160000
v 13.487687 53.939719 -2.160000
v 12.094624 53.414248 -2.160000
v 13.357395 54.098176 -2.160000
v 13.551342 53.911493 -2.160000
v 13.342002 54.166086 -2.160000
v 13.619789 53.898702 -2.160000
v 13.523678 51.364239 -2.160000
v 13.342680 54.235715 -2.160000
v 13.689342 53.902036 -2.160000
v 13.555383 51.353145 -2.160000
v 13.756252 53.921314 -2.160000
v 13.583824 51.335275 -2.160000
v 13.816916 53.955499 -2.160000
v 13.607575 51.311523 -2.160000
v 18.040300 50.648000 -2.160000
v 11.490776 58.487403 -2.160000
v 11.426154 58.535617 -2.160000
v 11.455650 58.507738 -2.160000
v 11.529641 58.475707 -2.160000
v 11.403873 58.569542 -2.160000
v 11.610139 58.480247 -2.160000
v 11.570155 58.473278 -2.160000
v 11.390007 58.607687 -2.160000
v 11.385300 58.648000 -2.160000
v 11.647443 58.496240 -2.160000
v 11.680059 58.520396 -2.160000
v 16.336505 53.977847 -2.160000
v 13.868064 54.002748 -2.160000
v 16.291240 54.030760 -2.160000
v 13.906942 54.060516 -2.160000
v 16.392748 53.936794 -2.160000
v 13.625445 51.283082 -2.160000
v 16.259394 54.092683 -2.160000
v 13.921133 54.092489 -2.160000
v 13.931506 54.125896 -2.160000
v 16.456941 53.909814 -2.160000
v 16.242681 54.160280 -2.160000
v 13.937920 54.160283 -2.160000
v 16.525625 53.898359 -2.160000
v 16.595099 53.903047 -2.160000
v 11.852650 58.682375 -2.160000
v 11.880606 58.703080 -2.160000
v 16.661621 53.923626 -2.160000
v 16.721607 53.958986 -2.160000
v 11.455650 60.038262 -2.160000
v 11.426154 60.010382 -2.160000
v 11.403873 59.976458 -2.160000
v 11.529641 60.070293 -2.160000
v 11.390007 59.938313 -2.160000
v 11.490776 60.058597 -2.160000
v 11.610139 60.065753 -2.160000
v 11.570155 60.072722 -2.160000
v 11.680059 60.025604 -2.160000
v 11.385300 59.898000 -2.160000
v 11.647443 60.049760 -2.160000
v 11.912581 58.716788 -2.160000
v 11.946853 58.722762 -2.160000
v 11.981579 58.720680 -2.160000
v 12.014892 58.710655 -2.160000
v 12.045000 58.693225 -2.160000
v 12.070282 58.669328 -2.160000
v 12.089380 58.640250 -2.160000
v 17.883934 54.373302 -2.160000
v 16.838575 54.165879 -2.160000
v 16.832809 54.131378 -2.160000
v 17.915602 54.341634 -2.160000
v 16.809570 54.065737 -2.160000
v 17.860106 54.411223 -2.160000
v 16.840287 54.200818 -2.160000
v 16.837920 54.235718 -2.160000
v 17.953523 54.317806 -2.160000
v 16.771825 54.007223 -2.160000
v 17.845314 54.453496 -2.160000
v 17.995796 54.303014 -2.160000
v 17.840300 54.498000 -2.160000
v 18.040300 54.298000 -2.160000
v 15.779137 57.818000 -2.160000
v 14.401463 57.818000 -2.160000
v 14.144267 60.560863 -2.160000
v 12.101266 58.607554 -2.160000
v 17.840300 56.898000 -2.160000
v 14.173569 60.677338 -2.160000
v 14.229801 60.783465 -2.160000
v 14.309718 60.873121 -2.160000
v 14.408710 60.941132 -2.160000
v 14.521065 60.983575 -2.160000
v 14.640300 60.998000 -2.160000
v 18.040300 61.398000 -2.160000
v 17.995796 57.092986 -2.160000
v 18.040300 57.098000 -2.160000
v 16.007031 60.677337 -2.160000
v 16.036333 60.560862 -2.160000
v 15.950800 60.783465 -2.160000
v 15.870882 60.873121 -2.160000
v 15.771890 60.941132 -2.160000
v 15.659535 60.983575 -2.160000
v 15.540300 60.998000 -2.160000
v 12.105300 58.573000 -2.160000
v 17.845314 56.942504 -2.160000
v 17.860106 56.984777 -2.160000
v 17.883934 57.022698 -2.160000
v 17.915602 57.054366 -2.160000
v 17.953523 57.078194 -2.160000
v 18.386755 61.548000 -2.003506
v 18.332778 61.398000 -1.926756
v 18.310591 61.398000 -1.990165
v 18.274849 61.398000 -2.047047
v 18.305465 61.548000 -2.125165
v 18.227347 61.398000 -2.094549
v 18.183806 61.548000 -2.206455
v 18.170465 61.398000 -2.130291
v 18.107056 61.398000 -2.152478
v 18.183812 61.548000 3.006453
v 18.305468 61.548000 2.925162
v 18.386755 61.548000 2.803505
v 18.107056 57.098000 -2.152478
v 18.170465 57.098000 -2.130291
v 18.227347 57.098000 -2.094549
v 18.274849 57.098000 -2.047047
v 18.310591 57.098000 -1.990165
v 18.332778 57.098000 -1.926756
v 18.414382 57.098000 -2.329108
v 18.509386 57.098000 -2.234110
v 18.580870 57.098000 -2.120353
v 18.300621 57.098000 -2.400586
v 18.625250 57.098000 -1.993543
v 18.173808 57.098000 -2.444958
v 19.790300 56.698000 -0.700000
v 19.790300 56.698000 -0.101248
v 20.090300 56.698000 -0.700000
v 20.090300 56.698000 -0.100000
v 19.787166 56.698000 -0.062188
v 20.077055 56.698000 0.014322
v 19.777937 56.698000 -0.027708
v 20.038022 56.698000 0.122587
v 19.762358 56.698000 0.003577
v 19.975269 56.698000 0.219059
v 19.740890 56.698000 0.031230
v 19.683260 56.698000 0.075427
v 19.892120 56.698000 0.298628
v 19.714105 56.698000 0.055446
v 19.649708 56.698000 0.090233
v 19.792982 56.698000 0.357078
v 19.614788 56.698000 0.098928
v 19.683105 56.698000 0.391312
v 19.579248 56.698000 0.100752
v 19.568311 56.698000 0.399516
v 19.493475 56.698000 0.075000
v 19.454682 56.698000 0.381257
v 19.539052 56.698000 0.094059
v 19.401345 56.698000 0.033731
v 19.348239 56.698000 0.337500
v 19.303599 56.698000 0.008493
v 19.302173 56.698000 0.316866
v 19.203006 56.698000 -0.000000
v 19.253299 56.698000 0.304246
v 19.203002 56.698000 0.300000
v 18.840300 56.698000 -0.000000
v 18.729040 56.698000 0.012536
v 18.840300 56.698000 0.300000
v 18.623358 56.698000 0.049516
v 18.795796 56.698000 0.305014
v 18.753523 56.698000 0.319806
v 18.528555 56.698000 0.109084
v 18.715602 56.698000 0.343634
v 18.449384 56.698000 0.188255
v 18.683934 56.698000 0.375302
v 18.389816 56.698000 0.283058
v 18.660106 56.698000 0.413223
v 18.352836 56.698000 0.388740
v 18.645314 56.698000 0.455496
v 18.840300 54.698000 -0.000000
v 18.729040 54.698000 0.012536
v 18.623358 54.698000 0.049516
v 18.528555 54.698000 0.109084
v 18.449384 54.698000 0.188255
v 18.389816 54.698000 0.283058
v 18.352836 54.698000 0.388740
v 18.715602 54.698000 0.343634
v 18.683934 54.698000 0.375302
v 18.753523 54.698000 0.319806
v 18.660106 54.698000 0.413223
v 18.795796 54.698000 0.305014
v 18.645314 54.698000 0.455496
v 18.840300 54.698000 0.300000
v 19.203002 54.698000 0.300000
v 19.203002 54.698000 0.000000
v 19.303596 54.698000 0.008493
v 19.253299 54.698000 0.304246
v 19.401343 54.698000 0.033731
v 19.302173 54.698000 0.316866
v 19.493475 54.698000 0.075000
v 19.348239 54.698000 0.337500
v 19.536053 54.698000 0.092503
v 19.790300 54.698000 -0.100000
v 19.790300 54.698000 -0.700000
v 20.090300 54.698000 -0.700000
v 19.454682 54.698000 0.381257
v 19.581504 54.698000 0.099806
v 19.568311 54.698000 0.399516
v 19.627422 54.698000 0.096525
v 20.090300 54.698000 -0.100000
v 19.785002 54.698000 -0.054271
v 19.683105 54.698000 0.391312
v 19.671373 54.698000 0.082831
v 20.077055 54.698000 0.014322
v 19.769389 54.698000 -0.010965
v 19.792982 54.698000 0.357078
v 19.711028 54.698000 0.059451
v 20.038022 54.698000 0.122587
v 19.892120 54.698000 0.298628
v 19.744288 54.698000 0.027624
v 19.975269 54.698000 0.219059
v 18.107056 54.298000 -2.152478
v 18.625257 54.298000 -1.993513
v 18.332778 54.298000 -1.926756
v 18.170465 54.298000 -2.130291
v 18.173813 54.298000 -2.444957
v 18.580881 54.298000 -2.120330
v 18.310591 54.298000 -1.990165
v 18.227347 54.298000 -2.094549
v 18.300630 54.298000 -2.400581
v 18.509399 54.298000 -2.234094
v 18.274849 54.298000 -2.047047
v 18.414394 54.298000 -2.329099
v 18.107056 50.648000 -2.152478
v 18.170465 50.648000 -2.130291
v 18.227347 50.648000 -2.094549
v 18.274849 50.648000 -2.047047
v 18.310591 50.648000 -1.990165
v 18.332778 50.648000 -1.926756
v 18.625257 50.648000 -1.993513
v 18.580881 50.648000 -2.120330
v 18.509399 50.648000 -2.234094
v 18.414394 50.648000 -2.329099
v 18.300630 50.648000 -2.400581
v 18.173813 50.648000 -2.444957
v 20.090300 56.398000 -1.000000
v 20.090300 56.690478 -0.766756
v 20.090300 56.668291 -0.830165
v 20.090300 56.632549 -0.887047
v 20.090300 56.585047 -0.934549
v 20.090300 56.528165 -0.970291
v 20.090300 56.464756 -0.992478
v 20.090300 54.998000 -1.000000
v 20.090300 54.867835 -0.970291
v 20.090300 54.931244 -0.992478
v 20.090300 54.810953 -0.934549
v 20.090300 54.763451 -0.887047
v 20.090300 54.727709 -0.830165
v 20.090300 54.705522 -0.766756
v 19.790300 56.690478 -0.766756
v 19.790300 56.668291 -0.830165
v 19.790300 56.632549 -0.887047
v 19.790300 56.585047 -0.934549
v 19.790300 56.528165 -0.970291
v 19.790300 56.464756 -0.992478
v 19.790300 56.398000 -1.000000
v 19.790300 54.998000 -1.000000
v 19.790300 54.705522 -0.766756
v 19.790300 54.727709 -0.830165
v 19.790300 54.763451 -0.887047
v 19.790300 54.810953 -0.934549
v 19.790300 54.867835 -0.970291
v 19.790300 54.931244 -0.992478
v 14.410206 57.886990 -2.152095
v 14.418962 57.956079 -2.444203
v 14.418348 57.951238 -2.128616
v 14.435213 58.084317 -2.397508
v 14.425683 58.009112 -2.091225
v 14.449839 58.199725 -2.323061
v 14.430512 58.047219 -2.053748
v 14.459514 58.276069 -2.247998
v 14.434466 58.078422 -2.008930
v 14.467470 58.338845 -2.157860
v 14.454151 58.233750 -1.737320
v 14.487154 58.494173 -1.886249
v 14.460607 58.284696 -1.660825
v 14.491335 58.527164 -1.837489
v 14.468076 58.343626 -1.594759
v 14.496203 58.565572 -1.797082
v 14.479863 58.436637 -1.519895
v 14.501966 58.611052 -1.763667
v 14.493277 58.542485 -1.462565
v 14.508514 58.662718 -1.738039
v 14.506186 58.644351 -1.428443
v 14.515651 58.719032 -1.720383
v 14.517243 58.731592 -1.413568
v 14.523041 58.777346 -1.711336
v 14.530841 58.838898 -1.411543
v 14.531021 58.840314 -1.712054
v 14.544214 58.944418 -1.426577
v 14.540321 58.913696 -1.728802
v 14.554853 59.028364 -1.451815
v 14.550290 58.992359 -1.768925
v 14.571402 59.158952 -1.519432
v 14.675767 59.982470 -2.430044
v 14.696881 60.149081 -2.180564
v 14.874166 60.297074 -2.279382
v 14.896297 60.298000 -2.280000
v 14.885718 60.214704 -2.404747
v 14.850796 60.210992 -2.405151
v 14.853139 60.294324 -2.277546
v 14.818473 60.200270 -2.406319
v 14.822829 60.286656 -2.272426
v 14.788495 60.183161 -2.408183
v 14.794283 60.274779 -2.264495
v 14.767672 60.258875 -2.253875
v 14.747897 60.146983 -2.412124
v 14.744210 60.239725 -2.241089
v 14.714327 60.100531 -2.417184
v 14.725026 60.218301 -2.226783
v 14.706485 60.185928 -2.205167
v 14.689885 60.045860 -2.423139
v 15.368471 60.197258 -2.406647
v 15.294882 60.214704 -2.404747
v 15.333300 60.210178 -2.405240
v 15.398031 60.178931 -2.408644
v 15.422908 60.157377 -2.410991
v 15.452204 60.122490 -2.414792
v 15.478720 60.076270 -2.419827
v 15.494888 60.032050 -2.424643
v 15.504833 59.982470 -2.430044
v 15.284303 60.298000 -2.280000
v 15.334160 60.293026 -2.276679
v 15.364344 60.284349 -2.270885
v 15.392426 60.271576 -2.262356
v 15.422543 60.251723 -2.249100
v 15.444276 60.231756 -2.235767
v 15.461735 60.209503 -2.220909
v 15.474475 60.185041 -2.204575
v 15.480186 60.167632 -2.192951
v 15.483719 60.149081 -2.180564
v 15.772200 57.872742 -2.155095
v 15.765136 57.928481 -2.449953
v 15.765660 57.924347 -2.140499
v 15.752022 58.031956 -2.420469
v 15.757916 57.985450 -2.108738
v 15.736625 58.153452 -2.357093
v 15.751318 58.037515 -2.064671
v 15.723498 58.257035 -2.269242
v 15.746134 58.078422 -2.008930
v 15.713130 58.338845 -2.157860
v 15.726449 58.233750 -1.737320
v 15.693446 58.494173 -1.886249
v 15.722518 58.264768 -1.687568
v 15.686783 58.546746 -1.815184
v 15.718222 58.298669 -1.642020
v 15.709457 58.367833 -1.570319
v 15.679405 58.604968 -1.767452
v 15.699163 58.449060 -1.511107
v 15.687196 58.543486 -1.463952
v 15.672317 58.660898 -1.738730
v 15.673963 58.647906 -1.430305
v 15.665213 58.716953 -1.720821
v 15.657847 58.775071 -1.711497
v 15.660102 58.757281 -1.412418
v 15.650546 58.832683 -1.711357
v 15.644900 58.877233 -1.413565
v 15.643490 58.888361 -1.720932
v 15.626863 59.019560 -1.447312
v 15.636831 58.940906 -1.739948
v 15.609198 59.158952 -1.519432
v 15.630310 58.992359 -1.768925
v 5.540300 60.364800 -0.749694
v 5.540300 60.401277 -0.712268
v 5.540300 60.320673 -0.777695
v 5.540300 60.428135 -0.667436
v 5.540300 60.271276 -0.794760
v 5.540300 60.443927 -0.617618
v 5.540300 60.245218 -0.798900
v 5.540300 60.218854 -0.799962
v 5.540300 60.447799 -0.565500
v 5.540300 60.192547 -0.797930
v 5.540300 60.439544 -0.513894
v 5.540300 60.389060 -0.423180
v 5.540300 60.389400 1.223553
v 5.540300 60.419605 -0.465586
v 5.540300 60.349977 1.189253
v 5.540300 60.349555 -0.388966
v 5.540300 60.419847 1.266022
v 5.540300 60.303705 1.164972
v 5.540300 60.303223 -0.364787
v 5.540300 60.439677 1.314369
v 5.540300 60.253080 1.152020
v 5.540300 60.252562 -0.351951
v 5.540300 60.238025 1.150119
v 5.540300 60.238020 -0.350119
v 5.540300 60.447819 1.365986
v 5.540300 60.443835 1.418090
v 5.540300 60.427940 1.467869
v 5.540300 57.098000 -1.860000
v 5.540300 58.357396 -0.547239
v 5.540300 60.400990 1.512639
v 5.540300 58.288136 -0.529159
v 5.540300 60.364440 1.549985
v 5.540300 60.320261 1.577893
v 5.540300 58.225131 -0.495186
v 5.540300 60.270835 1.594856
v 5.540300 60.244918 1.598930
v 5.540300 58.171968 -0.447255
v 5.540300 60.218704 1.599959
v 5.540300 60.192547 1.597930
v 5.540300 58.131672 -0.388093
v 5.540300 58.106540 -0.321070
v 5.540300 58.357396 1.347239
v 5.540300 57.098000 0.500000
v 5.540300 58.098000 -0.250000
v 5.540300 58.098000 1.050000
v 5.540300 57.092986 0.544504
v 5.540300 57.078194 0.586777
v 5.540300 57.054366 0.624698
v 5.540300 57.022698 0.656366
v 5.540300 58.106540 1.121070
v 5.540300 56.984777 0.680194
v 5.540300 58.131672 1.188093
v 5.540300 56.942504 0.694986
v 5.540300 58.171968 1.247255
v 5.540300 56.898000 0.700000
v 5.540300 58.225131 1.295186
v 5.540300 56.853496 0.694986
v 5.540300 54.698000 0.500000
v 5.540300 54.692986 0.544504
v 5.540300 56.698000 0.500000
v 5.540300 56.703014 0.544504
v 5.540300 54.678194 0.586777
v 5.540300 56.717806 0.586777
v 5.540300 54.654366 0.624698
v 5.540300 56.741634 0.624698
v 5.540300 54.622698 0.656366
v 5.540300 56.773302 0.656366
v 5.540300 54.584777 0.680194
v 5.540300 56.811223 0.680194
v 5.540300 54.542504 0.694986
v 5.540300 58.288136 1.329159
v 5.540300 54.498000 0.700000
v 5.540300 49.670071 -1.568716
v 5.540300 49.622219 -1.588703
v 5.540300 49.713738 -1.537799
v 5.540300 49.751736 -1.494890
v 5.540300 49.571755 -1.598601
v 5.540300 49.470757 -1.587730
v 5.540300 49.424180 -1.566756
v 5.540300 49.520598 -1.598365
v 5.540300 49.382590 -1.536787
v 5.540300 49.943330 -1.222665
v 5.540300 49.946995 -0.882663
v 5.540300 49.977450 -1.159121
v 5.540300 49.995419 -1.089270
v 5.540300 49.996196 -1.017150
v 5.540300 49.979738 -0.946928
v 5.540300 49.320973 -1.456152
v 5.540300 49.303970 -1.406530
v 5.540300 49.347650 -1.499490
v 5.540300 50.648000 -1.860000
v 5.540300 50.648000 -0.000000
v 5.540300 54.298000 -1.860000
v 5.540300 54.298000 0.500000
v 5.540300 49.298000 -1.350000
v 5.540300 50.642986 0.044504
v 5.540300 49.832004 -0.711558
v 5.540300 50.628194 0.086777
v 5.540300 54.303014 0.544504
v 5.540300 49.813361 -0.676866
v 5.540300 50.604366 0.124698
v 5.540300 54.317806 0.586777
v 5.540300 49.801878 -0.639193
v 5.540300 50.572698 0.156366
v 5.540300 54.341634 0.624698
v 5.540300 49.798000 -0.600000
v 5.540300 50.534777 0.180194
v 5.540300 54.373302 0.656366
v 5.540300 48.846079 -1.502487
v 5.540300 48.891623 -1.408185
v 5.540300 48.873707 -1.458601
v 5.540300 50.492504 0.194986
v 5.540300 48.721659 -1.588865
v 5.540300 48.671498 -1.598520
v 5.540300 48.768538 -1.568875
v 5.540300 48.810508 -1.539625
v 5.540300 48.898000 -1.351226
v 5.540300 48.620238 -1.597950
v 5.540300 48.523441 -1.567473
v 5.540300 48.480976 -1.536680
v 5.540300 48.570199 -1.587560
v 5.540300 48.443558 -1.493888
v 5.540300 48.252670 -1.222665
v 5.540300 49.298000 0.000000
v 5.540300 49.798000 -0.000000
v 5.540300 49.803014 0.044504
v 5.540300 48.218550 -1.159121
v 5.540300 48.200581 -1.089270
v 5.540300 49.292188 0.047863
v 5.540300 49.817806 0.086777
v 5.540300 48.199804 -1.017150
v 5.540300 49.275091 0.092945
v 5.540300 49.841634 0.124698
v 5.540300 48.216262 -0.946928
v 5.540300 48.249005 -0.882663
v 5.540300 49.247702 0.132625
v 5.540300 49.873302 0.156366
v 5.540300 48.363997 -0.711558
v 5.540300 48.382639 -0.676866
v 5.540300 49.211613 0.164597
v 5.540300 49.911223 0.180194
v 5.540300 48.394122 -0.639193
v 5.540300 48.398000 -0.600000
v 5.540300 49.168921 0.187003
v 5.540300 49.953496 0.194986
v 5.540300 49.122107 0.198542
v 5.540300 48.398000 -0.100000
v 5.540300 48.898000 -0.000000
v 5.540300 48.395493 -0.077748
v 5.540300 48.388097 -0.056612
v 5.540300 48.903812 0.047863
v 5.540300 48.376183 -0.037651
v 5.540300 48.920909 0.092945
v 5.540300 48.360349 -0.021817
v 5.540300 48.341388 -0.009903
v 5.540300 48.948298 0.132625
v 5.540300 48.320252 -0.002507
v 5.540300 48.984387 0.164597
v 5.540300 48.298000 -0.000000
v 5.540300 54.411223 0.680194
v 5.540300 54.453496 0.694986
v 5.540300 49.027079 0.187003
v 5.540300 49.073893 0.198542
v 5.540300 49.998000 0.200000
v 5.540300 50.448000 0.200000
v 5.905751 50.648000 -2.047047
v 5.671201 50.648000 -2.234094
v 5.766206 50.648000 -2.329099
v 5.953253 50.648000 -2.094549
v 5.879970 50.648000 -2.400581
v 5.870009 50.648000 -1.990165
v 5.599719 50.648000 -2.120330
v 6.010135 50.648000 -2.130291
v 6.006787 50.648000 -2.444957
v 5.847822 50.648000 -1.926756
v 5.555343 50.648000 -1.993513
v 6.073544 50.648000 -2.152478
v 6.140300 50.648000 -2.160000
v 10.390300 50.648000 -2.160000
v 6.140300 54.298000 -2.160000
v 6.073544 54.298000 -2.152478
v 6.010135 54.298000 -2.130291
v 5.953253 54.298000 -2.094549
v 5.905751 54.298000 -2.047047
v 5.870009 54.298000 -1.990165
v 5.847822 54.298000 -1.926756
v 5.555343 54.298000 -1.993513
v 5.599719 54.298000 -2.120330
v 5.671201 54.298000 -2.234094
v 5.766206 54.298000 -2.329099
v 5.879970 54.298000 -2.400581
v 6.006787 54.298000 -2.444957
v 5.827764 54.698000 0.388740
v 5.535286 54.698000 0.455496
v 5.520494 54.698000 0.413223
v 5.790784 54.698000 0.283058
v 5.496666 54.698000 0.375302
v 5.731216 54.698000 0.188255
v 5.464998 54.698000 0.343634
v 5.652045 54.698000 0.109084
v 5.427077 54.698000 0.319806
v 5.557242 54.698000 0.049516
v 5.384804 54.698000 0.305014
v 5.451560 54.698000 0.012536
v 5.340300 54.698000 0.300000
v 5.340300 54.698000 -0.000000
v 4.977598 54.698000 0.300000
v 4.977594 54.698000 -0.000000
v 4.927301 54.698000 0.304246
v 4.877001 54.698000 0.008493
v 4.878427 54.698000 0.316866
v 4.779255 54.698000 0.033731
v 4.832361 54.698000 0.337500
v 4.687125 54.698000 0.075000
v 4.725918 54.698000 0.381257
v 4.641548 54.698000 0.094059
v 4.601352 54.698000 0.100752
v 4.612289 54.698000 0.399516
v 4.565812 54.698000 0.098928
v 4.497495 54.698000 0.391312
v 4.530892 54.698000 0.090233
v 4.387618 54.698000 0.357078
v 4.497340 54.698000 0.075427
v 4.288480 54.698000 0.298628
v 4.466495 54.698000 0.055446
v 4.439710 54.698000 0.031230
v 4.205331 54.698000 0.219059
v 4.418242 54.698000 0.003577
v 4.142578 54.698000 0.122587
v 4.402663 54.698000 -0.027708
v 4.103545 54.698000 0.014322
v 4.393434 54.698000 -0.062188
v 4.090300 54.698000 -0.100000
v 4.390300 54.698000 -0.101248
v 4.090300 54.698000 -0.700000
v 4.390300 54.698000 -0.700000
v 5.340300 56.698000 -0.000000
v 5.451560 56.698000 0.012536
v 5.557242 56.698000 0.049516
v 5.652045 56.698000 0.109084
v 5.731216 56.698000 0.188255
v 5.790784 56.698000 0.283058
v 5.827764 56.698000 0.388740
v 5.464998 56.698000 0.343634
v 5.496666 56.698000 0.375302
v 5.427077 56.698000 0.319806
v 5.520494 56.698000 0.413223
v 5.384804 56.698000 0.305014
v 5.535286 56.698000 0.455496
v 5.340300 56.698000 0.300000
v 4.877004 56.698000 0.008493
v 4.977598 56.698000 0.300000
v 4.977598 56.698000 0.000000
v 4.927301 56.698000 0.304246
v 4.779257 56.698000 0.033731
v 4.878427 56.698000 0.316866
v 4.687125 56.698000 0.075000
v 4.832361 56.698000 0.337500
v 4.090300 56.698000 -0.700000
v 4.390300 56.698000 -0.100000
v 4.390300 56.698000 -0.700000
v 4.644547 56.698000 0.092503
v 4.725918 56.698000 0.381257
v 4.599096 56.698000 0.099806
v 4.612289 56.698000 0.399516
v 4.090300 56.698000 -0.100000
v 4.395598 56.698000 -0.054271
v 4.553178 56.698000 0.096525
v 4.497495 56.698000 0.391312
v 4.103545 56.698000 0.014322
v 4.411211 56.698000 -0.010965
v 4.387619 56.698000 0.357078
v 4.509227 56.698000 0.082831
v 4.142578 56.698000 0.122587
v 4.436312 56.698000 0.027624
v 4.288480 56.698000 0.298628
v 4.469572 56.698000 0.059451
v 4.205331 56.698000 0.219059
v 6.140300 57.098000 -2.160000
v 6.006787 57.098000 -2.444957
v 6.073544 57.098000 -2.152478
v 5.879970 57.098000 -2.400581
v 6.010135 57.098000 -2.130291
v 5.953253 57.098000 -2.094549
v 5.766206 57.098000 -2.329099
v 5.905751 57.098000 -2.047047
v 5.671201 57.098000 -2.234094
v 5.870009 57.098000 -1.990165
v 5.599719 57.098000 -2.120330
v 5.847822 57.098000 -1.926756
v 5.555343 57.098000 -1.993513
v 6.184804 54.303014 -2.160000
v 10.455383 50.662855 -2.160000
v 10.423678 50.651761 -2.160000
v 10.525445 50.732917 -2.160000
v 10.483823 50.680725 -2.160000
v 10.507575 50.704477 -2.160000
v 10.536539 50.764622 -2.160000
v 10.540300 50.798000 -2.160000
v 7.408775 54.007222 -2.160000
v 6.227077 54.317806 -2.160000
v 7.458993 53.958986 -2.160000
v 7.371030 54.065737 -2.160000
v 6.264998 54.341634 -2.160000
v 7.518980 53.923625 -2.160000
v 7.347791 54.131378 -2.160000
v 6.296666 54.373302 -2.160000
v 7.585502 53.903047 -2.160000
v 7.342025 54.165878 -2.160000
v 6.320494 54.411223 -2.160000
v 7.340313 54.200816 -2.160000
v 7.654977 53.898359 -2.160000
v 7.342680 54.235715 -2.160000
v 6.335286 54.453496 -2.160000
v 6.340300 54.498000 -2.160000
v 7.723660 53.909814 -2.160000
v 10.540300 51.218000 -2.160000
v 10.544061 51.251378 -2.160000
v 10.555155 51.283082 -2.160000
v 7.787853 53.936795 -2.160000
v 10.573025 51.311523 -2.160000
v 7.844097 53.977848 -2.160000
v 6.340300 56.898000 -2.160000
v 11.437710 51.983693 -2.160000
v 11.403158 52.016352 -2.160000
v 10.690300 51.368000 -2.160000
v 11.377057 52.056092 -2.160000
v 11.478857 51.959872 -2.160000
v 11.360813 52.100776 -2.160000
v 11.524385 51.946171 -2.160000
v 12.075300 51.368000 -2.160000
v 11.355300 52.148000 -2.160000
v 10.656922 51.364239 -2.160000
v 10.625217 51.353145 -2.160000
v 11.571845 51.943325 -2.160000
v 11.618683 51.951489 -2.160000
v 11.662382 51.970224 -2.160000
v 11.700589 51.998521 -2.160000
v 12.075300 52.071679 -2.160000
v 11.873180 52.160500 -2.160000
v 11.959833 52.192885 -2.160000
v 11.915342 52.187138 -2.160000
v 11.893894 52.176620 -2.160000
v 11.937373 52.192433 -2.160000
v 11.982433 52.188901 -2.160000
v 12.004343 52.181006 -2.160000
v 12.024596 52.169750 -2.160000
v 12.073131 52.097646 -2.160000
v 12.042224 52.155686 -2.160000
v 12.066759 52.120002 -2.160000
v 12.056389 52.139198 -2.160000
v 10.312536 54.002748 -2.160000
v 7.889361 54.030762 -2.160000
v 10.363684 53.955499 -2.160000
v 10.596776 51.335275 -2.160000
v 10.273658 54.060516 -2.160000
v 7.921207 54.092685 -2.160000
v 10.424348 53.921314 -2.160000
v 10.259467 54.092488 -2.160000
v 10.249094 54.125894 -2.160000
v 7.937920 54.160282 -2.160000
v 10.491259 53.902036 -2.160000
v 10.242681 54.160280 -2.160000
v 11.355300 53.398000 -2.160000
v 10.560812 53.898702 -2.160000
v 10.629259 53.911493 -2.160000
v 10.692914 53.939719 -2.160000
v 11.360813 53.445224 -2.160000
v 11.377057 53.489908 -2.160000
v 10.748347 53.981860 -2.160000
v 11.403158 53.529648 -2.160000
v 10.792572 54.035646 -2.160000
v 11.437710 53.562307 -2.160000
v 10.823206 54.098178 -2.160000
v 11.478857 53.586128 -2.160000
v 10.838598 54.166088 -2.160000
v 11.524385 53.599829 -2.160000
v 10.837920 54.235717 -2.160000
v 11.571845 53.602675 -2.160000
v 11.618683 53.594511 -2.160000
v 12.075300 53.473000 -2.160000
v 11.662381 53.575776 -2.160000
v 11.700589 53.547479 -2.160000
v 11.873180 53.385500 -2.160000
v 12.062564 53.419200 -2.160000
v 12.072073 53.445357 -2.160000
v 12.047286 53.395938 -2.160000
v 12.027060 53.376820 -2.160000
v 12.002974 53.362876 -2.160000
v 11.976323 53.354856 -2.160000
v 11.948542 53.353190 -2.160000
v 11.921124 53.357969 -2.160000
v 11.895545 53.368936 -2.160000
v 6.184804 57.092986 -2.160000
v 9.779137 57.818000 -2.160000
v 8.401463 57.818000 -2.160000
v 8.144267 60.560862 -2.160000
v 8.173569 60.677337 -2.160000
v 8.229800 60.783465 -2.160000
v 8.309718 60.873121 -2.160000
v 8.408710 60.941132 -2.160000
v 8.521065 60.983575 -2.160000
v 8.640300 60.998000 -2.160000
v 11.571845 58.443325 -2.160000
v 11.524385 58.446171 -2.160000
v 11.618683 58.451489 -2.160000
v 12.075300 58.571679 -2.160000
v 11.662382 58.470224 -2.160000
v 11.700589 58.498521 -2.160000
v 11.873180 58.660500 -2.160000
v 11.959833 58.692885 -2.160000
v 11.915342 58.687138 -2.160000
v 11.893894 58.676620 -2.160000
v 11.937373 58.692433 -2.160000
v 11.982433 58.688901 -2.160000
v 12.004343 58.681006 -2.160000
v 12.024596 58.669750 -2.160000
v 12.073131 58.597646 -2.160000
v 12.042224 58.655686 -2.160000
v 12.066759 58.620002 -2.160000
v 12.056389 58.639198 -2.160000
v 11.355300 59.898000 -2.160000
v 10.036333 60.560862 -2.160000
v 11.355300 58.648000 -2.160000
v 11.360813 59.945224 -2.160000
v 11.377057 59.989908 -2.160000
v 11.403158 60.029648 -2.160000
v 11.437710 60.062307 -2.160000
v 10.007031 60.677337 -2.160000
v 11.478857 60.086128 -2.160000
v 11.662381 60.075776 -2.160000
v 11.700589 60.047479 -2.160000
v 11.873180 59.885500 -2.160000
v 12.062564 59.919200 -2.160000
v 12.072073 59.945357 -2.160000
v 12.047286 59.895938 -2.160000
v 12.027060 59.876820 -2.160000
v 12.002974 59.862876 -2.160000
v 11.976323 59.854856 -2.160000
v 11.948542 59.853190 -2.160000
v 11.921124 59.857969 -2.160000
v 11.895545 59.868936 -2.160000
v 11.618683 60.094511 -2.160000
v 11.571845 60.102675 -2.160000
v 11.524385 60.099829 -2.160000
v 9.950800 60.783465 -2.160000
v 9.870882 60.873121 -2.160000
v 9.771890 60.941132 -2.160000
v 9.659535 60.983575 -2.160000
v 9.540300 60.998000 -2.160000
v 6.335286 56.942504 -2.160000
v 6.320494 56.984777 -2.160000
v 6.296666 57.022698 -2.160000
v 6.264998 57.054366 -2.160000
v 6.227077 57.078194 -2.160000
v 11.360813 58.600776 -2.160000
v 11.377057 58.556092 -2.160000
v 11.403158 58.516352 -2.160000
v 11.437710 58.483693 -2.160000
v 11.478857 58.459872 -2.160000
v 8.410206 57.886990 -2.152095
v 8.418962 57.956079 -2.444203
v 8.418348 57.951238 -2.128616
v 8.435213 58.084317 -2.397508
v 8.425683 58.009112 -2.091225
v 8.449839 58.199725 -2.323061
v 8.430512 58.047219 -2.053747
v 8.459514 58.276069 -2.247998
v 8.434466 58.078422 -2.008930
v 8.467470 58.338845 -2.157860
v 8.454151 58.233750 -1.737320
v 8.487154 58.494173 -1.886249
v 8.460607 58.284696 -1.660825
v 8.491335 58.527164 -1.837489
v 8.468076 58.343626 -1.594759
v 8.496203 58.565572 -1.797082
v 8.479863 58.436637 -1.519895
v 8.501966 58.611052 -1.763667
v 8.493277 58.542485 -1.462565
v 8.508514 58.662718 -1.738039
v 8.506186 58.644351 -1.428443
v 8.515651 58.719032 -1.720383
v 8.517243 58.731592 -1.413568
v 8.523041 58.777346 -1.711336
v 8.530841 58.838898 -1.411543
v 8.531021 58.840314 -1.712054
v 8.544214 58.944418 -1.426577
v 8.540321 58.913696 -1.728802
v 8.554853 59.028364 -1.451815
v 8.550290 58.992359 -1.768925
v 8.571402 59.158952 -1.519432
v 8.675767 59.982470 -2.430044
v 8.696881 60.149081 -2.180564
v 8.874166 60.297074 -2.279382
v 8.896297 60.298000 -2.280000
v 8.885718 60.214704 -2.404747
v 8.845318 60.210580 -2.405196
v 8.853139 60.294324 -2.277546
v 8.822829 60.286656 -2.272426
v 8.811438 60.199106 -2.406446
v 8.794283 60.274779 -2.264495
v 8.779057 60.178637 -2.408676
v 8.767672 60.258875 -2.253875
v 8.742730 60.141435 -2.412728
v 8.744210 60.239725 -2.241089
v 8.712633 60.097212 -2.417545
v 8.725026 60.218301 -2.226783
v 8.706485 60.185928 -2.205167
v 8.689648 60.044972 -2.423236
v 9.368471 60.197258 -2.406647
v 9.294882 60.214704 -2.404747
v 9.333300 60.210178 -2.405240
v 9.398031 60.178931 -2.408644
v 9.422908 60.157377 -2.410991
v 9.452204 60.122490 -2.414792
v 9.478720 60.076270 -2.419827
v 9.494888 60.032050 -2.424643
v 9.504833 59.982470 -2.430044
v 9.630310 58.992359 -1.768925
v 9.693446 58.494173 -1.886249
v 9.686783 58.546746 -1.815184
v 9.679405 58.604968 -1.767452
v 9.672317 58.660898 -1.738730
v 9.665213 58.716953 -1.720821
v 9.657847 58.775071 -1.711497
v 9.650546 58.832683 -1.711357
v 9.643490 58.888361 -1.720932
v 9.636831 58.940906 -1.739948
v 9.713130 58.338845 -2.157860
v 9.723498 58.257035 -2.269242
v 9.736625 58.153452 -2.357093
v 9.752022 58.031956 -2.420469
v 9.765136 57.928481 -2.449953
v 9.772200 57.872742 -2.155095
v 9.765660 57.924347 -2.140499
v 9.757916 57.985450 -2.108738
v 9.751318 58.037515 -2.064671
v 9.746134 58.078422 -2.008930
v 9.726449 58.233750 -1.737320
v 9.722518 58.264768 -1.687568
v 9.718222 58.298669 -1.642020
v 9.709457 58.367833 -1.570319
v 9.699163 58.449060 -1.511107
v 9.687196 58.543486 -1.463952
v 9.673963 58.647906 -1.430305
v 9.660102 58.757281 -1.412418
v 9.644900 58.877233 -1.413565
v 9.626863 59.019560 -1.447312
v 9.609198 59.158952 -1.519432
v 9.483719 60.149081 -2.180564
v 9.284303 60.298000 -2.280000
v 9.334160 60.293026 -2.276679
v 9.364344 60.284349 -2.270885
v 9.392426 60.271576 -2.262356
v 9.422543 60.251723 -2.249100
v 9.444276 60.231756 -2.235767
v 9.461735 60.209503 -2.220909
v 9.474475 60.185042 -2.204575
v 9.480186 60.167632 -2.192951
v 4.090300 56.464756 -0.992478
v 4.090300 56.398000 -1.000000
v 4.090300 56.528165 -0.970291
v 4.090300 56.585047 -0.934549
v 4.090300 56.632549 -0.887047
v 4.090300 56.668291 -0.830165
v 4.090300 56.690478 -0.766756
v 4.090300 54.931244 -0.992478
v 4.090300 54.867835 -0.970291
v 4.090300 54.998000 -1.000000
v 4.090300 54.810953 -0.934549
v 4.090300 54.763451 -0.887047
v 4.090300 54.727709 -0.830165
v 4.090300 54.705522 -0.766756
v 4.390300 56.690478 -0.766756
v 4.390300 56.668291 -0.830165
v 4.390300 56.632549 -0.887047
v 4.390300 56.585047 -0.934549
v 4.390300 56.528165 -0.970291
v 4.390300 56.464756 -0.992478
v 4.390300 56.398000 -1.000000
v 4.390300 54.998000 -1.000000
v 4.390300 54.867835 -0.970291
v 4.390300 54.931244 -0.992478
v 4.390300 54.810953 -0.934549
v 4.390300 54.763451 -0.887047
v 4.390300 54.727709 -0.830165
v 4.390300 54.705522 -0.766756
v 5.848918 58.737479 -0.144981
v 5.575717 58.861420 -0.161912
v 6.095653 59.281472 -0.219293
v 5.822439 59.405385 -0.236220
v 6.118346 59.341083 -0.227436
v 5.831515 59.429219 -0.239476
v 6.132909 59.401812 -0.235732
v 5.837342 59.453501 -0.242793
v 6.139435 59.514045 -0.251064
v 5.839954 59.498398 -0.248926
v 5.832716 59.542724 -0.254982
v 6.121341 59.624817 -0.266196
v 5.815438 59.584575 -0.260698
v 6.078166 59.729398 -0.280482
v 5.614886 59.948275 -0.310382
v 5.877594 60.093135 -0.330170
v 5.573839 60.040207 -0.322940
v 5.857064 60.139118 -0.336452
v 5.548752 60.137648 -0.336251
v 5.844523 60.187840 -0.343107
v 5.743878 58.505888 0.079726
v 5.740301 58.497999 0.153236
v 5.467089 58.621918 0.136290
v 5.470704 58.629889 0.062548
v 5.750170 58.519760 0.034983
v 5.477013 58.643797 0.017791
v 5.759500 58.540331 -0.006889
v 5.486299 58.664273 -0.023934
v 5.774063 58.572439 -0.052067
v 5.500745 58.696121 -0.068810
v 5.788698 58.604707 -0.084786
v 5.515290 58.728190 -0.101338
v 5.804956 58.640551 -0.111091
v 5.531524 58.763983 -0.127657
v 5.822773 58.679835 -0.130399
v 5.549398 58.803392 -0.147136
v 5.835435 58.707751 -0.139234
v 5.562135 58.831472 -0.156092
v 5.804735 58.640065 0.910730
v 5.835346 58.707554 0.939165
v 5.822609 58.679474 0.930209
v 5.788501 58.604272 0.884410
v 5.848929 58.737502 0.944984
v 5.773956 58.572203 0.851882
v 5.743915 58.505971 0.720525
v 5.759511 58.540355 0.807006
v 5.750224 58.519879 0.765281
v 5.740300 58.498000 0.646782
v 6.095654 59.281475 1.019294
v 5.467090 58.621918 0.663691
v 5.470667 58.629806 0.737202
v 5.486289 58.664249 0.823817
v 5.476959 58.643678 0.781945
v 5.500852 58.696357 0.868995
v 5.531744 58.764469 0.928018
v 5.549562 58.803753 0.947326
v 5.515487 58.728625 0.901714
v 5.562223 58.831669 0.956162
v 5.575707 58.861397 0.961909
v 5.822441 59.405389 1.036221
v 5.815440 59.584572 1.060698
v 5.832714 59.542736 1.054983
v 5.839954 59.498425 1.048930
v 5.837345 59.453529 1.042797
v 5.831519 59.429236 1.039478
v 5.614889 59.948270 1.110381
v 5.573839 60.040207 1.122940
v 5.548752 60.137648 1.136251
v 6.130554 59.389152 1.034003
v 6.139945 59.501014 1.049284
v 6.124678 59.612380 1.064497
v 6.105426 59.671766 1.072609
v 6.078168 59.729395 1.080482
v 5.877593 60.093138 1.130171
v 5.857064 60.139118 1.136452
v 5.844523 60.187840 1.143107
v 12.406559 58.275723 2.954748
v 12.403723 58.232359 3.251598
v 12.401932 58.204978 2.939108
v 12.396320 58.119163 3.226573
v 12.397502 58.137241 2.913410
v 12.389232 58.010782 3.185454
v 12.334447 57.173089 2.465238
v 12.326176 57.046615 2.737276
v 12.321456 56.974447 2.711563
v 12.326188 57.046798 2.420239
v 12.317748 56.917758 2.401130
v 12.316633 56.900708 2.700645
v 12.309113 56.785712 2.406696
v 12.311698 56.825250 2.703828
v 12.306881 56.751595 2.720498
v 12.300683 56.656819 2.435862
v 12.302415 56.683302 2.750317
v 12.292867 56.537306 2.488039
v 12.285668 56.427236 2.564452
v 12.298301 56.620404 2.793986
v 12.268445 56.163887 3.178314
v 12.255809 55.970678 2.948815
v 12.168479 56.091209 3.239500
v 12.155842 55.898000 3.010000
v 12.179258 55.900005 3.008312
v 12.191787 56.093184 3.237837
v 12.200210 55.905872 3.003373
v 12.212720 56.099027 3.232918
v 12.214344 55.912563 2.997740
v 12.226919 56.105757 3.227252
v 12.227210 55.921095 2.990557
v 12.239887 56.114367 3.220004
v 12.238129 55.931037 2.982187
v 12.250883 56.124379 3.211576
v 12.246539 55.941917 2.973027
v 12.259292 56.135276 3.202401
v 12.252297 55.953665 2.963137
v 12.264991 56.146987 3.192543
v 12.254631 55.961917 2.956190
v 12.267286 56.155189 3.185637
v 12.012122 56.091209 3.239500
v 11.953620 56.105772 3.227240
v 11.988706 56.093214 3.237812
v 11.967754 56.099081 3.232873
v 11.940755 56.114304 3.220057
v 11.915667 56.146875 3.192637
v 11.921425 56.135126 3.202527
v 11.929836 56.124246 3.211687
v 11.913333 56.155126 3.185690
v 11.912155 56.163887 3.178314
v 11.882299 56.620404 2.793986
v 12.024758 55.898000 3.010000
v 11.924791 55.970678 2.948815
v 11.937317 55.937187 2.977010
v 11.928588 55.952896 2.963785
v 11.946774 55.926727 2.985815
v 11.958567 55.917332 2.993725
v 11.972101 55.909496 3.000322
v 12.002361 55.899826 3.008463
v 11.986731 55.903626 3.005264
v 12.013255 55.898461 3.009612
v 11.894932 56.427227 2.564460
v 11.854412 57.046807 2.420241
v 11.846152 57.173100 2.465244
v 11.862851 56.917765 2.401130
v 11.871487 56.785712 2.406697
v 11.879917 56.656813 2.435864
v 11.887734 56.537299 2.488044
v 11.783098 58.137239 2.913409
v 11.778668 58.204977 2.939108
v 11.774041 58.275725 2.954749
v 11.776877 58.232357 3.251598
v 11.784280 58.119165 3.226573
v 11.791368 58.010786 3.185456
v 11.854424 57.046615 2.737275
v 11.859144 56.974447 2.711563
v 11.863967 56.900708 2.700645
v 11.868902 56.825250 2.703828
v 11.873719 56.751595 2.720498
v 11.878185 56.683302 2.750317
v 15.770394 57.886990 2.952095
v 15.684397 58.565572 2.597082
v 15.715601 58.319352 2.420189
v 15.701710 58.428940 2.325008
v 15.689265 58.527164 2.637489
v 15.726448 58.233782 2.537264
v 15.678634 58.611052 2.563667
v 15.691173 58.512203 2.276118
v 15.693446 58.494173 2.686249
v 15.761638 57.956079 3.244203
v 15.762252 57.951238 2.928616
v 15.672086 58.662718 2.538039
v 15.679702 58.602827 2.239998
v 15.664949 58.719032 2.520383
v 15.745387 58.084317 3.197508
v 15.754917 58.009112 2.891225
v 15.657559 58.777346 2.511336
v 15.630235 58.993191 2.240001
v 15.713130 58.338845 2.957860
v 15.746134 58.078422 2.808930
v 15.730761 58.199725 3.123061
v 15.750088 58.047219 2.853747
v 15.721086 58.276069 3.047998
v 15.649579 58.840314 2.512054
v 15.640279 58.913696 2.528802
v 15.619345 59.078854 2.273809
v 15.630310 58.992359 2.568925
v 15.609200 59.158950 2.319431
v 15.504833 59.982476 3.230044
v 15.483718 60.149089 2.980569
v 17.000300 60.838000 2.240000
v 14.550366 58.993193 2.240001
v 17.000338 51.318000 2.240000
v 14.500901 58.602825 2.239998
v 9.679702 58.602827 2.239998
v 9.630235 58.993191 2.240000
v 7.180300 60.838000 2.240000
v 8.550365 58.993192 2.240000
v 8.500901 58.602825 2.239998
v 7.180300 51.318000 2.240000
v 6.010300 51.318000 -1.677868
v 6.540300 51.318000 -0.099996
v 6.322432 51.318000 -1.990000
v 6.010300 51.318000 2.477868
v 6.540300 51.318000 1.600000
v 6.556346 51.318000 1.742414
v 6.603680 51.318000 1.877686
v 6.679928 51.318000 1.999034
v 10.740300 51.318000 -1.990000
v 6.781267 51.318000 2.100372
v 6.322432 51.318000 2.790000
v 6.902614 51.318000 2.176620
v 7.037887 51.318000 2.223954
v 13.440300 51.318000 -1.990000
v 10.740300 51.318000 -2.440000
v 13.440300 51.318000 -2.440000
v 17.640300 51.318000 -0.099993
v 17.858168 51.318000 -1.990000
v 18.170300 51.318000 -1.677868
v 17.399377 51.318000 2.100337
v 18.170300 51.318000 2.477868
v 17.500711 51.318000 1.998985
v 17.576949 51.318000 1.877625
v 17.624270 51.318000 1.742342
v 17.640300 51.318000 1.599920
v 17.858168 51.318000 2.790000
v 17.142756 51.318000 2.223944
v 17.278031 51.318000 2.176598
v 18.320300 51.168000 2.540000
v 18.320300 51.168000 -1.740000
v 17.920300 51.168000 -2.140000
v 13.590300 51.168000 -2.140000
v 13.590300 51.168000 -2.440000
v 13.590300 50.648000 -2.440000
v 10.590300 50.648000 -2.440000
v 10.590300 51.168000 -2.440000
v 5.860300 50.648000 -1.740000
v 6.260300 50.648000 -2.140000
v 10.590300 50.648000 -2.140000
v 13.590300 50.648000 -2.140000
v 17.920300 50.648000 -2.140000
v 18.320300 50.648000 -1.740000
v 18.320300 50.498000 2.540000
v 10.590300 51.168000 -2.140000
v 6.260300 51.168000 -2.140000
v 5.860300 51.168000 -1.740000
v 5.860300 51.168000 2.540000
v 5.860300 50.498000 2.540000
v 5.860300 49.348000 2.540000
v 6.540300 51.330537 0.011263
v 17.640300 51.330537 0.011266
v 6.540300 51.367516 0.116942
v 17.640300 51.367517 0.116946
v 6.540300 51.427084 0.211744
v 17.640300 51.427086 0.211747
v 6.540300 51.506253 0.290914
v 17.640300 51.506256 0.290916
v 6.540300 51.601054 0.350483
v 17.640300 51.601058 0.350484
v 6.540300 51.706734 0.387463
v 17.640300 51.706737 0.387463
v 6.540300 51.817993 0.400000
v 17.640300 51.817996 0.400000
v 8.090300 55.528618 0.400000
v 8.090300 54.963063 0.400000
v 9.090300 54.963063 0.400000
v 10.590300 54.963063 0.400000
v 8.090300 57.802962 0.400000
v 9.090300 55.528618 0.400000
v 10.590300 55.528618 0.400000
v 7.265300 59.068000 0.400000
v 8.090300 58.145195 0.400000
v 11.590300 54.963063 0.400000
v 9.090300 57.802962 0.400000
v 6.540300 60.838000 0.400000
v 12.590300 54.963063 0.400000
v 8.915300 59.068000 0.400000
v 9.090300 58.145195 0.400000
v 7.265300 60.838000 0.400000
v 11.590300 55.528618 0.400000
v 12.590300 55.528618 0.400000
v 9.265300 59.068000 0.400000
v 10.590300 57.802962 0.400000
v 10.590300 58.145195 0.400000
v 11.590300 57.802962 0.400000
v 13.590300 54.963063 0.400000
v 8.915300 60.838000 0.400000
v 10.915300 59.068000 0.400000
v 11.590300 58.145195 0.400000
v 15.090300 54.963063 0.400000
v 13.590300 55.528618 0.400000
v 9.265300 60.838000 0.400000
v 11.265300 59.068000 0.400000
v 12.590300 57.802962 0.400000
v 15.090300 55.528618 0.400000
v 12.590300 58.145195 0.400000
v 16.090300 54.963063 0.400000
v 13.590300 57.802962 0.400000
v 16.090300 55.528618 0.400000
v 10.915300 60.838000 0.400000
v 12.915300 59.068000 0.400000
v 11.265300 60.838000 0.400000
v 13.265300 59.068000 0.400000
v 13.590300 58.145195 0.400000
v 15.090300 57.802962 0.400000
v 15.090300 58.145195 0.400000
v 16.090300 57.802962 0.400000
v 14.915300 59.068000 0.400000
v 12.915300 60.838000 0.400000
v 13.265300 60.838000 0.400000
v 15.265300 59.068000 0.400000
v 16.090300 58.145195 0.400000
v 16.915300 59.068000 0.400000
v 14.915300 60.838000 0.400000
v 15.265300 60.838000 0.400000
v 16.915300 60.838000 0.400000
v 17.640300 60.838000 0.400000
v 17.640300 60.838000 1.600000
v 17.150002 60.840680 2.222278
v 17.291955 60.846557 2.169771
v 17.387421 60.850070 2.109202
v 17.472146 60.851562 2.031548
v 17.541762 60.850403 1.940954
v 17.592845 60.846330 1.842195
v 17.625136 60.841263 1.738736
v 17.636514 60.838812 1.669568
v 17.338941 61.064667 1.992656
v 17.255388 61.291333 1.895776
v 17.253199 61.518000 1.665606
v 17.235138 61.518000 1.717445
v 17.212328 61.518000 1.755368
v 17.185847 61.518000 1.786022
v 17.154932 61.518000 1.812121
v 17.120493 61.518000 1.832967
v 17.082982 61.518000 1.848046
v 17.043354 61.518000 1.856951
v 17.189486 61.064667 2.080692
v 17.000300 61.518000 1.860000
v 17.454629 61.065095 1.849380
v 17.260300 61.518000 1.600000
v 6.939189 61.518000 1.703266
v 6.959183 61.518000 1.742061
v 6.926410 61.518000 1.661136
v 6.986262 61.518000 1.777264
v 7.019282 61.518000 1.807421
v 6.921852 61.518000 1.631486
v 7.056753 61.518000 1.831241
v 7.114238 61.518000 1.852529
v 7.180300 61.518000 1.860000
v 6.920300 61.518000 1.600000
v 6.920300 61.518000 0.780000
v 17.260300 61.518000 0.780000
v 7.465300 61.195895 0.600000
v 7.465300 61.339053 0.680000
v 8.715300 61.339053 0.680000
v 9.465300 61.195895 0.600000
v 8.715300 61.195895 0.600000
v 9.465300 61.339053 0.680000
v 10.715300 61.195895 0.600000
v 11.465300 61.195895 0.600000
v 10.715300 61.339053 0.680000
v 11.465300 61.339053 0.680000
v 12.715300 61.195895 0.600000
v 12.715300 61.339053 0.680000
v 13.465300 61.195895 0.600000
v 13.465300 61.339053 0.680000
v 14.715300 61.195895 0.600000
v 15.465300 61.195895 0.600000
v 14.715300 61.339053 0.680000
v 15.465300 61.339053 0.680000
v 16.715300 61.339053 0.680000
v 16.715300 61.195895 0.600000
v 6.540300 60.838000 1.600000
v 6.925212 61.291333 1.895776
v 6.841659 61.064667 1.992656
v 7.028740 60.840668 2.221533
v 6.887163 60.846556 2.168814
v 6.793454 60.850113 2.110059
v 6.710970 60.851664 2.035447
v 6.726503 61.065130 1.850337
v 6.642741 60.850534 1.947455
v 6.591082 60.846430 1.849316
v 6.556987 60.841299 1.744147
v 6.544541 60.838817 1.672704
v 7.465300 59.268000 0.600000
v 8.715300 59.268000 0.600000
v 8.715300 59.268000 0.680000
v 7.465300 59.268000 0.680000
v 9.465300 59.268000 0.600000
v 10.715300 59.268000 0.600000
v 10.715300 59.268000 0.680000
v 9.465300 59.268000 0.680000
v 11.465300 59.268000 0.600000
v 12.715300 59.268000 0.600000
v 12.715300 59.268000 0.680000
v 11.465300 59.268000 0.680000
v 13.465300 59.268000 0.600000
v 14.715300 59.268000 0.600000
v 14.715300 59.268000 0.680000
v 13.465300 59.268000 0.680000
v 15.465300 59.268000 0.600000
v 16.715300 59.268000 0.600000
v 16.715300 59.268000 0.680000
v 15.465300 59.268000 0.680000
v 13.590300 57.289419 -0.216307
v 13.590300 57.172539 -0.054014
v 13.590300 57.170851 -0.281225
v 13.590300 57.097087 -0.095325
v 13.590300 57.040030 -0.315263
v 13.590300 57.013837 -0.116985
v 13.590300 56.904859 -0.316364
v 13.590300 56.927819 -0.117686
v 13.590300 56.844228 -0.097384
v 13.590300 56.773501 -0.284461
v 12.590300 57.289419 -0.216307
v 12.590300 57.172539 -0.054014
v 12.590300 57.170851 -0.281225
v 12.590300 57.097087 -0.095325
v 12.590300 57.040030 -0.315263
v 12.590300 57.013837 -0.116985
v 12.590300 56.904859 -0.316364
v 12.590300 56.927819 -0.117686
v 12.590300 56.844228 -0.097384
v 12.590300 56.773501 -0.284461
v 16.090300 57.289419 -0.216307
v 16.090300 57.172539 -0.054014
v 16.090300 57.170851 -0.281225
v 16.090300 57.097087 -0.095325
v 16.090300 57.040030 -0.315263
v 16.090300 57.013837 -0.116985
v 16.090300 56.904859 -0.316364
v 16.090300 56.927819 -0.117686
v 16.090300 56.844228 -0.097384
v 16.090300 56.773501 -0.284461
v 15.090300 57.289419 -0.216307
v 15.090300 57.172539 -0.054014
v 15.090300 57.170851 -0.281225
v 15.090300 57.097087 -0.095325
v 15.090300 57.040030 -0.315263
v 15.090300 57.013837 -0.116985
v 15.090300 56.904859 -0.316364
v 15.090300 56.927819 -0.117686
v 15.090300 56.844228 -0.097384
v 15.090300 56.773501 -0.284461
v 10.590300 57.289419 -0.216307
v 10.590300 57.172539 -0.054014
v 10.590300 57.170851 -0.281225
v 10.590300 57.097087 -0.095325
v 10.590300 57.040030 -0.315263
v 10.590300 57.013837 -0.116985
v 10.590300 56.904859 -0.316364
v 10.590300 56.927819 -0.117686
v 10.590300 56.844228 -0.097384
v 10.590300 56.773501 -0.284461
v 11.590300 57.172539 -0.054014
v 11.590300 57.289419 -0.216307
v 11.590300 57.170851 -0.281225
v 11.590300 57.097087 -0.095325
v 11.590300 57.040030 -0.315263
v 11.590300 57.013837 -0.116985
v 11.590300 56.927819 -0.117686
v 11.590300 56.904859 -0.316364
v 11.590300 56.844228 -0.097384
v 11.590300 56.773501 -0.284461
v 8.090300 57.289419 -0.216307
v 8.090300 57.172539 -0.054014
v 8.090300 57.170851 -0.281225
v 8.090300 57.097087 -0.095325
v 8.090300 57.040030 -0.315263
v 8.090300 57.013837 -0.116985
v 8.090300 56.904859 -0.316364
v 8.090300 56.927819 -0.117686
v 8.090300 56.844228 -0.097384
v 8.090300 56.773501 -0.284461
v 9.090300 57.172539 -0.054014
v 9.090300 57.289419 -0.216307
v 9.090300 57.170851 -0.281225
v 9.090300 57.097087 -0.095325
v 9.090300 57.040030 -0.315263
v 9.090300 57.013837 -0.116985
v 9.090300 56.927819 -0.117686
v 9.090300 56.904859 -0.316364
v 9.090300 56.844228 -0.097384
v 9.090300 56.773501 -0.284461
v 9.770394 57.886990 2.952095
v 9.684397 58.565572 2.597082
v 9.715601 58.319352 2.420189
v 9.701710 58.428940 2.325008
v 9.689265 58.527164 2.637489
v 9.726448 58.233782 2.537264
v 9.678634 58.611052 2.563667
v 9.691173 58.512203 2.276118
v 9.693446 58.494173 2.686249
v 9.761638 57.956079 3.244203
v 9.762252 57.951238 2.928616
v 9.672086 58.662718 2.538039
v 9.664949 58.719032 2.520383
v 9.745387 58.084317 3.197508
v 9.754917 58.009112 2.891225
v 9.657559 58.777346 2.511336
v 9.713130 58.338845 2.957860
v 9.746134 58.078422 2.808930
v 9.730761 58.199725 3.123061
v 9.750088 58.047219 2.853747
v 9.721086 58.276069 3.047998
v 9.649579 58.840314 2.512054
v 9.640279 58.913696 2.528802
v 9.619345 59.078851 2.273809
v 9.630310 58.992359 2.568925
v 9.609200 59.158952 2.319432
v 9.504833 59.982470 3.230044
v 9.483719 60.149081 2.980564
v 8.454154 58.233786 2.537257
v 8.461039 58.288117 2.456740
v 8.469319 58.353426 2.385897
v 8.484055 58.469733 2.298948
v 8.408400 57.872742 2.955095
v 8.493817 58.546746 2.615184
v 8.501195 58.604968 2.567452
v 8.415464 57.928481 3.249953
v 8.414940 57.924347 2.940499
v 8.487154 58.494173 2.686249
v 8.508283 58.660898 2.538730
v 8.515387 58.716953 2.520821
v 8.428578 58.031956 3.220469
v 8.422684 57.985450 2.908738
v 8.522753 58.775071 2.511497
v 8.434466 58.078422 2.808930
v 8.467470 58.338845 2.957860
v 8.443975 58.153452 3.157093
v 8.429282 58.037515 2.864671
v 8.457102 58.257035 3.069242
v 8.530054 58.832683 2.511357
v 8.537110 58.888361 2.520932
v 8.543769 58.940906 2.539948
v 8.561255 59.078853 2.273812
v 8.550290 58.992359 2.568925
v 8.571399 59.158944 2.319427
v 8.675767 59.982470 3.230044
v 8.696881 60.149081 2.980564
v 9.455574 60.218301 3.026783
v 9.474115 60.185928 3.005167
v 9.436390 60.239725 3.041089
v 9.412928 60.258875 3.053875
v 9.386317 60.274779 3.064495
v 9.327461 60.294324 3.077546
v 9.357771 60.286656 3.072426
v 9.306434 60.297074 3.079382
v 9.284303 60.298000 3.080000
v 8.896297 60.298000 3.080000
v 8.706125 60.185042 3.004575
v 8.718865 60.209503 3.020909
v 8.700414 60.167632 2.992951
v 8.788174 60.271576 3.062356
v 8.846440 60.293026 3.076679
v 8.816256 60.284349 3.070885
v 8.736324 60.231756 3.035767
v 8.758057 60.251723 3.049100
v 8.847300 60.210178 3.205240
v 8.885718 60.214704 3.204747
v 8.812129 60.197258 3.206647
v 8.782569 60.178931 3.208644
v 8.757692 60.157377 3.210991
v 8.728396 60.122490 3.214792
v 8.701880 60.076270 3.219827
v 8.685712 60.032050 3.224643
v 9.294882 60.214704 3.204747
v 9.490715 60.045860 3.223139
v 9.466273 60.100531 3.217184
v 9.432703 60.146983 3.212124
v 9.392105 60.183161 3.208183
v 9.362127 60.200270 3.206319
v 9.329804 60.210992 3.205151
v 14.408400 57.872742 2.955095
v 14.461039 58.288117 2.456740
v 14.493817 58.546746 2.615184
v 14.469319 58.353426 2.385897
v 14.501195 58.604968 2.567452
v 14.484055 58.469733 2.298948
v 14.415464 57.928481 3.249953
v 14.414940 57.924347 2.940499
v 14.454154 58.233786 2.537257
v 14.487154 58.494173 2.686249
v 14.508283 58.660898 2.538730
v 14.515387 58.716953 2.520821
v 14.428578 58.031956 3.220469
v 14.422684 57.985451 2.908738
v 14.522753 58.775071 2.511497
v 14.434466 58.078422 2.808930
v 14.467470 58.338845 2.957860
v 14.443975 58.153452 3.157093
v 14.429282 58.037515 2.864671
v 14.457102 58.257035 3.069242
v 14.530054 58.832683 2.511357
v 14.537110 58.888361 2.520932
v 14.543769 58.940906 2.539948
v 14.561265 59.078930 2.273847
v 14.550290 58.992359 2.568925
v 14.571400 59.158945 2.319428
v 14.675767 59.982470 3.230044
v 14.696881 60.149081 2.980564
v 15.474723 60.184588 3.004273
v 15.444742 60.231229 3.035415
v 15.462206 60.208900 3.020506
v 15.480275 60.167378 2.992781
v 15.422710 60.251466 3.048928
v 15.392142 60.271663 3.062414
v 15.333727 60.293156 3.076765
v 15.363857 60.284549 3.071018
v 15.284299 60.298001 3.079999
v 14.896297 60.298000 3.080000
v 14.706125 60.185042 3.004575
v 14.718865 60.209503 3.020909
v 14.700414 60.167632 2.992951
v 14.788174 60.271576 3.062356
v 14.846440 60.293026 3.076679
v 14.816256 60.284349 3.070885
v 14.736324 60.231756 3.035767
v 14.758057 60.251723 3.049100
v 15.294882 60.214704 3.204747
v 15.330653 60.210743 3.205178
v 15.363478 60.199525 3.206400
v 15.393617 60.182041 3.208305
v 15.421201 60.159252 3.210787
v 15.445769 60.131961 3.213760
v 15.466686 60.100922 3.217141
v 15.488016 60.054691 3.222177
v 15.498159 60.020021 3.225954
v 14.885718 60.214704 3.204747
v 14.685712 60.032050 3.224643
v 14.701880 60.076270 3.219827
v 14.812129 60.197258 3.206647
v 14.847300 60.210178 3.205240
v 14.728396 60.122490 3.214792
v 14.782569 60.178931 3.208644
v 14.757692 60.157377 3.210991
v 16.931943 50.677160 3.210000
v 16.940300 50.751333 3.210000
v 16.907290 50.606705 3.210000
v 16.867577 50.543503 3.210000
v 16.814797 50.490723 3.210000
v 16.751595 50.451010 3.210000
v 16.681140 50.426357 3.210000
v 16.606967 50.418000 3.210000
v 15.884744 50.418000 3.210000
v 15.884744 50.640222 3.210000
v 16.571693 50.640222 3.210000
v 16.606967 50.675496 3.210000
v 16.606082 50.667647 3.210000
v 16.603474 50.660191 3.210000
v 16.599271 50.653503 3.210000
v 16.593686 50.647918 3.210000
v 16.586998 50.643715 3.210000
v 16.579542 50.641107 3.210000
v 16.606967 50.827171 3.210000
v 16.571693 50.862444 3.210000
v 16.579542 50.861560 3.210000
v 16.586998 50.858951 3.210000
v 16.593686 50.854749 3.210000
v 16.599271 50.849164 3.210000
v 16.603474 50.842476 3.210000
v 16.606082 50.835020 3.210000
v 15.940300 50.862444 3.210000
v 15.940300 51.029111 3.210000
v 16.540300 51.029111 3.210000
v 16.606967 51.095778 3.210000
v 16.605295 51.080943 3.210000
v 16.600365 51.066852 3.210000
v 16.592422 51.054212 3.210000
v 16.581866 51.043656 3.210000
v 16.569226 51.035713 3.210000
v 16.555135 51.030783 3.210000
v 16.606967 51.418000 3.210000
v 16.940300 51.418000 3.210000
v 15.662522 50.751333 3.210000
v 15.654165 50.677160 3.210000
v 15.629512 50.606705 3.210000
v 15.589799 50.543503 3.210000
v 15.537019 50.490723 3.210000
v 15.473817 50.451010 3.210000
v 15.403363 50.426357 3.210000
v 15.329189 50.418000 3.210000
v 14.751411 50.418000 3.210000
v 14.677237 50.426357 3.210000
v 14.606783 50.451010 3.210000
v 14.543581 50.490723 3.210000
v 14.490801 50.543503 3.210000
v 14.451088 50.606705 3.210000
v 14.426435 50.677160 3.210000
v 14.418078 50.751333 3.210000
v 14.418078 51.084667 3.210000
v 14.426435 51.158840 3.210000
v 14.451088 51.229295 3.210000
v 14.490801 51.292497 3.210000
v 14.543581 51.345277 3.210000
v 14.606783 51.384990 3.210000
v 14.677237 51.409643 3.210000
v 14.751411 51.418000 3.210000
v 15.329189 51.418000 3.210000
v 15.403363 51.409643 3.210000
v 15.473817 51.384990 3.210000
v 15.537019 51.345277 3.210000
v 15.589799 51.292497 3.210000
v 15.629512 51.229295 3.210000
v 15.654165 51.158840 3.210000
v 15.662522 51.084667 3.210000
v 15.304088 51.181233 3.210000
v 15.314644 51.170677 3.210000
v 15.291448 51.189176 3.210000
v 15.322587 51.158037 3.210000
v 15.277357 51.194106 3.210000
v 15.327517 51.143946 3.210000
v 15.262522 51.195778 3.210000
v 15.329189 51.129111 3.210000
v 15.329189 50.706889 3.210000
v 15.327517 50.692054 3.210000
v 14.818078 51.195778 3.210000
v 15.322587 50.677963 3.210000
v 14.803243 51.194106 3.210000
v 15.314644 50.665323 3.210000
v 14.789152 51.189176 3.210000
v 14.776512 51.181233 3.210000
v 14.765956 51.170677 3.210000
v 15.304088 50.654767 3.210000
v 14.758013 51.158037 3.210000
v 15.291448 50.646824 3.210000
v 14.753083 51.143946 3.210000
v 15.277357 50.641894 3.210000
v 15.262522 50.640222 3.210000
v 14.751411 51.129111 3.210000
v 14.751411 50.706889 3.210000
v 14.818078 50.640222 3.210000
v 14.803243 50.641894 3.210000
v 14.789152 50.646824 3.210000
v 14.776512 50.654767 3.210000
v 14.753083 50.692054 3.210000
v 14.765956 50.665323 3.210000
v 14.758013 50.677963 3.210000
v 14.751411 50.706889 3.260000
v 14.751411 51.129111 3.260000
v 14.818078 50.640222 3.260000
v 14.789152 50.646824 3.260000
v 14.803243 50.641894 3.260000
v 14.776512 50.654767 3.260000
v 14.765956 50.665323 3.260000
v 14.758013 50.677963 3.260000
v 14.753083 50.692054 3.260000
v 14.776512 51.181233 3.260000
v 14.753083 51.143946 3.260000
v 14.758013 51.158037 3.260000
v 14.765956 51.170677 3.260000
v 15.314644 50.665323 3.260000
v 15.291448 50.646824 3.260000
v 15.304088 50.654767 3.260000
v 15.277357 50.641894 3.260000
v 14.818078 51.195778 3.260000
v 14.789152 51.189176 3.260000
v 14.803243 51.194106 3.260000
v 15.327517 50.692054 3.260000
v 15.322587 50.677963 3.260000
v 15.262522 50.640222 3.260000
v 15.329189 50.706889 3.260000
v 15.262522 51.195778 3.260000
v 15.329189 51.129111 3.260000
v 15.277357 51.194106 3.260000
v 15.304088 51.181233 3.260000
v 15.291448 51.189176 3.260000
v 15.322587 51.158037 3.260000
v 15.314644 51.170677 3.260000
v 15.327517 51.143946 3.260000
v 13.507140 50.643194 3.210000
v 13.519161 50.653814 3.210000
v 13.533371 50.661254 3.210000
v 13.548947 50.665086 3.210000
v 13.564987 50.665086 3.210000
v 13.580563 50.661254 3.210000
v 13.594773 50.653814 3.210000
v 13.606794 50.643194 3.210000
v 13.306967 50.418000 3.210000
v 12.918078 50.418000 3.210000
v 13.323152 50.873709 3.210000
v 13.323152 50.962291 3.210000
v 13.332321 50.949047 3.210000
v 13.338046 50.933990 3.210000
v 13.339992 50.918000 3.210000
v 13.338046 50.902010 3.210000
v 13.332321 50.886953 3.210000
v 12.918078 51.418000 3.210000
v 13.306967 51.418000 3.210000
v 13.507140 51.192806 3.210000
v 13.606794 51.192806 3.210000
v 13.594773 51.182186 3.210000
v 13.580563 51.174745 3.210000
v 13.564987 51.170914 3.210000
v 13.548947 51.170914 3.210000
v 13.533371 51.174745 3.210000
v 13.519161 51.182186 3.210000
v 13.806967 51.418000 3.210000
v 14.195856 51.418000 3.210000
v 13.790781 50.962291 3.210000
v 13.781612 50.886953 3.210000
v 13.790781 50.873709 3.210000
v 13.775888 50.902010 3.210000
v 13.773941 50.918000 3.210000
v 13.775888 50.933990 3.210000
v 13.781612 50.949047 3.210000
v 14.195856 50.418000 3.210000
v 13.806967 50.418000 3.210000
v 12.695856 50.751333 3.210000
v 12.687498 50.677160 3.210000
v 12.662845 50.606705 3.210000
v 12.623133 50.543503 3.210000
v 12.570352 50.490723 3.210000
v 12.507150 50.451010 3.210000
v 12.436696 50.426357 3.210000
v 12.362522 50.418000 3.210000
v 11.640300 50.418000 3.210000
v 11.640300 50.640222 3.210000
v 12.295856 50.640222 3.210000
v 12.362522 50.706889 3.210000
v 12.360851 50.692054 3.210000
v 12.355920 50.677963 3.210000
v 12.347978 50.665323 3.210000
v 12.337422 50.654767 3.210000
v 12.324781 50.646824 3.210000
v 12.310690 50.641894 3.210000
v 12.362522 51.129111 3.210000
v 12.295856 51.195778 3.210000
v 12.310690 51.194106 3.210000
v 12.324781 51.189176 3.210000
v 12.337422 51.181233 3.210000
v 12.347978 51.170677 3.210000
v 12.355920 51.158037 3.210000
v 12.360851 51.143946 3.210000
v 11.640300 51.195778 3.210000
v 11.640300 51.418000 3.210000
v 12.362522 51.418000 3.210000
v 12.436696 51.409643 3.210000
v 12.507150 51.384990 3.210000
v 12.570352 51.345277 3.210000
v 12.623133 51.292497 3.210000
v 12.662845 51.229295 3.210000
v 12.687498 51.158840 3.210000
v 12.695856 51.084667 3.210000
v 11.418078 50.751333 3.210000
v 11.409720 50.677160 3.210000
v 11.385067 50.606705 3.210000
v 11.345355 50.543503 3.210000
v 11.292574 50.490723 3.210000
v 11.229372 50.451010 3.210000
v 11.158918 50.426357 3.210000
v 11.084744 50.418000 3.210000
v 10.506967 50.418000 3.210000
v 10.432793 50.426357 3.210000
v 10.362339 50.451010 3.210000
v 10.299137 50.490723 3.210000
v 10.246356 50.543503 3.210000
v 10.206644 50.606705 3.210000
v 10.181991 50.677160 3.210000
v 10.173633 50.751333 3.210000
v 10.173633 51.084667 3.210000
v 10.181991 51.158840 3.210000
v 10.206644 51.229295 3.210000
v 10.246356 51.292497 3.210000
v 10.299137 51.345277 3.210000
v 10.362339 51.384990 3.210000
v 10.432793 51.409643 3.210000
v 10.506967 51.418000 3.210000
v 11.084744 51.418000 3.210000
v 11.158918 51.409643 3.210000
v 11.229372 51.384990 3.210000
v 11.292574 51.345277 3.210000
v 11.345355 51.292497 3.210000
v 11.385067 51.229295 3.210000
v 11.409720 51.158840 3.210000
v 11.418078 51.084667 3.210000
v 11.059644 51.181233 3.210000
v 11.070200 51.170677 3.210000
v 11.047003 51.189176 3.210000
v 11.078142 51.158037 3.210000
v 11.032913 51.194106 3.210000
v 11.083073 51.143946 3.210000
v 11.018078 51.195778 3.210000
v 11.084744 51.129111 3.210000
v 11.084744 50.706889 3.210000
v 11.083073 50.692054 3.210000
v 10.573633 51.195778 3.210000
v 11.078142 50.677963 3.210000
v 10.558799 51.194106 3.210000
v 11.070200 50.665323 3.210000
v 10.544708 51.189176 3.210000
v 10.532067 51.181233 3.210000
v 10.521511 51.170677 3.210000
v 11.059644 50.654767 3.210000
v 10.513569 51.158037 3.210000
v 11.047003 50.646824 3.210000
v 10.508638 51.143946 3.210000
v 11.032913 50.641894 3.210000
v 11.018078 50.640222 3.210000
v 10.506967 51.129111 3.210000
v 10.506967 50.706889 3.210000
v 10.573633 50.640222 3.210000
v 10.558799 50.641894 3.210000
v 10.544708 50.646824 3.210000
v 10.532067 50.654767 3.210000
v 10.508638 50.692054 3.210000
v 10.521511 50.665323 3.210000
v 10.513569 50.677963 3.210000
v 11.018078 50.640222 3.260000
v 10.573633 50.640222 3.260000
v 10.506967 50.706889 3.260000
v 10.558799 50.641894 3.260000
v 10.544708 50.646824 3.260000
v 10.532067 50.654767 3.260000
v 10.521511 50.665323 3.260000
v 10.513569 50.677963 3.260000
v 10.508638 50.692054 3.260000
v 10.521511 51.170677 3.260000
v 10.513569 51.158037 3.260000
v 10.508638 51.143946 3.260000
v 11.047003 50.646824 3.260000
v 11.032913 50.641894 3.260000
v 10.573633 51.195778 3.260000
v 10.506967 51.129111 3.260000
v 10.532067 51.181233 3.260000
v 10.544708 51.189176 3.260000
v 10.558799 51.194106 3.260000
v 11.083073 50.692054 3.260000
v 11.070200 50.665323 3.260000
v 11.078142 50.677963 3.260000
v 11.059644 50.654767 3.260000
v 11.084744 50.706889 3.260000
v 11.084744 51.129111 3.260000
v 11.018078 51.195778 3.260000
v 11.032913 51.194106 3.260000
v 11.078142 51.158037 3.260000
v 11.083073 51.143946 3.260000
v 11.059644 51.181233 3.260000
v 11.047003 51.189176 3.260000
v 11.070200 51.170677 3.260000
v 8.706967 50.751333 3.210000
v 8.706967 51.418000 3.210000
v 9.040300 51.418000 3.210000
v 9.040300 50.675496 3.210000
v 9.067724 50.641107 3.210000
v 9.075573 50.640222 3.210000
v 9.060269 50.643715 3.210000
v 9.053581 50.647918 3.210000
v 9.047996 50.653503 3.210000
v 9.043793 50.660191 3.210000
v 9.041184 50.667647 3.210000
v 9.582804 50.640222 3.210000
v 9.618078 50.675496 3.210000
v 9.617193 50.667647 3.210000
v 9.614585 50.660191 3.210000
v 9.610382 50.653503 3.210000
v 9.604797 50.647918 3.210000
v 9.598109 50.643715 3.210000
v 9.590653 50.641107 3.210000
v 9.618078 51.418000 3.210000
v 9.951411 51.418000 3.210000
v 9.951411 50.418000 3.210000
v 9.040300 50.418000 3.210000
v 8.966126 50.426357 3.210000
v 8.895672 50.451010 3.210000
v 8.832470 50.490723 3.210000
v 8.779690 50.543503 3.210000
v 8.739977 50.606705 3.210000
v 8.715324 50.677160 3.210000
v 7.573633 50.418000 3.210000
v 7.499460 50.426357 3.210000
v 7.429005 50.451010 3.210000
v 7.365803 50.490723 3.210000
v 7.313023 50.543503 3.210000
v 7.273310 50.606705 3.210000
v 7.248657 50.677160 3.210000
v 7.240300 50.751333 3.210000
v 7.240300 51.418000 3.210000
v 7.573633 51.418000 3.210000
v 7.573633 50.675496 3.210000
v 7.601058 50.641107 3.210000
v 7.608907 50.640222 3.210000
v 7.593602 50.643715 3.210000
v 7.586914 50.647918 3.210000
v 7.581329 50.653503 3.210000
v 7.577126 50.660191 3.210000
v 7.574518 50.667647 3.210000
v 8.116138 50.640222 3.210000
v 8.151411 50.675496 3.210000
v 8.150527 50.667647 3.210000
v 8.147918 50.660191 3.210000
v 8.143716 50.653503 3.210000
v 8.138130 50.647918 3.210000
v 8.131442 50.643715 3.210000
v 8.123987 50.641107 3.210000
v 8.151411 51.418000 3.210000
v 8.484744 51.418000 3.210000
v 8.484744 50.418000 3.210000
v 18.084947 59.281472 1.019293
v 18.331688 58.737467 0.944980
v 18.604895 58.861392 0.961908
v 18.358160 59.405385 1.036220
v 18.062254 59.341083 1.027436
v 18.349085 59.429219 1.039476
v 18.047691 59.401812 1.035732
v 18.343258 59.453501 1.042793
v 18.041165 59.514045 1.051064
v 18.340646 59.498398 1.048926
v 18.347884 59.542724 1.054982
v 18.059259 59.624817 1.066196
v 18.365162 59.584575 1.060698
v 18.102434 59.729398 1.080482
v 18.565713 59.948274 1.110381
v 18.303006 60.093135 1.130170
v 18.606659 60.039917 1.122900
v 18.323536 60.139118 1.136452
v 18.631875 60.137812 1.136273
v 18.336077 60.187840 1.143107
v 18.440299 58.497999 0.646759
v 18.713510 58.621918 0.663683
v 18.712819 58.623442 0.696938
v 18.436721 58.505888 0.720276
v 18.710758 58.627987 0.728571
v 18.705037 58.640600 0.773897
v 18.430430 58.519761 0.765020
v 18.696258 58.659958 0.816289
v 18.421100 58.540333 0.806892
v 18.684655 58.685540 0.855536
v 18.406537 58.572441 0.852069
v 18.667951 58.722367 0.896114
v 18.391902 58.604706 0.884785
v 18.651972 58.757598 0.923681
v 18.375646 58.640547 0.911088
v 18.634462 58.796204 0.944285
v 18.357831 58.679827 0.930394
v 18.345170 58.707741 0.939230
v 18.084946 59.281475 -0.219294
v 18.331671 58.737502 -0.144984
v 18.440300 58.498000 0.153218
v 18.357991 58.679474 -0.130209
v 18.375865 58.640065 -0.110730
v 18.345254 58.707554 -0.139165
v 18.421089 58.540355 -0.007006
v 18.436685 58.505971 0.079475
v 18.430376 58.519879 0.034719
v 18.392099 58.604272 -0.084410
v 18.406644 58.572203 -0.051882
v 18.713510 58.621918 0.136309
v 18.709933 58.629806 0.062798
v 18.703641 58.643678 0.018055
v 18.694311 58.664249 -0.023817
v 18.679748 58.696357 -0.068995
v 18.665113 58.728625 -0.101714
v 18.648856 58.764469 -0.128018
v 18.631038 58.803753 -0.147326
v 18.618377 58.831669 -0.156162
v 18.604893 58.861397 -0.161909
v 18.358159 59.405389 -0.236221
v 18.365160 59.584572 -0.260698
v 18.347886 59.542736 -0.254983
v 18.340646 59.498425 -0.248930
v 18.343255 59.453529 -0.242797
v 18.349081 59.429236 -0.239478
v 18.050046 59.389152 -0.234003
v 18.040655 59.501014 -0.249284
v 18.055922 59.612380 -0.264497
v 18.075174 59.671766 -0.272609
v 18.102432 59.729395 -0.280482
v 18.565711 59.948270 -0.310381
v 18.303007 60.093138 -0.330171
v 18.606761 60.040207 -0.322940
v 18.323536 60.139118 -0.336452
v 18.631848 60.137648 -0.336251
v 18.336077 60.187840 -0.343107
v 8.290300 48.123000 0.200000
v 8.290300 48.273000 0.200000
v 7.890300 48.273000 0.200000
v 8.290300 48.273000 -1.100000
v 7.890300 48.273000 -1.100000
v 8.190300 48.273000 -1.600000
v 7.990300 48.273000 -1.600000
v 7.890300 48.123000 0.200000
v 7.890300 48.123000 -1.100000
v 8.290300 48.123000 -1.100000
v 8.190300 48.123000 -1.600000
v 7.990300 48.123000 -1.600000
v 10.290300 48.123000 0.200000
v 10.290300 48.273000 0.200000
v 9.890300 48.273000 0.200000
v 10.290300 48.273000 -1.100000
v 9.890300 48.273000 -1.100000
v 10.190300 48.273000 -1.600000
v 9.990300 48.273000 -1.600000
v 9.890300 48.123000 0.200000
v 9.890300 48.123000 -1.100000
v 10.290300 48.123000 -1.100000
v 10.190300 48.123000 -1.600000
v 9.990300 48.123000 -1.600000
v 12.290300 48.123000 0.200000
v 12.290300 48.273000 0.200000
v 11.890300 48.273000 0.200000
v 11.890300 48.273000 -1.100000
v 12.290300 48.273000 -1.100000
v 12.190300 48.273000 -1.600000
v 11.990300 48.273000 -1.600000
v 11.890300 48.123000 0.200000
v 11.890300 48.123000 -1.100000
v 12.290300 48.123000 -1.100000
v 12.190300 48.123000 -1.600000
v 11.990300 48.123000 -1.600000
v 14.290300 48.123000 0.200000
v 14.290300 48.273000 0.200000
v 13.890300 48.273000 0.200000
v 14.290300 48.273000 -1.100000
v 13.890300 48.273000 -1.100000
v 14.190300 48.273000 -1.600000
v 13.990300 48.273000 -1.600000
v 13.890300 48.123000 0.200000
v 13.890300 48.123000 -1.100000
v 14.290300 48.123000 -1.100000
v 14.190300 48.123000 -1.600000
v 13.990300 48.123000 -1.600000
v 16.290300 48.123000 0.200000
v 16.290300 48.273000 0.200000
v 15.890300 48.273000 0.200000
v 16.290300 48.273000 -1.100000
v 15.890300 48.273000 -1.100000
v 16.190300 48.273000 -1.600000
v 15.990300 48.273000 -1.600000
v 15.890300 48.123000 0.200000
v 15.890300 48.123000 -1.100000
v 16.290300 48.123000 -1.100000
v 16.190300 48.123000 -1.600000
v 15.990300 48.123000 -1.600000
v 13.290300 49.598000 -1.100000
v 13.290300 49.798000 -1.100000
v 12.890300 49.798000 -1.100000
v 13.190300 49.798000 -1.600000
v 12.990300 49.798000 -1.600000
v 12.890300 49.598000 -1.100000
v 12.990300 49.598000 -1.600000
v 13.190300 49.598000 -1.600000
v 15.790300 49.598000 -1.100000
v 15.790300 49.798000 -1.100000
v 15.390300 49.798000 -1.100000
v 15.690300 49.798000 -1.600000
v 15.490300 49.798000 -1.600000
v 15.390300 49.598000 -1.100000
v 15.490300 49.598000 -1.600000
v 15.690300 49.598000 -1.600000
v 10.890300 49.598000 -1.100000
v 10.890300 49.798000 -1.100000
v 11.290300 49.598000 -1.100000
v 10.990300 49.598000 -1.600000
v 11.190300 49.598000 -1.600000
v 11.290300 49.798000 -1.100000
v 10.990300 49.798000 -1.600000
v 11.190300 49.798000 -1.600000
v 8.390300 49.798000 -1.100000
v 8.490300 49.798000 -1.600000
f 1 2 3
f 1 4 2
f 4 5 2
f 6 5 4
f 7 6 4
f 8 6 7
f 9 10 11
f 11 10 12
f 13 10 9
f 9 14 13
f 15 16 17
f 14 18 19
f 19 20 10
f 10 20 12
f 18 21 19
f 12 22 16
f 20 22 12
f 19 23 20
f 21 23 19
f 22 24 16
f 25 26 27
f 26 28 27
f 27 29 21
f 23 29 24
f 21 29 23
f 28 29 27
f 29 30 24
f 24 30 16
f 28 31 29
f 32 33 34
f 34 33 35
f 35 36 28
f 28 36 31
f 36 37 31
f 31 37 38
f 35 39 36
f 40 39 33
f 33 39 35
f 41 42 40
f 43 42 41
f 42 7 40
f 40 7 39
f 39 7 44
f 7 45 44
f 46 8 42
f 42 8 7
f 43 47 48
f 48 47 46
f 46 49 8
f 8 49 50
f 46 51 49
f 47 51 46
f 45 52 44
f 49 52 50
f 50 52 45
f 53 54 52
f 9 47 32
f 9 32 34
f 9 34 26
f 9 26 25
f 9 25 18
f 9 18 14
f 32 47 41
f 41 47 43
f 54 17 52
f 52 17 16
f 52 16 30
f 52 30 38
f 52 38 37
f 52 37 44
f 55 56 57
f 58 55 59
f 58 9 56
f 58 56 55
f 60 58 59
f 47 9 58
f 61 47 58
f 62 61 63
f 62 64 61
f 65 47 61
f 65 61 64
f 66 65 64
f 11 67 56
f 11 56 9
f 12 68 67
f 12 67 11
f 16 69 68
f 16 68 12
f 70 68 71
f 57 68 70
f 72 68 69
f 72 69 73
f 72 71 68
f 55 57 70
f 74 72 73
f 75 74 76
f 75 76 77
f 75 72 74
f 78 75 77
f 61 58 72
f 61 72 75
f 79 78 77
f 66 64 79
f 66 79 77
f 71 72 80
f 72 81 80
f 82 83 84
f 83 85 86
f 87 88 82
f 82 88 83
f 83 88 85
f 87 89 88
f 90 91 87
f 87 91 89
f 90 92 91
f 90 93 92
f 90 94 93
f 95 96 97
f 98 99 95
f 95 99 96
f 100 101 98
f 98 101 99
f 102 103 100
f 100 103 101
f 104 105 102
f 102 105 103
f 106 107 104
f 104 107 105
f 106 108 107
f 109 110 111
f 111 112 113
f 110 112 111
f 94 114 109
f 90 114 94
f 109 114 110
f 112 115 113
f 113 115 116
f 90 117 114
f 116 118 119
f 119 118 120
f 120 118 121
f 115 118 116
f 90 122 117
f 90 123 122
f 121 124 125
f 118 124 121
f 125 126 106
f 124 126 125
f 106 126 108
f 126 127 108
f 128 129 130
f 128 131 129
f 132 133 134
f 134 133 135
f 136 137 138
f 138 139 127
f 137 139 138
f 136 140 137
f 141 140 136
f 142 143 132
f 132 143 133
f 108 144 145
f 127 144 108
f 139 144 127
f 141 146 140
f 141 147 146
f 148 147 141
f 145 149 150
f 144 149 145
f 151 152 142
f 142 152 143
f 148 153 147
f 151 154 152
f 155 154 151
f 150 156 157
f 149 156 150
f 158 159 155
f 155 159 154
f 157 160 128
f 156 160 157
f 161 162 158
f 158 162 159
f 160 163 128
f 164 165 166
f 165 167 166
f 166 167 168
f 168 167 169
f 169 167 170
f 170 167 171
f 167 172 171
f 172 173 171
f 174 173 172
f 174 175 173
f 175 176 173
f 148 177 153
f 178 179 180
f 180 181 178
f 179 182 180
f 180 183 181
f 182 184 180
f 180 184 185
f 180 186 183
f 184 187 185
f 185 187 188
f 189 190 163
f 189 191 190
f 192 191 189
f 128 193 131
f 190 193 163
f 163 193 128
f 194 195 187
f 187 195 188
f 192 195 191
f 188 195 192
f 193 196 131
f 131 196 197
f 198 199 194
f 194 199 195
f 197 200 201
f 196 200 197
f 123 202 203
f 90 202 123
f 204 205 198
f 198 205 199
f 204 206 205
f 201 207 208
f 200 207 201
f 177 209 153
f 208 210 161
f 207 210 208
f 206 211 205
f 211 212 205
f 212 213 205
f 213 214 205
f 202 215 216
f 202 217 215
f 202 218 217
f 202 219 218
f 202 220 219
f 202 221 220
f 222 223 224
f 225 226 222
f 222 226 223
f 210 227 161
f 224 227 210
f 223 227 224
f 225 228 226
f 229 228 230
f 230 228 225
f 162 231 232
f 227 231 161
f 161 231 162
f 229 233 228
f 234 233 229
f 231 235 232
f 232 235 236
f 236 237 81
f 81 237 80
f 80 237 238
f 235 237 236
f 237 239 238
f 238 239 240
f 239 241 240
f 240 241 242
f 242 243 244
f 241 243 242
f 245 246 247
f 245 248 246
f 176 249 173
f 244 249 176
f 243 249 244
f 245 250 248
f 249 251 173
f 251 252 173
f 245 253 250
f 252 254 173
f 245 255 253
f 256 257 245
f 245 257 255
f 256 258 257
f 259 258 256
f 259 260 258
f 261 262 263
f 263 262 264
f 264 262 265
f 266 267 261
f 261 267 262
f 268 269 266
f 266 269 267
f 268 270 269
f 271 270 268
f 234 272 233
f 273 274 271
f 271 274 270
f 273 275 274
f 276 275 273
f 260 277 276
f 276 277 275
f 260 278 277
f 272 279 233
f 280 281 282
f 282 281 283
f 283 281 284
f 284 281 285
f 285 281 286
f 286 281 287
f 280 288 281
f 289 288 280
f 290 291 259
f 260 291 278
f 289 291 288
f 259 291 260
f 278 291 289
f 292 293 290
f 290 293 291
f 294 295 292
f 292 295 293
f 294 296 295
f 297 298 299
f 299 298 300
f 300 298 301
f 301 298 302
f 302 298 303
f 303 298 304
f 305 298 254
f 254 298 173
f 202 298 221
f 221 298 306
f 306 298 294
f 294 298 307
f 294 307 296
f 307 298 297
f 281 205 214
f 281 214 287
f 305 304 298
f 216 203 202
f 180 245 186
f 186 245 247
f 298 308 173
f 309 308 310
f 173 308 309
f 310 311 312
f 308 311 310
f 312 313 314
f 311 313 312
f 314 315 316
f 313 315 314
f 316 317 318
f 315 317 316
f 318 319 320
f 317 319 318
f 319 321 320
f 314 322 323
f 312 314 323
f 316 324 322
f 316 322 314
f 310 323 325
f 310 312 323
f 318 326 324
f 318 324 316
f 309 325 327
f 309 310 325
f 320 328 326
f 320 326 318
f 173 327 329
f 173 309 327
f 171 329 330
f 171 173 329
f 331 332 328
f 331 328 320
f 333 334 335
f 336 335 337
f 336 333 335
f 338 337 339
f 338 336 337
f 340 339 341
f 340 338 339
f 342 341 343
f 342 340 341
f 344 343 345
f 344 342 343
f 346 345 332
f 346 344 345
f 331 346 332
f 347 348 349
f 349 350 347
f 348 351 349
f 349 352 350
f 351 353 349
f 349 354 352
f 349 355 354
f 353 356 349
f 349 357 355
f 356 358 349
f 359 360 361
f 359 362 360
f 363 362 359
f 360 364 361
f 361 364 358
f 363 365 362
f 366 365 363
f 364 367 358
f 366 368 365
f 369 368 366
f 369 370 368
f 371 370 369
f 349 372 357
f 372 373 357
f 372 374 373
f 358 321 349
f 367 321 358
f 375 321 376
f 376 321 377
f 377 321 378
f 378 321 379
f 379 321 380
f 380 321 367
f 372 381 374
f 375 382 321
f 382 383 321
f 372 384 381
f 383 385 321
f 385 386 321
f 372 387 384
f 372 388 387
f 386 389 321
f 389 390 321
f 388 391 392
f 392 391 393
f 372 391 388
f 391 394 393
f 394 395 393
f 395 396 393
f 393 397 398
f 396 397 393
f 398 399 400
f 397 399 398
f 400 401 402
f 399 401 400
f 402 403 404
f 401 403 402
f 403 405 404
f 406 407 408
f 408 409 410
f 407 409 408
f 410 411 412
f 409 411 410
f 411 413 412
f 412 413 414
f 414 415 416
f 413 415 414
f 415 417 416
f 416 417 405
f 417 418 405
f 404 418 390
f 405 418 404
f 418 419 390
f 420 421 422
f 422 421 423
f 421 424 423
f 425 426 427
f 427 426 424
f 424 428 423
f 426 428 424
f 429 430 431
f 431 430 432
f 432 430 433
f 433 430 434
f 435 436 437
f 438 439 440
f 440 439 441
f 429 442 430
f 437 442 428
f 423 442 429
f 428 442 423
f 436 442 437
f 439 443 441
f 442 444 430
f 443 445 441
f 441 445 446
f 442 447 444
f 445 448 446
f 446 448 449
f 442 450 447
f 448 451 449
f 449 451 452
f 442 453 450
f 451 454 452
f 452 454 455
f 456 457 458
f 454 459 455
f 460 461 462
f 462 461 463
f 456 464 457
f 463 464 456
f 461 465 463
f 463 465 464
f 466 467 468
f 465 469 464
f 467 469 468
f 468 469 465
f 469 470 464
f 453 471 472
f 472 471 473
f 474 475 470
f 471 476 473
f 473 476 477
f 475 478 470
f 476 479 477
f 477 479 480
f 478 481 470
f 470 482 464
f 481 482 470
f 479 483 480
f 480 483 484
f 482 485 464
f 485 486 464
f 483 487 484
f 484 487 488
f 486 489 464
f 489 490 464
f 487 491 488
f 488 491 492
f 491 493 492
f 490 494 495
f 494 496 495
f 495 497 498
f 496 497 495
f 498 499 500
f 497 499 498
f 499 501 500
f 501 502 500
f 500 502 503
f 503 504 505
f 502 504 503
f 504 506 505
f 340 342 338
f 344 346 342
f 342 346 338
f 338 331 336
f 336 331 333
f 333 331 506
f 346 331 338
f 507 320 508
f 508 320 419
f 419 320 390
f 331 320 506
f 505 320 509
f 509 320 510
f 510 320 493
f 493 320 492
f 492 320 511
f 511 320 512
f 512 320 459
f 506 320 505
f 459 320 455
f 455 320 507
f 495 464 490
f 442 471 453
f 320 321 390
f 333 506 334
f 334 506 513
f 514 515 516
f 517 516 515
f 518 514 516
f 519 516 517
f 520 518 516
f 521 516 519
f 522 516 521
f 523 520 516
f 524 516 522
f 525 523 516
f 526 527 528
f 529 530 527
f 529 527 526
f 531 526 528
f 531 528 532
f 533 530 529
f 533 534 530
f 535 525 516
f 535 531 532
f 535 532 525
f 536 534 533
f 536 537 534
f 538 537 536
f 539 535 516
f 539 540 535
f 541 540 539
f 542 541 539
f 543 516 524
f 544 543 524
f 545 542 539
f 546 543 544
f 547 545 539
f 548 547 539
f 549 543 546
f 550 548 539
f 551 550 539
f 552 543 549
f 553 551 539
f 554 553 539
f 555 543 552
f 556 543 555
f 557 554 539
f 558 556 559
f 558 559 560
f 558 543 556
f 561 558 560
f 562 561 560
f 563 562 560
f 564 560 565
f 564 563 560
f 566 565 567
f 566 564 565
f 568 567 569
f 568 566 567
f 570 569 571
f 570 568 569
f 572 570 571
f 573 574 575
f 576 575 577
f 576 573 575
f 578 577 579
f 578 576 577
f 580 579 581
f 580 578 579
f 582 580 581
f 582 581 583
f 584 582 583
f 584 583 572
f 585 584 572
f 585 571 586
f 585 572 571
f 587 585 586
f 588 589 590
f 588 591 589
f 592 588 590
f 593 594 595
f 596 595 592
f 596 593 595
f 597 598 599
f 597 600 598
f 597 601 600
f 597 602 601
f 603 604 605
f 606 602 597
f 606 592 590
f 606 605 596
f 606 596 592
f 606 590 602
f 606 603 605
f 607 608 609
f 607 609 610
f 611 607 610
f 612 606 597
f 613 610 614
f 613 611 610
f 615 606 612
f 616 614 617
f 616 613 614
f 618 606 615
f 619 616 617
f 619 617 620
f 621 606 618
f 622 619 620
f 622 620 623
f 624 625 626
f 627 622 623
f 628 629 630
f 631 625 624
f 631 632 625
f 633 628 630
f 633 630 632
f 634 635 636
f 637 633 632
f 637 634 636
f 637 636 633
f 637 632 631
f 638 637 631
f 639 621 640
f 639 640 641
f 642 639 641
f 642 641 643
f 644 642 643
f 644 643 645
f 646 647 648
f 649 650 638
f 649 648 650
f 649 638 631
f 649 646 648
f 651 644 645
f 651 645 652
f 653 649 631
f 654 653 631
f 655 651 652
f 655 652 656
f 657 654 631
f 658 657 631
f 659 655 656
f 659 656 660
f 661 659 660
f 662 658 663
f 664 662 663
f 665 663 666
f 665 664 663
f 667 666 668
f 667 665 666
f 669 667 668
f 670 669 668
f 670 668 671
f 672 671 673
f 672 670 671
f 513 672 673
f 343 339 337
f 343 341 339
f 332 335 334
f 332 337 335
f 332 345 343
f 332 334 513
f 332 343 337
f 328 332 513
f 328 587 586
f 328 674 661
f 328 675 674
f 328 673 675
f 328 513 673
f 328 627 623
f 328 660 676
f 328 661 660
f 328 676 677
f 328 677 627
f 328 678 587
f 328 679 678
f 328 623 679
f 631 663 658
f 639 606 621
f 539 328 557
f 557 328 586
f 328 539 680
f 326 680 681
f 326 328 680
f 324 681 682
f 324 326 681
f 322 682 683
f 322 324 682
f 323 683 684
f 323 322 683
f 325 684 685
f 325 323 684
f 327 685 686
f 327 325 685
f 329 327 686
f 687 688 689
f 687 690 688
f 687 691 690
f 687 692 691
f 687 693 692
f 687 694 693
f 695 696 694
f 695 694 687
f 697 696 695
f 698 696 697
f 699 696 698
f 700 701 702
f 703 704 701
f 703 701 700
f 705 706 704
f 705 704 703
f 707 706 705
f 707 708 706
f 709 710 708
f 709 708 707
f 711 712 713
f 714 713 715
f 714 711 713
f 716 712 711
f 716 717 712
f 718 714 715
f 719 699 717
f 719 717 716
f 719 696 699
f 720 715 721
f 720 718 715
f 722 696 719
f 723 720 721
f 723 721 724
f 725 726 727
f 725 728 726
f 725 729 728
f 725 730 729
f 725 731 730
f 732 731 725
f 733 696 722
f 734 732 725
f 735 734 736
f 737 738 739
f 740 735 738
f 740 734 735
f 740 738 737
f 741 732 734
f 741 734 740
f 742 743 710
f 742 724 743
f 742 723 724
f 744 745 742
f 746 742 745
f 747 744 742
f 748 742 746
f 749 710 709
f 749 742 710
f 749 747 742
f 750 742 748
f 751 749 709
f 751 752 753
f 751 709 752
f 754 755 732
f 754 732 741
f 756 757 758
f 756 759 757
f 756 760 759
f 756 761 760
f 756 762 761
f 763 762 756
f 764 765 750
f 766 763 756
f 767 768 769
f 767 770 768
f 767 771 770
f 767 766 771
f 772 766 767
f 773 763 766
f 773 766 772
f 774 775 776
f 774 753 775
f 774 751 753
f 777 778 774
f 779 774 778
f 780 777 774
f 781 774 779
f 782 776 783
f 782 780 774
f 782 774 776
f 784 774 781
f 785 783 786
f 785 782 783
f 787 763 773
f 787 788 763
f 789 790 791
f 792 793 733
f 794 789 791
f 795 733 793
f 796 792 733
f 797 733 795
f 798 796 733
f 798 733 755
f 799 786 800
f 799 785 786
f 801 696 733
f 801 733 797
f 802 789 794
f 803 696 801
f 804 755 754
f 804 798 755
f 805 799 800
f 806 804 754
f 807 789 802
f 808 765 764
f 808 754 765
f 808 806 754
f 809 789 807
f 810 808 764
f 810 764 788
f 811 789 809
f 812 810 788
f 813 805 800
f 813 814 805
f 813 815 814
f 813 816 815
f 813 817 816
f 818 817 813
f 818 819 817
f 818 820 819
f 821 800 822
f 821 813 800
f 823 820 818
f 823 824 825
f 823 826 824
f 823 825 820
f 827 821 822
f 828 829 830
f 828 831 829
f 832 828 833
f 832 831 828
f 834 831 832
f 835 826 823
f 835 836 826
f 835 837 836
f 835 838 837
f 835 839 838
f 840 831 834
f 841 827 822
f 841 842 827
f 841 843 842
f 841 844 843
f 841 845 844
f 846 845 841
f 847 846 841
f 848 831 840
f 848 818 831
f 848 840 849
f 848 823 818
f 850 848 849
f 851 852 853
f 854 850 849
f 854 852 851
f 854 855 850
f 854 849 852
f 856 822 857
f 856 841 822
f 858 847 841
f 859 860 861
f 859 862 860
f 863 856 857
f 863 864 865
f 863 857 864
f 863 861 856
f 866 858 867
f 868 869 859
f 868 859 861
f 870 871 868
f 870 861 863
f 870 868 861
f 872 866 873
f 874 858 866
f 874 866 872
f 875 847 858
f 875 876 847
f 875 858 874
f 877 878 879
f 877 879 880
f 881 812 788
f 882 881 788
f 882 788 787
f 883 884 812
f 883 812 881
f 885 886 876
f 885 887 886
f 885 888 887
f 885 889 888
f 885 890 889
f 885 891 890
f 885 876 875
f 892 893 878
f 892 878 877
f 894 882 787
f 894 787 789
f 895 884 883
f 896 884 895
f 896 897 884
f 898 789 811
f 898 894 789
f 898 811 899
f 900 901 893
f 900 893 892
f 902 897 896
f 903 904 901
f 903 901 900
f 905 899 906
f 905 898 899
f 907 904 903
f 908 905 906
f 909 863 865
f 909 865 910
f 911 906 839
f 911 908 906
f 911 839 835
f 912 913 914
f 912 915 913
f 916 917 918
f 916 919 917
f 920 835 921
f 920 911 835
f 922 912 914
f 923 914 924
f 923 922 914
f 925 926 927
f 925 916 926
f 925 919 916
f 928 919 925
f 929 920 921
f 930 931 909
f 932 909 931
f 933 930 909
f 934 909 932
f 935 909 910
f 935 910 936
f 935 933 909
f 937 936 938
f 937 935 936
f 939 924 909
f 939 923 924
f 939 909 934
f 940 941 919
f 940 919 928
f 942 923 939
f 943 944 945
f 946 943 945
f 947 948 949
f 947 945 948
f 947 946 945
f 330 947 949
f 950 923 942
f 950 942 951
f 952 950 951
f 953 938 904
f 953 937 938
f 953 904 907
f 954 950 952
f 955 947 330
f 956 953 907
f 329 955 330
f 329 957 955
f 958 957 329
f 959 958 329
f 960 950 954
f 961 950 960
f 962 950 961
f 963 956 907
f 963 964 965
f 963 966 964
f 963 907 966
f 963 967 956
f 963 968 967
f 963 969 968
f 963 970 969
f 971 970 963
f 971 972 970
f 971 973 972
f 974 975 976
f 977 976 975
f 978 974 976
f 979 976 977
f 980 976 981
f 980 978 976
f 982 976 979
f 983 973 971
f 983 984 973
f 985 981 986
f 985 980 981
f 987 984 983
f 987 988 984
f 987 989 988
f 987 990 989
f 991 963 965
f 992 965 993
f 992 991 965
f 994 992 993
f 995 983 971
f 996 995 997
f 998 995 996
f 999 995 998
f 999 998 1000
f 1001 995 999
f 1002 995 1001
f 1003 993 1004
f 1003 994 993
f 1005 1003 1004
f 1005 1004 1006
f 1007 921 891
f 1008 929 921
f 1008 921 1007
f 1009 1007 891
f 1009 891 885
f 1010 995 1002
f 1010 983 995
f 1011 1010 1002
f 1012 1010 1011
f 1013 1012 1011
f 1013 1014 1012
f 1013 1011 1015
f 1016 1017 1014
f 1016 1014 1013
f 1018 1019 985
f 1018 985 986
f 1018 929 1008
f 1018 986 929
f 1020 885 941
f 1020 1009 885
f 1021 1022 1019
f 1021 1019 1018
f 1023 1005 1006
f 1023 1006 1024
f 1025 1020 941
f 1025 941 940
f 1026 1022 1021
f 1026 1027 1022
f 1028 1027 1026
f 1029 940 950
f 1029 1025 940
f 1030 1031 897
f 1030 897 902
f 1032 959 329
f 1032 1023 1024
f 1032 1024 959
f 1033 1034 1035
f 1036 1033 1037
f 1038 1029 950
f 1039 1040 1034
f 1039 1034 1033
f 1039 1033 1036
f 1041 1032 329
f 1042 1040 1039
f 1043 1028 1026
f 1044 950 962
f 1044 1038 950
f 1044 962 1045
f 1046 1043 1026
f 1047 803 1048
f 1049 1044 1045
f 1049 1045 1050
f 1051 1046 1026
f 1052 987 1040
f 1052 1040 1042
f 1052 1053 990
f 1052 1054 1053
f 1052 990 987
f 1055 1051 1026
f 1056 1041 329
f 1057 1047 1058
f 1059 1047 1057
f 1060 1047 1059
f 1061 1047 1060
f 1062 1047 1061
f 1063 1047 1062
f 1064 1050 1065
f 1066 1050 1064
f 1066 1049 1050
f 1066 1067 1049
f 1068 1064 1065
f 1068 1065 1054
f 1069 1070 1067
f 1069 1067 1066
f 1069 1071 1070
f 1072 1068 1054
f 1072 1054 1052
f 1073 1074 1071
f 1073 1071 1069
f 1075 1072 1052
f 1076 1075 1052
f 1076 1052 1056
f 1077 1047 1063
f 1078 1076 1056
f 1079 1078 1056
f 1080 1079 1056
f 1081 1082 1083
f 1084 1082 1081
f 1085 1080 1056
f 1086 1082 1084
f 1087 1085 1056
f 1088 1087 1056
f 1088 1056 329
f 1089 1082 1086
f 1090 1088 329
f 1091 1082 1089
f 1092 1082 1091
f 1092 1093 1082
f 1094 1093 1092
f 1094 1095 1093
f 1096 1097 1098
f 1099 1095 1094
f 1100 1096 1098
f 1101 1096 1100
f 1101 1102 1096
f 1103 1102 1101
f 1103 1104 1102
f 1105 1106 1104
f 1105 1104 1103
f 1107 1106 1105
f 1107 1108 1106
f 1109 1108 1107
f 1109 1110 1108
f 1111 1112 1110
f 1111 1110 1109
f 1113 1112 1111
f 1113 1099 1112
f 1114 1074 1073
f 1114 1115 1074
f 1116 1117 1118
f 1116 1119 1117
f 1116 1120 1119
f 1116 1121 1120
f 1116 1122 1121
f 1116 1123 1122
f 1124 1125 1123
f 1124 1123 1116
f 1126 1113 1125
f 1126 1099 1113
f 1126 1127 1095
f 1126 1095 1099
f 1126 1125 1124
f 1128 1127 1126
f 1128 1129 1127
f 1130 1129 1128
f 1130 1131 1129
f 1132 1131 1130
f 686 1133 1134
f 686 1135 1136
f 686 1137 1135
f 686 1138 1137
f 686 1139 1138
f 686 1140 1139
f 686 1134 1140
f 686 1141 1090
f 686 1047 1133
f 1133 1047 1132
f 1132 1047 1077
f 1132 1077 1131
f 1047 696 803
f 329 686 1090
f 1026 1116 1055
f 1055 1116 1118
f 1136 1141 686
f 1048 1058 1047
f 1082 976 982
f 1082 982 1083
f 789 774 790
f 790 774 784
f 765 742 750
f 947 167 165
f 946 165 164
f 946 947 165
f 943 164 166
f 943 946 164
f 944 166 168
f 944 943 166
f 945 168 169
f 945 944 168
f 948 169 170
f 948 945 169
f 949 170 171
f 949 948 170
f 330 949 171
f 947 955 167
f 167 955 172
f 955 957 172
f 172 957 174
f 174 958 175
f 957 958 174
f 175 959 176
f 958 959 175
f 176 1024 244
f 959 1024 176
f 244 1006 242
f 1024 1006 244
f 242 1004 240
f 1006 1004 242
f 240 993 238
f 1004 993 240
f 238 993 1142
f 80 238 1142
f 1143 1142 993
f 236 81 1143
f 236 1143 965
f 993 965 1143
f 60 1142 1143
f 1144 1142 60
f 59 1144 60
f 1144 80 1142
f 80 70 71
f 1144 70 80
f 1144 59 55
f 1144 55 70
f 58 81 72
f 60 81 58
f 60 1143 81
f 133 143 877
f 877 143 892
f 892 152 900
f 143 152 892
f 900 154 903
f 152 154 900
f 907 159 966
f 903 159 907
f 154 159 903
f 966 162 964
f 159 162 966
f 964 232 965
f 162 232 964
f 232 236 965
f 133 877 880
f 133 880 1145
f 1146 135 133
f 1146 133 1145
f 134 135 1147
f 1147 135 1146
f 1147 1148 134
f 1148 879 134
f 1145 879 1148
f 880 879 1145
f 1148 1146 1145
f 1147 1146 1148
f 131 197 857
f 857 197 864
f 864 201 865
f 197 201 864
f 865 208 910
f 201 208 865
f 910 161 936
f 208 161 910
f 936 158 938
f 161 158 936
f 938 155 904
f 158 155 938
f 904 151 901
f 155 151 904
f 901 142 893
f 151 142 901
f 893 132 878
f 142 132 893
f 878 134 879
f 132 134 878
f 822 131 857
f 129 131 822
f 129 800 130
f 822 800 129
f 128 800 786
f 128 130 800
f 128 786 157
f 157 783 150
f 786 783 157
f 150 776 145
f 783 776 150
f 145 775 108
f 776 775 145
f 108 753 107
f 775 753 108
f 107 752 105
f 753 752 107
f 105 709 103
f 752 709 105
f 103 707 101
f 709 707 103
f 101 705 99
f 707 705 101
f 99 703 96
f 705 703 99
f 703 700 96
f 1149 1150 96
f 700 1149 96
f 1151 700 702
f 1151 1149 700
f 1149 1151 1152
f 1149 1152 1150
f 1150 97 96
f 1150 1152 97
f 701 95 702
f 702 95 1151
f 97 1152 95
f 95 1152 1151
f 95 701 98
f 98 704 100
f 701 704 98
f 100 706 102
f 704 706 100
f 706 708 102
f 102 710 104
f 708 710 102
f 104 743 106
f 710 743 104
f 106 724 125
f 743 724 106
f 125 721 121
f 724 721 125
f 1153 715 116
f 1153 116 119
f 1154 715 1153
f 121 1154 120
f 721 1154 121
f 721 715 1154
f 63 1155 62
f 63 1154 1153
f 63 1153 1155
f 1153 119 1155
f 1155 119 79
f 119 78 79
f 62 79 64
f 62 1155 79
f 78 119 75
f 75 119 120
f 120 63 61
f 120 61 75
f 1154 63 120
f 695 91 697
f 697 92 698
f 91 92 697
f 698 93 699
f 92 93 698
f 699 94 717
f 93 94 699
f 717 109 712
f 94 109 717
f 712 111 713
f 109 111 712
f 713 113 715
f 111 113 713
f 113 116 715
f 695 89 91
f 695 687 89
f 88 89 687
f 88 687 689
f 85 689 688
f 85 88 689
f 86 688 690
f 86 85 688
f 83 690 691
f 83 86 690
f 84 691 692
f 84 83 691
f 82 692 693
f 82 84 692
f 87 693 694
f 87 82 693
f 1156 1157 1158
f 1159 1156 1158
f 1160 1161 1156
f 1160 1156 1159
f 1162 1163 1161
f 1162 1161 1160
f 1164 1165 1163
f 1164 1163 1162
f 1166 1165 1164
f 1167 1165 1166
f 1168 1167 1166
f 1169 1168 1170
f 1169 1167 1168
f 1171 1170 90
f 1171 1169 1170
f 696 90 87
f 696 1171 90
f 694 696 87
f 1172 1173 1174
f 1175 1174 1176
f 1175 1172 1174
f 1177 1176 1178
f 1177 1175 1176
f 1179 1178 1180
f 1179 1177 1178
f 1181 1180 1182
f 1181 1179 1180
f 1183 1182 1184
f 1183 1181 1182
f 1185 1184 1158
f 1185 1183 1184
f 1157 1185 1158
f 1186 1187 1188
f 1189 1188 1187
f 1190 1186 1188
f 1191 1188 1189
f 1192 1190 1188
f 1193 1188 1191
f 1194 1188 1193
f 1195 1192 1188
f 1196 1188 1194
f 1197 1195 1188
f 1198 1199 1200
f 1201 1199 1198
f 1201 1202 1199
f 1203 1198 1200
f 1203 1200 1204
f 1205 1202 1201
f 1205 1206 1202
f 1207 1203 1204
f 1207 1204 1197
f 1207 1197 1188
f 1208 1206 1205
f 1208 1209 1206
f 1210 1209 1208
f 1211 1188 1196
f 1212 1211 1196
f 1213 1211 1212
f 1214 1207 1188
f 1214 1215 1207
f 1214 1216 1215
f 1214 1217 1216
f 1214 1218 1217
f 1214 1219 1218
f 1214 1220 1219
f 1221 1211 1213
f 1222 1220 1214
f 1223 1222 1214
f 1224 1211 1221
f 1225 1223 1214
f 1226 1225 1214
f 1227 1211 1224
f 1228 1211 1227
f 1229 1226 1214
f 1230 1229 1214
f 1231 1228 1232
f 1231 1232 1233
f 1231 1211 1228
f 1234 1231 1233
f 1235 1234 1233
f 1236 1235 1233
f 1237 1233 1238
f 1237 1236 1233
f 1239 1238 1240
f 1239 1237 1238
f 1241 1240 1242
f 1241 1239 1240
f 1243 1242 1244
f 1243 1241 1242
f 1245 1243 1244
f 1246 1247 1248
f 1246 1248 1249
f 1250 1249 1251
f 1250 1246 1249
f 1252 1251 1253
f 1252 1250 1251
f 1254 1253 1255
f 1254 1252 1253
f 1256 1255 1257
f 1256 1254 1255
f 1258 1257 1245
f 1258 1256 1257
f 1258 1244 1230
f 1258 1245 1244
f 1259 1258 1230
f 1260 1261 1262
f 1260 1263 1261
f 1264 1260 1262
f 1265 1266 1267
f 1268 1269 1270
f 1268 1271 1269
f 1268 1272 1271
f 1273 1267 1264
f 1273 1265 1267
f 1274 1272 1268
f 1275 1276 1277
f 1278 1264 1262
f 1278 1277 1273
f 1278 1273 1264
f 1278 1262 1272
f 1278 1272 1274
f 1278 1275 1277
f 1279 1280 1281
f 1279 1281 1282
f 1283 1279 1282
f 1284 1278 1274
f 1285 1282 1286
f 1285 1283 1282
f 1287 1278 1284
f 1288 1286 1289
f 1288 1285 1286
f 1290 1278 1287
f 1291 1288 1289
f 1291 1289 1292
f 1293 1278 1290
f 1294 1291 1292
f 1294 1292 1295
f 1296 1297 1298
f 1299 1294 1295
f 1300 1301 1302
f 1303 1297 1296
f 1303 1304 1297
f 1305 1300 1302
f 1305 1302 1304
f 1306 1307 1308
f 1309 1304 1303
f 1309 1306 1308
f 1309 1308 1305
f 1309 1305 1304
f 1310 1309 1303
f 1311 1293 1312
f 1311 1312 1313
f 1314 1315 1310
f 1316 1311 1313
f 1316 1313 1317
f 1318 1314 1310
f 1319 1316 1317
f 1319 1317 1320
f 1321 1318 1310
f 1322 1310 1303
f 1322 1321 1310
f 1323 1319 1320
f 1323 1320 1324
f 1325 1322 1303
f 1326 1325 1303
f 1327 1323 1324
f 1327 1324 1328
f 1329 1326 1303
f 1330 1329 1303
f 1331 1327 1328
f 1331 1328 1332
f 1333 1331 1332
f 1334 1330 1335
f 1336 1334 1335
f 1337 1335 1338
f 1337 1336 1335
f 1339 1338 1340
f 1339 1337 1338
f 1341 1339 1340
f 1342 1341 1340
f 1342 1340 1343
f 1344 1343 1345
f 1344 1342 1343
f 1346 1344 1345
f 1178 1176 1174
f 1182 1180 1178
f 1182 1178 1174
f 1158 1174 1173
f 1158 1184 1182
f 1158 1173 1346
f 1158 1182 1174
f 1159 1158 1346
f 1159 1259 1230
f 1159 1347 1333
f 1159 1348 1347
f 1159 1345 1348
f 1159 1299 1295
f 1159 1332 1349
f 1159 1333 1332
f 1159 1349 1350
f 1159 1350 1299
f 1159 1346 1345
f 1159 1351 1259
f 1159 1352 1351
f 1159 1295 1352
f 1303 1335 1330
f 1311 1278 1293
f 1214 1159 1230
f 202 90 1353
f 1353 1170 1354
f 90 1170 1353
f 1354 1168 1355
f 1170 1168 1354
f 1355 1166 1356
f 1168 1166 1355
f 1356 1164 1357
f 1166 1164 1356
f 1357 1162 1358
f 1164 1162 1357
f 1358 1160 1214
f 1162 1160 1358
f 1160 1159 1214
f 1359 1360 1214
f 1214 1360 1358
f 1358 1360 1357
f 1357 1360 1356
f 1361 1360 1359
f 1362 1360 1361
f 1363 1360 1362
f 1356 1364 1355
f 1365 1364 1363
f 1360 1364 1356
f 1363 1364 1360
f 1355 1366 1354
f 1354 1366 1353
f 1353 1366 202
f 202 1366 1367
f 1368 1366 1365
f 1369 1366 1368
f 1367 1366 1369
f 1365 1366 1364
f 1364 1366 1355
f 1359 1188 1370
f 1214 1188 1359
f 1371 1372 1373
f 1373 1372 1374
f 1374 1372 1375
f 1375 1372 1376
f 1377 1372 1371
f 1378 1372 1377
f 1379 1372 1378
f 1376 1380 1381
f 1382 1380 1379
f 1372 1380 1376
f 1379 1380 1372
f 1381 1383 1384
f 1384 1383 1385
f 1385 1383 1188
f 1188 1383 1370
f 1386 1383 1382
f 1387 1383 1386
f 1370 1383 1387
f 1382 1383 1380
f 1380 1383 1381
f 1371 1388 1389
f 1373 1388 1371
f 1388 1390 1391
f 1388 1391 1392
f 1389 1388 1392
f 1393 1394 1395
f 1396 1397 1398
f 1397 1399 1400
f 1396 1399 1397
f 1396 1401 1399
f 1399 1401 1402
f 1396 1403 1401
f 1404 1405 1394
f 1405 1406 1394
f 1394 1406 1395
f 1404 1407 1405
f 1408 1407 1404
f 1406 1409 1395
f 1410 1411 1408
f 1408 1411 1407
f 1409 1412 1395
f 1413 1414 1410
f 1410 1414 1411
f 1413 1415 1414
f 1412 1416 1395
f 1417 1418 1419
f 1419 1418 1413
f 1413 1418 1415
f 1416 1420 1395
f 1396 1421 1403
f 1395 1422 1396
f 1396 1422 1421
f 1420 1422 1395
f 1420 1423 1422
f 1424 1423 1420
f 1424 1425 1423
f 1426 1425 1424
f 1417 1427 1418
f 1428 1429 1430
f 1430 1431 1428
f 1429 1432 1430
f 1430 1433 1431
f 1432 1434 1430
f 1430 1434 1435
f 1436 1437 1438
f 1438 1437 1430
f 1430 1437 1433
f 1434 1439 1435
f 1439 1440 1435
f 1440 1441 1435
f 1441 1442 1435
f 1443 1444 1445
f 1445 1446 1447
f 1447 1446 1442
f 1442 1446 1435
f 1444 1448 1445
f 1449 1448 1444
f 1445 1450 1446
f 1448 1450 1445
f 1446 1450 1451
f 1451 1450 1452
f 1453 1450 1448
f 1454 1455 1426
f 1425 1456 1457
f 1426 1456 1425
f 1455 1456 1426
f 1454 1458 1455
f 1459 1458 1454
f 1456 1460 1457
f 1457 1460 1436
f 1436 1460 1437
f 1459 1461 1458
f 1459 1462 1461
f 1463 1462 1459
f 1460 1464 1437
f 1463 1465 1462
f 1464 1466 1437
f 1467 1466 1468
f 1468 1466 1469
f 1469 1466 1464
f 1467 1470 1466
f 1467 1471 1470
f 1472 1471 1467
f 1473 1474 1472
f 1472 1474 1471
f 1475 1476 1473
f 1473 1476 1474
f 1477 1478 1475
f 1475 1478 1476
f 1479 1480 1477
f 1477 1480 1478
f 1479 1481 1480
f 1479 1482 1481
f 1483 1484 1485
f 1485 1484 1486
f 1483 1487 1484
f 1488 1487 1483
f 1488 1489 1487
f 1490 1491 1492
f 1493 1494 1490
f 1490 1494 1491
f 1479 1495 1482
f 1482 1495 1496
f 1496 1495 1497
f 1497 1495 1488
f 1489 1495 1493
f 1488 1495 1489
f 1493 1495 1494
f 1463 1498 1465
f 1498 1499 1465
f 1500 1501 1502
f 1502 1501 1503
f 1500 1504 1501
f 1500 1505 1504
f 1500 1506 1505
f 1500 1507 1506
f 1500 1508 1507
f 1500 1509 1508
f 1510 1511 1479
f 1511 1512 1479
f 1512 1513 1479
f 1479 1513 1495
f 1514 1513 1515
f 1515 1513 1516
f 1516 1513 1517
f 1517 1513 1512
f 1518 1519 1520
f 1520 1519 1514
f 1519 1521 1514
f 1513 1522 1523
f 1514 1524 1513
f 1521 1524 1514
f 1513 1524 1522
f 1525 1524 1521
f 1526 1527 1528
f 1526 1529 1527
f 1526 1530 1529
f 1526 1531 1530
f 1532 1533 1526
f 1526 1533 1531
f 1532 1534 1533
f 1535 1536 1537
f 1537 1536 1538
f 1539 1540 1535
f 1535 1540 1536
f 1539 1541 1540
f 1542 1543 1544
f 1545 1546 1542
f 1542 1546 1543
f 1539 1391 1541
f 1547 1391 1548
f 1548 1391 1539
f 1541 1391 1545
f 1545 1391 1546
f 1534 1392 1549
f 1549 1392 1550
f 1550 1392 1551
f 1551 1392 1547
f 1547 1392 1391
f 1532 1392 1534
f 1552 1392 1553
f 1553 1392 1554
f 1554 1392 1555
f 1555 1392 1556
f 1556 1392 1532
f 1500 1392 1552
f 1500 1552 1509
f 1501 1418 1427
f 1501 1427 1557
f 1501 1557 1558
f 1501 1558 1559
f 1501 1559 1560
f 1501 1560 1561
f 1501 1561 1503
f 1479 1526 1562
f 1479 1562 1563
f 1479 1563 1564
f 1479 1564 1565
f 1479 1565 1566
f 1479 1566 1510
f 1562 1526 1528
f 1567 1382 1568
f 1568 1379 1569
f 1382 1379 1568
f 1570 1386 1567
f 1567 1386 1382
f 1569 1378 1571
f 1379 1378 1569
f 1572 1387 1570
f 1570 1387 1386
f 1571 1377 1573
f 1378 1377 1571
f 1572 1370 1387
f 1573 1371 1500
f 1377 1371 1573
f 1572 1574 1370
f 1575 1359 1574
f 1574 1359 1370
f 1575 1361 1359
f 1575 1362 1361
f 1576 1362 1575
f 1576 1363 1362
f 1577 1363 1576
f 1577 1365 1363
f 1577 1578 1365
f 1578 1368 1365
f 1578 1579 1368
f 1579 1369 1368
f 1579 1580 1369
f 1369 1580 1367
f 1580 1047 1367
f 1500 1389 1392
f 1371 1389 1500
f 1581 1582 1583
f 1582 1584 1585
f 1581 1584 1582
f 1584 1586 1585
f 1586 1587 1585
f 1586 1588 1587
f 1588 1589 1587
f 1588 1590 1589
f 1590 1591 1589
f 1591 1592 1589
f 1591 1593 1592
f 1593 1594 1592
f 1593 1595 1594
f 1596 1597 1595
f 1595 1597 1594
f 1596 516 1597
f 1598 539 1596
f 1596 539 516
f 1599 680 1598
f 1598 680 539
f 1600 685 1601
f 686 685 1600
f 1602 681 1603
f 1603 681 1599
f 1599 681 680
f 1601 684 1604
f 685 684 1601
f 1605 682 1602
f 1602 682 681
f 1605 683 682
f 684 683 1604
f 1604 683 1605
f 1600 1367 686
f 686 1367 1047
f 1606 1607 1583
f 1608 1607 1606
f 1607 1581 1583
f 1609 1610 1611
f 1612 1613 1614
f 1614 1613 1615
f 1615 1613 1616
f 1616 1613 1609
f 1609 1613 1610
f 1613 1617 1618
f 1612 1617 1613
f 1612 1619 1617
f 1612 1620 1619
f 1612 1621 1620
f 1622 1623 1624
f 1624 1623 1625
f 1625 1623 1626
f 1626 1623 1627
f 1627 1623 1628
f 1622 1629 1623
f 1612 1630 1621
f 1629 1631 1623
f 1632 1633 1634
f 1634 1633 1635
f 1635 1633 1636
f 1637 1638 1630
f 1631 1639 1623
f 1638 1640 1630
f 1640 1641 1630
f 1641 1642 1630
f 1642 1643 1630
f 1643 1644 1630
f 1644 1645 1630
f 1645 1646 1630
f 1646 1647 1630
f 1647 1648 1630
f 1648 1649 1630
f 1621 1649 1650
f 1630 1649 1621
f 1649 1651 1650
f 1650 1651 1652
f 1651 1653 1652
f 1652 1653 1654
f 1653 1655 1654
f 1654 1655 1656
f 1655 1657 1656
f 1656 1657 1658
f 1658 1657 1659
f 1657 1660 1659
f 1659 1660 1661
f 1660 1662 1661
f 1661 1662 1663
f 1662 1664 1663
f 1665 1666 1667
f 1665 1668 1666
f 1667 1669 1664
f 1666 1669 1667
f 1665 1670 1668
f 1669 1671 1664
f 1632 1671 1633
f 1663 1671 1632
f 1664 1671 1663
f 1665 1672 1670
f 1671 1673 1633
f 1633 1673 1674
f 1665 1675 1672
f 1673 1676 1674
f 1674 1676 1677
f 1676 1678 1677
f 1677 1678 1679
f 1678 1680 1679
f 1679 1680 1681
f 1639 1682 1623
f 1683 1684 1685
f 1686 1687 1688
f 1688 1687 1689
f 1689 1687 1683
f 1683 1690 1684
f 1690 1691 1692
f 1687 1691 1683
f 1683 1691 1690
f 1687 1693 1691
f 1680 1694 1681
f 1695 1694 1680
f 1696 1697 1695
f 1695 1697 1694
f 1694 1698 1681
f 1681 1698 1699
f 1700 1701 1702
f 1702 1701 1696
f 1696 1701 1697
f 1639 1703 1682
f 1698 1703 1699
f 1699 1703 1639
f 1704 1705 1700
f 1700 1705 1701
f 1703 1706 1682
f 1706 1707 1682
f 1687 1708 1693
f 1687 1709 1708
f 1707 1710 1682
f 1710 1711 1682
f 1687 1712 1709
f 1713 1714 1712
f 1714 1715 1712
f 1715 1716 1712
f 1716 1717 1712
f 1717 1718 1712
f 1718 1719 1712
f 1719 1720 1712
f 1720 1721 1712
f 1721 1722 1712
f 1722 1723 1712
f 1723 1724 1712
f 1709 1724 1725
f 1712 1724 1709
f 1724 1726 1725
f 1725 1726 1727
f 1727 1728 1729
f 1726 1728 1727
f 1729 1730 1731
f 1728 1730 1729
f 1730 1732 1731
f 1731 1732 1733
f 1733 1732 1734
f 1734 1735 1736
f 1732 1735 1734
f 1736 1737 1738
f 1735 1737 1736
f 1738 1739 1740
f 1737 1739 1738
f 1704 1741 1705
f 1742 1743 1744
f 1742 1745 1743
f 1746 1745 1742
f 1744 1747 1748
f 1743 1747 1744
f 1749 1750 1751
f 1751 1750 1746
f 1746 1750 1745
f 1748 1752 1711
f 1747 1752 1748
f 1711 1752 1682
f 1749 1753 1750
f 1752 1754 1682
f 1749 1755 1753
f 1741 1756 1705
f 1583 1757 1606
f 1606 1757 1758
f 1758 1757 1739
f 1739 1757 1740
f 1749 1759 1755
f 1583 1760 1757
f 1583 1761 1760
f 1583 1762 1761
f 1583 1763 1762
f 1583 1764 1763
f 1583 1765 1764
f 1766 1767 1768
f 1767 1582 1768
f 1769 1582 1770
f 1770 1582 1771
f 1771 1582 1772
f 1772 1582 1773
f 1773 1582 1774
f 1774 1582 1767
f 1665 1775 1675
f 1583 1582 1765
f 1765 1582 1769
f 1757 1675 1775
f 1757 1775 1776
f 1757 1776 1740
f 1749 1767 1759
f 1759 1767 1777
f 1777 1767 1778
f 1778 1767 1779
f 1779 1767 1780
f 1780 1767 1781
f 1781 1767 1766
f 1608 1606 1782
f 1782 1758 1783
f 1606 1758 1782
f 1783 1739 1784
f 1758 1739 1783
f 1784 1737 1785
f 1739 1737 1784
f 1785 1735 1786
f 1737 1735 1785
f 1787 1732 1788
f 1786 1732 1787
f 1735 1732 1786
f 1788 1730 1789
f 1732 1730 1788
f 1789 1728 1790
f 1730 1728 1789
f 1790 1726 1791
f 1728 1726 1790
f 1791 1724 1792
f 1726 1724 1791
f 1792 1723 1793
f 1724 1723 1792
f 1794 1795 1796
f 1797 1798 1799
f 1797 1800 1798
f 1801 1794 1802
f 1803 1799 1795
f 1803 1795 1794
f 1803 1797 1799
f 1803 1794 1801
f 1804 1797 1803
f 1805 1797 1804
f 1806 1797 1805
f 1807 1808 1809
f 1807 1810 1808
f 1807 1811 1810
f 1807 1812 1811
f 1807 1813 1812
f 1814 1813 1807
f 1815 1814 1807
f 1816 1817 1818
f 1816 1819 1817
f 1816 1818 1820
f 1821 1815 1807
f 1822 1823 1824
f 1825 1822 1824
f 1826 1825 1824
f 1827 1828 1826
f 1829 1826 1824
f 1829 1827 1826
f 1830 1824 1831
f 1830 1829 1824
f 1830 1832 1829
f 1833 1830 1831
f 1834 1831 1797
f 1834 1833 1831
f 1834 1797 1806
f 1835 1834 1806
f 1835 1806 1836
f 1837 1835 1836
f 1837 1836 1838
f 1839 1837 1838
f 1839 1838 1840
f 1841 1839 1840
f 1841 1840 1842
f 1843 1841 1842
f 1844 1843 1842
f 1844 1842 1845
f 1846 1844 1845
f 1846 1845 1847
f 1848 1847 1819
f 1848 1846 1847
f 1849 1850 1851
f 1852 1850 1849
f 1853 1851 1854
f 1853 1849 1851
f 1855 1850 1852
f 1856 1853 1854
f 1856 1819 1816
f 1856 1854 1848
f 1856 1848 1819
f 1857 1850 1855
f 1858 1856 1816
f 1858 1816 1859
f 1860 1850 1857
f 1861 1858 1859
f 1861 1859 1862
f 1863 1861 1862
f 1863 1862 1864
f 1865 1863 1864
f 1865 1864 1866
f 1867 1821 1807
f 1868 1869 1870
f 1871 1872 1869
f 1871 1869 1868
f 1873 1871 1874
f 1873 1875 1872
f 1873 1876 1875
f 1873 1872 1871
f 1877 1876 1873
f 1878 1876 1877
f 1879 1865 1866
f 1879 1880 1865
f 1881 1882 1880
f 1881 1880 1879
f 1883 1879 1866
f 1883 1866 1884
f 1885 1882 1881
f 1885 1886 1882
f 1885 1887 1886
f 1888 1821 1867
f 1888 1883 1884
f 1888 1884 1821
f 1889 1887 1885
f 1889 1890 1887
f 1891 1888 1867
f 1892 1891 1867
f 1893 1876 1878
f 1894 1876 1893
f 1895 1892 1867
f 1896 1895 1867
f 1897 1898 1899
f 1900 1899 1901
f 1900 1902 1897
f 1900 1897 1899
f 1903 1904 1900
f 1903 1900 1901
f 1905 1901 1906
f 1905 1907 1903
f 1905 1903 1901
f 1793 1905 1906
f 1792 1906 1876
f 1792 1793 1906
f 1792 1876 1894
f 1791 1792 1894
f 1791 1894 1908
f 1790 1908 1909
f 1790 1791 1908
f 1789 1909 1910
f 1789 1790 1909
f 1788 1910 1911
f 1788 1789 1910
f 1787 1788 1911
f 1786 1911 1912
f 1786 1787 1911
f 1785 1912 1913
f 1785 1786 1912
f 1784 1913 1914
f 1784 1785 1913
f 1783 1784 1914
f 1915 1916 1917
f 1918 1915 1917
f 1918 1917 1919
f 1920 1921 1916
f 1920 1922 1921
f 1920 1916 1915
f 1923 1918 1919
f 1923 1919 1924
f 1925 1922 1920
f 1926 1924 1896
f 1926 1923 1924
f 1926 1896 1867
f 1927 1922 1925
f 1928 1926 1867
f 1929 1930 1890
f 1929 1890 1889
f 1931 1782 1783
f 1931 1608 1782
f 1931 1607 1608
f 1931 1914 1932
f 1931 1783 1914
f 1933 1922 1927
f 1934 1607 1931
f 1935 1607 1934
f 1936 1607 1935
f 1937 1607 1936
f 1938 1607 1937
f 1939 1607 1938
f 1940 1941 1942
f 1940 1943 1944
f 1940 1945 1943
f 1940 1946 1945
f 1940 1947 1946
f 1940 1948 1947
f 1940 1949 1948
f 1940 1944 1941
f 1950 1850 1860
f 1940 1607 1949
f 1949 1607 1939
f 1860 1931 1950
f 1950 1931 1932
f 1944 1922 1933
f 1944 1933 1951
f 1944 1951 1952
f 1944 1952 1953
f 1944 1953 1954
f 1944 1954 1955
f 1944 1955 1941
f 1607 1940 1584
f 1607 1584 1581
f 1596 1956 349
f 349 1956 1957
f 1957 1956 1958
f 1958 1956 1959
f 1595 1956 1596
f 1593 1956 1595
f 1591 1956 1593
f 1959 1960 1961
f 1590 1960 1591
f 1956 1960 1959
f 1591 1960 1956
f 1961 1962 1963
f 1963 1962 1964
f 1964 1962 1940
f 1940 1962 1584
f 1588 1962 1590
f 1586 1962 1588
f 1584 1962 1586
f 1590 1962 1960
f 1960 1962 1961
f 349 1598 1596
f 349 321 1598
f 1601 1965 1600
f 1604 1965 1601
f 1605 1965 1604
f 1600 1965 298
f 298 1965 308
f 308 1965 311
f 311 1965 313
f 1602 1966 1605
f 313 1966 315
f 1965 1966 313
f 1605 1966 1965
f 1603 1967 1602
f 1599 1967 1603
f 1598 1967 1599
f 315 1967 317
f 317 1967 319
f 319 1967 321
f 321 1967 1598
f 1966 1967 315
f 1602 1967 1966
f 1367 1600 202
f 202 1600 298
f 1940 1942 1964
f 1964 1968 1963
f 1942 1968 1964
f 1963 1969 1961
f 1968 1969 1963
f 1961 1970 1959
f 1969 1970 1961
f 1970 1971 1959
f 1959 1972 1958
f 1971 1972 1959
f 1957 1973 349
f 1958 1973 1957
f 1972 1973 1958
f 1973 372 349
f 1970 1974 1975
f 1971 1975 1976
f 1971 1970 1975
f 1969 1977 1974
f 1969 1974 1970
f 1972 1976 1978
f 1972 1971 1976
f 1968 1979 1977
f 1968 1977 1969
f 1973 1978 543
f 1973 1972 1978
f 1942 1768 1979
f 1942 1979 1968
f 372 1973 543
f 558 372 543
f 391 372 558
f 391 561 394
f 558 561 391
f 394 562 395
f 561 562 394
f 395 563 396
f 562 563 395
f 396 564 397
f 563 564 396
f 397 566 399
f 564 566 397
f 399 568 401
f 566 568 399
f 401 570 403
f 568 570 401
f 403 570 405
f 405 572 416
f 570 572 405
f 416 583 414
f 572 583 416
f 414 581 412
f 583 581 414
f 412 579 410
f 581 579 412
f 410 577 408
f 579 577 410
f 408 575 406
f 577 575 408
f 575 574 406
f 1980 1981 1982
f 1982 1981 1983
f 1983 1984 1985
f 1981 1984 1983
f 1985 1986 1987
f 1984 1986 1985
f 1986 1988 1987
f 1988 1989 1987
f 1988 1990 1989
f 1991 1992 1993
f 1993 1992 1990
f 1990 1992 1989
f 1994 1995 1991
f 1991 1995 1992
f 1996 1997 1994
f 1994 1997 1995
f 1998 1999 1996
f 1996 1999 1997
f 2000 2001 2002
f 2002 2001 1998
f 1998 2001 1999
f 2003 2004 2000
f 2000 2004 2001
f 2005 2006 2003
f 2003 2006 2004
f 2007 2008 2005
f 2005 2008 2006
f 2007 2009 2008
f 2007 2010 2009
f 2011 2012 2010
f 2010 2012 2009
f 2013 2014 2011
f 2011 2014 2012
f 2013 2015 2014
f 2013 2016 2015
f 2016 2017 2015
f 2016 2018 2017
f 2017 2018 2019
f 2018 2020 2019
f 2019 2020 2021
f 2020 2022 2021
f 2021 2022 2023
f 2023 2022 574
f 2022 406 574
f 2010 2024 2025
f 2011 2025 2026
f 2011 2010 2025
f 2013 2026 2027
f 2013 2011 2026
f 2016 2027 2028
f 2016 2013 2027
f 2018 2028 2029
f 2018 2016 2028
f 2020 2029 2030
f 2020 2018 2029
f 2022 2030 407
f 2022 2020 2030
f 406 2022 407
f 2031 2028 2027
f 2032 2029 2028
f 2032 2028 2031
f 2033 2027 2026
f 2033 2031 2027
f 2034 2030 2029
f 2034 2029 2032
f 2035 2026 2025
f 2035 2033 2026
f 2036 407 2030
f 2036 2030 2034
f 2037 2025 2024
f 2037 2035 2025
f 573 407 2036
f 2038 2024 2039
f 2038 2039 2040
f 2038 2037 2024
f 2041 2040 2042
f 2041 2038 2040
f 2043 2042 2044
f 2043 2041 2042
f 2045 2044 2046
f 2045 2043 2044
f 2047 2048 2049
f 2050 2046 2051
f 2050 2045 2046
f 2052 2051 2053
f 2052 2050 2051
f 2054 2047 2049
f 2054 2055 2047
f 2056 2052 2053
f 2056 2053 2057
f 2058 2055 2054
f 2058 2059 2055
f 2060 2056 2057
f 2060 2057 2061
f 2062 2059 2058
f 2063 2061 2064
f 2063 2060 2061
f 2065 2063 2064
f 2065 2064 2059
f 2065 2059 2062
f 419 418 587
f 587 418 585
f 585 417 584
f 418 417 585
f 584 415 582
f 417 415 584
f 582 413 580
f 415 413 582
f 580 411 578
f 413 411 580
f 578 409 576
f 411 409 578
f 576 407 573
f 409 407 576
f 587 678 419
f 419 678 508
f 508 679 507
f 678 679 508
f 507 623 455
f 679 623 507
f 455 620 452
f 623 620 455
f 452 617 449
f 620 617 452
f 449 614 446
f 617 614 449
f 446 610 441
f 614 610 446
f 610 609 441
f 441 609 440
f 2066 1754 1928
f 440 2067 2068
f 609 2067 440
f 2069 2070 2066
f 2066 2070 1754
f 2068 2071 2072
f 2067 2071 2068
f 2073 2074 2069
f 2069 2074 2070
f 2072 2075 2076
f 2071 2075 2072
f 2076 2077 2073
f 2073 2077 2074
f 2075 2077 2076
f 1928 2078 2066
f 1867 2078 1928
f 2066 2079 2069
f 2078 2079 2066
f 2069 2080 2073
f 2079 2080 2069
f 2073 2081 2076
f 2080 2081 2073
f 2076 2082 2072
f 2081 2082 2076
f 2072 2083 2068
f 2082 2083 2072
f 2068 438 440
f 2083 438 2068
f 608 607 439
f 438 2084 608
f 438 608 439
f 2083 2085 2084
f 2083 2084 438
f 2082 2085 2083
f 2086 2085 2082
f 2081 2086 2082
f 2087 2081 2080
f 2087 2086 2081
f 2088 2080 2079
f 2088 2087 2080
f 2089 2079 2078
f 2089 2088 2079
f 1682 2078 1867
f 1682 2089 2078
f 1623 1867 1807
f 1623 1682 1867
f 439 607 443
f 443 611 445
f 607 611 443
f 445 613 448
f 611 613 445
f 448 616 451
f 613 616 448
f 451 619 454
f 616 619 451
f 454 622 459
f 619 622 454
f 459 627 512
f 622 627 459
f 627 677 512
f 511 512 676
f 676 512 677
f 640 472 641
f 641 473 643
f 472 473 641
f 643 477 645
f 473 477 643
f 477 480 645
f 645 484 652
f 480 484 645
f 652 488 656
f 484 488 652
f 656 492 660
f 488 492 656
f 660 511 676
f 492 511 660
f 453 472 621
f 621 472 640
f 453 618 450
f 621 618 453
f 450 615 447
f 618 615 450
f 447 612 444
f 615 612 447
f 430 444 597
f 597 444 612
f 602 429 431
f 601 431 432
f 601 602 431
f 600 432 433
f 600 601 432
f 598 600 433
f 599 433 434
f 599 598 433
f 597 434 430
f 597 599 434
f 423 429 590
f 590 429 602
f 606 442 436
f 603 436 435
f 603 606 436
f 604 435 437
f 604 603 435
f 605 437 428
f 605 604 437
f 596 428 426
f 596 605 428
f 593 426 425
f 593 596 426
f 594 425 427
f 594 593 425
f 595 427 424
f 595 594 427
f 592 424 421
f 592 595 424
f 588 421 420
f 588 592 421
f 591 420 422
f 591 588 420
f 589 422 423
f 589 591 422
f 590 589 423
f 442 639 471
f 606 639 442
f 495 498 663
f 663 498 666
f 666 500 668
f 498 500 666
f 668 503 671
f 500 503 668
f 671 505 673
f 503 505 671
f 673 509 675
f 505 509 673
f 675 510 674
f 509 510 675
f 674 493 661
f 510 493 674
f 661 491 659
f 493 491 661
f 659 487 655
f 491 487 659
f 655 483 651
f 487 483 655
f 651 479 644
f 483 479 651
f 644 476 642
f 479 476 644
f 642 471 639
f 476 471 642
f 663 631 495
f 495 631 464
f 464 631 624
f 457 624 626
f 457 464 624
f 458 626 625
f 458 457 626
f 456 625 632
f 456 458 625
f 463 632 630
f 463 456 632
f 462 630 629
f 462 463 630
f 460 629 628
f 460 462 629
f 461 628 633
f 461 460 628
f 465 633 636
f 465 461 633
f 468 636 635
f 468 465 636
f 466 635 634
f 466 468 635
f 467 634 637
f 467 466 634
f 469 467 637
f 638 469 637
f 470 469 638
f 470 638 650
f 474 650 648
f 474 470 650
f 475 648 647
f 475 474 648
f 478 647 646
f 478 475 647
f 481 646 649
f 481 478 646
f 482 481 649
f 482 649 653
f 485 482 653
f 490 489 658
f 658 489 657
f 657 486 654
f 489 486 657
f 654 485 653
f 486 485 654
f 662 490 658
f 494 490 662
f 513 506 672
f 672 504 670
f 506 504 672
f 670 502 669
f 504 502 670
f 669 501 667
f 502 501 669
f 667 499 665
f 501 499 667
f 665 497 664
f 499 497 665
f 664 496 662
f 497 496 664
f 496 494 662
f 609 608 2084
f 2067 2084 2085
f 2067 609 2084
f 2071 2085 2086
f 2071 2067 2085
f 2075 2086 2087
f 2075 2071 2086
f 2077 2087 2088
f 2077 2075 2087
f 2074 2088 2089
f 2074 2077 2088
f 2070 2089 1682
f 2070 2074 2089
f 1754 2070 1682
f 1814 1629 1622
f 1813 1622 1624
f 1813 1814 1622
f 1812 1624 1625
f 1812 1813 1624
f 1811 1625 1626
f 1811 1812 1625
f 1810 1626 1627
f 1810 1811 1626
f 1808 1627 1628
f 1808 1810 1627
f 1809 1628 1623
f 1809 1808 1628
f 1807 1809 1623
f 1631 1814 1815
f 1631 1629 1814
f 1631 1815 1639
f 1815 1821 1639
f 1639 1884 1699
f 1821 1884 1639
f 1699 1866 1681
f 1884 1866 1699
f 1681 1864 1679
f 1866 1864 1681
f 1679 1862 1677
f 1864 1862 1679
f 1677 1859 1674
f 1862 1859 1677
f 1674 1816 1633
f 1859 1816 1674
f 1820 1633 1816
f 1636 1633 1820
f 1635 1820 1818
f 1635 1636 1820
f 1635 1818 1634
f 1634 1817 1632
f 1818 1817 1634
f 1632 1819 1663
f 1817 1819 1632
f 1663 1847 1661
f 1819 1847 1663
f 1661 1845 1659
f 1847 1845 1661
f 1658 1842 1656
f 1659 1842 1658
f 1845 1842 1659
f 1656 1840 1654
f 1842 1840 1656
f 1654 1838 1652
f 1840 1838 1654
f 1652 1836 1650
f 1838 1836 1652
f 1650 1806 1621
f 1836 1806 1650
f 1621 1805 1620
f 1806 1805 1621
f 1805 1804 1619
f 1805 1619 1620
f 1800 1797 1612
f 1800 1612 1614
f 1798 1614 1615
f 1798 1800 1614
f 1799 1615 1616
f 1799 1798 1615
f 1795 1616 1609
f 1795 1799 1616
f 1796 1609 1611
f 1796 1795 1609
f 1794 1611 1610
f 1794 1796 1611
f 1802 1610 1613
f 1802 1794 1610
f 1801 1613 1618
f 1801 1802 1613
f 1803 1618 1617
f 1803 1801 1618
f 1804 1617 1619
f 1804 1803 1617
f 1630 1612 1831
f 1831 1612 1797
f 1630 1831 1824
f 1637 1824 1823
f 1637 1630 1824
f 1638 1823 1822
f 1638 1637 1823
f 1640 1822 1825
f 1640 1638 1822
f 1641 1825 1826
f 1641 1640 1825
f 1642 1826 1828
f 1642 1641 1826
f 1643 1828 1827
f 1643 1642 1828
f 1644 1827 1829
f 1644 1643 1827
f 1645 1829 1832
f 1645 1644 1829
f 1646 1832 1830
f 1646 1645 1832
f 1647 1646 1830
f 1647 1833 1648
f 1830 1833 1647
f 1850 1665 1851
f 1851 1667 1854
f 1665 1667 1851
f 1854 1664 1848
f 1667 1664 1854
f 1848 1662 1846
f 1664 1662 1848
f 1846 1660 1844
f 1662 1660 1846
f 1843 1657 1841
f 1844 1657 1843
f 1660 1657 1844
f 1841 1655 1839
f 1657 1655 1841
f 1839 1653 1837
f 1655 1653 1839
f 1837 1651 1835
f 1653 1651 1837
f 1835 1649 1834
f 1651 1649 1835
f 1834 1648 1833
f 1649 1648 1834
f 1850 1775 1665
f 1850 1950 1775
f 1775 1950 1776
f 1776 1932 1740
f 1950 1932 1776
f 1740 1914 1738
f 1932 1914 1740
f 1738 1913 1736
f 1914 1913 1738
f 1736 1912 1734
f 1913 1912 1736
f 1733 1911 1731
f 1734 1911 1733
f 1912 1911 1734
f 1731 1910 1729
f 1911 1910 1731
f 1729 1909 1727
f 1910 1909 1729
f 1727 1908 1725
f 1909 1908 1727
f 1725 1894 1709
f 1908 1894 1725
f 1709 1893 1708
f 1894 1893 1709
f 1893 1878 1693
f 1893 1693 1708
f 1875 1876 1687
f 1875 1687 1686
f 1872 1686 1688
f 1872 1875 1686
f 1869 1688 1689
f 1869 1872 1688
f 1870 1689 1683
f 1870 1869 1689
f 1868 1683 1685
f 1868 1870 1683
f 1871 1685 1684
f 1871 1868 1685
f 1874 1684 1690
f 1874 1871 1684
f 1873 1690 1692
f 1873 1874 1690
f 1877 1692 1691
f 1877 1873 1692
f 1878 1691 1693
f 1878 1877 1691
f 1712 1687 1906
f 1906 1687 1876
f 1712 1906 1901
f 1713 1901 1899
f 1713 1712 1901
f 1714 1899 1898
f 1714 1713 1899
f 1715 1898 1897
f 1715 1714 1898
f 1716 1897 1902
f 1716 1715 1897
f 1717 1902 1900
f 1717 1716 1902
f 1718 1900 1904
f 1718 1717 1900
f 1719 1904 1903
f 1719 1718 1904
f 1720 1903 1907
f 1720 1719 1903
f 1721 1907 1905
f 1721 1720 1907
f 1722 1721 1905
f 1722 1793 1723
f 1905 1793 1722
f 1755 1927 1753
f 1753 1925 1750
f 1927 1925 1753
f 1750 1920 1745
f 1925 1920 1750
f 1745 1915 1743
f 1920 1915 1745
f 1743 1918 1747
f 1915 1918 1743
f 1747 1923 1752
f 1918 1923 1747
f 1752 1926 1754
f 1923 1926 1752
f 1926 1928 1754
f 1755 1933 1927
f 1755 1759 1933
f 1759 1777 1933
f 1933 1777 1951
f 1951 1778 1952
f 1777 1778 1951
f 1952 1779 1953
f 1778 1779 1952
f 1953 1780 1954
f 1779 1780 1953
f 1954 1781 1955
f 1780 1781 1954
f 1955 1766 1941
f 1781 1766 1955
f 1941 1768 1942
f 1766 1768 1941
f 2012 2014 2037
f 2037 2014 2035
f 2035 2015 2033
f 2014 2015 2035
f 2033 2017 2031
f 2015 2017 2033
f 2031 2019 2032
f 2017 2019 2031
f 2032 2021 2034
f 2019 2021 2032
f 2034 2023 2036
f 2021 2023 2034
f 2036 574 573
f 2023 574 2036
f 2038 2009 2012
f 2037 2038 2012
f 2009 2038 2008
f 2008 2041 2006
f 2038 2041 2008
f 2006 2043 2004
f 2041 2043 2006
f 2043 2045 2004
f 2054 1983 1985
f 2058 1985 1987
f 2058 2054 1985
f 2062 1987 1989
f 2062 2058 1987
f 2065 1989 1992
f 2065 2062 1989
f 2063 1992 1995
f 2063 2065 1992
f 2060 2063 1995
f 2056 1995 1997
f 2056 2060 1995
f 2052 1997 1999
f 2052 2056 1997
f 2050 1999 2001
f 2050 2052 1999
f 2045 2001 2004
f 2045 2050 2001
f 2090 2091 1982
f 2090 2092 2091
f 2090 2093 2092
f 2090 2094 2093
f 2090 2095 2094
f 2090 2096 2095
f 1983 2090 1982
f 2097 2090 1983
f 2098 2099 2097
f 2100 2098 2097
f 2101 2100 2097
f 2102 2101 2097
f 2103 2102 2097
f 2049 2103 2097
f 2054 2097 1983
f 2054 2049 2097
f 2104 1980 1982
f 2104 1982 2091
f 2105 2091 2092
f 2105 2104 2091
f 2106 2092 2093
f 2106 2105 2092
f 2107 2093 2094
f 2107 2094 2095
f 2107 2106 2093
f 2108 2095 2096
f 2108 2107 2095
f 2109 2096 2090
f 2109 2108 2096
f 2110 2109 2090
f 2047 2111 2048
f 2048 2111 2112
f 2112 2111 2113
f 2113 2111 2114
f 2114 2111 2115
f 2115 2111 2116
f 2116 2111 2117
f 2047 1981 2111
f 1980 2110 1981
f 1981 2110 2111
f 2104 2105 1980
f 2110 2108 2109
f 1980 2106 2110
f 2105 2106 1980
f 2110 2107 2108
f 2106 2107 2110
f 1981 2047 1984
f 1984 2055 1986
f 2047 2055 1984
f 1986 2059 1988
f 2055 2059 1986
f 1988 2064 1990
f 2059 2064 1988
f 1993 2061 1991
f 1990 2061 1993
f 2064 2061 1990
f 1991 2057 1994
f 2061 2057 1991
f 1994 2053 1996
f 2057 2053 1994
f 1996 2051 1998
f 2053 2051 1996
f 1998 2046 2002
f 2051 2046 1998
f 2002 2044 2000
f 2046 2044 2002
f 2040 2039 2007
f 2040 2007 2005
f 2042 2005 2003
f 2042 2040 2005
f 2044 2003 2000
f 2044 2042 2003
f 2024 2010 2039
f 2010 2007 2039
f 2103 2049 2048
f 2103 2048 2112
f 2102 2112 2113
f 2102 2103 2112
f 2101 2113 2114
f 2101 2102 2113
f 2100 2114 2115
f 2100 2101 2114
f 2098 2115 2116
f 2098 2100 2115
f 2099 2116 2117
f 2099 2098 2116
f 2097 2117 2111
f 2097 2099 2117
f 2111 2110 2097
f 2110 2090 2097
f 1597 516 543
f 1597 543 1978
f 1594 1978 1976
f 1594 1597 1978
f 1592 1976 1975
f 1592 1594 1976
f 1589 1975 1974
f 1589 1592 1975
f 1587 1974 1977
f 1587 1589 1974
f 1585 1977 1979
f 1585 1587 1977
f 1582 1979 1768
f 1582 1585 1979
f 1922 1749 1921
f 1921 1751 1916
f 1749 1751 1921
f 1916 1746 1917
f 1751 1746 1916
f 1917 1742 1919
f 1746 1742 1917
f 1919 1744 1924
f 1742 1744 1919
f 1924 1748 1896
f 1744 1748 1924
f 1896 1711 1895
f 1748 1711 1896
f 1895 1710 1892
f 1711 1710 1895
f 1892 1707 1891
f 1710 1707 1892
f 1891 1706 1888
f 1707 1706 1891
f 1888 1703 1883
f 1706 1703 1888
f 1883 1698 1879
f 1703 1698 1883
f 1879 1694 1881
f 1698 1694 1879
f 1881 1697 1885
f 1694 1697 1881
f 1885 1701 1889
f 1697 1701 1885
f 1701 1705 1889
f 1922 1767 1749
f 1922 1944 1767
f 1949 1770 1948
f 1769 1770 1949
f 1948 1771 1947
f 1770 1771 1948
f 1947 1772 1946
f 1771 1772 1947
f 1945 1773 1943
f 1946 1773 1945
f 1772 1773 1946
f 1943 1774 1944
f 1773 1774 1943
f 1774 1767 1944
f 1939 1769 1949
f 1765 1769 1939
f 1931 1760 1934
f 1757 1760 1931
f 1934 1761 1935
f 1760 1761 1934
f 1935 1762 1936
f 1761 1762 1935
f 1936 1763 1937
f 1762 1763 1936
f 1937 1764 1938
f 1763 1764 1937
f 1938 1765 1939
f 1764 1765 1938
f 1675 1757 1931
f 1675 1931 1860
f 1890 1704 1887
f 1887 1700 1886
f 1704 1700 1887
f 1886 1702 1882
f 1700 1702 1886
f 1882 1696 1880
f 1702 1696 1882
f 1880 1695 1865
f 1696 1695 1880
f 1865 1680 1863
f 1695 1680 1865
f 1863 1678 1861
f 1680 1678 1863
f 1861 1676 1858
f 1678 1676 1861
f 1858 1673 1856
f 1676 1673 1858
f 1856 1671 1853
f 1673 1671 1856
f 1853 1669 1849
f 1671 1669 1853
f 1849 1666 1852
f 1669 1666 1849
f 1852 1668 1855
f 1666 1668 1852
f 1855 1670 1857
f 1668 1670 1855
f 1857 1672 1860
f 1670 1672 1857
f 1672 1675 1860
f 1890 1741 1704
f 1890 1930 1741
f 1741 2118 2119
f 1930 2118 1741
f 2119 2120 2121
f 2118 2120 2119
f 2121 2122 2123
f 2120 2122 2121
f 2122 2124 2123
f 2124 2125 2123
f 2124 2126 2125
f 2126 2127 2125
f 2126 2128 2127
f 2128 2129 2127
f 2128 2130 2129
f 2130 2131 2129
f 2130 2132 2131
f 2132 2133 2131
f 2133 2134 2135
f 2132 2134 2133
f 2135 2136 2137
f 2134 2136 2135
f 2137 2138 2139
f 2136 2138 2137
f 2139 2140 2141
f 2138 2140 2139
f 2141 2142 2143
f 2140 2142 2141
f 2143 2144 2145
f 2142 2144 2143
f 2144 2146 2145
f 2145 2146 2147
f 2147 2148 2149
f 2146 2148 2147
f 2148 2150 2149
f 2151 2152 2153
f 2151 2153 2154
f 2155 2154 2156
f 2155 2151 2154
f 2157 2156 2158
f 2157 2155 2156
f 2159 2157 2158
f 2160 2158 2161
f 2160 2159 2158
f 2162 2161 2163
f 2162 2160 2161
f 2164 2162 2163
f 2165 2163 2166
f 2165 2164 2163
f 2150 2166 2149
f 2150 2165 2166
f 2167 2168 2169
f 2170 2168 2167
f 2171 2168 2170
f 2172 2168 2171
f 2173 2168 2172
f 2174 2168 2173
f 2175 2168 2174
f 2149 2153 2175
f 2175 2153 2168
f 2149 2166 2153
f 2153 2156 2154
f 2166 2163 2153
f 2153 2158 2156
f 2163 2161 2153
f 2153 2161 2158
f 2169 2168 2176
f 2169 2176 2177
f 2167 2177 2178
f 2167 2169 2177
f 2170 2178 2179
f 2170 2167 2178
f 2171 2179 2180
f 2171 2170 2179
f 2172 2180 2181
f 2172 2181 2182
f 2172 2171 2180
f 2173 2182 2183
f 2173 2172 2182
f 2174 2183 2184
f 2174 2184 2185
f 2174 2173 2183
f 2175 2174 2185
f 1929 1705 1756
f 1929 1889 1705
f 2186 1756 2187
f 2186 1929 1756
f 2188 2187 2189
f 2188 2186 2187
f 2190 2189 2191
f 2190 2188 2189
f 2192 2190 2191
f 2193 2192 2191
f 2194 2192 2193
f 2195 2194 2193
f 2196 2194 2195
f 2197 2198 2196
f 2197 2196 2195
f 2199 2200 2198
f 2199 2198 2197
f 2201 2200 2199
f 2202 2201 2199
f 2203 2201 2202
f 2204 2202 2205
f 2204 2203 2202
f 2206 2205 2207
f 2206 2207 2208
f 2206 2204 2205
f 2209 2208 2210
f 2209 2206 2208
f 2211 2210 2212
f 2211 2209 2210
f 2213 2211 2212
f 2213 2212 2214
f 2215 2213 2214
f 2215 2214 2216
f 2215 2216 2175
f 2185 2215 2175
f 2175 2216 2149
f 2149 2216 2147
f 2197 2131 2199
f 2129 2131 2197
f 2199 2133 2202
f 2131 2133 2199
f 2202 2135 2205
f 2133 2135 2202
f 2205 2137 2207
f 2135 2137 2205
f 2207 2139 2208
f 2137 2139 2207
f 2208 2141 2210
f 2139 2141 2208
f 2210 2143 2212
f 2141 2143 2210
f 2212 2145 2214
f 2143 2145 2212
f 2214 2147 2216
f 2145 2147 2214
f 2197 2195 2129
f 2129 2195 2127
f 2125 2127 2195
f 2125 2195 2193
f 2123 2193 2191
f 2123 2125 2193
f 2121 2191 2189
f 2121 2123 2191
f 2119 2189 2187
f 2119 2121 2189
f 1741 2187 1756
f 1741 2119 2187
f 2194 2124 2192
f 2126 2124 2194
f 2192 2122 2190
f 2124 2122 2192
f 2190 2120 2188
f 2122 2120 2190
f 2188 2118 2186
f 2120 2118 2188
f 2186 1930 1929
f 2118 1930 2186
f 2126 2194 2196
f 2128 2126 2196
f 2128 2196 2198
f 2130 2198 2200
f 2130 2128 2198
f 2132 2200 2201
f 2132 2130 2200
f 2134 2201 2203
f 2134 2132 2201
f 2136 2203 2204
f 2136 2134 2203
f 2138 2204 2206
f 2138 2136 2204
f 2140 2206 2209
f 2140 2138 2206
f 2142 2209 2211
f 2142 2140 2209
f 2144 2211 2213
f 2144 2142 2211
f 2146 2213 2215
f 2146 2144 2213
f 2148 2146 2215
f 2182 2184 2183
f 2181 2185 2184
f 2181 2184 2182
f 2180 2185 2181
f 2177 2179 2178
f 2176 2180 2179
f 2176 2185 2180
f 2176 2179 2177
f 2150 2176 2152
f 2150 2148 2215
f 2150 2215 2185
f 2150 2185 2176
f 2159 2155 2157
f 2159 2151 2155
f 2159 2152 2151
f 2164 2165 2150
f 2160 2150 2152
f 2160 2152 2159
f 2162 2164 2150
f 2162 2150 2160
f 2176 2168 2152
f 2152 2168 2153
f 1574 1156 1161
f 1575 1161 1163
f 1575 1574 1161
f 1576 1163 1165
f 1576 1575 1163
f 1577 1165 1167
f 1577 1576 1165
f 1578 1167 1169
f 1578 1577 1167
f 1579 1169 1171
f 1579 1578 1169
f 1580 1171 696
f 1580 1579 1171
f 1047 1580 696
f 2217 2218 1572
f 1572 2219 2217
f 2218 2220 1572
f 1572 2221 2219
f 2220 2222 1572
f 1572 2223 2221
f 1572 2224 2223
f 2222 2225 1572
f 1572 2226 2224
f 2225 2227 1572
f 2228 2229 2230
f 2228 2231 2229
f 2232 2231 2228
f 2229 2233 2230
f 2230 2233 2227
f 2232 2234 2231
f 2235 2234 2232
f 2233 2236 2227
f 2235 2237 2234
f 2238 2237 2235
f 2238 2239 2237
f 2240 2239 2238
f 2227 1574 1572
f 2236 1574 2227
f 2241 1574 2236
f 2241 2242 1574
f 2242 2243 1574
f 1572 2244 2226
f 2244 2245 2226
f 2243 2246 1574
f 2244 2247 2245
f 2246 2248 1574
f 2248 2249 1574
f 2244 2250 2247
f 2249 2251 1574
f 2251 2252 1574
f 2244 2253 2250
f 2252 2254 1574
f 2254 2255 1574
f 2244 2256 2253
f 2244 2257 2256
f 2255 2258 1574
f 2257 2259 2260
f 2260 2259 2261
f 2244 2259 2257
f 2259 2262 2261
f 2262 2263 2261
f 2263 2264 2261
f 2261 2265 2266
f 2264 2265 2261
f 2266 2267 2268
f 2265 2267 2266
f 2268 2269 2270
f 2267 2269 2268
f 2270 2271 2272
f 2269 2271 2270
f 2271 2273 2272
f 2274 2275 2276
f 2276 2275 2277
f 2277 2278 2279
f 2275 2278 2277
f 2279 2280 2281
f 2278 2280 2279
f 2280 2282 2281
f 2281 2282 2283
f 2283 2284 2285
f 2282 2284 2283
f 2284 2286 2285
f 2285 2286 2273
f 2272 2286 2287
f 2273 2286 2272
f 2286 2288 2287
f 2289 2290 2291
f 2291 2290 2292
f 2290 2293 2292
f 2294 2295 2296
f 2296 2295 2293
f 2295 2297 2293
f 2293 2297 2292
f 2298 2299 2300
f 2300 2299 2301
f 2301 2299 2302
f 2302 2299 2303
f 2304 2305 2306
f 2307 2308 2309
f 2309 2308 2310
f 2298 2311 2299
f 2306 2311 2297
f 2292 2311 2298
f 2297 2311 2292
f 2305 2311 2306
f 2308 2312 2310
f 2311 2313 2299
f 2312 2314 2310
f 2310 2314 2315
f 2311 2316 2313
f 2314 2317 2315
f 2315 2317 2318
f 2311 2319 2316
f 2317 2320 2318
f 2318 2320 2321
f 2311 2322 2319
f 2320 2323 2321
f 2321 2323 2324
f 2325 2326 2327
f 2323 2328 2324
f 2329 2330 2331
f 2331 2330 2332
f 2325 2333 2326
f 2332 2333 2325
f 2330 2334 2332
f 2332 2334 2333
f 2335 2336 2337
f 2334 2338 2333
f 2336 2338 2337
f 2337 2338 2334
f 2338 2339 2333
f 2322 2340 2341
f 2341 2340 2342
f 2343 2344 2339
f 2340 2345 2342
f 2342 2345 2346
f 2344 2347 2339
f 2345 2348 2346
f 2346 2348 2349
f 2347 2350 2339
f 2339 2351 2333
f 2350 2351 2339
f 2348 2352 2349
f 2349 2352 2353
f 2351 2354 2333
f 2354 2355 2333
f 2352 2356 2353
f 2353 2356 2357
f 2355 2358 2333
f 2358 2359 2333
f 2356 2360 2357
f 2357 2360 2361
f 2360 2362 2361
f 2359 2363 2364
f 2363 2365 2364
f 2364 2366 2367
f 2365 2366 2364
f 2367 2368 2369
f 2366 2368 2367
f 2368 2370 2369
f 2369 2371 2372
f 2370 2371 2369
f 2372 2373 2374
f 2371 2373 2372
f 2373 2375 2374
f 1179 1181 1177
f 1177 1181 1175
f 1181 1183 1175
f 1185 1157 1183
f 1175 1157 1172
f 1172 1157 2375
f 1183 1157 1175
f 2324 1156 2376
f 2376 1156 2377
f 2377 1156 2288
f 2375 1156 2374
f 2288 1156 2287
f 1157 1156 2375
f 2374 1156 2378
f 2378 1156 2379
f 2379 1156 2362
f 2362 1156 2361
f 2361 1156 2380
f 2380 1156 2381
f 2381 1156 2328
f 2328 1156 2324
f 1156 1574 2258
f 1156 2258 2287
f 2364 2333 2359
f 2311 2340 2322
f 1172 2375 1173
f 1173 2375 1346
f 2375 2373 1346
f 1346 2373 1344
f 1344 2371 1342
f 2373 2371 1344
f 1342 2370 1341
f 2371 2370 1342
f 1341 2368 1339
f 2370 2368 1341
f 1339 2366 1337
f 2368 2366 1339
f 1337 2365 1336
f 2366 2365 1337
f 1336 2363 1334
f 2365 2363 1336
f 2363 2359 1330
f 2363 1330 1334
f 1330 2359 1329
f 1329 2358 1326
f 2359 2358 1329
f 2358 2355 1326
f 1326 2354 1325
f 2355 2354 1326
f 2354 2351 1322
f 2354 1322 1325
f 2343 2339 1310
f 2343 1310 1315
f 2344 1315 1314
f 2344 2343 1315
f 2347 1314 1318
f 2347 2344 1314
f 2350 1318 1321
f 2350 2347 1318
f 2351 1321 1322
f 2351 2350 1321
f 1310 2338 1309
f 2339 2338 1310
f 2333 1303 1296
f 2326 1296 1298
f 2326 2333 1296
f 2327 1298 1297
f 2327 2326 1298
f 2325 1297 1304
f 2325 2327 1297
f 2332 1304 1302
f 2332 2325 1304
f 2331 1302 1301
f 2331 2332 1302
f 2329 1301 1300
f 2329 2331 1301
f 2330 1300 1305
f 2330 2329 1300
f 2334 1305 1308
f 2334 2330 1305
f 2337 1308 1307
f 2337 2334 1308
f 2335 1307 1306
f 2335 2337 1307
f 2336 1306 1309
f 2336 2335 1306
f 2338 2336 1309
f 1335 1303 2364
f 2364 1303 2333
f 1335 2367 1338
f 2364 2367 1335
f 1338 2369 1340
f 2367 2369 1338
f 1340 2372 1343
f 2369 2372 1340
f 1343 2374 1345
f 2372 2374 1343
f 1345 2378 1348
f 2374 2378 1345
f 1348 2379 1347
f 2378 2379 1348
f 1347 2362 1333
f 2379 2362 1347
f 1333 2360 1331
f 2362 2360 1333
f 1331 2356 1327
f 2360 2356 1331
f 1327 2352 1323
f 2356 2352 1327
f 1323 2348 1319
f 2352 2348 1323
f 1319 2345 1316
f 2348 2345 1319
f 1316 2340 1311
f 2345 2340 1316
f 2311 1311 2340
f 1278 1311 2311
f 1278 2311 2305
f 1275 2305 2304
f 1275 1278 2305
f 1276 2304 2306
f 1276 1275 2304
f 1277 2306 2297
f 1277 1276 2306
f 1273 2297 2295
f 1273 1277 2297
f 1265 2295 2294
f 1265 1273 2295
f 1266 2294 2296
f 1266 1265 2294
f 1267 2296 2293
f 1267 1266 2296
f 1264 2293 2290
f 1264 1267 2293
f 1260 2290 2289
f 1260 1264 2290
f 1263 2289 2291
f 1263 1260 2289
f 1261 2291 2292
f 1261 1263 2291
f 1262 1261 2292
f 1262 2298 1272
f 2292 2298 1262
f 1272 2298 2300
f 1271 2300 2301
f 1271 1272 2300
f 1269 2301 2302
f 1269 1271 2301
f 1270 2302 2303
f 1270 1269 2302
f 1268 2303 2299
f 1268 1270 2303
f 1274 1268 2299
f 1274 2313 1284
f 2299 2313 1274
f 2322 1293 2319
f 2319 1290 2316
f 1293 1290 2319
f 1290 1287 2316
f 2316 1284 2313
f 1287 1284 2316
f 2322 1312 1293
f 2322 2341 1312
f 1312 2342 1313
f 2341 2342 1312
f 1313 2346 1317
f 2342 2346 1313
f 1317 2349 1320
f 2346 2349 1317
f 1320 2353 1324
f 2349 2353 1320
f 1328 2357 1332
f 1324 2357 1328
f 2353 2357 1324
f 1332 2361 1349
f 2357 2361 1332
f 2361 2380 1349
f 2380 2381 1349
f 1349 2381 1350
f 1279 1283 2308
f 2308 1283 2312
f 2312 1285 2314
f 1283 1285 2312
f 2314 1288 2317
f 1285 1288 2314
f 2317 1291 2320
f 1288 1291 2317
f 2320 1294 2323
f 1291 1294 2320
f 2323 1299 2328
f 1294 1299 2323
f 2328 1350 2381
f 1299 1350 2328
f 2382 2383 2384
f 2385 2384 2386
f 2385 2382 2384
f 2387 2388 2383
f 2387 2383 2382
f 2389 2386 2390
f 2389 2385 2386
f 2391 2392 2388
f 2391 2388 2387
f 2393 2390 1395
f 2393 2389 2390
f 1280 2307 2392
f 1280 2392 2391
f 2394 2393 1395
f 1279 2308 2307
f 1279 2307 1280
f 1396 2394 1395
f 2395 2394 1396
f 2394 2396 2393
f 2393 2397 2389
f 2396 2397 2393
f 2389 2398 2385
f 2397 2398 2389
f 2385 2399 2382
f 2398 2399 2385
f 2382 2400 2387
f 2399 2400 2382
f 2387 2401 2391
f 2400 2401 2387
f 2391 2402 1280
f 2401 2402 2391
f 2402 1281 1280
f 1282 1281 2310
f 2310 1281 2309
f 2309 1281 2403
f 2403 2402 2404
f 1281 2402 2403
f 2402 2401 2404
f 2401 2405 2404
f 2401 2400 2405
f 2399 2406 2400
f 2400 2406 2405
f 2398 2407 2399
f 2399 2407 2406
f 2397 2408 2398
f 2398 2408 2407
f 2396 1393 2397
f 2397 1393 2408
f 1259 1351 2288
f 2288 1351 2377
f 2377 1352 2376
f 1351 1352 2377
f 2376 1295 2324
f 1352 1295 2376
f 2324 1292 2321
f 1295 1292 2324
f 2321 1289 2318
f 1292 1289 2321
f 2318 1286 2315
f 1289 1286 2318
f 2315 1282 2310
f 1286 1282 2315
f 1259 2286 1258
f 2288 2286 1259
f 1258 2284 1256
f 2286 2284 1258
f 1256 2282 1254
f 2284 2282 1256
f 1254 2280 1252
f 2282 2280 1254
f 1252 2278 1250
f 2280 2278 1252
f 1250 2275 1246
f 2278 2275 1250
f 1246 2274 1247
f 2275 2274 1246
f 2274 2409 1247
f 2410 2409 2274
f 2411 2412 2409
f 2411 2409 2410
f 2413 2414 2412
f 2413 2412 2411
f 2415 2414 2413
f 2416 2414 2415
f 2417 2416 2415
f 2418 2417 2419
f 2418 2416 2417
f 2420 2419 2421
f 2420 2418 2419
f 2422 2420 2421
f 2423 2422 2421
f 2424 2423 2425
f 2424 2422 2423
f 2426 2425 2427
f 2426 2424 2425
f 2428 2427 2429
f 2428 2426 2427
f 2430 2429 2431
f 2430 2428 2429
f 2432 2430 2431
f 2433 2432 2431
f 2433 2431 2434
f 2435 2433 2434
f 2435 2434 2436
f 2437 2435 2436
f 2437 2436 2438
f 2439 2438 2440
f 2439 2437 2438
f 2441 2439 2440
f 2442 2441 2440
f 2443 2442 2440
f 2444 2442 2443
f 2445 2444 2443
f 2445 2446 2444
f 2447 2446 2445
f 2447 2448 2446
f 2449 2450 2448
f 2449 2448 2447
f 2451 2452 2450
f 2451 2450 2449
f 2422 2453 2454
f 2420 2454 2455
f 2420 2422 2454
f 2418 2455 2456
f 2418 2420 2455
f 2416 2456 2457
f 2416 2418 2456
f 2414 2457 2458
f 2414 2416 2457
f 2412 2458 2459
f 2412 2414 2458
f 2409 2459 1248
f 2409 2412 2459
f 1247 2409 1248
f 2456 2460 2457
f 2457 2461 2458
f 2460 2461 2457
f 2455 2462 2456
f 2456 2462 2460
f 2458 2463 2459
f 2461 2463 2458
f 2454 2464 2455
f 2455 2464 2462
f 2459 2465 1248
f 2463 2465 2459
f 2453 2466 2454
f 2454 2466 2464
f 2465 2276 1248
f 2467 2468 2469
f 2469 2468 2453
f 2453 2468 2466
f 2467 2470 2468
f 2471 2472 2467
f 2467 2472 2470
f 2473 2474 2471
f 2471 2474 2472
f 2475 2476 2477
f 2478 2479 2473
f 2473 2479 2474
f 2480 2481 2478
f 2478 2481 2479
f 2475 2482 2476
f 2476 2482 2483
f 2484 2485 2480
f 2480 2485 2481
f 2482 2486 2483
f 2483 2486 2487
f 2484 2488 2485
f 2489 2488 2484
f 2486 2490 2487
f 2487 2490 2491
f 2489 2492 2488
f 2493 2492 2489
f 2490 2494 2491
f 2491 2494 2493
f 2493 2494 2492
f 2271 1245 2273
f 1243 1245 2271
f 2273 1257 2285
f 1245 1257 2273
f 2285 1255 2283
f 1257 1255 2285
f 2283 1253 2281
f 1255 1253 2283
f 2281 1251 2279
f 1253 1251 2281
f 2279 1249 2277
f 1251 1249 2279
f 2277 1248 2276
f 1249 1248 2277
f 1231 1234 2259
f 2259 1234 2262
f 2262 1235 2263
f 1234 1235 2262
f 2263 1236 2264
f 1235 1236 2263
f 2264 1237 2265
f 1236 1237 2264
f 2265 1239 2267
f 1237 1239 2265
f 2267 1241 2269
f 1239 1241 2267
f 2269 1243 2271
f 1241 1243 2269
f 2495 2496 1502
f 2497 2498 2496
f 2497 2496 2495
f 2499 2498 2497
f 2500 2501 2498
f 2500 2498 2499
f 2502 2501 2500
f 2503 2501 2502
f 2504 2503 2502
f 2505 2504 2506
f 2505 2503 2504
f 2507 2506 1211
f 2507 2505 2506
f 2244 2507 1211
f 1231 2244 1211
f 2259 2244 1231
f 2497 1374 2499
f 2495 1374 2497
f 1373 1374 2495
f 2499 1375 2500
f 1374 1375 2499
f 2500 1376 2502
f 1375 1376 2500
f 2502 1381 2504
f 1376 1381 2502
f 2504 1384 2506
f 1381 1384 2504
f 2506 1385 1211
f 1384 1385 2506
f 1385 1188 1211
f 2508 2396 2394
f 2509 2395 2510
f 2511 2512 2513
f 2511 2509 2512
f 2514 2395 2509
f 2514 2509 2511
f 2515 2395 2514
f 2516 2517 2508
f 2518 2508 2394
f 2518 2516 2508
f 2519 2517 2516
f 2519 2520 2517
f 2521 2518 2394
f 2522 2523 2520
f 2522 2520 2519
f 2524 2521 2394
f 2525 2526 2523
f 2525 2523 2522
f 2527 2526 2525
f 2528 2524 2394
f 2529 2530 2526
f 2529 2531 2530
f 2529 2526 2527
f 2532 2528 2394
f 2533 2395 2515
f 2534 2394 2395
f 2534 2532 2394
f 2534 2395 2533
f 2535 2532 2534
f 2535 2536 2532
f 2537 2536 2535
f 2537 2538 2536
f 2539 2531 2529
f 2540 2541 2542
f 2543 2542 2541
f 2544 2540 2542
f 2545 2542 2543
f 2546 2544 2542
f 2546 2542 2547
f 2548 2549 2542
f 2548 2550 2549
f 2548 2542 2545
f 2551 2546 2547
f 2552 2551 2547
f 2553 2552 2547
f 2554 2553 2547
f 2555 2554 2547
f 2555 2556 2554
f 2557 2558 2559
f 2557 2560 2558
f 2561 2557 2559
f 2561 2559 2556
f 2562 2561 2556
f 2562 2556 2555
f 2563 2562 2555
f 2563 2555 2564
f 2565 2563 2564
f 2565 2566 2567
f 2565 2564 2566
f 2568 2569 2538
f 2570 2537 2571
f 2570 2538 2537
f 2570 2568 2538
f 2572 2569 2568
f 2572 2573 2569
f 2574 2571 2550
f 2574 2550 2548
f 2574 2570 2571
f 2575 2573 2572
f 2576 2573 2575
f 2576 2577 2573
f 2578 2574 2548
f 2579 2577 2576
f 2580 2578 2548
f 2580 2581 2578
f 2580 2582 2581
f 2580 2583 2582
f 2584 2583 2580
f 2585 2586 2583
f 2585 2583 2584
f 2587 2586 2585
f 2587 2588 2586
f 2589 2588 2587
f 2589 2590 2588
f 2591 2592 2590
f 2591 2590 2589
f 2593 2594 2592
f 2593 2592 2591
f 2595 2594 2593
f 2596 2594 2595
f 2597 2598 2599
f 2597 2596 2598
f 2597 2599 2600
f 2597 2601 2602
f 2597 2603 2601
f 2597 2604 2603
f 2597 2605 2604
f 2597 2594 2596
f 2597 2606 2605
f 2597 2607 2606
f 2597 2608 2607
f 2597 2609 2608
f 2597 2600 2609
f 1373 2495 2610
f 2611 2577 2579
f 2611 2612 2577
f 2613 1373 2610
f 2614 1373 2613
f 2615 1373 2614
f 2616 1373 2615
f 2617 1373 2616
f 2618 1373 2617
f 2619 1373 2618
f 2620 2621 2594
f 2622 2620 2594
f 2623 2624 2622
f 2623 2625 2624
f 2623 2622 2594
f 2623 2626 2625
f 2623 2594 2597
f 2627 2628 2629
f 2627 2630 2628
f 2631 2627 2629
f 2631 2629 2626
f 2632 2631 2626
f 2632 2626 2623
f 2633 2632 2623
f 2633 2623 2634
f 2635 2633 2634
f 2635 2636 2637
f 2635 2634 2636
f 2638 2639 2640
f 2641 2639 2638
f 2642 2639 2641
f 2643 2639 2642
f 2644 2645 2639
f 2644 2639 2643
f 2646 2645 2644
f 1390 2647 2648
f 1390 2648 2649
f 1390 2650 2651
f 1390 2652 2650
f 1390 2653 2652
f 1390 2654 2653
f 1390 2655 2654
f 1390 2656 2655
f 1390 2657 2656
f 1390 2658 2657
f 1390 2649 2658
f 1388 2659 2647
f 1388 2660 2659
f 1388 2661 2660
f 1388 2646 2661
f 1388 2647 1390
f 1388 2662 2645
f 1388 2663 2662
f 1388 2664 2663
f 1388 2665 2664
f 1388 2666 2665
f 1388 2645 2646
f 1388 1373 2619
f 1388 2619 2666
f 2529 2613 2539
f 2539 2613 2667
f 2667 2613 2668
f 2668 2613 2669
f 2669 2613 2670
f 2670 2613 2671
f 2671 2613 2610
f 2639 2594 2672
f 2672 2594 2673
f 2673 2594 2674
f 2674 2594 2675
f 2675 2594 2676
f 2676 2594 2621
f 2639 2672 2640
f 2649 1539 1535
f 2658 1535 1537
f 2658 2649 1535
f 2657 1537 1538
f 2657 2658 1537
f 2656 1538 1536
f 2656 2657 1538
f 2655 1536 1540
f 2655 2656 1536
f 2654 1540 1541
f 2654 1541 1545
f 2654 2655 1540
f 2653 1545 1542
f 2653 2654 1545
f 2652 1542 1544
f 2652 2653 1542
f 2650 1544 1543
f 2650 2652 1544
f 2651 1543 1546
f 2651 2650 1543
f 1390 1546 1391
f 1390 2651 1546
f 2649 2648 1548
f 2649 1548 1539
f 1548 2648 1547
f 1547 2647 1551
f 2648 2647 1547
f 2647 2659 1551
f 1551 2660 1550
f 2659 2660 1551
f 1550 2661 1549
f 2660 2661 1550
f 1549 2646 1534
f 2661 2646 1549
f 1534 2644 1533
f 2646 2644 1534
f 1533 2643 1531
f 2644 2643 1533
f 1531 2642 1530
f 2643 2642 1531
f 1530 2641 1529
f 2642 2641 1530
f 1529 2638 1527
f 2641 2638 1529
f 2640 1527 2638
f 1528 1527 2640
f 2625 1516 2624
f 2624 1517 2622
f 1516 1517 2624
f 2622 1512 2620
f 1517 1512 2622
f 2620 1511 2621
f 1512 1511 2620
f 2621 1510 2676
f 1511 1510 2621
f 2676 1566 2675
f 1510 1566 2676
f 2675 1565 2674
f 1566 1565 2675
f 2674 1564 2673
f 1565 1564 2674
f 2673 1563 2672
f 1564 1563 2673
f 2672 1562 2640
f 1563 1562 2672
f 1562 1528 2640
f 1516 2626 1515
f 2625 2626 1516
f 1515 2626 2629
f 1514 2629 2628
f 1514 1515 2629
f 1520 2628 2630
f 1520 1514 2628
f 1518 2630 2627
f 1518 1520 2630
f 1519 2627 2631
f 1519 1518 2627
f 1521 2631 2632
f 1521 2632 2633
f 1521 1519 2631
f 1525 2633 2635
f 1525 1521 2633
f 1524 2635 2637
f 1524 1525 2635
f 1522 2637 2636
f 1522 1524 2637
f 1523 2636 2634
f 1523 1522 2636
f 1513 2634 2623
f 1513 1523 2634
f 2623 2597 1495
f 2623 1495 1513
f 2600 1488 1483
f 2609 1483 1485
f 2609 2600 1483
f 2608 1485 1486
f 2608 2609 1485
f 2607 1486 1484
f 2607 2608 1486
f 2606 1484 1487
f 2606 2607 1484
f 2605 1487 1489
f 2605 1489 1493
f 2605 2606 1487
f 2604 1493 1490
f 2604 2605 1493
f 2603 1490 1492
f 2603 2604 1490
f 2601 1492 1491
f 2601 2603 1492
f 2602 1491 1494
f 2602 2601 1491
f 2597 1494 1495
f 2597 2602 1494
f 2600 2599 1497
f 2600 1497 1488
f 1497 2599 1496
f 1496 2598 1482
f 2599 2598 1496
f 2598 2596 1482
f 1482 2595 1481
f 2596 2595 1482
f 1481 2593 1480
f 2595 2593 1481
f 1480 2591 1478
f 2593 2591 1480
f 1478 2589 1476
f 2591 2589 1478
f 1476 2587 1474
f 2589 2587 1476
f 1474 2585 1471
f 2587 2585 1474
f 1471 2584 1470
f 2585 2584 1471
f 1470 2580 1466
f 2584 2580 1470
f 2548 1466 2580
f 1437 1466 2548
f 2554 1442 2553
f 2553 1441 2552
f 1442 1441 2553
f 2552 1440 2551
f 1441 1440 2552
f 2551 1439 2546
f 1440 1439 2551
f 2546 1434 2544
f 1439 1434 2546
f 2544 1432 2540
f 1434 1432 2544
f 2540 1429 2541
f 1432 1429 2540
f 2541 1428 2543
f 1429 1428 2541
f 2543 1431 2545
f 1428 1431 2543
f 2545 1433 2548
f 1431 1433 2545
f 1433 1437 2548
f 1442 2556 1447
f 2554 2556 1442
f 1447 2556 2559
f 1445 2559 2558
f 1445 1447 2559
f 1443 2558 2560
f 1443 1445 2558
f 1444 2560 2557
f 1444 1443 2560
f 1449 2557 2561
f 1449 1444 2557
f 1448 2561 2562
f 1448 2562 2563
f 1448 1449 2561
f 1453 2563 2565
f 1453 1448 2563
f 1450 2565 2567
f 1450 1453 2565
f 1452 2567 2566
f 1452 1450 2567
f 1451 2566 2564
f 1451 1452 2566
f 1446 2564 2555
f 1446 1451 2564
f 1435 1446 2555
f 1435 2555 2547
f 1430 2547 2542
f 1430 1435 2547
f 2533 1421 2534
f 2534 1422 2535
f 1421 1422 2534
f 2535 1423 2537
f 1422 1423 2535
f 2537 1425 2571
f 1423 1425 2537
f 2571 1457 2550
f 1425 1457 2571
f 2550 1436 2549
f 1457 1436 2550
f 2549 1438 2542
f 1436 1438 2549
f 1438 1430 2542
f 1403 2533 2515
f 1403 1421 2533
f 1401 1403 2515
f 1401 2515 2514
f 1402 2514 2511
f 1402 1401 2514
f 1399 2511 2513
f 1399 1402 2511
f 1400 2513 2512
f 1400 1399 2513
f 1397 2512 2509
f 1397 1400 2512
f 1398 2509 2510
f 1398 1397 2509
f 1396 2510 2395
f 1396 1398 2510
f 1417 1419 2531
f 2531 1419 2530
f 2530 1413 2526
f 1419 1413 2530
f 2526 1410 2523
f 1413 1410 2526
f 2523 1408 2520
f 1410 1408 2523
f 2520 1404 2517
f 1408 1404 2520
f 2517 1394 2508
f 1404 1394 2517
f 2508 1393 2396
f 1394 1393 2508
f 1427 2531 2539
f 1427 1417 2531
f 1427 2539 1557
f 1557 2667 1558
f 2539 2667 1557
f 1558 2668 1559
f 2667 2668 1558
f 1559 2669 1560
f 2668 2669 1559
f 1560 2670 1561
f 2669 2670 1560
f 1561 2671 1503
f 2670 2671 1561
f 1503 2610 1502
f 2671 2610 1503
f 2610 2495 1502
f 1418 2529 1415
f 1415 2527 1414
f 2529 2527 1415
f 1414 2525 1411
f 2527 2525 1414
f 1411 2522 1407
f 2525 2522 1411
f 1407 2519 1405
f 2522 2519 1407
f 1405 2516 1406
f 2519 2516 1405
f 1406 2518 1409
f 2516 2518 1406
f 1409 2521 1412
f 2518 2521 1409
f 1412 2524 1416
f 2521 2524 1412
f 1416 2528 1420
f 2524 2528 1416
f 1420 2532 1424
f 2528 2532 1420
f 1424 2536 1426
f 2532 2536 1424
f 1426 2538 1454
f 2536 2538 1426
f 1454 2569 1459
f 2538 2569 1454
f 1459 2573 1463
f 2569 2573 1459
f 2573 2577 1463
f 2577 1498 1463
f 2577 2612 1498
f 1498 2677 2678
f 2612 2677 1498
f 2678 2679 2680
f 2677 2679 2678
f 2680 2681 2682
f 2679 2681 2680
f 2681 2683 2682
f 2683 2684 2682
f 2683 2685 2684
f 2685 2686 2684
f 2685 2687 2686
f 2687 2688 2686
f 2687 2689 2688
f 2689 2690 2688
f 2689 2691 2690
f 2691 2692 2690
f 2692 2693 2694
f 2691 2693 2692
f 2694 2695 2696
f 2693 2695 2694
f 2696 2697 2698
f 2695 2697 2696
f 2698 2699 2700
f 2697 2699 2698
f 2700 2701 2702
f 2699 2701 2700
f 2702 2703 2704
f 2701 2703 2702
f 2703 2705 2704
f 2704 2705 2706
f 2706 2707 2708
f 2705 2707 2706
f 2707 2709 2708
f 2710 2711 2712
f 2710 2712 2713
f 2714 2710 2713
f 2715 2713 2716
f 2715 2714 2713
f 2717 2716 2718
f 2717 2715 2716
f 2719 2718 2720
f 2719 2717 2718
f 2721 2720 2722
f 2721 2719 2720
f 2723 2721 2722
f 2724 2722 2725
f 2724 2723 2722
f 2709 2725 2708
f 2709 2724 2725
f 2726 2727 2728
f 2729 2727 2726
f 2730 2727 2729
f 2731 2727 2730
f 2732 2727 2731
f 2733 2727 2732
f 2734 2727 2733
f 2708 2712 2734
f 2734 2712 2727
f 2708 2725 2712
f 2725 2722 2712
f 2722 2720 2712
f 2713 2718 2716
f 2712 2718 2713
f 2720 2718 2712
f 2734 2735 2708
f 2708 2735 2706
f 2688 2690 2736
f 2736 2690 2737
f 2737 2692 2738
f 2690 2692 2737
f 2738 2694 2739
f 2692 2694 2738
f 2739 2696 2740
f 2694 2696 2739
f 2740 2698 2741
f 2696 2698 2740
f 2741 2700 2742
f 2698 2700 2741
f 2742 2702 2743
f 2700 2702 2742
f 2743 2704 2744
f 2702 2704 2743
f 2744 2706 2735
f 2704 2706 2744
f 2688 2745 2686
f 2736 2745 2688
f 2684 2686 2745
f 2684 2745 2746
f 2682 2746 2747
f 2682 2684 2746
f 2680 2747 2748
f 2680 2682 2747
f 2678 2748 2749
f 2678 2680 2748
f 1498 2749 1499
f 1498 2678 2749
f 2611 1465 1499
f 2611 2579 1465
f 2750 1499 2749
f 2750 2611 1499
f 2751 2749 2748
f 2751 2750 2749
f 2752 2748 2747
f 2752 2751 2748
f 2753 2752 2747
f 2746 2753 2747
f 2754 2753 2746
f 2745 2754 2746
f 2755 2754 2745
f 2736 2756 2755
f 2736 2755 2745
f 2737 2757 2756
f 2737 2756 2736
f 2758 2757 2737
f 2738 2758 2737
f 2759 2758 2738
f 2760 2738 2739
f 2760 2759 2738
f 2761 2739 2740
f 2761 2740 2741
f 2761 2760 2739
f 2762 2741 2742
f 2762 2761 2741
f 2763 2742 2743
f 2763 2762 2742
f 2764 2763 2743
f 2764 2743 2744
f 2765 2764 2744
f 2765 2744 2735
f 2765 2735 2734
f 2766 2765 2734
f 2728 2727 2767
f 2728 2767 2768
f 2726 2768 2769
f 2726 2728 2768
f 2729 2769 2770
f 2729 2726 2769
f 2730 2770 2771
f 2730 2729 2770
f 2731 2771 2772
f 2731 2772 2773
f 2731 2730 2771
f 2732 2773 2774
f 2732 2731 2773
f 2733 2774 2775
f 2733 2775 2766
f 2733 2732 2774
f 2734 2733 2766
f 2773 2775 2774
f 2772 2766 2775
f 2772 2775 2773
f 2771 2766 2772
f 2768 2770 2769
f 2767 2771 2770
f 2767 2766 2771
f 2767 2770 2768
f 2709 2707 2765
f 2709 2765 2766
f 2709 2767 2711
f 2709 2766 2767
f 2717 2714 2715
f 2717 2710 2714
f 2717 2711 2710
f 2723 2724 2709
f 2719 2709 2711
f 2719 2711 2717
f 2721 2723 2709
f 2721 2709 2719
f 2767 2727 2711
f 2711 2727 2712
f 2687 2755 2756
f 2689 2756 2757
f 2689 2687 2756
f 2691 2757 2758
f 2691 2689 2757
f 2693 2758 2759
f 2693 2691 2758
f 2695 2759 2760
f 2695 2693 2759
f 2697 2760 2761
f 2697 2695 2760
f 2699 2761 2762
f 2699 2697 2761
f 2701 2762 2763
f 2701 2699 2762
f 2703 2763 2764
f 2703 2701 2763
f 2705 2764 2765
f 2705 2703 2764
f 2707 2705 2765
f 2685 2754 2755
f 2687 2685 2755
f 2685 2683 2754
f 2754 2683 2753
f 2753 2681 2752
f 2683 2681 2753
f 2752 2679 2751
f 2681 2679 2752
f 2751 2677 2750
f 2679 2677 2751
f 2750 2612 2611
f 2677 2612 2750
f 1465 2579 1462
f 1462 2576 1461
f 2579 2576 1462
f 1461 2575 1458
f 2576 2575 1461
f 1458 2572 1455
f 2575 2572 1458
f 1455 2568 1456
f 2572 2568 1455
f 1456 2570 1460
f 2568 2570 1456
f 1460 2574 1464
f 2570 2574 1460
f 1464 2578 1469
f 2574 2578 1464
f 1469 2581 1468
f 2578 2581 1469
f 1468 2582 1467
f 2581 2582 1468
f 1467 2583 1472
f 2582 2583 1467
f 1472 2586 1473
f 2583 2586 1472
f 1473 2588 1475
f 2586 2588 1473
f 1475 2590 1477
f 2588 2590 1475
f 1477 2592 1479
f 2590 2592 1477
f 2592 2594 1479
f 1526 1479 2639
f 2639 1479 2594
f 2639 2645 1526
f 1526 2645 1532
f 1532 2662 1556
f 2645 2662 1532
f 1556 2663 1555
f 2662 2663 1556
f 1555 2664 1554
f 2663 2664 1555
f 1553 2665 1552
f 1554 2665 1553
f 2664 2665 1554
f 2665 2666 1552
f 2666 2619 1509
f 2666 1509 1552
f 1509 2619 1508
f 1508 2618 1507
f 2619 2618 1508
f 2618 2617 1507
f 1507 2616 1506
f 2617 2616 1507
f 1506 2615 1505
f 2616 2615 1506
f 1505 2614 1504
f 2615 2614 1505
f 1504 2613 1501
f 2614 2613 1504
f 2613 1418 1501
f 2613 2529 1418
f 2507 2244 1572
f 2507 1572 1570
f 2505 1570 1567
f 2505 2507 1570
f 2503 1567 1568
f 2503 2505 1567
f 2501 1568 1569
f 2501 2503 1568
f 2498 1569 1571
f 2498 2501 1569
f 2496 1571 1573
f 2496 2498 1571
f 1502 1573 1500
f 1502 2496 1573
f 2466 2419 2464
f 2421 2419 2466
f 2464 2417 2462
f 2419 2417 2464
f 2462 2415 2460
f 2417 2415 2462
f 2460 2413 2461
f 2415 2413 2460
f 2461 2411 2463
f 2413 2411 2461
f 2463 2410 2465
f 2411 2410 2463
f 2465 2274 2276
f 2410 2274 2465
f 2468 2423 2421
f 2466 2468 2421
f 2423 2470 2425
f 2468 2470 2423
f 2425 2472 2427
f 2470 2472 2425
f 2427 2474 2429
f 2472 2474 2427
f 2482 2449 2447
f 2486 2447 2445
f 2486 2482 2447
f 2490 2445 2443
f 2490 2486 2445
f 2494 2443 2440
f 2494 2490 2443
f 2492 2440 2438
f 2492 2494 2440
f 2488 2438 2436
f 2488 2492 2438
f 2485 2436 2434
f 2485 2488 2436
f 2481 2434 2431
f 2481 2485 2434
f 2479 2431 2429
f 2479 2481 2431
f 2474 2479 2429
f 2776 2777 2778
f 2778 2777 2779
f 2779 2777 2780
f 2780 2475 2781
f 2781 2475 2782
f 2777 2475 2780
f 2777 2482 2475
f 2783 2784 2785
f 2784 2786 2785
f 2786 2787 2785
f 2787 2788 2785
f 2788 2789 2785
f 2789 2451 2785
f 2785 2449 2777
f 2777 2449 2482
f 2451 2449 2785
f 2782 2475 2477
f 2782 2477 2790
f 2781 2790 2791
f 2781 2782 2790
f 2780 2791 2792
f 2780 2781 2791
f 2779 2792 2793
f 2779 2780 2792
f 2778 2793 2794
f 2778 2779 2793
f 2776 2794 2795
f 2776 2778 2794
f 2777 2795 2796
f 2777 2776 2795
f 2797 2450 2452
f 2797 2798 2799
f 2797 2800 2798
f 2797 2801 2800
f 2797 2802 2801
f 2797 2803 2802
f 2797 2452 2803
f 2796 2476 2450
f 2796 2450 2797
f 2477 2476 2796
f 2790 2477 2796
f 2793 2795 2794
f 2793 2796 2795
f 2792 2791 2790
f 2792 2790 2796
f 2792 2796 2793
f 2796 2785 2777
f 2797 2785 2796
f 2803 2452 2451
f 2803 2451 2789
f 2802 2789 2788
f 2802 2803 2789
f 2801 2788 2787
f 2801 2802 2788
f 2800 2787 2786
f 2800 2801 2787
f 2798 2786 2784
f 2798 2800 2786
f 2799 2784 2783
f 2799 2798 2784
f 2797 2783 2785
f 2797 2799 2783
f 2450 2476 2448
f 2448 2483 2446
f 2476 2483 2448
f 2446 2487 2444
f 2483 2487 2446
f 2444 2491 2442
f 2487 2491 2444
f 2441 2493 2439
f 2442 2493 2441
f 2491 2493 2442
f 2439 2489 2437
f 2493 2489 2439
f 2437 2484 2435
f 2489 2484 2437
f 2435 2480 2433
f 2484 2480 2435
f 2433 2478 2432
f 2480 2478 2433
f 2432 2473 2430
f 2478 2473 2432
f 2467 2469 2424
f 2467 2424 2426
f 2471 2426 2428
f 2471 2467 2426
f 2473 2428 2430
f 2473 2471 2428
f 2453 2422 2469
f 2422 2424 2469
f 2392 2307 2309
f 2392 2309 2403
f 2388 2403 2404
f 2388 2392 2403
f 2383 2404 2405
f 2383 2388 2404
f 2384 2405 2406
f 2384 2383 2405
f 2386 2406 2407
f 2386 2384 2406
f 2390 2407 2408
f 2390 2386 2407
f 1395 2408 1393
f 1395 2390 2408
f 1196 1194 2226
f 2226 1194 2224
f 2224 1193 2223
f 1194 1193 2224
f 2223 1191 2221
f 1193 1191 2223
f 2221 1189 2219
f 1191 1189 2221
f 2219 1187 2217
f 1189 1187 2219
f 2217 1186 2218
f 1187 1186 2217
f 2218 1190 2220
f 1186 1190 2218
f 2220 1192 2222
f 1190 1192 2220
f 2222 1195 2225
f 1192 1195 2222
f 2225 1197 2227
f 1195 1197 2225
f 2227 1204 2230
f 1197 1204 2227
f 2230 1200 2228
f 1204 1200 2230
f 2228 1199 2232
f 1200 1199 2228
f 2232 1202 2235
f 1199 1202 2232
f 2235 1206 2238
f 1202 1206 2235
f 2804 2805 2806
f 2806 2807 2808
f 2805 2807 2806
f 2808 2809 2810
f 2807 2809 2808
f 2810 2811 2812
f 2809 2811 2810
f 2811 2813 2812
f 2812 2814 2815
f 2813 2814 2812
f 2815 2816 2817
f 2814 2816 2815
f 2817 2818 2819
f 2816 2818 2817
f 2819 2820 2821
f 2818 2820 2819
f 2821 2822 2823
f 2820 2822 2821
f 2823 2240 1209
f 2822 2240 2823
f 1209 2238 1206
f 2240 2238 1209
f 2824 2825 2826
f 2824 2826 2827
f 2828 2827 2829
f 2828 2824 2827
f 2830 2829 2831
f 2830 2828 2829
f 2832 2831 2833
f 2832 2830 2831
f 2834 2833 2835
f 2834 2832 2833
f 2836 2835 2837
f 2836 2834 2835
f 2838 2837 2839
f 2838 2836 2837
f 2840 2839 2841
f 2840 2838 2839
f 2804 2841 2805
f 2804 2840 2841
f 2842 2843 2844
f 2845 2846 2843
f 2845 2843 2842
f 2847 2846 2845
f 2848 2849 2850
f 2851 2847 2849
f 2851 2846 2847
f 2851 2849 2848
f 2806 2852 2846
f 2825 2846 2851
f 2804 2806 2846
f 2804 2846 2825
f 2830 2825 2824
f 2830 2824 2828
f 2834 2836 2838
f 2834 2838 2840
f 2834 2840 2804
f 2832 2804 2825
f 2832 2834 2804
f 2832 2825 2830
f 2825 2851 2853
f 2826 2825 2853
f 2829 2827 2831
f 2835 2841 2837
f 2837 2841 2839
f 2833 2805 2835
f 2835 2805 2841
f 2831 2826 2833
f 2827 2826 2831
f 2833 2826 2805
f 2826 2853 2805
f 2854 2855 2853
f 2856 2855 2854
f 2855 2857 2853
f 2858 2859 2860
f 2859 2861 2860
f 2860 2862 2857
f 2853 2862 2805
f 2857 2862 2853
f 2861 2862 2860
f 2805 2863 2807
f 2862 2863 2805
f 2816 2814 2864
f 2864 2814 2865
f 2865 2813 2866
f 2866 2813 2867
f 2814 2813 2865
f 2867 2811 2868
f 2813 2811 2867
f 2868 2809 2863
f 2811 2809 2868
f 2809 2807 2863
f 2816 2869 2818
f 2864 2869 2816
f 2818 2869 2870
f 2820 2870 2871
f 2820 2818 2870
f 2822 2820 2871
f 2240 2871 2239
f 2240 2822 2871
f 2862 2846 2852
f 2863 2862 2852
f 2868 2852 2872
f 2868 2863 2852
f 2867 2872 2873
f 2867 2868 2872
f 2866 2873 2874
f 2866 2867 2873
f 2865 2874 2875
f 2865 2866 2874
f 2864 2875 2876
f 2864 2865 2875
f 2869 2876 2877
f 2869 2864 2876
f 2870 2877 2878
f 2870 2869 2877
f 2871 2878 2879
f 2871 2870 2878
f 2239 2879 1210
f 2239 1210 1208
f 2239 2871 2879
f 2237 2239 1208
f 2853 2851 2848
f 2854 2848 2850
f 2854 2853 2848
f 2856 2850 2849
f 2856 2854 2850
f 2855 2849 2847
f 2855 2856 2849
f 2857 2847 2845
f 2857 2855 2847
f 2860 2845 2842
f 2860 2857 2845
f 2858 2842 2844
f 2858 2860 2842
f 2859 2844 2843
f 2859 2858 2844
f 2861 2843 2846
f 2861 2859 2843
f 2862 2861 2846
f 2255 2254 1226
f 1226 2254 1225
f 1225 2252 1223
f 2254 2252 1225
f 1223 2251 1222
f 2252 2251 1223
f 1222 2249 1220
f 2251 2249 1222
f 1220 2248 1219
f 2249 2248 1220
f 1219 2246 1218
f 2248 2246 1219
f 1218 2243 1217
f 2246 2243 1218
f 1217 2242 1216
f 2243 2242 1217
f 1216 2241 1215
f 2242 2241 1216
f 1215 2236 1207
f 2241 2236 1215
f 1207 2233 1203
f 2236 2233 1207
f 1203 2229 1198
f 2233 2229 1203
f 1198 2231 1201
f 2229 2231 1198
f 1201 2234 1205
f 2231 2234 1201
f 1205 2237 1208
f 2234 2237 1205
f 1226 2258 2255
f 1226 1229 2258
f 1233 2261 1238
f 2261 2266 1238
f 1238 2268 1240
f 2266 2268 1238
f 1240 2270 1242
f 2268 2270 1240
f 1242 2272 1244
f 2270 2272 1242
f 1244 2287 1230
f 2272 2287 1244
f 1230 2258 1229
f 2287 2258 1230
f 1233 2260 2261
f 1233 1232 2260
f 1232 1228 2260
f 2260 1228 2257
f 2256 1227 2253
f 2257 1227 2256
f 1228 1227 2257
f 2253 1224 2250
f 1227 1224 2253
f 2250 1221 2247
f 1224 1221 2250
f 2247 1213 2245
f 1221 1213 2247
f 1213 1212 2245
f 1212 2226 2245
f 1212 1196 2226
f 2819 2821 2877
f 2877 2821 2878
f 2878 2823 2879
f 2879 2823 1210
f 2821 2823 2878
f 2823 1209 1210
f 2817 2819 2877
f 2817 2877 2876
f 2817 2876 2875
f 2815 2875 2874
f 2815 2817 2875
f 2812 2874 2873
f 2812 2815 2874
f 2810 2873 2872
f 2810 2812 2873
f 2808 2872 2852
f 2808 2810 2872
f 2806 2808 2852
f 194 985 1019
f 194 187 985
f 1055 214 1051
f 1051 213 1046
f 214 213 1051
f 1046 212 1043
f 213 212 1046
f 1043 211 1028
f 212 211 1043
f 1028 206 1027
f 211 206 1028
f 1027 204 1022
f 206 204 1027
f 1022 198 1019
f 204 198 1022
f 198 194 1019
f 1055 287 214
f 1055 1118 287
f 1100 262 1101
f 1101 267 1103
f 262 267 1101
f 1103 269 1105
f 267 269 1103
f 1105 270 1107
f 269 270 1105
f 1107 274 1109
f 270 274 1107
f 1109 275 1111
f 274 275 1109
f 1111 277 1113
f 275 277 1111
f 1113 278 1125
f 277 278 1113
f 1125 289 1123
f 278 289 1125
f 1123 280 1122
f 289 280 1123
f 1122 282 1121
f 280 282 1122
f 1121 283 1120
f 282 283 1121
f 1120 284 1119
f 283 284 1120
f 1119 285 1117
f 284 285 1119
f 1117 286 1118
f 285 286 1117
f 286 287 1118
f 1098 262 1100
f 265 262 1098
f 2880 1098 2881
f 2880 265 1098
f 2882 2881 2883
f 2882 2880 2881
f 2884 2883 2885
f 2884 2882 2883
f 2886 2885 2887
f 2886 2887 2888
f 2886 2884 2885
f 2889 2886 2888
f 2890 2888 2891
f 2890 2889 2888
f 2892 2891 2893
f 2892 2893 2894
f 2892 2890 2891
f 2895 2894 2896
f 2895 2892 2894
f 2897 2895 2896
f 2898 2896 2899
f 2898 2899 2900
f 2898 2897 2896
f 2901 2898 2900
f 2902 2903 2904
f 2905 2904 2906
f 2905 2902 2904
f 2907 2906 2908
f 2907 2905 2906
f 2909 2908 2910
f 2909 2907 2908
f 2911 2910 2912
f 2911 2909 2910
f 2913 2912 2914
f 2913 2911 2912
f 2915 2914 2916
f 2915 2913 2914
f 2917 2916 2918
f 2917 2915 2916
f 2919 2918 2901
f 2919 2917 2918
f 2900 2919 2901
f 2917 2913 2915
f 2905 2907 2909
f 2919 2913 2917
f 2900 2911 2913
f 2900 2913 2919
f 2902 2909 2911
f 2902 2905 2909
f 2902 2911 2900
f 2920 2902 2900
f 2921 2922 2920
f 2921 2923 2922
f 2924 2921 2920
f 2925 2926 2927
f 2928 2925 2927
f 2929 2927 2924
f 2929 2920 2900
f 2929 2924 2920
f 2929 2928 2927
f 2930 2900 2899
f 2930 2929 2900
f 2920 2931 2903
f 2920 2903 2902
f 2932 2933 2934
f 2932 2935 2933
f 2932 2936 2935
f 2937 2938 2939
f 2937 2940 2938
f 2936 2931 2937
f 2932 2931 2936
f 2937 2931 2940
f 2932 2903 2931
f 2898 2901 2941
f 2941 2901 2932
f 2932 2901 2903
f 2914 2912 2916
f 2916 2912 2918
f 2918 2912 2901
f 2903 2908 2904
f 2904 2908 2906
f 2901 2910 2903
f 2912 2910 2901
f 2903 2910 2908
f 2942 2943 2886
f 2942 2886 2889
f 2944 2889 2890
f 2944 2942 2889
f 2945 2892 2895
f 2945 2890 2892
f 2945 2944 2890
f 2946 2895 2897
f 2946 2945 2895
f 2947 2897 2898
f 2947 2946 2897
f 2941 2947 2898
f 2884 2943 2948
f 2884 2886 2943
f 2884 2949 2882
f 2948 2949 2884
f 2882 2950 2880
f 2880 2950 265
f 2949 2950 2882
f 2950 264 265
f 263 264 1096
f 1096 264 1097
f 1097 2950 2951
f 264 2950 1097
f 2951 2949 2952
f 2950 2949 2951
f 2952 2948 2953
f 2949 2948 2952
f 2953 2943 2954
f 2954 2943 2955
f 2948 2943 2953
f 2943 2942 2955
f 2955 2944 2956
f 2942 2944 2955
f 2957 2945 2958
f 2956 2945 2957
f 2944 2945 2956
f 2958 2946 2959
f 2945 2946 2958
f 2946 2947 2959
f 2959 2941 2930
f 2930 2941 2929
f 2947 2941 2959
f 2941 2932 2929
f 2940 2931 2920
f 2940 2920 2922
f 2938 2940 2922
f 2939 2922 2923
f 2939 2938 2922
f 2937 2923 2921
f 2937 2939 2923
f 2936 2921 2924
f 2936 2937 2921
f 2935 2924 2927
f 2935 2936 2924
f 2933 2927 2926
f 2933 2935 2927
f 2934 2926 2925
f 2934 2925 2928
f 2934 2933 2926
f 2932 2928 2929
f 2932 2934 2928
f 263 1096 261
f 261 1102 266
f 1096 1102 261
f 266 1104 268
f 1102 1104 266
f 268 1106 271
f 1104 1106 268
f 271 1108 273
f 1106 1108 271
f 273 1110 276
f 1108 1110 273
f 276 1112 260
f 1110 1112 276
f 260 1099 258
f 1112 1099 260
f 258 1094 257
f 1099 1094 258
f 257 1092 255
f 1094 1092 257
f 255 1091 253
f 1092 1091 255
f 253 1089 250
f 1091 1089 253
f 250 1086 248
f 1089 1086 250
f 248 1084 246
f 1086 1084 248
f 246 1081 247
f 1084 1081 246
f 1081 1083 247
f 247 982 186
f 1083 982 247
f 186 979 183
f 982 979 186
f 183 977 181
f 979 977 183
f 181 975 178
f 977 975 181
f 178 974 179
f 975 974 178
f 179 978 182
f 974 978 179
f 182 980 184
f 978 980 182
f 184 985 187
f 980 985 184
f 2953 2885 2883
f 2952 2883 2881
f 2952 2953 2883
f 2951 2952 2881
f 1097 2881 1098
f 1097 2951 2881
f 2885 2954 2887
f 2953 2954 2885
f 2887 2954 2888
f 2888 2955 2891
f 2954 2955 2888
f 2891 2956 2893
f 2955 2956 2891
f 2893 2957 2894
f 2956 2957 2893
f 2894 2958 2896
f 2957 2958 2894
f 2896 2959 2899
f 2958 2959 2896
f 2959 2930 2899
f 1141 305 1090
f 1090 254 1088
f 305 254 1090
f 1088 252 1087
f 254 252 1088
f 1087 251 1085
f 252 251 1087
f 1085 249 1080
f 251 249 1085
f 1080 243 1079
f 249 243 1080
f 1079 241 1078
f 243 241 1079
f 1078 239 1076
f 241 239 1078
f 1076 237 1075
f 239 237 1076
f 1075 235 1072
f 237 235 1075
f 1072 231 1068
f 235 231 1072
f 1068 227 1064
f 231 227 1068
f 1064 223 1066
f 227 223 1064
f 1066 226 1069
f 223 226 1066
f 1069 228 1073
f 226 228 1069
f 228 233 1073
f 1114 233 279
f 1114 279 2960
f 1114 1073 233
f 2961 2962 2963
f 2964 2965 2962
f 2964 2962 2961
f 2966 2963 2967
f 2966 2961 2963
f 2968 2965 2964
f 2969 2960 2970
f 2969 1114 2960
f 2971 2967 2972
f 2971 2966 2967
f 2973 2971 2972
f 2974 2970 2975
f 2974 2969 2970
f 2976 2972 2977
f 2976 2973 2972
f 2978 2979 2965
f 2978 2965 2968
f 2980 2975 2981
f 2980 2974 2975
f 2982 2981 2979
f 2982 2979 2978
f 2982 2980 2981
f 2983 2976 2977
f 2984 2977 2985
f 2984 2983 2977
f 2986 2985 2987
f 2986 2984 2985
f 2988 2987 2989
f 2988 2986 2987
f 2972 2990 2977
f 2991 2977 2990
f 2992 2972 2993
f 2992 2990 2972
f 2994 2993 2991
f 2994 2991 2995
f 2996 2995 2991
f 2996 2991 2990
f 2997 2995 2996
f 2998 2997 2996
f 2999 2994 2998
f 2999 2992 2993
f 2999 2993 2994
f 2999 2998 2996
f 3000 3001 3002
f 3001 3003 3004
f 3004 3003 3005
f 3005 3003 3006
f 3000 3003 3001
f 3003 3007 3006
f 3001 3008 3002
f 3003 3009 3007
f 3009 3010 3011
f 3003 3010 3009
f 3010 3012 3011
f 3010 2999 3012
f 3008 3013 3014
f 3014 3013 3015
f 3013 3016 3017
f 3017 3016 3018
f 3019 3020 3021
f 3021 3020 3022
f 3022 3020 3023
f 3023 3020 3024
f 3024 3020 3016
f 3016 3020 3018
f 2992 3025 3026
f 3026 3025 3027
f 3027 3025 3019
f 3019 3025 3020
f 3010 3025 2992
f 3010 2992 2999
f 3001 3016 3008
f 3008 3016 3013
f 73 3010 74
f 3025 3010 73
f 3020 3025 3028
f 3028 3025 73
f 3020 3029 3018
f 3028 3029 3020
f 3017 3029 3030
f 3017 3018 3029
f 3013 3017 3031
f 3031 3017 3030
f 3031 3015 3013
f 3031 3032 3015
f 3032 3033 3015
f 3033 3014 3015
f 3014 3034 3035
f 3033 3034 3014
f 54 3036 3037
f 3038 54 3037
f 3033 3038 3034
f 3039 3038 3033
f 17 3039 3040
f 17 3040 3041
f 17 54 3038
f 17 3038 3039
f 17 3028 3042
f 17 3042 15
f 3029 17 3041
f 3029 3028 17
f 3042 16 15
f 69 16 3042
f 3028 69 3042
f 73 69 3028
f 3040 3030 3029
f 3040 3029 3041
f 3040 3031 3030
f 3040 3039 3031
f 3039 3033 3032
f 3039 3032 3031
f 3035 3034 3043
f 3034 3038 3043
f 3035 3043 3014
f 3014 3043 3008
f 3043 3002 3008
f 3043 3044 3002
f 3044 3000 3002
f 3044 3045 3000
f 3045 3003 3000
f 3045 3046 3003
f 3046 74 3003
f 3003 74 3010
f 76 3046 3047
f 76 74 3046
f 3047 53 52
f 76 3047 52
f 77 52 49
f 76 52 77
f 77 49 3048
f 3048 49 51
f 66 3048 65
f 66 77 3048
f 3048 51 65
f 65 51 47
f 3046 54 3047
f 3047 54 53
f 54 3045 3036
f 3046 3045 54
f 3044 3037 3045
f 3045 3037 3036
f 3044 3038 3037
f 3044 3043 3038
f 3001 3049 3016
f 3016 3049 3050
f 3050 3051 3052
f 3049 3051 3050
f 3052 3053 3054
f 3051 3053 3052
f 3054 3055 3056
f 3053 3055 3054
f 3056 3057 3058
f 3055 3057 3056
f 3058 3059 3060
f 3057 3059 3058
f 3060 3061 3062
f 3059 3061 3060
f 3061 3063 3064
f 3064 3065 3061
f 3065 3066 3061
f 3063 3067 3068
f 3068 3069 3065
f 3065 3069 3066
f 3067 3070 3071
f 3063 3070 3067
f 3061 3070 3063
f 3066 3072 3061
f 3067 3073 3068
f 3061 3074 3070
f 3072 3075 3061
f 3071 3076 3077
f 3070 3076 3071
f 3074 3078 3070
f 3079 3080 3072
f 3072 3080 3075
f 3076 3081 3077
f 3069 3082 3079
f 3077 3082 3073
f 3068 3082 3069
f 3073 3082 3068
f 3077 3083 3082
f 3081 3083 3077
f 3082 3084 3079
f 3085 3062 3075
f 3075 3062 3061
f 3076 3086 3081
f 3081 3087 3083
f 3083 3087 3088
f 3085 3089 3062
f 3090 3089 3085
f 3086 3091 3081
f 3087 3092 3088
f 3084 3093 3079
f 3080 3093 3090
f 3088 3093 3084
f 3079 3093 3080
f 3090 3094 3089
f 3088 3095 3093
f 3089 3096 3062
f 3093 3097 3090
f 3096 3098 3062
f 3087 3099 3092
f 3092 3100 3088
f 3088 3100 3095
f 3099 3101 3092
f 3095 3102 3103
f 3100 3102 3095
f 3090 3104 3094
f 3097 3104 3090
f 3094 3104 3098
f 3097 3105 3104
f 3103 3105 3097
f 3104 3106 3098
f 3102 3107 3103
f 3103 3107 3105
f 3108 3109 3100
f 3100 3109 3102
f 3105 3110 3111
f 3107 3110 3105
f 3098 3112 3062
f 3111 3112 3106
f 3106 3112 3098
f 3110 3112 3111
f 3113 3114 3107
f 3107 3114 3110
f 3115 3116 3112
f 3112 3116 3062
f 3056 3024 3054
f 3052 3054 3024
f 3058 3024 3056
f 3050 3052 3024
f 3060 3024 3058
f 3016 3050 3024
f 3062 3024 3060
f 3117 3024 3062
f 3116 3117 3062
f 2990 2992 3026
f 3118 3026 3027
f 3118 2990 3026
f 3119 3027 3019
f 3119 3118 3027
f 3120 3119 3019
f 3121 3019 3021
f 3121 3120 3019
f 3122 3021 3022
f 3122 3121 3021
f 3123 3022 3023
f 3123 3122 3022
f 3124 3123 3023
f 3125 3023 3024
f 3125 3124 3023
f 3117 3125 3024
f 3126 3119 3120
f 3126 3120 3121
f 3127 3128 3129
f 3127 3129 3130
f 3127 3130 3131
f 3127 3131 3132
f 3127 3132 3133
f 3127 3133 3134
f 3127 3134 3135
f 3136 3137 2990
f 3136 2990 3118
f 3136 3118 3119
f 3136 3135 3137
f 3136 3126 3127
f 3136 3119 3126
f 3136 3127 3135
f 3138 3121 3122
f 3138 3122 3123
f 3138 3123 3124
f 3138 3124 3125
f 3138 3125 3117
f 3138 3117 3139
f 3138 3139 3128
f 3138 3127 3126
f 3138 3128 3127
f 3138 3126 3121
f 3140 3141 3142
f 3141 3143 3142
f 3142 3144 3145
f 3143 3144 3142
f 3146 3147 3144
f 3144 3147 3145
f 3145 3148 3149
f 3149 3148 3150
f 3147 3148 3145
f 3150 3137 3151
f 3148 3137 3150
f 3137 3139 3151
f 3137 3135 3139
f 3135 3128 3139
f 3133 3132 3134
f 3134 3132 3135
f 3135 3132 3128
f 3128 3130 3129
f 3128 3131 3130
f 3132 3131 3128
f 3151 3139 3117
f 3151 3117 3116
f 3074 3150 3078
f 3150 3152 3078
f 3150 3153 3152
f 3150 3154 3153
f 3154 3155 3156
f 3156 3155 3086
f 3086 3155 3091
f 3154 3157 3155
f 3158 3159 3099
f 3099 3159 3101
f 3160 3161 3158
f 3158 3161 3159
f 3162 3109 3108
f 3163 3164 3162
f 3162 3164 3109
f 3163 3165 3164
f 3166 3114 3113
f 3166 3167 3114
f 3168 3169 3166
f 3166 3169 3167
f 3169 3151 3170
f 3170 3151 3171
f 3171 3151 3115
f 3115 3151 3116
f 3150 3151 3160
f 3150 3160 3157
f 3150 3157 3154
f 3160 3151 3161
f 3161 3151 3163
f 3163 3151 3165
f 3165 3151 3168
f 3168 3151 3169
f 3149 3150 3172
f 3172 3150 3074
f 3173 2996 3148
f 3173 3148 3147
f 3173 3147 3146
f 3173 3146 3144
f 3173 3144 3143
f 3173 3143 3141
f 3173 3141 3140
f 3173 3140 3142
f 3174 3175 2996
f 3174 3176 3175
f 3174 3177 3176
f 3174 3178 3177
f 3174 2996 3173
f 3179 3149 3172
f 3179 3180 3178
f 3179 3181 3180
f 3179 3182 3181
f 3179 3183 3182
f 3179 3172 3183
f 3179 3142 3145
f 3179 3145 3149
f 3179 3174 3173
f 3179 3173 3142
f 3179 3178 3174
f 2996 2990 3137
f 2996 3137 3148
f 3012 2999 2996
f 3012 2996 3175
f 3011 3175 3176
f 3011 3012 3175
f 3009 3176 3177
f 3009 3177 3178
f 3009 3011 3176
f 3007 3178 3180
f 3007 3009 3178
f 3006 3180 3181
f 3006 3007 3180
f 3005 3181 3182
f 3005 3182 3183
f 3005 3006 3181
f 3004 3183 3172
f 3004 3005 3183
f 3055 3053 3004
f 3004 3057 3055
f 3053 3051 3004
f 3004 3059 3057
f 3051 3049 3004
f 3004 3061 3059
f 3049 3001 3004
f 3004 3172 3061
f 3172 3074 3061
f 3184 3078 3152
f 3070 3078 3184
f 3184 3185 3070
f 3070 3185 3076
f 3185 3086 3076
f 3185 3156 3086
f 3186 3156 3185
f 3186 3154 3156
f 3187 3185 3184
f 3187 3186 3185
f 3187 3152 3153
f 3184 3152 3187
f 3153 3154 3187
f 3187 3154 3186
f 3188 3091 3155
f 3081 3091 3188
f 3188 3189 3081
f 3081 3189 3087
f 3189 3099 3087
f 3189 3158 3099
f 3190 3158 3189
f 3190 3160 3158
f 3191 3189 3188
f 3191 3190 3189
f 3191 3155 3157
f 3188 3155 3191
f 3157 3160 3191
f 3191 3160 3190
f 3192 3101 3159
f 3092 3101 3192
f 3192 3100 3092
f 3192 3193 3100
f 3108 3193 3162
f 3108 3100 3193
f 3162 3194 3163
f 3162 3193 3194
f 3195 3193 3192
f 3195 3194 3193
f 3161 3163 3195
f 3195 3163 3194
f 3195 3159 3161
f 3192 3159 3195
f 3109 3196 3102
f 3164 3196 3109
f 3107 3196 3197
f 3107 3102 3196
f 3113 3197 3166
f 3113 3107 3197
f 3166 3198 3168
f 3166 3197 3198
f 3197 3196 3198
f 3198 3196 3199
f 3168 3198 3165
f 3198 3199 3165
f 3164 3199 3196
f 3165 3199 3164
f 3114 3200 3110
f 3167 3200 3114
f 3112 3200 3201
f 3112 3110 3200
f 3115 3201 3171
f 3115 3112 3201
f 3171 3202 3170
f 3171 3201 3202
f 3201 3200 3202
f 3202 3200 3203
f 3170 3202 3169
f 3202 3203 3169
f 3167 3203 3200
f 3169 3203 3167
f 3204 3097 3205
f 3204 3103 3097
f 3206 3205 3207
f 3206 3204 3205
f 3208 3207 3209
f 3208 3206 3207
f 3210 3211 3212
f 3210 3209 3211
f 3210 3208 3209
f 3213 3210 3212
f 3090 3213 3212
f 3085 3213 3090
f 3103 3204 3095
f 3095 3204 3214
f 3095 3214 3093
f 3093 3214 3215
f 3215 3216 3217
f 3214 3216 3215
f 3217 3218 3219
f 3216 3218 3217
f 3219 3220 3221
f 3221 3220 3222
f 3218 3220 3219
f 3220 3223 3222
f 3223 3080 3222
f 3223 3075 3080
f 3215 3205 3097
f 3093 3215 3097
f 3215 3217 3205
f 3205 3217 3207
f 3207 3219 3209
f 3217 3219 3207
f 3211 3221 3212
f 3209 3221 3211
f 3219 3221 3209
f 3221 3222 3212
f 3222 3090 3212
f 3222 3080 3090
f 3213 3085 3223
f 3223 3085 3075
f 3214 3204 3206
f 3216 3206 3208
f 3216 3214 3206
f 3218 3208 3210
f 3218 3216 3208
f 3220 3210 3213
f 3220 3218 3210
f 3223 3220 3213
f 3224 3106 3225
f 3224 3111 3106
f 3226 3225 3227
f 3226 3224 3225
f 3228 3227 3229
f 3228 3226 3227
f 3230 3231 3232
f 3230 3229 3231
f 3230 3228 3229
f 3233 3230 3232
f 3098 3233 3232
f 3096 3233 3098
f 3111 3224 3105
f 3105 3224 3234
f 3105 3234 3104
f 3104 3234 3235
f 3235 3236 3237
f 3234 3236 3235
f 3237 3238 3239
f 3236 3238 3237
f 3239 3240 3241
f 3241 3240 3242
f 3238 3240 3239
f 3240 3243 3242
f 3243 3094 3242
f 3243 3089 3094
f 3235 3225 3106
f 3104 3235 3106
f 3235 3237 3225
f 3225 3237 3227
f 3227 3239 3229
f 3237 3239 3227
f 3231 3241 3232
f 3229 3241 3231
f 3239 3241 3229
f 3241 3242 3232
f 3242 3098 3232
f 3242 3094 3098
f 3233 3089 3243
f 3233 3096 3089
f 3234 3224 3226
f 3236 3226 3228
f 3236 3234 3226
f 3238 3228 3230
f 3238 3236 3228
f 3240 3230 3233
f 3240 3238 3230
f 3243 3240 3233
f 3083 3244 3082
f 3082 3244 3245
f 3245 3246 3247
f 3244 3246 3245
f 3247 3248 3249
f 3246 3248 3247
f 3249 3250 3251
f 3251 3250 3252
f 3248 3250 3249
f 3250 3253 3252
f 3253 3069 3252
f 3253 3066 3069
f 3082 3245 3254
f 3082 3254 3084
f 3255 3084 3254
f 3255 3088 3084
f 3256 3254 3257
f 3256 3255 3254
f 3258 3259 3260
f 3258 3257 3259
f 3258 3256 3257
f 3261 3260 3262
f 3261 3258 3260
f 3263 3261 3262
f 3079 3263 3262
f 3072 3263 3079
f 3088 3255 3083
f 3083 3255 3244
f 3244 3255 3256
f 3246 3256 3258
f 3246 3244 3256
f 3248 3258 3261
f 3248 3246 3258
f 3250 3261 3263
f 3250 3248 3261
f 3253 3250 3263
f 3263 3072 3253
f 3253 3072 3066
f 3252 3079 3262
f 3252 3069 3079
f 3254 3245 3257
f 3257 3247 3259
f 3245 3247 3257
f 3259 3249 3260
f 3247 3249 3259
f 3260 3251 3262
f 3249 3251 3260
f 3251 3252 3262
f 3071 3264 3067
f 3067 3264 3265
f 3265 3266 3267
f 3264 3266 3265
f 3267 3268 3269
f 3266 3268 3267
f 3269 3270 3271
f 3271 3270 3272
f 3268 3270 3269
f 3270 3273 3272
f 3273 3063 3272
f 3273 3064 3063
f 3067 3265 3274
f 3067 3274 3073
f 3275 3073 3274
f 3275 3077 3073
f 3276 3274 3277
f 3276 3275 3274
f 3278 3279 3280
f 3278 3277 3279
f 3278 3276 3277
f 3281 3280 3282
f 3281 3278 3280
f 3283 3281 3282
f 3068 3283 3282
f 3065 3283 3068
f 3077 3275 3071
f 3071 3275 3264
f 3264 3275 3276
f 3266 3276 3278
f 3266 3264 3276
f 3268 3278 3281
f 3268 3266 3278
f 3270 3281 3283
f 3270 3268 3281
f 3273 3270 3283
f 3283 3065 3273
f 3273 3065 3064
f 3272 3068 3282
f 3272 3063 3068
f 3274 3265 3277
f 3277 3267 3279
f 3265 3267 3277
f 3279 3269 3280
f 3267 3269 3279
f 3280 3271 3282
f 3269 3271 3280
f 3271 3272 3282
f 1030 153 209
f 1030 209 3284
f 1030 902 153
f 3285 3286 3287
f 3288 3289 3286
f 3288 3286 3285
f 3290 3287 3291
f 3290 3285 3287
f 3292 3289 3288
f 3293 3284 3294
f 3293 1030 3284
f 3295 3291 2994
f 3295 3290 3291
f 3296 3295 2994
f 3297 3294 3298
f 3297 3293 3294
f 3299 2994 2995
f 3299 3296 2994
f 3300 3301 3289
f 3300 3289 3292
f 3302 3298 3303
f 3302 3297 3298
f 3304 3303 3301
f 3304 3301 3300
f 3304 3302 3303
f 3305 3299 2995
f 3306 2995 3307
f 3306 3305 2995
f 3308 3307 3309
f 3308 3306 3307
f 3310 3309 3311
f 3310 3308 3309
f 3289 3312 3313
f 3286 3313 3314
f 3286 3289 3313
f 3287 3314 3315
f 3287 3286 3314
f 3291 3315 2998
f 3291 3287 3315
f 2994 3291 2998
f 897 177 148
f 177 1031 3316
f 897 1031 177
f 3313 3317 3314
f 3314 3318 3315
f 3317 3318 3314
f 3316 3319 3320
f 1031 3319 3316
f 3312 3321 3313
f 3313 3321 3317
f 3315 3322 2998
f 3318 3322 3315
f 3322 3323 2998
f 3320 3324 3325
f 3319 3324 3320
f 2998 3326 2997
f 3323 3326 2998
f 3327 3328 3312
f 3312 3328 3321
f 3325 3329 3330
f 3324 3329 3325
f 3330 3331 3327
f 3327 3331 3328
f 3329 3331 3330
f 3326 3332 2997
f 3332 3333 2997
f 2997 3334 3335
f 3333 3334 2997
f 3335 3336 3337
f 3334 3336 3335
f 3337 3338 3339
f 3336 3338 3337
f 3307 2997 3335
f 3307 2995 2997
f 3309 3335 3337
f 3309 3307 3335
f 3311 3340 3341
f 3311 3342 3340
f 3311 3343 3342
f 3344 3345 3346
f 3344 3347 3345
f 3343 3348 3344
f 3311 3348 3343
f 3344 3348 3347
f 3337 3339 3309
f 3309 3339 3311
f 3348 3339 3349
f 3311 3339 3348
f 3350 3351 3352
f 3349 3353 3354
f 3354 3353 3355
f 3352 3356 3339
f 3351 3356 3352
f 3339 3357 3349
f 3356 3357 3339
f 3349 3357 3353
f 3358 3359 3349
f 3358 3349 3354
f 3360 3354 3355
f 3360 3358 3354
f 3361 3355 3353
f 3361 3360 3355
f 3362 3353 3357
f 3362 3361 3353
f 3363 3357 3356
f 3363 3356 3351
f 3363 3362 3357
f 3364 3351 3350
f 3364 3363 3351
f 3365 3350 3352
f 3365 3352 3339
f 3365 3364 3350
f 3338 3365 3339
f 3366 3310 3367
f 3366 3367 3368
f 3366 3368 3369
f 3366 3369 3370
f 3366 3370 3371
f 3366 3371 3372
f 3338 3310 3366
f 3359 3338 3366
f 3365 3338 3359
f 3364 3365 3359
f 3360 3359 3358
f 3363 3364 3359
f 3361 3359 3360
f 3362 3363 3359
f 3362 3359 3361
f 3349 3359 3348
f 3348 3359 3366
f 3347 3348 3366
f 3347 3366 3372
f 3345 3372 3371
f 3345 3347 3372
f 3346 3371 3370
f 3346 3345 3371
f 3344 3346 3370
f 3343 3370 3369
f 3343 3344 3370
f 3342 3369 3368
f 3342 3343 3369
f 3340 3342 3368
f 3341 3368 3367
f 3341 3340 3368
f 3311 3367 3310
f 3311 3341 3367
f 3336 3310 3338
f 3308 3310 3336
f 3321 3288 3317
f 3292 3288 3321
f 3317 3285 3318
f 3288 3285 3317
f 3318 3290 3322
f 3285 3290 3318
f 3322 3295 3323
f 3290 3295 3322
f 3323 3296 3326
f 3295 3296 3323
f 3326 3299 3332
f 3296 3299 3326
f 3332 3305 3333
f 3299 3305 3332
f 3333 3306 3334
f 3305 3306 3333
f 3334 3308 3336
f 3306 3308 3334
f 3321 3328 3292
f 3292 3328 3300
f 3304 3300 3328
f 3304 3328 3331
f 3302 3331 3329
f 3302 3304 3331
f 3297 3329 3324
f 3297 3302 3329
f 3293 3324 3319
f 3293 3297 3324
f 1030 3319 1031
f 1030 3293 3319
f 203 1048 123
f 123 803 122
f 1048 803 123
f 122 801 117
f 803 801 122
f 117 797 114
f 801 797 117
f 114 795 110
f 797 795 114
f 110 793 112
f 795 793 110
f 112 792 115
f 793 792 112
f 115 796 118
f 792 796 115
f 118 798 124
f 796 798 118
f 124 804 126
f 798 804 124
f 126 806 127
f 804 806 126
f 127 808 138
f 806 808 127
f 138 810 136
f 808 810 138
f 136 812 141
f 810 812 136
f 141 884 148
f 812 884 141
f 884 897 148
f 1058 203 216
f 1058 1048 203
f 221 1062 220
f 1063 1062 221
f 220 1061 219
f 1062 1061 220
f 219 1060 218
f 1061 1060 219
f 218 1059 217
f 1060 1059 218
f 215 1057 216
f 217 1057 215
f 1059 1057 217
f 1057 1058 216
f 306 1063 221
f 1077 1063 306
f 245 1082 256
f 256 1093 259
f 1082 1093 256
f 259 1095 290
f 1093 1095 259
f 1095 1127 290
f 290 1129 292
f 1127 1129 290
f 292 1131 294
f 1129 1131 292
f 294 1077 306
f 1131 1077 294
f 245 180 1082
f 1082 180 976
f 153 902 147
f 147 896 146
f 902 896 147
f 146 895 140
f 896 895 146
f 140 883 137
f 895 883 140
f 883 881 137
f 137 882 139
f 881 882 137
f 139 894 144
f 882 894 139
f 144 898 149
f 894 898 144
f 149 905 156
f 898 905 149
f 156 908 160
f 905 908 156
f 160 911 163
f 908 911 160
f 163 920 189
f 911 920 163
f 189 929 192
f 920 929 189
f 192 986 188
f 929 986 192
f 185 981 180
f 188 981 185
f 986 981 188
f 981 976 180
f 3327 3303 3330
f 3301 3303 3327
f 3330 3298 3325
f 3303 3298 3330
f 3325 3294 3320
f 3298 3294 3325
f 3320 3284 3316
f 3294 3284 3320
f 3316 209 177
f 3284 209 3316
f 3289 3301 3327
f 3289 3327 3312
f 1074 272 234
f 272 1115 3373
f 1074 1115 272
f 3374 3375 3376
f 3376 3377 3378
f 3375 3377 3376
f 3373 3379 3380
f 1115 3379 3373
f 3381 3382 3374
f 3374 3382 3375
f 3378 3383 2993
f 3377 3383 3378
f 3383 3384 2993
f 3380 3385 3386
f 3379 3385 3380
f 2993 3387 2991
f 3384 3387 2993
f 3388 3389 3381
f 3381 3389 3382
f 3386 3390 3391
f 3385 3390 3386
f 3391 3392 3388
f 3388 3392 3389
f 3390 3392 3391
f 3387 3393 2991
f 3393 3394 2991
f 2991 3395 3396
f 3394 3395 2991
f 3396 3397 3398
f 3395 3397 3396
f 3398 3399 3400
f 3397 3399 3398
f 2977 2991 3396
f 2985 3396 3398
f 2985 2977 3396
f 2987 2985 3398
f 3401 3402 3403
f 3404 3402 3401
f 2989 3402 3404
f 2989 3405 3402
f 3406 3407 3408
f 3405 3409 3406
f 2989 3409 3405
f 3406 3409 3407
f 3409 3400 3410
f 3398 3400 2987
f 2987 3400 2989
f 2989 3400 3409
f 3411 3412 3413
f 3410 3414 3415
f 3415 3414 3416
f 3413 3417 3400
f 3412 3417 3413
f 3400 3418 3410
f 3417 3418 3400
f 3410 3418 3414
f 3409 3419 3420
f 3407 3420 3421
f 3407 3409 3420
f 3408 3421 3422
f 3408 3407 3421
f 3406 3422 3423
f 3406 3408 3422
f 3405 3423 3424
f 3405 3406 3423
f 3402 3424 3425
f 3402 3405 3424
f 3403 3425 3426
f 3403 3402 3425
f 3401 3403 3426
f 3404 3426 3427
f 3404 3401 3426
f 2989 3427 2988
f 2989 3404 3427
f 3419 3421 3420
f 3419 3422 3421
f 3419 3423 3422
f 3419 3424 3423
f 3419 3425 3424
f 3419 3426 3425
f 3419 3427 3426
f 3419 2988 3427
f 3399 2988 3419
f 3428 3399 3419
f 3429 3399 3428
f 3430 3429 3428
f 3431 3428 3432
f 3433 3430 3428
f 3434 3428 3431
f 3435 3433 3428
f 3435 3428 3434
f 2986 3399 3397
f 2986 2988 3399
f 2968 2964 3382
f 3382 2964 3375
f 3375 2961 3377
f 2964 2961 3375
f 3377 2966 3383
f 2961 2966 3377
f 3383 2971 3384
f 2966 2971 3383
f 3384 2973 3387
f 2971 2973 3384
f 3387 2976 3393
f 2973 2976 3387
f 3393 2983 3394
f 2976 2983 3393
f 3394 2984 3395
f 2983 2984 3394
f 3395 2986 3397
f 2984 2986 3395
f 2968 3389 2978
f 3382 3389 2968
f 2982 2978 3389
f 2982 3389 3392
f 2980 3392 3390
f 2980 2982 3392
f 2974 3390 3385
f 2974 2980 3390
f 2969 3385 3379
f 2969 2974 3385
f 1114 3379 1115
f 1114 2969 3379
f 3432 3428 3410
f 3432 3410 3415
f 3431 3415 3416
f 3431 3432 3415
f 3434 3416 3414
f 3434 3431 3416
f 3435 3414 3418
f 3435 3434 3414
f 3433 3418 3417
f 3433 3417 3412
f 3433 3435 3418
f 3430 3412 3411
f 3430 3433 3412
f 3429 3411 3413
f 3429 3413 3400
f 3429 3430 3411
f 3399 3429 3400
f 3410 3428 3409
f 3409 3428 3419
f 1074 234 1071
f 1071 229 1070
f 234 229 1071
f 1070 230 1067
f 229 230 1070
f 1067 225 1049
f 230 225 1067
f 1049 222 1044
f 225 222 1049
f 1044 224 1038
f 222 224 1044
f 1038 210 1029
f 224 210 1038
f 1029 207 1025
f 210 207 1029
f 1025 200 1020
f 207 200 1025
f 1020 196 1009
f 200 196 1020
f 1009 193 1007
f 196 193 1009
f 1007 190 1008
f 193 190 1007
f 1008 191 1018
f 190 191 1008
f 1018 195 1021
f 191 195 1018
f 1021 199 1026
f 195 199 1021
f 199 205 1026
f 1026 281 1116
f 205 281 1026
f 281 288 1116
f 1116 288 1124
f 1124 291 1126
f 288 291 1124
f 1126 293 1128
f 291 293 1126
f 1130 295 1132
f 1128 295 1130
f 293 295 1128
f 295 296 1132
f 1132 307 1133
f 296 307 1132
f 307 1134 1133
f 307 297 1134
f 1134 297 1140
f 1140 299 1139
f 297 299 1140
f 1139 300 1138
f 299 300 1139
f 1138 301 1137
f 300 301 1138
f 1137 302 1135
f 301 302 1137
f 302 303 1135
f 1135 304 1136
f 303 304 1135
f 1141 304 305
f 1141 1136 304
f 2979 2981 3388
f 3388 2981 3391
f 3391 2975 3386
f 2981 2975 3391
f 3386 2970 3380
f 2975 2970 3386
f 3380 2960 3373
f 2970 2960 3380
f 3373 279 272
f 2960 279 3373
f 2965 2979 3388
f 2965 3388 3381
f 2965 3381 3374
f 2962 3374 3376
f 2962 2965 3374
f 2963 3376 3378
f 2963 2962 3376
f 2967 3378 2993
f 2967 2963 3378
f 2972 2967 2993
f 1041 3436 1032
f 3437 3436 1041
f 1032 3438 1023
f 3436 3438 1032
f 1023 3439 1005
f 3438 3439 1023
f 1003 3440 994
f 1005 3440 1003
f 3439 3440 1005
f 994 3441 992
f 3440 3441 994
f 992 3442 991
f 3441 3442 992
f 3442 3443 991
f 963 3443 3444
f 963 991 3443
f 963 3445 971
f 3444 3445 963
f 971 3446 995
f 3445 3446 971
f 3447 1002 1001
f 3448 1001 999
f 3448 3447 1001
f 3449 999 1000
f 3449 3448 999
f 3450 1000 998
f 3450 3449 1000
f 3451 998 996
f 3451 3450 998
f 3452 996 997
f 3452 3451 996
f 3453 997 995
f 3453 3452 997
f 3446 3453 995
f 1002 3454 1011
f 3447 3454 1002
f 3455 1010 1012
f 3456 1012 1014
f 3456 3455 1012
f 3457 1014 1017
f 3457 3456 1014
f 3458 1017 1016
f 3458 3457 1017
f 3459 1016 1013
f 3459 3458 1016
f 3460 1013 1015
f 3460 3459 1013
f 3461 1015 1011
f 3461 3460 1015
f 3454 3461 1011
f 983 1010 3462
f 3462 1010 3455
f 983 3463 987
f 3462 3463 983
f 3463 3464 1040
f 3463 1040 987
f 3465 1042 1039
f 3466 3465 1039
f 3467 1039 1036
f 3467 3466 1039
f 3468 1036 1037
f 3468 3467 1036
f 3469 1037 1033
f 3469 3468 1037
f 3470 1033 1035
f 3470 3469 1033
f 3471 1035 1034
f 3471 3470 1035
f 3464 1034 1040
f 3464 3471 1034
f 1042 3472 1052
f 3465 3472 1042
f 3472 3473 1056
f 3472 1056 1052
f 1041 1056 3437
f 3437 1056 3473
f 3465 3473 3472
f 3437 3473 3465
f 3466 3437 3465
f 3467 3437 3466
f 3459 3467 3468
f 3458 3468 3469
f 3458 3459 3468
f 3460 3437 3467
f 3460 3467 3459
f 3457 3469 3470
f 3457 3458 3469
f 3461 3437 3460
f 3456 3470 3471
f 3456 3457 3470
f 3454 3437 3461
f 3455 3471 3464
f 3455 3456 3471
f 3447 3436 3437
f 3447 3438 3436
f 3447 3439 3438
f 3447 3437 3454
f 3448 3440 3439
f 3448 3439 3447
f 3449 3440 3448
f 3450 3440 3449
f 3441 3450 3451
f 3441 3440 3450
f 3442 3451 3452
f 3442 3441 3451
f 3443 3442 3452
f 3443 3453 3446
f 3443 3452 3453
f 3462 3464 3463
f 3462 3455 3464
f 3444 3443 3446
f 3444 3446 3445
f 3474 3475 973
f 973 3475 972
f 972 3476 970
f 3475 3476 972
f 970 3477 969
f 3476 3477 970
f 968 3478 967
f 969 3478 968
f 3477 3478 969
f 967 3479 956
f 3478 3479 967
f 956 3480 953
f 3479 3480 956
f 3480 3481 953
f 937 953 3482
f 3482 953 3481
f 3482 3483 937
f 937 3483 935
f 933 3484 930
f 935 3484 933
f 3483 3484 935
f 930 3485 931
f 3484 3485 930
f 931 3486 932
f 3485 3486 931
f 932 3487 934
f 3486 3487 932
f 934 3488 939
f 3487 3488 934
f 3488 3489 939
f 3489 3490 942
f 3489 942 939
f 942 3491 951
f 3490 3491 942
f 951 3492 952
f 3491 3492 951
f 952 3493 954
f 3492 3493 952
f 954 3494 960
f 3493 3494 954
f 960 3495 961
f 3494 3495 960
f 961 3496 962
f 3495 3496 961
f 962 3497 1045
f 3496 3497 962
f 3497 3498 1050
f 3497 1050 1045
f 1050 3498 1065
f 1065 3499 1054
f 3498 3499 1065
f 1054 3500 1053
f 3499 3500 1054
f 1053 3501 990
f 3500 3501 1053
f 990 3502 989
f 3501 3502 990
f 989 3503 988
f 3502 3503 989
f 988 3504 984
f 3503 3504 988
f 3504 3505 984
f 973 3505 3474
f 973 984 3505
f 3506 3500 3499
f 3507 3501 3500
f 3507 3500 3506
f 3508 3499 3498
f 3508 3506 3499
f 3509 3502 3501
f 3509 3501 3507
f 3510 3508 3498
f 3511 3503 3502
f 3511 3502 3509
f 3512 3510 3498
f 3513 3504 3503
f 3513 3505 3504
f 3513 3503 3511
f 3474 3505 3513
f 3514 3475 3474
f 3514 3476 3475
f 3514 3474 3513
f 3515 3477 3476
f 3515 3476 3514
f 3516 3498 3497
f 3516 3512 3498
f 3517 3478 3477
f 3517 3477 3515
f 3518 3516 3497
f 3519 3478 3517
f 3520 3518 3497
f 3520 3497 3496
f 3521 3520 3496
f 3521 3496 3495
f 3522 3521 3495
f 3479 3478 3519
f 3479 3519 3523
f 3494 3522 3495
f 3494 3524 3522
f 3480 3479 3523
f 3480 3523 3525
f 3493 3524 3494
f 3493 3526 3524
f 3481 3527 3528
f 3481 3525 3527
f 3481 3480 3525
f 3492 3529 3526
f 3492 3526 3493
f 3491 3529 3492
f 3490 3529 3491
f 3530 3529 3490
f 3531 3481 3528
f 3489 3530 3490
f 3482 3481 3531
f 3482 3532 3533
f 3482 3531 3532
f 3488 3530 3489
f 3483 3482 3533
f 3483 3533 3534
f 3487 3535 3530
f 3487 3530 3488
f 3484 3534 3536
f 3484 3483 3534
f 3486 3537 3535
f 3486 3535 3487
f 3485 3536 3537
f 3485 3484 3536
f 3485 3537 3486
f 3538 3539 3530
f 3530 3539 3529
f 3540 3541 3542
f 3540 3543 3541
f 3540 3544 3543
f 3540 3545 3544
f 3540 3546 3545
f 3538 3546 3540
f 3539 3538 3540
f 3547 3548 3539
f 3547 3549 3548
f 3547 3550 3549
f 3551 3552 3553
f 3551 3554 3552
f 3555 3556 3547
f 3555 3557 3556
f 3555 3539 3540
f 3555 3547 3539
f 3558 3551 3559
f 3558 3560 3554
f 3558 3554 3551
f 3561 3560 3558
f 3562 3540 3560
f 3562 3561 3563
f 3562 3555 3540
f 3562 3560 3561
f 3564 3562 3563
f 3565 3566 3564
f 3565 3567 3568
f 3565 3569 3567
f 3565 3563 3569
f 3565 3564 3563
f 3529 3539 3548
f 3526 3548 3549
f 3526 3529 3548
f 3524 3549 3550
f 3524 3526 3549
f 3522 3550 3547
f 3522 3524 3550
f 3521 3547 3556
f 3521 3522 3547
f 3520 3556 3557
f 3520 3521 3556
f 3518 3557 3555
f 3518 3520 3557
f 3516 3518 3555
f 3555 3562 3516
f 3516 3562 3512
f 3512 3562 3564
f 3510 3512 3564
f 3508 3564 3566
f 3508 3510 3564
f 3506 3566 3565
f 3506 3508 3566
f 3507 3565 3568
f 3507 3506 3565
f 3509 3568 3567
f 3509 3507 3568
f 3511 3567 3569
f 3511 3509 3567
f 3513 3569 3563
f 3513 3511 3569
f 3514 3513 3563
f 3514 3563 3561
f 3514 3561 3558
f 3515 3558 3559
f 3515 3514 3558
f 3517 3559 3551
f 3517 3515 3559
f 3519 3551 3553
f 3519 3517 3551
f 3523 3553 3552
f 3523 3519 3553
f 3525 3552 3554
f 3525 3523 3552
f 3527 3554 3560
f 3527 3525 3554
f 3528 3527 3560
f 3540 3528 3560
f 3531 3528 3540
f 3532 3540 3542
f 3532 3531 3540
f 3533 3542 3541
f 3533 3532 3542
f 3534 3541 3543
f 3534 3533 3541
f 3536 3543 3544
f 3536 3534 3543
f 3537 3544 3545
f 3537 3536 3544
f 3535 3545 3546
f 3535 3537 3545
f 3530 3546 3538
f 3530 3535 3546
f 3570 861 860
f 3571 860 862
f 3571 3570 860
f 3572 862 859
f 3572 3571 862
f 3573 859 869
f 3573 3572 859
f 3574 869 868
f 3574 3573 869
f 3575 868 871
f 3575 3574 868
f 3576 871 870
f 3576 3575 871
f 3577 3576 870
f 856 3570 3578
f 856 861 3570
f 841 3578 3579
f 841 856 3578
f 841 3580 858
f 3579 3580 841
f 3581 875 874
f 3582 874 872
f 3582 3581 874
f 3583 872 873
f 3583 3582 872
f 3584 873 866
f 3584 3583 873
f 3585 866 867
f 3585 3584 866
f 3586 867 858
f 3586 3585 867
f 3580 3586 858
f 875 3587 885
f 3581 3587 875
f 885 3588 941
f 3587 3588 885
f 919 3588 3589
f 919 941 3588
f 3590 928 925
f 3591 925 927
f 3591 3590 925
f 3592 927 926
f 3592 3591 927
f 3593 3592 926
f 3594 926 916
f 3594 3593 926
f 3595 916 918
f 3595 3594 916
f 3596 918 917
f 3596 3595 918
f 3589 917 919
f 3589 3596 917
f 928 3597 940
f 3590 3597 928
f 940 3598 950
f 3597 3598 940
f 923 3598 3599
f 923 950 3598
f 3600 3601 924
f 3600 924 914
f 3602 914 913
f 3602 3600 914
f 3603 913 915
f 3603 3602 913
f 3604 915 912
f 3604 3603 915
f 3605 912 922
f 3605 3604 912
f 3599 922 923
f 3599 3605 922
f 909 3601 3606
f 909 924 3601
f 863 3606 3607
f 863 909 3606
f 863 3577 870
f 3607 3577 863
f 3599 3598 3597
f 3599 3597 3590
f 3599 3590 3591
f 3605 3591 3592
f 3605 3599 3591
f 3604 3592 3593
f 3604 3605 3592
f 3603 3593 3594
f 3603 3604 3593
f 3581 3596 3589
f 3581 3589 3588
f 3581 3588 3587
f 3582 3595 3596
f 3582 3596 3581
f 3583 3594 3595
f 3583 3595 3582
f 3584 3603 3594
f 3584 3594 3583
f 3576 3601 3600
f 3576 3577 3601
f 3575 3600 3602
f 3575 3576 3600
f 3574 3602 3603
f 3574 3575 3602
f 3607 3606 3601
f 3607 3601 3577
f 3573 3584 3585
f 3573 3603 3584
f 3573 3574 3603
f 3572 3585 3586
f 3572 3573 3585
f 3571 3572 3586
f 3571 3586 3580
f 3570 3571 3580
f 3578 3570 3580
f 3579 3578 3580
f 3608 3609 847
f 847 3609 846
f 846 3610 845
f 3609 3610 846
f 844 3611 843
f 845 3611 844
f 3610 3611 845
f 843 3612 842
f 3611 3612 843
f 842 3613 827
f 3612 3613 842
f 827 3614 821
f 3613 3614 827
f 3614 3615 821
f 813 3615 3616
f 813 821 3615
f 813 3617 818
f 3616 3617 813
f 818 3618 831
f 3617 3618 818
f 3619 840 834
f 3620 834 832
f 3620 3619 834
f 3621 832 833
f 3621 3620 832
f 3622 833 828
f 3622 3621 833
f 3623 828 830
f 3623 3622 828
f 3624 830 829
f 3624 3623 830
f 3625 829 831
f 3625 3624 829
f 3618 3625 831
f 3619 3626 849
f 3619 849 840
f 3627 848 850
f 3628 3627 850
f 3629 850 855
f 3629 3628 850
f 3630 855 854
f 3630 3629 855
f 3631 854 851
f 3631 3630 854
f 3632 851 853
f 3632 3631 851
f 3633 853 852
f 3633 3632 853
f 3626 852 849
f 3626 3633 852
f 823 848 3634
f 3634 848 3627
f 823 3635 835
f 3634 3635 823
f 3635 3636 921
f 3635 921 835
f 921 3636 891
f 891 3637 890
f 3636 3637 891
f 890 3638 889
f 3637 3638 890
f 889 3639 888
f 3638 3639 889
f 888 3640 887
f 3639 3640 888
f 887 3641 886
f 3640 3641 887
f 886 3642 876
f 3641 3642 886
f 3642 3643 876
f 847 3643 3608
f 847 876 3643
f 3630 3638 3637
f 3631 3639 3638
f 3631 3638 3630
f 3629 3637 3636
f 3629 3630 3637
f 3632 3640 3639
f 3632 3639 3631
f 3628 3629 3636
f 3633 3641 3640
f 3633 3640 3632
f 3627 3628 3636
f 3626 3642 3641
f 3626 3643 3642
f 3626 3641 3633
f 3608 3643 3626
f 3619 3609 3608
f 3619 3610 3609
f 3619 3608 3626
f 3635 3627 3636
f 3620 3611 3610
f 3620 3610 3619
f 3621 3612 3611
f 3621 3611 3620
f 3622 3612 3621
f 3613 3622 3623
f 3613 3612 3622
f 3614 3623 3624
f 3614 3613 3623
f 3634 3627 3635
f 3615 3614 3624
f 3615 3625 3618
f 3615 3624 3625
f 3616 3615 3618
f 3616 3618 3617
f 3644 3645 820
f 820 3645 819
f 817 3646 816
f 819 3646 817
f 3645 3646 819
f 816 3647 815
f 3646 3647 816
f 815 3648 814
f 3647 3648 815
f 814 3649 805
f 3648 3649 814
f 805 3650 799
f 3649 3650 805
f 3650 3651 799
f 785 3651 3652
f 785 799 3651
f 785 3653 782
f 3652 3653 785
f 782 3654 780
f 3653 3654 782
f 777 3655 778
f 780 3655 777
f 3654 3655 780
f 778 3656 779
f 3655 3656 778
f 779 3657 781
f 3656 3657 779
f 781 3658 784
f 3657 3658 781
f 3658 3659 784
f 784 3660 790
f 3659 3660 784
f 790 3661 791
f 3660 3661 790
f 791 3662 794
f 3661 3662 791
f 794 3663 802
f 3662 3663 794
f 802 3664 807
f 3663 3664 802
f 807 3665 809
f 3664 3665 807
f 809 3666 811
f 3665 3666 809
f 811 3667 899
f 3666 3667 811
f 3667 3668 906
f 3667 906 899
f 906 3668 839
f 839 3669 838
f 3668 3669 839
f 838 3670 837
f 3669 3670 838
f 837 3671 836
f 3670 3671 837
f 836 3672 826
f 3671 3672 836
f 826 3673 824
f 3672 3673 826
f 824 3674 825
f 3673 3674 824
f 3674 3675 825
f 820 3675 3644
f 820 825 3675
f 3676 3670 3669
f 3677 3671 3670
f 3677 3670 3676
f 3678 3669 3668
f 3678 3676 3669
f 3679 3672 3671
f 3679 3671 3677
f 3680 3678 3668
f 3681 3673 3672
f 3681 3672 3679
f 3682 3680 3668
f 3683 3674 3673
f 3683 3675 3674
f 3683 3673 3681
f 3644 3675 3683
f 3684 3645 3644
f 3684 3646 3645
f 3684 3644 3683
f 3685 3647 3646
f 3685 3646 3684
f 3686 3668 3667
f 3686 3682 3668
f 3687 3648 3647
f 3687 3647 3685
f 3688 3686 3667
f 3689 3648 3687
f 3690 3688 3667
f 3690 3667 3666
f 3691 3666 3665
f 3691 3690 3666
f 3692 3691 3665
f 3649 3648 3689
f 3649 3689 3693
f 3664 3692 3665
f 3664 3694 3692
f 3650 3649 3693
f 3650 3693 3695
f 3663 3694 3664
f 3663 3696 3694
f 3651 3650 3695
f 3651 3697 3698
f 3651 3695 3697
f 3662 3699 3696
f 3662 3696 3663
f 3661 3699 3662
f 3660 3699 3661
f 3700 3699 3660
f 3701 3651 3698
f 3659 3700 3660
f 3652 3702 3703
f 3652 3701 3702
f 3652 3651 3701
f 3658 3700 3659
f 3653 3703 3704
f 3653 3652 3703
f 3657 3705 3700
f 3657 3700 3658
f 3654 3704 3706
f 3654 3653 3704
f 3656 3707 3705
f 3656 3705 3657
f 3655 3706 3707
f 3655 3654 3706
f 3655 3707 3656
f 3701 3698 3708
f 3701 3708 3709
f 3710 3711 3709
f 3710 3712 3711
f 3710 3713 3712
f 3710 3714 3713
f 3710 3715 3714
f 3710 3716 3715
f 3717 3718 3719
f 3720 3708 3721
f 3722 3709 3708
f 3722 3719 3723
f 3722 3724 3717
f 3722 3725 3724
f 3722 3726 3725
f 3722 3723 3710
f 3722 3710 3709
f 3722 3717 3719
f 3727 3728 3729
f 3727 3730 3728
f 3727 3720 3730
f 3727 3708 3720
f 3731 3708 3727
f 3732 3708 3731
f 3733 3722 3708
f 3733 3708 3732
f 3734 3733 3732
f 3735 3732 3736
f 3737 3738 3734
f 3737 3735 3739
f 3737 3732 3735
f 3737 3734 3732
f 3702 3709 3711
f 3702 3701 3709
f 3703 3711 3712
f 3703 3702 3711
f 3704 3712 3713
f 3704 3703 3712
f 3706 3713 3714
f 3706 3704 3713
f 3707 3714 3715
f 3707 3706 3714
f 3705 3715 3716
f 3705 3707 3715
f 3700 3716 3710
f 3700 3705 3716
f 3710 3699 3700
f 3710 3723 3699
f 3699 3723 3719
f 3696 3719 3718
f 3696 3699 3719
f 3694 3718 3717
f 3694 3696 3718
f 3692 3717 3724
f 3692 3694 3717
f 3691 3724 3725
f 3691 3692 3724
f 3690 3691 3725
f 3688 3725 3726
f 3688 3690 3725
f 3686 3726 3722
f 3686 3688 3726
f 3722 3682 3686
f 3722 3733 3682
f 3680 3682 3733
f 3680 3733 3734
f 3678 3734 3738
f 3678 3680 3734
f 3676 3738 3737
f 3676 3678 3738
f 3677 3737 3739
f 3677 3676 3737
f 3679 3739 3735
f 3679 3677 3739
f 3681 3735 3736
f 3681 3679 3735
f 3683 3736 3732
f 3683 3681 3736
f 3684 3683 3732
f 3684 3732 3731
f 3684 3731 3727
f 3685 3727 3729
f 3685 3684 3727
f 3687 3729 3728
f 3687 3685 3729
f 3689 3728 3730
f 3689 3687 3728
f 3693 3730 3720
f 3693 3689 3730
f 3695 3720 3721
f 3695 3693 3720
f 3697 3721 3708
f 3697 3695 3721
f 3698 3697 3708
f 3740 3741 764
f 3740 764 750
f 764 3742 788
f 3741 3742 764
f 763 3742 3743
f 763 788 3742
f 3744 756 758
f 3744 3745 756
f 3746 758 757
f 3746 3744 758
f 3747 757 759
f 3747 3746 757
f 3748 759 760
f 3748 3747 759
f 3749 760 761
f 3749 3748 760
f 3750 761 762
f 3750 3749 761
f 3743 762 763
f 3743 3750 762
f 756 3751 766
f 3745 3751 756
f 3752 773 772
f 3753 772 767
f 3753 3752 772
f 3754 767 769
f 3754 3753 767
f 3755 769 768
f 3755 3754 769
f 3756 768 770
f 3756 3755 768
f 3757 770 771
f 3757 3756 770
f 3758 771 766
f 3758 3757 771
f 3751 3758 766
f 773 3759 787
f 3752 3759 773
f 787 3760 789
f 3759 3760 787
f 774 3760 3761
f 774 789 3760
f 751 774 3762
f 3762 774 3761
f 751 3763 749
f 3762 3763 751
f 749 3764 747
f 3763 3764 749
f 744 3765 745
f 747 3765 744
f 3764 3765 747
f 745 3766 746
f 3765 3766 745
f 746 3767 748
f 3766 3767 746
f 748 3768 750
f 3767 3768 748
f 3768 3740 750
f 3752 3761 3760
f 3752 3760 3759
f 3753 3761 3752
f 3754 3761 3753
f 3755 3761 3754
f 3756 3761 3755
f 3757 3761 3756
f 3758 3761 3757
f 3751 3761 3758
f 3740 3743 3742
f 3740 3742 3741
f 3762 3751 3745
f 3762 3744 3746
f 3762 3745 3744
f 3762 3761 3751
f 3768 3743 3740
f 3763 3746 3747
f 3763 3762 3746
f 3767 3743 3768
f 3764 3747 3748
f 3764 3763 3747
f 3766 3750 3743
f 3766 3743 3767
f 3765 3749 3750
f 3765 3748 3749
f 3765 3764 3748
f 3765 3750 3766
f 3769 3770 723
f 720 3770 718
f 723 3770 720
f 718 3771 714
f 3770 3771 718
f 714 3772 711
f 3771 3772 714
f 711 3773 716
f 3772 3773 711
f 716 3774 719
f 3773 3774 716
f 719 3775 722
f 3774 3775 719
f 3775 3776 722
f 3776 3777 733
f 3776 733 722
f 733 3778 755
f 3777 3778 733
f 732 3778 3779
f 732 755 3778
f 3780 725 727
f 3780 3781 725
f 3782 727 726
f 3782 3780 727
f 3783 726 728
f 3783 3782 726
f 3784 728 729
f 3784 3783 728
f 3785 729 730
f 3785 3784 729
f 3786 730 731
f 3786 3785 730
f 3779 731 732
f 3779 3786 731
f 725 3787 734
f 3781 3787 725
f 3788 741 740
f 3789 740 737
f 3789 3788 740
f 3790 737 739
f 3790 3789 737
f 3791 739 738
f 3791 3790 739
f 3792 738 735
f 3792 3791 738
f 3793 735 736
f 3793 3792 735
f 3794 736 734
f 3794 3793 736
f 3787 3794 734
f 741 3795 754
f 3788 3795 741
f 754 3796 765
f 3795 3796 754
f 742 3796 3797
f 742 765 3796
f 723 742 3769
f 3769 742 3797
f 3788 3797 3796
f 3788 3796 3795
f 3789 3797 3788
f 3790 3797 3789
f 3791 3797 3790
f 3792 3797 3791
f 3793 3797 3792
f 3794 3797 3793
f 3787 3797 3794
f 3776 3779 3778
f 3776 3778 3777
f 3769 3787 3781
f 3769 3780 3782
f 3769 3781 3780
f 3769 3797 3787
f 3775 3779 3776
f 3770 3782 3783
f 3770 3769 3782
f 3774 3779 3775
f 3771 3783 3784
f 3771 3770 3783
f 3773 3786 3779
f 3773 3779 3774
f 3772 3785 3786
f 3772 3784 3785
f 3772 3771 3784
f 3772 3786 3773
f 524 522 357
f 357 522 355
f 355 521 354
f 522 521 355
f 354 519 352
f 521 519 354
f 352 517 350
f 519 517 352
f 350 515 347
f 517 515 350
f 347 514 348
f 515 514 347
f 348 518 351
f 514 518 348
f 351 520 353
f 518 520 351
f 353 523 356
f 520 523 353
f 356 525 358
f 523 525 356
f 358 532 361
f 525 532 358
f 361 528 359
f 532 528 361
f 359 527 363
f 528 527 359
f 363 530 366
f 527 530 363
f 366 534 369
f 530 534 366
f 544 357 373
f 544 524 357
f 392 559 388
f 559 556 388
f 388 555 387
f 556 555 388
f 387 552 384
f 555 552 387
f 384 549 381
f 552 549 384
f 381 546 374
f 549 546 381
f 374 544 373
f 546 544 374
f 560 392 393
f 560 559 392
f 393 398 560
f 560 398 565
f 567 400 569
f 565 400 567
f 398 400 565
f 569 402 571
f 400 402 569
f 571 404 586
f 402 404 571
f 586 390 557
f 404 390 586
f 390 389 557
f 554 389 386
f 554 557 389
f 386 385 554
f 554 385 553
f 553 383 551
f 385 383 553
f 551 382 550
f 383 382 551
f 550 375 548
f 382 375 550
f 548 376 547
f 375 376 548
f 547 377 545
f 376 377 547
f 545 378 542
f 377 378 545
f 542 379 541
f 378 379 542
f 541 380 540
f 379 380 541
f 540 367 535
f 380 367 540
f 535 364 531
f 367 364 535
f 531 360 526
f 364 360 531
f 526 362 529
f 360 362 526
f 529 365 533
f 362 365 529
f 533 368 536
f 365 368 533
f 3798 3799 3800
f 3798 3800 3801
f 3802 3801 3803
f 3802 3798 3801
f 3804 3803 3805
f 3804 3802 3803
f 3806 3807 3808
f 3806 3805 3807
f 3806 3804 3805
f 3809 3808 3810
f 3809 3806 3808
f 3811 3810 3812
f 3811 3809 3810
f 3813 3812 3814
f 3813 3811 3812
f 3815 3814 3816
f 3815 3813 3814
f 3817 3816 538
f 3817 3815 3816
f 370 538 536
f 370 3817 538
f 368 370 536
f 3818 3819 3820
f 3821 3822 3823
f 3821 3820 3822
f 3821 3818 3820
f 3824 3823 3825
f 3824 3821 3823
f 3826 3825 3827
f 3826 3824 3825
f 3828 3827 3829
f 3828 3826 3827
f 3830 3829 3831
f 3830 3828 3829
f 3832 3831 3833
f 3832 3830 3831
f 3834 3832 3833
f 3835 3833 3800
f 3835 3834 3833
f 3799 3835 3800
f 3834 3830 3832
f 3835 3830 3834
f 3799 3830 3835
f 3799 3828 3830
f 3826 3821 3824
f 3828 3818 3826
f 3799 3818 3828
f 3826 3818 3821
f 3836 3837 3798
f 3798 3837 3799
f 3818 3837 3838
f 3799 3837 3818
f 3839 3840 3841
f 3838 3842 3843
f 3843 3842 3844
f 3841 3845 3837
f 3840 3845 3841
f 3837 3846 3838
f 3845 3846 3837
f 3838 3846 3842
f 3847 3838 3843
f 3848 3843 3844
f 3848 3847 3843
f 3849 3844 3842
f 3849 3848 3844
f 3850 3842 3846
f 3850 3849 3842
f 3851 3846 3845
f 3851 3850 3846
f 3852 3845 3840
f 3852 3851 3845
f 3853 3840 3839
f 3853 3852 3840
f 3854 3839 3841
f 3854 3853 3839
f 3855 3841 3837
f 3855 3854 3841
f 3856 3855 3837
f 3818 3838 3847
f 3819 3818 3847
f 3854 3852 3853
f 3848 3849 3850
f 3855 3852 3854
f 3856 3851 3852
f 3856 3852 3855
f 3847 3850 3851
f 3847 3848 3850
f 3847 3851 3856
f 3819 3847 3856
f 3825 3823 3822
f 3825 3822 3820
f 3825 3820 3819
f 3827 3825 3819
f 3833 3831 3829
f 3800 3829 3827
f 3800 3819 3856
f 3800 3833 3829
f 3800 3827 3819
f 3801 3856 3857
f 3801 3800 3856
f 3858 3808 3859
f 3810 3808 3858
f 3859 3807 3860
f 3860 3807 3861
f 3808 3807 3859
f 3861 3805 3862
f 3807 3805 3861
f 3862 3803 3857
f 3805 3803 3862
f 3803 3801 3857
f 3837 3836 3856
f 3856 3836 3857
f 3857 3836 3862
f 3862 3863 3861
f 3836 3863 3862
f 3861 3864 3860
f 3863 3864 3861
f 3860 3865 3859
f 3864 3865 3860
f 3859 3866 3858
f 3865 3866 3859
f 3858 3867 3868
f 3866 3867 3858
f 3868 3869 3870
f 3867 3869 3868
f 3870 3871 3872
f 3869 3871 3870
f 3872 3873 537
f 3871 3873 3872
f 3873 371 537
f 537 369 534
f 371 369 537
f 3810 3858 3868
f 3812 3810 3868
f 3812 3868 3870
f 3814 3870 3872
f 3814 3812 3870
f 3816 3814 3872
f 538 3872 537
f 538 3816 3872
f 3869 3815 3871
f 3813 3815 3869
f 3871 3817 3873
f 3873 3817 371
f 3815 3817 3871
f 3817 370 371
f 3813 3869 3811
f 3869 3867 3811
f 3811 3867 3866
f 3809 3866 3865
f 3809 3811 3866
f 3806 3865 3864
f 3806 3809 3865
f 3804 3864 3863
f 3804 3806 3864
f 3802 3863 3836
f 3802 3804 3863
f 3798 3802 3836
f 67 57 56
f 68 57 67
f 3874 3875 42
f 43 3874 42
f 42 3875 46
f 46 3875 3876
f 3876 3877 3878
f 3875 3877 3876
f 3878 3879 3880
f 3877 3879 3878
f 3876 3881 46
f 3881 48 46
f 3874 48 3881
f 43 48 3874
f 3882 3874 3881
f 3883 3874 3882
f 3884 3882 3885
f 3884 3883 3882
f 3875 3883 3877
f 3874 3883 3875
f 3884 3877 3883
f 3884 3879 3877
f 3880 3879 3885
f 3879 3884 3885
f 3880 3885 3878
f 3878 3885 3882
f 3882 3876 3878
f 3882 3881 3876
f 3886 3887 33
f 32 3886 33
f 40 33 3888
f 33 3887 3888
f 3888 3889 3890
f 3887 3889 3888
f 3890 3891 3892
f 3889 3891 3890
f 3888 3893 40
f 3893 41 40
f 32 41 3893
f 3886 32 3893
f 3894 3886 3893
f 3895 3886 3894
f 3896 3894 3897
f 3896 3895 3894
f 3887 3895 3889
f 3886 3895 3887
f 3896 3889 3895
f 3896 3891 3889
f 3892 3891 3897
f 3891 3896 3897
f 3892 3897 3890
f 3890 3897 3894
f 3894 3888 3890
f 3894 3893 3888
f 3898 3899 28
f 26 3898 28
f 35 28 3900
f 3900 28 3899
f 3899 3901 3900
f 3899 3902 3901
f 3901 3903 3904
f 3902 3903 3901
f 3900 3905 35
f 3905 34 35
f 3898 34 3905
f 26 34 3898
f 3906 3898 3905
f 3907 3898 3906
f 3908 3906 3909
f 3908 3907 3906
f 3899 3907 3902
f 3898 3907 3899
f 3908 3902 3907
f 3908 3903 3902
f 3904 3903 3909
f 3903 3908 3909
f 3904 3909 3901
f 3901 3909 3906
f 3906 3900 3901
f 3906 3905 3900
f 3910 3911 21
f 18 3910 21
f 21 3911 27
f 27 3911 3912
f 3912 3913 3914
f 3911 3913 3912
f 3914 3915 3916
f 3913 3915 3914
f 3912 3917 27
f 3917 25 27
f 3910 25 3917
f 3910 18 25
f 3918 3910 3917
f 3919 3910 3918
f 3920 3918 3921
f 3920 3919 3918
f 3911 3919 3913
f 3910 3919 3911
f 3920 3913 3919
f 3920 3915 3913
f 3916 3915 3921
f 3915 3920 3921
f 3916 3921 3914
f 3914 3921 3918
f 3918 3912 3914
f 3918 3917 3912
f 3922 3923 10
f 13 3922 10
f 19 3923 3924
f 19 10 3923
f 3924 3925 3926
f 3923 3925 3924
f 3926 3927 3928
f 3925 3927 3926
f 3924 3929 19
f 3929 14 19
f 3922 14 3929
f 13 14 3922
f 3930 3922 3929
f 3931 3922 3930
f 3932 3930 3933
f 3932 3931 3930
f 3923 3931 3925
f 3922 3931 3923
f 3932 3925 3931
f 3932 3927 3925
f 3928 3927 3933
f 3927 3932 3933
f 3928 3933 3926
f 3926 3933 3930
f 3930 3924 3926
f 3930 3929 3924
f 3934 30 29
f 3935 30 3934
f 30 3935 38
f 38 3935 3936
f 3936 3937 3938
f 3935 3937 3936
f 38 3939 31
f 38 3936 3939
f 3939 3940 3941
f 3939 3941 3934
f 31 3934 29
f 31 3939 3934
f 3935 3941 3937
f 3935 3934 3941
f 3937 3940 3938
f 3937 3941 3940
f 3939 3936 3940
f 3940 3936 3938
f 3942 22 20
f 3943 22 3942
f 22 3943 24
f 24 3943 3944
f 3944 3945 3946
f 3943 3945 3944
f 24 3947 23
f 24 3944 3947
f 3947 3948 3949
f 3947 3949 3942
f 23 3942 20
f 23 3947 3942
f 3943 3949 3945
f 3943 3942 3949
f 3945 3948 3946
f 3945 3949 3948
f 3947 3944 3948
f 3948 3944 3946
f 44 3950 39
f 44 3951 3950
f 3952 3953 3954
f 3950 3953 3952
f 36 3950 3952
f 39 3950 36
f 3952 37 36
f 3955 37 3952
f 37 3951 44
f 37 3955 3951
f 3955 3956 3951
f 3955 3957 3956
f 3950 3951 3953
f 3953 3951 3956
f 3957 3953 3956
f 3957 3954 3953
f 3955 3954 3957
f 3955 3952 3954
f 50 6 8
f 50 3958 6
f 6 3958 5
f 5 3958 3959
f 3 5 3959
f 3 2 5
f 45 3958 50
f 45 1 3958
f 1 3959 3958
f 1 3 3959
f 4 45 7
f 1 45 4
