# Full FreeCAD instance transform baked; body-local coordinates in mm
v 47.878679656 54.378679656 87.000000000
v 49.592292136 56.069373096 87.000000000
v 47.985323135 54.277146624 87.000000000
v 47.777146624 54.485323135 87.000000000
v 49.547032567 56.115775441 87.000000000
v 47.680968640 54.596820148 87.000000000
v 49.639808411 56.025284436 87.000000000
v 48.096820148 54.180968640 87.000000000
v 47.590377406 54.712902087 87.000000000
v 49.504142224 56.164376107 87.000000000
v 48.212902087 54.090377406 87.000000000
v 49.689463258 55.983619073 87.000000000
v 48.333289301 54.005591163 87.000000000
v 47.505591163 54.833289301 87.000000000
v 49.463727741 56.215054267 87.000000000
v 47.426814170 54.957691767 87.000000000
v 49.741133226 55.944480593 87.000000000
v 48.457691767 53.926814170 87.000000000
v 47.354236207 55.085809790 87.000000000
v 49.425889593 56.267683925 87.000000000
v 48.585809790 53.854236207 87.000000000
v 49.794689857 55.907966300 87.000000000
v 48.717334720 53.788032121 87.000000000
v 47.288032121 55.217334720 87.000000000
v 49.390721854 56.322134236 87.000000000
v 49.850000000 55.874166975 87.000000000
v 48.851949703 53.728361402 87.000000000
v 49.358311955 56.378269828 87.000000000
v 47.228361402 55.351949703 87.000000000
v 47.175367804 55.489330440 87.000000000
v 49.906926145 55.843166649 87.000000000
v 48.989330440 53.675367804 87.000000000
v 47.129178993 55.629145968 87.000000000
v 49.328740472 56.435951139 87.000000000
v 49.129145968 53.629178993 87.000000000
v 49.965326766 55.815042392 87.000000000
v 49.271059460 53.589906240 87.000000000
v 49.302080925 56.495034765 87.000000000
v 47.089906240 55.771059460 87.000000000
v 47.057644159 55.914729034 87.000000000
v 50.025056668 55.789864127 87.000000000
v 49.414729034 53.557644159 87.000000000
v 47.032470470 56.059808577 87.000000000
v 49.278399593 56.555373814 87.000000000
v 50.085967355 55.767694450 87.000000000
v 49.559808577 53.532470470 87.000000000
v 49.705948579 53.514445820 87.000000000
v 49.257755352 56.616818273 87.000000000
v 47.014445820 56.205948579 87.000000000
v 50.147907391 55.748588479 87.000000000
v 49.852796977 53.503613631 87.000000000
v 47.003613631 56.352796977 87.000000000
v 49.240199528 56.679215383 87.000000000
v 47.000000000 56.500000000 87.000000000
v 50.210722786 55.732593714 87.000000000
v 50.000000000 53.500000000 87.000000000
v 49.225775766 56.742410014 87.000000000
v 50.274257369 55.719749921 87.000000000
v 49.214519926 56.806245054 87.000000000
v 50.338353184 55.710089031 87.000000000
v 49.206459992 56.870561799 87.000000000
v 50.402850878 55.703635064 87.000000000
v 49.201616002 56.935200349 87.000000000
v 50.467590101 55.700404063 87.000000000
v 49.200000000 57.000000000 87.000000000
v 50.532409899 55.700404063 87.000000000
v 49.201616002 57.064799651 87.000000000
v 50.597149122 55.703635064 87.000000000
v 49.206459992 57.129438201 87.000000000
v 50.661646816 55.710089031 87.000000000
v 49.214519926 57.193754946 87.000000000
v 50.725742631 55.719749921 87.000000000
v 49.225775766 57.257589986 87.000000000
v 50.789277214 55.732593714 87.000000000
v 49.240199528 57.320784617 87.000000000
v 50.852092609 55.748588479 87.000000000
v 49.257755352 57.383181727 87.000000000
v 50.914032645 55.767694450 87.000000000
v 49.278399593 57.444626186 87.000000000
v 50.974943332 55.789864127 87.000000000
v 49.302080925 57.504965235 87.000000000
v 51.034673234 55.815042392 87.000000000
v 49.328740472 57.564048861 87.000000000
v 51.093073855 55.843166649 87.000000000
v 49.358311955 57.621730172 87.000000000
v 51.150000000 55.874166975 87.000000000
v 49.390721854 57.677865764 87.000000000
v 51.205310143 55.907966300 87.000000000
v 49.425889593 57.732316075 87.000000000
v 51.258866774 55.944480593 87.000000000
v 49.463727741 57.784945733 87.000000000
v 51.310536742 55.983619073 87.000000000
v 49.504142224 57.835623893 87.000000000
v 51.360191589 56.025284436 87.000000000
v 49.547032567 57.884224559 87.000000000
v 51.407707864 56.069373096 87.000000000
v 49.592292136 57.930626904 87.000000000
v 51.452967433 56.115775441 87.000000000
v 49.639808411 57.974715564 87.000000000
v 51.495857776 56.164376107 87.000000000
v 49.689463258 58.016380927 87.000000000
v 49.741133226 58.055519407 87.000000000
v 51.697919075 57.504965235 87.000000000
v 54.092292136 59.069373096 87.000000000
v 51.721600407 57.444626186 87.000000000
v 51.671259528 57.564048861 87.000000000
v 54.047032567 59.115775441 87.000000000
v 54.139808411 59.025284436 87.000000000
v 51.742244648 57.383181727 87.000000000
v 51.641688045 57.621730172 87.000000000
v 54.004142224 59.164376107 87.000000000
v 54.189463258 58.983619073 87.000000000
v 51.759800472 57.320784617 87.000000000
v 51.609278146 57.677865764 87.000000000
v 53.963727741 59.215054267 87.000000000
v 54.241133226 58.944480593 87.000000000
v 51.774224234 57.257589986 87.000000000
v 53.925889593 59.267683925 87.000000000
v 51.574110407 57.732316075 87.000000000
v 54.294689857 58.907966300 87.000000000
v 51.785480074 57.193754946 87.000000000
v 53.890721854 59.322134236 87.000000000
v 51.536272259 57.784945733 87.000000000
v 54.350000000 58.874166975 87.000000000
v 51.793540008 57.129438201 87.000000000
v 51.495857776 57.835623893 87.000000000
v 53.858311955 59.378269828 87.000000000
v 54.406926145 58.843166649 87.000000000
v 51.798383998 57.064799651 87.000000000
v 53.828740472 59.435951139 87.000000000
v 51.452967433 57.884224559 87.000000000
v 54.465326766 58.815042392 87.000000000
v 51.800000000 57.000000000 87.000000000
v 51.407707864 57.930626904 87.000000000
v 53.802080925 59.495034765 87.000000000
v 54.525056668 58.789864127 87.000000000
v 51.798383998 56.935200349 87.000000000
v 51.360191589 57.974715564 87.000000000
v 53.778399593 59.555373814 87.000000000
v 54.585967355 58.767694450 87.000000000
v 51.793540008 56.870561799 87.000000000
v 53.757755352 59.616818273 87.000000000
v 51.310536742 58.016380927 87.000000000
v 54.647907391 58.748588479 87.000000000
v 51.785480074 56.806245054 87.000000000
v 51.258866774 58.055519407 87.000000000
v 53.740199528 59.679215383 87.000000000
v 54.710722786 58.732593714 87.000000000
v 51.774224234 56.742410014 87.000000000
v 51.205310143 58.092033700 87.000000000
v 53.725775766 59.742410014 87.000000000
v 54.774257369 58.719749921 87.000000000
v 51.759800472 56.679215383 87.000000000
v 51.150000000 58.125833025 87.000000000
v 53.714519926 59.806245054 87.000000000
v 54.838353184 58.710089031 87.000000000
v 51.742244648 56.616818273 87.000000000
v 51.093073855 58.156833351 87.000000000
v 53.706459992 59.870561799 87.000000000
v 54.902850878 58.703635064 87.000000000
v 51.721600407 56.555373814 87.000000000
v 51.034673234 58.184957608 87.000000000
v 53.701616002 59.935200349 87.000000000
v 54.967590101 58.700404063 87.000000000
v 51.697919075 56.495034765 87.000000000
v 50.974943332 58.210135873 87.000000000
v 53.700000000 60.000000000 87.000000000
v 55.032409899 58.700404063 87.000000000
v 51.671259528 56.435951139 87.000000000
v 50.914032645 58.232305550 87.000000000
v 53.701616002 60.064799651 87.000000000
v 55.097149122 58.703635064 87.000000000
v 51.641688045 56.378269828 87.000000000
v 50.852092609 58.251411521 87.000000000
v 53.706459992 60.129438201 87.000000000
v 55.161646816 58.710089031 87.000000000
v 51.609278146 56.322134236 87.000000000
v 50.789277214 58.267406286 87.000000000
v 53.714519926 60.193754946 87.000000000
v 55.225742631 58.719749921 87.000000000
v 51.574110407 56.267683925 87.000000000
v 53.725775766 60.257589986 87.000000000
v 50.725742631 58.280250079 87.000000000
v 55.289277214 58.732593714 87.000000000
v 51.536272259 56.215054267 87.000000000
v 53.740199528 60.320784617 87.000000000
v 50.661646816 58.289910969 87.000000000
v 55.352092609 58.748588479 87.000000000
v 50.597149122 58.296364936 87.000000000
v 53.757755352 60.383181727 87.000000000
v 50.532409899 58.299595937 87.000000000
v 53.778399593 60.444626186 87.000000000
v 50.467590101 58.299595937 87.000000000
v 53.802080925 60.504965235 87.000000000
v 53.828740472 60.564048861 87.000000000
v 50.402850878 58.296364936 87.000000000
v 50.338353184 58.289910969 87.000000000
v 53.858311955 60.621730172 87.000000000
v 50.274257369 58.280250079 87.000000000
v 53.890721854 60.677865764 87.000000000
v 50.210722786 58.267406286 87.000000000
v 53.925889593 60.732316075 87.000000000
v 50.147907391 58.251411521 87.000000000
v 53.963727741 60.784945733 87.000000000
v 50.085967355 58.232305550 87.000000000
v 54.004142224 60.835623893 87.000000000
v 50.025056668 58.210135873 87.000000000
v 54.047032567 60.884224559 87.000000000
v 54.092292136 60.930626904 87.000000000
v 49.965326766 58.184957608 87.000000000
v 55.414032645 58.767694450 87.000000000
v 65.500000000 53.500000000 87.000000000
v 55.474943332 58.789864127 87.000000000
v 55.534673234 58.815042392 87.000000000
v 55.593073855 58.843166649 87.000000000
v 55.650000000 58.874166975 87.000000000
v 55.705310143 58.907966300 87.000000000
v 55.758866774 58.944480593 87.000000000
v 55.810536742 58.983619073 87.000000000
v 55.860191589 59.025284436 87.000000000
v 55.907707864 59.069373096 87.000000000
v 55.952967433 59.115775441 87.000000000
v 55.995857776 59.164376107 87.000000000
v 56.285480074 60.193754946 87.000000000
v 59.710332877 61.754407955 87.000000000
v 56.293540008 60.129438201 87.000000000
v 56.298383998 60.064799651 87.000000000
v 59.799568156 61.667370320 87.000000000
v 56.300000000 60.000000000 87.000000000
v 56.274224234 60.257589986 87.000000000
v 59.625546993 61.845785406 87.000000000
v 59.893030976 61.584888892 87.000000000
v 56.298383998 59.935200349 87.000000000
v 59.545421294 61.941275495 87.000000000
v 56.259800472 60.320784617 87.000000000
v 56.242244648 60.383181727 87.000000000
v 59.990488974 61.507168732 87.000000000
v 56.293540008 59.870561799 87.000000000
v 56.285480074 59.806245054 87.000000000
v 56.221600407 60.444626186 87.000000000
v 59.470154986 62.040640819 87.000000000
v 60.091699855 61.434403064 87.000000000
v 56.274224234 59.742410014 87.000000000
v 59.399935192 62.143634340 87.000000000
v 56.197919075 60.504965235 87.000000000
v 60.196411992 61.366772796 87.000000000
v 56.259800472 59.679215383 87.000000000
v 56.171259528 60.564048861 87.000000000
v 59.334936491 62.250000000 87.000000000
v 56.141688045 60.621730172 87.000000000
v 60.304365053 61.304446067 87.000000000
v 56.242244648 59.616818273 87.000000000
v 59.275320478 62.359473357 87.000000000
v 56.109278146 60.677865764 87.000000000
v 56.221600407 59.555373814 87.000000000
v 60.415290652 61.247577830 87.000000000
v 56.197919075 59.495034765 87.000000000
v 56.074110407 60.732316075 87.000000000
v 59.221235369 62.471782242 87.000000000
v 56.036272259 60.784945733 87.000000000
v 60.528913009 61.196309470 87.000000000
v 56.171259528 59.435951139 87.000000000
v 59.172815628 62.586647439 87.000000000
v 55.995857776 60.835623893 87.000000000
v 60.644949642 61.150768448 87.000000000
v 56.141688045 59.378269828 87.000000000
v 59.130181635 62.703783374 87.000000000
v 55.952967433 60.884224559 87.000000000
v 60.763112064 61.111067986 87.000000000
v 56.109278146 59.322134236 87.000000000
v 59.093439383 62.822898830 87.000000000
v 55.907707864 60.930626904 87.000000000
v 55.860191589 60.974715564 87.000000000
v 56.074110407 59.267683925 87.000000000
v 60.883106506 61.077306784 87.000000000
v 56.036272259 59.215054267 87.000000000
v 59.062680220 62.943697665 87.000000000
v 55.810536742 61.016380927 87.000000000
v 61.004634642 61.049568780 87.000000000
v 59.037980617 63.065879556 87.000000000
v 55.758866774 61.055519407 87.000000000
v 61.127394335 61.027922934 87.000000000
v 59.019401983 63.189140738 87.000000000
v 55.705310143 61.092033700 87.000000000
v 55.650000000 61.125833025 87.000000000
v 61.251080384 61.012423062 87.000000000
v 59.006990507 63.313174766 87.000000000
v 55.593073855 61.156833351 87.000000000
v 61.375385286 61.003107697 87.000000000
v 55.534673234 61.184957608 87.000000000
v 59.000777045 63.437673271 87.000000000
v 61.500000000 61.000000000 87.000000000
v 55.474943332 61.210135873 87.000000000
v 59.000777045 63.562326729 87.000000000
v 55.414032645 61.232305550 87.000000000
v 61.624614714 61.003107697 87.000000000
v 59.006990507 63.686825234 87.000000000
v 55.352092609 61.251411521 87.000000000
v 61.748919616 61.012423062 87.000000000
v 55.289277214 61.267406286 87.000000000
v 59.019401983 63.810859262 87.000000000
v 61.872605665 61.027922934 87.000000000
v 55.225742631 61.280250079 87.000000000
v 59.037980617 63.934120444 87.000000000
v 55.161646816 61.289910969 87.000000000
v 61.995365358 61.049568780 87.000000000
v 55.097149122 61.296364936 87.000000000
v 59.062680220 64.056302335 87.000000000
v 62.116893494 61.077306784 87.000000000
v 55.032409899 61.299595937 87.000000000
v 59.093439383 64.177101170 87.000000000
v 62.236887936 61.111067986 87.000000000
v 59.130181635 64.296216626 87.000000000
v 54.967590101 61.299595937 87.000000000
v 62.355050358 61.150768448 87.000000000
v 59.172815628 64.413352561 87.000000000
v 54.902850878 61.296364936 87.000000000
v 62.471086991 61.196309470 87.000000000
v 59.221235369 64.528217758 87.000000000
v 54.838353184 61.289910969 87.000000000
v 62.584709348 61.247577830 87.000000000
v 62.695634947 61.304446067 87.000000000
v 62.803588008 61.366772796 87.000000000
v 62.908300145 61.434403064 87.000000000
v 65.745338372 53.506022719 87.000000000
v 63.009511026 61.507168732 87.000000000
v 68.277851165 54.342651938 87.000000000
v 68.478496522 54.483962343 87.000000000
v 68.070513721 54.211356950 87.000000000
v 67.856983684 54.090393678 87.000000000
v 67.637775467 53.980053534 87.000000000
v 67.413417162 53.880602337 87.000000000
v 67.184449267 53.792279674 87.000000000
v 66.951423386 53.715298321 87.000000000
v 66.714900900 53.649843734 87.000000000
v 66.475451610 53.596073598 87.000000000
v 66.233652372 53.554117450 87.000000000
v 65.990085702 53.524076367 87.000000000
v 69.035533906 54.964466094 87.000000000
v 63.106969024 61.584888892 87.000000000
v 69.204755627 55.142205226 87.000000000
v 68.857794774 54.795244373 87.000000000
v 68.671966421 54.634947733 87.000000000
v 69.365052267 55.328033579 87.000000000
v 69.516037657 55.521503478 87.000000000
v 69.657348062 55.722148835 87.000000000
v 69.788643050 55.929486279 87.000000000
v 69.909606322 56.143016316 87.000000000
v 70.019946466 56.362224533 87.000000000
v 70.119397663 56.586582838 87.000000000
v 70.207720326 56.815550733 87.000000000
v 70.284701679 57.048576614 87.000000000
v 63.200431844 61.667370320 87.000000000
v 70.350156266 57.285099100 87.000000000
v 70.403926402 57.524548390 87.000000000
v 70.445882550 57.766347628 87.000000000
v 59.710332877 65.245592045 87.000000000
v 59.754407955 68.710332877 87.000000000
v 59.799568156 65.332629680 87.000000000
v 59.667370320 68.799568156 87.000000000
v 59.625546993 65.154214594 87.000000000
v 59.845785406 68.625546993 87.000000000
v 59.893030976 65.415111108 87.000000000
v 59.545421294 65.058724505 87.000000000
v 59.584888892 68.893030976 87.000000000
v 70.475923633 58.009914298 87.000000000
v 59.941275495 68.545421294 87.000000000
v 59.990488974 65.492831268 87.000000000
v 59.507168732 68.990488974 87.000000000
v 59.470154986 64.959359181 87.000000000
v 60.040640819 68.470154986 87.000000000
v 60.091699855 65.565596936 87.000000000
v 59.399935192 64.856365660 87.000000000
v 59.434403064 69.091699855 87.000000000
v 60.143634340 68.399935192 87.000000000
v 60.196411992 65.633227204 87.000000000
v 59.366772796 69.196411992 87.000000000
v 59.334936491 64.750000000 87.000000000
v 60.250000000 68.334936491 87.000000000
v 60.304365053 65.695553933 87.000000000
v 59.304446067 69.304365053 87.000000000
v 59.275320478 64.640526643 87.000000000
v 60.359473357 68.275320478 87.000000000
v 60.415290652 65.752422170 87.000000000
v 59.247577830 69.415290652 87.000000000
v 54.774257369 61.280250079 87.000000000
v 60.471782242 68.221235369 87.000000000
v 60.528913009 65.803690530 87.000000000
v 59.196309470 69.528913009 87.000000000
v 54.710722786 61.267406286 87.000000000
v 70.493977281 58.254661628 87.000000000
v 60.586647439 68.172815628 87.000000000
v 60.644949642 65.849231552 87.000000000
v 59.150768448 69.644949642 87.000000000
v 54.647907391 61.251411521 87.000000000
v 60.703783374 68.130181635 87.000000000
v 60.763112064 65.888932014 87.000000000
v 59.111067986 69.763112064 87.000000000
v 54.585967355 61.232305550 87.000000000
v 60.822898830 68.093439383 87.000000000
v 60.883106506 65.922693216 87.000000000
v 59.077306784 69.883106506 87.000000000
v 54.525056668 61.210135873 87.000000000
v 63.724679522 62.359473357 87.000000000
v 70.500000000 58.500000000 87.000000000
v 63.665063509 62.250000000 87.000000000
v 63.778764631 62.471782242 87.000000000
v 63.827184372 62.586647439 87.000000000
v 63.869818365 62.703783374 87.000000000
v 63.906560617 62.822898830 87.000000000
v 63.937319780 62.943697665 87.000000000
v 63.962019383 63.065879556 87.000000000
v 63.980598017 63.189140738 87.000000000
v 63.993009493 63.313174766 87.000000000
v 63.999222955 63.437673271 87.000000000
v 63.289667123 61.754407955 87.000000000
v 63.374453007 61.845785406 87.000000000
v 63.454578706 61.941275495 87.000000000
v 63.529845014 62.040640819 87.000000000
v 63.600064808 62.143634340 87.000000000
v 60.943697665 68.062680220 87.000000000
v 61.004634642 65.950431220 87.000000000
v 54.465326766 61.184957608 87.000000000
v 59.049568780 70.004634642 87.000000000
v 61.065879556 68.037980617 87.000000000
v 61.127394335 65.972077066 87.000000000
v 59.027922934 70.127394335 87.000000000
v 54.406926145 61.156833351 87.000000000
v 61.189140738 68.019401983 87.000000000
v 61.251080384 65.987576938 87.000000000
v 59.012423062 70.251080384 87.000000000
v 54.350000000 61.125833025 87.000000000
v 54.294689857 61.092033700 87.000000000
v 61.313174766 68.006990507 87.000000000
v 61.375385286 65.996892303 87.000000000
v 59.003107697 70.375385286 87.000000000
v 54.241133226 61.055519407 87.000000000
v 61.437673271 68.000777045 87.000000000
v 61.500000000 66.000000000 87.000000000
v 59.000000000 70.500000000 87.000000000
v 54.189463258 61.016380927 87.000000000
v 61.562326729 68.000777045 87.000000000
v 61.624614714 65.996892303 87.000000000
v 59.003107697 70.624614714 87.000000000
v 61.686825234 68.006990507 87.000000000
v 61.748919616 65.987576938 87.000000000
v 61.810859262 68.019401983 87.000000000
v 61.872605665 65.972077066 87.000000000
v 61.934120444 68.037980617 87.000000000
v 61.995365358 65.950431220 87.000000000
v 62.056302335 68.062680220 87.000000000
v 62.116893494 65.922693216 87.000000000
v 62.177101170 68.093439383 87.000000000
v 62.236887936 65.888932014 87.000000000
v 62.296216626 68.130181635 87.000000000
v 62.355050358 65.849231552 87.000000000
v 62.413352561 68.172815628 87.000000000
v 62.471086991 65.803690530 87.000000000
v 62.528217758 68.221235369 87.000000000
v 62.584709348 65.752422170 87.000000000
v 62.640526643 68.275320478 87.000000000
v 62.695634947 65.695553933 87.000000000
v 62.750000000 68.334936491 87.000000000
v 62.803588008 65.633227204 87.000000000
v 62.856365660 68.399935192 87.000000000
v 62.908300145 65.565596936 87.000000000
v 62.959359181 68.470154986 87.000000000
v 63.009511026 65.492831268 87.000000000
v 63.058724505 68.545421294 87.000000000
v 63.106969024 65.415111108 87.000000000
v 63.154214594 68.625546993 87.000000000
v 63.200431844 65.332629680 87.000000000
v 63.245592045 68.710332877 87.000000000
v 63.289667123 65.245592045 87.000000000
v 63.332629680 68.799568156 87.000000000
v 63.374453007 65.154214594 87.000000000
v 63.415111108 68.893030976 87.000000000
v 63.454578706 65.058724505 87.000000000
v 63.492831268 68.990488974 87.000000000
v 63.529845014 64.959359181 87.000000000
v 63.565596936 69.091699855 87.000000000
v 63.600064808 64.856365660 87.000000000
v 54.092292136 81.069373096 87.000000000
v 54.047032567 81.115775441 87.000000000
v 49.906926145 58.156833351 87.000000000
v 54.139808411 81.025284436 87.000000000
v 54.139808411 60.974715564 87.000000000
v 54.004142224 81.164376107 87.000000000
v 49.850000000 58.125833025 87.000000000
v 54.189463258 80.983619073 87.000000000
v 53.963727741 81.215054267 87.000000000
v 49.794689857 58.092033700 87.000000000
v 54.241133226 80.944480593 87.000000000
v 59.012423062 70.748919616 87.000000000
v 53.925889593 81.267683925 87.000000000
v 54.294689857 80.907966300 87.000000000
v 59.027922934 70.872605665 87.000000000
v 53.890721854 81.322134236 87.000000000
v 54.350000000 80.874166975 87.000000000
v 59.049568780 70.995365358 87.000000000
v 53.858311955 81.378269828 87.000000000
v 54.406926145 80.843166649 87.000000000
v 59.077306784 71.116893494 87.000000000
v 53.828740472 81.435951139 87.000000000
v 54.465326766 80.815042392 87.000000000
v 59.111067986 71.236887936 87.000000000
v 53.802080925 81.495034765 87.000000000
v 54.525056668 80.789864127 87.000000000
v 53.778399593 81.555373814 87.000000000
v 54.585967355 80.767694450 87.000000000
v 59.150768448 71.355050358 87.000000000
v 53.757755352 81.616818273 87.000000000
v 54.647907391 80.748588479 87.000000000
v 59.196309470 71.471086991 87.000000000
v 53.740199528 81.679215383 87.000000000
v 59.667370320 72.200431844 87.000000000
v 59.710332877 75.754407955 87.000000000
v 59.754407955 72.289667123 87.000000000
v 59.799568156 75.667370320 87.000000000
v 59.845785406 72.374453007 87.000000000
v 53.725775766 81.742410014 87.000000000
v 59.584888892 72.106969024 87.000000000
v 59.625546993 75.845785406 87.000000000
v 59.893030976 75.584888892 87.000000000
v 59.941275495 72.454578706 87.000000000
v 59.507168732 72.009511026 87.000000000
v 59.545421294 75.941275495 87.000000000
v 59.990488974 75.507168732 87.000000000
v 60.040640819 72.529845014 87.000000000
v 59.470154986 76.040640819 87.000000000
v 59.434403064 71.908300145 87.000000000
v 53.714519926 81.806245054 87.000000000
v 60.091699855 75.434403064 87.000000000
v 60.143634340 72.600064808 87.000000000
v 59.399935192 76.143634340 87.000000000
v 59.366772796 71.803588008 87.000000000
v 60.196411992 75.366772796 87.000000000
v 60.250000000 72.665063509 87.000000000
v 53.706459992 81.870561799 87.000000000
v 59.304446067 71.695634947 87.000000000
v 59.334936491 76.250000000 87.000000000
v 60.304365053 75.304446067 87.000000000
v 60.359473357 72.724679522 87.000000000
v 59.275320478 76.359473357 87.000000000
v 59.247577830 71.584709348 87.000000000
v 53.701616002 81.935200349 87.000000000
v 60.415290652 75.247577830 87.000000000
v 60.471782242 72.778764631 87.000000000
v 59.221235369 76.471782242 87.000000000
v 53.700000000 82.000000000 87.000000000
v 60.528913009 75.196309470 87.000000000
v 60.586647439 72.827184372 87.000000000
v 59.172815628 76.586647439 87.000000000
v 53.701616002 82.064799651 87.000000000
v 60.644949642 75.150768448 87.000000000
v 60.703783374 72.869818365 87.000000000
v 59.130181635 76.703783374 87.000000000
v 54.710722786 80.732593714 87.000000000
v 53.706459992 82.129438201 87.000000000
v 60.763112064 75.111067986 87.000000000
v 60.822898830 72.906560617 87.000000000
v 53.714519926 82.193754946 87.000000000
v 59.093439383 76.822898830 87.000000000
v 54.774257369 80.719749921 87.000000000
v 54.838353184 80.710089031 87.000000000
v 60.883106506 75.077306784 87.000000000
v 60.943697665 72.937319780 87.000000000
v 59.062680220 76.943697665 87.000000000
v 54.902850878 80.703635064 87.000000000
v 61.004634642 75.049568780 87.000000000
v 61.065879556 72.962019383 87.000000000
v 54.967590101 80.700404063 87.000000000
v 59.037980617 77.065879556 87.000000000
v 61.127394335 75.027922934 87.000000000
v 61.189140738 72.980598017 87.000000000
v 55.032409899 80.700404063 87.000000000
v 59.019401983 77.189140738 87.000000000
v 61.251080384 75.012423062 87.000000000
v 61.313174766 72.993009493 87.000000000
v 59.006990507 77.313174766 87.000000000
v 55.097149122 80.703635064 87.000000000
v 55.161646816 80.710089031 87.000000000
v 61.375385286 75.003107697 87.000000000
v 61.437673271 72.999222955 87.000000000
v 55.225742631 80.719749921 87.000000000
v 59.000777045 77.437673271 87.000000000
v 61.500000000 75.000000000 87.000000000
v 61.562326729 72.999222955 87.000000000
v 59.000777045 77.562326729 87.000000000
v 55.289277214 80.732593714 87.000000000
v 61.624614714 75.003107697 87.000000000
v 61.686825234 72.993009493 87.000000000
v 59.006990507 77.686825234 87.000000000
v 55.352092609 80.748588479 87.000000000
v 61.748919616 75.012423062 87.000000000
v 61.810859262 72.980598017 87.000000000
v 59.019401983 77.810859262 87.000000000
v 55.414032645 80.767694450 87.000000000
v 55.474943332 80.789864127 87.000000000
v 61.872605665 75.027922934 87.000000000
v 61.934120444 72.962019383 87.000000000
v 59.037980617 77.934120444 87.000000000
v 55.534673234 80.815042392 87.000000000
v 61.995365358 75.049568780 87.000000000
v 62.056302335 72.937319780 87.000000000
v 59.062680220 78.056302335 87.000000000
v 55.593073855 80.843166649 87.000000000
v 62.116893494 75.077306784 87.000000000
v 62.177101170 72.906560617 87.000000000
v 59.093439383 78.177101170 87.000000000
v 55.650000000 80.874166975 87.000000000
v 55.705310143 80.907966300 87.000000000
v 62.236887936 75.111067986 87.000000000
v 62.296216626 72.869818365 87.000000000
v 59.130181635 78.296216626 87.000000000
v 55.758866774 80.944480593 87.000000000
v 62.355050358 75.150768448 87.000000000
v 62.413352561 72.827184372 87.000000000
v 59.172815628 78.413352561 87.000000000
v 55.810536742 80.983619073 87.000000000
v 62.471086991 75.196309470 87.000000000
v 62.528217758 72.778764631 87.000000000
v 55.860191589 81.025284436 87.000000000
v 59.221235369 78.528217758 87.000000000
v 55.907707864 81.069373096 87.000000000
v 62.584709348 75.247577830 87.000000000
v 62.640526643 72.724679522 87.000000000
v 59.275320478 78.640526643 87.000000000
v 55.952967433 81.115775441 87.000000000
v 62.695634947 75.304446067 87.000000000
v 62.750000000 72.665063509 87.000000000
v 55.995857776 81.164376107 87.000000000
v 59.334936491 78.750000000 87.000000000
v 62.803588008 75.366772796 87.000000000
v 62.856365660 72.600064808 87.000000000
v 59.399935192 78.856365660 87.000000000
v 56.036272259 81.215054267 87.000000000
v 56.074110407 81.267683925 87.000000000
v 62.908300145 75.434403064 87.000000000
v 62.959359181 72.529845014 87.000000000
v 59.470154986 78.959359181 87.000000000
v 56.109278146 81.322134236 87.000000000
v 63.999222955 63.562326729 87.000000000
v 70.500000000 68.000000000 87.000000000
v 63.993009493 63.686825234 87.000000000
v 63.980598017 63.810859262 87.000000000
v 63.962019383 63.934120444 87.000000000
v 63.937319780 64.056302335 87.000000000
v 63.906560617 64.177101170 87.000000000
v 63.869818365 64.296216626 87.000000000
v 63.827184372 64.413352561 87.000000000
v 63.778764631 64.528217758 87.000000000
v 63.724679522 64.640526643 87.000000000
v 63.665063509 64.750000000 87.000000000
v 63.633227204 69.196411992 87.000000000
v 63.695553933 69.304365053 87.000000000
v 63.752422170 69.415290652 87.000000000
v 63.803690530 69.528913009 87.000000000
v 63.009511026 75.507168732 87.000000000
v 63.058724505 72.454578706 87.000000000
v 59.545421294 79.058724505 87.000000000
v 56.141688045 81.378269828 87.000000000
v 63.106969024 75.584888892 87.000000000
v 63.154214594 72.374453007 87.000000000
v 59.625546993 79.154214594 87.000000000
v 56.171259528 81.435951139 87.000000000
v 56.197919075 81.495034765 87.000000000
v 70.507227263 68.294406046 87.000000000
v 63.849231552 69.644949642 87.000000000
v 63.888932014 69.763112064 87.000000000
v 63.200431844 75.667370320 87.000000000
v 63.245592045 72.289667123 87.000000000
v 56.221600407 81.555373814 87.000000000
v 59.710332877 79.245592045 87.000000000
v 63.289667123 75.754407955 87.000000000
v 63.332629680 72.200431844 87.000000000
v 70.528891640 68.588102842 87.000000000
v 63.922693216 69.883106506 87.000000000
v 59.799568156 79.332629680 87.000000000
v 56.242244648 81.616818273 87.000000000
v 63.374453007 75.845785406 87.000000000
v 63.415111108 72.106969024 87.000000000
v 56.259800472 81.679215383 87.000000000
v 59.893030976 79.415111108 87.000000000
v 56.274224234 81.742410014 87.000000000
v 63.454578706 75.941275495 87.000000000
v 63.492831268 72.009511026 87.000000000
v 63.950431220 70.004634642 87.000000000
v 70.564940940 68.880382847 87.000000000
v 63.972077066 70.127394335 87.000000000
v 59.990488974 79.492831268 87.000000000
v 56.285480074 81.806245054 87.000000000
v 63.529845014 76.040640819 87.000000000
v 63.565596936 71.908300145 87.000000000
v 56.293540008 81.870561799 87.000000000
v 60.091699855 79.565596936 87.000000000
v 63.600064808 76.143634340 87.000000000
v 63.633227204 71.803588008 87.000000000
v 63.987576938 70.251080384 87.000000000
v 70.615288318 69.170541932 87.000000000
v 60.196411992 79.633227204 87.000000000
v 56.298383998 81.935200349 87.000000000
v 56.300000000 82.000000000 87.000000000
v 63.665063509 76.250000000 87.000000000
v 63.695553933 71.695634947 87.000000000
v 60.304365053 79.695553933 87.000000000
v 56.298383998 82.064799651 87.000000000
v 63.996892303 70.375385286 87.000000000
v 70.679812481 69.457881079 87.000000000
v 64.000000000 70.500000000 87.000000000
v 60.415290652 79.752422170 87.000000000
v 56.293540008 82.129438201 87.000000000
v 60.528913009 79.803690530 87.000000000
v 56.285480074 82.193754946 87.000000000
v 56.274224234 82.257589986 87.000000000
v 60.644949642 79.849231552 87.000000000
v 56.259800472 82.320784617 87.000000000
v 63.996892303 70.624614714 87.000000000
v 70.758357986 69.741708064 87.000000000
v 63.987576938 70.748919616 87.000000000
v 60.763112064 79.888932014 87.000000000
v 56.242244648 82.383181727 87.000000000
v 63.972077066 70.872605665 87.000000000
v 70.850735609 70.021339120 87.000000000
v 63.950431220 70.995365358 87.000000000
v 70.956722805 70.296100594 87.000000000
v 63.922693216 71.116893494 87.000000000
v 63.888932014 71.236887936 87.000000000
v 71.076064241 70.565330561 87.000000000
v 63.849231552 71.355050358 87.000000000
v 71.208472414 70.828380421 87.000000000
v 63.803690530 71.471086991 87.000000000
v 63.752422170 71.584709348 87.000000000
v 71.353628340 71.084616465 87.000000000
v 71.511182326 71.333421398 87.000000000
v 63.724679522 76.359473357 87.000000000
v 63.778764631 76.471782242 87.000000000
v 71.680754811 71.574195827 87.000000000
v 63.827184372 76.586647439 87.000000000
v 71.861937280 71.806359705 87.000000000
v 63.869818365 76.703783374 87.000000000
v 63.906560617 76.822898830 87.000000000
v 72.054293248 72.029353729 87.000000000
v 72.257359313 72.242640687 87.000000000
v 63.937319780 76.943697665 87.000000000
v 72.470646271 72.445706752 87.000000000
v 63.962019383 77.065879556 87.000000000
v 63.980598017 77.189140738 87.000000000
v 63.993009493 77.313174766 87.000000000
v 72.693640295 72.638062720 87.000000000
v 63.999222955 77.437673271 87.000000000
v 72.925804173 72.819245189 87.000000000
v 63.999222955 77.562326729 87.000000000
v 63.993009493 77.686825234 87.000000000
v 73.166578602 72.988817674 87.000000000
v 63.980598017 77.810859262 87.000000000
v 73.415383535 73.146371660 87.000000000
v 63.962019383 77.934120444 87.000000000
v 63.937319780 78.056302335 87.000000000
v 73.671619579 73.291527586 87.000000000
v 61.624614714 79.996892303 87.000000000
v 63.574391744 84.127277727 87.000000000
v 61.748919616 79.987576938 87.000000000
v 63.627277727 84.074391744 87.000000000
v 63.524207650 84.182734118 87.000000000
v 61.500000000 80.000000000 87.000000000
v 63.682734118 84.024207650 87.000000000
v 61.872605665 79.972077066 87.000000000
v 63.740623043 83.976850213 87.000000000
v 61.995365358 79.950431220 87.000000000
v 61.375385286 79.996892303 87.000000000
v 63.476850213 84.240623043 87.000000000
v 63.800800581 83.932437169 87.000000000
v 62.116893494 79.922693216 87.000000000
v 63.432437169 84.300800581 87.000000000
v 61.251080384 79.987576938 87.000000000
v 63.863117120 83.891078936 87.000000000
v 62.236887936 79.888932014 87.000000000
v 63.391078936 84.363117120 87.000000000
v 63.927417734 83.852878339 87.000000000
v 61.127394335 79.972077066 87.000000000
v 63.352878339 84.427417734 87.000000000
v 63.993542559 83.817930348 87.000000000
v 62.355050358 79.849231552 87.000000000
v 61.004634642 79.950431220 87.000000000
v 63.317930348 84.493542559 87.000000000
v 64.061327199 83.786321851 87.000000000
v 62.471086991 79.803690530 87.000000000
v 60.883106506 79.922693216 87.000000000
v 63.286321851 84.561327199 87.000000000
v 64.130603131 83.758131432 87.000000000
v 62.584709348 79.752422170 87.000000000
v 63.258131432 84.630603131 87.000000000
v 63.233429175 84.701198124 87.000000000
v 56.221600407 82.444626186 87.000000000
v 64.201198124 83.733429175 87.000000000
v 64.272936668 83.712276496 87.000000000
v 62.695634947 79.695553933 87.000000000
v 63.212276496 84.772936668 87.000000000
v 56.197919075 82.504965235 87.000000000
v 64.345640409 83.694725982 87.000000000
v 62.803588008 79.633227204 87.000000000
v 63.194725982 84.845640409 87.000000000
v 56.171259528 82.564048861 87.000000000
v 64.419128594 83.680821267 87.000000000
v 62.908300145 79.565596936 87.000000000
v 63.180821267 84.919128594 87.000000000
v 56.141688045 82.621730172 87.000000000
v 64.493218521 83.670596920 87.000000000
v 63.009511026 79.492831268 87.000000000
v 63.170596920 84.993218521 87.000000000
v 56.109278146 82.677865764 87.000000000
v 56.074110407 82.732316075 87.000000000
v 63.164078361 85.067725990 87.000000000
v 64.567725990 83.664078361 87.000000000
v 64.642465763 83.661281796 87.000000000
v 63.106969024 79.415111108 87.000000000
v 56.036272259 82.784945733 87.000000000
v 63.161281796 85.142465763 87.000000000
v 55.995857776 82.835623893 87.000000000
v 63.162214178 85.217252027 87.000000000
v 64.717252027 83.662214178 87.000000000
v 63.200431844 79.332629680 87.000000000
v 55.952967433 82.884224559 87.000000000
v 63.166873188 85.291898849 87.000000000
v 64.791898849 83.666873188 87.000000000
v 63.289667123 79.245592045 87.000000000
v 55.907707864 82.930626904 87.000000000
v 63.175247244 85.366220648 87.000000000
v 64.866220648 83.675247244 87.000000000
v 63.374453007 79.154214594 87.000000000
v 55.860191589 82.974715564 87.000000000
v 63.187315525 85.440032646 87.000000000
v 64.940032646 83.687315525 87.000000000
v 55.810536742 83.016380927 87.000000000
v 63.203048030 85.513151336 87.000000000
v 65.013151336 83.703048030 87.000000000
v 63.454578706 79.058724505 87.000000000
v 55.758866774 83.055519407 87.000000000
v 63.222405643 85.585394933 87.000000000
v 65.085394933 83.722405643 87.000000000
v 63.529845014 78.959359181 87.000000000
v 55.705310143 83.092033700 87.000000000
v 63.245340240 85.656583828 87.000000000
v 65.156583828 83.745340240 87.000000000
v 63.600064808 78.856365660 87.000000000
v 65.226541035 83.771794800 87.000000000
v 63.665063509 78.750000000 87.000000000
v 55.650000000 83.125833025 87.000000000
v 63.271794800 85.726541035 87.000000000
v 55.593073855 83.156833351 87.000000000
v 63.301703555 85.795092628 87.000000000
v 65.295092628 83.801703555 87.000000000
v 63.724679522 78.640526643 87.000000000
v 55.534673234 83.184957608 87.000000000
v 63.334992145 85.862068178 87.000000000
v 55.474943332 83.210135873 87.000000000
v 65.362068178 83.834992145 87.000000000
v 55.414032645 83.232305550 87.000000000
v 63.371577810 85.927301172 87.000000000
v 65.427301172 83.871577810 87.000000000
v 63.778764631 78.528217758 87.000000000
v 65.490629432 83.911369594 87.000000000
v 63.827184372 78.413352561 87.000000000
v 55.352092609 83.251411521 87.000000000
v 63.411369594 85.990629432 87.000000000
v 65.551895514 83.954268566 87.000000000
v 63.869818365 78.296216626 87.000000000
v 55.289277214 83.267406286 87.000000000
v 63.454268566 86.051895514 87.000000000
v 65.610947099 84.000168073 87.000000000
v 63.906560617 78.177101170 87.000000000
v 65.667637377 84.048954002 87.000000000
v 65.721825407 84.100505063 87.000000000
v 73.934669439 73.423935759 87.000000000
v 76.500000000 74.000000000 87.000000000
v 78.400422192 78.479740893 87.000000000
v 78.452644773 78.426199726 87.000000000
v 78.507471244 78.375328196 87.000000000
v 78.350933335 78.535818585 87.000000000
v 76.205593954 73.992772737 87.000000000
v 78.564765297 78.327252776 87.000000000
v 78.304301239 78.594293385 87.000000000
v 78.624384492 78.282092991 87.000000000
v 78.260641839 78.655019913 87.000000000
v 75.911897158 73.971108360 87.000000000
v 78.686180604 78.239961115 87.000000000
v 78.220063678 78.717847195 87.000000000
v 78.750000000 78.200961894 87.000000000
v 78.182667640 78.782619032 87.000000000
v 75.619617153 73.935059060 87.000000000
v 78.815684014 78.165192287 87.000000000
v 78.148546698 78.849174391 87.000000000
v 78.883069345 78.132741222 87.000000000
v 78.117785682 78.917347806 87.000000000
v 75.329458068 73.884711682 87.000000000
v 78.951988463 78.103689377 87.000000000
v 78.090461069 78.986969785 87.000000000
v 75.042118921 73.820187519 87.000000000
v 79.022270025 78.078108981 87.000000000
v 78.066640791 79.057867238 87.000000000
v 79.093739298 78.056063630 87.000000000
v 78.046384071 79.129863903 87.000000000
v 74.758291936 73.741642014 87.000000000
v 79.166218599 78.037608132 87.000000000
v 78.029741268 79.202780785 87.000000000
v 79.239527733 78.022788370 87.000000000
v 74.478660880 73.649264391 87.000000000
v 78.016753761 79.276436601 87.000000000
v 79.313484443 78.011641190 87.000000000
v 78.007453837 79.350648230 87.000000000
v 74.203899406 73.543277195 87.000000000
v 54.585967355 83.232305550 87.000000000
v 58.426199726 98.952644773 87.000000000
v 54.647907391 83.251411521 87.000000000
v 58.479740893 98.900422192 87.000000000
v 54.710722786 83.267406286 87.000000000
v 54.525056668 83.210135873 87.000000000
v 58.375328196 99.007471244 87.000000000
v 58.535818585 98.850933335 87.000000000
v 54.774257369 83.280250079 87.000000000
v 54.465326766 83.184957608 87.000000000
v 58.327252776 99.064765297 87.000000000
v 79.387904860 78.004194304 87.000000000
v 58.594293385 98.804301239 87.000000000
v 54.838353184 83.289910969 87.000000000
v 54.406926145 83.156833351 87.000000000
v 58.282092991 99.124384492 87.000000000
v 58.655019913 98.760641839 87.000000000
v 54.902850878 83.296364936 87.000000000
v 54.350000000 83.125833025 87.000000000
v 58.239961115 99.186180604 87.000000000
v 78.001864618 79.425231172 87.000000000
v 58.717847195 98.720063678 87.000000000
v 54.967590101 83.299595937 87.000000000
v 58.200961894 99.250000000 87.000000000
v 54.294689857 83.092033700 87.000000000
v 79.462603962 78.000466227 87.000000000
v 58.782619032 98.682667640 87.000000000
v 55.032409899 83.299595937 87.000000000
v 95.710332877 61.754407955 87.000000000
v 95.799568156 61.667370320 87.000000000
v 88.500000000 58.500000000 87.000000000
v 88.649843734 57.285099100 87.000000000
v 88.715298321 57.048576614 87.000000000
v 88.596073598 57.524548390 87.000000000
v 88.554117450 57.766347628 87.000000000
v 88.524076367 58.009914298 87.000000000
v 88.506022719 58.254661628 87.000000000
v 95.625546993 61.845785406 87.000000000
v 95.893030976 61.584888892 87.000000000
v 90.328033579 54.634947733 87.000000000
v 90.521503478 54.483962343 87.000000000
v 90.142205226 54.795244373 87.000000000
v 89.964466094 54.964466094 87.000000000
v 89.795244373 55.142205226 87.000000000
v 89.634947733 55.328033579 87.000000000
v 89.483962343 55.521503478 87.000000000
v 89.342651938 55.722148835 87.000000000
v 89.211356950 55.929486279 87.000000000
v 89.090393678 56.143016316 87.000000000
v 88.980053534 56.362224533 87.000000000
v 88.880602337 56.586582838 87.000000000
v 88.792279674 56.815550733 87.000000000
v 54.241133226 83.055519407 87.000000000
v 58.165192287 99.315684014 87.000000000
v 54.189463258 83.016380927 87.000000000
v 95.545421294 61.941275495 87.000000000
v 95.990488974 61.507168732 87.000000000
v 93.009914298 53.524076367 87.000000000
v 93.254661628 53.506022719 87.000000000
v 92.766347628 53.554117450 87.000000000
v 92.524548390 53.596073598 87.000000000
v 92.285099100 53.649843734 87.000000000
v 92.048576614 53.715298321 87.000000000
v 91.815550733 53.792279674 87.000000000
v 91.586582838 53.880602337 87.000000000
v 91.362224533 53.980053534 87.000000000
v 91.143016316 54.090393678 87.000000000
v 90.929486279 54.211356950 87.000000000
v 90.722148835 54.342651938 87.000000000
v 58.849174391 98.648546698 87.000000000
v 55.097149122 83.296364936 87.000000000
v 78.000000000 79.500000000 87.000000000
v 95.470154986 62.040640819 87.000000000
v 54.139808411 82.974715564 87.000000000
v 58.132741222 99.383069345 87.000000000
v 96.091699855 61.434403064 87.000000000
v 93.500000000 53.500000000 87.000000000
v 58.917347806 98.617785682 87.000000000
v 55.161646816 83.289910969 87.000000000
v 79.537396038 78.000466227 87.000000000
v 82.500000000 74.000000000 87.000000000
v 95.399935192 62.143634340 87.000000000
v 58.103689377 99.451988463 87.000000000
v 54.092292136 82.930626904 87.000000000
v 96.196411992 61.366772796 87.000000000
v 58.986969785 98.590461069 87.000000000
v 55.225742631 83.280250079 87.000000000
v 95.334936491 62.250000000 87.000000000
v 54.047032567 82.884224559 87.000000000
v 58.078108981 99.522270025 87.000000000
v 96.304365053 61.304446067 87.000000000
v 79.612095140 78.004194304 87.000000000
v 59.057867238 98.566640791 87.000000000
v 95.275320478 62.359473357 87.000000000
v 54.004142224 82.835623893 87.000000000
v 58.056063630 99.593739298 87.000000000
v 96.415290652 61.247577830 87.000000000
v 59.129863903 98.546384071 87.000000000
v 63.500168073 86.110947099 87.000000000
v 95.221235369 62.471782242 87.000000000
v 79.686515557 78.011641190 87.000000000
v 53.963727741 82.784945733 87.000000000
v 58.037608132 99.666218599 87.000000000
v 96.528913009 61.196309470 87.000000000
v 59.202780785 98.529741268 87.000000000
v 63.548954002 86.167637377 87.000000000
v 95.172815628 62.586647439 87.000000000
v 58.022788370 99.739527733 87.000000000
v 53.925889593 82.732316075 87.000000000
v 79.760472267 78.022788370 87.000000000
v 59.276436601 98.516753761 87.000000000
v 63.600505063 86.221825407 87.000000000
v 96.644949642 61.150768448 87.000000000
v 53.890721854 82.677865764 87.000000000
v 58.011641190 99.813484443 87.000000000
v 95.130181635 62.703783374 87.000000000
v 59.350648230 98.507453837 87.000000000
v 79.833781401 78.037608132 87.000000000
v 96.763112064 61.111067986 87.000000000
v 53.858311955 82.621730172 87.000000000
v 58.004194304 99.887904860 87.000000000
v 95.093439383 62.822898830 87.000000000
v 59.425231172 98.501864618 87.000000000
v 96.883106506 61.077306784 87.000000000
v 79.906260702 78.056063630 87.000000000
v 58.000466227 99.962603962 87.000000000
v 53.828740472 82.564048861 87.000000000
v 59.500000000 98.500000000 87.000000000
v 95.062680220 62.943697665 87.000000000
v 97.004634642 61.049568780 87.000000000
v 79.977729975 78.078108981 87.000000000
v 95.037980617 63.065879556 87.000000000
v 80.048011537 78.103689377 87.000000000
v 97.127394335 61.027922934 87.000000000
v 95.019401983 63.189140738 87.000000000
v 80.116930655 78.132741222 87.000000000
v 97.251080384 61.012423062 87.000000000
v 95.006990507 63.313174766 87.000000000
v 80.184315986 78.165192287 87.000000000
v 97.375385286 61.003107697 87.000000000
v 88.500000000 68.000000000 87.000000000
v 95.000777045 63.437673271 87.000000000
v 80.250000000 78.200961894 87.000000000
v 97.500000000 61.000000000 87.000000000
v 80.313819396 78.239961115 87.000000000
v 95.000777045 63.562326729 87.000000000
v 97.624614714 61.003107697 87.000000000
v 80.375615508 78.282092991 87.000000000
v 95.006990507 63.686825234 87.000000000
v 97.748919616 61.012423062 87.000000000
v 80.435234703 78.327252776 87.000000000
v 95.019401983 63.810859262 87.000000000
v 80.492528756 78.375328196 87.000000000
v 97.872605665 61.027922934 87.000000000
v 95.037980617 63.934120444 87.000000000
v 80.547355227 78.426199726 87.000000000
v 80.599577808 78.479740893 87.000000000
v 95.062680220 64.056302335 87.000000000
v 80.649066665 78.535818585 87.000000000
v 82.794406046 73.992772737 87.000000000
v 95.093439383 64.177101170 87.000000000
v 80.695698761 78.594293385 87.000000000
v 80.739358161 78.655019913 87.000000000
v 83.088102842 73.971108360 87.000000000
v 95.130181635 64.296216626 87.000000000
v 80.779936322 78.717847195 87.000000000
v 95.172815628 64.413352561 87.000000000
v 80.817332360 78.782619032 87.000000000
v 83.380382847 73.935059060 87.000000000
v 80.851453302 78.849174391 87.000000000
v 95.221235369 64.528217758 87.000000000
v 80.882214318 78.917347806 87.000000000
v 83.670541932 73.884711682 87.000000000
v 80.909538931 78.986969785 87.000000000
v 83.957881079 73.820187519 87.000000000
v 95.275320478 64.640526643 87.000000000
v 80.933359209 79.057867238 87.000000000
v 80.953615929 79.129863903 87.000000000
v 84.241708064 73.741642014 87.000000000
v 95.334936491 64.750000000 87.000000000
v 80.970258732 79.202780785 87.000000000
v 95.399935192 64.856365660 87.000000000
v 80.983246239 79.276436601 87.000000000
v 84.521339120 73.649264391 87.000000000
v 80.992546163 79.350648230 87.000000000
v 84.796100594 73.543277195 87.000000000
v 80.998135382 79.425231172 87.000000000
v 81.000000000 79.500000000 87.000000000
v 85.065330561 73.423935759 87.000000000
v 103.047032567 59.115775441 87.000000000
v 103.092292136 59.069373096 87.000000000
v 103.139808411 59.025284436 87.000000000
v 97.995365358 61.049568780 87.000000000
v 103.004142224 59.164376107 87.000000000
v 103.189463258 58.983619073 87.000000000
v 98.116893494 61.077306784 87.000000000
v 102.963727741 59.215054267 87.000000000
v 103.241133226 58.944480593 87.000000000
v 102.925889593 59.267683925 87.000000000
v 103.294689857 58.907966300 87.000000000
v 98.236887936 61.111067986 87.000000000
v 102.890721854 59.322134236 87.000000000
v 103.350000000 58.874166975 87.000000000
v 98.355050358 61.150768448 87.000000000
v 102.858311955 59.378269828 87.000000000
v 103.406926145 58.843166649 87.000000000
v 102.828740472 59.435951139 87.000000000
v 98.471086991 61.196309470 87.000000000
v 103.465326766 58.815042392 87.000000000
v 102.802080925 59.495034765 87.000000000
v 98.584709348 61.247577830 87.000000000
v 103.525056668 58.789864127 87.000000000
v 102.778399593 59.555373814 87.000000000
v 103.585967355 58.767694450 87.000000000
v 102.757755352 59.616818273 87.000000000
v 98.695634947 61.304446067 87.000000000
v 103.647907391 58.748588479 87.000000000
v 102.740199528 59.679215383 87.000000000
v 98.803588008 61.366772796 87.000000000
v 98.908300145 61.434403064 87.000000000
v 102.725775766 59.742410014 87.000000000
v 102.714519926 59.806245054 87.000000000
v 99.009511026 61.507168732 87.000000000
v 102.706459992 59.870561799 87.000000000
v 102.701616002 59.935200349 87.000000000
v 99.106969024 61.584888892 87.000000000
v 102.700000000 60.000000000 87.000000000
v 99.200431844 61.667370320 87.000000000
v 102.701616002 60.064799651 87.000000000
v 99.289667123 61.754407955 87.000000000
v 102.706459992 60.129438201 87.000000000
v 99.374453007 61.845785406 87.000000000
v 102.714519926 60.193754946 87.000000000
v 99.454578706 61.941275495 87.000000000
v 102.725775766 60.257589986 87.000000000
v 102.740199528 60.320784617 87.000000000
v 102.757755352 60.383181727 87.000000000
v 99.529845014 62.040640819 87.000000000
v 99.600064808 62.143634340 87.000000000
v 102.778399593 60.444626186 87.000000000
v 102.802080925 60.504965235 87.000000000
v 99.665063509 62.250000000 87.000000000
v 102.828740472 60.564048861 87.000000000
v 102.858311955 60.621730172 87.000000000
v 99.724679522 62.359473357 87.000000000
v 102.890721854 60.677865764 87.000000000
v 99.778764631 62.471782242 87.000000000
v 102.925889593 60.732316075 87.000000000
v 109.000000000 53.500000000 87.000000000
v 107.547032567 56.115775441 87.000000000
v 107.592292136 56.069373096 87.000000000
v 107.639808411 56.025284436 87.000000000
v 107.504142224 56.164376107 87.000000000
v 107.689463258 55.983619073 87.000000000
v 107.463727741 56.215054267 87.000000000
v 103.710722786 58.732593714 87.000000000
v 107.741133226 55.944480593 87.000000000
v 103.774257369 58.719749921 87.000000000
v 107.425889593 56.267683925 87.000000000
v 107.794689857 55.907966300 87.000000000
v 103.838353184 58.710089031 87.000000000
v 107.390721854 56.322134236 87.000000000
v 107.850000000 55.874166975 87.000000000
v 103.902850878 58.703635064 87.000000000
v 107.358311955 56.378269828 87.000000000
v 102.963727741 60.784945733 87.000000000
v 99.827184372 62.586647439 87.000000000
v 107.906926145 55.843166649 87.000000000
v 103.967590101 58.700404063 87.000000000
v 107.328740472 56.435951139 87.000000000
v 107.965326766 55.815042392 87.000000000
v 104.032409899 58.700404063 87.000000000
v 107.302080925 56.495034765 87.000000000
v 108.025056668 55.789864127 87.000000000
v 104.097149122 58.703635064 87.000000000
v 107.278399593 56.555373814 87.000000000
v 103.004142224 60.835623893 87.000000000
v 99.869818365 62.703783374 87.000000000
v 108.085967355 55.767694450 87.000000000
v 107.257755352 56.616818273 87.000000000
v 104.161646816 58.710089031 87.000000000
v 108.147907391 55.748588479 87.000000000
v 107.240199528 56.679215383 87.000000000
v 104.225742631 58.719749921 87.000000000
v 99.906560617 62.822898830 87.000000000
v 103.047032567 60.884224559 87.000000000
v 108.210722786 55.732593714 87.000000000
v 107.225775766 56.742410014 87.000000000
v 104.289277214 58.732593714 87.000000000
v 108.274257369 55.719749921 87.000000000
v 104.352092609 58.748588479 87.000000000
v 107.214519926 56.806245054 87.000000000
v 103.092292136 60.930626904 87.000000000
v 108.338353184 55.710089031 87.000000000
v 107.206459992 56.870561799 87.000000000
v 104.414032645 58.767694450 87.000000000
v 108.402850878 55.703635064 87.000000000
v 103.139808411 60.974715564 87.000000000
v 99.937319780 62.943697665 87.000000000
v 104.474943332 58.789864127 87.000000000
v 107.201616002 56.935200349 87.000000000
v 108.467590101 55.700404063 87.000000000
v 107.200000000 57.000000000 87.000000000
v 104.534673234 58.815042392 87.000000000
v 103.189463258 61.016380927 87.000000000
v 99.962019383 63.065879556 87.000000000
v 108.532409899 55.700404063 87.000000000
v 104.593073855 58.843166649 87.000000000
v 107.201616002 57.064799651 87.000000000
v 103.241133226 61.055519407 87.000000000
v 99.980598017 63.189140738 87.000000000
v 108.597149122 55.703635064 87.000000000
v 104.650000000 58.874166975 87.000000000
v 107.206459992 57.129438201 87.000000000
v 108.661646816 55.710089031 87.000000000
v 103.294689857 61.092033700 87.000000000
v 104.705310143 58.907966300 87.000000000
v 107.214519926 57.193754946 87.000000000
v 108.725742631 55.719749921 87.000000000
v 95.710332877 65.245592045 87.000000000
v 95.754407955 68.710332877 87.000000000
v 95.799568156 65.332629680 87.000000000
v 95.625546993 65.154214594 87.000000000
v 95.667370320 68.799568156 87.000000000
v 95.845785406 68.625546993 87.000000000
v 95.893030976 65.415111108 87.000000000
v 103.350000000 61.125833025 87.000000000
v 99.993009493 63.313174766 87.000000000
v 95.584888892 68.893030976 87.000000000
v 95.545421294 65.058724505 87.000000000
v 104.758866774 58.944480593 87.000000000
v 107.225775766 57.257589986 87.000000000
v 95.941275495 68.545421294 87.000000000
v 95.990488974 65.492831268 87.000000000
v 95.470154986 64.959359181 87.000000000
v 95.507168732 68.990488974 87.000000000
v 96.040640819 68.470154986 87.000000000
v 96.091699855 65.565596936 87.000000000
v 108.789277214 55.732593714 87.000000000
v 109.147203023 53.503613631 87.000000000
v 95.434403064 69.091699855 87.000000000
v 96.143634340 68.399935192 87.000000000
v 96.196411992 65.633227204 87.000000000
v 107.240199528 57.320784617 87.000000000
v 104.810536742 58.983619073 87.000000000
v 95.366772796 69.196411992 87.000000000
v 103.406926145 61.156833351 87.000000000
v 99.999222955 63.437673271 87.000000000
v 96.250000000 68.334936491 87.000000000
v 96.304365053 65.695553933 87.000000000
v 108.852092609 55.748588479 87.000000000
v 109.294051421 53.514445820 87.000000000
v 95.304446067 69.304365053 87.000000000
v 96.359473357 68.275320478 87.000000000
v 96.415290652 65.752422170 87.000000000
v 107.257755352 57.383181727 87.000000000
v 104.860191589 59.025284436 87.000000000
v 99.999222955 63.562326729 87.000000000
v 103.465326766 61.184957608 87.000000000
v 95.247577830 69.415290652 87.000000000
v 108.914032645 55.767694450 87.000000000
v 109.440191423 53.532470470 87.000000000
v 109.585270966 53.557644159 87.000000000
v 96.471782242 68.221235369 87.000000000
v 96.528913009 65.803690530 87.000000000
v 104.907707864 59.069373096 87.000000000
v 107.278399593 57.444626186 87.000000000
v 88.492772737 68.294406046 87.000000000
v 95.196309470 69.528913009 87.000000000
v 103.525056668 61.210135873 87.000000000
v 96.586647439 68.172815628 87.000000000
v 96.644949642 65.849231552 87.000000000
v 108.974943332 55.789864127 87.000000000
v 109.728940540 53.589906240 87.000000000
v 95.150768448 69.644949642 87.000000000
v 104.952967433 59.115775441 87.000000000
v 107.302080925 57.504965235 87.000000000
v 103.585967355 61.232305550 87.000000000
v 99.993009493 63.686825234 87.000000000
v 96.703783374 68.130181635 87.000000000
v 96.763112064 65.888932014 87.000000000
v 109.870854032 53.629178993 87.000000000
v 109.034673234 55.815042392 87.000000000
v 110.010669560 53.675367804 87.000000000
v 88.471108360 68.588102842 87.000000000
v 95.111067986 69.763112064 87.000000000
v 104.995857776 59.164376107 87.000000000
v 107.328740472 57.564048861 87.000000000
v 103.647907391 61.251411521 87.000000000
v 99.980598017 63.810859262 87.000000000
v 96.822898830 68.093439383 87.000000000
v 96.883106506 65.922693216 87.000000000
v 109.093073855 55.843166649 87.000000000
v 110.148050297 53.728361402 87.000000000
v 95.077306784 69.883106506 87.000000000
v 88.435059060 68.880382847 87.000000000
v 103.710722786 61.267406286 87.000000000
v 99.962019383 63.934120444 87.000000000
v 107.358311955 57.621730172 87.000000000
v 105.036272259 59.215054267 87.000000000
v 96.943697665 68.062680220 87.000000000
v 97.004634642 65.950431220 87.000000000
v 109.150000000 55.874166975 87.000000000
v 110.282665280 53.788032121 87.000000000
v 95.049568780 70.004634642 87.000000000
v 103.774257369 61.280250079 87.000000000
v 107.390721854 57.677865764 87.000000000
v 105.074110407 59.267683925 87.000000000
v 97.065879556 68.037980617 87.000000000
v 97.127394335 65.972077066 87.000000000
v 109.205310143 55.907966300 87.000000000
v 110.414190210 53.854236207 87.000000000
v 110.542308233 53.926814170 87.000000000
v 103.838353184 61.289910969 87.000000000
v 99.937319780 64.056302335 87.000000000
v 88.384711682 69.170541932 87.000000000
v 95.027922934 70.127394335 87.000000000
v 107.425889593 57.732316075 87.000000000
v 105.109278146 59.322134236 87.000000000
v 103.902850878 61.296364936 87.000000000
v 99.906560617 64.177101170 87.000000000
v 109.258866774 55.944480593 87.000000000
v 110.666710699 54.005591163 87.000000000
v 97.189140738 68.019401983 87.000000000
v 97.251080384 65.987576938 87.000000000
v 107.463727741 57.784945733 87.000000000
v 105.141688045 59.378269828 87.000000000
v 88.320187519 69.457881079 87.000000000
v 95.012423062 70.251080384 87.000000000
v 103.967590101 61.299595937 87.000000000
v 99.869818365 64.296216626 87.000000000
v 109.310536742 55.983619073 87.000000000
v 110.787097913 54.090377406 87.000000000
v 110.903179852 54.180968640 87.000000000
v 97.313174766 68.006990507 87.000000000
v 97.375385286 65.996892303 87.000000000
v 104.032409899 61.299595937 87.000000000
v 99.827184372 64.413352561 87.000000000
v 105.171259528 59.435951139 87.000000000
v 107.504142224 57.835623893 87.000000000
v 95.003107697 70.375385286 87.000000000
v 109.360191589 56.025284436 87.000000000
v 111.014676865 54.277146624 87.000000000
v 104.097149122 61.296364936 87.000000000
v 99.778764631 64.528217758 87.000000000
v 107.547032567 57.884224559 87.000000000
v 105.197919075 59.495034765 87.000000000
v 97.437673271 68.000777045 87.000000000
v 97.500000000 66.000000000 87.000000000
v 104.161646816 61.289910969 87.000000000
v 109.407707864 56.069373096 87.000000000
v 111.121320344 54.378679656 87.000000000
v 88.241642014 69.741708064 87.000000000
v 95.000000000 70.500000000 87.000000000
v 105.221600407 59.555373814 87.000000000
v 107.592292136 57.930626904 87.000000000
v 97.562326729 68.000777045 87.000000000
v 97.624614714 65.996892303 87.000000000
v 109.452967433 56.115775441 87.000000000
v 105.242244648 59.616818273 87.000000000
v 107.639808411 57.974715564 87.000000000
v 95.003107697 70.624614714 87.000000000
v 97.686825234 68.006990507 87.000000000
v 97.748919616 65.987576938 87.000000000
v 107.689463258 58.016380927 87.000000000
v 105.259800472 59.679215383 87.000000000
v 111.222853376 54.485323135 87.000000000
v 88.149264391 70.021339120 87.000000000
v 95.012423062 70.748919616 87.000000000
v 105.274224234 59.742410014 87.000000000
v 107.741133226 58.055519407 87.000000000
v 97.810859262 68.019401983 87.000000000
v 97.872605665 65.972077066 87.000000000
v 107.794689857 58.092033700 87.000000000
v 105.285480074 59.806245054 87.000000000
v 88.043277195 70.296100594 87.000000000
v 95.027922934 70.872605665 87.000000000
v 109.495857776 56.164376107 87.000000000
v 111.319031360 54.596820148 87.000000000
v 97.934120444 68.037980617 87.000000000
v 97.995365358 65.950431220 87.000000000
v 105.293540008 59.870561799 87.000000000
v 107.850000000 58.125833025 87.000000000
v 95.049568780 70.995365358 87.000000000
v 105.298383998 59.935200349 87.000000000
v 107.906926145 58.156833351 87.000000000
v 98.056302335 68.062680220 87.000000000
v 98.116893494 65.922693216 87.000000000
v 109.536272259 56.215054267 87.000000000
v 111.409622594 54.712902087 87.000000000
v 105.300000000 60.000000000 87.000000000
v 107.965326766 58.184957608 87.000000000
v 87.923935759 70.565330561 87.000000000
v 95.077306784 71.116893494 87.000000000
v 108.025056668 58.210135873 87.000000000
v 105.298383998 60.064799651 87.000000000
v 98.177101170 68.093439383 87.000000000
v 98.236887936 65.888932014 87.000000000
v 108.085967355 58.232305550 87.000000000
v 105.293540008 60.129438201 87.000000000
v 111.494408837 54.833289301 87.000000000
v 87.791527586 70.828380421 87.000000000
v 95.111067986 71.236887936 87.000000000
v 105.285480074 60.193754946 87.000000000
v 108.147907391 58.251411521 87.000000000
v 98.296216626 68.130181635 87.000000000
v 98.355050358 65.849231552 87.000000000
v 108.210722786 58.267406286 87.000000000
v 105.274224234 60.257589986 87.000000000
v 95.150768448 71.355050358 87.000000000
v 109.574110407 56.267683925 87.000000000
v 111.573185830 54.957691767 87.000000000
v 108.274257369 58.280250079 87.000000000
v 105.259800472 60.320784617 87.000000000
v 98.413352561 68.172815628 87.000000000
v 98.471086991 65.803690530 87.000000000
v 108.338353184 58.289910969 87.000000000
v 105.242244648 60.383181727 87.000000000
v 87.646371660 71.084616465 87.000000000
v 95.196309470 71.471086991 87.000000000
v 108.402850878 58.296364936 87.000000000
v 105.221600407 60.444626186 87.000000000
v 109.609278146 56.322134236 87.000000000
v 111.645763793 55.085809790 87.000000000
v 98.528217758 68.221235369 87.000000000
v 98.584709348 65.752422170 87.000000000
v 105.197919075 60.504965235 87.000000000
v 108.467590101 58.299595937 87.000000000
v 105.171259528 60.564048861 87.000000000
v 108.532409899 58.299595937 87.000000000
v 87.488817674 71.333421398 87.000000000
v 95.247577830 71.584709348 87.000000000
v 108.597149122 58.296364936 87.000000000
v 105.141688045 60.621730172 87.000000000
v 98.640526643 68.275320478 87.000000000
v 98.695634947 65.695553933 87.000000000
v 111.711967879 55.217334720 87.000000000
v 109.641688045 56.378269828 87.000000000
v 108.661646816 58.289910969 87.000000000
v 105.109278146 60.677865764 87.000000000
v 95.304446067 71.695634947 87.000000000
v 108.725742631 58.280250079 87.000000000
v 105.074110407 60.732316075 87.000000000
v 105.036272259 60.784945733 87.000000000
v 108.789277214 58.267406286 87.000000000
v 98.750000000 68.334936491 87.000000000
v 98.803588008 65.633227204 87.000000000
v 104.995857776 60.835623893 87.000000000
v 108.852092609 58.251411521 87.000000000
v 111.771638598 55.351949703 87.000000000
v 104.952967433 60.884224559 87.000000000
v 108.914032645 58.232305550 87.000000000
v 108.974943332 58.210135873 87.000000000
v 104.907707864 60.930626904 87.000000000
v 109.034673234 58.184957608 87.000000000
v 98.856365660 68.399935192 87.000000000
v 98.908300145 65.565596936 87.000000000
v 111.824632196 55.489330440 87.000000000
v 109.671259528 56.435951139 87.000000000
v 98.959359181 68.470154986 87.000000000
v 99.009511026 65.492831268 87.000000000
v 111.870821007 55.629145968 87.000000000
v 109.697919075 56.495034765 87.000000000
v 72.439339828 95.060660172 87.000000000
v 74.560660172 92.939339828 87.000000000
v 99.058724505 68.545421294 87.000000000
v 99.106969024 65.415111108 87.000000000
v 111.910093760 55.771059460 87.000000000
v 99.154214594 68.625546993 87.000000000
v 99.200431844 65.332629680 87.000000000
v 111.942355841 55.914729034 87.000000000
v 109.721600407 56.555373814 87.000000000
v 99.245592045 68.710332877 87.000000000
v 99.289667123 65.245592045 87.000000000
v 111.967529530 56.059808577 87.000000000
v 109.742244648 56.616818273 87.000000000
v 99.332629680 68.799568156 87.000000000
v 99.374453007 65.154214594 87.000000000
v 111.985554180 56.205948579 87.000000000
v 109.759800472 56.679215383 87.000000000
v 99.415111108 68.893030976 87.000000000
v 99.454578706 65.058724505 87.000000000
v 111.996386369 56.352796977 87.000000000
v 99.492831268 68.990488974 87.000000000
v 99.529845014 64.959359181 87.000000000
v 109.258866774 58.055519407 87.000000000
v 112.000000000 56.500000000 87.000000000
v 109.310536742 58.016380927 87.000000000
v 109.360191589 57.974715564 87.000000000
v 109.407707864 57.930626904 87.000000000
v 109.452967433 57.884224559 87.000000000
v 109.495857776 57.835623893 87.000000000
v 109.536272259 57.784945733 87.000000000
v 109.574110407 57.732316075 87.000000000
v 109.609278146 57.677865764 87.000000000
v 109.641688045 57.621730172 87.000000000
v 109.671259528 57.564048861 87.000000000
v 109.697919075 57.504965235 87.000000000
v 109.721600407 57.444626186 87.000000000
v 109.742244648 57.383181727 87.000000000
v 109.759800472 57.320784617 87.000000000
v 109.774224234 57.257589986 87.000000000
v 109.785480074 57.193754946 87.000000000
v 109.793540008 57.129438201 87.000000000
v 109.798383998 57.064799651 87.000000000
v 109.800000000 57.000000000 87.000000000
v 109.798383998 56.935200349 87.000000000
v 109.793540008 56.870561799 87.000000000
v 109.785480074 56.806245054 87.000000000
v 109.774224234 56.742410014 87.000000000
v 99.565596936 69.091699855 87.000000000
v 99.600064808 64.856365660 87.000000000
v 99.633227204 69.196411992 87.000000000
v 99.665063509 64.750000000 87.000000000
v 99.695553933 69.304365053 87.000000000
v 99.724679522 64.640526643 87.000000000
v 99.752422170 69.415290652 87.000000000
v 104.225742631 61.280250079 87.000000000
v 99.803690530 69.528913009 87.000000000
v 104.289277214 61.267406286 87.000000000
v 99.849231552 69.644949642 87.000000000
v 104.352092609 61.251411521 87.000000000
v 99.888932014 69.763112064 87.000000000
v 104.414032645 61.232305550 87.000000000
v 99.922693216 69.883106506 87.000000000
v 104.474943332 61.210135873 87.000000000
v 99.950431220 70.004634642 87.000000000
v 104.534673234 61.184957608 87.000000000
v 72.550218136 95.160997162 87.000000000
v 71.500000000 98.500000000 87.000000000
v 72.609269722 95.206896670 87.000000000
v 72.493527858 95.112211233 87.000000000
v 74.612211233 92.993527858 87.000000000
v 78.000000000 92.000000000 87.000000000
v 74.660997162 93.050218136 87.000000000
v 74.706896670 93.109269722 87.000000000
v 78.001864618 92.074768828 87.000000000
v 74.749795642 93.170535803 87.000000000
v 71.574768828 98.501864618 87.000000000
v 72.670535803 95.249795642 87.000000000
v 99.972077066 70.127394335 87.000000000
v 104.593073855 61.156833351 87.000000000
v 74.789587425 93.233864063 87.000000000
v 78.007453837 92.149351770 87.000000000
v 71.649351770 98.507453837 87.000000000
v 72.733864063 95.289587425 87.000000000
v 99.987576938 70.251080384 87.000000000
v 104.650000000 61.125833025 87.000000000
v 104.705310143 61.092033700 87.000000000
v 78.016753761 92.223563399 87.000000000
v 74.826173090 93.299097058 87.000000000
v 71.723563399 98.516753761 87.000000000
v 72.799097058 95.326173090 87.000000000
v 71.797219215 98.529741268 87.000000000
v 72.866072607 95.359461681 87.000000000
v 74.859461681 93.366072607 87.000000000
v 78.029741268 92.297219215 87.000000000
v 99.996892303 70.375385286 87.000000000
v 104.758866774 61.055519407 87.000000000
v 78.046384071 92.370136097 87.000000000
v 74.889370435 93.434624201 87.000000000
v 71.870136097 98.546384071 87.000000000
v 72.934624201 95.389370435 87.000000000
v 100.000000000 70.500000000 87.000000000
v 104.810536742 61.016380927 87.000000000
v 74.915824995 93.504581407 87.000000000
v 78.066640791 92.442132762 87.000000000
v 71.942132762 98.566640791 87.000000000
v 73.004581407 95.415824995 87.000000000
v 72.013030215 98.590461069 87.000000000
v 73.075770302 95.438759592 87.000000000
v 74.938759592 93.575770302 87.000000000
v 78.090461069 92.513030215 87.000000000
v 99.996892303 70.624614714 87.000000000
v 72.082652194 98.617785682 87.000000000
v 73.148013899 95.458117205 87.000000000
v 74.958117205 93.648013899 87.000000000
v 78.117785682 92.582652194 87.000000000
v 72.150825609 98.648546698 87.000000000
v 73.221132589 95.473849710 87.000000000
v 74.973849710 93.721132589 87.000000000
v 78.148546698 92.650825609 87.000000000
v 74.985917992 93.794944588 87.000000000
v 78.182667640 92.717380968 87.000000000
v 72.217380968 98.682667640 87.000000000
v 73.294944588 95.485917992 87.000000000
v 72.282152805 98.720063678 87.000000000
v 73.369266386 95.494292047 87.000000000
v 74.994292047 93.869266386 87.000000000
v 78.220063678 92.782152805 87.000000000
v 74.998951057 93.943913209 87.000000000
v 78.260641839 92.844980087 87.000000000
v 72.344980087 98.760641839 87.000000000
v 73.443913209 95.498951057 87.000000000
v 58.078108981 100.477729975 87.000000000
v 54.092292136 117.069373096 87.000000000
v 58.103689377 100.548011537 87.000000000
v 58.056063630 100.406260702 87.000000000
v 54.047032567 117.115775441 87.000000000
v 54.139808411 117.025284436 87.000000000
v 58.132741222 100.616930655 87.000000000
v 54.004142224 117.164376107 87.000000000
v 58.037608132 100.333781401 87.000000000
v 54.189463258 116.983619073 87.000000000
v 58.165192287 100.684315986 87.000000000
v 58.022788370 100.260472267 87.000000000
v 53.963727741 117.215054267 87.000000000
v 54.241133226 116.944480593 87.000000000
v 53.925889593 117.267683925 87.000000000
v 58.011641190 100.186515557 87.000000000
v 54.294689857 116.907966300 87.000000000
v 58.200961894 100.750000000 87.000000000
v 78.304301239 92.905706615 87.000000000
v 74.999883439 94.018699472 87.000000000
v 72.405706615 98.804301239 87.000000000
v 73.518699472 95.499883439 87.000000000
v 53.890721854 117.322134236 87.000000000
v 58.004194304 100.112095140 87.000000000
v 54.350000000 116.874166975 87.000000000
v 58.239961115 100.813819396 87.000000000
v 53.858311955 117.378269828 87.000000000
v 58.000466227 100.037396038 87.000000000
v 54.406926145 116.843166649 87.000000000
v 58.282092991 100.875615508 87.000000000
v 53.828740472 117.435951139 87.000000000
v 54.465326766 116.815042392 87.000000000
v 58.327252776 100.935234703 87.000000000
v 53.802080925 117.495034765 87.000000000
v 53.802080925 82.504965235 87.000000000
v 54.525056668 116.789864127 87.000000000
v 58.375328196 100.992528756 87.000000000
v 74.997086874 94.093439245 87.000000000
v 78.350933335 92.964181415 87.000000000
v 72.464181415 98.850933335 87.000000000
v 73.593439245 95.497086874 87.000000000
v 53.778399593 82.444626186 87.000000000
v 53.778399593 117.555373814 87.000000000
v 54.585967355 116.767694450 87.000000000
v 58.426199726 101.047355227 87.000000000
v 53.757755352 82.383181727 87.000000000
v 53.757755352 117.616818273 87.000000000
v 54.647907391 116.748588479 87.000000000
v 58.479740893 101.099577808 87.000000000
v 53.740199528 82.320784617 87.000000000
v 53.740199528 117.679215383 87.000000000
v 72.520259107 98.900422192 87.000000000
v 73.667946714 95.490568315 87.000000000
v 74.990568315 94.167946714 87.000000000
v 78.400422192 93.020259107 87.000000000
v 54.710722786 116.732593714 87.000000000
v 58.535818585 101.149066665 87.000000000
v 95.667370320 72.200431844 87.000000000
v 95.710332877 75.754407955 87.000000000
v 95.754407955 72.289667123 87.000000000
v 95.799568156 75.667370320 87.000000000
v 95.845785406 72.374453007 87.000000000
v 53.725775766 117.742410014 87.000000000
v 53.725775766 82.257589986 87.000000000
v 95.625546993 75.845785406 87.000000000
v 95.584888892 72.106969024 87.000000000
v 95.893030976 75.584888892 87.000000000
v 95.941275495 72.454578706 87.000000000
v 95.545421294 75.941275495 87.000000000
v 95.507168732 72.009511026 87.000000000
v 54.774257369 116.719749921 87.000000000
v 58.594293385 101.195698761 87.000000000
v 95.990488974 75.507168732 87.000000000
v 96.040640819 72.529845014 87.000000000
v 95.470154986 76.040640819 87.000000000
v 95.434403064 71.908300145 87.000000000
v 53.714519926 117.806245054 87.000000000
v 96.091699855 75.434403064 87.000000000
v 96.143634340 72.600064808 87.000000000
v 78.452644773 93.073800274 87.000000000
v 74.980343968 94.242036641 87.000000000
v 72.573800274 98.952644773 87.000000000
v 73.742036641 95.480343968 87.000000000
v 95.399935192 76.143634340 87.000000000
v 95.366772796 71.803588008 87.000000000
v 54.838353184 116.710089031 87.000000000
v 58.655019913 101.239358161 87.000000000
v 96.196411992 75.366772796 87.000000000
v 96.250000000 72.665063509 87.000000000
v 95.334936491 76.250000000 87.000000000
v 54.902850878 116.703635064 87.000000000
v 58.717847195 101.279936322 87.000000000
v 96.304365053 75.304446067 87.000000000
v 96.359473357 72.724679522 87.000000000
v 78.507471244 93.124671804 87.000000000
v 74.966439253 94.315524827 87.000000000
v 72.624671804 99.007471244 87.000000000
v 73.815524827 95.466439253 87.000000000
v 87.319245189 71.574195827 87.000000000
v 95.275320478 76.359473357 87.000000000
v 96.415290652 75.247577830 87.000000000
v 96.471782242 72.778764631 87.000000000
v 54.967590101 116.700404063 87.000000000
v 58.782619032 101.317332360 87.000000000
v 87.138062720 71.806359705 87.000000000
v 95.221235369 76.471782242 87.000000000
v 96.528913009 75.196309470 87.000000000
v 96.586647439 72.827184372 87.000000000
v 55.032409899 116.700404063 87.000000000
v 58.849174391 101.351453302 87.000000000
v 78.564765297 93.172747224 87.000000000
v 74.948888739 94.388228568 87.000000000
v 72.672747224 99.064765297 87.000000000
v 73.888228568 95.448888739 87.000000000
v 95.172815628 76.586647439 87.000000000
v 96.644949642 75.150768448 87.000000000
v 96.703783374 72.869818365 87.000000000
v 55.097149122 116.703635064 87.000000000
v 58.917347806 101.382214318 87.000000000
v 95.130181635 76.703783374 87.000000000
v 86.945706752 72.029353729 87.000000000
v 72.717907009 99.124384492 87.000000000
v 73.959967111 95.427736060 87.000000000
v 78.624384492 93.217907009 87.000000000
v 74.927736060 94.459967111 87.000000000
v 55.161646816 116.710089031 87.000000000
v 58.986969785 101.409538931 87.000000000
v 96.763112064 75.111067986 87.000000000
v 96.822898830 72.906560617 87.000000000
v 95.093439383 76.822898830 87.000000000
v 86.742640687 72.242640687 87.000000000
v 55.225742631 116.719749921 87.000000000
v 59.057867238 101.433359209 87.000000000
v 72.760038885 99.186180604 87.000000000
v 74.030562104 95.403033803 87.000000000
v 74.903033803 94.530562104 87.000000000
v 78.686180604 93.260038885 87.000000000
v 96.883106506 75.077306784 87.000000000
v 96.943697665 72.937319780 87.000000000
v 86.529353729 72.445706752 87.000000000
v 95.062680220 76.943697665 87.000000000
v 55.289277214 116.732593714 87.000000000
v 59.129863903 101.453615929 87.000000000
v 72.799038106 99.250000000 87.000000000
v 74.099838036 95.374843384 87.000000000
v 78.750000000 93.299038106 87.000000000
v 74.874843384 94.599838036 87.000000000
v 97.004634642 75.049568780 87.000000000
v 97.065879556 72.962019383 87.000000000
v 95.037980617 77.065879556 87.000000000
v 72.834807713 99.315684014 87.000000000
v 74.167622677 95.343234887 87.000000000
v 74.843234887 94.667622677 87.000000000
v 78.815684014 93.334807713 87.000000000
v 97.127394335 75.027922934 87.000000000
v 97.189140738 72.980598017 87.000000000
v 86.306359705 72.638062720 87.000000000
v 95.019401983 77.189140738 87.000000000
v 97.251080384 75.012423062 87.000000000
v 97.313174766 72.993009493 87.000000000
v 95.006990507 77.313174766 87.000000000
v 86.074195827 72.819245189 87.000000000
v 97.375385286 75.003107697 87.000000000
v 97.437673271 72.999222955 87.000000000
v 95.000777045 77.437673271 87.000000000
v 97.500000000 75.000000000 87.000000000
v 97.562326729 72.999222955 87.000000000
v 85.833421398 72.988817674 87.000000000
v 95.000777045 77.562326729 87.000000000
v 97.624614714 75.003107697 87.000000000
v 97.686825234 72.993009493 87.000000000
v 85.584616465 73.146371660 87.000000000
v 95.006990507 77.686825234 87.000000000
v 97.748919616 75.012423062 87.000000000
v 97.810859262 72.980598017 87.000000000
v 95.019401983 77.810859262 87.000000000
v 97.872605665 75.027922934 87.000000000
v 97.934120444 72.962019383 87.000000000
v 85.328380421 73.291527586 87.000000000
v 95.037980617 77.934120444 87.000000000
v 97.995365358 75.049568780 87.000000000
v 98.056302335 72.937319780 87.000000000
v 95.062680220 78.056302335 87.000000000
v 98.116893494 75.077306784 87.000000000
v 98.177101170 72.906560617 87.000000000
v 98.236887936 75.111067986 87.000000000
v 98.296216626 72.869818365 87.000000000
v 98.355050358 75.150768448 87.000000000
v 98.413352561 72.827184372 87.000000000
v 98.471086991 75.196309470 87.000000000
v 98.528217758 72.778764631 87.000000000
v 98.584709348 75.247577830 87.000000000
v 98.640526643 72.724679522 87.000000000
v 98.695634947 75.304446067 87.000000000
v 98.750000000 72.665063509 87.000000000
v 98.803588008 75.366772796 87.000000000
v 98.856365660 72.600064808 87.000000000
v 98.908300145 75.434403064 87.000000000
v 98.959359181 72.529845014 87.000000000
v 99.009511026 75.507168732 87.000000000
v 99.058724505 72.454578706 87.000000000
v 99.106969024 75.584888892 87.000000000
v 99.154214594 72.374453007 87.000000000
v 99.200431844 75.667370320 87.000000000
v 99.245592045 72.289667123 87.000000000
v 99.289667123 75.754407955 87.000000000
v 99.332629680 72.200431844 87.000000000
v 99.374453007 75.845785406 87.000000000
v 99.415111108 72.106969024 87.000000000
v 99.454578706 75.941275495 87.000000000
v 99.492831268 72.009511026 87.000000000
v 99.529845014 76.040640819 87.000000000
v 99.565596936 71.908300145 87.000000000
v 99.600064808 76.143634340 87.000000000
v 99.633227204 71.803588008 87.000000000
v 99.665063509 76.250000000 87.000000000
v 99.695553933 71.695634947 87.000000000
v 99.724679522 76.359473357 87.000000000
v 99.752422170 71.584709348 87.000000000
v 99.778764631 76.471782242 87.000000000
v 99.803690530 71.471086991 87.000000000
v 99.827184372 76.586647439 87.000000000
v 59.425231172 101.498135382 87.000000000
v 63.600505063 113.778174593 87.000000000
v 59.500000000 101.500000000 87.000000000
v 59.350648230 101.492546163 87.000000000
v 59.276436601 101.483246239 87.000000000
v 72.439339828 104.939339828 87.000000000
v 71.500000000 101.500000000 87.000000000
v 93.278174593 84.100505063 87.000000000
v 81.000000000 92.000000000 87.000000000
v 84.439339828 92.939339828 87.000000000
v 74.533887508 95.086773491 87.000000000
v 78.452644773 98.926199726 87.000000000
v 74.586773491 95.033887508 87.000000000
v 78.400422192 98.979740893 87.000000000
v 74.478431117 95.136957585 87.000000000
v 93.332362623 84.048954002 87.000000000
v 95.093439383 78.177101170 87.000000000
v 84.387788767 92.993527858 87.000000000
v 59.202780785 101.470258732 87.000000000
v 63.548954002 113.832362623 87.000000000
v 72.493527858 104.887788767 87.000000000
v 78.507471244 98.875328196 87.000000000
v 74.636957585 94.978431117 87.000000000
v 78.350933335 99.035818585 87.000000000
v 74.420542192 95.184315022 87.000000000
v 84.339002838 93.050218136 87.000000000
v 93.389052901 84.000168073 87.000000000
v 95.130181635 78.296216626 87.000000000
v 63.500168073 113.889052901 87.000000000
v 72.550218136 104.839002838 87.000000000
v 78.564765297 98.827252776 87.000000000
v 74.684315022 94.920542192 87.000000000
v 78.304301239 99.094293385 87.000000000
v 74.360364655 95.228728066 87.000000000
v 84.293103330 93.109269722 87.000000000
v 80.998135382 92.074768828 87.000000000
v 93.448104486 83.954268566 87.000000000
v 95.172815628 78.413352561 87.000000000
v 63.454268566 113.948104486 87.000000000
v 55.352092609 116.748588479 87.000000000
v 72.609269722 104.793103330 87.000000000
v 71.574768828 101.498135382 87.000000000
v 78.624384492 98.782092991 87.000000000
v 74.728728066 94.860364655 87.000000000
v 78.260641839 99.155019913 87.000000000
v 74.298048115 95.270086299 87.000000000
v 84.250204358 93.170535803 87.000000000
v 80.992546163 92.149351770 87.000000000
v 93.509370568 83.911369594 87.000000000
v 95.221235369 78.528217758 87.000000000
v 63.411369594 114.009370568 87.000000000
v 55.414032645 116.767694450 87.000000000
v 72.670535803 104.750204358 87.000000000
v 71.649351770 101.492546163 87.000000000
v 78.686180604 98.739961115 87.000000000
v 74.770086299 94.798048115 87.000000000
v 78.220063678 99.217847195 87.000000000
v 74.233747502 95.308286897 87.000000000
v 84.210412575 93.233864063 87.000000000
v 80.983246239 92.223563399 87.000000000
v 93.572698828 83.871577810 87.000000000
v 95.275320478 78.640526643 87.000000000
v 63.371577810 114.072698828 87.000000000
v 55.474943332 116.789864127 87.000000000
v 72.733864063 104.710412575 87.000000000
v 71.723563399 101.483246239 87.000000000
v 78.750000000 98.700961894 87.000000000
v 74.808286897 94.733747502 87.000000000
v 78.182667640 99.282619032 87.000000000
v 84.173826910 93.299097058 87.000000000
v 80.970258732 92.297219215 87.000000000
v 93.637931822 83.834992145 87.000000000
v 63.334992145 114.137931822 87.000000000
v 55.534673234 116.815042392 87.000000000
v 55.593073855 116.843166649 87.000000000
v 72.799097058 104.673826910 87.000000000
v 71.797219215 101.470258732 87.000000000
v 78.815684014 98.665192287 87.000000000
v 78.148546698 99.349174391 87.000000000
v 72.867258778 99.383069345 87.000000000
v 84.140538319 93.366072607 87.000000000
v 80.953615929 92.370136097 87.000000000
v 93.704907372 83.801703555 87.000000000
v 95.334936491 78.750000000 87.000000000
v 63.301703555 114.204907372 87.000000000
v 55.650000000 116.874166975 87.000000000
v 72.866072607 104.640538319 87.000000000
v 71.870136097 101.453615929 87.000000000
v 78.883069345 98.632741222 87.000000000
v 78.883069345 93.367258778 87.000000000
v 78.117785682 99.417347806 87.000000000
v 72.896310623 99.451988463 87.000000000
v 84.110629565 93.434624201 87.000000000
v 80.933359209 92.442132762 87.000000000
v 93.773458965 83.771794800 87.000000000
v 95.399935192 78.856365660 87.000000000
v 63.271794800 114.273458965 87.000000000
v 55.705310143 116.907966300 87.000000000
v 72.934624201 104.610629565 87.000000000
v 71.942132762 101.433359209 87.000000000
v 78.951988463 98.603689377 87.000000000
v 78.951988463 93.396310623 87.000000000
v 78.090461069 99.486969785 87.000000000
v 72.921891019 99.522270025 87.000000000
v 84.084175005 93.504581407 87.000000000
v 80.909538931 92.513030215 87.000000000
v 93.843416172 83.745340240 87.000000000
v 95.470154986 78.959359181 87.000000000
v 63.245340240 114.343416172 87.000000000
v 55.758866774 116.944480593 87.000000000
v 73.004581407 104.584175005 87.000000000
v 72.013030215 101.409538931 87.000000000
v 79.022270025 93.421891019 87.000000000
v 79.022270025 98.578108981 87.000000000
v 79.093739298 93.443936370 87.000000000
v 72.943936370 99.593739298 87.000000000
v 78.066640791 99.557867238 87.000000000
v 84.061240408 93.575770302 87.000000000
v 80.882214318 92.582652194 87.000000000
v 93.914605067 83.722405643 87.000000000
v 95.545421294 79.058724505 87.000000000
v 55.810536742 116.983619073 87.000000000
v 63.222405643 114.414605067 87.000000000
v 73.075770302 104.561240408 87.000000000
v 72.082652194 101.382214318 87.000000000
v 79.093739298 98.556063630 87.000000000
v 72.962391868 99.666218599 87.000000000
v 78.046384071 99.629863903 87.000000000
v 84.041882795 93.648013899 87.000000000
v 80.851453302 92.650825609 87.000000000
v 93.986848664 83.703048030 87.000000000
v 95.625546993 79.154214594 87.000000000
v 63.203048030 114.486848664 87.000000000
v 55.860191589 117.025284436 87.000000000
v 73.148013899 104.541882795 87.000000000
v 72.150825609 101.351453302 87.000000000
v 79.166218599 93.462391868 87.000000000
v 79.166218599 98.537608132 87.000000000
v 79.239527733 93.477211630 87.000000000
v 72.977211630 99.739527733 87.000000000
v 78.029741268 99.702780785 87.000000000
v 80.817332360 92.717380968 87.000000000
v 84.026150290 93.721132589 87.000000000
v 94.059967354 83.687315525 87.000000000
v 63.187315525 114.559967354 87.000000000
v 55.907707864 117.069373096 87.000000000
v 73.221132589 104.526150290 87.000000000
v 72.217380968 101.317332360 87.000000000
v 79.239527733 98.522788370 87.000000000
v 79.313484443 93.488358810 87.000000000
v 72.988358810 99.813484443 87.000000000
v 78.016753761 99.776436601 87.000000000
v 84.014082008 93.794944588 87.000000000
v 80.779936322 92.782152805 87.000000000
v 94.133779352 83.675247244 87.000000000
v 95.710332877 79.245592045 87.000000000
v 63.175247244 114.633779352 87.000000000
v 55.952967433 117.115775441 87.000000000
v 73.294944588 104.514082008 87.000000000
v 72.282152805 101.279936322 87.000000000
v 79.313484443 98.511641190 87.000000000
v 72.995805696 99.887904860 87.000000000
v 78.007453837 99.850648230 87.000000000
v 84.005707953 93.869266386 87.000000000
v 80.739358161 92.844980087 87.000000000
v 94.208101151 83.666873188 87.000000000
v 95.799568156 79.332629680 87.000000000
v 63.166873188 114.708101151 87.000000000
v 55.995857776 117.164376107 87.000000000
v 73.369266386 104.505707953 87.000000000
v 72.344980087 101.239358161 87.000000000
v 79.387904860 98.504194304 87.000000000
v 79.387904860 93.495805696 87.000000000
v 72.999533773 99.962603962 87.000000000
v 78.001864618 99.925231172 87.000000000
v 84.001048943 93.943913209 87.000000000
v 80.695698761 92.905706615 87.000000000
v 94.282747973 83.662214178 87.000000000
v 95.893030976 79.415111108 87.000000000
v 63.162214178 114.782747973 87.000000000
v 56.036272259 117.215054267 87.000000000
v 73.443913209 104.501048943 87.000000000
v 72.405706615 101.195698761 87.000000000
v 79.462603962 93.499533773 87.000000000
v 79.462603962 98.500466227 87.000000000
v 79.537396038 93.499533773 87.000000000
v 72.999533773 100.037396038 87.000000000
v 78.000000000 100.000000000 87.000000000
v 84.000116561 94.018699472 87.000000000
v 80.649066665 92.964181415 87.000000000
v 94.357534237 83.661281796 87.000000000
v 95.990488974 79.492831268 87.000000000
v 63.161281796 114.857534237 87.000000000
v 56.074110407 117.267683925 87.000000000
v 73.518699472 104.500116561 87.000000000
v 72.464181415 101.149066665 87.000000000
v 79.537396038 98.500466227 87.000000000
v 72.995805696 100.112095140 87.000000000
v 78.001864618 100.074768828 87.000000000
v 84.002913126 94.093439245 87.000000000
v 80.599577808 93.020259107 87.000000000
v 94.432274010 83.664078361 87.000000000
v 63.164078361 114.932274010 87.000000000
v 56.109278146 117.322134236 87.000000000
v 73.593439245 104.502913126 87.000000000
v 72.520259107 101.099577808 87.000000000
v 79.612095140 93.495805696 87.000000000
v 79.612095140 98.504194304 87.000000000
v 79.686515557 93.488358810 87.000000000
v 72.988358810 100.186515557 87.000000000
v 78.007453837 100.149351770 87.000000000
v 84.009431685 94.167946714 87.000000000
v 80.547355227 93.073800274 87.000000000
v 94.506781479 83.670596920 87.000000000
v 96.091699855 79.565596936 87.000000000
v 56.141688045 117.378269828 87.000000000
v 63.170596920 115.006781479 87.000000000
v 73.667946714 104.509431685 87.000000000
v 72.573800274 101.047355227 87.000000000
v 79.686515557 98.511641190 87.000000000
v 79.760472267 93.477211630 87.000000000
v 72.977211630 100.260472267 87.000000000
v 78.016753761 100.223563399 87.000000000
v 84.019656032 94.242036641 87.000000000
v 80.492528756 93.124671804 87.000000000
v 94.580871406 83.680821267 87.000000000
v 96.196411992 79.633227204 87.000000000
v 63.180821267 115.080871406 87.000000000
v 56.171259528 117.435951139 87.000000000
v 73.742036641 104.519656032 87.000000000
v 72.624671804 100.992528756 87.000000000
v 79.760472267 98.522788370 87.000000000
v 72.962391868 100.333781401 87.000000000
v 78.029741268 100.297219215 87.000000000
v 84.033560747 94.315524827 87.000000000
v 80.435234703 93.172747224 87.000000000
v 94.654359591 83.694725982 87.000000000
v 96.304365053 79.695553933 87.000000000
v 63.194725982 115.154359591 87.000000000
v 56.197919075 117.495034765 87.000000000
v 73.815524827 104.533560747 87.000000000
v 72.672747224 100.935234703 87.000000000
v 79.833781401 98.537608132 87.000000000
v 79.833781401 93.462391868 87.000000000
v 72.943936370 100.406260702 87.000000000
v 78.046384071 100.370136097 87.000000000
v 80.375615508 93.217907009 87.000000000
v 84.051111261 94.388228568 87.000000000
v 94.727063332 83.712276496 87.000000000
v 96.415290652 79.752422170 87.000000000
v 63.212276496 115.227063332 87.000000000
v 56.221600407 117.555373814 87.000000000
v 73.888228568 104.551111261 87.000000000
v 72.717907009 100.875615508 87.000000000
v 79.906260702 98.556063630 87.000000000
v 79.906260702 93.443936370 87.000000000
v 72.921891019 100.477729975 87.000000000
v 78.066640791 100.442132762 87.000000000
v 80.313819396 93.260038885 87.000000000
v 84.072263940 94.459967111 87.000000000
v 94.798801876 83.733429175 87.000000000
v 56.242244648 117.616818273 87.000000000
v 63.233429175 115.298801876 87.000000000
v 73.959967111 104.572263940 87.000000000
v 72.760038885 100.813819396 87.000000000
v 79.977729975 93.421891019 87.000000000
v 79.977729975 98.578108981 87.000000000
v 80.048011537 93.396310623 87.000000000
v 78.090461069 100.513030215 87.000000000
v 72.896310623 100.548011537 87.000000000
v 80.250000000 93.299038106 87.000000000
v 84.096966197 94.530562104 87.000000000
v 94.869396869 83.758131432 87.000000000
v 96.528913009 79.803690530 87.000000000
v 63.258131432 115.369396869 87.000000000
v 74.030562104 104.596966197 87.000000000
v 72.799038106 100.750000000 87.000000000
v 80.048011537 98.603689377 87.000000000
v 72.867258778 100.616930655 87.000000000
v 78.117785682 100.582652194 87.000000000
v 80.184315986 93.334807713 87.000000000
v 84.125156616 94.599838036 87.000000000
v 94.938672801 83.786321851 87.000000000
v 96.644949642 79.849231552 87.000000000
v 74.099838036 104.625156616 87.000000000
v 72.834807713 100.684315986 87.000000000
v 80.116930655 98.632741222 87.000000000
v 80.116930655 93.367258778 87.000000000
v 78.148546698 100.650825609 87.000000000
v 84.156765113 94.667622677 87.000000000
v 95.006457441 83.817930348 87.000000000
v 96.763112064 79.888932014 87.000000000
v 74.167622677 104.656765113 87.000000000
v 80.184315986 98.665192287 87.000000000
v 78.182667640 100.717380968 87.000000000
v 84.191713103 94.733747502 87.000000000
v 95.072582266 83.852878339 87.000000000
v 74.233747502 104.691713103 87.000000000
v 80.250000000 98.700961894 87.000000000
v 78.220063678 100.782152805 87.000000000
v 84.229913701 94.798048115 87.000000000
v 95.136882880 83.891078936 87.000000000
v 96.883106506 79.922693216 87.000000000
v 74.298048115 104.729913701 87.000000000
v 80.313819396 98.739961115 87.000000000
v 78.260641839 100.844980087 87.000000000
v 84.271271934 94.860364655 87.000000000
v 95.199199419 83.932437169 87.000000000
v 97.004634642 79.950431220 87.000000000
v 74.360364655 104.771271934 87.000000000
v 80.375615508 98.782092991 87.000000000
v 78.304301239 100.905706615 87.000000000
v 84.315684978 94.920542192 87.000000000
v 95.259376957 83.976850213 87.000000000
v 97.127394335 79.972077066 87.000000000
v 74.420542192 104.815684978 87.000000000
v 80.435234703 98.827252776 87.000000000
v 78.350933335 100.964181415 87.000000000
v 84.363042415 94.978431117 87.000000000
v 95.317265882 84.024207650 87.000000000
v 97.251080384 79.987576938 87.000000000
v 74.478431117 104.863042415 87.000000000
v 80.492528756 98.875328196 87.000000000
v 78.400422192 101.020259107 87.000000000
v 84.413226509 95.033887508 87.000000000
v 95.372722273 84.074391744 87.000000000
v 74.533887508 104.913226509 87.000000000
v 80.547355227 98.926199726 87.000000000
v 78.452644773 101.073800274 87.000000000
v 84.466112492 95.086773491 87.000000000
v 95.425608256 84.127277727 87.000000000
v 97.375385286 79.996892303 87.000000000
v 74.586773491 104.966112492 87.000000000
v 80.599577808 98.979740893 87.000000000
v 78.507471244 101.124671804 87.000000000
v 84.521568883 95.136957585 87.000000000
v 95.475792350 84.182734118 87.000000000
v 97.500000000 80.000000000 87.000000000
v 74.636957585 105.021568883 87.000000000
v 80.649066665 99.035818585 87.000000000
v 78.564765297 101.172747224 87.000000000
v 84.579457808 95.184315022 87.000000000
v 95.523149787 84.240623043 87.000000000
v 97.624614714 79.996892303 87.000000000
v 74.684315022 105.079457808 87.000000000
v 80.695698761 99.094293385 87.000000000
v 78.624384492 101.217907009 87.000000000
v 84.639635345 95.228728066 87.000000000
v 95.567562831 84.300800581 87.000000000
v 97.748919616 79.987576938 87.000000000
v 74.728728066 105.139635345 87.000000000
v 80.739358161 99.155019913 87.000000000
v 78.686180604 101.260038885 87.000000000
v 84.701951885 95.270086299 87.000000000
v 95.608921064 84.363117120 87.000000000
v 74.770086299 105.201951885 87.000000000
v 80.779936322 99.217847195 87.000000000
v 78.750000000 101.299038106 87.000000000
v 84.766252498 95.308286897 87.000000000
v 95.647121661 84.427417734 87.000000000
v 97.872605665 79.972077066 87.000000000
v 74.808286897 105.266252498 87.000000000
v 80.817332360 99.282619032 87.000000000
v 78.815684014 101.334807713 87.000000000
v 84.832377323 95.343234887 87.000000000
v 95.682069652 84.493542559 87.000000000
v 97.995365358 79.950431220 87.000000000
v 74.843234887 105.332377323 87.000000000
v 80.851453302 99.349174391 87.000000000
v 95.713678149 84.561327199 87.000000000
v 98.116893494 79.922693216 87.000000000
v 95.741868568 84.630603131 87.000000000
v 98.236887936 79.888932014 87.000000000
v 56.197919075 118.504965235 87.000000000
v 59.710332877 120.754407955 87.000000000
v 56.221600407 118.444626186 87.000000000
v 59.799568156 120.667370320 87.000000000
v 56.242244648 118.383181727 87.000000000
v 59.625546993 120.845785406 87.000000000
v 56.171259528 118.564048861 87.000000000
v 56.141688045 118.621730172 87.000000000
v 59.893030976 120.584888892 87.000000000
v 56.259800472 118.320784617 87.000000000
v 56.274224234 118.257589986 87.000000000
v 59.545421294 120.941275495 87.000000000
v 56.109278146 118.677865764 87.000000000
v 59.990488974 120.507168732 87.000000000
v 56.285480074 118.193754946 87.000000000
v 59.470154986 121.040640819 87.000000000
v 56.074110407 118.732316075 87.000000000
v 60.091699855 120.434403064 87.000000000
v 56.293540008 118.129438201 87.000000000
v 56.036272259 118.784945733 87.000000000
v 59.399935192 121.143634340 87.000000000
v 55.995857776 118.835623893 87.000000000
v 56.298383998 118.064799651 87.000000000
v 60.196411992 120.366772796 87.000000000
v 56.300000000 118.000000000 87.000000000
v 55.952967433 118.884224559 87.000000000
v 59.334936491 121.250000000 87.000000000
v 60.304365053 120.304446067 87.000000000
v 56.298383998 117.935200349 87.000000000
v 55.907707864 118.930626904 87.000000000
v 59.275320478 121.359473357 87.000000000
v 60.415290652 120.247577830 87.000000000
v 56.293540008 117.870561799 87.000000000
v 55.860191589 118.974715564 87.000000000
v 59.221235369 121.471782242 87.000000000
v 55.810536742 119.016380927 87.000000000
v 60.528913009 120.196309470 87.000000000
v 56.285480074 117.806245054 87.000000000
v 56.274224234 117.742410014 87.000000000
v 55.758866774 119.055519407 87.000000000
v 59.172815628 121.586647439 87.000000000
v 60.644949642 120.150768448 87.000000000
v 56.259800472 117.679215383 87.000000000
v 55.705310143 119.092033700 87.000000000
v 59.130181635 121.703783374 87.000000000
v 60.763112064 120.111067986 87.000000000
v 55.650000000 119.125833025 87.000000000
v 59.093439383 121.822898830 87.000000000
v 55.593073855 119.156833351 87.000000000
v 60.883106506 120.077306784 87.000000000
v 63.286321851 115.438672801 87.000000000
v 55.534673234 119.184957608 87.000000000
v 59.062680220 121.943697665 87.000000000
v 61.004634642 120.049568780 87.000000000
v 63.317930348 115.506457441 87.000000000
v 55.474943332 119.210135873 87.000000000
v 59.037980617 122.065879556 87.000000000
v 61.127394335 120.027922934 87.000000000
v 63.352878339 115.572582266 87.000000000
v 55.414032645 119.232305550 87.000000000
v 59.019401983 122.189140738 87.000000000
v 55.352092609 119.251411521 87.000000000
v 63.391078936 115.636882880 87.000000000
v 61.251080384 120.012423062 87.000000000
v 63.432437169 115.699199419 87.000000000
v 55.289277214 119.267406286 87.000000000
v 59.006990507 122.313174766 87.000000000
v 61.375385286 120.003107697 87.000000000
v 63.476850213 115.759376957 87.000000000
v 55.225742631 119.280250079 87.000000000
v 59.000777045 122.437673271 87.000000000
v 61.500000000 120.000000000 87.000000000
v 63.524207650 115.817265882 87.000000000
v 59.000777045 122.562326729 87.000000000
v 55.161646816 119.289910969 87.000000000
v 61.624614714 120.003107697 87.000000000
v 63.574391744 115.872722273 87.000000000
v 55.097149122 119.296364936 87.000000000
v 59.006990507 122.686825234 87.000000000
v 55.032409899 119.299595937 87.000000000
v 63.627277727 115.925608256 87.000000000
v 61.748919616 120.012423062 87.000000000
v 63.682734118 115.975792350 87.000000000
v 59.019401983 122.810859262 87.000000000
v 54.967590101 119.299595937 87.000000000
v 61.872605665 120.027922934 87.000000000
v 63.740623043 116.023149787 87.000000000
v 54.902850878 119.296364936 87.000000000
v 59.037980617 122.934120444 87.000000000
v 61.995365358 120.049568780 87.000000000
v 63.800800581 116.067562831 87.000000000
v 59.062680220 123.056302335 87.000000000
v 54.838353184 119.289910969 87.000000000
v 62.116893494 120.077306784 87.000000000
v 63.863117120 116.108921064 87.000000000
v 54.774257369 119.280250079 87.000000000
v 59.093439383 123.177101170 87.000000000
v 54.710722786 119.267406286 87.000000000
v 63.927417734 116.147121661 87.000000000
v 62.236887936 120.111067986 87.000000000
v 63.993542559 116.182069652 87.000000000
v 59.130181635 123.296216626 87.000000000
v 54.647907391 119.251411521 87.000000000
v 62.355050358 120.150768448 87.000000000
v 64.061327199 116.213678149 87.000000000
v 59.172815628 123.413352561 87.000000000
v 62.471086991 120.196309470 87.000000000
v 64.130603131 116.241868568 87.000000000
v 64.201198124 116.266570825 87.000000000
v 62.584709348 120.247577830 87.000000000
v 64.272936668 116.287723504 87.000000000
v 62.695634947 120.304446067 87.000000000
v 64.345640409 116.305274018 87.000000000
v 62.803588008 120.366772796 87.000000000
v 64.419128594 116.319178733 87.000000000
v 62.908300145 120.434403064 87.000000000
v 64.493218521 116.329403080 87.000000000
v 64.567725990 116.335921639 87.000000000
v 63.009511026 120.507168732 87.000000000
v 64.642465763 116.338718204 87.000000000
v 63.106969024 120.584888892 87.000000000
v 64.717252027 116.337785822 87.000000000
v 63.200431844 120.667370320 87.000000000
v 64.791898849 116.333126812 87.000000000
v 63.289667123 120.754407955 87.000000000
v 64.866220648 116.324752756 87.000000000
v 99.724679522 78.640526643 87.000000000
v 103.092292136 81.069373096 87.000000000
v 99.778764631 78.528217758 87.000000000
v 99.665063509 78.750000000 87.000000000
v 103.047032567 81.115775441 87.000000000
v 103.139808411 81.025284436 87.000000000
v 103.004142224 81.164376107 87.000000000
v 99.600064808 78.856365660 87.000000000
v 103.189463258 80.983619073 87.000000000
v 99.827184372 78.413352561 87.000000000
v 102.963727741 81.215054267 87.000000000
v 103.241133226 80.944480593 87.000000000
v 99.869818365 78.296216626 87.000000000
v 102.925889593 81.267683925 87.000000000
v 99.529845014 78.959359181 87.000000000
v 103.294689857 80.907966300 87.000000000
v 99.906560617 78.177101170 87.000000000
v 99.454578706 79.058724505 87.000000000
v 102.890721854 81.322134236 87.000000000
v 64.940032646 116.312684475 87.000000000
v 63.374453007 120.845785406 87.000000000
v 65.013151336 116.296951970 87.000000000
v 103.350000000 80.874166975 87.000000000
v 99.374453007 79.154214594 87.000000000
v 102.858311955 81.378269828 87.000000000
v 103.406926145 80.843166649 87.000000000
v 99.937319780 78.056302335 87.000000000
v 102.828740472 81.435951139 87.000000000
v 103.465326766 80.815042392 87.000000000
v 99.962019383 77.934120444 87.000000000
v 102.802080925 81.495034765 87.000000000
v 99.289667123 79.245592045 87.000000000
v 103.525056668 80.789864127 87.000000000
v 99.980598017 77.810859262 87.000000000
v 102.778399593 81.555373814 87.000000000
v 99.200431844 79.332629680 87.000000000
v 103.585967355 80.767694450 87.000000000
v 102.757755352 81.616818273 87.000000000
v 99.106969024 79.415111108 87.000000000
v 63.454578706 120.941275495 87.000000000
v 65.085394933 116.277594357 87.000000000
v 103.647907391 80.748588479 87.000000000
v 99.993009493 77.686825234 87.000000000
v 102.740199528 81.679215383 87.000000000
v 103.710722786 80.732593714 87.000000000
v 99.999222955 77.562326729 87.000000000
v 102.725775766 81.742410014 87.000000000
v 99.009511026 79.492831268 87.000000000
v 103.774257369 80.719749921 87.000000000
v 99.999222955 77.437673271 87.000000000
v 102.714519926 81.806245054 87.000000000
v 98.908300145 79.565596936 87.000000000
v 103.838353184 80.710089031 87.000000000
v 99.993009493 77.313174766 87.000000000
v 63.529845014 121.040640819 87.000000000
v 65.156583828 116.254659760 87.000000000
v 102.706459992 81.870561799 87.000000000
v 98.803588008 79.633227204 87.000000000
v 103.902850878 80.703635064 87.000000000
v 102.701616002 81.935200349 87.000000000
v 103.967590101 80.700404063 87.000000000
v 99.980598017 77.189140738 87.000000000
v 98.695634947 79.695553933 87.000000000
v 102.700000000 82.000000000 87.000000000
v 104.032409899 80.700404063 87.000000000
v 99.962019383 77.065879556 87.000000000
v 63.600064808 121.143634340 87.000000000
v 65.226541035 116.228205200 87.000000000
v 102.701616002 82.064799651 87.000000000
v 98.584709348 79.752422170 87.000000000
v 104.097149122 80.703635064 87.000000000
v 99.937319780 76.943697665 87.000000000
v 98.471086991 79.803690530 87.000000000
v 102.706459992 82.129438201 87.000000000
v 104.161646816 80.710089031 87.000000000
v 99.906560617 76.822898830 87.000000000
v 102.714519926 82.193754946 87.000000000
v 63.665063509 121.250000000 87.000000000
v 65.295092628 116.198296445 87.000000000
v 104.225742631 80.719749921 87.000000000
v 102.725775766 82.257589986 87.000000000
v 98.355050358 79.849231552 87.000000000
v 104.289277214 80.732593714 87.000000000
v 99.869818365 76.703783374 87.000000000
v 102.740199528 82.320784617 87.000000000
v 65.362068178 116.165007855 87.000000000
v 63.724679522 121.359473357 87.000000000
v 65.427301172 116.128422190 87.000000000
v 104.352092609 80.748588479 87.000000000
v 99.849231552 71.355050358 87.000000000
v 95.766570825 84.701198124 87.000000000
v 102.757755352 82.383181727 87.000000000
v 104.414032645 80.767694450 87.000000000
v 99.888932014 71.236887936 87.000000000
v 95.787723504 84.772936668 87.000000000
v 102.778399593 82.444626186 87.000000000
v 63.778764631 121.471782242 87.000000000
v 65.490629432 116.088630406 87.000000000
v 104.474943332 80.789864127 87.000000000
v 95.805274018 84.845640409 87.000000000
v 102.802080925 82.504965235 87.000000000
v 104.534673234 80.815042392 87.000000000
v 99.922693216 71.116893494 87.000000000
v 85.257963359 95.480343968 87.000000000
v 86.426199726 98.952644773 87.000000000
v 85.332053286 95.490568315 87.000000000
v 74.990568315 105.832053286 87.000000000
v 78.452644773 106.926199726 87.000000000
v 74.980343968 105.757963359 87.000000000
v 74.997086874 105.906560755 87.000000000
v 78.400422192 106.979740893 87.000000000
v 86.479740893 98.900422192 87.000000000
v 85.406560755 95.497086874 87.000000000
v 85.184475173 95.466439253 87.000000000
v 86.375328196 99.007471244 87.000000000
v 78.507471244 106.875328196 87.000000000
v 74.966439253 105.684475173 87.000000000
v 74.999883439 105.981300528 87.000000000
v 78.350933335 107.035818585 87.000000000
v 86.535818585 98.850933335 87.000000000
v 85.481300528 95.499883439 87.000000000
v 85.111771432 95.448888739 87.000000000
v 86.327252776 99.064765297 87.000000000
v 78.564765297 106.827252776 87.000000000
v 74.948888739 105.611771432 87.000000000
v 95.819178733 84.919128594 87.000000000
v 102.828740472 82.564048861 87.000000000
v 86.594293385 98.804301239 87.000000000
v 85.556086791 95.498951057 87.000000000
v 74.998951057 106.056086791 87.000000000
v 78.304301239 107.094293385 87.000000000
v 85.040032889 95.427736060 87.000000000
v 86.282092991 99.124384492 87.000000000
v 78.624384492 106.782092991 87.000000000
v 74.927736060 105.540032889 87.000000000
v 63.827184372 121.586647439 87.000000000
v 65.551895514 116.045731434 87.000000000
v 86.655019913 98.760641839 87.000000000
v 85.630733614 95.494292047 87.000000000
v 78.260641839 107.155019913 87.000000000
v 74.994292047 106.130733614 87.000000000
v 86.239961115 99.186180604 87.000000000
v 84.969437896 95.403033803 87.000000000
v 78.686180604 106.739961115 87.000000000
v 74.903033803 105.469437896 87.000000000
v 104.593073855 80.843166649 87.000000000
v 99.950431220 70.995365358 87.000000000
v 86.717847195 98.720063678 87.000000000
v 85.705055412 95.485917992 87.000000000
v 78.220063678 107.217847195 87.000000000
v 74.985917992 106.205055412 87.000000000
v 84.900161964 95.374843384 87.000000000
v 86.200961894 99.250000000 87.000000000
v 78.750000000 106.700961894 87.000000000
v 74.874843384 105.400161964 87.000000000
v 74.973849710 106.278867411 87.000000000
v 78.182667640 107.282619032 87.000000000
v 86.782619032 98.682667640 87.000000000
v 85.778867411 95.473849710 87.000000000
v 95.829403080 84.993218521 87.000000000
v 102.858311955 82.621730172 87.000000000
v 86.165192287 99.315684014 87.000000000
v 78.815684014 106.665192287 87.000000000
v 86.849174391 98.648546698 87.000000000
v 85.851986101 95.458117205 87.000000000
v 74.958117205 106.351986101 87.000000000
v 78.148546698 107.349174391 87.000000000
v 78.883069345 106.632741222 87.000000000
v 78.883069345 101.367258778 87.000000000
v 86.132741222 99.383069345 87.000000000
v 80.882214318 99.417347806 87.000000000
v 104.650000000 80.874166975 87.000000000
v 99.972077066 70.872605665 87.000000000
v 86.917347806 98.617785682 87.000000000
v 85.924229698 95.438759592 87.000000000
v 74.938759592 106.424229698 87.000000000
v 78.117785682 107.417347806 87.000000000
v 86.103689377 99.451988463 87.000000000
v 80.909538931 99.486969785 87.000000000
v 78.951988463 106.603689377 87.000000000
v 78.951988463 101.396310623 87.000000000
v 95.835921639 85.067725990 87.000000000
v 102.890721854 82.677865764 87.000000000
v 63.869818365 121.703783374 87.000000000
v 65.610947099 115.999831927 87.000000000
v 86.986969785 98.590461069 87.000000000
v 85.995418593 95.415824995 87.000000000
v 74.915824995 106.495418593 87.000000000
v 78.090461069 107.486969785 87.000000000
v 86.078108981 99.522270025 87.000000000
v 80.933359209 99.557867238 87.000000000
v 79.022270025 106.578108981 87.000000000
v 79.022270025 101.421891019 87.000000000
v 104.705310143 80.907966300 87.000000000
v 99.987576938 70.748919616 87.000000000
v 87.057867238 98.566640791 87.000000000
v 86.065375799 95.389370435 87.000000000
v 74.889370435 106.565375799 87.000000000
v 78.066640791 107.557867238 87.000000000
v 80.953615929 99.629863903 87.000000000
v 86.056063630 99.593739298 87.000000000
v 79.093739298 106.556063630 87.000000000
v 79.093739298 101.443936370 87.000000000
v 95.838718204 85.142465763 87.000000000
v 102.925889593 82.732316075 87.000000000
v 87.129863903 98.546384071 87.000000000
v 86.133927393 95.359461681 87.000000000
v 74.859461681 106.633927393 87.000000000
v 78.046384071 107.629863903 87.000000000
v 104.758866774 80.944480593 87.000000000
v 86.037608132 99.666218599 87.000000000
v 80.970258732 99.702780785 87.000000000
v 79.166218599 106.537608132 87.000000000
v 79.166218599 101.462391868 87.000000000
v 63.906560617 121.822898830 87.000000000
v 65.667637377 115.951045998 87.000000000
v 74.826173090 106.700902942 87.000000000
v 78.029741268 107.702780785 87.000000000
v 87.202780785 98.529741268 87.000000000
v 86.200902942 95.326173090 87.000000000
v 95.837785822 85.217252027 87.000000000
v 102.963727741 82.784945733 87.000000000
v 86.022788370 99.739527733 87.000000000
v 80.983246239 99.776436601 87.000000000
v 79.239527733 106.522788370 87.000000000
v 79.239527733 101.477211630 87.000000000
v 87.276436601 98.516753761 87.000000000
v 86.266135937 95.289587425 87.000000000
v 74.789587425 106.766135937 87.000000000
v 78.016753761 107.776436601 87.000000000
v 104.810536742 80.983619073 87.000000000
v 80.992546163 99.850648230 87.000000000
v 86.011641190 99.813484443 87.000000000
v 79.313484443 106.511641190 87.000000000
v 79.313484443 101.488358810 87.000000000
v 79.387904860 101.495805696 87.000000000
v 95.833126812 85.291898849 87.000000000
v 103.004142224 82.835623893 87.000000000
v 87.350648230 98.507453837 87.000000000
v 86.329464197 95.249795642 87.000000000
v 74.749795642 106.829464197 87.000000000
v 78.007453837 107.850648230 87.000000000
v 63.937319780 121.943697665 87.000000000
v 65.721825407 115.899494937 87.000000000
v 104.860191589 81.025284436 87.000000000
v 104.860191589 60.974715564 87.000000000
v 86.004194304 99.887904860 87.000000000
v 80.998135382 99.925231172 87.000000000
v 79.387904860 106.504194304 87.000000000
v 87.425231172 98.501864618 87.000000000
v 86.390730278 95.206896670 87.000000000
v 78.001864618 107.925231172 87.000000000
v 74.706896670 106.890730278 87.000000000
v 95.824752756 85.366220648 87.000000000
v 103.047032567 82.884224559 87.000000000
v 86.000466227 99.962603962 87.000000000
v 81.000000000 100.000000000 87.000000000
v 79.462603962 106.500466227 87.000000000
v 79.462603962 101.499533773 87.000000000
v 104.907707864 81.069373096 87.000000000
v 86.506472142 95.112211233 87.000000000
v 87.500000000 98.500000000 87.000000000
v 86.560660172 95.060660172 87.000000000
v 86.449781864 95.160997162 87.000000000
v 74.660997162 106.949781864 87.000000000
v 78.000000000 108.000000000 87.000000000
v 74.612211233 107.006472142 87.000000000
v 74.560660172 107.060660172 87.000000000
v 95.812684475 85.440032646 87.000000000
v 103.092292136 82.930626904 87.000000000
v 86.000466227 100.037396038 87.000000000
v 80.998135382 100.074768828 87.000000000
v 79.537396038 106.500466227 87.000000000
v 79.537396038 101.499533773 87.000000000
v 104.952967433 81.115775441 87.000000000
v 109.093073855 58.156833351 87.000000000
v 95.796951970 85.513151336 87.000000000
v 103.139808411 82.974715564 87.000000000
v 86.004194304 100.112095140 87.000000000
v 80.992546163 100.149351770 87.000000000
v 79.612095140 106.504194304 87.000000000
v 79.612095140 101.495805696 87.000000000
v 104.995857776 81.164376107 87.000000000
v 109.150000000 58.125833025 87.000000000
v 86.011641190 100.186515557 87.000000000
v 80.983246239 100.223563399 87.000000000
v 79.686515557 106.511641190 87.000000000
v 79.686515557 101.488358810 87.000000000
v 95.777594357 85.585394933 87.000000000
v 103.189463258 83.016380927 87.000000000
v 105.036272259 81.215054267 87.000000000
v 109.205310143 58.092033700 87.000000000
v 80.970258732 100.297219215 87.000000000
v 86.022788370 100.260472267 87.000000000
v 79.760472267 106.522788370 87.000000000
v 79.760472267 101.477211630 87.000000000
v 95.754659760 85.656583828 87.000000000
v 103.241133226 83.055519407 87.000000000
v 105.074110407 81.267683925 87.000000000
v 86.037608132 100.333781401 87.000000000
v 80.953615929 100.370136097 87.000000000
v 79.833781401 106.537608132 87.000000000
v 79.833781401 101.462391868 87.000000000
v 95.728205200 85.726541035 87.000000000
v 103.294689857 83.092033700 87.000000000
v 105.109278146 81.322134236 87.000000000
v 80.933359209 100.442132762 87.000000000
v 86.056063630 100.406260702 87.000000000
v 79.906260702 106.556063630 87.000000000
v 79.906260702 101.443936370 87.000000000
v 95.698296445 85.795092628 87.000000000
v 103.350000000 83.125833025 87.000000000
v 105.141688045 81.378269828 87.000000000
v 86.078108981 100.477729975 87.000000000
v 80.909538931 100.513030215 87.000000000
v 79.977729975 106.578108981 87.000000000
v 79.977729975 101.421891019 87.000000000
v 80.048011537 101.396310623 87.000000000
v 95.665007855 85.862068178 87.000000000
v 103.406926145 83.156833351 87.000000000
v 105.171259528 81.435951139 87.000000000
v 103.465326766 83.184957608 87.000000000
v 86.103689377 100.548011537 87.000000000
v 80.882214318 100.582652194 87.000000000
v 80.048011537 106.603689377 87.000000000
v 105.197919075 81.495034765 87.000000000
v 95.628422190 85.927301172 87.000000000
v 103.525056668 83.210135873 87.000000000
v 80.116930655 106.632741222 87.000000000
v 80.116930655 101.367258778 87.000000000
v 86.132741222 100.616930655 87.000000000
v 80.851453302 100.650825609 87.000000000
v 105.221600407 81.555373814 87.000000000
v 95.588630406 85.990629432 87.000000000
v 103.585967355 83.232305550 87.000000000
v 86.165192287 100.684315986 87.000000000
v 80.184315986 106.665192287 87.000000000
v 80.184315986 101.334807713 87.000000000
v 105.242244648 81.616818273 87.000000000
v 95.545731434 86.051895514 87.000000000
v 103.647907391 83.251411521 87.000000000
v 105.259800472 81.679215383 87.000000000
v 103.710722786 83.267406286 87.000000000
v 105.274224234 81.742410014 87.000000000
v 105.285480074 81.806245054 87.000000000
v 105.293540008 81.870561799 87.000000000
v 105.298383998 81.935200349 87.000000000
v 105.300000000 82.000000000 87.000000000
v 105.298383998 82.064799651 87.000000000
v 105.293540008 82.129438201 87.000000000
v 59.710332877 124.245592045 87.000000000
v 59.754407955 127.710332877 87.000000000
v 59.799568156 124.332629680 87.000000000
v 59.625546993 124.154214594 87.000000000
v 59.667370320 127.799568156 87.000000000
v 59.845785406 127.625546993 87.000000000
v 59.893030976 124.415111108 87.000000000
v 59.584888892 127.893030976 87.000000000
v 59.545421294 124.058724505 87.000000000
v 105.285480074 82.193754946 87.000000000
v 59.941275495 127.545421294 87.000000000
v 59.990488974 124.492831268 87.000000000
v 59.470154986 123.959359181 87.000000000
v 59.507168732 127.990488974 87.000000000
v 60.040640819 127.470154986 87.000000000
v 60.091699855 124.565596936 87.000000000
v 59.399935192 123.856365660 87.000000000
v 59.434403064 128.091699855 87.000000000
v 60.143634340 127.399935192 87.000000000
v 60.196411992 124.633227204 87.000000000
v 59.334936491 123.750000000 87.000000000
v 59.366772796 128.196411992 87.000000000
v 60.250000000 127.334936491 87.000000000
v 60.304365053 124.695553933 87.000000000
v 59.275320478 123.640526643 87.000000000
v 59.304446067 128.304365053 87.000000000
v 60.359473357 127.275320478 87.000000000
v 60.415290652 124.752422170 87.000000000
v 59.221235369 123.528217758 87.000000000
v 59.247577830 128.415290652 87.000000000
v 60.471782242 127.221235369 87.000000000
v 60.528913009 124.803690530 87.000000000
v 59.196309470 128.528913009 87.000000000
v 60.586647439 127.172815628 87.000000000
v 60.644949642 124.849231552 87.000000000
v 59.150768448 128.644949642 87.000000000
v 54.585967355 119.232305550 87.000000000
v 60.703783374 127.130181635 87.000000000
v 60.763112064 124.888932014 87.000000000
v 59.111067986 128.763112064 87.000000000
v 54.525056668 119.210135873 87.000000000
v 54.465326766 119.184957608 87.000000000
v 60.822898830 127.093439383 87.000000000
v 60.883106506 124.922693216 87.000000000
v 54.406926145 119.156833351 87.000000000
v 59.077306784 128.883106506 87.000000000
v 60.943697665 127.062680220 87.000000000
v 61.004634642 124.950431220 87.000000000
v 59.049568780 129.004634642 87.000000000
v 54.350000000 119.125833025 87.000000000
v 61.065879556 127.037980617 87.000000000
v 61.127394335 124.972077066 87.000000000
v 54.294689857 119.092033700 87.000000000
v 59.027922934 129.127394335 87.000000000
v 61.189140738 127.019401983 87.000000000
v 61.251080384 124.987576938 87.000000000
v 54.241133226 119.055519407 87.000000000
v 59.012423062 129.251080384 87.000000000
v 61.313174766 127.006990507 87.000000000
v 61.375385286 124.996892303 87.000000000
v 54.189463258 119.016380927 87.000000000
v 59.003107697 129.375385286 87.000000000
v 61.437673271 127.000777045 87.000000000
v 61.500000000 125.000000000 87.000000000
v 61.562326729 127.000777045 87.000000000
v 61.624614714 124.996892303 87.000000000
v 61.686825234 127.006990507 87.000000000
v 61.748919616 124.987576938 87.000000000
v 61.810859262 127.019401983 87.000000000
v 61.872605665 124.972077066 87.000000000
v 61.934120444 127.037980617 87.000000000
v 61.995365358 124.950431220 87.000000000
v 62.056302335 127.062680220 87.000000000
v 62.116893494 124.922693216 87.000000000
v 62.177101170 127.093439383 87.000000000
v 62.236887936 124.888932014 87.000000000
v 80.492528756 101.124671804 87.000000000
v 84.413226509 104.966112492 87.000000000
v 80.547355227 101.073800274 87.000000000
v 84.466112492 104.913226509 87.000000000
v 80.599577808 101.020259107 87.000000000
v 84.363042415 105.021568883 87.000000000
v 80.435234703 101.172747224 87.000000000
v 84.521568883 104.863042415 87.000000000
v 80.649066665 100.964181415 87.000000000
v 84.315684978 105.079457808 87.000000000
v 80.375615508 101.217907009 87.000000000
v 84.579457808 104.815684978 87.000000000
v 80.695698761 100.905706615 87.000000000
v 80.313819396 101.260038885 87.000000000
v 84.271271934 105.139635345 87.000000000
v 84.639635345 104.771271934 87.000000000
v 80.739358161 100.844980087 87.000000000
v 62.296216626 127.130181635 87.000000000
v 62.355050358 124.849231552 87.000000000
v 84.229913701 105.201951885 87.000000000
v 80.250000000 101.299038106 87.000000000
v 84.701951885 104.729913701 87.000000000
v 80.779936322 100.782152805 87.000000000
v 84.191713103 105.266252498 87.000000000
v 84.766252498 104.691713103 87.000000000
v 80.817332360 100.717380968 87.000000000
v 84.156765113 105.332377323 87.000000000
v 84.832377323 104.656765113 87.000000000
v 80.250000000 106.700961894 87.000000000
v 84.125156616 105.400161964 87.000000000
v 84.900161964 104.625156616 87.000000000
v 86.200961894 100.750000000 87.000000000
v 84.096966197 105.469437896 87.000000000
v 80.313819396 106.739961115 87.000000000
v 84.969437896 104.596966197 87.000000000
v 86.239961115 100.813819396 87.000000000
v 62.413352561 127.172815628 87.000000000
v 62.471086991 124.803690530 87.000000000
v 84.072263940 105.540032889 87.000000000
v 80.375615508 106.782092991 87.000000000
v 85.040032889 104.572263940 87.000000000
v 86.282092991 100.875615508 87.000000000
v 84.051111261 105.611771432 87.000000000
v 80.435234703 106.827252776 87.000000000
v 85.111771432 104.551111261 87.000000000
v 86.327252776 100.935234703 87.000000000
v 84.033560747 105.684475173 87.000000000
v 80.492528756 106.875328196 87.000000000
v 85.184475173 104.533560747 87.000000000
v 86.375328196 100.992528756 87.000000000
v 62.528217758 127.221235369 87.000000000
v 62.584709348 124.752422170 87.000000000
v 80.547355227 106.926199726 87.000000000
v 84.019656032 105.757963359 87.000000000
v 85.257963359 104.519656032 87.000000000
v 86.426199726 101.047355227 87.000000000
v 84.009431685 105.832053286 87.000000000
v 80.599577808 106.979740893 87.000000000
v 85.332053286 104.509431685 87.000000000
v 86.479740893 101.099577808 87.000000000
v 84.002913126 105.906560755 87.000000000
v 80.649066665 107.035818585 87.000000000
v 85.406560755 104.502913126 87.000000000
v 86.535818585 101.149066665 87.000000000
v 62.640526643 127.275320478 87.000000000
v 62.695634947 124.695553933 87.000000000
v 80.695698761 107.094293385 87.000000000
v 84.000116561 105.981300528 87.000000000
v 85.481300528 104.500116561 87.000000000
v 86.594293385 101.195698761 87.000000000
v 84.001048943 106.056086791 87.000000000
v 80.739358161 107.155019913 87.000000000
v 85.556086791 104.501048943 87.000000000
v 86.655019913 101.239358161 87.000000000
v 62.750000000 127.334936491 87.000000000
v 62.803588008 124.633227204 87.000000000
v 80.779936322 107.217847195 87.000000000
v 84.005707953 106.130733614 87.000000000
v 85.630733614 104.505707953 87.000000000
v 86.717847195 101.279936322 87.000000000
v 80.817332360 107.282619032 87.000000000
v 84.014082008 106.205055412 87.000000000
v 85.705055412 104.514082008 87.000000000
v 86.782619032 101.317332360 87.000000000
v 62.856365660 127.399935192 87.000000000
v 62.908300145 124.565596936 87.000000000
v 84.026150290 106.278867411 87.000000000
v 80.851453302 107.349174391 87.000000000
v 85.778867411 104.526150290 87.000000000
v 86.849174391 101.351453302 87.000000000
v 84.041882795 106.351986101 87.000000000
v 80.882214318 107.417347806 87.000000000
v 85.851986101 104.541882795 87.000000000
v 86.917347806 101.382214318 87.000000000
v 62.959359181 127.470154986 87.000000000
v 63.009511026 124.492831268 87.000000000
v 84.061240408 106.424229698 87.000000000
v 80.909538931 107.486969785 87.000000000
v 85.924229698 104.561240408 87.000000000
v 86.986969785 101.409538931 87.000000000
v 53.701616002 117.935200349 87.000000000
v 47.000000000 143.500000000 87.000000000
v 53.700000000 118.000000000 87.000000000
v 53.706459992 117.870561799 87.000000000
v 53.890721854 118.677865764 87.000000000
v 53.925889593 118.732316075 87.000000000
v 53.858311955 118.621730172 87.000000000
v 53.828740472 118.564048861 87.000000000
v 53.802080925 118.504965235 87.000000000
v 53.778399593 118.444626186 87.000000000
v 53.757755352 118.383181727 87.000000000
v 53.740199528 118.320784617 87.000000000
v 53.725775766 118.257589986 87.000000000
v 53.714519926 118.193754946 87.000000000
v 53.706459992 118.129438201 87.000000000
v 53.701616002 118.064799651 87.000000000
v 80.933359209 107.557867238 87.000000000
v 84.084175005 106.495418593 87.000000000
v 85.995418593 104.584175005 87.000000000
v 87.057867238 101.433359209 87.000000000
v 63.058724505 127.545421294 87.000000000
v 63.106969024 124.415111108 87.000000000
v 84.110629565 106.565375799 87.000000000
v 80.953615929 107.629863903 87.000000000
v 86.065375799 104.610629565 87.000000000
v 87.129863903 101.453615929 87.000000000
v 80.970258732 107.702780785 87.000000000
v 84.140538319 106.633927393 87.000000000
v 86.133927393 104.640538319 87.000000000
v 87.202780785 101.470258732 87.000000000
v 63.154214594 127.625546993 87.000000000
v 63.200431844 124.332629680 87.000000000
v 84.173826910 106.700902942 87.000000000
v 80.983246239 107.776436601 87.000000000
v 86.200902942 104.673826910 87.000000000
v 87.276436601 101.483246239 87.000000000
v 63.245592045 127.710332877 87.000000000
v 63.289667123 124.245592045 87.000000000
v 84.210412575 106.766135937 87.000000000
v 80.992546163 107.850648230 87.000000000
v 86.266135937 104.710412575 87.000000000
v 87.350648230 101.492546163 87.000000000
v 84.250204358 106.829464197 87.000000000
v 80.998135382 107.925231172 87.000000000
v 86.329464197 104.750204358 87.000000000
v 87.425231172 101.498135382 87.000000000
v 63.332629680 127.799568156 87.000000000
v 63.374453007 124.154214594 87.000000000
v 81.000000000 108.000000000 87.000000000
v 84.293103330 106.890730278 87.000000000
v 86.390730278 104.793103330 87.000000000
v 87.500000000 101.500000000 87.000000000
v 84.339002838 106.949781864 87.000000000
v 86.449781864 104.839002838 87.000000000
v 63.415111108 127.893030976 87.000000000
v 63.454578706 124.058724505 87.000000000
v 84.387788767 107.006472142 87.000000000
v 86.506472142 104.887788767 87.000000000
v 63.492831268 127.990488974 87.000000000
v 63.529845014 123.959359181 87.000000000
v 86.560660172 104.939339828 87.000000000
v 84.439339828 107.060660172 87.000000000
v 63.565596936 128.091699855 87.000000000
v 63.600064808 123.856365660 87.000000000
v 49.547032567 142.115775441 87.000000000
v 49.592292136 142.069373096 87.000000000
v 49.639808411 142.025284436 87.000000000
v 49.504142224 142.164376107 87.000000000
v 49.689463258 141.983619073 87.000000000
v 49.463727741 142.215054267 87.000000000
v 49.741133226 141.944480593 87.000000000
v 49.425889593 142.267683925 87.000000000
v 49.794689857 141.907966300 87.000000000
v 53.963727741 118.784945733 87.000000000
v 49.390721854 142.322134236 87.000000000
v 49.850000000 141.874166975 87.000000000
v 54.004142224 118.835623893 87.000000000
v 49.358311955 142.378269828 87.000000000
v 49.906926145 141.843166649 87.000000000
v 54.047032567 118.884224559 87.000000000
v 49.328740472 142.435951139 87.000000000
v 49.965326766 141.815042392 87.000000000
v 54.092292136 118.930626904 87.000000000
v 49.302080925 142.495034765 87.000000000
v 63.633227204 128.196411992 87.000000000
v 63.665063509 123.750000000 87.000000000
v 49.278399593 142.555373814 87.000000000
v 49.257755352 142.616818273 87.000000000
v 49.240199528 142.679215383 87.000000000
v 49.225775766 142.742410014 87.000000000
v 63.695553933 128.304365053 87.000000000
v 49.214519926 142.806245054 87.000000000
v 49.206459992 142.870561799 87.000000000
v 49.201616002 142.935200349 87.000000000
v 49.200000000 143.000000000 87.000000000
v 49.201616002 143.064799651 87.000000000
v 49.206459992 143.129438201 87.000000000
v 49.214519926 143.193754946 87.000000000
v 49.225775766 143.257589986 87.000000000
v 47.003613631 143.647203023 87.000000000
v 49.240199528 143.320784617 87.000000000
v 47.014445820 143.794051421 87.000000000
v 47.032470470 143.940191423 87.000000000
v 49.257755352 143.383181727 87.000000000
v 47.057644159 144.085270966 87.000000000
v 49.278399593 143.444626186 87.000000000
v 47.089906240 144.228940540 87.000000000
v 49.302080925 143.504965235 87.000000000
v 47.129178993 144.370854032 87.000000000
v 47.175367804 144.510669560 87.000000000
v 49.328740472 143.564048861 87.000000000
v 49.358311955 143.621730172 87.000000000
v 47.228361402 144.648050297 87.000000000
v 47.288032121 144.782665280 87.000000000
v 49.390721854 143.677865764 87.000000000
v 47.354236207 144.914190210 87.000000000
v 49.425889593 143.732316075 87.000000000
v 47.426814170 145.042308233 87.000000000
v 50.025056668 141.789864127 87.000000000
v 54.092292136 139.069373096 87.000000000
v 50.085967355 141.767694450 87.000000000
v 54.047032567 139.115775441 87.000000000
v 54.139808411 139.025284436 87.000000000
v 54.139808411 118.974715564 87.000000000
v 50.147907391 141.748588479 87.000000000
v 54.004142224 139.164376107 87.000000000
v 54.189463258 138.983619073 87.000000000
v 59.000000000 129.500000000 87.000000000
v 53.963727741 139.215054267 87.000000000
v 50.210722786 141.732593714 87.000000000
v 54.241133226 138.944480593 87.000000000
v 59.003107697 129.624614714 87.000000000
v 53.925889593 139.267683925 87.000000000
v 50.274257369 141.719749921 87.000000000
v 54.294689857 138.907966300 87.000000000
v 59.012423062 129.748919616 87.000000000
v 53.890721854 139.322134236 87.000000000
v 50.338353184 141.710089031 87.000000000
v 54.350000000 138.874166975 87.000000000
v 53.858311955 139.378269828 87.000000000
v 50.402850878 141.703635064 87.000000000
v 49.463727741 143.784945733 87.000000000
v 47.505591163 145.166710699 87.000000000
v 47.590377406 145.287097913 87.000000000
v 54.406926145 138.843166649 87.000000000
v 59.027922934 129.872605665 87.000000000
v 53.828740472 139.435951139 87.000000000
v 50.467590101 141.700404063 87.000000000
v 54.465326766 138.815042392 87.000000000
v 59.049568780 129.995365358 87.000000000
v 53.802080925 139.495034765 87.000000000
v 50.532409899 141.700404063 87.000000000
v 54.525056668 138.789864127 87.000000000
v 59.077306784 130.116893494 87.000000000
v 53.778399593 139.555373814 87.000000000
v 50.597149122 141.703635064 87.000000000
v 47.680968640 145.403179852 87.000000000
v 49.504142224 143.835623893 87.000000000
v 54.585967355 138.767694450 87.000000000
v 59.111067986 130.236887936 87.000000000
v 53.757755352 139.616818273 87.000000000
v 50.661646816 141.710089031 87.000000000
v 54.647907391 138.748588479 87.000000000
v 59.150768448 130.355050358 87.000000000
v 50.725742631 141.719749921 87.000000000
v 53.740199528 139.679215383 87.000000000
v 47.777146624 145.514676865 87.000000000
v 49.547032567 143.884224559 87.000000000
v 54.710722786 138.732593714 87.000000000
v 59.196309470 130.471086991 87.000000000
v 50.789277214 141.732593714 87.000000000
v 53.725775766 139.742410014 87.000000000
v 54.774257369 138.719749921 87.000000000
v 59.247577830 130.584709348 87.000000000
v 47.878679656 145.621320344 87.000000000
v 53.714519926 139.806245054 87.000000000
v 50.852092609 141.748588479 87.000000000
v 49.592292136 143.930626904 87.000000000
v 54.838353184 138.710089031 87.000000000
v 53.706459992 139.870561799 87.000000000
v 50.914032645 141.767694450 87.000000000
v 53.701616002 139.935200349 87.000000000
v 50.974943332 141.789864127 87.000000000
v 53.700000000 140.000000000 87.000000000
v 51.034673234 141.815042392 87.000000000
v 47.985323135 145.722853376 87.000000000
v 49.639808411 143.974715564 87.000000000
v 53.701616002 140.064799651 87.000000000
v 51.093073855 141.843166649 87.000000000
v 53.706459992 140.129438201 87.000000000
v 51.150000000 141.874166975 87.000000000
v 53.714519926 140.193754946 87.000000000
v 51.205310143 141.907966300 87.000000000
v 48.096820148 145.819031360 87.000000000
v 49.689463258 144.016380927 87.000000000
v 53.725775766 140.257589986 87.000000000
v 51.258866774 141.944480593 87.000000000
v 51.310536742 141.983619073 87.000000000
v 53.740199528 140.320784617 87.000000000
v 48.212902087 145.909622594 87.000000000
v 51.360191589 142.025284436 87.000000000
v 53.757755352 140.383181727 87.000000000
v 53.778399593 140.444626186 87.000000000
v 51.407707864 142.069373096 87.000000000
v 53.802080925 140.504965235 87.000000000
v 51.452967433 142.115775441 87.000000000
v 48.333289301 145.994408837 87.000000000
v 49.741133226 144.055519407 87.000000000
v 53.828740472 140.564048861 87.000000000
v 51.495857776 142.164376107 87.000000000
v 59.667370320 131.200431844 87.000000000
v 59.710332877 134.754407955 87.000000000
v 59.754407955 131.289667123 87.000000000
v 59.799568156 134.667370320 87.000000000
v 59.845785406 131.374453007 87.000000000
v 59.584888892 131.106969024 87.000000000
v 59.625546993 134.845785406 87.000000000
v 59.893030976 134.584888892 87.000000000
v 59.941275495 131.454578706 87.000000000
v 53.858311955 140.621730172 87.000000000
v 51.536272259 142.215054267 87.000000000
v 59.507168732 131.009511026 87.000000000
v 59.545421294 134.941275495 87.000000000
v 59.990488974 134.507168732 87.000000000
v 60.040640819 131.529845014 87.000000000
v 59.434403064 130.908300145 87.000000000
v 59.470154986 135.040640819 87.000000000
v 60.091699855 134.434403064 87.000000000
v 60.143634340 131.600064808 87.000000000
v 48.457691767 146.073185830 87.000000000
v 49.794689857 144.092033700 87.000000000
v 59.366772796 130.803588008 87.000000000
v 59.399935192 135.143634340 87.000000000
v 60.196411992 134.366772796 87.000000000
v 60.250000000 131.665063509 87.000000000
v 51.574110407 142.267683925 87.000000000
v 53.890721854 140.677865764 87.000000000
v 59.304446067 130.695634947 87.000000000
v 59.334936491 135.250000000 87.000000000
v 60.304365053 134.304446067 87.000000000
v 60.359473357 131.724679522 87.000000000
v 59.275320478 135.359473357 87.000000000
v 53.925889593 140.732316075 87.000000000
v 51.609278146 142.322134236 87.000000000
v 60.415290652 134.247577830 87.000000000
v 60.471782242 131.778764631 87.000000000
v 54.902850878 138.703635064 87.000000000
v 59.221235369 135.471782242 87.000000000
v 60.528913009 134.196309470 87.000000000
v 60.586647439 131.827184372 87.000000000
v 48.585809790 146.145763793 87.000000000
v 53.963727741 140.784945733 87.000000000
v 51.641688045 142.378269828 87.000000000
v 54.967590101 138.700404063 87.000000000
v 59.172815628 135.586647439 87.000000000
v 60.644949642 134.150768448 87.000000000
v 60.703783374 131.869818365 87.000000000
v 55.032409899 138.700404063 87.000000000
v 59.130181635 135.703783374 87.000000000
v 54.004142224 140.835623893 87.000000000
v 51.671259528 142.435951139 87.000000000
v 60.763112064 134.111067986 87.000000000
v 60.822898830 131.906560617 87.000000000
v 55.097149122 138.703635064 87.000000000
v 59.093439383 135.822898830 87.000000000
v 48.717334720 146.211967879 87.000000000
v 49.850000000 144.125833025 87.000000000
v 54.047032567 140.884224559 87.000000000
v 51.697919075 142.495034765 87.000000000
v 60.883106506 134.077306784 87.000000000
v 60.943697665 131.937319780 87.000000000
v 55.161646816 138.710089031 87.000000000
v 59.062680220 135.943697665 87.000000000
v 51.721600407 142.555373814 87.000000000
v 54.092292136 140.930626904 87.000000000
v 61.004634642 134.049568780 87.000000000
v 61.065879556 131.962019383 87.000000000
v 55.225742631 138.719749921 87.000000000
v 59.037980617 136.065879556 87.000000000
v 55.289277214 138.732593714 87.000000000
v 51.742244648 142.616818273 87.000000000
v 54.139808411 140.974715564 87.000000000
v 48.851949703 146.271638598 87.000000000
v 49.906926145 144.156833351 87.000000000
v 61.127394335 134.027922934 87.000000000
v 61.189140738 131.980598017 87.000000000
v 51.759800472 142.679215383 87.000000000
v 54.189463258 141.016380927 87.000000000
v 55.352092609 138.748588479 87.000000000
v 59.019401983 136.189140738 87.000000000
v 61.251080384 134.012423062 87.000000000
v 61.313174766 131.993009493 87.000000000
v 51.774224234 142.742410014 87.000000000
v 54.241133226 141.055519407 87.000000000
v 48.989330440 146.324632196 87.000000000
v 49.965326766 144.184957608 87.000000000
v 55.414032645 138.767694450 87.000000000
v 59.006990507 136.313174766 87.000000000
v 61.375385286 134.003107697 87.000000000
v 61.437673271 131.999222955 87.000000000
v 54.294689857 141.092033700 87.000000000
v 51.785480074 142.806245054 87.000000000
v 55.474943332 138.789864127 87.000000000
v 59.000777045 136.437673271 87.000000000
v 55.534673234 138.815042392 87.000000000
v 51.793540008 142.870561799 87.000000000
v 54.350000000 141.125833025 87.000000000
v 49.129145968 146.370821007 87.000000000
v 61.500000000 134.000000000 87.000000000
v 61.562326729 131.999222955 87.000000000
v 55.593073855 138.843166649 87.000000000
v 59.000777045 136.562326729 87.000000000
v 51.798383998 142.935200349 87.000000000
v 54.406926145 141.156833351 87.000000000
v 61.624614714 134.003107697 87.000000000
v 61.686825234 131.993009493 87.000000000
v 54.465326766 141.184957608 87.000000000
v 51.800000000 143.000000000 87.000000000
v 49.271059460 146.410093760 87.000000000
v 50.025056668 144.210135873 87.000000000
v 55.650000000 138.874166975 87.000000000
v 59.006990507 136.686825234 87.000000000
v 54.525056668 141.210135873 87.000000000
v 51.798383998 143.064799651 87.000000000
v 61.748919616 134.012423062 87.000000000
v 61.810859262 131.980598017 87.000000000
v 54.585967355 141.232305550 87.000000000
v 51.793540008 143.129438201 87.000000000
v 55.705310143 138.907966300 87.000000000
v 59.019401983 136.810859262 87.000000000
v 55.758866774 138.944480593 87.000000000
v 49.414729034 146.442355841 87.000000000
v 50.085967355 144.232305550 87.000000000
v 54.647907391 141.251411521 87.000000000
v 51.785480074 143.193754946 87.000000000
v 61.872605665 134.027922934 87.000000000
v 61.934120444 131.962019383 87.000000000
v 55.810536742 138.983619073 87.000000000
v 59.037980617 136.934120444 87.000000000
v 51.774224234 143.257589986 87.000000000
v 54.710722786 141.267406286 87.000000000
v 49.559808577 146.467529530 87.000000000
v 61.995365358 134.049568780 87.000000000
v 62.056302335 131.937319780 87.000000000
v 54.774257369 141.280250079 87.000000000
v 51.759800472 143.320784617 87.000000000
v 55.860191589 139.025284436 87.000000000
v 59.062680220 137.056302335 87.000000000
v 54.838353184 141.289910969 87.000000000
v 51.742244648 143.383181727 87.000000000
v 49.705948579 146.485554180 87.000000000
v 50.147907391 144.251411521 87.000000000
v 62.116893494 134.077306784 87.000000000
v 62.177101170 131.906560617 87.000000000
v 54.902850878 141.296364936 87.000000000
v 51.721600407 143.444626186 87.000000000
v 54.967590101 141.299595937 87.000000000
v 51.697919075 143.504965235 87.000000000
v 55.907707864 139.069373096 87.000000000
v 59.093439383 137.177101170 87.000000000
v 55.952967433 139.115775441 87.000000000
v 55.032409899 141.299595937 87.000000000
v 51.671259528 143.564048861 87.000000000
v 62.236887936 134.111067986 87.000000000
v 62.296216626 131.869818365 87.000000000
v 49.852796977 146.496386369 87.000000000
v 50.210722786 144.267406286 87.000000000
v 55.097149122 141.296364936 87.000000000
v 51.641688045 143.621730172 87.000000000
v 55.995857776 139.164376107 87.000000000
v 59.130181635 137.296216626 87.000000000
v 51.609278146 143.677865764 87.000000000
v 55.161646816 141.289910969 87.000000000
v 50.000000000 146.500000000 87.000000000
v 50.274257369 144.280250079 87.000000000
v 50.338353184 144.289910969 87.000000000
v 50.402850878 144.296364936 87.000000000
v 50.467590101 144.299595937 87.000000000
v 50.532409899 144.299595937 87.000000000
v 50.597149122 144.296364936 87.000000000
v 50.661646816 144.289910969 87.000000000
v 50.725742631 144.280250079 87.000000000
v 50.789277214 144.267406286 87.000000000
v 50.852092609 144.251411521 87.000000000
v 50.914032645 144.232305550 87.000000000
v 50.974943332 144.210135873 87.000000000
v 51.034673234 144.184957608 87.000000000
v 51.093073855 144.156833351 87.000000000
v 51.150000000 144.125833025 87.000000000
v 51.205310143 144.092033700 87.000000000
v 51.258866774 144.055519407 87.000000000
v 51.310536742 144.016380927 87.000000000
v 51.360191589 143.974715564 87.000000000
v 51.407707864 143.930626904 87.000000000
v 51.452967433 143.884224559 87.000000000
v 51.495857776 143.835623893 87.000000000
v 62.355050358 134.150768448 87.000000000
v 62.413352561 131.827184372 87.000000000
v 51.574110407 143.732316075 87.000000000
v 55.225742631 141.280250079 87.000000000
v 51.536272259 143.784945733 87.000000000
v 55.289277214 141.267406286 87.000000000
v 56.036272259 139.215054267 87.000000000
v 59.172815628 137.413352561 87.000000000
v 55.352092609 141.251411521 87.000000000
v 62.471086991 134.196309470 87.000000000
v 62.528217758 131.778764631 87.000000000
v 56.074110407 139.267683925 87.000000000
v 59.221235369 137.528217758 87.000000000
v 56.109278146 139.322134236 87.000000000
v 62.584709348 134.247577830 87.000000000
v 62.640526643 131.724679522 87.000000000
v 56.141688045 139.378269828 87.000000000
v 59.275320478 137.640526643 87.000000000
v 62.695634947 134.304446067 87.000000000
v 62.750000000 131.665063509 87.000000000
v 59.334936491 137.750000000 87.000000000
v 56.171259528 139.435951139 87.000000000
v 56.197919075 139.495034765 87.000000000
v 62.803588008 134.366772796 87.000000000
v 62.856365660 131.600064808 87.000000000
v 59.399935192 137.856365660 87.000000000
v 56.221600407 139.555373814 87.000000000
v 62.908300145 134.434403064 87.000000000
v 62.959359181 131.529845014 87.000000000
v 56.242244648 139.616818273 87.000000000
v 59.470154986 137.959359181 87.000000000
v 63.009511026 134.507168732 87.000000000
v 63.058724505 131.454578706 87.000000000
v 59.545421294 138.058724505 87.000000000
v 56.259800472 139.679215383 87.000000000
v 56.274224234 139.742410014 87.000000000
v 63.106969024 134.584888892 87.000000000
v 63.154214594 131.374453007 87.000000000
v 59.625546993 138.154214594 87.000000000
v 56.285480074 139.806245054 87.000000000
v 63.200431844 134.667370320 87.000000000
v 63.245592045 131.289667123 87.000000000
v 56.293540008 139.870561799 87.000000000
v 59.710332877 138.245592045 87.000000000
v 99.500000000 98.500000000 87.000000000
v 95.399494937 86.221825407 87.000000000
v 63.289667123 134.754407955 87.000000000
v 63.332629680 131.200431844 87.000000000
v 99.574768828 98.501864618 87.000000000
v 59.799568156 138.332629680 87.000000000
v 56.298383998 139.935200349 87.000000000
v 56.300000000 140.000000000 87.000000000
v 99.649351770 98.507453837 87.000000000
v 63.374453007 134.845785406 87.000000000
v 63.415111108 131.106969024 87.000000000
v 99.723563399 98.516753761 87.000000000
v 95.451045998 86.167637377 87.000000000
v 56.298383998 140.064799651 87.000000000
v 59.893030976 138.415111108 87.000000000
v 99.797219215 98.529741268 87.000000000
v 95.499831927 86.110947099 87.000000000
v 63.454578706 134.941275495 87.000000000
v 63.492831268 131.009511026 87.000000000
v 99.870136097 98.546384071 87.000000000
v 56.293540008 140.129438201 87.000000000
v 59.990488974 138.492831268 87.000000000
v 56.285480074 140.193754946 87.000000000
v 78.000000000 120.500000000 87.000000000
v 99.942132762 98.566640791 87.000000000
v 103.774257369 83.280250079 87.000000000
v 63.529845014 135.040640819 87.000000000
v 63.565596936 130.908300145 87.000000000
v 100.013030215 98.590461069 87.000000000
v 103.838353184 83.289910969 87.000000000
v 56.274224234 140.257589986 87.000000000
v 60.091699855 138.565596936 87.000000000
v 100.082652194 98.617785682 87.000000000
v 103.902850878 83.296364936 87.000000000
v 63.600064808 135.143634340 87.000000000
v 100.150825609 98.648546698 87.000000000
v 103.967590101 83.299595937 87.000000000
v 56.259800472 140.320784617 87.000000000
v 60.196411992 138.633227204 87.000000000
v 100.217380968 98.682667640 87.000000000
v 104.032409899 83.299595937 87.000000000
v 56.242244648 140.383181727 87.000000000
v 60.304365053 138.695553933 87.000000000
v 100.282152805 98.720063678 87.000000000
v 104.097149122 83.296364936 87.000000000
v 100.344980087 98.760641839 87.000000000
v 104.161646816 83.289910969 87.000000000
v 56.221600407 140.444626186 87.000000000
v 60.415290652 138.752422170 87.000000000
v 56.197919075 140.504965235 87.000000000
v 100.405706615 98.804301239 87.000000000
v 104.225742631 83.280250079 87.000000000
v 100.464181415 98.850933335 87.000000000
v 104.289277214 83.267406286 87.000000000
v 60.528913009 138.803690530 87.000000000
v 56.171259528 140.564048861 87.000000000
v 100.520259107 98.900422192 87.000000000
v 104.352092609 83.251411521 87.000000000
v 56.141688045 140.621730172 87.000000000
v 60.644949642 138.849231552 87.000000000
v 100.573800274 98.952644773 87.000000000
v 104.414032645 83.232305550 87.000000000
v 100.624671804 99.007471244 87.000000000
v 104.474943332 83.210135873 87.000000000
v 60.763112064 138.888932014 87.000000000
v 56.109278146 140.677865764 87.000000000
v 100.672747224 99.064765297 87.000000000
v 104.534673234 83.184957608 87.000000000
v 60.883106506 138.922693216 87.000000000
v 56.074110407 140.732316075 87.000000000
v 56.036272259 140.784945733 87.000000000
v 100.717907009 99.124384492 87.000000000
v 104.593073855 83.156833351 87.000000000
v 100.760038885 99.186180604 87.000000000
v 104.650000000 83.125833025 87.000000000
v 55.995857776 140.835623893 87.000000000
v 61.004634642 138.950431220 87.000000000
v 63.906560617 123.177101170 87.000000000
v 72.257359313 127.757359313 87.000000000
v 63.937319780 123.056302335 87.000000000
v 63.869818365 123.296216626 87.000000000
v 72.054293248 127.970646271 87.000000000
v 72.470646271 127.554293248 87.000000000
v 63.962019383 122.934120444 87.000000000
v 63.980598017 122.810859262 87.000000000
v 100.799038106 99.250000000 87.000000000
v 104.705310143 83.092033700 87.000000000
v 71.861937280 128.193640295 87.000000000
v 63.827184372 123.413352561 87.000000000
v 63.778764631 123.528217758 87.000000000
v 72.693640295 127.361937280 87.000000000
v 63.993009493 122.686825234 87.000000000
v 61.127394335 138.972077066 87.000000000
v 63.999222955 122.562326729 87.000000000
v 72.925804173 127.180754811 87.000000000
v 63.999222955 122.437673271 87.000000000
v 71.680754811 128.425804173 87.000000000
v 63.724679522 123.640526643 87.000000000
v 100.834807713 99.315684014 87.000000000
v 104.758866774 83.055519407 87.000000000
v 104.810536742 83.016380927 87.000000000
v 63.752422170 128.415290652 87.000000000
v 71.511182326 128.666578602 87.000000000
v 73.166578602 127.011182326 87.000000000
v 63.993009493 122.313174766 87.000000000
v 100.867258778 99.383069345 87.000000000
v 104.860191589 82.974715564 87.000000000
v 71.353628340 128.915383535 87.000000000
v 63.803690530 128.528913009 87.000000000
v 73.415383535 126.853628340 87.000000000
v 63.980598017 122.189140738 87.000000000
v 63.962019383 122.065879556 87.000000000
v 100.896310623 99.451988463 87.000000000
v 104.907707864 82.930626904 87.000000000
v 63.849231552 128.644949642 87.000000000
v 71.208472414 129.171619579 87.000000000
v 63.888932014 128.763112064 87.000000000
v 73.671619579 126.708472414 87.000000000
v 100.921891019 99.522270025 87.000000000
v 104.952967433 82.884224559 87.000000000
v 71.076064241 129.434669439 87.000000000
v 63.922693216 128.883106506 87.000000000
v 73.934669439 126.576064241 87.000000000
v 100.943936370 99.593739298 87.000000000
v 104.995857776 82.835623893 87.000000000
v 100.962391868 99.666218599 87.000000000
v 105.036272259 82.784945733 87.000000000
v 78.001864618 120.574768828 87.000000000
v 74.203899406 126.456722805 87.000000000
v 78.007453837 120.649351770 87.000000000
v 70.956722805 129.703899406 87.000000000
v 63.950431220 129.004634642 87.000000000
v 63.972077066 129.127394335 87.000000000
v 100.977211630 99.739527733 87.000000000
v 105.074110407 82.732316075 87.000000000
v 100.988358810 99.813484443 87.000000000
v 105.109278146 82.677865764 87.000000000
v 70.850735609 129.978660880 87.000000000
v 63.987576938 129.251080384 87.000000000
v 74.478660880 126.350735609 87.000000000
v 78.016753761 120.723563399 87.000000000
v 100.995805696 99.887904860 87.000000000
v 105.141688045 82.621730172 87.000000000
v 100.999533773 99.962603962 87.000000000
v 105.171259528 82.564048861 87.000000000
v 99.500000000 101.500000000 87.000000000
v 63.996892303 129.375385286 87.000000000
v 70.758357986 130.258291936 87.000000000
v 64.000000000 129.500000000 87.000000000
v 78.029741268 120.797219215 87.000000000
v 74.758291936 126.258357986 87.000000000
v 78.046384071 120.870136097 87.000000000
v 70.679812481 130.542118921 87.000000000
v 63.996892303 129.624614714 87.000000000
v 63.987576938 129.748919616 87.000000000
v 78.066640791 120.942132762 87.000000000
v 75.042118921 126.179812481 87.000000000
v 78.090461069 121.013030215 87.000000000
v 63.972077066 129.872605665 87.000000000
v 70.615288318 130.829458068 87.000000000
v 75.329458068 126.115288318 87.000000000
v 78.117785682 121.082652194 87.000000000
v 81.000000000 120.500000000 87.000000000
v 70.564940940 131.119617153 87.000000000
v 63.950431220 129.995365358 87.000000000
v 63.922693216 130.116893494 87.000000000
v 78.148546698 121.150825609 87.000000000
v 75.619617153 126.064940940 87.000000000
v 78.182667640 121.217380968 87.000000000
v 70.528891640 131.411897158 87.000000000
v 63.888932014 130.236887936 87.000000000
v 78.220063678 121.282152805 87.000000000
v 75.911897158 126.028891640 87.000000000
v 78.260641839 121.344980087 87.000000000
v 70.507227263 131.705593954 87.000000000
v 63.849231552 130.355050358 87.000000000
v 63.803690530 130.471086991 87.000000000
v 78.304301239 121.405706615 87.000000000
v 76.205593954 126.007227263 87.000000000
v 78.350933335 121.464181415 87.000000000
v 78.564765297 121.672747224 87.000000000
v 76.500000000 126.000000000 87.000000000
v 78.624384492 121.717907009 87.000000000
v 78.507471244 121.624671804 87.000000000
v 78.452644773 121.573800274 87.000000000
v 78.400422192 121.520259107 87.000000000
v 79.387904860 121.995805696 87.000000000
v 79.462603962 121.999533773 87.000000000
v 79.313484443 121.988358810 87.000000000
v 79.239527733 121.977211630 87.000000000
v 79.166218599 121.962391868 87.000000000
v 79.093739298 121.943936370 87.000000000
v 79.022270025 121.921891019 87.000000000
v 78.951988463 121.896310623 87.000000000
v 78.883069345 121.867258778 87.000000000
v 78.815684014 121.834807713 87.000000000
v 78.750000000 121.799038106 87.000000000
v 78.686180604 121.760038885 87.000000000
v 70.500000000 132.000000000 87.000000000
v 63.752422170 130.584709348 87.000000000
v 63.695553933 130.695634947 87.000000000
v 63.633227204 130.803588008 87.000000000
v 63.665063509 135.250000000 87.000000000
v 63.724679522 135.359473357 87.000000000
v 63.778764631 135.471782242 87.000000000
v 63.827184372 135.586647439 87.000000000
v 63.869818365 135.703783374 87.000000000
v 63.906560617 135.822898830 87.000000000
v 63.937319780 135.943697665 87.000000000
v 63.962019383 136.065879556 87.000000000
v 63.980598017 136.189140738 87.000000000
v 63.993009493 136.313174766 87.000000000
v 63.999222955 136.437673271 87.000000000
v 63.999222955 136.562326729 87.000000000
v 82.500000000 126.000000000 87.000000000
v 80.599577808 121.520259107 87.000000000
v 80.649066665 121.464181415 87.000000000
v 80.547355227 121.573800274 87.000000000
v 80.492528756 121.624671804 87.000000000
v 80.435234703 121.672747224 87.000000000
v 80.375615508 121.717907009 87.000000000
v 80.313819396 121.760038885 87.000000000
v 80.250000000 121.799038106 87.000000000
v 80.184315986 121.834807713 87.000000000
v 80.116930655 121.867258778 87.000000000
v 80.048011537 121.896310623 87.000000000
v 79.977729975 121.921891019 87.000000000
v 79.906260702 121.943936370 87.000000000
v 79.833781401 121.962391868 87.000000000
v 79.760472267 121.977211630 87.000000000
v 79.686515557 121.988358810 87.000000000
v 79.612095140 121.995805696 87.000000000
v 79.537396038 121.999533773 87.000000000
v 82.794406046 126.007227263 87.000000000
v 80.695698761 121.405706615 87.000000000
v 80.739358161 121.344980087 87.000000000
v 80.779936322 121.282152805 87.000000000
v 83.088102842 126.028891640 87.000000000
v 80.817332360 121.217380968 87.000000000
v 95.399494937 113.778174593 87.000000000
v 99.649351770 101.492546163 87.000000000
v 99.723563399 101.483246239 87.000000000
v 99.574768828 101.498135382 87.000000000
v 93.278174593 115.899494937 87.000000000
v 95.451045998 113.832362623 87.000000000
v 99.797219215 101.470258732 87.000000000
v 95.499831927 113.889052901 87.000000000
v 99.870136097 101.453615929 87.000000000
v 83.380382847 126.064940940 87.000000000
v 80.851453302 121.150825609 87.000000000
v 80.882214318 121.082652194 87.000000000
v 95.545731434 113.948104486 87.000000000
v 83.670541932 126.115288318 87.000000000
v 80.909538931 121.013030215 87.000000000
v 80.933359209 120.942132762 87.000000000
v 83.957881079 126.179812481 87.000000000
v 80.953615929 120.870136097 87.000000000
v 84.241708064 126.258357986 87.000000000
v 80.970258732 120.797219215 87.000000000
v 80.983246239 120.723563399 87.000000000
v 84.521339120 126.350735609 87.000000000
v 80.992546163 120.649351770 87.000000000
v 80.998135382 120.574768828 87.000000000
v 84.796100594 126.456722805 87.000000000
v 85.065330561 126.576064241 87.000000000
v 63.200431844 138.332629680 87.000000000
v 70.500000000 141.500000000 87.000000000
v 63.289667123 138.245592045 87.000000000
v 63.993009493 136.686825234 87.000000000
v 63.980598017 136.810859262 87.000000000
v 63.962019383 136.934120444 87.000000000
v 63.937319780 137.056302335 87.000000000
v 63.906560617 137.177101170 87.000000000
v 63.869818365 137.296216626 87.000000000
v 63.827184372 137.413352561 87.000000000
v 63.778764631 137.528217758 87.000000000
v 63.724679522 137.640526643 87.000000000
v 63.665063509 137.750000000 87.000000000
v 63.600064808 137.856365660 87.000000000
v 63.529845014 137.959359181 87.000000000
v 63.454578706 138.058724505 87.000000000
v 63.374453007 138.154214594 87.000000000
v 62.803588008 138.633227204 87.000000000
v 65.500000000 146.500000000 87.000000000
v 62.908300145 138.565596936 87.000000000
v 62.695634947 138.695553933 87.000000000
v 62.584709348 138.752422170 87.000000000
v 62.471086991 138.803690530 87.000000000
v 62.355050358 138.849231552 87.000000000
v 62.236887936 138.888932014 87.000000000
v 62.116893494 138.922693216 87.000000000
v 61.995365358 138.950431220 87.000000000
v 61.872605665 138.972077066 87.000000000
v 61.748919616 138.987576938 87.000000000
v 61.624614714 138.996892303 87.000000000
v 61.500000000 139.000000000 87.000000000
v 61.375385286 138.996892303 87.000000000
v 61.251080384 138.987576938 87.000000000
v 55.952967433 140.884224559 87.000000000
v 55.907707864 140.930626904 87.000000000
v 55.860191589 140.974715564 87.000000000
v 55.810536742 141.016380927 87.000000000
v 55.758866774 141.055519407 87.000000000
v 55.705310143 141.092033700 87.000000000
v 55.650000000 141.125833025 87.000000000
v 55.593073855 141.156833351 87.000000000
v 55.534673234 141.184957608 87.000000000
v 55.474943332 141.210135873 87.000000000
v 55.414032645 141.232305550 87.000000000
v 85.328380421 126.708472414 87.000000000
v 70.493977281 141.745338372 87.000000000
v 65.745338372 146.493977281 87.000000000
v 63.009511026 138.492831268 87.000000000
v 70.475923633 141.990085702 87.000000000
v 65.990085702 146.475923633 87.000000000
v 70.445882550 142.233652372 87.000000000
v 66.233652372 146.445882550 87.000000000
v 70.403926402 142.475451610 87.000000000
v 66.475451610 146.403926402 87.000000000
v 66.714900900 146.350156266 87.000000000
v 70.350156266 142.714900900 87.000000000
v 63.106969024 138.415111108 87.000000000
v 70.284701679 142.951423386 87.000000000
v 66.951423386 146.284701679 87.000000000
v 70.207720326 143.184449267 87.000000000
v 67.184449267 146.207720326 87.000000000
v 70.119397663 143.413417162 87.000000000
v 67.413417162 146.119397663 87.000000000
v 67.637775467 146.019946466 87.000000000
v 70.019946466 143.637775467 87.000000000
v 67.856983684 145.909606322 87.000000000
v 69.909606322 143.856983684 87.000000000
v 68.070513721 145.788643050 87.000000000
v 69.788643050 144.070513721 87.000000000
v 68.277851165 145.657348062 87.000000000
v 69.657348062 144.277851165 87.000000000
v 68.478496522 145.516037657 87.000000000
v 69.516037657 144.478496522 87.000000000
v 68.671966421 145.365052267 87.000000000
v 69.365052267 144.671966421 87.000000000
v 68.857794774 145.204755627 87.000000000
v 69.204755627 144.857794774 87.000000000
v 69.035533906 145.035533906 87.000000000
v 94.133779352 116.324752756 87.000000000
v 95.710332877 120.754407955 87.000000000
v 94.208101151 116.333126812 87.000000000
v 95.799568156 120.667370320 87.000000000
v 94.282747973 116.337785822 87.000000000
v 94.059967354 116.312684475 87.000000000
v 95.625546993 120.845785406 87.000000000
v 93.986848664 116.296951970 87.000000000
v 95.893030976 120.584888892 87.000000000
v 94.357534237 116.338718204 87.000000000
v 95.545421294 120.941275495 87.000000000
v 93.914605067 116.277594357 87.000000000
v 94.432274010 116.335921639 87.000000000
v 95.990488974 120.507168732 87.000000000
v 94.506781479 116.329403080 87.000000000
v 95.470154986 121.040640819 87.000000000
v 93.843416172 116.254659760 87.000000000
v 96.091699855 120.434403064 87.000000000
v 94.580871406 116.319178733 87.000000000
v 95.399935192 121.143634340 87.000000000
v 93.773458965 116.228205200 87.000000000
v 96.196411992 120.366772796 87.000000000
v 94.654359591 116.305274018 87.000000000
v 93.704907372 116.198296445 87.000000000
v 95.334936491 121.250000000 87.000000000
v 96.304365053 120.304446067 87.000000000
v 94.727063332 116.287723504 87.000000000
v 95.275320478 121.359473357 87.000000000
v 93.637931822 116.165007855 87.000000000
v 93.572698828 116.128422190 87.000000000
v 94.798801876 116.266570825 87.000000000
v 96.415290652 120.247577830 87.000000000
v 94.869396869 116.241868568 87.000000000
v 95.221235369 121.471782242 87.000000000
v 93.509370568 116.088630406 87.000000000
v 96.528913009 120.196309470 87.000000000
v 94.938672801 116.213678149 87.000000000
v 95.172815628 121.586647439 87.000000000
v 93.448104486 116.045731434 87.000000000
v 96.644949642 120.150768448 87.000000000
v 95.006457441 116.182069652 87.000000000
v 93.389052901 115.999831927 87.000000000
v 95.130181635 121.703783374 87.000000000
v 95.072582266 116.147121661 87.000000000
v 96.763112064 120.111067986 87.000000000
v 95.136882880 116.108921064 87.000000000
v 93.332362623 115.951045998 87.000000000
v 95.093439383 121.822898830 87.000000000
v 96.883106506 120.077306784 87.000000000
v 95.199199419 116.067562831 87.000000000
v 95.062680220 121.943697665 87.000000000
v 97.004634642 120.049568780 87.000000000
v 95.259376957 116.023149787 87.000000000
v 95.037980617 122.065879556 87.000000000
v 85.584616465 126.853628340 87.000000000
v 97.127394335 120.027922934 87.000000000
v 95.317265882 115.975792350 87.000000000
v 95.019401983 122.189140738 87.000000000
v 95.372722273 115.925608256 87.000000000
v 97.251080384 120.012423062 87.000000000
v 95.425608256 115.872722273 87.000000000
v 85.833421398 127.011182326 87.000000000
v 95.006990507 122.313174766 87.000000000
v 97.375385286 120.003107697 87.000000000
v 95.475792350 115.817265882 87.000000000
v 95.000777045 122.437673271 87.000000000
v 86.074195827 127.180754811 87.000000000
v 97.500000000 120.000000000 87.000000000
v 95.523149787 115.759376957 87.000000000
v 95.000777045 122.562326729 87.000000000
v 97.624614714 120.003107697 87.000000000
v 95.567562831 115.699199419 87.000000000
v 95.006990507 122.686825234 87.000000000
v 86.306359705 127.361937280 87.000000000
v 95.608921064 115.636882880 87.000000000
v 97.748919616 120.012423062 87.000000000
v 95.647121661 115.572582266 87.000000000
v 95.019401983 122.810859262 87.000000000
v 86.529353729 127.554293248 87.000000000
v 97.872605665 120.027922934 87.000000000
v 95.682069652 115.506457441 87.000000000
v 95.037980617 122.934120444 87.000000000
v 97.995365358 120.049568780 87.000000000
v 95.713678149 115.438672801 87.000000000
v 95.062680220 123.056302335 87.000000000
v 86.742640687 127.757359313 87.000000000
v 98.116893494 120.077306784 87.000000000
v 95.741868568 115.369396869 87.000000000
v 95.093439383 123.177101170 87.000000000
v 86.945706752 127.970646271 87.000000000
v 98.236887936 120.111067986 87.000000000
v 87.138062720 128.193640295 87.000000000
v 95.130181635 123.296216626 87.000000000
v 95.172815628 123.413352561 87.000000000
v 95.221235369 123.528217758 87.000000000
v 87.319245189 128.425804173 87.000000000
v 95.275320478 123.640526643 87.000000000
v 87.488817674 128.666578602 87.000000000
v 95.334936491 123.750000000 87.000000000
v 95.824752756 114.633779352 87.000000000
v 103.092292136 117.069373096 87.000000000
v 95.812684475 114.559967354 87.000000000
v 95.833126812 114.708101151 87.000000000
v 103.047032567 117.115775441 87.000000000
v 103.139808411 117.025284436 87.000000000
v 95.796951970 114.486848664 87.000000000
v 95.837785822 114.782747973 87.000000000
v 103.004142224 117.164376107 87.000000000
v 103.189463258 116.983619073 87.000000000
v 95.777594357 114.414605067 87.000000000
v 95.838718204 114.857534237 87.000000000
v 102.963727741 117.215054267 87.000000000
v 103.241133226 116.944480593 87.000000000
v 95.754659760 114.343416172 87.000000000
v 95.835921639 114.932274010 87.000000000
v 102.925889593 117.267683925 87.000000000
v 103.294689857 116.907966300 87.000000000
v 95.728205200 114.273458965 87.000000000
v 95.829403080 115.006781479 87.000000000
v 102.890721854 117.322134236 87.000000000
v 103.350000000 116.874166975 87.000000000
v 95.698296445 114.204907372 87.000000000
v 95.819178733 115.080871406 87.000000000
v 102.858311955 117.378269828 87.000000000
v 103.406926145 116.843166649 87.000000000
v 95.665007855 114.137931822 87.000000000
v 95.805274018 115.154359591 87.000000000
v 102.828740472 117.435951139 87.000000000
v 103.465326766 116.815042392 87.000000000
v 95.787723504 115.227063332 87.000000000
v 102.802080925 117.495034765 87.000000000
v 103.525056668 116.789864127 87.000000000
v 95.628422190 114.072698828 87.000000000
v 95.766570825 115.298801876 87.000000000
v 102.778399593 117.555373814 87.000000000
v 103.585967355 116.767694450 87.000000000
v 95.588630406 114.009370568 87.000000000
v 102.757755352 117.616818273 87.000000000
v 103.647907391 116.748588479 87.000000000
v 102.740199528 117.679215383 87.000000000
v 98.355050358 120.150768448 87.000000000
v 103.710722786 116.732593714 87.000000000
v 99.942132762 101.433359209 87.000000000
v 102.725775766 117.742410014 87.000000000
v 98.471086991 120.196309470 87.000000000
v 103.774257369 116.719749921 87.000000000
v 100.013030215 101.409538931 87.000000000
v 102.714519926 117.806245054 87.000000000
v 103.838353184 116.710089031 87.000000000
v 100.082652194 101.382214318 87.000000000
v 102.706459992 117.870561799 87.000000000
v 98.584709348 120.247577830 87.000000000
v 103.902850878 116.703635064 87.000000000
v 100.150825609 101.351453302 87.000000000
v 102.701616002 117.935200349 87.000000000
v 98.695634947 120.304446067 87.000000000
v 103.967590101 116.700404063 87.000000000
v 100.217380968 101.317332360 87.000000000
v 102.700000000 118.000000000 87.000000000
v 98.803588008 120.366772796 87.000000000
v 104.032409899 116.700404063 87.000000000
v 100.282152805 101.279936322 87.000000000
v 102.701616002 118.064799651 87.000000000
v 104.097149122 116.703635064 87.000000000
v 100.344980087 101.239358161 87.000000000
v 102.706459992 118.129438201 87.000000000
v 98.908300145 120.434403064 87.000000000
v 104.161646816 116.710089031 87.000000000
v 100.405706615 101.195698761 87.000000000
v 102.714519926 118.193754946 87.000000000
v 99.009511026 120.507168732 87.000000000
v 104.225742631 116.719749921 87.000000000
v 100.464181415 101.149066665 87.000000000
v 102.725775766 118.257589986 87.000000000
v 99.106969024 120.584888892 87.000000000
v 104.289277214 116.732593714 87.000000000
v 100.520259107 101.099577808 87.000000000
v 102.740199528 118.320784617 87.000000000
v 104.352092609 116.748588479 87.000000000
v 100.573800274 101.047355227 87.000000000
v 102.757755352 118.383181727 87.000000000
v 99.200431844 120.667370320 87.000000000
v 104.414032645 116.767694450 87.000000000
v 100.624671804 100.992528756 87.000000000
v 102.778399593 118.444626186 87.000000000
v 99.289667123 120.754407955 87.000000000
v 104.474943332 116.789864127 87.000000000
v 100.672747224 100.935234703 87.000000000
v 102.802080925 118.504965235 87.000000000
v 99.374453007 120.845785406 87.000000000
v 104.534673234 116.815042392 87.000000000
v 100.717907009 100.875615508 87.000000000
v 102.828740472 118.564048861 87.000000000
v 104.593073855 116.843166649 87.000000000
v 100.760038885 100.813819396 87.000000000
v 102.858311955 118.621730172 87.000000000
v 99.454578706 120.941275495 87.000000000
v 104.650000000 116.874166975 87.000000000
v 100.799038106 100.750000000 87.000000000
v 102.890721854 118.677865764 87.000000000
v 99.529845014 121.040640819 87.000000000
v 104.705310143 116.907966300 87.000000000
v 100.834807713 100.684315986 87.000000000
v 102.925889593 118.732316075 87.000000000
v 99.600064808 121.143634340 87.000000000
v 104.758866774 116.944480593 87.000000000
v 102.963727741 118.784945733 87.000000000
v 104.810536742 116.983619073 87.000000000
v 100.867258778 100.616930655 87.000000000
v 103.004142224 118.835623893 87.000000000
v 99.665063509 121.250000000 87.000000000
v 104.860191589 117.025284436 87.000000000
v 100.896310623 100.548011537 87.000000000
v 103.047032567 118.884224559 87.000000000
v 99.724679522 121.359473357 87.000000000
v 104.907707864 117.069373096 87.000000000
v 100.921891019 100.477729975 87.000000000
v 99.778764631 121.471782242 87.000000000
v 103.092292136 118.930626904 87.000000000
v 104.952967433 117.115775441 87.000000000
v 100.943936370 100.406260702 87.000000000
v 103.139808411 118.974715564 87.000000000
v 104.995857776 117.164376107 87.000000000
v 100.962391868 100.333781401 87.000000000
v 99.827184372 121.586647439 87.000000000
v 103.189463258 119.016380927 87.000000000
v 105.036272259 117.215054267 87.000000000
v 100.977211630 100.260472267 87.000000000
v 99.869818365 121.703783374 87.000000000
v 103.241133226 119.055519407 87.000000000
v 105.074110407 117.267683925 87.000000000
v 100.988358810 100.186515557 87.000000000
v 99.906560617 121.822898830 87.000000000
v 103.294689857 119.092033700 87.000000000
v 105.109278146 117.322134236 87.000000000
v 100.995805696 100.112095140 87.000000000
v 103.350000000 119.125833025 87.000000000
v 105.141688045 117.378269828 87.000000000
v 100.999533773 100.037396038 87.000000000
v 99.937319780 121.943697665 87.000000000
v 103.406926145 119.156833351 87.000000000
v 105.171259528 117.435951139 87.000000000
v 105.197919075 82.504965235 87.000000000
v 99.962019383 122.065879556 87.000000000
v 103.465326766 119.184957608 87.000000000
v 105.197919075 117.495034765 87.000000000
v 105.221600407 82.444626186 87.000000000
v 99.980598017 122.189140738 87.000000000
v 103.525056668 119.210135873 87.000000000
v 105.221600407 117.555373814 87.000000000
v 103.585967355 119.232305550 87.000000000
v 105.242244648 117.616818273 87.000000000
v 105.242244648 82.383181727 87.000000000
v 99.993009493 122.313174766 87.000000000
v 103.647907391 119.251411521 87.000000000
v 105.259800472 117.679215383 87.000000000
v 105.259800472 82.320784617 87.000000000
v 99.999222955 122.437673271 87.000000000
v 103.710722786 119.267406286 87.000000000
v 105.274224234 117.742410014 87.000000000
v 105.274224234 82.257589986 87.000000000
v 99.999222955 122.562326729 87.000000000
v 103.774257369 119.280250079 87.000000000
v 105.285480074 117.806245054 87.000000000
v 99.993009493 122.686825234 87.000000000
v 103.838353184 119.289910969 87.000000000
v 103.902850878 119.296364936 87.000000000
v 99.980598017 122.810859262 87.000000000
v 103.967590101 119.299595937 87.000000000
v 99.962019383 122.934120444 87.000000000
v 104.032409899 119.299595937 87.000000000
v 99.937319780 123.056302335 87.000000000
v 104.097149122 119.296364936 87.000000000
v 99.906560617 123.177101170 87.000000000
v 104.161646816 119.289910969 87.000000000
v 95.710332877 124.245592045 87.000000000
v 95.754407955 127.710332877 87.000000000
v 95.799568156 124.332629680 87.000000000
v 95.667370320 127.799568156 87.000000000
v 95.625546993 124.154214594 87.000000000
v 95.845785406 127.625546993 87.000000000
v 95.893030976 124.415111108 87.000000000
v 95.545421294 124.058724505 87.000000000
v 95.584888892 127.893030976 87.000000000
v 95.941275495 127.545421294 87.000000000
v 95.990488974 124.492831268 87.000000000
v 95.470154986 123.959359181 87.000000000
v 95.507168732 127.990488974 87.000000000
v 104.225742631 119.280250079 87.000000000
v 96.040640819 127.470154986 87.000000000
v 96.091699855 124.565596936 87.000000000
v 95.399935192 123.856365660 87.000000000
v 95.434403064 128.091699855 87.000000000
v 96.143634340 127.399935192 87.000000000
v 96.196411992 124.633227204 87.000000000
v 99.869818365 123.296216626 87.000000000
v 104.289277214 119.267406286 87.000000000
v 95.366772796 128.196411992 87.000000000
v 96.250000000 127.334936491 87.000000000
v 96.304365053 124.695553933 87.000000000
v 99.827184372 123.413352561 87.000000000
v 104.352092609 119.251411521 87.000000000
v 95.304446067 128.304365053 87.000000000
v 96.359473357 127.275320478 87.000000000
v 96.415290652 124.752422170 87.000000000
v 95.247577830 128.415290652 87.000000000
v 87.646371660 128.915383535 87.000000000
v 96.471782242 127.221235369 87.000000000
v 96.528913009 124.803690530 87.000000000
v 95.196309470 128.528913009 87.000000000
v 87.791527586 129.171619579 87.000000000
v 96.586647439 127.172815628 87.000000000
v 96.644949642 124.849231552 87.000000000
v 95.150768448 128.644949642 87.000000000
v 96.703783374 127.130181635 87.000000000
v 96.763112064 124.888932014 87.000000000
v 95.111067986 128.763112064 87.000000000
v 87.923935759 129.434669439 87.000000000
v 96.822898830 127.093439383 87.000000000
v 96.883106506 124.922693216 87.000000000
v 95.077306784 128.883106506 87.000000000
v 88.043277195 129.703899406 87.000000000
v 96.943697665 127.062680220 87.000000000
v 97.004634642 124.950431220 87.000000000
v 95.049568780 129.004634642 87.000000000
v 97.065879556 127.037980617 87.000000000
v 97.127394335 124.972077066 87.000000000
v 88.149264391 129.978660880 87.000000000
v 95.027922934 129.127394335 87.000000000
v 97.189140738 127.019401983 87.000000000
v 97.251080384 124.987576938 87.000000000
v 88.241642014 130.258291936 87.000000000
v 95.012423062 129.251080384 87.000000000
v 97.313174766 127.006990507 87.000000000
v 97.375385286 124.996892303 87.000000000
v 95.003107697 129.375385286 87.000000000
v 97.437673271 127.000777045 87.000000000
v 97.500000000 125.000000000 87.000000000
v 95.000000000 129.500000000 87.000000000
v 88.320187519 130.542118921 87.000000000
v 97.562326729 127.000777045 87.000000000
v 97.624614714 124.996892303 87.000000000
v 95.003107697 129.624614714 87.000000000
v 97.686825234 127.006990507 87.000000000
v 97.748919616 124.987576938 87.000000000
v 95.012423062 129.748919616 87.000000000
v 88.384711682 130.829458068 87.000000000
v 97.810859262 127.019401983 87.000000000
v 97.872605665 124.972077066 87.000000000
v 95.027922934 129.872605665 87.000000000
v 88.435059060 131.119617153 87.000000000
v 97.934120444 127.037980617 87.000000000
v 97.995365358 124.950431220 87.000000000
v 95.049568780 129.995365358 87.000000000
v 98.056302335 127.062680220 87.000000000
v 98.116893494 124.922693216 87.000000000
v 95.077306784 130.116893494 87.000000000
v 88.471108360 131.411897158 87.000000000
v 98.177101170 127.093439383 87.000000000
v 98.236887936 124.888932014 87.000000000
v 95.111067986 130.236887936 87.000000000
v 88.492772737 131.705593954 87.000000000
v 98.296216626 127.130181635 87.000000000
v 98.355050358 124.849231552 87.000000000
v 95.150768448 130.355050358 87.000000000
v 98.413352561 127.172815628 87.000000000
v 98.471086991 124.803690530 87.000000000
v 95.196309470 130.471086991 87.000000000
v 88.500000000 132.000000000 87.000000000
v 98.528217758 127.221235369 87.000000000
v 98.584709348 124.752422170 87.000000000
v 95.247577830 130.584709348 87.000000000
v 98.640526643 127.275320478 87.000000000
v 98.695634947 124.695553933 87.000000000
v 95.304446067 130.695634947 87.000000000
v 98.750000000 127.334936491 87.000000000
v 98.803588008 124.633227204 87.000000000
v 95.366772796 130.803588008 87.000000000
v 98.856365660 127.399935192 87.000000000
v 98.908300145 124.565596936 87.000000000
v 95.434403064 130.908300145 87.000000000
v 98.959359181 127.470154986 87.000000000
v 99.009511026 124.492831268 87.000000000
v 99.058724505 127.545421294 87.000000000
v 99.106969024 124.415111108 87.000000000
v 99.154214594 127.625546993 87.000000000
v 99.200431844 124.332629680 87.000000000
v 99.245592045 127.710332877 87.000000000
v 99.289667123 124.245592045 87.000000000
v 99.332629680 127.799568156 87.000000000
v 99.374453007 124.154214594 87.000000000
v 99.415111108 127.893030976 87.000000000
v 99.454578706 124.058724505 87.000000000
v 99.492831268 127.990488974 87.000000000
v 99.529845014 123.959359181 87.000000000
v 99.565596936 128.091699855 87.000000000
v 99.600064808 123.856365660 87.000000000
v 99.633227204 128.196411992 87.000000000
v 99.665063509 123.750000000 87.000000000
v 99.695553933 128.304365053 87.000000000
v 99.724679522 123.640526643 87.000000000
v 99.752422170 128.415290652 87.000000000
v 99.778764631 123.528217758 87.000000000
v 99.803690530 128.528913009 87.000000000
v 99.849231552 128.644949642 87.000000000
v 104.414032645 119.232305550 87.000000000
v 104.474943332 119.210135873 87.000000000
v 99.888932014 128.763112064 87.000000000
v 104.534673234 119.184957608 87.000000000
v 99.922693216 128.883106506 87.000000000
v 104.593073855 119.156833351 87.000000000
v 99.950431220 129.004634642 87.000000000
v 104.650000000 119.125833025 87.000000000
v 99.972077066 129.127394335 87.000000000
v 104.705310143 119.092033700 87.000000000
v 99.987576938 129.251080384 87.000000000
v 104.758866774 119.055519407 87.000000000
v 99.996892303 129.375385286 87.000000000
v 104.810536742 119.016380927 87.000000000
v 95.667370320 131.200431844 87.000000000
v 95.710332877 134.754407955 87.000000000
v 95.754407955 131.289667123 87.000000000
v 95.799568156 134.667370320 87.000000000
v 95.845785406 131.374453007 87.000000000
v 95.584888892 131.106969024 87.000000000
v 95.625546993 134.845785406 87.000000000
v 95.893030976 134.584888892 87.000000000
v 95.941275495 131.454578706 87.000000000
v 95.507168732 131.009511026 87.000000000
v 95.545421294 134.941275495 87.000000000
v 95.990488974 134.507168732 87.000000000
v 96.040640819 131.529845014 87.000000000
v 95.470154986 135.040640819 87.000000000
v 96.091699855 134.434403064 87.000000000
v 96.143634340 131.600064808 87.000000000
v 95.399935192 135.143634340 87.000000000
v 96.196411992 134.366772796 87.000000000
v 96.250000000 131.665063509 87.000000000
v 95.334936491 135.250000000 87.000000000
v 96.304365053 134.304446067 87.000000000
v 96.359473357 131.724679522 87.000000000
v 95.275320478 135.359473357 87.000000000
v 96.415290652 134.247577830 87.000000000
v 96.471782242 131.778764631 87.000000000
v 95.221235369 135.471782242 87.000000000
v 96.528913009 134.196309470 87.000000000
v 96.586647439 131.827184372 87.000000000
v 95.172815628 135.586647439 87.000000000
v 96.644949642 134.150768448 87.000000000
v 96.703783374 131.869818365 87.000000000
v 95.130181635 135.703783374 87.000000000
v 96.763112064 134.111067986 87.000000000
v 96.822898830 131.906560617 87.000000000
v 95.093439383 135.822898830 87.000000000
v 96.883106506 134.077306784 87.000000000
v 96.943697665 131.937319780 87.000000000
v 95.062680220 135.943697665 87.000000000
v 97.004634642 134.049568780 87.000000000
v 97.065879556 131.962019383 87.000000000
v 95.037980617 136.065879556 87.000000000
v 97.127394335 134.027922934 87.000000000
v 97.189140738 131.980598017 87.000000000
v 95.019401983 136.189140738 87.000000000
v 97.251080384 134.012423062 87.000000000
v 97.313174766 131.993009493 87.000000000
v 95.006990507 136.313174766 87.000000000
v 97.375385286 134.003107697 87.000000000
v 97.437673271 131.999222955 87.000000000
v 95.000777045 136.437673271 87.000000000
v 97.500000000 134.000000000 87.000000000
v 97.562326729 131.999222955 87.000000000
v 88.500000000 141.500000000 87.000000000
v 95.000777045 136.562326729 87.000000000
v 97.624614714 134.003107697 87.000000000
v 97.686825234 131.993009493 87.000000000
v 95.006990507 136.686825234 87.000000000
v 97.748919616 134.012423062 87.000000000
v 97.810859262 131.980598017 87.000000000
v 95.019401983 136.810859262 87.000000000
v 97.872605665 134.027922934 87.000000000
v 97.934120444 131.962019383 87.000000000
v 95.037980617 136.934120444 87.000000000
v 97.995365358 134.049568780 87.000000000
v 98.056302335 131.937319780 87.000000000
v 95.062680220 137.056302335 87.000000000
v 98.116893494 134.077306784 87.000000000
v 98.177101170 131.906560617 87.000000000
v 95.093439383 137.177101170 87.000000000
v 98.236887936 134.111067986 87.000000000
v 98.296216626 131.869818365 87.000000000
v 95.130181635 137.296216626 87.000000000
v 98.355050358 134.150768448 87.000000000
v 98.413352561 131.827184372 87.000000000
v 95.172815628 137.413352561 87.000000000
v 98.471086991 134.196309470 87.000000000
v 98.528217758 131.778764631 87.000000000
v 95.221235369 137.528217758 87.000000000
v 98.584709348 134.247577830 87.000000000
v 98.640526643 131.724679522 87.000000000
v 95.275320478 137.640526643 87.000000000
v 98.695634947 134.304446067 87.000000000
v 98.750000000 131.665063509 87.000000000
v 95.334936491 137.750000000 87.000000000
v 98.803588008 134.366772796 87.000000000
v 98.856365660 131.600064808 87.000000000
v 95.399935192 137.856365660 87.000000000
v 98.908300145 134.434403064 87.000000000
v 98.959359181 131.529845014 87.000000000
v 95.470154986 137.959359181 87.000000000
v 99.009511026 134.507168732 87.000000000
v 99.058724505 131.454578706 87.000000000
v 95.545421294 138.058724505 87.000000000
v 99.106969024 134.584888892 87.000000000
v 99.154214594 131.374453007 87.000000000
v 95.625546993 138.154214594 87.000000000
v 99.200431844 134.667370320 87.000000000
v 99.245592045 131.289667123 87.000000000
v 95.710332877 138.245592045 87.000000000
v 99.289667123 134.754407955 87.000000000
v 99.332629680 131.200431844 87.000000000
v 88.506022719 141.745338372 87.000000000
v 95.799568156 138.332629680 87.000000000
v 88.524076367 141.990085702 87.000000000
v 88.554117450 142.233652372 87.000000000
v 88.596073598 142.475451610 87.000000000
v 88.649843734 142.714900900 87.000000000
v 88.715298321 142.951423386 87.000000000
v 99.374453007 134.845785406 87.000000000
v 99.415111108 131.106969024 87.000000000
v 95.893030976 138.415111108 87.000000000
v 88.792279674 143.184449267 87.000000000
v 88.880602337 143.413417162 87.000000000
v 88.980053534 143.637775467 87.000000000
v 89.090393678 143.856983684 87.000000000
v 89.211356950 144.070513721 87.000000000
v 89.342651938 144.277851165 87.000000000
v 89.483962343 144.478496522 87.000000000
v 89.634947733 144.671966421 87.000000000
v 99.454578706 134.941275495 87.000000000
v 99.492831268 131.009511026 87.000000000
v 99.529845014 135.040640819 87.000000000
v 99.565596936 130.908300145 87.000000000
v 89.795244373 144.857794774 87.000000000
v 99.600064808 135.143634340 87.000000000
v 99.633227204 130.803588008 87.000000000
v 99.665063509 135.250000000 87.000000000
v 99.695553933 130.695634947 87.000000000
v 89.964466094 145.035533906 87.000000000
v 99.724679522 135.359473357 87.000000000
v 99.752422170 130.584709348 87.000000000
v 99.778764631 135.471782242 87.000000000
v 90.142205226 145.204755627 87.000000000
v 90.328033579 145.365052267 87.000000000
v 90.521503478 145.516037657 87.000000000
v 95.990488974 138.492831268 87.000000000
v 90.722148835 145.657348062 87.000000000
v 90.929486279 145.788643050 87.000000000
v 91.143016316 145.909606322 87.000000000
v 91.362224533 146.019946466 87.000000000
v 91.586582838 146.119397663 87.000000000
v 91.815550733 146.207720326 87.000000000
v 92.048576614 146.284701679 87.000000000
v 92.285099100 146.350156266 87.000000000
v 92.524548390 146.403926402 87.000000000
v 92.766347628 146.445882550 87.000000000
v 93.009914298 146.475923633 87.000000000
v 93.254661628 146.493977281 87.000000000
v 96.091699855 138.565596936 87.000000000
v 97.748919616 138.987576938 87.000000000
v 93.500000000 146.500000000 87.000000000
v 97.872605665 138.972077066 87.000000000
v 97.624614714 138.996892303 87.000000000
v 97.500000000 139.000000000 87.000000000
v 97.375385286 138.996892303 87.000000000
v 97.251080384 138.987576938 87.000000000
v 97.127394335 138.972077066 87.000000000
v 97.004634642 138.950431220 87.000000000
v 96.883106506 138.922693216 87.000000000
v 96.763112064 138.888932014 87.000000000
v 96.644949642 138.849231552 87.000000000
v 96.528913009 138.803690530 87.000000000
v 96.415290652 138.752422170 87.000000000
v 96.304365053 138.695553933 87.000000000
v 96.196411992 138.633227204 87.000000000
v 99.906560617 137.177101170 87.000000000
v 103.047032567 139.115775441 87.000000000
v 103.092292136 139.069373096 87.000000000
v 99.869818365 137.296216626 87.000000000
v 103.139808411 139.025284436 87.000000000
v 99.937319780 137.056302335 87.000000000
v 103.004142224 139.164376107 87.000000000
v 99.827184372 137.413352561 87.000000000
v 103.189463258 138.983619073 87.000000000
v 99.962019383 136.934120444 87.000000000
v 102.963727741 139.215054267 87.000000000
v 99.778764631 137.528217758 87.000000000
v 103.241133226 138.944480593 87.000000000
v 99.980598017 136.810859262 87.000000000
v 102.925889593 139.267683925 87.000000000
v 103.294689857 138.907966300 87.000000000
v 102.890721854 139.322134236 87.000000000
v 99.724679522 137.640526643 87.000000000
v 103.350000000 138.874166975 87.000000000
v 99.993009493 136.686825234 87.000000000
v 102.858311955 139.378269828 87.000000000
v 99.665063509 137.750000000 87.000000000
v 103.406926145 138.843166649 87.000000000
v 99.999222955 136.562326729 87.000000000
v 102.828740472 139.435951139 87.000000000
v 103.465326766 138.815042392 87.000000000
v 99.999222955 136.437673271 87.000000000
v 102.802080925 139.495034765 87.000000000
v 99.600064808 137.856365660 87.000000000
v 103.525056668 138.789864127 87.000000000
v 102.778399593 139.555373814 87.000000000
v 99.529845014 137.959359181 87.000000000
v 103.585967355 138.767694450 87.000000000
v 99.993009493 136.313174766 87.000000000
v 99.454578706 138.058724505 87.000000000
v 102.757755352 139.616818273 87.000000000
v 103.647907391 138.748588479 87.000000000
v 99.980598017 136.189140738 87.000000000
v 102.740199528 139.679215383 87.000000000
v 103.710722786 138.732593714 87.000000000
v 99.962019383 136.065879556 87.000000000
v 99.374453007 138.154214594 87.000000000
v 102.725775766 139.742410014 87.000000000
v 103.774257369 138.719749921 87.000000000
v 102.714519926 139.806245054 87.000000000
v 99.289667123 138.245592045 87.000000000
v 103.838353184 138.710089031 87.000000000
v 99.937319780 135.943697665 87.000000000
v 99.200431844 138.332629680 87.000000000
v 102.706459992 139.870561799 87.000000000
v 103.902850878 138.703635064 87.000000000
v 99.906560617 135.822898830 87.000000000
v 102.701616002 139.935200349 87.000000000
v 103.967590101 138.700404063 87.000000000
v 99.869818365 135.703783374 87.000000000
v 102.700000000 140.000000000 87.000000000
v 99.106969024 138.415111108 87.000000000
v 104.032409899 138.700404063 87.000000000
v 99.827184372 135.586647439 87.000000000
v 99.009511026 138.492831268 87.000000000
v 102.701616002 140.064799651 87.000000000
v 104.097149122 138.703635064 87.000000000
v 102.706459992 140.129438201 87.000000000
v 104.161646816 138.710089031 87.000000000
v 98.908300145 138.565596936 87.000000000
v 102.714519926 140.193754946 87.000000000
v 104.225742631 138.719749921 87.000000000
v 99.803690530 130.471086991 87.000000000
v 98.803588008 138.633227204 87.000000000
v 102.725775766 140.257589986 87.000000000
v 104.289277214 138.732593714 87.000000000
v 99.849231552 130.355050358 87.000000000
v 98.695634947 138.695553933 87.000000000
v 102.740199528 140.320784617 87.000000000
v 104.352092609 138.748588479 87.000000000
v 99.888932014 130.236887936 87.000000000
v 102.757755352 140.383181727 87.000000000
v 98.584709348 138.752422170 87.000000000
v 104.414032645 138.767694450 87.000000000
v 99.922693216 130.116893494 87.000000000
v 102.778399593 140.444626186 87.000000000
v 104.474943332 138.789864127 87.000000000
v 99.950431220 129.995365358 87.000000000
v 102.802080925 140.504965235 87.000000000
v 98.471086991 138.803690530 87.000000000
v 104.534673234 138.815042392 87.000000000
v 99.972077066 129.872605665 87.000000000
v 98.355050358 138.849231552 87.000000000
v 102.828740472 140.564048861 87.000000000
v 104.593073855 138.843166649 87.000000000
v 99.987576938 129.748919616 87.000000000
v 98.236887936 138.888932014 87.000000000
v 102.858311955 140.621730172 87.000000000
v 104.650000000 138.874166975 87.000000000
v 102.890721854 140.677865764 87.000000000
v 98.116893494 138.922693216 87.000000000
v 104.705310143 138.907966300 87.000000000
v 99.996892303 129.624614714 87.000000000
v 102.925889593 140.732316075 87.000000000
v 104.758866774 138.944480593 87.000000000
v 100.000000000 129.500000000 87.000000000
v 102.963727741 140.784945733 87.000000000
v 97.995365358 138.950431220 87.000000000
v 104.810536742 138.983619073 87.000000000
v 103.004142224 140.835623893 87.000000000
v 104.860191589 118.974715564 87.000000000
v 104.860191589 139.025284436 87.000000000
v 104.907707864 118.930626904 87.000000000
v 103.047032567 140.884224559 87.000000000
v 104.907707864 139.069373096 87.000000000
v 103.092292136 140.930626904 87.000000000
v 103.139808411 140.974715564 87.000000000
v 103.189463258 141.016380927 87.000000000
v 103.241133226 141.055519407 87.000000000
v 103.294689857 141.092033700 87.000000000
v 103.350000000 141.125833025 87.000000000
v 103.406926145 141.156833351 87.000000000
v 103.465326766 141.184957608 87.000000000
v 103.525056668 141.210135873 87.000000000
v 103.585967355 141.232305550 87.000000000
v 103.647907391 141.251411521 87.000000000
v 105.197919075 140.504965235 87.000000000
v 107.592292136 142.069373096 87.000000000
v 105.221600407 140.444626186 87.000000000
v 105.171259528 140.564048861 87.000000000
v 107.547032567 142.115775441 87.000000000
v 107.639808411 142.025284436 87.000000000
v 105.242244648 140.383181727 87.000000000
v 107.504142224 142.164376107 87.000000000
v 105.141688045 140.621730172 87.000000000
v 107.689463258 141.983619073 87.000000000
v 105.259800472 140.320784617 87.000000000
v 107.463727741 142.215054267 87.000000000
v 105.109278146 140.677865764 87.000000000
v 107.741133226 141.944480593 87.000000000
v 105.274224234 140.257589986 87.000000000
v 107.425889593 142.267683925 87.000000000
v 105.074110407 140.732316075 87.000000000
v 107.794689857 141.907966300 87.000000000
v 105.285480074 140.193754946 87.000000000
v 107.390721854 142.322134236 87.000000000
v 105.036272259 140.784945733 87.000000000
v 107.850000000 141.874166975 87.000000000
v 105.293540008 140.129438201 87.000000000
v 104.995857776 140.835623893 87.000000000
v 107.358311955 142.378269828 87.000000000
v 107.906926145 141.843166649 87.000000000
v 105.298383998 140.064799651 87.000000000
v 104.952967433 140.884224559 87.000000000
v 107.328740472 142.435951139 87.000000000
v 107.965326766 141.815042392 87.000000000
v 105.300000000 140.000000000 87.000000000
v 104.907707864 140.930626904 87.000000000
v 107.302080925 142.495034765 87.000000000
v 108.025056668 141.789864127 87.000000000
v 105.298383998 139.935200349 87.000000000
v 107.278399593 142.555373814 87.000000000
v 104.860191589 140.974715564 87.000000000
v 108.085967355 141.767694450 87.000000000
v 105.293540008 139.870561799 87.000000000
v 107.257755352 142.616818273 87.000000000
v 104.810536742 141.016380927 87.000000000
v 108.147907391 141.748588479 87.000000000
v 105.285480074 139.806245054 87.000000000
v 104.758866774 141.055519407 87.000000000
v 107.240199528 142.679215383 87.000000000
v 108.210722786 141.732593714 87.000000000
v 105.274224234 139.742410014 87.000000000
v 107.225775766 142.742410014 87.000000000
v 104.705310143 141.092033700 87.000000000
v 108.274257369 141.719749921 87.000000000
v 105.259800472 139.679215383 87.000000000
v 107.214519926 142.806245054 87.000000000
v 104.650000000 141.125833025 87.000000000
v 108.338353184 141.710089031 87.000000000
v 105.242244648 139.616818273 87.000000000
v 107.206459992 142.870561799 87.000000000
v 104.593073855 141.156833351 87.000000000
v 108.402850878 141.703635064 87.000000000
v 105.221600407 139.555373814 87.000000000
v 104.534673234 141.184957608 87.000000000
v 107.201616002 142.935200349 87.000000000
v 108.467590101 141.700404063 87.000000000
v 105.197919075 139.495034765 87.000000000
v 107.200000000 143.000000000 87.000000000
v 104.474943332 141.210135873 87.000000000
v 108.532409899 141.700404063 87.000000000
v 105.171259528 139.435951139 87.000000000
v 104.414032645 141.232305550 87.000000000
v 107.201616002 143.064799651 87.000000000
v 108.597149122 141.703635064 87.000000000
v 105.141688045 139.378269828 87.000000000
v 107.206459992 143.129438201 87.000000000
v 104.352092609 141.251411521 87.000000000
v 108.661646816 141.710089031 87.000000000
v 105.109278146 139.322134236 87.000000000
v 107.214519926 143.193754946 87.000000000
v 104.289277214 141.267406286 87.000000000
v 108.725742631 141.719749921 87.000000000
v 105.074110407 139.267683925 87.000000000
v 107.225775766 143.257589986 87.000000000
v 104.225742631 141.280250079 87.000000000
v 108.789277214 141.732593714 87.000000000
v 105.036272259 139.215054267 87.000000000
v 107.240199528 143.320784617 87.000000000
v 104.161646816 141.289910969 87.000000000
v 108.852092609 141.748588479 87.000000000
v 104.995857776 139.164376107 87.000000000
v 107.257755352 143.383181727 87.000000000
v 104.097149122 141.296364936 87.000000000
v 108.914032645 141.767694450 87.000000000
v 104.952967433 139.115775441 87.000000000
v 107.278399593 143.444626186 87.000000000
v 104.032409899 141.299595937 87.000000000
v 108.974943332 141.789864127 87.000000000
v 107.302080925 143.504965235 87.000000000
v 103.967590101 141.299595937 87.000000000
v 109.034673234 141.815042392 87.000000000
v 104.952967433 118.884224559 87.000000000
v 107.328740472 143.564048861 87.000000000
v 103.902850878 141.296364936 87.000000000
v 109.093073855 141.843166649 87.000000000
v 104.995857776 118.835623893 87.000000000
v 107.358311955 143.621730172 87.000000000
v 103.838353184 141.289910969 87.000000000
v 109.150000000 141.874166975 87.000000000
v 105.036272259 118.784945733 87.000000000
v 107.390721854 143.677865764 87.000000000
v 103.774257369 141.280250079 87.000000000
v 109.205310143 141.907966300 87.000000000
v 105.074110407 118.732316075 87.000000000
v 107.425889593 143.732316075 87.000000000
v 103.710722786 141.267406286 87.000000000
v 109.258866774 141.944480593 87.000000000
v 107.463727741 143.784945733 87.000000000
v 107.504142224 143.835623893 87.000000000
v 109.759800472 143.320784617 87.000000000
v 112.000000000 143.500000000 87.000000000
v 109.774224234 143.257589986 87.000000000
v 105.293540008 117.870561799 87.000000000
v 109.785480074 143.193754946 87.000000000
v 105.298383998 117.935200349 87.000000000
v 109.793540008 143.129438201 87.000000000
v 105.300000000 118.000000000 87.000000000
v 109.798383998 143.064799651 87.000000000
v 105.298383998 118.064799651 87.000000000
v 109.800000000 143.000000000 87.000000000
v 105.293540008 118.129438201 87.000000000
v 109.798383998 142.935200349 87.000000000
v 105.285480074 118.193754946 87.000000000
v 109.793540008 142.870561799 87.000000000
v 105.274224234 118.257589986 87.000000000
v 109.785480074 142.806245054 87.000000000
v 105.259800472 118.320784617 87.000000000
v 109.774224234 142.742410014 87.000000000
v 105.242244648 118.383181727 87.000000000
v 109.759800472 142.679215383 87.000000000
v 105.221600407 118.444626186 87.000000000
v 109.742244648 142.616818273 87.000000000
v 105.197919075 118.504965235 87.000000000
v 109.721600407 142.555373814 87.000000000
v 105.171259528 118.564048861 87.000000000
v 109.697919075 142.495034765 87.000000000
v 105.141688045 118.621730172 87.000000000
v 109.671259528 142.435951139 87.000000000
v 105.109278146 118.677865764 87.000000000
v 109.641688045 142.378269828 87.000000000
v 109.609278146 142.322134236 87.000000000
v 109.574110407 142.267683925 87.000000000
v 109.536272259 142.215054267 87.000000000
v 109.495857776 142.164376107 87.000000000
v 109.452967433 142.115775441 87.000000000
v 109.407707864 142.069373096 87.000000000
v 109.360191589 142.025284436 87.000000000
v 109.310536742 141.983619073 87.000000000
v 109.000000000 146.500000000 87.000000000
v 107.547032567 143.884224559 87.000000000
v 107.592292136 143.930626904 87.000000000
v 107.639808411 143.974715564 87.000000000
v 107.689463258 144.016380927 87.000000000
v 107.741133226 144.055519407 87.000000000
v 107.794689857 144.092033700 87.000000000
v 107.850000000 144.125833025 87.000000000
v 107.906926145 144.156833351 87.000000000
v 107.965326766 144.184957608 87.000000000
v 108.025056668 144.210135873 87.000000000
v 108.085967355 144.232305550 87.000000000
v 108.147907391 144.251411521 87.000000000
v 108.210722786 144.267406286 87.000000000
v 108.274257369 144.280250079 87.000000000
v 108.338353184 144.289910969 87.000000000
v 108.402850878 144.296364936 87.000000000
v 108.467590101 144.299595937 87.000000000
v 108.532409899 144.299595937 87.000000000
v 108.597149122 144.296364936 87.000000000
v 108.661646816 144.289910969 87.000000000
v 108.725742631 144.280250079 87.000000000
v 108.789277214 144.267406286 87.000000000
v 111.996386369 143.647203023 87.000000000
v 109.147203023 146.496386369 87.000000000
v 108.852092609 144.251411521 87.000000000
v 109.742244648 143.383181727 87.000000000
v 111.985554180 143.794051421 87.000000000
v 109.294051421 146.485554180 87.000000000
v 108.914032645 144.232305550 87.000000000
v 109.721600407 143.444626186 87.000000000
v 111.967529530 143.940191423 87.000000000
v 109.440191423 146.467529530 87.000000000
v 109.697919075 143.504965235 87.000000000
v 111.942355841 144.085270966 87.000000000
v 109.585270966 146.442355841 87.000000000
v 108.974943332 144.210135873 87.000000000
v 111.910093760 144.228940540 87.000000000
v 109.728940540 146.410093760 87.000000000
v 109.034673234 144.184957608 87.000000000
v 109.870854032 146.370821007 87.000000000
v 109.671259528 143.564048861 87.000000000
v 111.870821007 144.370854032 87.000000000
v 110.010669560 146.324632196 87.000000000
v 109.093073855 144.156833351 87.000000000
v 109.641688045 143.621730172 87.000000000
v 111.824632196 144.510669560 87.000000000
v 110.148050297 146.271638598 87.000000000
v 109.150000000 144.125833025 87.000000000
v 111.771638598 144.648050297 87.000000000
v 110.282665280 146.211967879 87.000000000
v 109.205310143 144.092033700 87.000000000
v 109.609278146 143.677865764 87.000000000
v 111.711967879 144.782665280 87.000000000
v 109.574110407 143.732316075 87.000000000
v 111.645763793 144.914190210 87.000000000
v 110.414190210 146.145763793 87.000000000
v 110.542308233 146.073185830 87.000000000
v 109.258866774 144.055519407 87.000000000
v 109.536272259 143.784945733 87.000000000
v 111.573185830 145.042308233 87.000000000
v 110.666710699 145.994408837 87.000000000
v 109.310536742 144.016380927 87.000000000
v 111.494408837 145.166710699 87.000000000
v 110.787097913 145.909622594 87.000000000
v 109.495857776 143.835623893 87.000000000
v 111.409622594 145.287097913 87.000000000
v 110.903179852 145.819031360 87.000000000
v 109.360191589 143.974715564 87.000000000
v 111.319031360 145.403179852 87.000000000
v 109.452967433 143.884224559 87.000000000
v 111.014676865 145.722853376 87.000000000
v 109.407707864 143.930626904 87.000000000
v 111.222853376 145.514676865 87.000000000
v 111.121320344 145.621320344 87.000000000
v 59.500000000 98.500000000 89.000000000
v 71.500000000 98.500000000 89.000000000
v 99.500000000 98.500000000 89.000000000
v 87.500000000 98.500000000 89.000000000
v 71.500000000 101.500000000 89.000000000
v 71.574768828 101.498135382 89.000000000
v 71.649351770 101.492546163 89.000000000
v 71.723563399 101.483246239 89.000000000
v 71.797219215 101.470258732 89.000000000
v 71.870136097 101.453615929 89.000000000
v 71.942132762 101.433359209 89.000000000
v 72.013030215 101.409538931 89.000000000
v 72.082652194 101.382214318 89.000000000
v 72.150825609 101.351453302 89.000000000
v 72.217380968 101.317332360 89.000000000
v 72.282152805 101.279936322 89.000000000
v 72.344980087 101.239358161 89.000000000
v 72.405706615 101.195698761 89.000000000
v 72.464181415 101.149066665 89.000000000
v 72.520259107 101.099577808 89.000000000
v 72.573800274 101.047355227 89.000000000
v 72.624671804 100.992528756 89.000000000
v 72.672747224 100.935234703 89.000000000
v 72.717907009 100.875615508 89.000000000
v 72.760038885 100.813819396 89.000000000
v 72.799038106 100.750000000 89.000000000
v 72.834807713 100.684315986 89.000000000
v 72.867258778 100.616930655 89.000000000
v 72.896310623 100.548011537 89.000000000
v 72.921891019 100.477729975 89.000000000
v 72.943936370 100.406260702 89.000000000
v 72.962391868 100.333781401 89.000000000
v 72.977211630 100.260472267 89.000000000
v 72.988358810 100.186515557 89.000000000
v 72.995805696 100.112095140 89.000000000
v 72.999533773 100.037396038 89.000000000
v 72.999533773 99.962603962 89.000000000
v 72.995805696 99.887904860 89.000000000
v 72.988358810 99.813484443 89.000000000
v 72.977211630 99.739527733 89.000000000
v 72.962391868 99.666218599 89.000000000
v 72.943936370 99.593739298 89.000000000
v 72.921891019 99.522270025 89.000000000
v 72.896310623 99.451988463 89.000000000
v 72.867258778 99.383069345 89.000000000
v 72.834807713 99.315684014 89.000000000
v 72.799038106 99.250000000 89.000000000
v 72.760038885 99.186180604 89.000000000
v 72.717907009 99.124384492 89.000000000
v 72.672747224 99.064765297 89.000000000
v 72.624671804 99.007471244 89.000000000
v 72.573800274 98.952644773 89.000000000
v 72.520259107 98.900422192 89.000000000
v 72.464181415 98.850933335 89.000000000
v 72.405706615 98.804301239 89.000000000
v 72.344980087 98.760641839 89.000000000
v 72.282152805 98.720063678 89.000000000
v 72.217380968 98.682667640 89.000000000
v 72.150825609 98.648546698 89.000000000
v 72.082652194 98.617785682 89.000000000
v 72.013030215 98.590461069 89.000000000
v 71.942132762 98.566640791 89.000000000
v 71.870136097 98.546384071 89.000000000
v 71.797219215 98.529741268 89.000000000
v 71.723563399 98.516753761 89.000000000
v 71.649351770 98.507453837 89.000000000
v 71.574768828 98.501864618 89.000000000
v 59.500000000 101.500000000 89.000000000
v 99.500000000 101.500000000 89.000000000
v 87.500000000 101.500000000 89.000000000
v 59.425231172 101.498135382 89.000000000
v 59.350648230 101.492546163 89.000000000
v 59.276436601 101.483246239 89.000000000
v 59.202780785 101.470258732 89.000000000
v 59.129863903 101.453615929 89.000000000
v 59.057867238 101.433359209 89.000000000
v 58.986969785 101.409538931 89.000000000
v 58.917347806 101.382214318 89.000000000
v 58.849174391 101.351453302 89.000000000
v 58.782619032 101.317332360 89.000000000
v 58.717847195 101.279936322 89.000000000
v 58.655019913 101.239358161 89.000000000
v 58.594293385 101.195698761 89.000000000
v 58.535818585 101.149066665 89.000000000
v 58.479740893 101.099577808 89.000000000
v 58.426199726 101.047355227 89.000000000
v 58.375328196 100.992528756 89.000000000
v 58.327252776 100.935234703 89.000000000
v 58.282092991 100.875615508 89.000000000
v 58.239961115 100.813819396 89.000000000
v 58.200961894 100.750000000 89.000000000
v 58.165192287 100.684315986 89.000000000
v 58.132741222 100.616930655 89.000000000
v 58.103689377 100.548011537 89.000000000
v 58.078108981 100.477729975 89.000000000
v 58.056063630 100.406260702 89.000000000
v 58.037608132 100.333781401 89.000000000
v 58.022788370 100.260472267 89.000000000
v 58.011641190 100.186515557 89.000000000
v 58.004194304 100.112095140 89.000000000
v 58.000466227 100.037396038 89.000000000
v 58.000466227 99.962603962 89.000000000
v 58.004194304 99.887904860 89.000000000
v 58.011641190 99.813484443 89.000000000
v 58.022788370 99.739527733 89.000000000
v 58.037608132 99.666218599 89.000000000
v 58.056063630 99.593739298 89.000000000
v 58.078108981 99.522270025 89.000000000
v 58.103689377 99.451988463 89.000000000
v 58.132741222 99.383069345 89.000000000
v 58.165192287 99.315684014 89.000000000
v 58.200961894 99.250000000 89.000000000
v 58.239961115 99.186180604 89.000000000
v 58.282092991 99.124384492 89.000000000
v 58.327252776 99.064765297 89.000000000
v 58.375328196 99.007471244 89.000000000
v 58.426199726 98.952644773 89.000000000
v 58.479740893 98.900422192 89.000000000
v 58.535818585 98.850933335 89.000000000
v 58.594293385 98.804301239 89.000000000
v 58.655019913 98.760641839 89.000000000
v 58.717847195 98.720063678 89.000000000
v 58.782619032 98.682667640 89.000000000
v 58.849174391 98.648546698 89.000000000
v 58.917347806 98.617785682 89.000000000
v 58.986969785 98.590461069 89.000000000
v 59.057867238 98.566640791 89.000000000
v 59.129863903 98.546384071 89.000000000
v 59.202780785 98.529741268 89.000000000
v 59.276436601 98.516753761 89.000000000
v 59.350648230 98.507453837 89.000000000
v 59.425231172 98.501864618 89.000000000
v 49.592292136 56.069373096 89.000000000
v 47.878679656 54.378679656 89.000000000
v 47.985323135 54.277146624 89.000000000
v 49.547032567 56.115775441 89.000000000
v 47.680968640 54.596820148 89.000000000
v 47.777146624 54.485323135 89.000000000
v 49.639808411 56.025284436 89.000000000
v 48.096820148 54.180968640 89.000000000
v 49.504142224 56.164376107 89.000000000
v 47.590377406 54.712902087 89.000000000
v 49.689463258 55.983619073 89.000000000
v 48.212902087 54.090377406 89.000000000
v 48.333289301 54.005591163 89.000000000
v 49.463727741 56.215054267 89.000000000
v 47.426814170 54.957691767 89.000000000
v 47.505591163 54.833289301 89.000000000
v 49.741133226 55.944480593 89.000000000
v 48.457691767 53.926814170 89.000000000
v 49.425889593 56.267683925 89.000000000
v 47.354236207 55.085809790 89.000000000
v 49.794689857 55.907966300 89.000000000
v 48.585809790 53.854236207 89.000000000
v 48.717334720 53.788032121 89.000000000
v 49.390721854 56.322134236 89.000000000
v 47.288032121 55.217334720 89.000000000
v 49.850000000 55.874166975 89.000000000
v 48.851949703 53.728361402 89.000000000
v 49.358311955 56.378269828 89.000000000
v 47.175367804 55.489330440 89.000000000
v 47.228361402 55.351949703 89.000000000
v 49.906926145 55.843166649 89.000000000
v 48.989330440 53.675367804 89.000000000
v 49.328740472 56.435951139 89.000000000
v 47.129178993 55.629145968 89.000000000
v 49.965326766 55.815042392 89.000000000
v 49.129145968 53.629178993 89.000000000
v 49.271059460 53.589906240 89.000000000
v 49.302080925 56.495034765 89.000000000
v 47.057644159 55.914729034 89.000000000
v 47.089906240 55.771059460 89.000000000
v 50.025056668 55.789864127 89.000000000
v 49.414729034 53.557644159 89.000000000
v 49.278399593 56.555373814 89.000000000
v 47.032470470 56.059808577 89.000000000
v 50.085967355 55.767694450 89.000000000
v 49.559808577 53.532470470 89.000000000
v 49.705948579 53.514445820 89.000000000
v 49.257755352 56.616818273 89.000000000
v 47.014445820 56.205948579 89.000000000
v 50.147907391 55.748588479 89.000000000
v 49.852796977 53.503613631 89.000000000
v 49.240199528 56.679215383 89.000000000
v 47.000000000 56.500000000 89.000000000
v 47.003613631 56.352796977 89.000000000
v 50.210722786 55.732593714 89.000000000
v 50.000000000 53.500000000 89.000000000
v 49.225775766 56.742410014 89.000000000
v 50.274257369 55.719749921 89.000000000
v 49.214519926 56.806245054 89.000000000
v 50.338353184 55.710089031 89.000000000
v 49.206459992 56.870561799 89.000000000
v 50.402850878 55.703635064 89.000000000
v 49.201616002 56.935200349 89.000000000
v 50.467590101 55.700404063 89.000000000
v 49.200000000 57.000000000 89.000000000
v 50.532409899 55.700404063 89.000000000
v 49.201616002 57.064799651 89.000000000
v 50.597149122 55.703635064 89.000000000
v 49.206459992 57.129438201 89.000000000
v 50.661646816 55.710089031 89.000000000
v 49.214519926 57.193754946 89.000000000
v 50.725742631 55.719749921 89.000000000
v 49.225775766 57.257589986 89.000000000
v 50.789277214 55.732593714 89.000000000
v 49.240199528 57.320784617 89.000000000
v 50.852092609 55.748588479 89.000000000
v 49.257755352 57.383181727 89.000000000
v 50.914032645 55.767694450 89.000000000
v 49.278399593 57.444626186 89.000000000
v 50.974943332 55.789864127 89.000000000
v 49.302080925 57.504965235 89.000000000
v 51.034673234 55.815042392 89.000000000
v 49.328740472 57.564048861 89.000000000
v 51.093073855 55.843166649 89.000000000
v 49.358311955 57.621730172 89.000000000
v 51.150000000 55.874166975 89.000000000
v 49.390721854 57.677865764 89.000000000
v 51.205310143 55.907966300 89.000000000
v 49.425889593 57.732316075 89.000000000
v 51.258866774 55.944480593 89.000000000
v 49.463727741 57.784945733 89.000000000
v 51.310536742 55.983619073 89.000000000
v 49.504142224 57.835623893 89.000000000
v 51.360191589 56.025284436 89.000000000
v 49.547032567 57.884224559 89.000000000
v 51.407707864 56.069373096 89.000000000
v 49.592292136 57.930626904 89.000000000
v 51.452967433 56.115775441 89.000000000
v 49.639808411 57.974715564 89.000000000
v 51.495857776 56.164376107 89.000000000
v 49.689463258 58.016380927 89.000000000
v 49.741133226 58.055519407 89.000000000
v 54.092292136 59.069373096 89.000000000
v 51.697919075 57.504965235 89.000000000
v 51.721600407 57.444626186 89.000000000
v 54.047032567 59.115775441 89.000000000
v 51.671259528 57.564048861 89.000000000
v 54.139808411 59.025284436 89.000000000
v 51.742244648 57.383181727 89.000000000
v 54.004142224 59.164376107 89.000000000
v 51.641688045 57.621730172 89.000000000
v 54.189463258 58.983619073 89.000000000
v 51.759800472 57.320784617 89.000000000
v 53.963727741 59.215054267 89.000000000
v 51.609278146 57.677865764 89.000000000
v 54.241133226 58.944480593 89.000000000
v 51.774224234 57.257589986 89.000000000
v 53.925889593 59.267683925 89.000000000
v 51.574110407 57.732316075 89.000000000
v 54.294689857 58.907966300 89.000000000
v 51.785480074 57.193754946 89.000000000
v 53.890721854 59.322134236 89.000000000
v 51.536272259 57.784945733 89.000000000
v 54.350000000 58.874166975 89.000000000
v 51.793540008 57.129438201 89.000000000
v 53.858311955 59.378269828 89.000000000
v 51.495857776 57.835623893 89.000000000
v 54.406926145 58.843166649 89.000000000
v 51.798383998 57.064799651 89.000000000
v 53.828740472 59.435951139 89.000000000
v 51.452967433 57.884224559 89.000000000
v 54.465326766 58.815042392 89.000000000
v 51.800000000 57.000000000 89.000000000
v 53.802080925 59.495034765 89.000000000
v 51.407707864 57.930626904 89.000000000
v 54.525056668 58.789864127 89.000000000
v 51.798383998 56.935200349 89.000000000
v 53.778399593 59.555373814 89.000000000
v 51.360191589 57.974715564 89.000000000
v 54.585967355 58.767694450 89.000000000
v 51.793540008 56.870561799 89.000000000
v 53.757755352 59.616818273 89.000000000
v 51.310536742 58.016380927 89.000000000
v 54.647907391 58.748588479 89.000000000
v 51.785480074 56.806245054 89.000000000
v 53.740199528 59.679215383 89.000000000
v 51.258866774 58.055519407 89.000000000
v 54.710722786 58.732593714 89.000000000
v 51.774224234 56.742410014 89.000000000
v 53.725775766 59.742410014 89.000000000
v 51.205310143 58.092033700 89.000000000
v 54.774257369 58.719749921 89.000000000
v 51.759800472 56.679215383 89.000000000
v 53.714519926 59.806245054 89.000000000
v 51.150000000 58.125833025 89.000000000
v 54.838353184 58.710089031 89.000000000
v 51.742244648 56.616818273 89.000000000
v 53.706459992 59.870561799 89.000000000
v 51.093073855 58.156833351 89.000000000
v 54.902850878 58.703635064 89.000000000
v 51.721600407 56.555373814 89.000000000
v 53.701616002 59.935200349 89.000000000
v 51.034673234 58.184957608 89.000000000
v 54.967590101 58.700404063 89.000000000
v 51.697919075 56.495034765 89.000000000
v 53.700000000 60.000000000 89.000000000
v 50.974943332 58.210135873 89.000000000
v 55.032409899 58.700404063 89.000000000
v 51.671259528 56.435951139 89.000000000
v 53.701616002 60.064799651 89.000000000
v 50.914032645 58.232305550 89.000000000
v 55.097149122 58.703635064 89.000000000
v 51.641688045 56.378269828 89.000000000
v 53.706459992 60.129438201 89.000000000
v 50.852092609 58.251411521 89.000000000
v 55.161646816 58.710089031 89.000000000
v 51.609278146 56.322134236 89.000000000
v 53.714519926 60.193754946 89.000000000
v 50.789277214 58.267406286 89.000000000
v 55.225742631 58.719749921 89.000000000
v 51.574110407 56.267683925 89.000000000
v 53.725775766 60.257589986 89.000000000
v 50.725742631 58.280250079 89.000000000
v 55.289277214 58.732593714 89.000000000
v 51.536272259 56.215054267 89.000000000
v 53.740199528 60.320784617 89.000000000
v 50.661646816 58.289910969 89.000000000
v 55.352092609 58.748588479 89.000000000
v 53.757755352 60.383181727 89.000000000
v 50.597149122 58.296364936 89.000000000
v 53.778399593 60.444626186 89.000000000
v 50.532409899 58.299595937 89.000000000
v 53.802080925 60.504965235 89.000000000
v 50.467590101 58.299595937 89.000000000
v 53.828740472 60.564048861 89.000000000
v 50.402850878 58.296364936 89.000000000
v 53.858311955 60.621730172 89.000000000
v 50.338353184 58.289910969 89.000000000
v 53.890721854 60.677865764 89.000000000
v 50.274257369 58.280250079 89.000000000
v 53.925889593 60.732316075 89.000000000
v 50.210722786 58.267406286 89.000000000
v 53.963727741 60.784945733 89.000000000
v 50.147907391 58.251411521 89.000000000
v 54.004142224 60.835623893 89.000000000
v 50.085967355 58.232305550 89.000000000
v 54.047032567 60.884224559 89.000000000
v 50.025056668 58.210135873 89.000000000
v 54.092292136 60.930626904 89.000000000
v 49.965326766 58.184957608 89.000000000
v 65.500000000 53.500000000 89.000000000
v 55.414032645 58.767694450 89.000000000
v 55.474943332 58.789864127 89.000000000
v 55.534673234 58.815042392 89.000000000
v 55.593073855 58.843166649 89.000000000
v 55.650000000 58.874166975 89.000000000
v 55.705310143 58.907966300 89.000000000
v 55.758866774 58.944480593 89.000000000
v 55.810536742 58.983619073 89.000000000
v 55.860191589 59.025284436 89.000000000
v 55.907707864 59.069373096 89.000000000
v 55.952967433 59.115775441 89.000000000
v 55.995857776 59.164376107 89.000000000
v 56.036272259 59.215054267 89.000000000
v 56.074110407 59.267683925 89.000000000
v 56.109278146 59.322134236 89.000000000
v 56.141688045 59.378269828 89.000000000
v 65.990085702 53.524076367 89.000000000
v 65.745338372 53.506022719 89.000000000
v 66.233652372 53.554117450 89.000000000
v 66.714900900 53.649843734 89.000000000
v 66.475451610 53.596073598 89.000000000
v 67.184449267 53.792279674 89.000000000
v 66.951423386 53.715298321 89.000000000
v 67.637775467 53.980053534 89.000000000
v 67.413417162 53.880602337 89.000000000
v 68.070513721 54.211356950 89.000000000
v 67.856983684 54.090393678 89.000000000
v 68.277851165 54.342651938 89.000000000
v 68.478496522 54.483962343 89.000000000
v 60.592292136 62.569373096 89.000000000
v 56.274224234 60.257589986 89.000000000
v 56.285480074 60.193754946 89.000000000
v 60.547032567 62.615775441 89.000000000
v 56.259800472 60.320784617 89.000000000
v 60.639808411 62.525284436 89.000000000
v 56.293540008 60.129438201 89.000000000
v 60.504142224 62.664376107 89.000000000
v 56.242244648 60.383181727 89.000000000
v 60.689463258 62.483619073 89.000000000
v 56.298383998 60.064799651 89.000000000
v 60.463727741 62.715054267 89.000000000
v 56.221600407 60.444626186 89.000000000
v 60.741133226 62.444480593 89.000000000
v 56.300000000 60.000000000 89.000000000
v 60.425889593 62.767683925 89.000000000
v 56.197919075 60.504965235 89.000000000
v 60.794689857 62.407966300 89.000000000
v 56.298383998 59.935200349 89.000000000
v 60.390721854 62.822134236 89.000000000
v 56.171259528 60.564048861 89.000000000
v 60.850000000 62.374166975 89.000000000
v 56.293540008 59.870561799 89.000000000
v 60.358311955 62.878269828 89.000000000
v 56.141688045 60.621730172 89.000000000
v 60.906926145 62.343166649 89.000000000
v 56.285480074 59.806245054 89.000000000
v 60.328740472 62.935951139 89.000000000
v 56.109278146 60.677865764 89.000000000
v 60.965326766 62.315042392 89.000000000
v 56.274224234 59.742410014 89.000000000
v 60.302080925 62.995034765 89.000000000
v 56.074110407 60.732316075 89.000000000
v 68.671966421 54.634947733 89.000000000
v 61.025056668 62.289864127 89.000000000
v 56.259800472 59.679215383 89.000000000
v 60.278399593 63.055373814 89.000000000
v 56.036272259 60.784945733 89.000000000
v 61.085967355 62.267694450 89.000000000
v 56.242244648 59.616818273 89.000000000
v 60.257755352 63.116818273 89.000000000
v 55.995857776 60.835623893 89.000000000
v 61.147907391 62.248588479 89.000000000
v 56.221600407 59.555373814 89.000000000
v 60.240199528 63.179215383 89.000000000
v 55.952967433 60.884224559 89.000000000
v 61.210722786 62.232593714 89.000000000
v 56.197919075 59.495034765 89.000000000
v 60.225775766 63.242410014 89.000000000
v 55.907707864 60.930626904 89.000000000
v 61.274257369 62.219749921 89.000000000
v 56.171259528 59.435951139 89.000000000
v 60.214519926 63.306245054 89.000000000
v 55.860191589 60.974715564 89.000000000
v 61.338353184 62.210089031 89.000000000
v 60.206459992 63.370561799 89.000000000
v 55.810536742 61.016380927 89.000000000
v 61.402850878 62.203635064 89.000000000
v 60.201616002 63.435200349 89.000000000
v 55.758866774 61.055519407 89.000000000
v 61.467590101 62.200404063 89.000000000
v 60.200000000 63.500000000 89.000000000
v 55.705310143 61.092033700 89.000000000
v 61.532409899 62.200404063 89.000000000
v 60.201616002 63.564799651 89.000000000
v 55.650000000 61.125833025 89.000000000
v 61.597149122 62.203635064 89.000000000
v 60.206459992 63.629438201 89.000000000
v 55.593073855 61.156833351 89.000000000
v 61.661646816 62.210089031 89.000000000
v 60.214519926 63.693754946 89.000000000
v 55.534673234 61.184957608 89.000000000
v 61.725742631 62.219749921 89.000000000
v 60.225775766 63.757589986 89.000000000
v 55.474943332 61.210135873 89.000000000
v 61.789277214 62.232593714 89.000000000
v 60.240199528 63.820784617 89.000000000
v 55.414032645 61.232305550 89.000000000
v 61.852092609 62.248588479 89.000000000
v 60.257755352 63.883181727 89.000000000
v 55.352092609 61.251411521 89.000000000
v 61.914032645 62.267694450 89.000000000
v 60.278399593 63.944626186 89.000000000
v 55.289277214 61.267406286 89.000000000
v 61.974943332 62.289864127 89.000000000
v 60.302080925 64.004965235 89.000000000
v 55.225742631 61.280250079 89.000000000
v 69.204755627 55.142205226 89.000000000
v 68.857794774 54.795244373 89.000000000
v 69.035533906 54.964466094 89.000000000
v 62.034673234 62.315042392 89.000000000
v 62.093073855 62.343166649 89.000000000
v 62.150000000 62.374166975 89.000000000
v 62.205310143 62.407966300 89.000000000
v 69.365052267 55.328033579 89.000000000
v 62.258866774 62.444480593 89.000000000
v 62.310536742 62.483619073 89.000000000
v 69.657348062 55.722148835 89.000000000
v 69.516037657 55.521503478 89.000000000
v 69.788643050 55.929486279 89.000000000
v 70.019946466 56.362224533 89.000000000
v 69.909606322 56.143016316 89.000000000
v 70.119397663 56.586582838 89.000000000
v 70.207720326 56.815550733 89.000000000
v 70.350156266 57.285099100 89.000000000
v 70.284701679 57.048576614 89.000000000
v 70.403926402 57.524548390 89.000000000
v 59.754407955 68.710332877 89.000000000
v 60.358311955 64.121730172 89.000000000
v 60.390721854 64.177865764 89.000000000
v 59.667370320 68.799568156 89.000000000
v 60.328740472 64.064048861 89.000000000
v 59.845785406 68.625546993 89.000000000
v 60.425889593 64.232316075 89.000000000
v 59.584888892 68.893030976 89.000000000
v 55.161646816 61.289910969 89.000000000
v 70.475923633 58.009914298 89.000000000
v 70.445882550 57.766347628 89.000000000
v 59.941275495 68.545421294 89.000000000
v 60.463727741 64.284945733 89.000000000
v 60.504142224 64.335623893 89.000000000
v 59.507168732 68.990488974 89.000000000
v 55.097149122 61.296364936 89.000000000
v 60.040640819 68.470154986 89.000000000
v 60.547032567 64.384224559 89.000000000
v 59.434403064 69.091699855 89.000000000
v 55.032409899 61.299595937 89.000000000
v 60.143634340 68.399935192 89.000000000
v 60.592292136 64.430626904 89.000000000
v 59.366772796 69.196411992 89.000000000
v 54.967590101 61.299595937 89.000000000
v 60.250000000 68.334936491 89.000000000
v 60.639808411 64.474715564 89.000000000
v 60.689463258 64.516380927 89.000000000
v 59.304446067 69.304365053 89.000000000
v 54.902850878 61.296364936 89.000000000
v 60.359473357 68.275320478 89.000000000
v 60.741133226 64.555519407 89.000000000
v 59.247577830 69.415290652 89.000000000
v 54.838353184 61.289910969 89.000000000
v 54.774257369 61.280250079 89.000000000
v 60.471782242 68.221235369 89.000000000
v 60.794689857 64.592033700 89.000000000
v 59.196309470 69.528913009 89.000000000
v 54.710722786 61.267406286 89.000000000
v 70.493977281 58.254661628 89.000000000
v 60.586647439 68.172815628 89.000000000
v 60.850000000 64.625833025 89.000000000
v 60.906926145 64.656833351 89.000000000
v 59.150768448 69.644949642 89.000000000
v 54.647907391 61.251411521 89.000000000
v 60.703783374 68.130181635 89.000000000
v 60.965326766 64.684957608 89.000000000
v 59.111067986 69.763112064 89.000000000
v 54.585967355 61.232305550 89.000000000
v 60.822898830 68.093439383 89.000000000
v 61.025056668 64.710135873 89.000000000
v 59.077306784 69.883106506 89.000000000
v 54.525056668 61.210135873 89.000000000
v 70.500000000 58.500000000 89.000000000
v 62.360191589 62.525284436 89.000000000
v 62.407707864 62.569373096 89.000000000
v 62.452967433 62.615775441 89.000000000
v 62.495857776 62.664376107 89.000000000
v 62.536272259 62.715054267 89.000000000
v 62.574110407 62.767683925 89.000000000
v 62.609278146 62.822134236 89.000000000
v 62.641688045 62.878269828 89.000000000
v 62.671259528 62.935951139 89.000000000
v 62.697919075 62.995034765 89.000000000
v 62.721600407 63.055373814 89.000000000
v 62.742244648 63.116818273 89.000000000
v 62.759800472 63.179215383 89.000000000
v 62.774224234 63.242410014 89.000000000
v 62.785480074 63.306245054 89.000000000
v 62.793540008 63.370561799 89.000000000
v 62.798383998 63.435200349 89.000000000
v 60.943697665 68.062680220 89.000000000
v 61.085967355 64.732305550 89.000000000
v 61.147907391 64.751411521 89.000000000
v 59.049568780 70.004634642 89.000000000
v 54.465326766 61.184957608 89.000000000
v 61.065879556 68.037980617 89.000000000
v 61.210722786 64.767406286 89.000000000
v 59.027922934 70.127394335 89.000000000
v 54.406926145 61.156833351 89.000000000
v 61.189140738 68.019401983 89.000000000
v 61.274257369 64.780250079 89.000000000
v 61.338353184 64.789910969 89.000000000
v 59.012423062 70.251080384 89.000000000
v 54.350000000 61.125833025 89.000000000
v 54.294689857 61.092033700 89.000000000
v 61.313174766 68.006990507 89.000000000
v 61.402850878 64.796364936 89.000000000
v 59.003107697 70.375385286 89.000000000
v 54.241133226 61.055519407 89.000000000
v 61.437673271 68.000777045 89.000000000
v 61.467590101 64.799595937 89.000000000
v 61.532409899 64.799595937 89.000000000
v 59.000000000 70.500000000 89.000000000
v 54.189463258 61.016380927 89.000000000
v 61.562326729 68.000777045 89.000000000
v 61.597149122 64.796364936 89.000000000
v 59.003107697 70.624614714 89.000000000
v 61.686825234 68.006990507 89.000000000
v 61.661646816 64.789910969 89.000000000
v 61.810859262 68.019401983 89.000000000
v 61.725742631 64.780250079 89.000000000
v 61.789277214 64.767406286 89.000000000
v 61.934120444 68.037980617 89.000000000
v 61.852092609 64.751411521 89.000000000
v 62.056302335 68.062680220 89.000000000
v 61.914032645 64.732305550 89.000000000
v 61.974943332 64.710135873 89.000000000
v 62.177101170 68.093439383 89.000000000
v 62.034673234 64.684957608 89.000000000
v 62.296216626 68.130181635 89.000000000
v 62.093073855 64.656833351 89.000000000
v 62.413352561 68.172815628 89.000000000
v 62.150000000 64.625833025 89.000000000
v 62.205310143 64.592033700 89.000000000
v 62.528217758 68.221235369 89.000000000
v 62.258866774 64.555519407 89.000000000
v 62.640526643 68.275320478 89.000000000
v 62.310536742 64.516380927 89.000000000
v 62.750000000 68.334936491 89.000000000
v 62.360191589 64.474715564 89.000000000
v 62.407707864 64.430626904 89.000000000
v 62.856365660 68.399935192 89.000000000
v 62.452967433 64.384224559 89.000000000
v 62.959359181 68.470154986 89.000000000
v 62.495857776 64.335623893 89.000000000
v 63.058724505 68.545421294 89.000000000
v 62.536272259 64.284945733 89.000000000
v 62.574110407 64.232316075 89.000000000
v 63.154214594 68.625546993 89.000000000
v 62.609278146 64.177865764 89.000000000
v 63.245592045 68.710332877 89.000000000
v 62.641688045 64.121730172 89.000000000
v 63.332629680 68.799568156 89.000000000
v 62.671259528 64.064048861 89.000000000
v 54.092292136 81.069373096 89.000000000
v 54.047032567 81.115775441 89.000000000
v 49.906926145 58.156833351 89.000000000
v 54.139808411 81.025284436 89.000000000
v 54.139808411 60.974715564 89.000000000
v 54.004142224 81.164376107 89.000000000
v 49.850000000 58.125833025 89.000000000
v 54.189463258 80.983619073 89.000000000
v 53.963727741 81.215054267 89.000000000
v 49.794689857 58.092033700 89.000000000
v 54.241133226 80.944480593 89.000000000
v 59.012423062 70.748919616 89.000000000
v 53.925889593 81.267683925 89.000000000
v 54.294689857 80.907966300 89.000000000
v 59.027922934 70.872605665 89.000000000
v 53.890721854 81.322134236 89.000000000
v 54.350000000 80.874166975 89.000000000
v 59.049568780 70.995365358 89.000000000
v 53.858311955 81.378269828 89.000000000
v 54.406926145 80.843166649 89.000000000
v 59.077306784 71.116893494 89.000000000
v 53.828740472 81.435951139 89.000000000
v 54.465326766 80.815042392 89.000000000
v 59.111067986 71.236887936 89.000000000
v 53.802080925 81.495034765 89.000000000
v 54.525056668 80.789864127 89.000000000
v 53.778399593 81.555373814 89.000000000
v 54.585967355 80.767694450 89.000000000
v 59.150768448 71.355050358 89.000000000
v 53.757755352 81.616818273 89.000000000
v 54.647907391 80.748588479 89.000000000
v 59.196309470 71.471086991 89.000000000
v 53.740199528 81.679215383 89.000000000
v 54.710722786 80.732593714 89.000000000
v 59.247577830 71.584709348 89.000000000
v 53.725775766 81.742410014 89.000000000
v 54.774257369 80.719749921 89.000000000
v 59.304446067 71.695634947 89.000000000
v 53.714519926 81.806245054 89.000000000
v 54.838353184 80.710089031 89.000000000
v 59.366772796 71.803588008 89.000000000
v 53.706459992 81.870561799 89.000000000
v 54.902850878 80.703635064 89.000000000
v 59.434403064 71.908300145 89.000000000
v 53.701616002 81.935200349 89.000000000
v 54.967590101 80.700404063 89.000000000
v 59.507168732 72.009511026 89.000000000
v 53.700000000 82.000000000 89.000000000
v 55.032409899 80.700404063 89.000000000
v 53.701616002 82.064799651 89.000000000
v 53.706459992 82.129438201 89.000000000
v 53.714519926 82.193754946 89.000000000
v 60.592292136 76.569373096 89.000000000
v 60.143634340 72.600064808 89.000000000
v 60.250000000 72.665063509 89.000000000
v 60.547032567 76.615775441 89.000000000
v 60.040640819 72.529845014 89.000000000
v 60.639808411 76.525284436 89.000000000
v 60.504142224 76.664376107 89.000000000
v 59.941275495 72.454578706 89.000000000
v 60.689463258 76.483619073 89.000000000
v 60.359473357 72.724679522 89.000000000
v 60.463727741 76.715054267 89.000000000
v 60.741133226 76.444480593 89.000000000
v 60.471782242 72.778764631 89.000000000
v 60.425889593 76.767683925 89.000000000
v 59.845785406 72.374453007 89.000000000
v 60.794689857 76.407966300 89.000000000
v 60.586647439 72.827184372 89.000000000
v 60.390721854 76.822134236 89.000000000
v 59.754407955 72.289667123 89.000000000
v 60.850000000 76.374166975 89.000000000
v 60.358311955 76.878269828 89.000000000
v 59.667370320 72.200431844 89.000000000
v 60.906926145 76.343166649 89.000000000
v 60.703783374 72.869818365 89.000000000
v 60.328740472 76.935951139 89.000000000
v 59.584888892 72.106969024 89.000000000
v 60.965326766 76.315042392 89.000000000
v 60.822898830 72.906560617 89.000000000
v 60.302080925 76.995034765 89.000000000
v 61.025056668 76.289864127 89.000000000
v 60.943697665 72.937319780 89.000000000
v 60.278399593 77.055373814 89.000000000
v 61.085967355 76.267694450 89.000000000
v 60.257755352 77.116818273 89.000000000
v 55.097149122 80.703635064 89.000000000
v 61.147907391 76.248588479 89.000000000
v 61.065879556 72.962019383 89.000000000
v 60.240199528 77.179215383 89.000000000
v 55.161646816 80.710089031 89.000000000
v 61.210722786 76.232593714 89.000000000
v 61.189140738 72.980598017 89.000000000
v 60.225775766 77.242410014 89.000000000
v 55.225742631 80.719749921 89.000000000
v 61.274257369 76.219749921 89.000000000
v 60.214519926 77.306245054 89.000000000
v 55.289277214 80.732593714 89.000000000
v 61.338353184 76.210089031 89.000000000
v 61.313174766 72.993009493 89.000000000
v 60.206459992 77.370561799 89.000000000
v 55.352092609 80.748588479 89.000000000
v 61.402850878 76.203635064 89.000000000
v 61.437673271 72.999222955 89.000000000
v 60.201616002 77.435200349 89.000000000
v 55.414032645 80.767694450 89.000000000
v 61.467590101 76.200404063 89.000000000
v 60.200000000 77.500000000 89.000000000
v 55.474943332 80.789864127 89.000000000
v 61.532409899 76.200404063 89.000000000
v 61.562326729 72.999222955 89.000000000
v 60.201616002 77.564799651 89.000000000
v 55.534673234 80.815042392 89.000000000
v 61.597149122 76.203635064 89.000000000
v 61.686825234 72.993009493 89.000000000
v 60.206459992 77.629438201 89.000000000
v 55.593073855 80.843166649 89.000000000
v 61.661646816 76.210089031 89.000000000
v 61.810859262 72.980598017 89.000000000
v 60.214519926 77.693754946 89.000000000
v 55.650000000 80.874166975 89.000000000
v 61.725742631 76.219749921 89.000000000
v 60.225775766 77.757589986 89.000000000
v 55.705310143 80.907966300 89.000000000
v 61.789277214 76.232593714 89.000000000
v 61.934120444 72.962019383 89.000000000
v 60.240199528 77.820784617 89.000000000
v 55.758866774 80.944480593 89.000000000
v 61.852092609 76.248588479 89.000000000
v 62.056302335 72.937319780 89.000000000
v 60.257755352 77.883181727 89.000000000
v 55.810536742 80.983619073 89.000000000
v 61.914032645 76.267694450 89.000000000
v 60.278399593 77.944626186 89.000000000
v 55.860191589 81.025284436 89.000000000
v 61.974943332 76.289864127 89.000000000
v 62.177101170 72.906560617 89.000000000
v 60.302080925 78.004965235 89.000000000
v 55.907707864 81.069373096 89.000000000
v 62.034673234 76.315042392 89.000000000
v 62.296216626 72.869818365 89.000000000
v 60.328740472 78.064048861 89.000000000
v 55.952967433 81.115775441 89.000000000
v 62.093073855 76.343166649 89.000000000
v 62.413352561 72.827184372 89.000000000
v 60.358311955 78.121730172 89.000000000
v 55.995857776 81.164376107 89.000000000
v 70.500000000 68.000000000 89.000000000
v 62.800000000 63.500000000 89.000000000
v 62.798383998 63.564799651 89.000000000
v 62.793540008 63.629438201 89.000000000
v 62.785480074 63.693754946 89.000000000
v 62.774224234 63.757589986 89.000000000
v 62.759800472 63.820784617 89.000000000
v 62.742244648 63.883181727 89.000000000
v 62.721600407 63.944626186 89.000000000
v 62.697919075 64.004965235 89.000000000
v 63.415111108 68.893030976 89.000000000
v 63.492831268 68.990488974 89.000000000
v 63.565596936 69.091699855 89.000000000
v 63.633227204 69.196411992 89.000000000
v 63.695553933 69.304365053 89.000000000
v 63.752422170 69.415290652 89.000000000
v 63.803690530 69.528913009 89.000000000
v 62.150000000 76.374166975 89.000000000
v 60.390721854 78.177865764 89.000000000
v 56.036272259 81.215054267 89.000000000
v 62.205310143 76.407966300 89.000000000
v 62.528217758 72.778764631 89.000000000
v 60.425889593 78.232316075 89.000000000
v 56.074110407 81.267683925 89.000000000
v 62.258866774 76.444480593 89.000000000
v 62.640526643 72.724679522 89.000000000
v 60.463727741 78.284945733 89.000000000
v 56.109278146 81.322134236 89.000000000
v 62.310536742 76.483619073 89.000000000
v 62.750000000 72.665063509 89.000000000
v 70.507227263 68.294406046 89.000000000
v 63.849231552 69.644949642 89.000000000
v 63.888932014 69.763112064 89.000000000
v 60.504142224 78.335623893 89.000000000
v 56.141688045 81.378269828 89.000000000
v 62.360191589 76.525284436 89.000000000
v 60.547032567 78.384224559 89.000000000
v 56.171259528 81.435951139 89.000000000
v 62.407707864 76.569373096 89.000000000
v 62.856365660 72.600064808 89.000000000
v 60.592292136 78.430626904 89.000000000
v 56.197919075 81.495034765 89.000000000
v 62.452967433 76.615775441 89.000000000
v 62.959359181 72.529845014 89.000000000
v 60.639808411 78.474715564 89.000000000
v 56.221600407 81.555373814 89.000000000
v 70.528891640 68.588102842 89.000000000
v 63.922693216 69.883106506 89.000000000
v 62.495857776 76.664376107 89.000000000
v 63.058724505 72.454578706 89.000000000
v 60.689463258 78.516380927 89.000000000
v 56.242244648 81.616818273 89.000000000
v 62.536272259 76.715054267 89.000000000
v 60.741133226 78.555519407 89.000000000
v 56.259800472 81.679215383 89.000000000
v 62.574110407 76.767683925 89.000000000
v 63.154214594 72.374453007 89.000000000
v 60.794689857 78.592033700 89.000000000
v 56.274224234 81.742410014 89.000000000
v 62.609278146 76.822134236 89.000000000
v 63.245592045 72.289667123 89.000000000
v 70.564940940 68.880382847 89.000000000
v 63.950431220 70.004634642 89.000000000
v 63.972077066 70.127394335 89.000000000
v 60.850000000 78.625833025 89.000000000
v 56.285480074 81.806245054 89.000000000
v 62.641688045 76.878269828 89.000000000
v 63.332629680 72.200431844 89.000000000
v 60.906926145 78.656833351 89.000000000
v 56.293540008 81.870561799 89.000000000
v 62.671259528 76.935951139 89.000000000
v 63.415111108 72.106969024 89.000000000
v 60.965326766 78.684957608 89.000000000
v 56.298383998 81.935200349 89.000000000
v 62.697919075 76.995034765 89.000000000
v 63.492831268 72.009511026 89.000000000
v 61.025056668 78.710135873 89.000000000
v 56.300000000 82.000000000 89.000000000
v 62.721600407 77.055373814 89.000000000
v 70.615288318 69.170541932 89.000000000
v 63.987576938 70.251080384 89.000000000
v 61.085967355 78.732305550 89.000000000
v 56.298383998 82.064799651 89.000000000
v 61.147907391 78.751411521 89.000000000
v 56.293540008 82.129438201 89.000000000
v 70.679812481 69.457881079 89.000000000
v 63.996892303 70.375385286 89.000000000
v 64.000000000 70.500000000 89.000000000
v 70.758357986 69.741708064 89.000000000
v 63.996892303 70.624614714 89.000000000
v 63.987576938 70.748919616 89.000000000
v 70.850735609 70.021339120 89.000000000
v 63.972077066 70.872605665 89.000000000
v 70.956722805 70.296100594 89.000000000
v 63.950431220 70.995365358 89.000000000
v 63.922693216 71.116893494 89.000000000
v 71.076064241 70.565330561 89.000000000
v 63.888932014 71.236887936 89.000000000
v 71.208472414 70.828380421 89.000000000
v 63.849231552 71.355050358 89.000000000
v 63.803690530 71.471086991 89.000000000
v 71.353628340 71.084616465 89.000000000
v 63.752422170 71.584709348 89.000000000
v 71.511182326 71.333421398 89.000000000
v 63.695553933 71.695634947 89.000000000
v 63.633227204 71.803588008 89.000000000
v 71.680754811 71.574195827 89.000000000
v 63.565596936 71.908300145 89.000000000
v 71.861937280 71.806359705 89.000000000
v 62.742244648 77.116818273 89.000000000
v 72.054293248 72.029353729 89.000000000
v 62.759800472 77.179215383 89.000000000
v 72.257359313 72.242640687 89.000000000
v 62.774224234 77.242410014 89.000000000
v 62.785480074 77.306245054 89.000000000
v 72.470646271 72.445706752 89.000000000
v 62.793540008 77.370561799 89.000000000
v 62.798383998 77.435200349 89.000000000
v 90.328033579 54.634947733 89.000000000
v 89.795244373 55.142205226 89.000000000
v 89.964466094 54.964466094 89.000000000
v 90.142205226 54.795244373 89.000000000
v 90.521503478 54.483962343 89.000000000
v 89.634947733 55.328033579 89.000000000
v 89.483962343 55.521503478 89.000000000
v 89.090393678 56.143016316 89.000000000
v 89.211356950 55.929486279 89.000000000
v 89.342651938 55.722148835 89.000000000
v 91.143016316 54.090393678 89.000000000
v 90.722148835 54.342651938 89.000000000
v 90.929486279 54.211356950 89.000000000
v 72.693640295 72.638062720 89.000000000
v 62.800000000 77.500000000 89.000000000
v 91.586582838 53.880602337 89.000000000
v 91.362224533 53.980053534 89.000000000
v 88.880602337 56.586582838 89.000000000
v 88.980053534 56.362224533 89.000000000
v 72.925804173 72.819245189 89.000000000
v 62.798383998 77.564799651 89.000000000
v 62.793540008 77.629438201 89.000000000
v 88.649843734 57.285099100 89.000000000
v 88.715298321 57.048576614 89.000000000
v 88.792279674 56.815550733 89.000000000
v 88.596073598 57.524548390 89.000000000
v 92.524548390 53.596073598 89.000000000
v 92.048576614 53.715298321 89.000000000
v 92.285099100 53.649843734 89.000000000
v 73.166578602 72.988817674 89.000000000
v 62.785480074 77.693754946 89.000000000
v 92.766347628 53.554117450 89.000000000
v 88.554117450 57.766347628 89.000000000
v 93.009914298 53.524076367 89.000000000
v 88.506022719 58.254661628 89.000000000
v 88.524076367 58.009914298 89.000000000
v 91.815550733 53.792279674 89.000000000
v 88.500000000 58.500000000 89.000000000
v 93.254661628 53.506022719 89.000000000
v 93.500000000 53.500000000 89.000000000
v 63.627277727 84.074391744 89.000000000
v 61.467590101 78.799595937 89.000000000
v 61.532409899 78.799595937 89.000000000
v 63.574391744 84.127277727 89.000000000
v 61.402850878 78.796364936 89.000000000
v 63.682734118 84.024207650 89.000000000
v 61.597149122 78.796364936 89.000000000
v 63.524207650 84.182734118 89.000000000
v 61.338353184 78.789910969 89.000000000
v 63.740623043 83.976850213 89.000000000
v 61.661646816 78.789910969 89.000000000
v 63.476850213 84.240623043 89.000000000
v 61.274257369 78.780250079 89.000000000
v 63.800800581 83.932437169 89.000000000
v 61.725742631 78.780250079 89.000000000
v 63.432437169 84.300800581 89.000000000
v 61.210722786 78.767406286 89.000000000
v 63.863117120 83.891078936 89.000000000
v 61.789277214 78.767406286 89.000000000
v 63.391078936 84.363117120 89.000000000
v 63.927417734 83.852878339 89.000000000
v 61.852092609 78.751411521 89.000000000
v 63.352878339 84.427417734 89.000000000
v 56.285480074 82.193754946 89.000000000
v 63.993542559 83.817930348 89.000000000
v 61.914032645 78.732305550 89.000000000
v 63.317930348 84.493542559 89.000000000
v 56.274224234 82.257589986 89.000000000
v 64.061327199 83.786321851 89.000000000
v 61.974943332 78.710135873 89.000000000
v 63.286321851 84.561327199 89.000000000
v 56.259800472 82.320784617 89.000000000
v 64.130603131 83.758131432 89.000000000
v 62.034673234 78.684957608 89.000000000
v 63.258131432 84.630603131 89.000000000
v 56.242244648 82.383181727 89.000000000
v 64.201198124 83.733429175 89.000000000
v 62.093073855 78.656833351 89.000000000
v 62.150000000 78.625833025 89.000000000
v 63.233429175 84.701198124 89.000000000
v 56.221600407 82.444626186 89.000000000
v 64.272936668 83.712276496 89.000000000
v 62.205310143 78.592033700 89.000000000
v 63.212276496 84.772936668 89.000000000
v 56.197919075 82.504965235 89.000000000
v 64.345640409 83.694725982 89.000000000
v 62.258866774 78.555519407 89.000000000
v 63.194725982 84.845640409 89.000000000
v 56.171259528 82.564048861 89.000000000
v 64.419128594 83.680821267 89.000000000
v 62.310536742 78.516380927 89.000000000
v 63.180821267 84.919128594 89.000000000
v 56.141688045 82.621730172 89.000000000
v 64.493218521 83.670596920 89.000000000
v 62.360191589 78.474715564 89.000000000
v 63.170596920 84.993218521 89.000000000
v 56.109278146 82.677865764 89.000000000
v 64.567725990 83.664078361 89.000000000
v 62.407707864 78.430626904 89.000000000
v 63.164078361 85.067725990 89.000000000
v 56.074110407 82.732316075 89.000000000
v 64.642465763 83.661281796 89.000000000
v 62.452967433 78.384224559 89.000000000
v 63.161281796 85.142465763 89.000000000
v 56.036272259 82.784945733 89.000000000
v 64.717252027 83.662214178 89.000000000
v 62.495857776 78.335623893 89.000000000
v 63.162214178 85.217252027 89.000000000
v 55.995857776 82.835623893 89.000000000
v 64.791898849 83.666873188 89.000000000
v 62.536272259 78.284945733 89.000000000
v 63.166873188 85.291898849 89.000000000
v 55.952967433 82.884224559 89.000000000
v 64.866220648 83.675247244 89.000000000
v 62.574110407 78.232316075 89.000000000
v 63.175247244 85.366220648 89.000000000
v 55.907707864 82.930626904 89.000000000
v 64.940032646 83.687315525 89.000000000
v 62.609278146 78.177865764 89.000000000
v 63.187315525 85.440032646 89.000000000
v 55.860191589 82.974715564 89.000000000
v 65.013151336 83.703048030 89.000000000
v 62.641688045 78.121730172 89.000000000
v 63.203048030 85.513151336 89.000000000
v 55.810536742 83.016380927 89.000000000
v 65.085394933 83.722405643 89.000000000
v 62.671259528 78.064048861 89.000000000
v 63.222405643 85.585394933 89.000000000
v 55.758866774 83.055519407 89.000000000
v 65.156583828 83.745340240 89.000000000
v 62.697919075 78.004965235 89.000000000
v 63.245340240 85.656583828 89.000000000
v 55.705310143 83.092033700 89.000000000
v 65.226541035 83.771794800 89.000000000
v 62.721600407 77.944626186 89.000000000
v 63.271794800 85.726541035 89.000000000
v 55.650000000 83.125833025 89.000000000
v 65.295092628 83.801703555 89.000000000
v 62.742244648 77.883181727 89.000000000
v 63.301703555 85.795092628 89.000000000
v 55.593073855 83.156833351 89.000000000
v 65.362068178 83.834992145 89.000000000
v 62.759800472 77.820784617 89.000000000
v 63.334992145 85.862068178 89.000000000
v 55.534673234 83.184957608 89.000000000
v 55.474943332 83.210135873 89.000000000
v 65.427301172 83.871577810 89.000000000
v 62.774224234 77.757589986 89.000000000
v 63.371577810 85.927301172 89.000000000
v 55.414032645 83.232305550 89.000000000
v 65.490629432 83.911369594 89.000000000
v 63.411369594 85.990629432 89.000000000
v 55.352092609 83.251411521 89.000000000
v 65.551895514 83.954268566 89.000000000
v 63.454268566 86.051895514 89.000000000
v 55.289277214 83.267406286 89.000000000
v 65.610947099 84.000168073 89.000000000
v 73.415383535 73.146371660 89.000000000
v 65.667637377 84.048954002 89.000000000
v 73.671619579 73.291527586 89.000000000
v 65.721825407 84.100505063 89.000000000
v 73.934669439 73.423935759 89.000000000
v 78.400422192 78.479740893 89.000000000
v 76.500000000 74.000000000 89.000000000
v 78.452644773 78.426199726 89.000000000
v 78.507471244 78.375328196 89.000000000
v 78.350933335 78.535818585 89.000000000
v 76.205593954 73.992772737 89.000000000
v 78.564765297 78.327252776 89.000000000
v 78.304301239 78.594293385 89.000000000
v 78.624384492 78.282092991 89.000000000
v 78.260641839 78.655019913 89.000000000
v 75.911897158 73.971108360 89.000000000
v 78.686180604 78.239961115 89.000000000
v 78.220063678 78.717847195 89.000000000
v 78.750000000 78.200961894 89.000000000
v 78.182667640 78.782619032 89.000000000
v 75.619617153 73.935059060 89.000000000
v 78.815684014 78.165192287 89.000000000
v 78.148546698 78.849174391 89.000000000
v 78.883069345 78.132741222 89.000000000
v 78.117785682 78.917347806 89.000000000
v 75.329458068 73.884711682 89.000000000
v 78.951988463 78.103689377 89.000000000
v 78.090461069 78.986969785 89.000000000
v 75.042118921 73.820187519 89.000000000
v 79.022270025 78.078108981 89.000000000
v 78.066640791 79.057867238 89.000000000
v 79.093739298 78.056063630 89.000000000
v 78.046384071 79.129863903 89.000000000
v 74.758291936 73.741642014 89.000000000
v 79.166218599 78.037608132 89.000000000
v 78.029741268 79.202780785 89.000000000
v 79.239527733 78.022788370 89.000000000
v 78.016753761 79.276436601 89.000000000
v 74.478660880 73.649264391 89.000000000
v 79.313484443 78.011641190 89.000000000
v 78.007453837 79.350648230 89.000000000
v 74.203899406 73.543277195 89.000000000
v 54.585967355 83.232305550 89.000000000
v 54.647907391 83.251411521 89.000000000
v 54.710722786 83.267406286 89.000000000
v 54.525056668 83.210135873 89.000000000
v 54.774257369 83.280250079 89.000000000
v 54.465326766 83.184957608 89.000000000
v 79.387904860 78.004194304 89.000000000
v 54.838353184 83.289910969 89.000000000
v 54.406926145 83.156833351 89.000000000
v 54.902850878 83.296364936 89.000000000
v 54.350000000 83.125833025 89.000000000
v 78.001864618 79.425231172 89.000000000
v 54.967590101 83.299595937 89.000000000
v 54.294689857 83.092033700 89.000000000
v 79.462603962 78.000466227 89.000000000
v 55.032409899 83.299595937 89.000000000
v 54.241133226 83.055519407 89.000000000
v 54.189463258 83.016380927 89.000000000
v 55.097149122 83.296364936 89.000000000
v 78.000000000 79.500000000 89.000000000
v 54.139808411 82.974715564 89.000000000
v 55.161646816 83.289910969 89.000000000
v 79.537396038 78.000466227 89.000000000
v 82.500000000 74.000000000 89.000000000
v 54.092292136 82.930626904 89.000000000
v 55.225742631 83.280250079 89.000000000
v 54.047032567 82.884224559 89.000000000
v 79.612095140 78.004194304 89.000000000
v 54.004142224 82.835623893 89.000000000
v 63.500168073 86.110947099 89.000000000
v 79.686515557 78.011641190 89.000000000
v 53.963727741 82.784945733 89.000000000
v 63.548954002 86.167637377 89.000000000
v 53.925889593 82.732316075 89.000000000
v 79.760472267 78.022788370 89.000000000
v 63.600505063 86.221825407 89.000000000
v 53.890721854 82.677865764 89.000000000
v 79.833781401 78.037608132 89.000000000
v 53.858311955 82.621730172 89.000000000
v 79.906260702 78.056063630 89.000000000
v 53.828740472 82.564048861 89.000000000
v 79.977729975 78.078108981 89.000000000
v 80.048011537 78.103689377 89.000000000
v 80.116930655 78.132741222 89.000000000
v 80.184315986 78.165192287 89.000000000
v 80.250000000 78.200961894 89.000000000
v 80.313819396 78.239961115 89.000000000
v 80.375615508 78.282092991 89.000000000
v 80.435234703 78.327252776 89.000000000
v 80.492528756 78.375328196 89.000000000
v 80.547355227 78.426199726 89.000000000
v 80.599577808 78.479740893 89.000000000
v 96.547032567 62.615775441 89.000000000
v 96.592292136 62.569373096 89.000000000
v 96.639808411 62.525284436 89.000000000
v 96.504142224 62.664376107 89.000000000
v 96.689463258 62.483619073 89.000000000
v 96.463727741 62.715054267 89.000000000
v 80.649066665 78.535818585 89.000000000
v 82.794406046 73.992772737 89.000000000
v 96.741133226 62.444480593 89.000000000
v 96.425889593 62.767683925 89.000000000
v 96.794689857 62.407966300 89.000000000
v 96.390721854 62.822134236 89.000000000
v 96.850000000 62.374166975 89.000000000
v 96.358311955 62.878269828 89.000000000
v 96.906926145 62.343166649 89.000000000
v 96.328740472 62.935951139 89.000000000
v 96.965326766 62.315042392 89.000000000
v 80.695698761 78.594293385 89.000000000
v 96.302080925 62.995034765 89.000000000
v 97.025056668 62.289864127 89.000000000
v 96.278399593 63.055373814 89.000000000
v 97.085967355 62.267694450 89.000000000
v 96.257755352 63.116818273 89.000000000
v 80.739358161 78.655019913 89.000000000
v 83.088102842 73.971108360 89.000000000
v 97.147907391 62.248588479 89.000000000
v 96.240199528 63.179215383 89.000000000
v 97.210722786 62.232593714 89.000000000
v 96.225775766 63.242410014 89.000000000
v 97.274257369 62.219749921 89.000000000
v 80.779936322 78.717847195 89.000000000
v 96.214519926 63.306245054 89.000000000
v 97.338353184 62.210089031 89.000000000
v 96.206459992 63.370561799 89.000000000
v 80.817332360 78.782619032 89.000000000
v 83.380382847 73.935059060 89.000000000
v 97.402850878 62.203635064 89.000000000
v 96.201616002 63.435200349 89.000000000
v 88.500000000 68.000000000 89.000000000
v 97.467590101 62.200404063 89.000000000
v 96.200000000 63.500000000 89.000000000
v 80.851453302 78.849174391 89.000000000
v 97.532409899 62.200404063 89.000000000
v 96.201616002 63.564799651 89.000000000
v 80.882214318 78.917347806 89.000000000
v 83.670541932 73.884711682 89.000000000
v 97.597149122 62.203635064 89.000000000
v 96.206459992 63.629438201 89.000000000
v 80.909538931 78.986969785 89.000000000
v 83.957881079 73.820187519 89.000000000
v 96.214519926 63.693754946 89.000000000
v 96.225775766 63.757589986 89.000000000
v 80.933359209 79.057867238 89.000000000
v 96.240199528 63.820784617 89.000000000
v 80.953615929 79.129863903 89.000000000
v 84.241708064 73.741642014 89.000000000
v 96.257755352 63.883181727 89.000000000
v 80.970258732 79.202780785 89.000000000
v 96.278399593 63.944626186 89.000000000
v 80.983246239 79.276436601 89.000000000
v 84.521339120 73.649264391 89.000000000
v 96.302080925 64.004965235 89.000000000
v 80.992546163 79.350648230 89.000000000
v 84.796100594 73.543277195 89.000000000
v 96.328740472 64.064048861 89.000000000
v 80.998135382 79.425231172 89.000000000
v 81.000000000 79.500000000 89.000000000
v 85.065330561 73.423935759 89.000000000
v 103.047032567 59.115775441 89.000000000
v 103.092292136 59.069373096 89.000000000
v 103.139808411 59.025284436 89.000000000
v 103.004142224 59.164376107 89.000000000
v 103.189463258 58.983619073 89.000000000
v 102.963727741 59.215054267 89.000000000
v 103.241133226 58.944480593 89.000000000
v 102.925889593 59.267683925 89.000000000
v 103.294689857 58.907966300 89.000000000
v 102.890721854 59.322134236 89.000000000
v 103.350000000 58.874166975 89.000000000
v 102.858311955 59.378269828 89.000000000
v 97.661646816 62.210089031 89.000000000
v 103.406926145 58.843166649 89.000000000
v 102.828740472 59.435951139 89.000000000
v 97.725742631 62.219749921 89.000000000
v 103.465326766 58.815042392 89.000000000
v 102.802080925 59.495034765 89.000000000
v 97.789277214 62.232593714 89.000000000
v 103.525056668 58.789864127 89.000000000
v 102.778399593 59.555373814 89.000000000
v 97.852092609 62.248588479 89.000000000
v 103.585967355 58.767694450 89.000000000
v 102.757755352 59.616818273 89.000000000
v 97.914032645 62.267694450 89.000000000
v 103.647907391 58.748588479 89.000000000
v 102.740199528 59.679215383 89.000000000
v 97.974943332 62.289864127 89.000000000
v 102.725775766 59.742410014 89.000000000
v 98.034673234 62.315042392 89.000000000
v 102.714519926 59.806245054 89.000000000
v 98.093073855 62.343166649 89.000000000
v 102.706459992 59.870561799 89.000000000
v 98.150000000 62.374166975 89.000000000
v 102.701616002 59.935200349 89.000000000
v 98.205310143 62.407966300 89.000000000
v 102.700000000 60.000000000 89.000000000
v 98.258866774 62.444480593 89.000000000
v 102.701616002 60.064799651 89.000000000
v 98.310536742 62.483619073 89.000000000
v 102.706459992 60.129438201 89.000000000
v 98.360191589 62.525284436 89.000000000
v 102.714519926 60.193754946 89.000000000
v 98.407707864 62.569373096 89.000000000
v 102.725775766 60.257589986 89.000000000
v 98.452967433 62.615775441 89.000000000
v 102.740199528 60.320784617 89.000000000
v 98.495857776 62.664376107 89.000000000
v 102.757755352 60.383181727 89.000000000
v 98.536272259 62.715054267 89.000000000
v 102.778399593 60.444626186 89.000000000
v 98.574110407 62.767683925 89.000000000
v 102.802080925 60.504965235 89.000000000
v 98.609278146 62.822134236 89.000000000
v 102.828740472 60.564048861 89.000000000
v 98.641688045 62.878269828 89.000000000
v 102.858311955 60.621730172 89.000000000
v 98.671259528 62.935951139 89.000000000
v 102.890721854 60.677865764 89.000000000
v 98.697919075 62.995034765 89.000000000
v 102.925889593 60.732316075 89.000000000
v 98.721600407 63.055373814 89.000000000
v 107.547032567 56.115775441 89.000000000
v 109.000000000 53.500000000 89.000000000
v 107.592292136 56.069373096 89.000000000
v 107.639808411 56.025284436 89.000000000
v 107.504142224 56.164376107 89.000000000
v 107.689463258 55.983619073 89.000000000
v 107.463727741 56.215054267 89.000000000
v 103.710722786 58.732593714 89.000000000
v 107.741133226 55.944480593 89.000000000
v 107.425889593 56.267683925 89.000000000
v 103.774257369 58.719749921 89.000000000
v 107.794689857 55.907966300 89.000000000
v 107.390721854 56.322134236 89.000000000
v 103.838353184 58.710089031 89.000000000
v 107.850000000 55.874166975 89.000000000
v 107.358311955 56.378269828 89.000000000
v 103.902850878 58.703635064 89.000000000
v 102.963727741 60.784945733 89.000000000
v 98.742244648 63.116818273 89.000000000
v 107.906926145 55.843166649 89.000000000
v 107.328740472 56.435951139 89.000000000
v 103.967590101 58.700404063 89.000000000
v 107.965326766 55.815042392 89.000000000
v 107.302080925 56.495034765 89.000000000
v 104.032409899 58.700404063 89.000000000
v 108.025056668 55.789864127 89.000000000
v 107.278399593 56.555373814 89.000000000
v 104.097149122 58.703635064 89.000000000
v 103.004142224 60.835623893 89.000000000
v 98.759800472 63.179215383 89.000000000
v 108.085967355 55.767694450 89.000000000
v 107.257755352 56.616818273 89.000000000
v 104.161646816 58.710089031 89.000000000
v 108.147907391 55.748588479 89.000000000
v 107.240199528 56.679215383 89.000000000
v 104.225742631 58.719749921 89.000000000
v 103.047032567 60.884224559 89.000000000
v 98.774224234 63.242410014 89.000000000
v 108.210722786 55.732593714 89.000000000
v 107.225775766 56.742410014 89.000000000
v 104.289277214 58.732593714 89.000000000
v 108.274257369 55.719749921 89.000000000
v 107.214519926 56.806245054 89.000000000
v 104.352092609 58.748588479 89.000000000
v 103.092292136 60.930626904 89.000000000
v 98.785480074 63.306245054 89.000000000
v 108.338353184 55.710089031 89.000000000
v 107.206459992 56.870561799 89.000000000
v 104.414032645 58.767694450 89.000000000
v 108.402850878 55.703635064 89.000000000
v 103.139808411 60.974715564 89.000000000
v 98.793540008 63.370561799 89.000000000
v 107.201616002 56.935200349 89.000000000
v 104.474943332 58.789864127 89.000000000
v 108.467590101 55.700404063 89.000000000
v 107.200000000 57.000000000 89.000000000
v 104.534673234 58.815042392 89.000000000
v 103.189463258 61.016380927 89.000000000
v 98.798383998 63.435200349 89.000000000
v 108.532409899 55.700404063 89.000000000
v 107.201616002 57.064799651 89.000000000
v 104.593073855 58.843166649 89.000000000
v 103.241133226 61.055519407 89.000000000
v 98.800000000 63.500000000 89.000000000
v 108.597149122 55.703635064 89.000000000
v 107.206459992 57.129438201 89.000000000
v 104.650000000 58.874166975 89.000000000
v 108.661646816 55.710089031 89.000000000
v 103.294689857 61.092033700 89.000000000
v 98.798383998 63.564799651 89.000000000
v 107.214519926 57.193754946 89.000000000
v 104.705310143 58.907966300 89.000000000
v 108.725742631 55.719749921 89.000000000
v 95.754407955 68.710332877 89.000000000
v 96.358311955 64.121730172 89.000000000
v 96.390721854 64.177865764 89.000000000
v 95.667370320 68.799568156 89.000000000
v 95.845785406 68.625546993 89.000000000
v 96.425889593 64.232316075 89.000000000
v 103.350000000 61.125833025 89.000000000
v 98.793540008 63.629438201 89.000000000
v 95.584888892 68.893030976 89.000000000
v 107.225775766 57.257589986 89.000000000
v 104.758866774 58.944480593 89.000000000
v 95.941275495 68.545421294 89.000000000
v 96.463727741 64.284945733 89.000000000
v 96.504142224 64.335623893 89.000000000
v 95.507168732 68.990488974 89.000000000
v 96.040640819 68.470154986 89.000000000
v 96.547032567 64.384224559 89.000000000
v 108.789277214 55.732593714 89.000000000
v 109.147203023 53.503613631 89.000000000
v 95.434403064 69.091699855 89.000000000
v 96.143634340 68.399935192 89.000000000
v 96.592292136 64.430626904 89.000000000
v 107.240199528 57.320784617 89.000000000
v 104.810536742 58.983619073 89.000000000
v 95.366772796 69.196411992 89.000000000
v 103.406926145 61.156833351 89.000000000
v 98.785480074 63.693754946 89.000000000
v 96.250000000 68.334936491 89.000000000
v 96.639808411 64.474715564 89.000000000
v 96.689463258 64.516380927 89.000000000
v 108.852092609 55.748588479 89.000000000
v 109.294051421 53.514445820 89.000000000
v 95.304446067 69.304365053 89.000000000
v 96.359473357 68.275320478 89.000000000
v 96.741133226 64.555519407 89.000000000
v 107.257755352 57.383181727 89.000000000
v 104.860191589 59.025284436 89.000000000
v 103.465326766 61.184957608 89.000000000
v 98.774224234 63.757589986 89.000000000
v 95.247577830 69.415290652 89.000000000
v 108.914032645 55.767694450 89.000000000
v 109.440191423 53.532470470 89.000000000
v 109.585270966 53.557644159 89.000000000
v 96.471782242 68.221235369 89.000000000
v 96.794689857 64.592033700 89.000000000
v 107.278399593 57.444626186 89.000000000
v 104.907707864 59.069373096 89.000000000
v 95.196309470 69.528913009 89.000000000
v 88.492772737 68.294406046 89.000000000
v 103.525056668 61.210135873 89.000000000
v 98.759800472 63.820784617 89.000000000
v 96.586647439 68.172815628 89.000000000
v 96.850000000 64.625833025 89.000000000
v 96.906926145 64.656833351 89.000000000
v 108.974943332 55.789864127 89.000000000
v 109.728940540 53.589906240 89.000000000
v 95.150768448 69.644949642 89.000000000
v 107.302080925 57.504965235 89.000000000
v 104.952967433 59.115775441 89.000000000
v 103.585967355 61.232305550 89.000000000
v 98.742244648 63.883181727 89.000000000
v 96.703783374 68.130181635 89.000000000
v 96.965326766 64.684957608 89.000000000
v 109.034673234 55.815042392 89.000000000
v 109.870854032 53.629178993 89.000000000
v 110.010669560 53.675367804 89.000000000
v 95.111067986 69.763112064 89.000000000
v 88.471108360 68.588102842 89.000000000
v 107.328740472 57.564048861 89.000000000
v 104.995857776 59.164376107 89.000000000
v 103.647907391 61.251411521 89.000000000
v 98.721600407 63.944626186 89.000000000
v 96.822898830 68.093439383 89.000000000
v 97.025056668 64.710135873 89.000000000
v 109.093073855 55.843166649 89.000000000
v 110.148050297 53.728361402 89.000000000
v 95.077306784 69.883106506 89.000000000
v 88.435059060 68.880382847 89.000000000
v 103.710722786 61.267406286 89.000000000
v 98.697919075 64.004965235 89.000000000
v 107.358311955 57.621730172 89.000000000
v 105.036272259 59.215054267 89.000000000
v 96.943697665 68.062680220 89.000000000
v 97.085967355 64.732305550 89.000000000
v 97.147907391 64.751411521 89.000000000
v 109.150000000 55.874166975 89.000000000
v 110.282665280 53.788032121 89.000000000
v 95.049568780 70.004634642 89.000000000
v 103.774257369 61.280250079 89.000000000
v 107.390721854 57.677865764 89.000000000
v 105.074110407 59.267683925 89.000000000
v 97.065879556 68.037980617 89.000000000
v 97.210722786 64.767406286 89.000000000
v 109.205310143 55.907966300 89.000000000
v 110.414190210 53.854236207 89.000000000
v 110.542308233 53.926814170 89.000000000
v 95.027922934 70.127394335 89.000000000
v 88.384711682 69.170541932 89.000000000
v 107.425889593 57.732316075 89.000000000
v 105.109278146 59.322134236 89.000000000
v 109.258866774 55.944480593 89.000000000
v 110.666710699 54.005591163 89.000000000
v 97.189140738 68.019401983 89.000000000
v 97.274257369 64.780250079 89.000000000
v 97.338353184 64.789910969 89.000000000
v 107.463727741 57.784945733 89.000000000
v 105.141688045 59.378269828 89.000000000
v 95.012423062 70.251080384 89.000000000
v 88.320187519 69.457881079 89.000000000
v 109.310536742 55.983619073 89.000000000
v 110.787097913 54.090377406 89.000000000
v 110.903179852 54.180968640 89.000000000
v 97.313174766 68.006990507 89.000000000
v 97.402850878 64.796364936 89.000000000
v 107.504142224 57.835623893 89.000000000
v 105.171259528 59.435951139 89.000000000
v 95.003107697 70.375385286 89.000000000
v 109.360191589 56.025284436 89.000000000
v 111.014676865 54.277146624 89.000000000
v 107.547032567 57.884224559 89.000000000
v 105.197919075 59.495034765 89.000000000
v 97.437673271 68.000777045 89.000000000
v 97.467590101 64.799595937 89.000000000
v 109.407707864 56.069373096 89.000000000
v 111.121320344 54.378679656 89.000000000
v 95.000000000 70.500000000 89.000000000
v 88.241642014 69.741708064 89.000000000
v 107.592292136 57.930626904 89.000000000
v 105.221600407 59.555373814 89.000000000
v 97.562326729 68.000777045 89.000000000
v 97.532409899 64.799595937 89.000000000
v 97.597149122 64.796364936 89.000000000
v 109.452967433 56.115775441 89.000000000
v 107.639808411 57.974715564 89.000000000
v 105.242244648 59.616818273 89.000000000
v 95.003107697 70.624614714 89.000000000
v 97.686825234 68.006990507 89.000000000
v 97.661646816 64.789910969 89.000000000
v 107.689463258 58.016380927 89.000000000
v 105.259800472 59.679215383 89.000000000
v 111.222853376 54.485323135 89.000000000
v 95.012423062 70.748919616 89.000000000
v 88.149264391 70.021339120 89.000000000
v 107.741133226 58.055519407 89.000000000
v 105.274224234 59.742410014 89.000000000
v 97.810859262 68.019401983 89.000000000
v 97.725742631 64.780250079 89.000000000
v 97.789277214 64.767406286 89.000000000
v 107.794689857 58.092033700 89.000000000
v 105.285480074 59.806245054 89.000000000
v 95.027922934 70.872605665 89.000000000
v 88.043277195 70.296100594 89.000000000
v 111.319031360 54.596820148 89.000000000
v 109.495857776 56.164376107 89.000000000
v 97.934120444 68.037980617 89.000000000
v 97.852092609 64.751411521 89.000000000
v 107.850000000 58.125833025 89.000000000
v 105.293540008 59.870561799 89.000000000
v 95.049568780 70.995365358 89.000000000
v 107.906926145 58.156833351 89.000000000
v 105.298383998 59.935200349 89.000000000
v 98.056302335 68.062680220 89.000000000
v 97.914032645 64.732305550 89.000000000
v 97.974943332 64.710135873 89.000000000
v 111.409622594 54.712902087 89.000000000
v 109.536272259 56.215054267 89.000000000
v 107.965326766 58.184957608 89.000000000
v 105.300000000 60.000000000 89.000000000
v 95.077306784 71.116893494 89.000000000
v 87.923935759 70.565330561 89.000000000
v 108.025056668 58.210135873 89.000000000
v 105.298383998 60.064799651 89.000000000
v 98.177101170 68.093439383 89.000000000
v 98.034673234 64.684957608 89.000000000
v 108.085967355 58.232305550 89.000000000
v 105.293540008 60.129438201 89.000000000
v 111.494408837 54.833289301 89.000000000
v 95.111067986 71.236887936 89.000000000
v 87.791527586 70.828380421 89.000000000
v 108.147907391 58.251411521 89.000000000
v 105.285480074 60.193754946 89.000000000
v 98.296216626 68.130181635 89.000000000
v 98.093073855 64.656833351 89.000000000
v 108.210722786 58.267406286 89.000000000
v 105.274224234 60.257589986 89.000000000
v 95.150768448 71.355050358 89.000000000
v 111.573185830 54.957691767 89.000000000
v 109.574110407 56.267683925 89.000000000
v 108.274257369 58.280250079 89.000000000
v 105.259800472 60.320784617 89.000000000
v 98.413352561 68.172815628 89.000000000
v 98.150000000 64.625833025 89.000000000
v 98.205310143 64.592033700 89.000000000
v 108.338353184 58.289910969 89.000000000
v 105.242244648 60.383181727 89.000000000
v 95.196309470 71.471086991 89.000000000
v 87.646371660 71.084616465 89.000000000
v 108.402850878 58.296364936 89.000000000
v 105.221600407 60.444626186 89.000000000
v 111.645763793 55.085809790 89.000000000
v 109.609278146 56.322134236 89.000000000
v 98.528217758 68.221235369 89.000000000
v 98.258866774 64.555519407 89.000000000
v 108.467590101 58.299595937 89.000000000
v 105.197919075 60.504965235 89.000000000
v 108.532409899 58.299595937 89.000000000
v 105.171259528 60.564048861 89.000000000
v 95.247577830 71.584709348 89.000000000
v 87.488817674 71.333421398 89.000000000
v 108.597149122 58.296364936 89.000000000
v 105.141688045 60.621730172 89.000000000
v 98.640526643 68.275320478 89.000000000
v 98.310536742 64.516380927 89.000000000
v 111.711967879 55.217334720 89.000000000
v 109.641688045 56.378269828 89.000000000
v 108.661646816 58.289910969 89.000000000
v 105.109278146 60.677865764 89.000000000
v 95.304446067 71.695634947 89.000000000
v 108.725742631 58.280250079 89.000000000
v 105.074110407 60.732316075 89.000000000
v 108.789277214 58.267406286 89.000000000
v 105.036272259 60.784945733 89.000000000
v 98.750000000 68.334936491 89.000000000
v 98.360191589 64.474715564 89.000000000
v 98.407707864 64.430626904 89.000000000
v 108.852092609 58.251411521 89.000000000
v 104.995857776 60.835623893 89.000000000
v 111.771638598 55.351949703 89.000000000
v 108.914032645 58.232305550 89.000000000
v 104.952967433 60.884224559 89.000000000
v 95.366772796 71.803588008 89.000000000
v 87.319245189 71.574195827 89.000000000
v 108.974943332 58.210135873 89.000000000
v 104.907707864 60.930626904 89.000000000
v 109.034673234 58.184957608 89.000000000
v 98.856365660 68.399935192 89.000000000
v 98.452967433 64.384224559 89.000000000
v 111.824632196 55.489330440 89.000000000
v 109.671259528 56.435951139 89.000000000
v 95.434403064 71.908300145 89.000000000
v 87.138062720 71.806359705 89.000000000
v 98.959359181 68.470154986 89.000000000
v 98.495857776 64.335623893 89.000000000
v 111.870821007 55.629145968 89.000000000
v 109.697919075 56.495034765 89.000000000
v 72.439339828 95.060660172 89.000000000
v 74.560660172 92.939339828 89.000000000
v 95.507168732 72.009511026 89.000000000
v 99.058724505 68.545421294 89.000000000
v 98.536272259 64.284945733 89.000000000
v 98.574110407 64.232316075 89.000000000
v 111.910093760 55.771059460 89.000000000
v 99.154214594 68.625546993 89.000000000
v 98.609278146 64.177865764 89.000000000
v 111.942355841 55.914729034 89.000000000
v 109.721600407 56.555373814 89.000000000
v 99.245592045 68.710332877 89.000000000
v 98.641688045 64.121730172 89.000000000
v 111.967529530 56.059808577 89.000000000
v 109.742244648 56.616818273 89.000000000
v 99.332629680 68.799568156 89.000000000
v 98.671259528 64.064048861 89.000000000
v 111.985554180 56.205948579 89.000000000
v 109.759800472 56.679215383 89.000000000
v 99.415111108 68.893030976 89.000000000
v 103.838353184 61.289910969 89.000000000
v 111.996386369 56.352796977 89.000000000
v 99.492831268 68.990488974 89.000000000
v 103.902850878 61.296364936 89.000000000
v 112.000000000 56.500000000 89.000000000
v 109.258866774 58.055519407 89.000000000
v 109.310536742 58.016380927 89.000000000
v 109.360191589 57.974715564 89.000000000
v 109.407707864 57.930626904 89.000000000
v 109.452967433 57.884224559 89.000000000
v 109.495857776 57.835623893 89.000000000
v 109.536272259 57.784945733 89.000000000
v 109.574110407 57.732316075 89.000000000
v 109.609278146 57.677865764 89.000000000
v 109.641688045 57.621730172 89.000000000
v 109.671259528 57.564048861 89.000000000
v 109.697919075 57.504965235 89.000000000
v 109.721600407 57.444626186 89.000000000
v 109.742244648 57.383181727 89.000000000
v 109.759800472 57.320784617 89.000000000
v 109.774224234 57.257589986 89.000000000
v 109.785480074 57.193754946 89.000000000
v 109.793540008 57.129438201 89.000000000
v 109.798383998 57.064799651 89.000000000
v 109.800000000 57.000000000 89.000000000
v 109.798383998 56.935200349 89.000000000
v 109.793540008 56.870561799 89.000000000
v 109.785480074 56.806245054 89.000000000
v 109.774224234 56.742410014 89.000000000
v 99.565596936 69.091699855 89.000000000
v 103.967590101 61.299595937 89.000000000
v 99.633227204 69.196411992 89.000000000
v 104.032409899 61.299595937 89.000000000
v 99.695553933 69.304365053 89.000000000
v 104.097149122 61.296364936 89.000000000
v 99.752422170 69.415290652 89.000000000
v 104.161646816 61.289910969 89.000000000
v 104.225742631 61.280250079 89.000000000
v 99.803690530 69.528913009 89.000000000
v 104.289277214 61.267406286 89.000000000
v 99.849231552 69.644949642 89.000000000
v 104.352092609 61.251411521 89.000000000
v 99.888932014 69.763112064 89.000000000
v 104.414032645 61.232305550 89.000000000
v 99.922693216 69.883106506 89.000000000
v 104.474943332 61.210135873 89.000000000
v 99.950431220 70.004634642 89.000000000
v 104.534673234 61.184957608 89.000000000
v 72.550218136 95.160997162 89.000000000
v 72.609269722 95.206896670 89.000000000
v 72.493527858 95.112211233 89.000000000
v 78.000000000 92.000000000 89.000000000
v 74.612211233 92.993527858 89.000000000
v 74.660997162 93.050218136 89.000000000
v 74.706896670 93.109269722 89.000000000
v 78.001864618 92.074768828 89.000000000
v 74.749795642 93.170535803 89.000000000
v 72.670535803 95.249795642 89.000000000
v 99.972077066 70.127394335 89.000000000
v 104.593073855 61.156833351 89.000000000
v 78.007453837 92.149351770 89.000000000
v 74.789587425 93.233864063 89.000000000
v 72.733864063 95.289587425 89.000000000
v 99.987576938 70.251080384 89.000000000
v 104.650000000 61.125833025 89.000000000
v 104.705310143 61.092033700 89.000000000
v 78.016753761 92.223563399 89.000000000
v 74.826173090 93.299097058 89.000000000
v 72.799097058 95.326173090 89.000000000
v 78.029741268 92.297219215 89.000000000
v 74.859461681 93.366072607 89.000000000
v 72.866072607 95.359461681 89.000000000
v 99.996892303 70.375385286 89.000000000
v 104.758866774 61.055519407 89.000000000
v 78.046384071 92.370136097 89.000000000
v 74.889370435 93.434624201 89.000000000
v 72.934624201 95.389370435 89.000000000
v 100.000000000 70.500000000 89.000000000
v 104.810536742 61.016380927 89.000000000
v 78.066640791 92.442132762 89.000000000
v 74.915824995 93.504581407 89.000000000
v 73.004581407 95.415824995 89.000000000
v 73.075770302 95.438759592 89.000000000
v 78.090461069 92.513030215 89.000000000
v 74.938759592 93.575770302 89.000000000
v 99.996892303 70.624614714 89.000000000
v 73.148013899 95.458117205 89.000000000
v 78.117785682 92.582652194 89.000000000
v 74.958117205 93.648013899 89.000000000
v 73.221132589 95.473849710 89.000000000
v 78.148546698 92.650825609 89.000000000
v 74.973849710 93.721132589 89.000000000
v 73.294944588 95.485917992 89.000000000
v 78.182667640 92.717380968 89.000000000
v 74.985917992 93.794944588 89.000000000
v 73.369266386 95.494292047 89.000000000
v 78.220063678 92.782152805 89.000000000
v 74.994292047 93.869266386 89.000000000
v 78.260641839 92.844980087 89.000000000
v 74.998951057 93.943913209 89.000000000
v 73.443913209 95.498951057 89.000000000
v 54.092292136 117.069373096 89.000000000
v 54.047032567 117.115775441 89.000000000
v 54.139808411 117.025284436 89.000000000
v 54.004142224 117.164376107 89.000000000
v 54.189463258 116.983619073 89.000000000
v 53.963727741 117.215054267 89.000000000
v 54.241133226 116.944480593 89.000000000
v 53.925889593 117.267683925 89.000000000
v 54.294689857 116.907966300 89.000000000
v 78.304301239 92.905706615 89.000000000
v 74.999883439 94.018699472 89.000000000
v 73.518699472 95.499883439 89.000000000
v 53.890721854 117.322134236 89.000000000
v 54.350000000 116.874166975 89.000000000
v 53.858311955 117.378269828 89.000000000
v 54.406926145 116.843166649 89.000000000
v 53.828740472 117.435951139 89.000000000
v 54.465326766 116.815042392 89.000000000
v 53.802080925 117.495034765 89.000000000
v 53.802080925 82.504965235 89.000000000
v 54.525056668 116.789864127 89.000000000
v 78.350933335 92.964181415 89.000000000
v 74.997086874 94.093439245 89.000000000
v 73.593439245 95.497086874 89.000000000
v 53.778399593 117.555373814 89.000000000
v 53.778399593 82.444626186 89.000000000
v 54.585967355 116.767694450 89.000000000
v 53.757755352 117.616818273 89.000000000
v 53.757755352 82.383181727 89.000000000
v 54.647907391 116.748588479 89.000000000
v 53.740199528 117.679215383 89.000000000
v 53.740199528 82.320784617 89.000000000
v 73.667946714 95.490568315 89.000000000
v 78.400422192 93.020259107 89.000000000
v 74.990568315 94.167946714 89.000000000
v 54.710722786 116.732593714 89.000000000
v 53.725775766 117.742410014 89.000000000
v 53.725775766 82.257589986 89.000000000
v 54.774257369 116.719749921 89.000000000
v 53.714519926 117.806245054 89.000000000
v 78.452644773 93.073800274 89.000000000
v 74.980343968 94.242036641 89.000000000
v 73.742036641 95.480343968 89.000000000
v 54.838353184 116.710089031 89.000000000
v 54.902850878 116.703635064 89.000000000
v 78.507471244 93.124671804 89.000000000
v 74.966439253 94.315524827 89.000000000
v 73.815524827 95.466439253 89.000000000
v 54.967590101 116.700404063 89.000000000
v 55.032409899 116.700404063 89.000000000
v 78.564765297 93.172747224 89.000000000
v 74.948888739 94.388228568 89.000000000
v 73.888228568 95.448888739 89.000000000
v 55.097149122 116.703635064 89.000000000
v 73.959967111 95.427736060 89.000000000
v 78.624384492 93.217907009 89.000000000
v 74.927736060 94.459967111 89.000000000
v 55.161646816 116.710089031 89.000000000
v 55.225742631 116.719749921 89.000000000
v 74.030562104 95.403033803 89.000000000
v 78.686180604 93.260038885 89.000000000
v 74.903033803 94.530562104 89.000000000
v 55.289277214 116.732593714 89.000000000
v 74.099838036 95.374843384 89.000000000
v 78.750000000 93.299038106 89.000000000
v 74.874843384 94.599838036 89.000000000
v 74.167622677 95.343234887 89.000000000
v 78.815684014 93.334807713 89.000000000
v 74.843234887 94.667622677 89.000000000
v 96.592292136 76.569373096 89.000000000
v 96.143634340 72.600064808 89.000000000
v 96.250000000 72.665063509 89.000000000
v 96.547032567 76.615775441 89.000000000
v 96.040640819 72.529845014 89.000000000
v 96.639808411 76.525284436 89.000000000
v 96.504142224 76.664376107 89.000000000
v 95.941275495 72.454578706 89.000000000
v 96.689463258 76.483619073 89.000000000
v 96.359473357 72.724679522 89.000000000
v 96.463727741 76.715054267 89.000000000
v 96.741133226 76.444480593 89.000000000
v 96.471782242 72.778764631 89.000000000
v 96.425889593 76.767683925 89.000000000
v 95.845785406 72.374453007 89.000000000
v 96.794689857 76.407966300 89.000000000
v 96.586647439 72.827184372 89.000000000
v 96.390721854 76.822134236 89.000000000
v 95.754407955 72.289667123 89.000000000
v 96.850000000 76.374166975 89.000000000
v 96.358311955 76.878269828 89.000000000
v 95.667370320 72.200431844 89.000000000
v 96.906926145 76.343166649 89.000000000
v 96.703783374 72.869818365 89.000000000
v 96.328740472 76.935951139 89.000000000
v 95.584888892 72.106969024 89.000000000
v 96.965326766 76.315042392 89.000000000
v 96.822898830 72.906560617 89.000000000
v 96.302080925 76.995034765 89.000000000
v 97.025056668 76.289864127 89.000000000
v 96.943697665 72.937319780 89.000000000
v 96.278399593 77.055373814 89.000000000
v 97.085967355 76.267694450 89.000000000
v 96.257755352 77.116818273 89.000000000
v 86.945706752 72.029353729 89.000000000
v 97.147907391 76.248588479 89.000000000
v 97.065879556 72.962019383 89.000000000
v 96.240199528 77.179215383 89.000000000
v 86.742640687 72.242640687 89.000000000
v 97.210722786 76.232593714 89.000000000
v 97.189140738 72.980598017 89.000000000
v 96.225775766 77.242410014 89.000000000
v 97.274257369 76.219749921 89.000000000
v 96.214519926 77.306245054 89.000000000
v 86.529353729 72.445706752 89.000000000
v 97.338353184 76.210089031 89.000000000
v 97.313174766 72.993009493 89.000000000
v 96.206459992 77.370561799 89.000000000
v 97.402850878 76.203635064 89.000000000
v 97.437673271 72.999222955 89.000000000
v 96.201616002 77.435200349 89.000000000
v 86.306359705 72.638062720 89.000000000
v 97.467590101 76.200404063 89.000000000
v 96.200000000 77.500000000 89.000000000
v 86.074195827 72.819245189 89.000000000
v 97.532409899 76.200404063 89.000000000
v 97.562326729 72.999222955 89.000000000
v 96.201616002 77.564799651 89.000000000
v 97.597149122 76.203635064 89.000000000
v 97.686825234 72.993009493 89.000000000
v 96.206459992 77.629438201 89.000000000
v 85.833421398 72.988817674 89.000000000
v 97.661646816 76.210089031 89.000000000
v 97.810859262 72.980598017 89.000000000
v 96.214519926 77.693754946 89.000000000
v 97.725742631 76.219749921 89.000000000
v 97.789277214 76.232593714 89.000000000
v 97.934120444 72.962019383 89.000000000
v 97.852092609 76.248588479 89.000000000
v 98.056302335 72.937319780 89.000000000
v 97.914032645 76.267694450 89.000000000
v 97.974943332 76.289864127 89.000000000
v 98.177101170 72.906560617 89.000000000
v 98.034673234 76.315042392 89.000000000
v 98.296216626 72.869818365 89.000000000
v 98.093073855 76.343166649 89.000000000
v 98.413352561 72.827184372 89.000000000
v 98.150000000 76.374166975 89.000000000
v 98.205310143 76.407966300 89.000000000
v 98.528217758 72.778764631 89.000000000
v 98.258866774 76.444480593 89.000000000
v 98.640526643 72.724679522 89.000000000
v 98.310536742 76.483619073 89.000000000
v 98.750000000 72.665063509 89.000000000
v 98.360191589 76.525284436 89.000000000
v 98.407707864 76.569373096 89.000000000
v 98.856365660 72.600064808 89.000000000
v 98.452967433 76.615775441 89.000000000
v 98.959359181 72.529845014 89.000000000
v 98.495857776 76.664376107 89.000000000
v 99.058724505 72.454578706 89.000000000
v 98.536272259 76.715054267 89.000000000
v 98.574110407 76.767683925 89.000000000
v 99.154214594 72.374453007 89.000000000
v 98.609278146 76.822134236 89.000000000
v 99.245592045 72.289667123 89.000000000
v 98.641688045 76.878269828 89.000000000
v 99.332629680 72.200431844 89.000000000
v 98.671259528 76.935951139 89.000000000
v 99.415111108 72.106969024 89.000000000
v 98.697919075 76.995034765 89.000000000
v 99.492831268 72.009511026 89.000000000
v 98.721600407 77.055373814 89.000000000
v 93.278174593 84.100505063 89.000000000
v 85.328380421 73.291527586 89.000000000
v 84.439339828 92.939339828 89.000000000
v 81.000000000 92.000000000 89.000000000
v 63.600505063 113.778174593 89.000000000
v 72.439339828 104.939339828 89.000000000
v 78.452644773 98.926199726 89.000000000
v 74.533887508 95.086773491 89.000000000
v 74.586773491 95.033887508 89.000000000
v 78.400422192 98.979740893 89.000000000
v 74.478431117 95.136957585 89.000000000
v 84.387788767 92.993527858 89.000000000
v 93.332362623 84.048954002 89.000000000
v 85.584616465 73.146371660 89.000000000
v 63.548954002 113.832362623 89.000000000
v 72.493527858 104.887788767 89.000000000
v 78.507471244 98.875328196 89.000000000
v 74.636957585 94.978431117 89.000000000
v 78.350933335 99.035818585 89.000000000
v 74.420542192 95.184315022 89.000000000
v 63.500168073 113.889052901 89.000000000
v 84.339002838 93.050218136 89.000000000
v 93.389052901 84.000168073 89.000000000
v 72.550218136 104.839002838 89.000000000
v 78.564765297 98.827252776 89.000000000
v 74.684315022 94.920542192 89.000000000
v 78.304301239 99.094293385 89.000000000
v 74.360364655 95.228728066 89.000000000
v 63.454268566 113.948104486 89.000000000
v 55.352092609 116.748588479 89.000000000
v 84.293103330 93.109269722 89.000000000
v 80.998135382 92.074768828 89.000000000
v 93.448104486 83.954268566 89.000000000
v 72.609269722 104.793103330 89.000000000
v 78.624384492 98.782092991 89.000000000
v 74.728728066 94.860364655 89.000000000
v 78.260641839 99.155019913 89.000000000
v 74.298048115 95.270086299 89.000000000
v 84.250204358 93.170535803 89.000000000
v 80.992546163 92.149351770 89.000000000
v 63.411369594 114.009370568 89.000000000
v 55.414032645 116.767694450 89.000000000
v 93.509370568 83.911369594 89.000000000
v 96.225775766 77.757589986 89.000000000
v 72.670535803 104.750204358 89.000000000
v 78.686180604 98.739961115 89.000000000
v 74.770086299 94.798048115 89.000000000
v 78.220063678 99.217847195 89.000000000
v 74.233747502 95.308286897 89.000000000
v 84.210412575 93.233864063 89.000000000
v 80.983246239 92.223563399 89.000000000
v 93.572698828 83.871577810 89.000000000
v 96.240199528 77.820784617 89.000000000
v 63.371577810 114.072698828 89.000000000
v 55.474943332 116.789864127 89.000000000
v 72.733864063 104.710412575 89.000000000
v 78.750000000 98.700961894 89.000000000
v 74.808286897 94.733747502 89.000000000
v 78.182667640 99.282619032 89.000000000
v 84.173826910 93.299097058 89.000000000
v 80.970258732 92.297219215 89.000000000
v 63.334992145 114.137931822 89.000000000
v 55.534673234 116.815042392 89.000000000
v 55.593073855 116.843166649 89.000000000
v 93.637931822 83.834992145 89.000000000
v 96.257755352 77.883181727 89.000000000
v 72.799097058 104.673826910 89.000000000
v 78.815684014 98.665192287 89.000000000
v 78.148546698 99.349174391 89.000000000
v 84.140538319 93.366072607 89.000000000
v 80.953615929 92.370136097 89.000000000
v 63.301703555 114.204907372 89.000000000
v 55.650000000 116.874166975 89.000000000
v 93.704907372 83.801703555 89.000000000
v 96.278399593 77.944626186 89.000000000
v 72.866072607 104.640538319 89.000000000
v 78.883069345 98.632741222 89.000000000
v 78.883069345 93.367258778 89.000000000
v 78.117785682 99.417347806 89.000000000
v 84.110629565 93.434624201 89.000000000
v 80.933359209 92.442132762 89.000000000
v 63.271794800 114.273458965 89.000000000
v 55.705310143 116.907966300 89.000000000
v 93.773458965 83.771794800 89.000000000
v 96.302080925 78.004965235 89.000000000
v 72.934624201 104.610629565 89.000000000
v 78.951988463 98.603689377 89.000000000
v 78.951988463 93.396310623 89.000000000
v 78.090461069 99.486969785 89.000000000
v 84.084175005 93.504581407 89.000000000
v 80.909538931 92.513030215 89.000000000
v 63.245340240 114.343416172 89.000000000
v 55.758866774 116.944480593 89.000000000
v 93.843416172 83.745340240 89.000000000
v 96.328740472 78.064048861 89.000000000
v 73.004581407 104.584175005 89.000000000
v 79.022270025 98.578108981 89.000000000
v 79.022270025 93.421891019 89.000000000
v 79.093739298 93.443936370 89.000000000
v 78.066640791 99.557867238 89.000000000
v 84.061240408 93.575770302 89.000000000
v 80.882214318 92.582652194 89.000000000
v 93.914605067 83.722405643 89.000000000
v 96.358311955 78.121730172 89.000000000
v 63.222405643 114.414605067 89.000000000
v 55.810536742 116.983619073 89.000000000
v 73.075770302 104.561240408 89.000000000
v 79.093739298 98.556063630 89.000000000
v 78.046384071 99.629863903 89.000000000
v 84.041882795 93.648013899 89.000000000
v 80.851453302 92.650825609 89.000000000
v 63.203048030 114.486848664 89.000000000
v 55.860191589 117.025284436 89.000000000
v 93.986848664 83.703048030 89.000000000
v 96.390721854 78.177865764 89.000000000
v 73.148013899 104.541882795 89.000000000
v 79.166218599 98.537608132 89.000000000
v 79.166218599 93.462391868 89.000000000
v 79.239527733 93.477211630 89.000000000
v 78.029741268 99.702780785 89.000000000
v 84.026150290 93.721132589 89.000000000
v 80.817332360 92.717380968 89.000000000
v 94.059967354 83.687315525 89.000000000
v 96.425889593 78.232316075 89.000000000
v 63.187315525 114.559967354 89.000000000
v 55.907707864 117.069373096 89.000000000
v 73.221132589 104.526150290 89.000000000
v 79.239527733 98.522788370 89.000000000
v 79.313484443 93.488358810 89.000000000
v 78.016753761 99.776436601 89.000000000
v 84.014082008 93.794944588 89.000000000
v 80.779936322 92.782152805 89.000000000
v 63.175247244 114.633779352 89.000000000
v 55.952967433 117.115775441 89.000000000
v 94.133779352 83.675247244 89.000000000
v 96.463727741 78.284945733 89.000000000
v 73.294944588 104.514082008 89.000000000
v 79.313484443 98.511641190 89.000000000
v 78.007453837 99.850648230 89.000000000
v 84.005707953 93.869266386 89.000000000
v 80.739358161 92.844980087 89.000000000
v 63.166873188 114.708101151 89.000000000
v 55.995857776 117.164376107 89.000000000
v 94.208101151 83.666873188 89.000000000
v 96.504142224 78.335623893 89.000000000
v 73.369266386 104.505707953 89.000000000
v 79.387904860 98.504194304 89.000000000
v 79.387904860 93.495805696 89.000000000
v 78.001864618 99.925231172 89.000000000
v 84.001048943 93.943913209 89.000000000
v 80.695698761 92.905706615 89.000000000
v 63.162214178 114.782747973 89.000000000
v 56.036272259 117.215054267 89.000000000
v 94.282747973 83.662214178 89.000000000
v 96.547032567 78.384224559 89.000000000
v 73.443913209 104.501048943 89.000000000
v 79.462603962 98.500466227 89.000000000
v 79.462603962 93.499533773 89.000000000
v 79.537396038 93.499533773 89.000000000
v 78.000000000 100.000000000 89.000000000
v 84.000116561 94.018699472 89.000000000
v 80.649066665 92.964181415 89.000000000
v 63.161281796 114.857534237 89.000000000
v 56.074110407 117.267683925 89.000000000
v 94.357534237 83.661281796 89.000000000
v 96.592292136 78.430626904 89.000000000
v 73.518699472 104.500116561 89.000000000
v 79.537396038 98.500466227 89.000000000
v 78.001864618 100.074768828 89.000000000
v 84.002913126 94.093439245 89.000000000
v 80.599577808 93.020259107 89.000000000
v 63.164078361 114.932274010 89.000000000
v 56.109278146 117.322134236 89.000000000
v 94.432274010 83.664078361 89.000000000
v 96.639808411 78.474715564 89.000000000
v 73.593439245 104.502913126 89.000000000
v 79.612095140 98.504194304 89.000000000
v 79.612095140 93.495805696 89.000000000
v 79.686515557 93.488358810 89.000000000
v 78.007453837 100.149351770 89.000000000
v 84.009431685 94.167946714 89.000000000
v 80.547355227 93.073800274 89.000000000
v 63.170596920 115.006781479 89.000000000
v 56.141688045 117.378269828 89.000000000
v 94.506781479 83.670596920 89.000000000
v 96.689463258 78.516380927 89.000000000
v 73.667946714 104.509431685 89.000000000
v 79.686515557 98.511641190 89.000000000
v 79.760472267 93.477211630 89.000000000
v 78.016753761 100.223563399 89.000000000
v 84.019656032 94.242036641 89.000000000
v 80.492528756 93.124671804 89.000000000
v 94.580871406 83.680821267 89.000000000
v 96.741133226 78.555519407 89.000000000
v 63.180821267 115.080871406 89.000000000
v 56.171259528 117.435951139 89.000000000
v 73.742036641 104.519656032 89.000000000
v 79.760472267 98.522788370 89.000000000
v 78.029741268 100.297219215 89.000000000
v 84.033560747 94.315524827 89.000000000
v 80.435234703 93.172747224 89.000000000
v 94.654359591 83.694725982 89.000000000
v 96.794689857 78.592033700 89.000000000
v 63.194725982 115.154359591 89.000000000
v 56.197919075 117.495034765 89.000000000
v 73.815524827 104.533560747 89.000000000
v 79.833781401 98.537608132 89.000000000
v 79.833781401 93.462391868 89.000000000
v 78.046384071 100.370136097 89.000000000
v 84.051111261 94.388228568 89.000000000
v 80.375615508 93.217907009 89.000000000
v 63.212276496 115.227063332 89.000000000
v 56.221600407 117.555373814 89.000000000
v 94.727063332 83.712276496 89.000000000
v 96.850000000 78.625833025 89.000000000
v 73.888228568 104.551111261 89.000000000
v 79.906260702 98.556063630 89.000000000
v 79.906260702 93.443936370 89.000000000
v 78.066640791 100.442132762 89.000000000
v 84.072263940 94.459967111 89.000000000
v 80.313819396 93.260038885 89.000000000
v 63.233429175 115.298801876 89.000000000
v 56.242244648 117.616818273 89.000000000
v 94.798801876 83.733429175 89.000000000
v 96.906926145 78.656833351 89.000000000
v 96.965326766 78.684957608 89.000000000
v 73.959967111 104.572263940 89.000000000
v 79.977729975 98.578108981 89.000000000
v 79.977729975 93.421891019 89.000000000
v 80.048011537 93.396310623 89.000000000
v 78.090461069 100.513030215 89.000000000
v 84.096966197 94.530562104 89.000000000
v 80.250000000 93.299038106 89.000000000
v 63.258131432 115.369396869 89.000000000
v 56.259800472 117.679215383 89.000000000
v 94.869396869 83.758131432 89.000000000
v 97.025056668 78.710135873 89.000000000
v 74.030562104 104.596966197 89.000000000
v 80.048011537 98.603689377 89.000000000
v 78.117785682 100.582652194 89.000000000
v 84.125156616 94.599838036 89.000000000
v 80.184315986 93.334807713 89.000000000
v 94.938672801 83.786321851 89.000000000
v 97.085967355 78.732305550 89.000000000
v 63.286321851 115.438672801 89.000000000
v 56.274224234 117.742410014 89.000000000
v 74.099838036 104.625156616 89.000000000
v 80.116930655 98.632741222 89.000000000
v 80.116930655 93.367258778 89.000000000
v 78.148546698 100.650825609 89.000000000
v 84.156765113 94.667622677 89.000000000
v 95.006457441 83.817930348 89.000000000
v 97.147907391 78.751411521 89.000000000
v 63.317930348 115.506457441 89.000000000
v 56.285480074 117.806245054 89.000000000
v 74.167622677 104.656765113 89.000000000
v 80.184315986 98.665192287 89.000000000
v 78.182667640 100.717380968 89.000000000
v 84.191713103 94.733747502 89.000000000
v 95.072582266 83.852878339 89.000000000
v 97.210722786 78.767406286 89.000000000
v 63.352878339 115.572582266 89.000000000
v 56.293540008 117.870561799 89.000000000
v 74.233747502 104.691713103 89.000000000
v 80.250000000 98.700961894 89.000000000
v 78.220063678 100.782152805 89.000000000
v 84.229913701 94.798048115 89.000000000
v 63.391078936 115.636882880 89.000000000
v 95.136882880 83.891078936 89.000000000
v 97.274257369 78.780250079 89.000000000
v 74.298048115 104.729913701 89.000000000
v 80.313819396 98.739961115 89.000000000
v 78.260641839 100.844980087 89.000000000
v 84.271271934 94.860364655 89.000000000
v 95.199199419 83.932437169 89.000000000
v 97.338353184 78.789910969 89.000000000
v 74.360364655 104.771271934 89.000000000
v 80.375615508 98.782092991 89.000000000
v 78.304301239 100.905706615 89.000000000
v 84.315684978 94.920542192 89.000000000
v 95.259376957 83.976850213 89.000000000
v 97.402850878 78.796364936 89.000000000
v 74.420542192 104.815684978 89.000000000
v 80.435234703 98.827252776 89.000000000
v 78.350933335 100.964181415 89.000000000
v 84.363042415 94.978431117 89.000000000
v 95.317265882 84.024207650 89.000000000
v 97.467590101 78.799595937 89.000000000
v 74.478431117 104.863042415 89.000000000
v 80.492528756 98.875328196 89.000000000
v 78.400422192 101.020259107 89.000000000
v 84.413226509 95.033887508 89.000000000
v 95.372722273 84.074391744 89.000000000
v 97.532409899 78.799595937 89.000000000
v 74.533887508 104.913226509 89.000000000
v 80.547355227 98.926199726 89.000000000
v 78.452644773 101.073800274 89.000000000
v 84.466112492 95.086773491 89.000000000
v 95.425608256 84.127277727 89.000000000
v 97.597149122 78.796364936 89.000000000
v 74.586773491 104.966112492 89.000000000
v 80.599577808 98.979740893 89.000000000
v 78.507471244 101.124671804 89.000000000
v 84.521568883 95.136957585 89.000000000
v 95.475792350 84.182734118 89.000000000
v 97.661646816 78.789910969 89.000000000
v 74.636957585 105.021568883 89.000000000
v 80.649066665 99.035818585 89.000000000
v 78.564765297 101.172747224 89.000000000
v 84.579457808 95.184315022 89.000000000
v 95.523149787 84.240623043 89.000000000
v 97.725742631 78.780250079 89.000000000
v 74.684315022 105.079457808 89.000000000
v 80.695698761 99.094293385 89.000000000
v 78.624384492 101.217907009 89.000000000
v 84.639635345 95.228728066 89.000000000
v 95.567562831 84.300800581 89.000000000
v 97.789277214 78.767406286 89.000000000
v 74.728728066 105.139635345 89.000000000
v 80.739358161 99.155019913 89.000000000
v 78.686180604 101.260038885 89.000000000
v 84.701951885 95.270086299 89.000000000
v 95.608921064 84.363117120 89.000000000
v 97.852092609 78.751411521 89.000000000
v 74.770086299 105.201951885 89.000000000
v 80.779936322 99.217847195 89.000000000
v 78.750000000 101.299038106 89.000000000
v 84.766252498 95.308286897 89.000000000
v 74.808286897 105.266252498 89.000000000
v 80.817332360 99.282619032 89.000000000
v 78.815684014 101.334807713 89.000000000
v 84.832377323 95.343234887 89.000000000
v 74.843234887 105.332377323 89.000000000
v 80.851453302 99.349174391 89.000000000
v 60.592292136 121.569373096 89.000000000
v 56.171259528 118.564048861 89.000000000
v 56.197919075 118.504965235 89.000000000
v 60.547032567 121.615775441 89.000000000
v 56.141688045 118.621730172 89.000000000
v 60.639808411 121.525284436 89.000000000
v 56.221600407 118.444626186 89.000000000
v 60.504142224 121.664376107 89.000000000
v 56.109278146 118.677865764 89.000000000
v 60.689463258 121.483619073 89.000000000
v 56.242244648 118.383181727 89.000000000
v 60.463727741 121.715054267 89.000000000
v 56.074110407 118.732316075 89.000000000
v 60.741133226 121.444480593 89.000000000
v 56.259800472 118.320784617 89.000000000
v 60.425889593 121.767683925 89.000000000
v 56.036272259 118.784945733 89.000000000
v 60.794689857 121.407966300 89.000000000
v 56.274224234 118.257589986 89.000000000
v 60.390721854 121.822134236 89.000000000
v 55.995857776 118.835623893 89.000000000
v 60.850000000 121.374166975 89.000000000
v 56.285480074 118.193754946 89.000000000
v 60.358311955 121.878269828 89.000000000
v 55.952967433 118.884224559 89.000000000
v 60.906926145 121.343166649 89.000000000
v 56.293540008 118.129438201 89.000000000
v 60.328740472 121.935951139 89.000000000
v 55.907707864 118.930626904 89.000000000
v 60.965326766 121.315042392 89.000000000
v 56.298383998 118.064799651 89.000000000
v 60.302080925 121.995034765 89.000000000
v 55.860191589 118.974715564 89.000000000
v 61.025056668 121.289864127 89.000000000
v 56.300000000 118.000000000 89.000000000
v 60.278399593 122.055373814 89.000000000
v 55.810536742 119.016380927 89.000000000
v 61.085967355 121.267694450 89.000000000
v 56.298383998 117.935200349 89.000000000
v 60.257755352 122.116818273 89.000000000
v 55.758866774 119.055519407 89.000000000
v 61.147907391 121.248588479 89.000000000
v 60.240199528 122.179215383 89.000000000
v 55.705310143 119.092033700 89.000000000
v 61.210722786 121.232593714 89.000000000
v 63.432437169 115.699199419 89.000000000
v 60.225775766 122.242410014 89.000000000
v 55.650000000 119.125833025 89.000000000
v 61.274257369 121.219749921 89.000000000
v 63.476850213 115.759376957 89.000000000
v 60.214519926 122.306245054 89.000000000
v 55.593073855 119.156833351 89.000000000
v 61.338353184 121.210089031 89.000000000
v 63.524207650 115.817265882 89.000000000
v 60.206459992 122.370561799 89.000000000
v 55.534673234 119.184957608 89.000000000
v 61.402850878 121.203635064 89.000000000
v 63.574391744 115.872722273 89.000000000
v 60.201616002 122.435200349 89.000000000
v 55.474943332 119.210135873 89.000000000
v 61.467590101 121.200404063 89.000000000
v 63.627277727 115.925608256 89.000000000
v 60.200000000 122.500000000 89.000000000
v 55.414032645 119.232305550 89.000000000
v 61.532409899 121.200404063 89.000000000
v 63.682734118 115.975792350 89.000000000
v 60.201616002 122.564799651 89.000000000
v 55.352092609 119.251411521 89.000000000
v 61.597149122 121.203635064 89.000000000
v 63.740623043 116.023149787 89.000000000
v 60.206459992 122.629438201 89.000000000
v 55.289277214 119.267406286 89.000000000
v 61.661646816 121.210089031 89.000000000
v 63.800800581 116.067562831 89.000000000
v 60.214519926 122.693754946 89.000000000
v 55.225742631 119.280250079 89.000000000
v 61.725742631 121.219749921 89.000000000
v 63.863117120 116.108921064 89.000000000
v 60.225775766 122.757589986 89.000000000
v 55.161646816 119.289910969 89.000000000
v 61.789277214 121.232593714 89.000000000
v 63.927417734 116.147121661 89.000000000
v 60.240199528 122.820784617 89.000000000
v 55.097149122 119.296364936 89.000000000
v 61.852092609 121.248588479 89.000000000
v 63.993542559 116.182069652 89.000000000
v 60.257755352 122.883181727 89.000000000
v 55.032409899 119.299595937 89.000000000
v 61.914032645 121.267694450 89.000000000
v 64.061327199 116.213678149 89.000000000
v 60.278399593 122.944626186 89.000000000
v 61.974943332 121.289864127 89.000000000
v 64.130603131 116.241868568 89.000000000
v 62.034673234 121.315042392 89.000000000
v 64.201198124 116.266570825 89.000000000
v 62.093073855 121.343166649 89.000000000
v 62.150000000 121.374166975 89.000000000
v 64.272936668 116.287723504 89.000000000
v 62.205310143 121.407966300 89.000000000
v 64.345640409 116.305274018 89.000000000
v 62.258866774 121.444480593 89.000000000
v 64.419128594 116.319178733 89.000000000
v 62.310536742 121.483619073 89.000000000
v 64.493218521 116.329403080 89.000000000
v 62.360191589 121.525284436 89.000000000
v 64.567725990 116.335921639 89.000000000
v 62.407707864 121.569373096 89.000000000
v 64.642465763 116.338718204 89.000000000
v 62.452967433 121.615775441 89.000000000
v 64.717252027 116.337785822 89.000000000
v 62.495857776 121.664376107 89.000000000
v 64.791898849 116.333126812 89.000000000
v 103.092292136 81.069373096 89.000000000
v 98.671259528 78.064048861 89.000000000
v 98.697919075 78.004965235 89.000000000
v 103.047032567 81.115775441 89.000000000
v 98.641688045 78.121730172 89.000000000
v 103.139808411 81.025284436 89.000000000
v 98.721600407 77.944626186 89.000000000
v 103.004142224 81.164376107 89.000000000
v 98.609278146 78.177865764 89.000000000
v 103.189463258 80.983619073 89.000000000
v 98.742244648 77.883181727 89.000000000
v 102.963727741 81.215054267 89.000000000
v 98.574110407 78.232316075 89.000000000
v 103.241133226 80.944480593 89.000000000
v 98.759800472 77.820784617 89.000000000
v 102.925889593 81.267683925 89.000000000
v 98.536272259 78.284945733 89.000000000
v 103.294689857 80.907966300 89.000000000
v 98.774224234 77.757589986 89.000000000
v 102.890721854 81.322134236 89.000000000
v 98.495857776 78.335623893 89.000000000
v 103.350000000 80.874166975 89.000000000
v 98.785480074 77.693754946 89.000000000
v 102.858311955 81.378269828 89.000000000
v 98.452967433 78.384224559 89.000000000
v 103.406926145 80.843166649 89.000000000
v 98.793540008 77.629438201 89.000000000
v 62.536272259 121.715054267 89.000000000
v 64.866220648 116.324752756 89.000000000
v 102.828740472 81.435951139 89.000000000
v 98.407707864 78.430626904 89.000000000
v 103.465326766 80.815042392 89.000000000
v 98.798383998 77.564799651 89.000000000
v 102.802080925 81.495034765 89.000000000
v 98.360191589 78.474715564 89.000000000
v 103.525056668 80.789864127 89.000000000
v 98.800000000 77.500000000 89.000000000
v 102.778399593 81.555373814 89.000000000
v 98.310536742 78.516380927 89.000000000
v 62.574110407 121.767683925 89.000000000
v 64.940032646 116.312684475 89.000000000
v 103.585967355 80.767694450 89.000000000
v 98.798383998 77.435200349 89.000000000
v 102.757755352 81.616818273 89.000000000
v 98.258866774 78.555519407 89.000000000
v 103.647907391 80.748588479 89.000000000
v 98.793540008 77.370561799 89.000000000
v 102.740199528 81.679215383 89.000000000
v 98.205310143 78.592033700 89.000000000
v 62.609278146 121.822134236 89.000000000
v 65.013151336 116.296951970 89.000000000
v 103.710722786 80.732593714 89.000000000
v 98.785480074 77.306245054 89.000000000
v 102.725775766 81.742410014 89.000000000
v 98.150000000 78.625833025 89.000000000
v 103.774257369 80.719749921 89.000000000
v 98.774224234 77.242410014 89.000000000
v 62.641688045 121.878269828 89.000000000
v 65.085394933 116.277594357 89.000000000
v 102.714519926 81.806245054 89.000000000
v 98.093073855 78.656833351 89.000000000
v 103.838353184 80.710089031 89.000000000
v 98.759800472 77.179215383 89.000000000
v 102.706459992 81.870561799 89.000000000
v 98.034673234 78.684957608 89.000000000
v 103.902850878 80.703635064 89.000000000
v 98.742244648 77.116818273 89.000000000
v 62.671259528 121.935951139 89.000000000
v 65.156583828 116.254659760 89.000000000
v 102.701616002 81.935200349 89.000000000
v 97.974943332 78.710135873 89.000000000
v 103.967590101 80.700404063 89.000000000
v 62.697919075 121.995034765 89.000000000
v 65.226541035 116.228205200 89.000000000
v 102.700000000 82.000000000 89.000000000
v 97.914032645 78.732305550 89.000000000
v 104.032409899 80.700404063 89.000000000
v 99.565596936 71.908300145 89.000000000
v 102.701616002 82.064799651 89.000000000
v 62.721600407 122.055373814 89.000000000
v 65.295092628 116.198296445 89.000000000
v 104.097149122 80.703635064 89.000000000
v 99.633227204 71.803588008 89.000000000
v 102.706459992 82.129438201 89.000000000
v 95.647121661 84.427417734 89.000000000
v 62.742244648 122.116818273 89.000000000
v 65.362068178 116.165007855 89.000000000
v 104.161646816 80.710089031 89.000000000
v 99.695553933 71.695634947 89.000000000
v 102.714519926 82.193754946 89.000000000
v 95.682069652 84.493542559 89.000000000
v 62.759800472 122.179215383 89.000000000
v 65.427301172 116.128422190 89.000000000
v 104.225742631 80.719749921 89.000000000
v 99.752422170 71.584709348 89.000000000
v 102.725775766 82.257589986 89.000000000
v 95.713678149 84.561327199 89.000000000
v 62.774224234 122.242410014 89.000000000
v 65.490629432 116.088630406 89.000000000
v 104.289277214 80.732593714 89.000000000
v 99.803690530 71.471086991 89.000000000
v 102.740199528 82.320784617 89.000000000
v 95.741868568 84.630603131 89.000000000
v 62.785480074 122.306245054 89.000000000
v 65.551895514 116.045731434 89.000000000
v 104.352092609 80.748588479 89.000000000
v 99.849231552 71.355050358 89.000000000
v 102.757755352 82.383181727 89.000000000
v 95.766570825 84.701198124 89.000000000
v 104.414032645 80.767694450 89.000000000
v 99.888932014 71.236887936 89.000000000
v 102.778399593 82.444626186 89.000000000
v 95.787723504 84.772936668 89.000000000
v 104.474943332 80.789864127 89.000000000
v 102.802080925 82.504965235 89.000000000
v 95.805274018 84.845640409 89.000000000
v 104.534673234 80.815042392 89.000000000
v 99.922693216 71.116893494 89.000000000
v 86.426199726 98.952644773 89.000000000
v 85.257963359 95.480343968 89.000000000
v 85.332053286 95.490568315 89.000000000
v 78.452644773 106.926199726 89.000000000
v 74.990568315 105.832053286 89.000000000
v 74.980343968 105.757963359 89.000000000
v 78.400422192 106.979740893 89.000000000
v 74.997086874 105.906560755 89.000000000
v 86.479740893 98.900422192 89.000000000
v 85.406560755 95.497086874 89.000000000
v 86.375328196 99.007471244 89.000000000
v 85.184475173 95.466439253 89.000000000
v 78.507471244 106.875328196 89.000000000
v 74.966439253 105.684475173 89.000000000
v 78.350933335 107.035818585 89.000000000
v 74.999883439 105.981300528 89.000000000
v 86.535818585 98.850933335 89.000000000
v 85.481300528 95.499883439 89.000000000
v 86.327252776 99.064765297 89.000000000
v 85.111771432 95.448888739 89.000000000
v 78.564765297 106.827252776 89.000000000
v 74.948888739 105.611771432 89.000000000
v 102.828740472 82.564048861 89.000000000
v 95.819178733 84.919128594 89.000000000
v 86.594293385 98.804301239 89.000000000
v 85.556086791 95.498951057 89.000000000
v 78.304301239 107.094293385 89.000000000
v 74.998951057 106.056086791 89.000000000
v 86.282092991 99.124384492 89.000000000
v 85.040032889 95.427736060 89.000000000
v 78.624384492 106.782092991 89.000000000
v 74.927736060 105.540032889 89.000000000
v 86.655019913 98.760641839 89.000000000
v 85.630733614 95.494292047 89.000000000
v 78.260641839 107.155019913 89.000000000
v 74.994292047 106.130733614 89.000000000
v 86.239961115 99.186180604 89.000000000
v 84.969437896 95.403033803 89.000000000
v 78.686180604 106.739961115 89.000000000
v 74.903033803 105.469437896 89.000000000
v 104.593073855 80.843166649 89.000000000
v 99.950431220 70.995365358 89.000000000
v 86.717847195 98.720063678 89.000000000
v 85.705055412 95.485917992 89.000000000
v 78.220063678 107.217847195 89.000000000
v 74.985917992 106.205055412 89.000000000
v 86.200961894 99.250000000 89.000000000
v 84.900161964 95.374843384 89.000000000
v 78.750000000 106.700961894 89.000000000
v 74.874843384 105.400161964 89.000000000
v 78.182667640 107.282619032 89.000000000
v 74.973849710 106.278867411 89.000000000
v 86.782619032 98.682667640 89.000000000
v 85.778867411 95.473849710 89.000000000
v 102.858311955 82.621730172 89.000000000
v 95.829403080 84.993218521 89.000000000
v 86.165192287 99.315684014 89.000000000
v 78.815684014 106.665192287 89.000000000
v 86.849174391 98.648546698 89.000000000
v 85.851986101 95.458117205 89.000000000
v 78.148546698 107.349174391 89.000000000
v 74.958117205 106.351986101 89.000000000
v 78.883069345 106.632741222 89.000000000
v 78.883069345 101.367258778 89.000000000
v 86.132741222 99.383069345 89.000000000
v 80.882214318 99.417347806 89.000000000
v 104.650000000 80.874166975 89.000000000
v 99.972077066 70.872605665 89.000000000
v 86.917347806 98.617785682 89.000000000
v 85.924229698 95.438759592 89.000000000
v 78.117785682 107.417347806 89.000000000
v 74.938759592 106.424229698 89.000000000
v 86.103689377 99.451988463 89.000000000
v 80.909538931 99.486969785 89.000000000
v 78.951988463 106.603689377 89.000000000
v 78.951988463 101.396310623 89.000000000
v 102.890721854 82.677865764 89.000000000
v 95.835921639 85.067725990 89.000000000
v 86.986969785 98.590461069 89.000000000
v 85.995418593 95.415824995 89.000000000
v 78.090461069 107.486969785 89.000000000
v 74.915824995 106.495418593 89.000000000
v 86.078108981 99.522270025 89.000000000
v 80.933359209 99.557867238 89.000000000
v 79.022270025 106.578108981 89.000000000
v 79.022270025 101.421891019 89.000000000
v 104.705310143 80.907966300 89.000000000
v 99.987576938 70.748919616 89.000000000
v 87.057867238 98.566640791 89.000000000
v 86.065375799 95.389370435 89.000000000
v 78.066640791 107.557867238 89.000000000
v 74.889370435 106.565375799 89.000000000
v 86.056063630 99.593739298 89.000000000
v 80.953615929 99.629863903 89.000000000
v 79.093739298 106.556063630 89.000000000
v 79.093739298 101.443936370 89.000000000
v 102.925889593 82.732316075 89.000000000
v 95.838718204 85.142465763 89.000000000
v 87.129863903 98.546384071 89.000000000
v 86.133927393 95.359461681 89.000000000
v 78.046384071 107.629863903 89.000000000
v 74.859461681 106.633927393 89.000000000
v 104.758866774 80.944480593 89.000000000
v 86.037608132 99.666218599 89.000000000
v 80.970258732 99.702780785 89.000000000
v 79.166218599 106.537608132 89.000000000
v 79.166218599 101.462391868 89.000000000
v 78.029741268 107.702780785 89.000000000
v 74.826173090 106.700902942 89.000000000
v 87.202780785 98.529741268 89.000000000
v 86.200902942 95.326173090 89.000000000
v 102.963727741 82.784945733 89.000000000
v 95.837785822 85.217252027 89.000000000
v 86.022788370 99.739527733 89.000000000
v 80.983246239 99.776436601 89.000000000
v 79.239527733 106.522788370 89.000000000
v 79.239527733 101.477211630 89.000000000
v 87.276436601 98.516753761 89.000000000
v 86.266135937 95.289587425 89.000000000
v 78.016753761 107.776436601 89.000000000
v 74.789587425 106.766135937 89.000000000
v 104.810536742 80.983619073 89.000000000
v 86.011641190 99.813484443 89.000000000
v 80.992546163 99.850648230 89.000000000
v 79.313484443 106.511641190 89.000000000
v 79.313484443 101.488358810 89.000000000
v 79.387904860 101.495805696 89.000000000
v 103.004142224 82.835623893 89.000000000
v 95.833126812 85.291898849 89.000000000
v 87.350648230 98.507453837 89.000000000
v 86.329464197 95.249795642 89.000000000
v 78.007453837 107.850648230 89.000000000
v 74.749795642 106.829464197 89.000000000
v 104.860191589 81.025284436 89.000000000
v 104.860191589 60.974715564 89.000000000
v 86.004194304 99.887904860 89.000000000
v 80.998135382 99.925231172 89.000000000
v 79.387904860 106.504194304 89.000000000
v 87.425231172 98.501864618 89.000000000
v 86.390730278 95.206896670 89.000000000
v 78.001864618 107.925231172 89.000000000
v 74.706896670 106.890730278 89.000000000
v 103.047032567 82.884224559 89.000000000
v 95.824752756 85.366220648 89.000000000
v 86.000466227 99.962603962 89.000000000
v 81.000000000 100.000000000 89.000000000
v 79.462603962 106.500466227 89.000000000
v 79.462603962 101.499533773 89.000000000
v 104.907707864 81.069373096 89.000000000
v 86.506472142 95.112211233 89.000000000
v 86.560660172 95.060660172 89.000000000
v 86.449781864 95.160997162 89.000000000
v 78.000000000 108.000000000 89.000000000
v 74.660997162 106.949781864 89.000000000
v 74.612211233 107.006472142 89.000000000
v 74.560660172 107.060660172 89.000000000
v 103.092292136 82.930626904 89.000000000
v 95.812684475 85.440032646 89.000000000
v 86.000466227 100.037396038 89.000000000
v 80.998135382 100.074768828 89.000000000
v 79.537396038 106.500466227 89.000000000
v 79.537396038 101.499533773 89.000000000
v 104.952967433 81.115775441 89.000000000
v 109.093073855 58.156833351 89.000000000
v 103.139808411 82.974715564 89.000000000
v 95.796951970 85.513151336 89.000000000
v 86.004194304 100.112095140 89.000000000
v 80.992546163 100.149351770 89.000000000
v 79.612095140 106.504194304 89.000000000
v 79.612095140 101.495805696 89.000000000
v 104.995857776 81.164376107 89.000000000
v 109.150000000 58.125833025 89.000000000
v 86.011641190 100.186515557 89.000000000
v 80.983246239 100.223563399 89.000000000
v 79.686515557 106.511641190 89.000000000
v 79.686515557 101.488358810 89.000000000
v 103.189463258 83.016380927 89.000000000
v 95.777594357 85.585394933 89.000000000
v 105.036272259 81.215054267 89.000000000
v 109.205310143 58.092033700 89.000000000
v 86.022788370 100.260472267 89.000000000
v 80.970258732 100.297219215 89.000000000
v 79.760472267 106.522788370 89.000000000
v 79.760472267 101.477211630 89.000000000
v 103.241133226 83.055519407 89.000000000
v 95.754659760 85.656583828 89.000000000
v 105.074110407 81.267683925 89.000000000
v 86.037608132 100.333781401 89.000000000
v 80.953615929 100.370136097 89.000000000
v 79.833781401 106.537608132 89.000000000
v 79.833781401 101.462391868 89.000000000
v 103.294689857 83.092033700 89.000000000
v 95.728205200 85.726541035 89.000000000
v 105.109278146 81.322134236 89.000000000
v 86.056063630 100.406260702 89.000000000
v 80.933359209 100.442132762 89.000000000
v 79.906260702 106.556063630 89.000000000
v 79.906260702 101.443936370 89.000000000
v 103.350000000 83.125833025 89.000000000
v 95.698296445 85.795092628 89.000000000
v 105.141688045 81.378269828 89.000000000
v 86.078108981 100.477729975 89.000000000
v 80.909538931 100.513030215 89.000000000
v 79.977729975 106.578108981 89.000000000
v 79.977729975 101.421891019 89.000000000
v 80.048011537 101.396310623 89.000000000
v 103.406926145 83.156833351 89.000000000
v 95.665007855 85.862068178 89.000000000
v 105.171259528 81.435951139 89.000000000
v 103.465326766 83.184957608 89.000000000
v 86.103689377 100.548011537 89.000000000
v 80.882214318 100.582652194 89.000000000
v 80.048011537 106.603689377 89.000000000
v 105.197919075 81.495034765 89.000000000
v 103.525056668 83.210135873 89.000000000
v 95.628422190 85.927301172 89.000000000
v 80.116930655 106.632741222 89.000000000
v 80.116930655 101.367258778 89.000000000
v 86.132741222 100.616930655 89.000000000
v 80.851453302 100.650825609 89.000000000
v 105.221600407 81.555373814 89.000000000
v 103.585967355 83.232305550 89.000000000
v 95.588630406 85.990629432 89.000000000
v 86.165192287 100.684315986 89.000000000
v 80.184315986 106.665192287 89.000000000
v 80.184315986 101.334807713 89.000000000
v 105.242244648 81.616818273 89.000000000
v 103.647907391 83.251411521 89.000000000
v 95.545731434 86.051895514 89.000000000
v 105.259800472 81.679215383 89.000000000
v 103.710722786 83.267406286 89.000000000
v 105.274224234 81.742410014 89.000000000
v 105.285480074 81.806245054 89.000000000
v 105.293540008 81.870561799 89.000000000
v 105.298383998 81.935200349 89.000000000
v 105.300000000 82.000000000 89.000000000
v 105.298383998 82.064799651 89.000000000
v 105.293540008 82.129438201 89.000000000
v 59.754407955 127.710332877 89.000000000
v 60.358311955 123.121730172 89.000000000
v 60.390721854 123.177865764 89.000000000
v 59.667370320 127.799568156 89.000000000
v 60.328740472 123.064048861 89.000000000
v 59.845785406 127.625546993 89.000000000
v 60.425889593 123.232316075 89.000000000
v 59.584888892 127.893030976 89.000000000
v 60.302080925 123.004965235 89.000000000
v 105.285480074 82.193754946 89.000000000
v 59.941275495 127.545421294 89.000000000
v 60.463727741 123.284945733 89.000000000
v 60.504142224 123.335623893 89.000000000
v 59.507168732 127.990488974 89.000000000
v 54.967590101 119.299595937 89.000000000
v 60.040640819 127.470154986 89.000000000
v 60.547032567 123.384224559 89.000000000
v 59.434403064 128.091699855 89.000000000
v 54.902850878 119.296364936 89.000000000
v 60.143634340 127.399935192 89.000000000
v 60.592292136 123.430626904 89.000000000
v 59.366772796 128.196411992 89.000000000
v 54.838353184 119.289910969 89.000000000
v 60.250000000 127.334936491 89.000000000
v 60.639808411 123.474715564 89.000000000
v 60.689463258 123.516380927 89.000000000
v 59.304446067 128.304365053 89.000000000
v 54.774257369 119.280250079 89.000000000
v 60.359473357 127.275320478 89.000000000
v 60.741133226 123.555519407 89.000000000
v 59.247577830 128.415290652 89.000000000
v 54.710722786 119.267406286 89.000000000
v 60.471782242 127.221235369 89.000000000
v 60.794689857 123.592033700 89.000000000
v 59.196309470 128.528913009 89.000000000
v 54.647907391 119.251411521 89.000000000
v 60.586647439 127.172815628 89.000000000
v 60.850000000 123.625833025 89.000000000
v 60.906926145 123.656833351 89.000000000
v 59.150768448 128.644949642 89.000000000
v 54.585967355 119.232305550 89.000000000
v 60.703783374 127.130181635 89.000000000
v 60.965326766 123.684957608 89.000000000
v 59.111067986 128.763112064 89.000000000
v 54.525056668 119.210135873 89.000000000
v 54.465326766 119.184957608 89.000000000
v 60.822898830 127.093439383 89.000000000
v 61.025056668 123.710135873 89.000000000
v 59.077306784 128.883106506 89.000000000
v 54.406926145 119.156833351 89.000000000
v 60.943697665 127.062680220 89.000000000
v 61.085967355 123.732305550 89.000000000
v 61.147907391 123.751411521 89.000000000
v 59.049568780 129.004634642 89.000000000
v 54.350000000 119.125833025 89.000000000
v 61.065879556 127.037980617 89.000000000
v 61.210722786 123.767406286 89.000000000
v 59.027922934 129.127394335 89.000000000
v 54.294689857 119.092033700 89.000000000
v 61.189140738 127.019401983 89.000000000
v 61.274257369 123.780250079 89.000000000
v 61.338353184 123.789910969 89.000000000
v 59.012423062 129.251080384 89.000000000
v 54.241133226 119.055519407 89.000000000
v 61.313174766 127.006990507 89.000000000
v 61.402850878 123.796364936 89.000000000
v 59.003107697 129.375385286 89.000000000
v 54.189463258 119.016380927 89.000000000
v 61.437673271 127.000777045 89.000000000
v 61.467590101 123.799595937 89.000000000
v 61.562326729 127.000777045 89.000000000
v 61.532409899 123.799595937 89.000000000
v 61.597149122 123.796364936 89.000000000
v 61.686825234 127.006990507 89.000000000
v 61.661646816 123.789910969 89.000000000
v 61.810859262 127.019401983 89.000000000
v 61.725742631 123.780250079 89.000000000
v 61.789277214 123.767406286 89.000000000
v 61.934120444 127.037980617 89.000000000
v 61.852092609 123.751411521 89.000000000
v 62.056302335 127.062680220 89.000000000
v 61.914032645 123.732305550 89.000000000
v 61.974943332 123.710135873 89.000000000
v 62.177101170 127.093439383 89.000000000
v 62.034673234 123.684957608 89.000000000
v 84.413226509 104.966112492 89.000000000
v 80.492528756 101.124671804 89.000000000
v 80.547355227 101.073800274 89.000000000
v 84.466112492 104.913226509 89.000000000
v 80.599577808 101.020259107 89.000000000
v 84.363042415 105.021568883 89.000000000
v 80.435234703 101.172747224 89.000000000
v 84.521568883 104.863042415 89.000000000
v 80.649066665 100.964181415 89.000000000
v 84.315684978 105.079457808 89.000000000
v 80.375615508 101.217907009 89.000000000
v 84.579457808 104.815684978 89.000000000
v 80.695698761 100.905706615 89.000000000
v 84.271271934 105.139635345 89.000000000
v 80.313819396 101.260038885 89.000000000
v 84.639635345 104.771271934 89.000000000
v 80.739358161 100.844980087 89.000000000
v 62.296216626 127.130181635 89.000000000
v 62.093073855 123.656833351 89.000000000
v 84.229913701 105.201951885 89.000000000
v 80.250000000 101.299038106 89.000000000
v 84.701951885 104.729913701 89.000000000
v 80.779936322 100.782152805 89.000000000
v 84.191713103 105.266252498 89.000000000
v 84.766252498 104.691713103 89.000000000
v 80.817332360 100.717380968 89.000000000
v 84.156765113 105.332377323 89.000000000
v 84.832377323 104.656765113 89.000000000
v 84.125156616 105.400161964 89.000000000
v 80.250000000 106.700961894 89.000000000
v 84.900161964 104.625156616 89.000000000
v 86.200961894 100.750000000 89.000000000
v 84.096966197 105.469437896 89.000000000
v 80.313819396 106.739961115 89.000000000
v 84.969437896 104.596966197 89.000000000
v 86.239961115 100.813819396 89.000000000
v 62.413352561 127.172815628 89.000000000
v 62.150000000 123.625833025 89.000000000
v 62.205310143 123.592033700 89.000000000
v 84.072263940 105.540032889 89.000000000
v 80.375615508 106.782092991 89.000000000
v 85.040032889 104.572263940 89.000000000
v 86.282092991 100.875615508 89.000000000
v 84.051111261 105.611771432 89.000000000
v 80.435234703 106.827252776 89.000000000
v 85.111771432 104.551111261 89.000000000
v 86.327252776 100.935234703 89.000000000
v 84.033560747 105.684475173 89.000000000
v 80.492528756 106.875328196 89.000000000
v 85.184475173 104.533560747 89.000000000
v 86.375328196 100.992528756 89.000000000
v 62.528217758 127.221235369 89.000000000
v 62.258866774 123.555519407 89.000000000
v 84.019656032 105.757963359 89.000000000
v 80.547355227 106.926199726 89.000000000
v 85.257963359 104.519656032 89.000000000
v 86.426199726 101.047355227 89.000000000
v 84.009431685 105.832053286 89.000000000
v 80.599577808 106.979740893 89.000000000
v 85.332053286 104.509431685 89.000000000
v 86.479740893 101.099577808 89.000000000
v 84.002913126 105.906560755 89.000000000
v 80.649066665 107.035818585 89.000000000
v 85.406560755 104.502913126 89.000000000
v 86.535818585 101.149066665 89.000000000
v 62.640526643 127.275320478 89.000000000
v 62.310536742 123.516380927 89.000000000
v 84.000116561 105.981300528 89.000000000
v 80.695698761 107.094293385 89.000000000
v 85.481300528 104.500116561 89.000000000
v 86.594293385 101.195698761 89.000000000
v 84.001048943 106.056086791 89.000000000
v 80.739358161 107.155019913 89.000000000
v 85.556086791 104.501048943 89.000000000
v 86.655019913 101.239358161 89.000000000
v 62.750000000 127.334936491 89.000000000
v 62.360191589 123.474715564 89.000000000
v 62.407707864 123.430626904 89.000000000
v 84.005707953 106.130733614 89.000000000
v 80.779936322 107.217847195 89.000000000
v 85.630733614 104.505707953 89.000000000
v 86.717847195 101.279936322 89.000000000
v 84.014082008 106.205055412 89.000000000
v 80.817332360 107.282619032 89.000000000
v 85.705055412 104.514082008 89.000000000
v 86.782619032 101.317332360 89.000000000
v 62.856365660 127.399935192 89.000000000
v 62.452967433 123.384224559 89.000000000
v 84.026150290 106.278867411 89.000000000
v 80.851453302 107.349174391 89.000000000
v 85.778867411 104.526150290 89.000000000
v 86.849174391 101.351453302 89.000000000
v 84.041882795 106.351986101 89.000000000
v 80.882214318 107.417347806 89.000000000
v 85.851986101 104.541882795 89.000000000
v 86.917347806 101.382214318 89.000000000
v 62.959359181 127.470154986 89.000000000
v 62.495857776 123.335623893 89.000000000
v 84.061240408 106.424229698 89.000000000
v 80.909538931 107.486969785 89.000000000
v 85.924229698 104.561240408 89.000000000
v 86.986969785 101.409538931 89.000000000
v 47.000000000 143.500000000 89.000000000
v 53.701616002 117.935200349 89.000000000
v 53.700000000 118.000000000 89.000000000
v 53.706459992 117.870561799 89.000000000
v 53.890721854 118.677865764 89.000000000
v 53.925889593 118.732316075 89.000000000
v 53.858311955 118.621730172 89.000000000
v 53.828740472 118.564048861 89.000000000
v 53.802080925 118.504965235 89.000000000
v 53.778399593 118.444626186 89.000000000
v 53.757755352 118.383181727 89.000000000
v 53.740199528 118.320784617 89.000000000
v 53.725775766 118.257589986 89.000000000
v 53.714519926 118.193754946 89.000000000
v 53.706459992 118.129438201 89.000000000
v 53.701616002 118.064799651 89.000000000
v 84.084175005 106.495418593 89.000000000
v 80.933359209 107.557867238 89.000000000
v 85.995418593 104.584175005 89.000000000
v 87.057867238 101.433359209 89.000000000
v 63.058724505 127.545421294 89.000000000
v 62.536272259 123.284945733 89.000000000
v 62.574110407 123.232316075 89.000000000
v 84.110629565 106.565375799 89.000000000
v 80.953615929 107.629863903 89.000000000
v 86.065375799 104.610629565 89.000000000
v 87.129863903 101.453615929 89.000000000
v 84.140538319 106.633927393 89.000000000
v 80.970258732 107.702780785 89.000000000
v 86.133927393 104.640538319 89.000000000
v 87.202780785 101.470258732 89.000000000
v 63.154214594 127.625546993 89.000000000
v 62.609278146 123.177865764 89.000000000
v 84.173826910 106.700902942 89.000000000
v 80.983246239 107.776436601 89.000000000
v 86.200902942 104.673826910 89.000000000
v 87.276436601 101.483246239 89.000000000
v 63.245592045 127.710332877 89.000000000
v 62.641688045 123.121730172 89.000000000
v 84.210412575 106.766135937 89.000000000
v 80.992546163 107.850648230 89.000000000
v 86.266135937 104.710412575 89.000000000
v 87.350648230 101.492546163 89.000000000
v 84.250204358 106.829464197 89.000000000
v 80.998135382 107.925231172 89.000000000
v 86.329464197 104.750204358 89.000000000
v 87.425231172 101.498135382 89.000000000
v 63.332629680 127.799568156 89.000000000
v 62.671259528 123.064048861 89.000000000
v 84.293103330 106.890730278 89.000000000
v 81.000000000 108.000000000 89.000000000
v 86.390730278 104.793103330 89.000000000
v 84.339002838 106.949781864 89.000000000
v 86.449781864 104.839002838 89.000000000
v 63.415111108 127.893030976 89.000000000
v 62.697919075 123.004965235 89.000000000
v 84.387788767 107.006472142 89.000000000
v 86.506472142 104.887788767 89.000000000
v 63.492831268 127.990488974 89.000000000
v 62.721600407 122.944626186 89.000000000
v 86.560660172 104.939339828 89.000000000
v 84.439339828 107.060660172 89.000000000
v 49.547032567 142.115775441 89.000000000
v 49.592292136 142.069373096 89.000000000
v 49.639808411 142.025284436 89.000000000
v 49.504142224 142.164376107 89.000000000
v 49.689463258 141.983619073 89.000000000
v 49.463727741 142.215054267 89.000000000
v 49.741133226 141.944480593 89.000000000
v 49.425889593 142.267683925 89.000000000
v 49.794689857 141.907966300 89.000000000
v 53.963727741 118.784945733 89.000000000
v 49.390721854 142.322134236 89.000000000
v 49.850000000 141.874166975 89.000000000
v 54.004142224 118.835623893 89.000000000
v 49.358311955 142.378269828 89.000000000
v 49.906926145 141.843166649 89.000000000
v 54.047032567 118.884224559 89.000000000
v 49.328740472 142.435951139 89.000000000
v 49.965326766 141.815042392 89.000000000
v 54.092292136 118.930626904 89.000000000
v 49.302080925 142.495034765 89.000000000
v 49.278399593 142.555373814 89.000000000
v 49.257755352 142.616818273 89.000000000
v 49.240199528 142.679215383 89.000000000
v 49.225775766 142.742410014 89.000000000
v 49.214519926 142.806245054 89.000000000
v 49.206459992 142.870561799 89.000000000
v 49.201616002 142.935200349 89.000000000
v 49.200000000 143.000000000 89.000000000
v 49.201616002 143.064799651 89.000000000
v 49.206459992 143.129438201 89.000000000
v 49.214519926 143.193754946 89.000000000
v 49.225775766 143.257589986 89.000000000
v 49.240199528 143.320784617 89.000000000
v 47.014445820 143.794051421 89.000000000
v 47.003613631 143.647203023 89.000000000
v 49.257755352 143.383181727 89.000000000
v 47.032470470 143.940191423 89.000000000
v 49.278399593 143.444626186 89.000000000
v 47.057644159 144.085270966 89.000000000
v 49.302080925 143.504965235 89.000000000
v 47.129178993 144.370854032 89.000000000
v 47.089906240 144.228940540 89.000000000
v 49.328740472 143.564048861 89.000000000
v 47.175367804 144.510669560 89.000000000
v 49.358311955 143.621730172 89.000000000
v 47.288032121 144.782665280 89.000000000
v 47.228361402 144.648050297 89.000000000
v 49.390721854 143.677865764 89.000000000
v 47.354236207 144.914190210 89.000000000
v 49.425889593 143.732316075 89.000000000
v 47.426814170 145.042308233 89.000000000
v 54.092292136 139.069373096 89.000000000
v 50.025056668 141.789864127 89.000000000
v 54.047032567 139.115775441 89.000000000
v 50.085967355 141.767694450 89.000000000
v 54.139808411 139.025284436 89.000000000
v 54.139808411 118.974715564 89.000000000
v 54.004142224 139.164376107 89.000000000
v 50.147907391 141.748588479 89.000000000
v 54.189463258 138.983619073 89.000000000
v 59.000000000 129.500000000 89.000000000
v 53.963727741 139.215054267 89.000000000
v 50.210722786 141.732593714 89.000000000
v 54.241133226 138.944480593 89.000000000
v 59.003107697 129.624614714 89.000000000
v 53.925889593 139.267683925 89.000000000
v 50.274257369 141.719749921 89.000000000
v 54.294689857 138.907966300 89.000000000
v 59.012423062 129.748919616 89.000000000
v 53.890721854 139.322134236 89.000000000
v 50.338353184 141.710089031 89.000000000
v 54.350000000 138.874166975 89.000000000
v 53.858311955 139.378269828 89.000000000
v 50.402850878 141.703635064 89.000000000
v 49.463727741 143.784945733 89.000000000
v 47.590377406 145.287097913 89.000000000
v 47.505591163 145.166710699 89.000000000
v 54.406926145 138.843166649 89.000000000
v 59.027922934 129.872605665 89.000000000
v 53.828740472 139.435951139 89.000000000
v 50.467590101 141.700404063 89.000000000
v 54.465326766 138.815042392 89.000000000
v 59.049568780 129.995365358 89.000000000
v 53.802080925 139.495034765 89.000000000
v 50.532409899 141.700404063 89.000000000
v 54.525056668 138.789864127 89.000000000
v 59.077306784 130.116893494 89.000000000
v 53.778399593 139.555373814 89.000000000
v 50.597149122 141.703635064 89.000000000
v 49.504142224 143.835623893 89.000000000
v 47.680968640 145.403179852 89.000000000
v 54.585967355 138.767694450 89.000000000
v 59.111067986 130.236887936 89.000000000
v 53.757755352 139.616818273 89.000000000
v 50.661646816 141.710089031 89.000000000
v 54.647907391 138.748588479 89.000000000
v 59.150768448 130.355050358 89.000000000
v 53.740199528 139.679215383 89.000000000
v 50.725742631 141.719749921 89.000000000
v 49.547032567 143.884224559 89.000000000
v 47.777146624 145.514676865 89.000000000
v 54.710722786 138.732593714 89.000000000
v 59.196309470 130.471086991 89.000000000
v 53.725775766 139.742410014 89.000000000
v 50.789277214 141.732593714 89.000000000
v 54.774257369 138.719749921 89.000000000
v 59.247577830 130.584709348 89.000000000
v 47.878679656 145.621320344 89.000000000
v 53.714519926 139.806245054 89.000000000
v 50.852092609 141.748588479 89.000000000
v 49.592292136 143.930626904 89.000000000
v 54.838353184 138.710089031 89.000000000
v 53.706459992 139.870561799 89.000000000
v 50.914032645 141.767694450 89.000000000
v 54.902850878 138.703635064 89.000000000
v 59.304446067 130.695634947 89.000000000
v 53.701616002 139.935200349 89.000000000
v 50.974943332 141.789864127 89.000000000
v 54.967590101 138.700404063 89.000000000
v 59.366772796 130.803588008 89.000000000
v 53.700000000 140.000000000 89.000000000
v 51.034673234 141.815042392 89.000000000
v 47.985323135 145.722853376 89.000000000
v 49.639808411 143.974715564 89.000000000
v 55.032409899 138.700404063 89.000000000
v 59.434403064 130.908300145 89.000000000
v 53.701616002 140.064799651 89.000000000
v 51.093073855 141.843166649 89.000000000
v 55.097149122 138.703635064 89.000000000
v 59.507168732 131.009511026 89.000000000
v 53.706459992 140.129438201 89.000000000
v 51.150000000 141.874166975 89.000000000
v 55.161646816 138.710089031 89.000000000
v 59.584888892 131.106969024 89.000000000
v 53.714519926 140.193754946 89.000000000
v 51.205310143 141.907966300 89.000000000
v 48.096820148 145.819031360 89.000000000
v 49.689463258 144.016380927 89.000000000
v 55.225742631 138.719749921 89.000000000
v 53.725775766 140.257589986 89.000000000
v 51.258866774 141.944480593 89.000000000
v 53.740199528 140.320784617 89.000000000
v 51.310536742 141.983619073 89.000000000
v 48.212902087 145.909622594 89.000000000
v 53.757755352 140.383181727 89.000000000
v 51.360191589 142.025284436 89.000000000
v 53.778399593 140.444626186 89.000000000
v 51.407707864 142.069373096 89.000000000
v 53.802080925 140.504965235 89.000000000
v 51.452967433 142.115775441 89.000000000
v 48.333289301 145.994408837 89.000000000
v 49.741133226 144.055519407 89.000000000
v 53.828740472 140.564048861 89.000000000
v 51.495857776 142.164376107 89.000000000
v 53.858311955 140.621730172 89.000000000
v 51.536272259 142.215054267 89.000000000
v 48.457691767 146.073185830 89.000000000
v 49.794689857 144.092033700 89.000000000
v 53.890721854 140.677865764 89.000000000
v 51.574110407 142.267683925 89.000000000
v 53.925889593 140.732316075 89.000000000
v 51.609278146 142.322134236 89.000000000
v 48.585809790 146.145763793 89.000000000
v 53.963727741 140.784945733 89.000000000
v 51.641688045 142.378269828 89.000000000
v 54.004142224 140.835623893 89.000000000
v 51.671259528 142.435951139 89.000000000
v 48.717334720 146.211967879 89.000000000
v 49.850000000 144.125833025 89.000000000
v 54.047032567 140.884224559 89.000000000
v 51.697919075 142.495034765 89.000000000
v 54.092292136 140.930626904 89.000000000
v 51.721600407 142.555373814 89.000000000
v 54.139808411 140.974715564 89.000000000
v 51.742244648 142.616818273 89.000000000
v 48.851949703 146.271638598 89.000000000
v 49.906926145 144.156833351 89.000000000
v 54.189463258 141.016380927 89.000000000
v 51.759800472 142.679215383 89.000000000
v 54.241133226 141.055519407 89.000000000
v 51.774224234 142.742410014 89.000000000
v 48.989330440 146.324632196 89.000000000
v 49.965326766 144.184957608 89.000000000
v 54.294689857 141.092033700 89.000000000
v 51.785480074 142.806245054 89.000000000
v 54.350000000 141.125833025 89.000000000
v 51.793540008 142.870561799 89.000000000
v 49.129145968 146.370821007 89.000000000
v 54.406926145 141.156833351 89.000000000
v 51.798383998 142.935200349 89.000000000
v 54.465326766 141.184957608 89.000000000
v 51.800000000 143.000000000 89.000000000
v 49.271059460 146.410093760 89.000000000
v 50.025056668 144.210135873 89.000000000
v 54.525056668 141.210135873 89.000000000
v 51.798383998 143.064799651 89.000000000
v 54.585967355 141.232305550 89.000000000
v 51.793540008 143.129438201 89.000000000
v 49.414729034 146.442355841 89.000000000
v 50.085967355 144.232305550 89.000000000
v 54.647907391 141.251411521 89.000000000
v 51.785480074 143.193754946 89.000000000
v 54.710722786 141.267406286 89.000000000
v 51.774224234 143.257589986 89.000000000
v 49.559808577 146.467529530 89.000000000
v 54.774257369 141.280250079 89.000000000
v 51.759800472 143.320784617 89.000000000
v 54.838353184 141.289910969 89.000000000
v 51.742244648 143.383181727 89.000000000
v 60.592292136 135.569373096 89.000000000
v 60.143634340 131.600064808 89.000000000
v 60.250000000 131.665063509 89.000000000
v 60.547032567 135.615775441 89.000000000
v 60.040640819 131.529845014 89.000000000
v 60.639808411 135.525284436 89.000000000
v 60.504142224 135.664376107 89.000000000
v 59.941275495 131.454578706 89.000000000
v 60.689463258 135.483619073 89.000000000
v 60.359473357 131.724679522 89.000000000
v 60.463727741 135.715054267 89.000000000
v 60.741133226 135.444480593 89.000000000
v 60.471782242 131.778764631 89.000000000
v 49.705948579 146.485554180 89.000000000
v 50.147907391 144.251411521 89.000000000
v 60.425889593 135.767683925 89.000000000
v 59.845785406 131.374453007 89.000000000
v 54.902850878 141.296364936 89.000000000
v 51.721600407 143.444626186 89.000000000
v 60.794689857 135.407966300 89.000000000
v 60.586647439 131.827184372 89.000000000
v 60.390721854 135.822134236 89.000000000
v 59.754407955 131.289667123 89.000000000
v 60.850000000 135.374166975 89.000000000
v 60.358311955 135.878269828 89.000000000
v 59.667370320 131.200431844 89.000000000
v 60.906926145 135.343166649 89.000000000
v 60.703783374 131.869818365 89.000000000
v 60.328740472 135.935951139 89.000000000
v 54.967590101 141.299595937 89.000000000
v 51.697919075 143.504965235 89.000000000
v 60.965326766 135.315042392 89.000000000
v 60.822898830 131.906560617 89.000000000
v 60.302080925 135.995034765 89.000000000
v 55.289277214 138.732593714 89.000000000
v 61.025056668 135.289864127 89.000000000
v 60.943697665 131.937319780 89.000000000
v 55.032409899 141.299595937 89.000000000
v 51.671259528 143.564048861 89.000000000
v 60.278399593 136.055373814 89.000000000
v 55.352092609 138.748588479 89.000000000
v 49.852796977 146.496386369 89.000000000
v 50.210722786 144.267406286 89.000000000
v 61.085967355 135.267694450 89.000000000
v 60.257755352 136.116818273 89.000000000
v 55.414032645 138.767694450 89.000000000
v 55.097149122 141.296364936 89.000000000
v 51.641688045 143.621730172 89.000000000
v 61.147907391 135.248588479 89.000000000
v 61.065879556 131.962019383 89.000000000
v 60.240199528 136.179215383 89.000000000
v 55.474943332 138.789864127 89.000000000
v 61.210722786 135.232593714 89.000000000
v 61.189140738 131.980598017 89.000000000
v 55.161646816 141.289910969 89.000000000
v 51.609278146 143.677865764 89.000000000
v 60.225775766 136.242410014 89.000000000
v 55.534673234 138.815042392 89.000000000
v 61.274257369 135.219749921 89.000000000
v 50.000000000 146.500000000 89.000000000
v 50.274257369 144.280250079 89.000000000
v 50.338353184 144.289910969 89.000000000
v 50.402850878 144.296364936 89.000000000
v 50.467590101 144.299595937 89.000000000
v 50.532409899 144.299595937 89.000000000
v 50.597149122 144.296364936 89.000000000
v 50.661646816 144.289910969 89.000000000
v 50.725742631 144.280250079 89.000000000
v 50.789277214 144.267406286 89.000000000
v 50.852092609 144.251411521 89.000000000
v 50.914032645 144.232305550 89.000000000
v 50.974943332 144.210135873 89.000000000
v 51.034673234 144.184957608 89.000000000
v 51.093073855 144.156833351 89.000000000
v 51.150000000 144.125833025 89.000000000
v 51.205310143 144.092033700 89.000000000
v 51.258866774 144.055519407 89.000000000
v 51.310536742 144.016380927 89.000000000
v 51.360191589 143.974715564 89.000000000
v 51.407707864 143.930626904 89.000000000
v 51.452967433 143.884224559 89.000000000
v 51.495857776 143.835623893 89.000000000
v 55.225742631 141.280250079 89.000000000
v 51.574110407 143.732316075 89.000000000
v 60.214519926 136.306245054 89.000000000
v 55.593073855 138.843166649 89.000000000
v 61.338353184 135.210089031 89.000000000
v 61.313174766 131.993009493 89.000000000
v 55.289277214 141.267406286 89.000000000
v 51.536272259 143.784945733 89.000000000
v 60.206459992 136.370561799 89.000000000
v 55.650000000 138.874166975 89.000000000
v 55.352092609 141.251411521 89.000000000
v 61.402850878 135.203635064 89.000000000
v 61.437673271 131.999222955 89.000000000
v 60.201616002 136.435200349 89.000000000
v 55.705310143 138.907966300 89.000000000
v 61.467590101 135.200404063 89.000000000
v 60.200000000 136.500000000 89.000000000
v 55.758866774 138.944480593 89.000000000
v 61.532409899 135.200404063 89.000000000
v 61.562326729 131.999222955 89.000000000
v 60.201616002 136.564799651 89.000000000
v 55.810536742 138.983619073 89.000000000
v 61.597149122 135.203635064 89.000000000
v 61.686825234 131.993009493 89.000000000
v 60.206459992 136.629438201 89.000000000
v 55.860191589 139.025284436 89.000000000
v 61.661646816 135.210089031 89.000000000
v 61.810859262 131.980598017 89.000000000
v 60.214519926 136.693754946 89.000000000
v 55.907707864 139.069373096 89.000000000
v 61.725742631 135.219749921 89.000000000
v 60.225775766 136.757589986 89.000000000
v 55.952967433 139.115775441 89.000000000
v 61.789277214 135.232593714 89.000000000
v 61.934120444 131.962019383 89.000000000
v 60.240199528 136.820784617 89.000000000
v 55.995857776 139.164376107 89.000000000
v 61.852092609 135.248588479 89.000000000
v 62.056302335 131.937319780 89.000000000
v 60.257755352 136.883181727 89.000000000
v 56.036272259 139.215054267 89.000000000
v 61.914032645 135.267694450 89.000000000
v 60.278399593 136.944626186 89.000000000
v 56.074110407 139.267683925 89.000000000
v 61.974943332 135.289864127 89.000000000
v 62.177101170 131.906560617 89.000000000
v 60.302080925 137.004965235 89.000000000
v 56.109278146 139.322134236 89.000000000
v 62.034673234 135.315042392 89.000000000
v 62.296216626 131.869818365 89.000000000
v 60.328740472 137.064048861 89.000000000
v 56.141688045 139.378269828 89.000000000
v 62.093073855 135.343166649 89.000000000
v 62.413352561 131.827184372 89.000000000
v 60.358311955 137.121730172 89.000000000
v 56.171259528 139.435951139 89.000000000
v 62.150000000 135.374166975 89.000000000
v 60.390721854 137.177865764 89.000000000
v 56.197919075 139.495034765 89.000000000
v 62.205310143 135.407966300 89.000000000
v 62.528217758 131.778764631 89.000000000
v 60.425889593 137.232316075 89.000000000
v 56.221600407 139.555373814 89.000000000
v 62.258866774 135.444480593 89.000000000
v 62.640526643 131.724679522 89.000000000
v 60.463727741 137.284945733 89.000000000
v 56.242244648 139.616818273 89.000000000
v 62.310536742 135.483619073 89.000000000
v 62.750000000 131.665063509 89.000000000
v 60.504142224 137.335623893 89.000000000
v 56.259800472 139.679215383 89.000000000
v 62.360191589 135.525284436 89.000000000
v 60.547032567 137.384224559 89.000000000
v 56.274224234 139.742410014 89.000000000
v 62.407707864 135.569373096 89.000000000
v 62.856365660 131.600064808 89.000000000
v 95.399494937 86.221825407 89.000000000
v 60.592292136 137.430626904 89.000000000
v 56.285480074 139.806245054 89.000000000
v 62.452967433 135.615775441 89.000000000
v 62.959359181 131.529845014 89.000000000
v 99.574768828 98.501864618 89.000000000
v 60.639808411 137.474715564 89.000000000
v 56.293540008 139.870561799 89.000000000
v 99.649351770 98.507453837 89.000000000
v 62.495857776 135.664376107 89.000000000
v 63.058724505 131.454578706 89.000000000
v 60.689463258 137.516380927 89.000000000
v 56.298383998 139.935200349 89.000000000
v 99.723563399 98.516753761 89.000000000
v 95.451045998 86.167637377 89.000000000
v 62.536272259 135.715054267 89.000000000
v 60.741133226 137.555519407 89.000000000
v 56.300000000 140.000000000 89.000000000
v 99.797219215 98.529741268 89.000000000
v 95.499831927 86.110947099 89.000000000
v 62.574110407 135.767683925 89.000000000
v 63.154214594 131.374453007 89.000000000
v 60.794689857 137.592033700 89.000000000
v 56.298383998 140.064799651 89.000000000
v 99.870136097 98.546384071 89.000000000
v 62.609278146 135.822134236 89.000000000
v 63.245592045 131.289667123 89.000000000
v 60.850000000 137.625833025 89.000000000
v 56.293540008 140.129438201 89.000000000
v 78.000000000 120.500000000 89.000000000
v 65.721825407 115.899494937 89.000000000
v 99.942132762 98.566640791 89.000000000
v 103.774257369 83.280250079 89.000000000
v 62.641688045 135.878269828 89.000000000
v 63.332629680 131.200431844 89.000000000
v 60.906926145 137.656833351 89.000000000
v 56.285480074 140.193754946 89.000000000
v 100.013030215 98.590461069 89.000000000
v 103.838353184 83.289910969 89.000000000
v 62.671259528 135.935951139 89.000000000
v 60.965326766 137.684957608 89.000000000
v 56.274224234 140.257589986 89.000000000
v 100.082652194 98.617785682 89.000000000
v 103.902850878 83.296364936 89.000000000
v 61.025056668 137.710135873 89.000000000
v 56.259800472 140.320784617 89.000000000
v 100.150825609 98.648546698 89.000000000
v 103.967590101 83.299595937 89.000000000
v 61.085967355 137.732305550 89.000000000
v 56.242244648 140.383181727 89.000000000
v 61.147907391 137.751411521 89.000000000
v 56.221600407 140.444626186 89.000000000
v 100.217380968 98.682667640 89.000000000
v 104.032409899 83.299595937 89.000000000
v 61.210722786 137.767406286 89.000000000
v 56.197919075 140.504965235 89.000000000
v 100.282152805 98.720063678 89.000000000
v 104.097149122 83.296364936 89.000000000
v 61.274257369 137.780250079 89.000000000
v 56.171259528 140.564048861 89.000000000
v 100.344980087 98.760641839 89.000000000
v 104.161646816 83.289910969 89.000000000
v 61.338353184 137.789910969 89.000000000
v 56.141688045 140.621730172 89.000000000
v 61.402850878 137.796364936 89.000000000
v 100.405706615 98.804301239 89.000000000
v 104.225742631 83.280250079 89.000000000
v 100.464181415 98.850933335 89.000000000
v 104.289277214 83.267406286 89.000000000
v 100.520259107 98.900422192 89.000000000
v 104.352092609 83.251411521 89.000000000
v 100.573800274 98.952644773 89.000000000
v 104.414032645 83.232305550 89.000000000
v 100.624671804 99.007471244 89.000000000
v 104.474943332 83.210135873 89.000000000
v 100.672747224 99.064765297 89.000000000
v 104.534673234 83.184957608 89.000000000
v 100.717907009 99.124384492 89.000000000
v 104.593073855 83.156833351 89.000000000
v 100.760038885 99.186180604 89.000000000
v 104.650000000 83.125833025 89.000000000
v 72.257359313 127.757359313 89.000000000
v 62.774224234 122.757589986 89.000000000
v 62.785480074 122.693754946 89.000000000
v 62.759800472 122.820784617 89.000000000
v 72.470646271 127.554293248 89.000000000
v 62.793540008 122.629438201 89.000000000
v 62.798383998 122.564799651 89.000000000
v 72.054293248 127.970646271 89.000000000
v 62.742244648 122.883181727 89.000000000
v 100.799038106 99.250000000 89.000000000
v 104.705310143 83.092033700 89.000000000
v 72.693640295 127.361937280 89.000000000
v 62.800000000 122.500000000 89.000000000
v 71.861937280 128.193640295 89.000000000
v 63.565596936 128.091699855 89.000000000
v 72.925804173 127.180754811 89.000000000
v 62.798383998 122.435200349 89.000000000
v 62.793540008 122.370561799 89.000000000
v 71.680754811 128.425804173 89.000000000
v 63.633227204 128.196411992 89.000000000
v 100.834807713 99.315684014 89.000000000
v 104.758866774 83.055519407 89.000000000
v 104.810536742 83.016380927 89.000000000
v 73.166578602 127.011182326 89.000000000
v 65.610947099 115.999831927 89.000000000
v 71.511182326 128.666578602 89.000000000
v 63.695553933 128.304365053 89.000000000
v 63.752422170 128.415290652 89.000000000
v 100.867258778 99.383069345 89.000000000
v 104.860191589 82.974715564 89.000000000
v 73.415383535 126.853628340 89.000000000
v 65.667637377 115.951045998 89.000000000
v 71.353628340 128.915383535 89.000000000
v 63.803690530 128.528913009 89.000000000
v 100.896310623 99.451988463 89.000000000
v 104.907707864 82.930626904 89.000000000
v 73.671619579 126.708472414 89.000000000
v 71.208472414 129.171619579 89.000000000
v 63.849231552 128.644949642 89.000000000
v 63.888932014 128.763112064 89.000000000
v 100.921891019 99.522270025 89.000000000
v 104.952967433 82.884224559 89.000000000
v 73.934669439 126.576064241 89.000000000
v 71.076064241 129.434669439 89.000000000
v 63.922693216 128.883106506 89.000000000
v 100.943936370 99.593739298 89.000000000
v 104.995857776 82.835623893 89.000000000
v 100.962391868 99.666218599 89.000000000
v 105.036272259 82.784945733 89.000000000
v 74.203899406 126.456722805 89.000000000
v 78.001864618 120.574768828 89.000000000
v 78.007453837 120.649351770 89.000000000
v 70.956722805 129.703899406 89.000000000
v 63.950431220 129.004634642 89.000000000
v 63.972077066 129.127394335 89.000000000
v 100.977211630 99.739527733 89.000000000
v 105.074110407 82.732316075 89.000000000
v 100.988358810 99.813484443 89.000000000
v 105.109278146 82.677865764 89.000000000
v 74.478660880 126.350735609 89.000000000
v 78.016753761 120.723563399 89.000000000
v 70.850735609 129.978660880 89.000000000
v 63.987576938 129.251080384 89.000000000
v 100.995805696 99.887904860 89.000000000
v 105.141688045 82.621730172 89.000000000
v 100.999533773 99.962603962 89.000000000
v 105.171259528 82.564048861 89.000000000
v 74.758291936 126.258357986 89.000000000
v 78.029741268 120.797219215 89.000000000
v 78.046384071 120.870136097 89.000000000
v 70.758357986 130.258291936 89.000000000
v 63.996892303 129.375385286 89.000000000
v 64.000000000 129.500000000 89.000000000
v 75.042118921 126.179812481 89.000000000
v 78.066640791 120.942132762 89.000000000
v 78.090461069 121.013030215 89.000000000
v 70.679812481 130.542118921 89.000000000
v 63.996892303 129.624614714 89.000000000
v 63.987576938 129.748919616 89.000000000
v 75.329458068 126.115288318 89.000000000
v 78.117785682 121.082652194 89.000000000
v 70.615288318 130.829458068 89.000000000
v 63.972077066 129.872605665 89.000000000
v 81.000000000 120.500000000 89.000000000
v 75.619617153 126.064940940 89.000000000
v 78.148546698 121.150825609 89.000000000
v 78.182667640 121.217380968 89.000000000
v 70.564940940 131.119617153 89.000000000
v 63.950431220 129.995365358 89.000000000
v 63.922693216 130.116893494 89.000000000
v 75.911897158 126.028891640 89.000000000
v 78.220063678 121.282152805 89.000000000
v 78.260641839 121.344980087 89.000000000
v 70.528891640 131.411897158 89.000000000
v 63.888932014 130.236887936 89.000000000
v 76.205593954 126.007227263 89.000000000
v 78.304301239 121.405706615 89.000000000
v 78.350933335 121.464181415 89.000000000
v 70.507227263 131.705593954 89.000000000
v 63.849231552 130.355050358 89.000000000
v 63.803690530 130.471086991 89.000000000
v 76.500000000 126.000000000 89.000000000
v 79.387904860 121.995805696 89.000000000
v 79.462603962 121.999533773 89.000000000
v 79.313484443 121.988358810 89.000000000
v 79.239527733 121.977211630 89.000000000
v 79.166218599 121.962391868 89.000000000
v 79.093739298 121.943936370 89.000000000
v 79.022270025 121.921891019 89.000000000
v 78.951988463 121.896310623 89.000000000
v 78.883069345 121.867258778 89.000000000
v 78.815684014 121.834807713 89.000000000
v 78.750000000 121.799038106 89.000000000
v 78.686180604 121.760038885 89.000000000
v 78.624384492 121.717907009 89.000000000
v 78.564765297 121.672747224 89.000000000
v 78.507471244 121.624671804 89.000000000
v 78.452644773 121.573800274 89.000000000
v 78.400422192 121.520259107 89.000000000
v 70.500000000 132.000000000 89.000000000
v 62.697919075 135.995034765 89.000000000
v 62.721600407 136.055373814 89.000000000
v 62.742244648 136.116818273 89.000000000
v 62.759800472 136.179215383 89.000000000
v 62.774224234 136.242410014 89.000000000
v 62.785480074 136.306245054 89.000000000
v 62.793540008 136.370561799 89.000000000
v 62.798383998 136.435200349 89.000000000
v 62.800000000 136.500000000 89.000000000
v 62.798383998 136.564799651 89.000000000
v 63.752422170 130.584709348 89.000000000
v 63.695553933 130.695634947 89.000000000
v 63.633227204 130.803588008 89.000000000
v 63.565596936 130.908300145 89.000000000
v 63.492831268 131.009511026 89.000000000
v 63.415111108 131.106969024 89.000000000
v 82.500000000 126.000000000 89.000000000
v 80.599577808 121.520259107 89.000000000
v 80.649066665 121.464181415 89.000000000
v 80.547355227 121.573800274 89.000000000
v 80.492528756 121.624671804 89.000000000
v 80.435234703 121.672747224 89.000000000
v 80.375615508 121.717907009 89.000000000
v 80.313819396 121.760038885 89.000000000
v 80.250000000 121.799038106 89.000000000
v 80.184315986 121.834807713 89.000000000
v 80.116930655 121.867258778 89.000000000
v 80.048011537 121.896310623 89.000000000
v 79.977729975 121.921891019 89.000000000
v 79.906260702 121.943936370 89.000000000
v 79.833781401 121.962391868 89.000000000
v 79.760472267 121.977211630 89.000000000
v 79.686515557 121.988358810 89.000000000
v 79.612095140 121.995805696 89.000000000
v 79.537396038 121.999533773 89.000000000
v 82.794406046 126.007227263 89.000000000
v 80.695698761 121.405706615 89.000000000
v 80.739358161 121.344980087 89.000000000
v 83.088102842 126.028891640 89.000000000
v 80.779936322 121.282152805 89.000000000
v 80.817332360 121.217380968 89.000000000
v 95.399494937 113.778174593 89.000000000
v 99.649351770 101.492546163 89.000000000
v 99.723563399 101.483246239 89.000000000
v 99.574768828 101.498135382 89.000000000
v 93.278174593 115.899494937 89.000000000
v 95.451045998 113.832362623 89.000000000
v 99.797219215 101.470258732 89.000000000
v 95.499831927 113.889052901 89.000000000
v 99.870136097 101.453615929 89.000000000
v 83.380382847 126.064940940 89.000000000
v 80.851453302 121.150825609 89.000000000
v 80.882214318 121.082652194 89.000000000
v 95.545731434 113.948104486 89.000000000
v 83.670541932 126.115288318 89.000000000
v 80.909538931 121.013030215 89.000000000
v 83.957881079 126.179812481 89.000000000
v 80.933359209 120.942132762 89.000000000
v 80.953615929 120.870136097 89.000000000
v 84.241708064 126.258357986 89.000000000
v 80.970258732 120.797219215 89.000000000
v 80.983246239 120.723563399 89.000000000
v 84.521339120 126.350735609 89.000000000
v 80.992546163 120.649351770 89.000000000
v 84.796100594 126.456722805 89.000000000
v 80.998135382 120.574768828 89.000000000
v 85.065330561 126.576064241 89.000000000
v 70.500000000 141.500000000 89.000000000
v 62.793540008 136.629438201 89.000000000
v 62.785480074 136.693754946 89.000000000
v 62.774224234 136.757589986 89.000000000
v 62.759800472 136.820784617 89.000000000
v 62.742244648 136.883181727 89.000000000
v 62.721600407 136.944626186 89.000000000
v 62.697919075 137.004965235 89.000000000
v 62.671259528 137.064048861 89.000000000
v 62.641688045 137.121730172 89.000000000
v 62.609278146 137.177865764 89.000000000
v 62.574110407 137.232316075 89.000000000
v 62.536272259 137.284945733 89.000000000
v 62.495857776 137.335623893 89.000000000
v 62.452967433 137.384224559 89.000000000
v 62.407707864 137.430626904 89.000000000
v 62.360191589 137.474715564 89.000000000
v 62.310536742 137.516380927 89.000000000
v 65.500000000 146.500000000 89.000000000
v 56.109278146 140.677865764 89.000000000
v 56.074110407 140.732316075 89.000000000
v 56.036272259 140.784945733 89.000000000
v 55.995857776 140.835623893 89.000000000
v 55.952967433 140.884224559 89.000000000
v 55.907707864 140.930626904 89.000000000
v 55.860191589 140.974715564 89.000000000
v 55.810536742 141.016380927 89.000000000
v 55.758866774 141.055519407 89.000000000
v 55.705310143 141.092033700 89.000000000
v 55.650000000 141.125833025 89.000000000
v 55.593073855 141.156833351 89.000000000
v 55.534673234 141.184957608 89.000000000
v 55.474943332 141.210135873 89.000000000
v 55.414032645 141.232305550 89.000000000
v 62.258866774 137.555519407 89.000000000
v 62.205310143 137.592033700 89.000000000
v 62.150000000 137.625833025 89.000000000
v 62.093073855 137.656833351 89.000000000
v 62.034673234 137.684957608 89.000000000
v 61.974943332 137.710135873 89.000000000
v 61.914032645 137.732305550 89.000000000
v 61.852092609 137.751411521 89.000000000
v 61.789277214 137.767406286 89.000000000
v 61.725742631 137.780250079 89.000000000
v 61.661646816 137.789910969 89.000000000
v 61.597149122 137.796364936 89.000000000
v 61.532409899 137.799595937 89.000000000
v 61.467590101 137.799595937 89.000000000
v 85.328380421 126.708472414 89.000000000
v 93.332362623 115.951045998 89.000000000
v 85.584616465 126.853628340 89.000000000
v 93.389052901 115.999831927 89.000000000
v 70.475923633 141.990085702 89.000000000
v 70.493977281 141.745338372 89.000000000
v 65.990085702 146.475923633 89.000000000
v 65.745338372 146.493977281 89.000000000
v 85.833421398 127.011182326 89.000000000
v 93.448104486 116.045731434 89.000000000
v 66.475451610 146.403926402 89.000000000
v 66.233652372 146.445882550 89.000000000
v 70.284701679 142.951423386 89.000000000
v 70.445882550 142.233652372 89.000000000
v 70.403926402 142.475451610 89.000000000
v 70.350156266 142.714900900 89.000000000
v 66.951423386 146.284701679 89.000000000
v 66.714900900 146.350156266 89.000000000
v 70.019946466 143.637775467 89.000000000
v 70.207720326 143.184449267 89.000000000
v 70.119397663 143.413417162 89.000000000
v 69.909606322 143.856983684 89.000000000
v 67.856983684 145.909606322 89.000000000
v 67.637775467 146.019946466 89.000000000
v 67.413417162 146.119397663 89.000000000
v 67.184449267 146.207720326 89.000000000
v 68.070513721 145.788643050 89.000000000
v 69.788643050 144.070513721 89.000000000
v 69.657348062 144.277851165 89.000000000
v 69.516037657 144.478496522 89.000000000
v 68.671966421 145.365052267 89.000000000
v 68.478496522 145.516037657 89.000000000
v 68.277851165 145.657348062 89.000000000
v 69.204755627 144.857794774 89.000000000
v 69.365052267 144.671966421 89.000000000
v 68.857794774 145.204755627 89.000000000
v 69.035533906 145.035533906 89.000000000
v 96.592292136 121.569373096 89.000000000
v 94.357534237 116.338718204 89.000000000
v 94.432274010 116.335921639 89.000000000
v 96.547032567 121.615775441 89.000000000
v 94.282747973 116.337785822 89.000000000
v 96.639808411 121.525284436 89.000000000
v 94.506781479 116.329403080 89.000000000
v 96.504142224 121.664376107 89.000000000
v 94.208101151 116.333126812 89.000000000
v 96.689463258 121.483619073 89.000000000
v 94.580871406 116.319178733 89.000000000
v 96.463727741 121.715054267 89.000000000
v 94.133779352 116.324752756 89.000000000
v 96.741133226 121.444480593 89.000000000
v 94.654359591 116.305274018 89.000000000
v 96.425889593 121.767683925 89.000000000
v 94.059967354 116.312684475 89.000000000
v 96.794689857 121.407966300 89.000000000
v 94.727063332 116.287723504 89.000000000
v 96.390721854 121.822134236 89.000000000
v 93.986848664 116.296951970 89.000000000
v 96.850000000 121.374166975 89.000000000
v 94.798801876 116.266570825 89.000000000
v 96.358311955 121.878269828 89.000000000
v 93.914605067 116.277594357 89.000000000
v 96.906926145 121.343166649 89.000000000
v 96.328740472 121.935951139 89.000000000
v 93.843416172 116.254659760 89.000000000
v 96.965326766 121.315042392 89.000000000
v 94.869396869 116.241868568 89.000000000
v 96.302080925 121.995034765 89.000000000
v 93.773458965 116.228205200 89.000000000
v 97.025056668 121.289864127 89.000000000
v 94.938672801 116.213678149 89.000000000
v 96.278399593 122.055373814 89.000000000
v 93.704907372 116.198296445 89.000000000
v 97.085967355 121.267694450 89.000000000
v 95.006457441 116.182069652 89.000000000
v 96.257755352 122.116818273 89.000000000
v 93.637931822 116.165007855 89.000000000
v 97.147907391 121.248588479 89.000000000
v 95.072582266 116.147121661 89.000000000
v 96.240199528 122.179215383 89.000000000
v 93.572698828 116.128422190 89.000000000
v 97.210722786 121.232593714 89.000000000
v 95.136882880 116.108921064 89.000000000
v 96.225775766 122.242410014 89.000000000
v 93.509370568 116.088630406 89.000000000
v 97.274257369 121.219749921 89.000000000
v 95.199199419 116.067562831 89.000000000
v 96.214519926 122.306245054 89.000000000
v 97.338353184 121.210089031 89.000000000
v 95.259376957 116.023149787 89.000000000
v 96.206459992 122.370561799 89.000000000
v 86.074195827 127.180754811 89.000000000
v 97.402850878 121.203635064 89.000000000
v 95.317265882 115.975792350 89.000000000
v 96.201616002 122.435200349 89.000000000
v 97.467590101 121.200404063 89.000000000
v 95.372722273 115.925608256 89.000000000
v 96.200000000 122.500000000 89.000000000
v 86.306359705 127.361937280 89.000000000
v 97.532409899 121.200404063 89.000000000
v 95.425608256 115.872722273 89.000000000
v 96.201616002 122.564799651 89.000000000
v 86.529353729 127.554293248 89.000000000
v 97.597149122 121.203635064 89.000000000
v 95.475792350 115.817265882 89.000000000
v 96.206459992 122.629438201 89.000000000
v 97.661646816 121.210089031 89.000000000
v 95.523149787 115.759376957 89.000000000
v 96.214519926 122.693754946 89.000000000
v 86.742640687 127.757359313 89.000000000
v 97.725742631 121.219749921 89.000000000
v 95.567562831 115.699199419 89.000000000
v 96.225775766 122.757589986 89.000000000
v 97.789277214 121.232593714 89.000000000
v 95.608921064 115.636882880 89.000000000
v 96.240199528 122.820784617 89.000000000
v 86.945706752 127.970646271 89.000000000
v 97.852092609 121.248588479 89.000000000
v 96.257755352 122.883181727 89.000000000
v 87.138062720 128.193640295 89.000000000
v 96.278399593 122.944626186 89.000000000
v 103.092292136 117.069373096 89.000000000
v 95.824752756 114.633779352 89.000000000
v 95.812684475 114.559967354 89.000000000
v 103.047032567 117.115775441 89.000000000
v 95.833126812 114.708101151 89.000000000
v 103.139808411 117.025284436 89.000000000
v 95.796951970 114.486848664 89.000000000
v 103.004142224 117.164376107 89.000000000
v 95.837785822 114.782747973 89.000000000
v 103.189463258 116.983619073 89.000000000
v 95.777594357 114.414605067 89.000000000
v 102.963727741 117.215054267 89.000000000
v 95.838718204 114.857534237 89.000000000
v 103.241133226 116.944480593 89.000000000
v 95.754659760 114.343416172 89.000000000
v 102.925889593 117.267683925 89.000000000
v 95.835921639 114.932274010 89.000000000
v 103.294689857 116.907966300 89.000000000
v 95.728205200 114.273458965 89.000000000
v 102.890721854 117.322134236 89.000000000
v 95.829403080 115.006781479 89.000000000
v 103.350000000 116.874166975 89.000000000
v 95.698296445 114.204907372 89.000000000
v 102.858311955 117.378269828 89.000000000
v 95.819178733 115.080871406 89.000000000
v 103.406926145 116.843166649 89.000000000
v 95.665007855 114.137931822 89.000000000
v 102.828740472 117.435951139 89.000000000
v 95.805274018 115.154359591 89.000000000
v 103.465326766 116.815042392 89.000000000
v 102.802080925 117.495034765 89.000000000
v 95.787723504 115.227063332 89.000000000
v 103.525056668 116.789864127 89.000000000
v 95.628422190 114.072698828 89.000000000
v 102.778399593 117.555373814 89.000000000
v 95.766570825 115.298801876 89.000000000
v 103.585967355 116.767694450 89.000000000
v 95.588630406 114.009370568 89.000000000
v 102.757755352 117.616818273 89.000000000
v 95.741868568 115.369396869 89.000000000
v 103.647907391 116.748588479 89.000000000
v 102.740199528 117.679215383 89.000000000
v 95.713678149 115.438672801 89.000000000
v 103.710722786 116.732593714 89.000000000
v 99.942132762 101.433359209 89.000000000
v 102.725775766 117.742410014 89.000000000
v 95.682069652 115.506457441 89.000000000
v 103.774257369 116.719749921 89.000000000
v 100.013030215 101.409538931 89.000000000
v 102.714519926 117.806245054 89.000000000
v 95.647121661 115.572582266 89.000000000
v 103.838353184 116.710089031 89.000000000
v 100.082652194 101.382214318 89.000000000
v 102.706459992 117.870561799 89.000000000
v 103.902850878 116.703635064 89.000000000
v 100.150825609 101.351453302 89.000000000
v 102.701616002 117.935200349 89.000000000
v 97.914032645 121.267694450 89.000000000
v 103.967590101 116.700404063 89.000000000
v 100.217380968 101.317332360 89.000000000
v 102.700000000 118.000000000 89.000000000
v 97.974943332 121.289864127 89.000000000
v 104.032409899 116.700404063 89.000000000
v 100.282152805 101.279936322 89.000000000
v 102.701616002 118.064799651 89.000000000
v 98.034673234 121.315042392 89.000000000
v 104.097149122 116.703635064 89.000000000
v 100.344980087 101.239358161 89.000000000
v 102.706459992 118.129438201 89.000000000
v 98.093073855 121.343166649 89.000000000
v 104.161646816 116.710089031 89.000000000
v 100.405706615 101.195698761 89.000000000
v 102.714519926 118.193754946 89.000000000
v 98.150000000 121.374166975 89.000000000
v 104.225742631 116.719749921 89.000000000
v 100.464181415 101.149066665 89.000000000
v 102.725775766 118.257589986 89.000000000
v 98.205310143 121.407966300 89.000000000
v 104.289277214 116.732593714 89.000000000
v 100.520259107 101.099577808 89.000000000
v 102.740199528 118.320784617 89.000000000
v 98.258866774 121.444480593 89.000000000
v 104.352092609 116.748588479 89.000000000
v 100.573800274 101.047355227 89.000000000
v 102.757755352 118.383181727 89.000000000
v 98.310536742 121.483619073 89.000000000
v 104.414032645 116.767694450 89.000000000
v 100.624671804 100.992528756 89.000000000
v 102.778399593 118.444626186 89.000000000
v 98.360191589 121.525284436 89.000000000
v 104.474943332 116.789864127 89.000000000
v 100.672747224 100.935234703 89.000000000
v 102.802080925 118.504965235 89.000000000
v 98.407707864 121.569373096 89.000000000
v 104.534673234 116.815042392 89.000000000
v 100.717907009 100.875615508 89.000000000
v 102.828740472 118.564048861 89.000000000
v 98.452967433 121.615775441 89.000000000
v 104.593073855 116.843166649 89.000000000
v 100.760038885 100.813819396 89.000000000
v 102.858311955 118.621730172 89.000000000
v 98.495857776 121.664376107 89.000000000
v 104.650000000 116.874166975 89.000000000
v 100.799038106 100.750000000 89.000000000
v 102.890721854 118.677865764 89.000000000
v 98.536272259 121.715054267 89.000000000
v 104.705310143 116.907966300 89.000000000
v 100.834807713 100.684315986 89.000000000
v 102.925889593 118.732316075 89.000000000
v 98.574110407 121.767683925 89.000000000
v 104.758866774 116.944480593 89.000000000
v 102.963727741 118.784945733 89.000000000
v 98.609278146 121.822134236 89.000000000
v 104.810536742 116.983619073 89.000000000
v 100.867258778 100.616930655 89.000000000
v 103.004142224 118.835623893 89.000000000
v 98.641688045 121.878269828 89.000000000
v 104.860191589 117.025284436 89.000000000
v 100.896310623 100.548011537 89.000000000
v 103.047032567 118.884224559 89.000000000
v 98.671259528 121.935951139 89.000000000
v 104.907707864 117.069373096 89.000000000
v 100.921891019 100.477729975 89.000000000
v 103.092292136 118.930626904 89.000000000
v 98.697919075 121.995034765 89.000000000
v 104.952967433 117.115775441 89.000000000
v 100.943936370 100.406260702 89.000000000
v 103.139808411 118.974715564 89.000000000
v 98.721600407 122.055373814 89.000000000
v 104.995857776 117.164376107 89.000000000
v 100.962391868 100.333781401 89.000000000
v 103.189463258 119.016380927 89.000000000
v 98.742244648 122.116818273 89.000000000
v 105.036272259 117.215054267 89.000000000
v 100.977211630 100.260472267 89.000000000
v 103.241133226 119.055519407 89.000000000
v 98.759800472 122.179215383 89.000000000
v 105.074110407 117.267683925 89.000000000
v 100.988358810 100.186515557 89.000000000
v 103.294689857 119.092033700 89.000000000
v 98.774224234 122.242410014 89.000000000
v 105.109278146 117.322134236 89.000000000
v 100.995805696 100.112095140 89.000000000
v 103.350000000 119.125833025 89.000000000
v 98.785480074 122.306245054 89.000000000
v 105.141688045 117.378269828 89.000000000
v 100.999533773 100.037396038 89.000000000
v 103.406926145 119.156833351 89.000000000
v 98.793540008 122.370561799 89.000000000
v 105.171259528 117.435951139 89.000000000
v 105.197919075 82.504965235 89.000000000
v 103.465326766 119.184957608 89.000000000
v 98.798383998 122.435200349 89.000000000
v 105.197919075 117.495034765 89.000000000
v 105.221600407 82.444626186 89.000000000
v 103.525056668 119.210135873 89.000000000
v 98.800000000 122.500000000 89.000000000
v 105.221600407 117.555373814 89.000000000
v 103.585967355 119.232305550 89.000000000
v 98.798383998 122.564799651 89.000000000
v 105.242244648 117.616818273 89.000000000
v 105.242244648 82.383181727 89.000000000
v 103.647907391 119.251411521 89.000000000
v 98.793540008 122.629438201 89.000000000
v 105.259800472 117.679215383 89.000000000
v 105.259800472 82.320784617 89.000000000
v 103.710722786 119.267406286 89.000000000
v 98.785480074 122.693754946 89.000000000
v 105.274224234 117.742410014 89.000000000
v 105.274224234 82.257589986 89.000000000
v 103.774257369 119.280250079 89.000000000
v 98.774224234 122.757589986 89.000000000
v 105.285480074 117.806245054 89.000000000
v 103.838353184 119.289910969 89.000000000
v 98.759800472 122.820784617 89.000000000
v 103.902850878 119.296364936 89.000000000
v 98.742244648 122.883181727 89.000000000
v 103.967590101 119.299595937 89.000000000
v 98.721600407 122.944626186 89.000000000
v 95.754407955 127.710332877 89.000000000
v 96.358311955 123.121730172 89.000000000
v 96.390721854 123.177865764 89.000000000
v 95.667370320 127.799568156 89.000000000
v 96.328740472 123.064048861 89.000000000
v 95.845785406 127.625546993 89.000000000
v 96.425889593 123.232316075 89.000000000
v 95.584888892 127.893030976 89.000000000
v 96.302080925 123.004965235 89.000000000
v 95.941275495 127.545421294 89.000000000
v 96.463727741 123.284945733 89.000000000
v 96.504142224 123.335623893 89.000000000
v 95.507168732 127.990488974 89.000000000
v 96.040640819 127.470154986 89.000000000
v 96.547032567 123.384224559 89.000000000
v 95.434403064 128.091699855 89.000000000
v 87.319245189 128.425804173 89.000000000
v 96.143634340 127.399935192 89.000000000
v 96.592292136 123.430626904 89.000000000
v 95.366772796 128.196411992 89.000000000
v 87.488817674 128.666578602 89.000000000
v 96.250000000 127.334936491 89.000000000
v 96.639808411 123.474715564 89.000000000
v 96.689463258 123.516380927 89.000000000
v 95.304446067 128.304365053 89.000000000
v 96.359473357 127.275320478 89.000000000
v 96.741133226 123.555519407 89.000000000
v 95.247577830 128.415290652 89.000000000
v 87.646371660 128.915383535 89.000000000
v 96.471782242 127.221235369 89.000000000
v 96.794689857 123.592033700 89.000000000
v 95.196309470 128.528913009 89.000000000
v 87.791527586 129.171619579 89.000000000
v 96.586647439 127.172815628 89.000000000
v 96.850000000 123.625833025 89.000000000
v 96.906926145 123.656833351 89.000000000
v 95.150768448 128.644949642 89.000000000
v 96.703783374 127.130181635 89.000000000
v 96.965326766 123.684957608 89.000000000
v 95.111067986 128.763112064 89.000000000
v 87.923935759 129.434669439 89.000000000
v 96.822898830 127.093439383 89.000000000
v 97.025056668 123.710135873 89.000000000
v 95.077306784 128.883106506 89.000000000
v 88.043277195 129.703899406 89.000000000
v 96.943697665 127.062680220 89.000000000
v 97.085967355 123.732305550 89.000000000
v 97.147907391 123.751411521 89.000000000
v 95.049568780 129.004634642 89.000000000
v 97.065879556 127.037980617 89.000000000
v 97.210722786 123.767406286 89.000000000
v 95.027922934 129.127394335 89.000000000
v 88.149264391 129.978660880 89.000000000
v 97.189140738 127.019401983 89.000000000
v 97.274257369 123.780250079 89.000000000
v 97.338353184 123.789910969 89.000000000
v 95.012423062 129.251080384 89.000000000
v 88.241642014 130.258291936 89.000000000
v 97.313174766 127.006990507 89.000000000
v 97.402850878 123.796364936 89.000000000
v 95.003107697 129.375385286 89.000000000
v 97.437673271 127.000777045 89.000000000
v 97.467590101 123.799595937 89.000000000
v 95.000000000 129.500000000 89.000000000
v 88.320187519 130.542118921 89.000000000
v 97.562326729 127.000777045 89.000000000
v 97.532409899 123.799595937 89.000000000
v 97.597149122 123.796364936 89.000000000
v 95.003107697 129.624614714 89.000000000
v 97.686825234 127.006990507 89.000000000
v 97.661646816 123.789910969 89.000000000
v 95.012423062 129.748919616 89.000000000
v 88.384711682 130.829458068 89.000000000
v 97.810859262 127.019401983 89.000000000
v 97.725742631 123.780250079 89.000000000
v 97.789277214 123.767406286 89.000000000
v 95.027922934 129.872605665 89.000000000
v 88.435059060 131.119617153 89.000000000
v 97.934120444 127.037980617 89.000000000
v 97.852092609 123.751411521 89.000000000
v 95.049568780 129.995365358 89.000000000
v 98.056302335 127.062680220 89.000000000
v 97.914032645 123.732305550 89.000000000
v 97.974943332 123.710135873 89.000000000
v 95.077306784 130.116893494 89.000000000
v 88.471108360 131.411897158 89.000000000
v 98.177101170 127.093439383 89.000000000
v 98.034673234 123.684957608 89.000000000
v 95.111067986 130.236887936 89.000000000
v 88.492772737 131.705593954 89.000000000
v 98.296216626 127.130181635 89.000000000
v 98.093073855 123.656833351 89.000000000
v 95.150768448 130.355050358 89.000000000
v 98.413352561 127.172815628 89.000000000
v 98.150000000 123.625833025 89.000000000
v 98.205310143 123.592033700 89.000000000
v 95.196309470 130.471086991 89.000000000
v 88.500000000 132.000000000 89.000000000
v 98.528217758 127.221235369 89.000000000
v 98.258866774 123.555519407 89.000000000
v 95.247577830 130.584709348 89.000000000
v 98.640526643 127.275320478 89.000000000
v 98.310536742 123.516380927 89.000000000
v 95.304446067 130.695634947 89.000000000
v 98.750000000 127.334936491 89.000000000
v 98.360191589 123.474715564 89.000000000
v 98.407707864 123.430626904 89.000000000
v 95.366772796 130.803588008 89.000000000
v 98.856365660 127.399935192 89.000000000
v 98.452967433 123.384224559 89.000000000
v 95.434403064 130.908300145 89.000000000
v 98.959359181 127.470154986 89.000000000
v 98.495857776 123.335623893 89.000000000
v 95.507168732 131.009511026 89.000000000
v 99.058724505 127.545421294 89.000000000
v 98.536272259 123.284945733 89.000000000
v 98.574110407 123.232316075 89.000000000
v 95.584888892 131.106969024 89.000000000
v 99.154214594 127.625546993 89.000000000
v 98.609278146 123.177865764 89.000000000
v 95.667370320 131.200431844 89.000000000
v 99.245592045 127.710332877 89.000000000
v 98.641688045 123.121730172 89.000000000
v 99.332629680 127.799568156 89.000000000
v 98.671259528 123.064048861 89.000000000
v 99.415111108 127.893030976 89.000000000
v 98.697919075 123.004965235 89.000000000
v 99.492831268 127.990488974 89.000000000
v 104.032409899 119.299595937 89.000000000
v 99.565596936 128.091699855 89.000000000
v 104.097149122 119.296364936 89.000000000
v 99.633227204 128.196411992 89.000000000
v 104.161646816 119.289910969 89.000000000
v 99.695553933 128.304365053 89.000000000
v 104.225742631 119.280250079 89.000000000
v 99.752422170 128.415290652 89.000000000
v 104.289277214 119.267406286 89.000000000
v 99.803690530 128.528913009 89.000000000
v 104.352092609 119.251411521 89.000000000
v 99.849231552 128.644949642 89.000000000
v 104.414032645 119.232305550 89.000000000
v 99.888932014 128.763112064 89.000000000
v 104.474943332 119.210135873 89.000000000
v 104.534673234 119.184957608 89.000000000
v 99.922693216 128.883106506 89.000000000
v 104.593073855 119.156833351 89.000000000
v 99.950431220 129.004634642 89.000000000
v 104.650000000 119.125833025 89.000000000
v 99.972077066 129.127394335 89.000000000
v 104.705310143 119.092033700 89.000000000
v 99.987576938 129.251080384 89.000000000
v 104.758866774 119.055519407 89.000000000
v 99.996892303 129.375385286 89.000000000
v 104.810536742 119.016380927 89.000000000
v 88.554117450 142.233652372 89.000000000
v 88.524076367 141.990085702 89.000000000
v 88.506022719 141.745338372 89.000000000
v 88.500000000 141.500000000 89.000000000
v 88.649843734 142.714900900 89.000000000
v 88.596073598 142.475451610 89.000000000
v 88.715298321 142.951423386 89.000000000
v 88.792279674 143.184449267 89.000000000
v 96.592292136 135.569373096 89.000000000
v 96.143634340 131.600064808 89.000000000
v 96.250000000 131.665063509 89.000000000
v 96.547032567 135.615775441 89.000000000
v 96.040640819 131.529845014 89.000000000
v 96.639808411 135.525284436 89.000000000
v 96.504142224 135.664376107 89.000000000
v 95.941275495 131.454578706 89.000000000
v 96.689463258 135.483619073 89.000000000
v 96.359473357 131.724679522 89.000000000
v 96.463727741 135.715054267 89.000000000
v 96.741133226 135.444480593 89.000000000
v 96.471782242 131.778764631 89.000000000
v 96.425889593 135.767683925 89.000000000
v 95.845785406 131.374453007 89.000000000
v 96.794689857 135.407966300 89.000000000
v 96.586647439 131.827184372 89.000000000
v 96.390721854 135.822134236 89.000000000
v 95.754407955 131.289667123 89.000000000
v 96.850000000 135.374166975 89.000000000
v 96.358311955 135.878269828 89.000000000
v 96.906926145 135.343166649 89.000000000
v 96.703783374 131.869818365 89.000000000
v 96.328740472 135.935951139 89.000000000
v 96.965326766 135.315042392 89.000000000
v 96.822898830 131.906560617 89.000000000
v 88.880602337 143.413417162 89.000000000
v 96.302080925 135.995034765 89.000000000
v 97.025056668 135.289864127 89.000000000
v 96.943697665 131.937319780 89.000000000
v 96.278399593 136.055373814 89.000000000
v 97.085967355 135.267694450 89.000000000
v 96.257755352 136.116818273 89.000000000
v 97.147907391 135.248588479 89.000000000
v 97.065879556 131.962019383 89.000000000
v 96.240199528 136.179215383 89.000000000
v 97.210722786 135.232593714 89.000000000
v 97.189140738 131.980598017 89.000000000
v 96.225775766 136.242410014 89.000000000
v 97.274257369 135.219749921 89.000000000
v 96.214519926 136.306245054 89.000000000
v 97.338353184 135.210089031 89.000000000
v 97.313174766 131.993009493 89.000000000
v 96.206459992 136.370561799 89.000000000
v 97.402850878 135.203635064 89.000000000
v 97.437673271 131.999222955 89.000000000
v 96.201616002 136.435200349 89.000000000
v 97.467590101 135.200404063 89.000000000
v 96.200000000 136.500000000 89.000000000
v 97.532409899 135.200404063 89.000000000
v 97.562326729 131.999222955 89.000000000
v 96.201616002 136.564799651 89.000000000
v 97.597149122 135.203635064 89.000000000
v 97.686825234 131.993009493 89.000000000
v 96.206459992 136.629438201 89.000000000
v 97.661646816 135.210089031 89.000000000
v 97.810859262 131.980598017 89.000000000
v 96.214519926 136.693754946 89.000000000
v 97.725742631 135.219749921 89.000000000
v 89.090393678 143.856983684 89.000000000
v 88.980053534 143.637775467 89.000000000
v 96.225775766 136.757589986 89.000000000
v 97.789277214 135.232593714 89.000000000
v 97.934120444 131.962019383 89.000000000
v 96.240199528 136.820784617 89.000000000
v 97.852092609 135.248588479 89.000000000
v 98.056302335 131.937319780 89.000000000
v 96.257755352 136.883181727 89.000000000
v 97.914032645 135.267694450 89.000000000
v 96.278399593 136.944626186 89.000000000
v 97.974943332 135.289864127 89.000000000
v 98.177101170 131.906560617 89.000000000
v 96.302080925 137.004965235 89.000000000
v 98.034673234 135.315042392 89.000000000
v 98.296216626 131.869818365 89.000000000
v 96.328740472 137.064048861 89.000000000
v 98.093073855 135.343166649 89.000000000
v 98.413352561 131.827184372 89.000000000
v 96.358311955 137.121730172 89.000000000
v 98.150000000 135.374166975 89.000000000
v 96.390721854 137.177865764 89.000000000
v 98.205310143 135.407966300 89.000000000
v 98.528217758 131.778764631 89.000000000
v 89.342651938 144.277851165 89.000000000
v 89.211356950 144.070513721 89.000000000
v 96.425889593 137.232316075 89.000000000
v 98.258866774 135.444480593 89.000000000
v 98.640526643 131.724679522 89.000000000
v 96.463727741 137.284945733 89.000000000
v 98.310536742 135.483619073 89.000000000
v 98.750000000 131.665063509 89.000000000
v 96.504142224 137.335623893 89.000000000
v 98.360191589 135.525284436 89.000000000
v 96.547032567 137.384224559 89.000000000
v 89.483962343 144.478496522 89.000000000
v 98.407707864 135.569373096 89.000000000
v 98.856365660 131.600064808 89.000000000
v 96.592292136 137.430626904 89.000000000
v 98.452967433 135.615775441 89.000000000
v 98.959359181 131.529845014 89.000000000
v 96.639808411 137.474715564 89.000000000
v 98.495857776 135.664376107 89.000000000
v 99.058724505 131.454578706 89.000000000
v 96.689463258 137.516380927 89.000000000
v 98.536272259 135.715054267 89.000000000
v 89.634947733 144.671966421 89.000000000
v 98.574110407 135.767683925 89.000000000
v 99.154214594 131.374453007 89.000000000
v 98.609278146 135.822134236 89.000000000
v 99.245592045 131.289667123 89.000000000
v 98.641688045 135.878269828 89.000000000
v 99.332629680 131.200431844 89.000000000
v 98.671259528 135.935951139 89.000000000
v 99.415111108 131.106969024 89.000000000
v 98.697919075 135.995034765 89.000000000
v 90.142205226 145.204755627 89.000000000
v 89.964466094 145.035533906 89.000000000
v 89.795244373 144.857794774 89.000000000
v 90.521503478 145.516037657 89.000000000
v 90.328033579 145.365052267 89.000000000
v 91.143016316 145.909606322 89.000000000
v 90.929486279 145.788643050 89.000000000
v 90.722148835 145.657348062 89.000000000
v 91.362224533 146.019946466 89.000000000
v 91.815550733 146.207720326 89.000000000
v 91.586582838 146.119397663 89.000000000
v 92.285099100 146.350156266 89.000000000
v 92.048576614 146.284701679 89.000000000
v 93.009914298 146.475923633 89.000000000
v 92.766347628 146.445882550 89.000000000
v 92.524548390 146.403926402 89.000000000
v 93.254661628 146.493977281 89.000000000
v 93.500000000 146.500000000 89.000000000
v 97.532409899 137.799595937 89.000000000
v 97.597149122 137.796364936 89.000000000
v 97.467590101 137.799595937 89.000000000
v 97.402850878 137.796364936 89.000000000
v 97.338353184 137.789910969 89.000000000
v 97.274257369 137.780250079 89.000000000
v 97.210722786 137.767406286 89.000000000
v 97.147907391 137.751411521 89.000000000
v 97.085967355 137.732305550 89.000000000
v 97.025056668 137.710135873 89.000000000
v 96.965326766 137.684957608 89.000000000
v 96.906926145 137.656833351 89.000000000
v 96.850000000 137.625833025 89.000000000
v 96.794689857 137.592033700 89.000000000
v 96.741133226 137.555519407 89.000000000
v 103.092292136 139.069373096 89.000000000
v 98.774224234 136.757589986 89.000000000
v 98.785480074 136.693754946 89.000000000
v 103.047032567 139.115775441 89.000000000
v 98.759800472 136.820784617 89.000000000
v 103.139808411 139.025284436 89.000000000
v 98.793540008 136.629438201 89.000000000
v 103.004142224 139.164376107 89.000000000
v 98.742244648 136.883181727 89.000000000
v 103.189463258 138.983619073 89.000000000
v 98.798383998 136.564799651 89.000000000
v 102.963727741 139.215054267 89.000000000
v 98.721600407 136.944626186 89.000000000
v 103.241133226 138.944480593 89.000000000
v 98.800000000 136.500000000 89.000000000
v 102.925889593 139.267683925 89.000000000
v 98.697919075 137.004965235 89.000000000
v 103.294689857 138.907966300 89.000000000
v 98.798383998 136.435200349 89.000000000
v 102.890721854 139.322134236 89.000000000
v 98.671259528 137.064048861 89.000000000
v 103.350000000 138.874166975 89.000000000
v 98.793540008 136.370561799 89.000000000
v 102.858311955 139.378269828 89.000000000
v 98.641688045 137.121730172 89.000000000
v 103.406926145 138.843166649 89.000000000
v 98.785480074 136.306245054 89.000000000
v 102.828740472 139.435951139 89.000000000
v 98.609278146 137.177865764 89.000000000
v 103.465326766 138.815042392 89.000000000
v 98.774224234 136.242410014 89.000000000
v 102.802080925 139.495034765 89.000000000
v 98.574110407 137.232316075 89.000000000
v 103.525056668 138.789864127 89.000000000
v 98.759800472 136.179215383 89.000000000
v 102.778399593 139.555373814 89.000000000
v 98.536272259 137.284945733 89.000000000
v 103.585967355 138.767694450 89.000000000
v 98.742244648 136.116818273 89.000000000
v 102.757755352 139.616818273 89.000000000
v 98.495857776 137.335623893 89.000000000
v 103.647907391 138.748588479 89.000000000
v 98.721600407 136.055373814 89.000000000
v 102.740199528 139.679215383 89.000000000
v 98.452967433 137.384224559 89.000000000
v 103.710722786 138.732593714 89.000000000
v 102.725775766 139.742410014 89.000000000
v 98.407707864 137.430626904 89.000000000
v 103.774257369 138.719749921 89.000000000
v 102.714519926 139.806245054 89.000000000
v 98.360191589 137.474715564 89.000000000
v 103.838353184 138.710089031 89.000000000
v 99.492831268 131.009511026 89.000000000
v 102.706459992 139.870561799 89.000000000
v 98.310536742 137.516380927 89.000000000
v 103.902850878 138.703635064 89.000000000
v 99.565596936 130.908300145 89.000000000
v 102.701616002 139.935200349 89.000000000
v 98.258866774 137.555519407 89.000000000
v 103.967590101 138.700404063 89.000000000
v 99.633227204 130.803588008 89.000000000
v 102.700000000 140.000000000 89.000000000
v 98.205310143 137.592033700 89.000000000
v 104.032409899 138.700404063 89.000000000
v 99.695553933 130.695634947 89.000000000
v 102.701616002 140.064799651 89.000000000
v 98.150000000 137.625833025 89.000000000
v 104.097149122 138.703635064 89.000000000
v 99.752422170 130.584709348 89.000000000
v 102.706459992 140.129438201 89.000000000
v 98.093073855 137.656833351 89.000000000
v 104.161646816 138.710089031 89.000000000
v 102.714519926 140.193754946 89.000000000
v 98.034673234 137.684957608 89.000000000
v 104.225742631 138.719749921 89.000000000
v 99.803690530 130.471086991 89.000000000
v 102.725775766 140.257589986 89.000000000
v 97.974943332 137.710135873 89.000000000
v 104.289277214 138.732593714 89.000000000
v 99.849231552 130.355050358 89.000000000
v 102.740199528 140.320784617 89.000000000
v 97.914032645 137.732305550 89.000000000
v 104.352092609 138.748588479 89.000000000
v 99.888932014 130.236887936 89.000000000
v 102.757755352 140.383181727 89.000000000
v 97.852092609 137.751411521 89.000000000
v 104.414032645 138.767694450 89.000000000
v 99.922693216 130.116893494 89.000000000
v 102.778399593 140.444626186 89.000000000
v 97.789277214 137.767406286 89.000000000
v 104.474943332 138.789864127 89.000000000
v 99.950431220 129.995365358 89.000000000
v 102.802080925 140.504965235 89.000000000
v 97.725742631 137.780250079 89.000000000
v 104.534673234 138.815042392 89.000000000
v 99.972077066 129.872605665 89.000000000
v 102.828740472 140.564048861 89.000000000
v 97.661646816 137.789910969 89.000000000
v 104.593073855 138.843166649 89.000000000
v 99.987576938 129.748919616 89.000000000
v 102.858311955 140.621730172 89.000000000
v 104.650000000 138.874166975 89.000000000
v 102.890721854 140.677865764 89.000000000
v 104.705310143 138.907966300 89.000000000
v 99.996892303 129.624614714 89.000000000
v 102.925889593 140.732316075 89.000000000
v 104.758866774 138.944480593 89.000000000
v 100.000000000 129.500000000 89.000000000
v 102.963727741 140.784945733 89.000000000
v 104.810536742 138.983619073 89.000000000
v 103.004142224 140.835623893 89.000000000
v 104.860191589 139.025284436 89.000000000
v 104.860191589 118.974715564 89.000000000
v 104.907707864 118.930626904 89.000000000
v 103.047032567 140.884224559 89.000000000
v 104.907707864 139.069373096 89.000000000
v 103.092292136 140.930626904 89.000000000
v 103.139808411 140.974715564 89.000000000
v 103.189463258 141.016380927 89.000000000
v 103.241133226 141.055519407 89.000000000
v 103.294689857 141.092033700 89.000000000
v 103.350000000 141.125833025 89.000000000
v 103.406926145 141.156833351 89.000000000
v 103.465326766 141.184957608 89.000000000
v 103.525056668 141.210135873 89.000000000
v 103.585967355 141.232305550 89.000000000
v 103.647907391 141.251411521 89.000000000
v 107.592292136 142.069373096 89.000000000
v 105.197919075 140.504965235 89.000000000
v 105.221600407 140.444626186 89.000000000
v 107.547032567 142.115775441 89.000000000
v 105.171259528 140.564048861 89.000000000
v 107.639808411 142.025284436 89.000000000
v 105.242244648 140.383181727 89.000000000
v 107.504142224 142.164376107 89.000000000
v 105.141688045 140.621730172 89.000000000
v 107.689463258 141.983619073 89.000000000
v 105.259800472 140.320784617 89.000000000
v 107.463727741 142.215054267 89.000000000
v 105.109278146 140.677865764 89.000000000
v 107.741133226 141.944480593 89.000000000
v 105.274224234 140.257589986 89.000000000
v 107.425889593 142.267683925 89.000000000
v 105.074110407 140.732316075 89.000000000
v 107.794689857 141.907966300 89.000000000
v 105.285480074 140.193754946 89.000000000
v 107.390721854 142.322134236 89.000000000
v 105.036272259 140.784945733 89.000000000
v 107.850000000 141.874166975 89.000000000
v 105.293540008 140.129438201 89.000000000
v 107.358311955 142.378269828 89.000000000
v 104.995857776 140.835623893 89.000000000
v 107.906926145 141.843166649 89.000000000
v 105.298383998 140.064799651 89.000000000
v 107.328740472 142.435951139 89.000000000
v 104.952967433 140.884224559 89.000000000
v 107.965326766 141.815042392 89.000000000
v 105.300000000 140.000000000 89.000000000
v 107.302080925 142.495034765 89.000000000
v 104.907707864 140.930626904 89.000000000
v 108.025056668 141.789864127 89.000000000
v 105.298383998 139.935200349 89.000000000
v 107.278399593 142.555373814 89.000000000
v 104.860191589 140.974715564 89.000000000
v 108.085967355 141.767694450 89.000000000
v 105.293540008 139.870561799 89.000000000
v 107.257755352 142.616818273 89.000000000
v 104.810536742 141.016380927 89.000000000
v 108.147907391 141.748588479 89.000000000
v 105.285480074 139.806245054 89.000000000
v 107.240199528 142.679215383 89.000000000
v 104.758866774 141.055519407 89.000000000
v 108.210722786 141.732593714 89.000000000
v 105.274224234 139.742410014 89.000000000
v 107.225775766 142.742410014 89.000000000
v 104.705310143 141.092033700 89.000000000
v 108.274257369 141.719749921 89.000000000
v 105.259800472 139.679215383 89.000000000
v 107.214519926 142.806245054 89.000000000
v 104.650000000 141.125833025 89.000000000
v 108.338353184 141.710089031 89.000000000
v 105.242244648 139.616818273 89.000000000
v 107.206459992 142.870561799 89.000000000
v 104.593073855 141.156833351 89.000000000
v 108.402850878 141.703635064 89.000000000
v 105.221600407 139.555373814 89.000000000
v 107.201616002 142.935200349 89.000000000
v 104.534673234 141.184957608 89.000000000
v 108.467590101 141.700404063 89.000000000
v 105.197919075 139.495034765 89.000000000
v 107.200000000 143.000000000 89.000000000
v 104.474943332 141.210135873 89.000000000
v 108.532409899 141.700404063 89.000000000
v 105.171259528 139.435951139 89.000000000
v 107.201616002 143.064799651 89.000000000
v 104.414032645 141.232305550 89.000000000
v 108.597149122 141.703635064 89.000000000
v 105.141688045 139.378269828 89.000000000
v 107.206459992 143.129438201 89.000000000
v 104.352092609 141.251411521 89.000000000
v 108.661646816 141.710089031 89.000000000
v 105.109278146 139.322134236 89.000000000
v 107.214519926 143.193754946 89.000000000
v 104.289277214 141.267406286 89.000000000
v 108.725742631 141.719749921 89.000000000
v 105.074110407 139.267683925 89.000000000
v 107.225775766 143.257589986 89.000000000
v 104.225742631 141.280250079 89.000000000
v 108.789277214 141.732593714 89.000000000
v 105.036272259 139.215054267 89.000000000
v 107.240199528 143.320784617 89.000000000
v 104.161646816 141.289910969 89.000000000
v 108.852092609 141.748588479 89.000000000
v 104.995857776 139.164376107 89.000000000
v 107.257755352 143.383181727 89.000000000
v 104.097149122 141.296364936 89.000000000
v 108.914032645 141.767694450 89.000000000
v 104.952967433 139.115775441 89.000000000
v 107.278399593 143.444626186 89.000000000
v 104.032409899 141.299595937 89.000000000
v 108.974943332 141.789864127 89.000000000
v 107.302080925 143.504965235 89.000000000
v 103.967590101 141.299595937 89.000000000
v 109.034673234 141.815042392 89.000000000
v 104.952967433 118.884224559 89.000000000
v 107.328740472 143.564048861 89.000000000
v 103.902850878 141.296364936 89.000000000
v 109.093073855 141.843166649 89.000000000
v 104.995857776 118.835623893 89.000000000
v 107.358311955 143.621730172 89.000000000
v 103.838353184 141.289910969 89.000000000
v 109.150000000 141.874166975 89.000000000
v 105.036272259 118.784945733 89.000000000
v 107.390721854 143.677865764 89.000000000
v 103.774257369 141.280250079 89.000000000
v 109.205310143 141.907966300 89.000000000
v 105.074110407 118.732316075 89.000000000
v 107.425889593 143.732316075 89.000000000
v 103.710722786 141.267406286 89.000000000
v 109.258866774 141.944480593 89.000000000
v 107.463727741 143.784945733 89.000000000
v 107.504142224 143.835623893 89.000000000
v 112.000000000 143.500000000 89.000000000
v 109.759800472 143.320784617 89.000000000
v 109.774224234 143.257589986 89.000000000
v 105.293540008 117.870561799 89.000000000
v 109.785480074 143.193754946 89.000000000
v 105.298383998 117.935200349 89.000000000
v 109.793540008 143.129438201 89.000000000
v 105.300000000 118.000000000 89.000000000
v 109.798383998 143.064799651 89.000000000
v 105.298383998 118.064799651 89.000000000
v 109.800000000 143.000000000 89.000000000
v 105.293540008 118.129438201 89.000000000
v 109.798383998 142.935200349 89.000000000
v 105.285480074 118.193754946 89.000000000
v 109.793540008 142.870561799 89.000000000
v 105.274224234 118.257589986 89.000000000
v 109.785480074 142.806245054 89.000000000
v 105.259800472 118.320784617 89.000000000
v 109.774224234 142.742410014 89.000000000
v 105.242244648 118.383181727 89.000000000
v 109.759800472 142.679215383 89.000000000
v 105.221600407 118.444626186 89.000000000
v 109.742244648 142.616818273 89.000000000
v 105.197919075 118.504965235 89.000000000
v 109.721600407 142.555373814 89.000000000
v 105.171259528 118.564048861 89.000000000
v 109.697919075 142.495034765 89.000000000
v 105.141688045 118.621730172 89.000000000
v 109.671259528 142.435951139 89.000000000
v 105.109278146 118.677865764 89.000000000
v 109.641688045 142.378269828 89.000000000
v 109.609278146 142.322134236 89.000000000
v 109.574110407 142.267683925 89.000000000
v 109.536272259 142.215054267 89.000000000
v 109.495857776 142.164376107 89.000000000
v 109.452967433 142.115775441 89.000000000
v 109.407707864 142.069373096 89.000000000
v 109.360191589 142.025284436 89.000000000
v 109.310536742 141.983619073 89.000000000
v 109.000000000 146.500000000 89.000000000
v 107.547032567 143.884224559 89.000000000
v 107.592292136 143.930626904 89.000000000
v 107.639808411 143.974715564 89.000000000
v 107.689463258 144.016380927 89.000000000
v 107.741133226 144.055519407 89.000000000
v 107.794689857 144.092033700 89.000000000
v 107.850000000 144.125833025 89.000000000
v 107.906926145 144.156833351 89.000000000
v 107.965326766 144.184957608 89.000000000
v 108.025056668 144.210135873 89.000000000
v 108.085967355 144.232305550 89.000000000
v 108.147907391 144.251411521 89.000000000
v 108.210722786 144.267406286 89.000000000
v 108.274257369 144.280250079 89.000000000
v 108.338353184 144.289910969 89.000000000
v 108.402850878 144.296364936 89.000000000
v 108.467590101 144.299595937 89.000000000
v 108.532409899 144.299595937 89.000000000
v 108.597149122 144.296364936 89.000000000
v 108.661646816 144.289910969 89.000000000
v 108.725742631 144.280250079 89.000000000
v 108.789277214 144.267406286 89.000000000
v 111.996386369 143.647203023 89.000000000
v 109.147203023 146.496386369 89.000000000
v 108.852092609 144.251411521 89.000000000
v 111.985554180 143.794051421 89.000000000
v 109.742244648 143.383181727 89.000000000
v 109.294051421 146.485554180 89.000000000
v 108.914032645 144.232305550 89.000000000
v 111.967529530 143.940191423 89.000000000
v 109.721600407 143.444626186 89.000000000
v 109.440191423 146.467529530 89.000000000
v 111.942355841 144.085270966 89.000000000
v 109.697919075 143.504965235 89.000000000
v 109.585270966 146.442355841 89.000000000
v 108.974943332 144.210135873 89.000000000
v 111.910093760 144.228940540 89.000000000
v 109.728940540 146.410093760 89.000000000
v 109.034673234 144.184957608 89.000000000
v 111.870821007 144.370854032 89.000000000
v 109.671259528 143.564048861 89.000000000
v 109.870854032 146.370821007 89.000000000
v 110.010669560 146.324632196 89.000000000
v 109.093073855 144.156833351 89.000000000
v 111.824632196 144.510669560 89.000000000
v 109.641688045 143.621730172 89.000000000
v 111.771638598 144.648050297 89.000000000
v 110.148050297 146.271638598 89.000000000
v 109.150000000 144.125833025 89.000000000
v 111.711967879 144.782665280 89.000000000
v 109.609278146 143.677865764 89.000000000
v 110.282665280 146.211967879 89.000000000
v 109.205310143 144.092033700 89.000000000
v 111.645763793 144.914190210 89.000000000
v 109.574110407 143.732316075 89.000000000
v 110.414190210 146.145763793 89.000000000
v 110.542308233 146.073185830 89.000000000
v 109.258866774 144.055519407 89.000000000
v 111.573185830 145.042308233 89.000000000
v 109.536272259 143.784945733 89.000000000
v 111.494408837 145.166710699 89.000000000
v 110.666710699 145.994408837 89.000000000
v 109.310536742 144.016380927 89.000000000
v 110.787097913 145.909622594 89.000000000
v 111.409622594 145.287097913 89.000000000
v 109.495857776 143.835623893 89.000000000
v 111.319031360 145.403179852 89.000000000
v 109.452967433 143.884224559 89.000000000
v 110.903179852 145.819031360 89.000000000
v 109.360191589 143.974715564 89.000000000
v 111.222853376 145.514676865 89.000000000
v 111.014676865 145.722853376 89.000000000
v 109.407707864 143.930626904 89.000000000
v 111.121320344 145.621320344 89.000000000
v 60.200000000 136.500000000 88.200000000
v 60.201565907 136.436212023 88.200000000
v 60.206259855 136.372577718 88.200000000
v 60.214070537 136.309250383 88.200000000
v 60.224979135 136.246382581 88.200000000
v 60.238959371 136.184125766 88.200000000
v 60.255977564 136.122629920 88.200000000
v 60.275992715 136.062043191 88.200000000
v 60.298956608 136.002511538 88.200000000
v 60.324813919 135.944178379 88.200000000
v 60.353502356 135.887184242 88.200000000
v 60.384952807 135.831666433 88.200000000
v 60.419089504 135.777758697 88.200000000
v 60.455830209 135.725590904 88.200000000
v 60.495086411 135.675288731 88.200000000
v 60.536763537 135.626973359 88.200000000
v 60.580761184 135.580761184 88.200000000
v 60.626973359 135.536763537 88.200000000
v 60.675288731 135.495086411 88.200000000
v 60.725590904 135.455830209 88.200000000
v 60.777758697 135.419089504 88.200000000
v 60.831666433 135.384952807 88.200000000
v 60.887184242 135.353502356 88.200000000
v 60.944178379 135.324813919 88.200000000
v 61.002511538 135.298956608 88.200000000
v 61.062043191 135.275992715 88.200000000
v 61.122629920 135.255977564 88.200000000
v 61.184125766 135.238959371 88.200000000
v 61.246382581 135.224979135 88.200000000
v 61.309250383 135.214070537 88.200000000
v 61.372577718 135.206259855 88.200000000
v 61.436212023 135.201565907 88.200000000
v 61.500000000 135.200000000 88.200000000
v 61.564458881 135.201599040 88.200000000
v 61.628759189 135.206392227 88.200000000
v 61.692742742 135.214367768 88.200000000
v 61.756252136 135.225506044 88.200000000
v 61.819131133 135.239779654 88.200000000
v 61.881225049 135.257153484 88.200000000
v 61.942381127 135.277584793 88.200000000
v 62.002448920 135.301023319 88.200000000
v 62.061280658 135.327411401 88.200000000
v 62.118731611 135.356684123 88.200000000
v 62.174660446 135.388769474 88.200000000
v 62.228929575 135.423588520 88.200000000
v 62.281405491 135.461055604 88.200000000
v 62.331959103 135.501078556 88.200000000
v 62.380466043 135.543558916 88.200000000
v 62.426806983 135.588392180 88.200000000
v 62.470867920 135.635468056 88.200000000
v 62.512540462 135.684670734 88.200000000
v 62.551722093 135.735879172 88.200000000
v 62.588316422 135.788967394 88.200000000
v 62.622233425 135.843804801 88.200000000
v 62.653389665 135.900256488 88.200000000
v 62.681708496 135.958183581 88.200000000
v 62.707120250 136.017443576 88.200000000
v 62.729562414 136.077890690 88.200000000
v 62.748979779 136.139376219 88.200000000
v 62.765324576 136.201748904 88.200000000
v 62.778556597 136.264855305 88.200000000
v 62.788643290 136.328540177 88.200000000
v 62.795559841 136.392646851 88.200000000
v 62.799289235 136.457017620 88.200000000
v 62.799822296 136.521494128 88.200000000
v 62.797157715 136.585917760 88.200000000
v 62.791302046 136.650130028 88.200000000
v 62.782269694 136.713972967 88.200000000
v 62.770082880 136.777289520 88.200000000
v 62.754771583 136.839923923 88.200000000
v 62.736373471 136.901722093 88.200000000
v 62.714933804 136.962532001 88.200000000
v 62.690505325 137.022204052 88.200000000
v 62.663148129 137.080591449 88.200000000
v 62.632929517 137.137550555 88.200000000
v 62.599923828 137.192941247 88.200000000
v 62.564212259 137.246627261 88.200000000
v 62.525882662 137.298476526 88.200000000
v 62.485029331 137.348361490 88.200000000
v 62.441752766 137.396159432 88.200000000
v 62.396159432 137.441752766 88.200000000
v 62.348361490 137.485029331 88.200000000
v 62.298476526 137.525882662 88.200000000
v 62.246627261 137.564212259 88.200000000
v 62.192941247 137.599923828 88.200000000
v 62.137550555 137.632929517 88.200000000
v 62.080591449 137.663148129 88.200000000
v 62.022204052 137.690505325 88.200000000
v 61.962532001 137.714933804 88.200000000
v 61.901722093 137.736373471 88.200000000
v 61.839923923 137.754771583 88.200000000
v 61.777289520 137.770082880 88.200000000
v 61.713972967 137.782269694 88.200000000
v 61.650130028 137.791302046 88.200000000
v 61.585917760 137.797157715 88.200000000
v 61.521494128 137.799822296 88.200000000
v 61.457017620 137.799289235 88.200000000
v 61.392646851 137.795559841 88.200000000
v 61.328540177 137.788643290 88.200000000
v 61.264855305 137.778556597 88.200000000
v 61.201748904 137.765324576 88.200000000
v 61.139376219 137.748979779 88.200000000
v 61.077890690 137.729562414 88.200000000
v 61.017443576 137.707120250 88.200000000
v 60.958183581 137.681708496 88.200000000
v 60.900256488 137.653389665 88.200000000
v 60.843804801 137.622233425 88.200000000
v 60.788967394 137.588316422 88.200000000
v 60.735879172 137.551722093 88.200000000
v 60.684670734 137.512540462 88.200000000
v 60.635468056 137.470867920 88.200000000
v 60.588392180 137.426806983 88.200000000
v 60.543558916 137.380466043 88.200000000
v 60.501078556 137.331959103 88.200000000
v 60.461055604 137.281405491 88.200000000
v 60.423588520 137.228929575 88.200000000
v 60.388769474 137.174660446 88.200000000
v 60.356684123 137.118731611 88.200000000
v 60.327411401 137.061280658 88.200000000
v 60.301023319 137.002448920 88.200000000
v 60.277584793 136.942381127 88.200000000
v 60.257153484 136.881225049 88.200000000
v 60.239779654 136.819131133 88.200000000
v 60.225506044 136.756252136 88.200000000
v 60.214367768 136.692742742 88.200000000
v 60.206392227 136.628759189 88.200000000
v 60.201599040 136.564458881 88.200000000
v 60.471539825 135.274328891 87.900000000
v 60.878504326 135.025638061 87.900000000
v 60.591317441 134.831379011 87.600000000
v 60.734793634 135.094845483 87.900000000
v 60.761973887 134.749195197 87.600000000
v 60.851538616 134.397739827 87.300000000
v 61.064078485 134.343620527 87.300000000
v 61.123522328 134.637672273 87.600000000
v 60.939965169 134.684411669 87.600000000
v 61.500000000 134.900000000 87.900000000
v 60.354613041 135.382821091 87.900000000
v 60.429691890 134.930146329 87.600000000
v 60.598687907 135.178017961 87.900000000
v 60.645443448 134.472752334 87.300000000
v 60.249069628 135.502416317 87.900000000
v 60.278703542 135.044515558 87.600000000
v 60.447841247 134.567912539 87.300000000
v 61.500000000 134.300000000 87.300000000
v 60.155958523 135.631925978 87.900000000
v 60.139852986 135.173350046 87.600000000
v 60.260695872 134.682274697 87.300000000
v 60.076205106 135.770062948 87.900000000
v 60.014520183 135.315369376 87.600000000
v 60.085867259 134.814702225 87.300000000
v 60.010602002 135.915454361 87.900000000
v 59.903950746 135.469162099 87.600000000
v 59.925092932 134.963879000 87.300000000
v 59.959801205 136.066655251 87.900000000
v 59.809243563 135.633199751 87.600000000
v 59.779970739 135.128322436 87.300000000
v 59.924307595 136.222162916 87.900000000
v 59.731339878 135.805852054 87.600000000
v 59.651942969 135.306398219 87.300000000
v 59.904473925 136.380431850 87.900000000
v 59.671013931 135.985403111 87.600000000
v 59.542282021 135.496336554 87.300000000
v 59.900497309 136.539889107 87.900000000
v 59.628865269 136.170068462 87.600000000
v 59.452077753 135.696249746 87.300000000
v 59.912417269 136.698949927 87.900000000
v 59.605312785 136.358012822 87.600000000
v 59.382226657 135.904150970 87.300000000
v 59.940115341 136.856033494 87.900000000
v 59.600590554 136.547368314 87.600000000
v 59.333422943 136.117974009 87.300000000
v 59.983316246 137.009578640 87.900000000
v 59.614745507 136.736253039 87.600000000
v 59.306151646 136.335593794 87.300000000
v 60.041590636 137.158059365 87.900000000
v 59.647636967 136.922789775 87.600000000
v 59.300683800 136.554847522 87.300000000
v 60.114359354 137.300000000 87.900000000
v 59.698938042 137.105124635 87.600000000
v 59.317073745 136.773556150 87.300000000
v 60.200899191 137.433989876 87.900000000
v 59.768138881 137.281445496 87.600000000
v 59.355158593 136.989546055 87.300000000
v 60.300350075 137.558697340 87.900000000
v 59.854551733 137.450000000 87.600000000
v 59.414559838 137.200670631 87.300000000
v 60.411723620 137.672882995 87.900000000
v 59.957317789 137.609112977 87.600000000
v 59.494687125 137.404831627 87.300000000
v 60.533912943 137.775412012 87.900000000
v 60.075415714 137.757203091 87.600000000
v 59.594744112 137.600000000 87.300000000
v 60.665703675 137.865265411 87.900000000
v 60.207671798 137.892798556 87.600000000
v 59.713736387 137.784236079 87.300000000
v 60.805786017 137.941550189 87.900000000
v 60.352771620 138.014551764 87.600000000
v 59.850481353 137.955708843 87.300000000
v 60.952767771 138.003508193 87.900000000
v 60.509273114 138.121252675 87.600000000
v 60.003619977 138.112714118 87.300000000
v 61.105188164 138.050523658 87.900000000
v 60.675620896 138.211840849 87.600000000
v 60.171630297 138.253691516 87.300000000
v 61.261532374 138.082129322 87.900000000
v 60.850161728 138.285415979 87.600000000
v 60.352842553 138.377239940 87.300000000
v 61.420246583 138.098011074 87.900000000
v 61.031160944 138.341246844 87.600000000
v 60.545455774 138.482131509 87.300000000
v 61.579753417 138.098011074 87.900000000
v 61.216819694 138.378778570 87.600000000
v 60.747555685 138.567323766 87.300000000
v 61.738467626 138.082129322 87.900000000
v 61.405292817 138.397638150 87.600000000
v 60.957133725 138.631970030 87.300000000
v 61.894811836 138.050523658 87.900000000
v 61.594707183 138.397638150 87.600000000
v 61.172107014 138.675427818 87.300000000
v 62.047232229 138.003508193 87.900000000
v 61.783180306 138.378778570 87.600000000
v 61.390339052 138.697265227 87.300000000
v 62.194213983 137.941550189 87.900000000
v 61.968839056 138.341246844 87.600000000
v 61.609660948 138.697265227 87.300000000
v 62.334296325 137.865265411 87.900000000
v 62.149838272 138.285415979 87.600000000
v 61.827892986 138.675427818 87.300000000
v 62.466087057 137.775412012 87.900000000
v 62.324379104 138.211840849 87.600000000
v 62.042866275 138.631970030 87.300000000
v 62.588276380 137.672882995 87.900000000
v 62.490726886 138.121252675 87.600000000
v 62.252444315 138.567323766 87.300000000
v 62.699649925 137.558697340 87.900000000
v 62.647228380 138.014551764 87.600000000
v 62.454544226 138.482131509 87.300000000
v 62.799100809 137.433989876 87.900000000
v 62.792328202 137.892798556 87.600000000
v 62.647157447 138.377239940 87.300000000
v 62.885640646 137.300000000 87.900000000
v 62.924584286 137.757203091 87.600000000
v 62.828369703 138.253691516 87.300000000
v 62.958409364 137.158059365 87.900000000
v 63.042682211 137.609112977 87.600000000
v 62.996380023 138.112714118 87.300000000
v 63.016683754 137.009578640 87.900000000
v 63.145448267 137.450000000 87.600000000
v 63.149518647 137.955708843 87.300000000
v 63.059884659 136.856033494 87.900000000
v 63.231861119 137.281445496 87.600000000
v 63.286263613 137.784236079 87.300000000
v 63.087582731 136.698949927 87.900000000
v 63.301061958 137.105124635 87.600000000
v 63.405255888 137.600000000 87.300000000
v 63.099502691 136.539889107 87.900000000
v 63.352363033 136.922789775 87.600000000
v 63.505312875 137.404831627 87.300000000
v 63.095526075 136.380431850 87.900000000
v 63.385254493 136.736253039 87.600000000
v 63.585440162 137.200670631 87.300000000
v 63.075692405 136.222162916 87.900000000
v 63.399409446 136.547368314 87.600000000
v 63.644841407 136.989546055 87.300000000
v 63.040198795 136.066655251 87.900000000
v 63.394687215 136.358012822 87.600000000
v 63.682926255 136.773556150 87.300000000
v 62.989397998 135.915454361 87.900000000
v 63.371134731 136.170068462 87.600000000
v 63.699316200 136.554847522 87.300000000
v 62.923794894 135.770062948 87.900000000
v 63.328986069 135.985403111 87.600000000
v 63.693848354 136.335593794 87.300000000
v 62.844041477 135.631925978 87.900000000
v 63.268660122 135.805852054 87.600000000
v 63.666577057 136.117974009 87.300000000
v 62.750930372 135.502416317 87.900000000
v 63.190756437 135.633199751 87.600000000
v 63.617773343 135.904150970 87.300000000
v 62.645386959 135.382821091 87.900000000
v 63.096049254 135.469162099 87.600000000
v 63.547922247 135.696249746 87.300000000
v 62.528460175 135.274328891 87.900000000
v 62.985479817 135.315369376 87.600000000
v 63.457717979 135.496336554 87.300000000
v 62.401312093 135.178017961 87.900000000
v 62.860147014 135.173350046 87.600000000
v 63.348057031 135.306398219 87.300000000
v 62.265206366 135.094845483 87.900000000
v 62.721296458 135.044515558 87.600000000
v 63.220029261 135.128322436 87.300000000
v 62.121495674 135.025638061 87.900000000
v 62.570308110 134.930146329 87.600000000
v 63.074907068 134.963879000 87.300000000
v 61.971608279 134.971083511 87.900000000
v 62.408682559 134.831379011 87.600000000
v 62.914132741 134.814702225 87.300000000
v 61.817033829 134.931724019 87.900000000
v 62.238026113 134.749195197 87.600000000
v 62.739304128 134.682274697 87.300000000
v 61.659308555 134.907950759 87.900000000
v 61.500000000 134.600000000 87.600000000
v 62.060034831 134.684411669 87.600000000
v 62.552158753 134.567912539 87.300000000
v 61.876477672 134.637672273 87.600000000
v 62.354556552 134.472752334 87.300000000
v 61.689178909 134.609441527 87.600000000
v 62.148461384 134.397739827 87.300000000
v 61.935921515 134.343620527 87.300000000
v 61.719049263 134.310932294 87.300000000
v 61.340691445 134.907950759 87.900000000
v 61.182966171 134.931724019 87.900000000
v 61.028391721 134.971083511 87.900000000
v 61.310821091 134.609441527 87.600000000
v 61.280950737 134.310932294 87.300000000
v 60.200000000 122.500000000 88.200000000
v 60.201565907 122.436212023 88.200000000
v 60.206259855 122.372577718 88.200000000
v 60.214070537 122.309250383 88.200000000
v 60.224979135 122.246382581 88.200000000
v 60.238959371 122.184125766 88.200000000
v 60.255977564 122.122629920 88.200000000
v 60.275992715 122.062043191 88.200000000
v 60.298956608 122.002511538 88.200000000
v 60.324813919 121.944178379 88.200000000
v 60.353502356 121.887184242 88.200000000
v 60.384952807 121.831666433 88.200000000
v 60.419089504 121.777758697 88.200000000
v 60.455830209 121.725590904 88.200000000
v 60.495086411 121.675288731 88.200000000
v 60.536763537 121.626973359 88.200000000
v 60.580761184 121.580761184 88.200000000
v 60.626973359 121.536763537 88.200000000
v 60.675288731 121.495086411 88.200000000
v 60.725590904 121.455830209 88.200000000
v 60.777758697 121.419089504 88.200000000
v 60.831666433 121.384952807 88.200000000
v 60.887184242 121.353502356 88.200000000
v 60.944178379 121.324813919 88.200000000
v 61.002511538 121.298956608 88.200000000
v 61.062043191 121.275992715 88.200000000
v 61.122629920 121.255977564 88.200000000
v 61.184125766 121.238959371 88.200000000
v 61.246382581 121.224979135 88.200000000
v 61.309250383 121.214070537 88.200000000
v 61.372577718 121.206259855 88.200000000
v 61.436212023 121.201565907 88.200000000
v 61.500000000 121.200000000 88.200000000
v 61.564458881 121.201599040 88.200000000
v 61.628759189 121.206392227 88.200000000
v 61.692742742 121.214367768 88.200000000
v 61.756252136 121.225506044 88.200000000
v 61.819131133 121.239779654 88.200000000
v 61.881225049 121.257153484 88.200000000
v 61.942381127 121.277584793 88.200000000
v 62.002448920 121.301023319 88.200000000
v 62.061280658 121.327411401 88.200000000
v 62.118731611 121.356684123 88.200000000
v 62.174660446 121.388769474 88.200000000
v 62.228929575 121.423588520 88.200000000
v 62.281405491 121.461055604 88.200000000
v 62.331959103 121.501078556 88.200000000
v 62.380466043 121.543558916 88.200000000
v 62.426806983 121.588392180 88.200000000
v 62.470867920 121.635468056 88.200000000
v 62.512540462 121.684670734 88.200000000
v 62.551722093 121.735879172 88.200000000
v 62.588316422 121.788967394 88.200000000
v 62.622233425 121.843804801 88.200000000
v 62.653389665 121.900256488 88.200000000
v 62.681708496 121.958183581 88.200000000
v 62.707120250 122.017443576 88.200000000
v 62.729562414 122.077890690 88.200000000
v 62.748979779 122.139376219 88.200000000
v 62.765324576 122.201748904 88.200000000
v 62.778556597 122.264855305 88.200000000
v 62.788643290 122.328540177 88.200000000
v 62.795559841 122.392646851 88.200000000
v 62.799289235 122.457017620 88.200000000
v 62.799822296 122.521494128 88.200000000
v 62.797157715 122.585917760 88.200000000
v 62.791302046 122.650130028 88.200000000
v 62.782269694 122.713972967 88.200000000
v 62.770082880 122.777289520 88.200000000
v 62.754771583 122.839923923 88.200000000
v 62.736373471 122.901722093 88.200000000
v 62.714933804 122.962532001 88.200000000
v 62.690505325 123.022204052 88.200000000
v 62.663148129 123.080591449 88.200000000
v 62.632929517 123.137550555 88.200000000
v 62.599923828 123.192941247 88.200000000
v 62.564212259 123.246627261 88.200000000
v 62.525882662 123.298476526 88.200000000
v 62.485029331 123.348361490 88.200000000
v 62.441752766 123.396159432 88.200000000
v 62.396159432 123.441752766 88.200000000
v 62.348361490 123.485029331 88.200000000
v 62.298476526 123.525882662 88.200000000
v 62.246627261 123.564212259 88.200000000
v 62.192941247 123.599923828 88.200000000
v 62.137550555 123.632929517 88.200000000
v 62.080591449 123.663148129 88.200000000
v 62.022204052 123.690505325 88.200000000
v 61.962532001 123.714933804 88.200000000
v 61.901722093 123.736373471 88.200000000
v 61.839923923 123.754771583 88.200000000
v 61.777289520 123.770082880 88.200000000
v 61.713972967 123.782269694 88.200000000
v 61.650130028 123.791302046 88.200000000
v 61.585917760 123.797157715 88.200000000
v 61.521494128 123.799822296 88.200000000
v 61.457017620 123.799289235 88.200000000
v 61.392646851 123.795559841 88.200000000
v 61.328540177 123.788643290 88.200000000
v 61.264855305 123.778556597 88.200000000
v 61.201748904 123.765324576 88.200000000
v 61.139376219 123.748979779 88.200000000
v 61.077890690 123.729562414 88.200000000
v 61.017443576 123.707120250 88.200000000
v 60.958183581 123.681708496 88.200000000
v 60.900256488 123.653389665 88.200000000
v 60.843804801 123.622233425 88.200000000
v 60.788967394 123.588316422 88.200000000
v 60.735879172 123.551722093 88.200000000
v 60.684670734 123.512540462 88.200000000
v 60.635468056 123.470867920 88.200000000
v 60.588392180 123.426806983 88.200000000
v 60.543558916 123.380466043 88.200000000
v 60.501078556 123.331959103 88.200000000
v 60.461055604 123.281405491 88.200000000
v 60.423588520 123.228929575 88.200000000
v 60.388769474 123.174660446 88.200000000
v 60.356684123 123.118731611 88.200000000
v 60.327411401 123.061280658 88.200000000
v 60.301023319 123.002448920 88.200000000
v 60.277584793 122.942381127 88.200000000
v 60.257153484 122.881225049 88.200000000
v 60.239779654 122.819131133 88.200000000
v 60.225506044 122.756252136 88.200000000
v 60.214367768 122.692742742 88.200000000
v 60.206392227 122.628759189 88.200000000
v 60.201599040 122.564458881 88.200000000
v 60.471539825 121.274328891 87.900000000
v 60.598687907 121.178017961 87.900000000
v 60.761973887 120.749195197 87.600000000
v 60.591317441 120.831379011 87.600000000
v 60.878504326 121.025638061 87.900000000
v 60.734793634 121.094845483 87.900000000
v 61.064078485 120.343620527 87.300000000
v 60.851538616 120.397739827 87.300000000
v 61.123522328 120.637672273 87.600000000
v 61.500000000 120.900000000 87.900000000
v 60.939965169 120.684411669 87.600000000
v 60.354613041 121.382821091 87.900000000
v 60.429691890 120.930146329 87.600000000
v 60.645443448 120.472752334 87.300000000
v 60.249069628 121.502416317 87.900000000
v 60.278703542 121.044515558 87.600000000
v 60.447841247 120.567912539 87.300000000
v 61.500000000 120.300000000 87.300000000
v 60.155958523 121.631925978 87.900000000
v 60.139852986 121.173350046 87.600000000
v 60.260695872 120.682274697 87.300000000
v 60.076205106 121.770062948 87.900000000
v 60.014520183 121.315369376 87.600000000
v 60.085867259 120.814702225 87.300000000
v 60.010602002 121.915454361 87.900000000
v 59.903950746 121.469162099 87.600000000
v 59.925092932 120.963879000 87.300000000
v 59.959801205 122.066655251 87.900000000
v 59.809243563 121.633199751 87.600000000
v 59.779970739 121.128322436 87.300000000
v 59.924307595 122.222162916 87.900000000
v 59.731339878 121.805852054 87.600000000
v 59.651942969 121.306398219 87.300000000
v 59.904473925 122.380431850 87.900000000
v 59.671013931 121.985403111 87.600000000
v 59.542282021 121.496336554 87.300000000
v 59.900497309 122.539889107 87.900000000
v 59.628865269 122.170068462 87.600000000
v 59.452077753 121.696249746 87.300000000
v 59.912417269 122.698949927 87.900000000
v 59.605312785 122.358012822 87.600000000
v 59.382226657 121.904150970 87.300000000
v 59.940115341 122.856033494 87.900000000
v 59.600590554 122.547368314 87.600000000
v 59.333422943 122.117974009 87.300000000
v 59.983316246 123.009578640 87.900000000
v 59.614745507 122.736253039 87.600000000
v 59.306151646 122.335593794 87.300000000
v 60.041590636 123.158059365 87.900000000
v 59.647636967 122.922789775 87.600000000
v 59.300683800 122.554847522 87.300000000
v 60.114359354 123.300000000 87.900000000
v 59.698938042 123.105124635 87.600000000
v 59.317073745 122.773556150 87.300000000
v 60.200899191 123.433989876 87.900000000
v 59.768138881 123.281445496 87.600000000
v 59.355158593 122.989546055 87.300000000
v 60.300350075 123.558697340 87.900000000
v 59.854551733 123.450000000 87.600000000
v 59.414559838 123.200670631 87.300000000
v 60.411723620 123.672882995 87.900000000
v 59.957317789 123.609112977 87.600000000
v 59.494687125 123.404831627 87.300000000
v 60.533912943 123.775412012 87.900000000
v 60.075415714 123.757203091 87.600000000
v 59.594744112 123.600000000 87.300000000
v 60.665703675 123.865265411 87.900000000
v 60.207671798 123.892798556 87.600000000
v 59.713736387 123.784236079 87.300000000
v 60.805786017 123.941550189 87.900000000
v 60.352771620 124.014551764 87.600000000
v 59.850481353 123.955708843 87.300000000
v 60.952767771 124.003508193 87.900000000
v 60.509273114 124.121252675 87.600000000
v 60.003619977 124.112714118 87.300000000
v 61.105188164 124.050523658 87.900000000
v 60.675620896 124.211840849 87.600000000
v 60.171630297 124.253691516 87.300000000
v 61.261532374 124.082129322 87.900000000
v 60.850161728 124.285415979 87.600000000
v 60.352842553 124.377239940 87.300000000
v 61.420246583 124.098011074 87.900000000
v 61.031160944 124.341246844 87.600000000
v 60.545455774 124.482131509 87.300000000
v 61.579753417 124.098011074 87.900000000
v 61.216819694 124.378778570 87.600000000
v 60.747555685 124.567323766 87.300000000
v 61.738467626 124.082129322 87.900000000
v 61.405292817 124.397638150 87.600000000
v 60.957133725 124.631970030 87.300000000
v 61.894811836 124.050523658 87.900000000
v 61.594707183 124.397638150 87.600000000
v 61.172107014 124.675427818 87.300000000
v 62.047232229 124.003508193 87.900000000
v 61.783180306 124.378778570 87.600000000
v 61.390339052 124.697265227 87.300000000
v 62.194213983 123.941550189 87.900000000
v 61.968839056 124.341246844 87.600000000
v 61.609660948 124.697265227 87.300000000
v 62.334296325 123.865265411 87.900000000
v 62.149838272 124.285415979 87.600000000
v 61.827892986 124.675427818 87.300000000
v 62.466087057 123.775412012 87.900000000
v 62.324379104 124.211840849 87.600000000
v 62.042866275 124.631970030 87.300000000
v 62.588276380 123.672882995 87.900000000
v 62.490726886 124.121252675 87.600000000
v 62.252444315 124.567323766 87.300000000
v 62.699649925 123.558697340 87.900000000
v 62.647228380 124.014551764 87.600000000
v 62.454544226 124.482131509 87.300000000
v 62.799100809 123.433989876 87.900000000
v 62.792328202 123.892798556 87.600000000
v 62.647157447 124.377239940 87.300000000
v 62.885640646 123.300000000 87.900000000
v 62.924584286 123.757203091 87.600000000
v 62.828369703 124.253691516 87.300000000
v 62.958409364 123.158059365 87.900000000
v 63.042682211 123.609112977 87.600000000
v 62.996380023 124.112714118 87.300000000
v 63.016683754 123.009578640 87.900000000
v 63.145448267 123.450000000 87.600000000
v 63.149518647 123.955708843 87.300000000
v 63.059884659 122.856033494 87.900000000
v 63.231861119 123.281445496 87.600000000
v 63.286263613 123.784236079 87.300000000
v 63.087582731 122.698949927 87.900000000
v 63.301061958 123.105124635 87.600000000
v 63.405255888 123.600000000 87.300000000
v 63.099502691 122.539889107 87.900000000
v 63.352363033 122.922789775 87.600000000
v 63.505312875 123.404831627 87.300000000
v 63.095526075 122.380431850 87.900000000
v 63.385254493 122.736253039 87.600000000
v 63.585440162 123.200670631 87.300000000
v 63.075692405 122.222162916 87.900000000
v 63.399409446 122.547368314 87.600000000
v 63.644841407 122.989546055 87.300000000
v 63.040198795 122.066655251 87.900000000
v 63.394687215 122.358012822 87.600000000
v 63.682926255 122.773556150 87.300000000
v 62.989397998 121.915454361 87.900000000
v 63.371134731 122.170068462 87.600000000
v 63.699316200 122.554847522 87.300000000
v 62.923794894 121.770062948 87.900000000
v 63.328986069 121.985403111 87.600000000
v 63.693848354 122.335593794 87.300000000
v 62.844041477 121.631925978 87.900000000
v 63.268660122 121.805852054 87.600000000
v 63.666577057 122.117974009 87.300000000
v 62.750930372 121.502416317 87.900000000
v 63.190756437 121.633199751 87.600000000
v 63.617773343 121.904150970 87.300000000
v 62.645386959 121.382821091 87.900000000
v 63.096049254 121.469162099 87.600000000
v 63.547922247 121.696249746 87.300000000
v 62.528460175 121.274328891 87.900000000
v 62.985479817 121.315369376 87.600000000
v 63.457717979 121.496336554 87.300000000
v 62.401312093 121.178017961 87.900000000
v 62.860147014 121.173350046 87.600000000
v 63.348057031 121.306398219 87.300000000
v 62.265206366 121.094845483 87.900000000
v 62.721296458 121.044515558 87.600000000
v 63.220029261 121.128322436 87.300000000
v 62.121495674 121.025638061 87.900000000
v 62.570308110 120.930146329 87.600000000
v 63.074907068 120.963879000 87.300000000
v 61.971608279 120.971083511 87.900000000
v 62.408682559 120.831379011 87.600000000
v 62.914132741 120.814702225 87.300000000
v 61.817033829 120.931724019 87.900000000
v 62.238026113 120.749195197 87.600000000
v 62.739304128 120.682274697 87.300000000
v 61.659308555 120.907950759 87.900000000
v 61.500000000 120.600000000 87.600000000
v 62.060034831 120.684411669 87.600000000
v 62.552158753 120.567912539 87.300000000
v 61.876477672 120.637672273 87.600000000
v 62.354556552 120.472752334 87.300000000
v 61.689178909 120.609441527 87.600000000
v 62.148461384 120.397739827 87.300000000
v 61.935921515 120.343620527 87.300000000
v 61.719049263 120.310932294 87.300000000
v 61.340691445 120.907950759 87.900000000
v 61.182966171 120.931724019 87.900000000
v 61.028391721 120.971083511 87.900000000
v 61.310821091 120.609441527 87.600000000
v 61.280950737 120.310932294 87.300000000
v 96.200000000 136.500000000 88.200000000
v 96.201565907 136.436212023 88.200000000
v 96.206259855 136.372577718 88.200000000
v 96.214070537 136.309250383 88.200000000
v 96.224979135 136.246382581 88.200000000
v 96.238959371 136.184125766 88.200000000
v 96.255977564 136.122629920 88.200000000
v 96.275992715 136.062043191 88.200000000
v 96.298956608 136.002511538 88.200000000
v 96.324813919 135.944178379 88.200000000
v 96.353502356 135.887184242 88.200000000
v 96.384952807 135.831666433 88.200000000
v 96.419089504 135.777758697 88.200000000
v 96.455830209 135.725590904 88.200000000
v 96.495086411 135.675288731 88.200000000
v 96.536763537 135.626973359 88.200000000
v 96.580761184 135.580761184 88.200000000
v 96.626973359 135.536763537 88.200000000
v 96.675288731 135.495086411 88.200000000
v 96.725590904 135.455830209 88.200000000
v 96.777758697 135.419089504 88.200000000
v 96.831666433 135.384952807 88.200000000
v 96.887184242 135.353502356 88.200000000
v 96.944178379 135.324813919 88.200000000
v 97.002511538 135.298956608 88.200000000
v 97.062043191 135.275992715 88.200000000
v 97.122629920 135.255977564 88.200000000
v 97.184125766 135.238959371 88.200000000
v 97.246382581 135.224979135 88.200000000
v 97.309250383 135.214070537 88.200000000
v 97.372577718 135.206259855 88.200000000
v 97.436212023 135.201565907 88.200000000
v 97.500000000 135.200000000 88.200000000
v 97.564458881 135.201599040 88.200000000
v 97.628759189 135.206392227 88.200000000
v 97.692742742 135.214367768 88.200000000
v 97.756252136 135.225506044 88.200000000
v 97.819131133 135.239779654 88.200000000
v 97.881225049 135.257153484 88.200000000
v 97.942381127 135.277584793 88.200000000
v 98.002448920 135.301023319 88.200000000
v 98.061280658 135.327411401 88.200000000
v 98.118731611 135.356684123 88.200000000
v 98.174660446 135.388769474 88.200000000
v 98.228929575 135.423588520 88.200000000
v 98.281405491 135.461055604 88.200000000
v 98.331959103 135.501078556 88.200000000
v 98.380466043 135.543558916 88.200000000
v 98.426806983 135.588392180 88.200000000
v 98.470867920 135.635468056 88.200000000
v 98.512540462 135.684670734 88.200000000
v 98.551722093 135.735879172 88.200000000
v 98.588316422 135.788967394 88.200000000
v 98.622233425 135.843804801 88.200000000
v 98.653389665 135.900256488 88.200000000
v 98.681708496 135.958183581 88.200000000
v 98.707120250 136.017443576 88.200000000
v 98.729562414 136.077890690 88.200000000
v 98.748979779 136.139376219 88.200000000
v 98.765324576 136.201748904 88.200000000
v 98.778556597 136.264855305 88.200000000
v 98.788643290 136.328540177 88.200000000
v 98.795559841 136.392646851 88.200000000
v 98.799289235 136.457017620 88.200000000
v 98.799822296 136.521494128 88.200000000
v 98.797157715 136.585917760 88.200000000
v 98.791302046 136.650130028 88.200000000
v 98.782269694 136.713972967 88.200000000
v 98.770082880 136.777289520 88.200000000
v 98.754771583 136.839923923 88.200000000
v 98.736373471 136.901722093 88.200000000
v 98.714933804 136.962532001 88.200000000
v 98.690505325 137.022204052 88.200000000
v 98.663148129 137.080591449 88.200000000
v 98.632929517 137.137550555 88.200000000
v 98.599923828 137.192941247 88.200000000
v 98.564212259 137.246627261 88.200000000
v 98.525882662 137.298476526 88.200000000
v 98.485029331 137.348361490 88.200000000
v 98.441752766 137.396159432 88.200000000
v 98.396159432 137.441752766 88.200000000
v 98.348361490 137.485029331 88.200000000
v 98.298476526 137.525882662 88.200000000
v 98.246627261 137.564212259 88.200000000
v 98.192941247 137.599923828 88.200000000
v 98.137550555 137.632929517 88.200000000
v 98.080591449 137.663148129 88.200000000
v 98.022204052 137.690505325 88.200000000
v 97.962532001 137.714933804 88.200000000
v 97.901722093 137.736373471 88.200000000
v 97.839923923 137.754771583 88.200000000
v 97.777289520 137.770082880 88.200000000
v 97.713972967 137.782269694 88.200000000
v 97.650130028 137.791302046 88.200000000
v 97.585917760 137.797157715 88.200000000
v 97.521494128 137.799822296 88.200000000
v 97.457017620 137.799289235 88.200000000
v 97.392646851 137.795559841 88.200000000
v 97.328540177 137.788643290 88.200000000
v 97.264855305 137.778556597 88.200000000
v 97.201748904 137.765324576 88.200000000
v 97.139376219 137.748979779 88.200000000
v 97.077890690 137.729562414 88.200000000
v 97.017443576 137.707120250 88.200000000
v 96.958183581 137.681708496 88.200000000
v 96.900256488 137.653389665 88.200000000
v 96.843804801 137.622233425 88.200000000
v 96.788967394 137.588316422 88.200000000
v 96.735879172 137.551722093 88.200000000
v 96.684670734 137.512540462 88.200000000
v 96.635468056 137.470867920 88.200000000
v 96.588392180 137.426806983 88.200000000
v 96.543558916 137.380466043 88.200000000
v 96.501078556 137.331959103 88.200000000
v 96.461055604 137.281405491 88.200000000
v 96.423588520 137.228929575 88.200000000
v 96.388769474 137.174660446 88.200000000
v 96.356684123 137.118731611 88.200000000
v 96.327411401 137.061280658 88.200000000
v 96.301023319 137.002448920 88.200000000
v 96.277584793 136.942381127 88.200000000
v 96.257153484 136.881225049 88.200000000
v 96.239779654 136.819131133 88.200000000
v 96.225506044 136.756252136 88.200000000
v 96.214367768 136.692742742 88.200000000
v 96.206392227 136.628759189 88.200000000
v 96.201599040 136.564458881 88.200000000
v 96.471539825 135.274328891 87.900000000
v 96.878504326 135.025638061 87.900000000
v 96.591317441 134.831379011 87.600000000
v 96.734793634 135.094845483 87.900000000
v 96.761973887 134.749195197 87.600000000
v 96.851538616 134.397739827 87.300000000
v 97.064078485 134.343620527 87.300000000
v 97.123522328 134.637672273 87.600000000
v 96.939965169 134.684411669 87.600000000
v 97.500000000 134.900000000 87.900000000
v 96.354613041 135.382821091 87.900000000
v 96.429691890 134.930146329 87.600000000
v 96.598687907 135.178017961 87.900000000
v 96.645443448 134.472752334 87.300000000
v 96.249069628 135.502416317 87.900000000
v 96.278703542 135.044515558 87.600000000
v 96.447841247 134.567912539 87.300000000
v 97.500000000 134.300000000 87.300000000
v 96.155958523 135.631925978 87.900000000
v 96.139852986 135.173350046 87.600000000
v 96.260695872 134.682274697 87.300000000
v 96.076205106 135.770062948 87.900000000
v 96.014520183 135.315369376 87.600000000
v 96.085867259 134.814702225 87.300000000
v 96.010602002 135.915454361 87.900000000
v 95.903950746 135.469162099 87.600000000
v 95.925092932 134.963879000 87.300000000
v 95.959801205 136.066655251 87.900000000
v 95.809243563 135.633199751 87.600000000
v 95.779970739 135.128322436 87.300000000
v 95.924307595 136.222162916 87.900000000
v 95.731339878 135.805852054 87.600000000
v 95.651942969 135.306398219 87.300000000
v 95.904473925 136.380431850 87.900000000
v 95.671013931 135.985403111 87.600000000
v 95.542282021 135.496336554 87.300000000
v 95.900497309 136.539889107 87.900000000
v 95.628865269 136.170068462 87.600000000
v 95.452077753 135.696249746 87.300000000
v 95.912417269 136.698949927 87.900000000
v 95.605312785 136.358012822 87.600000000
v 95.382226657 135.904150970 87.300000000
v 95.940115341 136.856033494 87.900000000
v 95.600590554 136.547368314 87.600000000
v 95.333422943 136.117974009 87.300000000
v 95.983316246 137.009578640 87.900000000
v 95.614745507 136.736253039 87.600000000
v 95.306151646 136.335593794 87.300000000
v 96.041590636 137.158059365 87.900000000
v 95.647636967 136.922789775 87.600000000
v 95.300683800 136.554847522 87.300000000
v 96.114359354 137.300000000 87.900000000
v 95.698938042 137.105124635 87.600000000
v 95.317073745 136.773556150 87.300000000
v 96.200899191 137.433989876 87.900000000
v 95.768138881 137.281445496 87.600000000
v 95.355158593 136.989546055 87.300000000
v 96.300350075 137.558697340 87.900000000
v 95.854551733 137.450000000 87.600000000
v 95.414559838 137.200670631 87.300000000
v 96.411723620 137.672882995 87.900000000
v 95.957317789 137.609112977 87.600000000
v 95.494687125 137.404831627 87.300000000
v 96.533912943 137.775412012 87.900000000
v 96.075415714 137.757203091 87.600000000
v 95.594744112 137.600000000 87.300000000
v 96.665703675 137.865265411 87.900000000
v 96.207671798 137.892798556 87.600000000
v 95.713736387 137.784236079 87.300000000
v 96.805786017 137.941550189 87.900000000
v 96.352771620 138.014551764 87.600000000
v 95.850481353 137.955708843 87.300000000
v 96.952767771 138.003508193 87.900000000
v 96.509273114 138.121252675 87.600000000
v 96.003619977 138.112714118 87.300000000
v 97.105188164 138.050523658 87.900000000
v 96.675620896 138.211840849 87.600000000
v 96.171630297 138.253691516 87.300000000
v 97.261532374 138.082129322 87.900000000
v 96.850161728 138.285415979 87.600000000
v 96.352842553 138.377239940 87.300000000
v 97.420246583 138.098011074 87.900000000
v 97.031160944 138.341246844 87.600000000
v 96.545455774 138.482131509 87.300000000
v 97.579753417 138.098011074 87.900000000
v 97.216819694 138.378778570 87.600000000
v 96.747555685 138.567323766 87.300000000
v 97.738467626 138.082129322 87.900000000
v 97.405292817 138.397638150 87.600000000
v 96.957133725 138.631970030 87.300000000
v 97.894811836 138.050523658 87.900000000
v 97.594707183 138.397638150 87.600000000
v 97.172107014 138.675427818 87.300000000
v 98.047232229 138.003508193 87.900000000
v 97.783180306 138.378778570 87.600000000
v 97.390339052 138.697265227 87.300000000
v 98.194213983 137.941550189 87.900000000
v 97.968839056 138.341246844 87.600000000
v 97.609660948 138.697265227 87.300000000
v 98.334296325 137.865265411 87.900000000
v 98.149838272 138.285415979 87.600000000
v 97.827892986 138.675427818 87.300000000
v 98.466087057 137.775412012 87.900000000
v 98.324379104 138.211840849 87.600000000
v 98.042866275 138.631970030 87.300000000
v 98.588276380 137.672882995 87.900000000
v 98.490726886 138.121252675 87.600000000
v 98.252444315 138.567323766 87.300000000
v 98.699649925 137.558697340 87.900000000
v 98.647228380 138.014551764 87.600000000
v 98.454544226 138.482131509 87.300000000
v 98.799100809 137.433989876 87.900000000
v 98.792328202 137.892798556 87.600000000
v 98.647157447 138.377239940 87.300000000
v 98.885640646 137.300000000 87.900000000
v 98.924584286 137.757203091 87.600000000
v 98.828369703 138.253691516 87.300000000
v 98.958409364 137.158059365 87.900000000
v 99.042682211 137.609112977 87.600000000
v 98.996380023 138.112714118 87.300000000
v 99.016683754 137.009578640 87.900000000
v 99.145448267 137.450000000 87.600000000
v 99.149518647 137.955708843 87.300000000
v 99.059884659 136.856033494 87.900000000
v 99.231861119 137.281445496 87.600000000
v 99.286263613 137.784236079 87.300000000
v 99.087582731 136.698949927 87.900000000
v 99.301061958 137.105124635 87.600000000
v 99.405255888 137.600000000 87.300000000
v 99.099502691 136.539889107 87.900000000
v 99.352363033 136.922789775 87.600000000
v 99.505312875 137.404831627 87.300000000
v 99.095526075 136.380431850 87.900000000
v 99.385254493 136.736253039 87.600000000
v 99.585440162 137.200670631 87.300000000
v 99.075692405 136.222162916 87.900000000
v 99.399409446 136.547368314 87.600000000
v 99.644841407 136.989546055 87.300000000
v 99.040198795 136.066655251 87.900000000
v 99.394687215 136.358012822 87.600000000
v 99.682926255 136.773556150 87.300000000
v 98.989397998 135.915454361 87.900000000
v 99.371134731 136.170068462 87.600000000
v 99.699316200 136.554847522 87.300000000
v 98.923794894 135.770062948 87.900000000
v 99.328986069 135.985403111 87.600000000
v 99.693848354 136.335593794 87.300000000
v 98.844041477 135.631925978 87.900000000
v 99.268660122 135.805852054 87.600000000
v 99.666577057 136.117974009 87.300000000
v 98.750930372 135.502416317 87.900000000
v 99.190756437 135.633199751 87.600000000
v 99.617773343 135.904150970 87.300000000
v 98.645386959 135.382821091 87.900000000
v 99.096049254 135.469162099 87.600000000
v 99.547922247 135.696249746 87.300000000
v 98.528460175 135.274328891 87.900000000
v 98.985479817 135.315369376 87.600000000
v 99.457717979 135.496336554 87.300000000
v 98.401312093 135.178017961 87.900000000
v 98.860147014 135.173350046 87.600000000
v 99.348057031 135.306398219 87.300000000
v 98.265206366 135.094845483 87.900000000
v 98.721296458 135.044515558 87.600000000
v 99.220029261 135.128322436 87.300000000
v 98.121495674 135.025638061 87.900000000
v 98.570308110 134.930146329 87.600000000
v 99.074907068 134.963879000 87.300000000
v 97.971608279 134.971083511 87.900000000
v 98.408682559 134.831379011 87.600000000
v 98.914132741 134.814702225 87.300000000
v 97.817033829 134.931724019 87.900000000
v 98.238026113 134.749195197 87.600000000
v 98.739304128 134.682274697 87.300000000
v 97.659308555 134.907950759 87.900000000
v 97.500000000 134.600000000 87.600000000
v 98.060034831 134.684411669 87.600000000
v 98.552158753 134.567912539 87.300000000
v 97.876477672 134.637672273 87.600000000
v 98.354556552 134.472752334 87.300000000
v 97.689178909 134.609441527 87.600000000
v 98.148461384 134.397739827 87.300000000
v 97.935921515 134.343620527 87.300000000
v 97.719049263 134.310932294 87.300000000
v 97.340691445 134.907950759 87.900000000
v 97.182966171 134.931724019 87.900000000
v 97.028391721 134.971083511 87.900000000
v 97.310821091 134.609441527 87.600000000
v 97.280950737 134.310932294 87.300000000
v 96.200000000 122.500000000 88.200000000
v 96.201565907 122.436212023 88.200000000
v 96.206259855 122.372577718 88.200000000
v 96.214070537 122.309250383 88.200000000
v 96.224979135 122.246382581 88.200000000
v 96.238959371 122.184125766 88.200000000
v 96.255977564 122.122629920 88.200000000
v 96.275992715 122.062043191 88.200000000
v 96.298956608 122.002511538 88.200000000
v 96.324813919 121.944178379 88.200000000
v 96.353502356 121.887184242 88.200000000
v 96.384952807 121.831666433 88.200000000
v 96.419089504 121.777758697 88.200000000
v 96.455830209 121.725590904 88.200000000
v 96.495086411 121.675288731 88.200000000
v 96.536763537 121.626973359 88.200000000
v 96.580761184 121.580761184 88.200000000
v 96.626973359 121.536763537 88.200000000
v 96.675288731 121.495086411 88.200000000
v 96.725590904 121.455830209 88.200000000
v 96.777758697 121.419089504 88.200000000
v 96.831666433 121.384952807 88.200000000
v 96.887184242 121.353502356 88.200000000
v 96.944178379 121.324813919 88.200000000
v 97.002511538 121.298956608 88.200000000
v 97.062043191 121.275992715 88.200000000
v 97.122629920 121.255977564 88.200000000
v 97.184125766 121.238959371 88.200000000
v 97.246382581 121.224979135 88.200000000
v 97.309250383 121.214070537 88.200000000
v 97.372577718 121.206259855 88.200000000
v 97.436212023 121.201565907 88.200000000
v 97.500000000 121.200000000 88.200000000
v 97.564458881 121.201599040 88.200000000
v 97.628759189 121.206392227 88.200000000
v 97.692742742 121.214367768 88.200000000
v 97.756252136 121.225506044 88.200000000
v 97.819131133 121.239779654 88.200000000
v 97.881225049 121.257153484 88.200000000
v 97.942381127 121.277584793 88.200000000
v 98.002448920 121.301023319 88.200000000
v 98.061280658 121.327411401 88.200000000
v 98.118731611 121.356684123 88.200000000
v 98.174660446 121.388769474 88.200000000
v 98.228929575 121.423588520 88.200000000
v 98.281405491 121.461055604 88.200000000
v 98.331959103 121.501078556 88.200000000
v 98.380466043 121.543558916 88.200000000
v 98.426806983 121.588392180 88.200000000
v 98.470867920 121.635468056 88.200000000
v 98.512540462 121.684670734 88.200000000
v 98.551722093 121.735879172 88.200000000
v 98.588316422 121.788967394 88.200000000
v 98.622233425 121.843804801 88.200000000
v 98.653389665 121.900256488 88.200000000
v 98.681708496 121.958183581 88.200000000
v 98.707120250 122.017443576 88.200000000
v 98.729562414 122.077890690 88.200000000
v 98.748979779 122.139376219 88.200000000
v 98.765324576 122.201748904 88.200000000
v 98.778556597 122.264855305 88.200000000
v 98.788643290 122.328540177 88.200000000
v 98.795559841 122.392646851 88.200000000
v 98.799289235 122.457017620 88.200000000
v 98.799822296 122.521494128 88.200000000
v 98.797157715 122.585917760 88.200000000
v 98.791302046 122.650130028 88.200000000
v 98.782269694 122.713972967 88.200000000
v 98.770082880 122.777289520 88.200000000
v 98.754771583 122.839923923 88.200000000
v 98.736373471 122.901722093 88.200000000
v 98.714933804 122.962532001 88.200000000
v 98.690505325 123.022204052 88.200000000
v 98.663148129 123.080591449 88.200000000
v 98.632929517 123.137550555 88.200000000
v 98.599923828 123.192941247 88.200000000
v 98.564212259 123.246627261 88.200000000
v 98.525882662 123.298476526 88.200000000
v 98.485029331 123.348361490 88.200000000
v 98.441752766 123.396159432 88.200000000
v 98.396159432 123.441752766 88.200000000
v 98.348361490 123.485029331 88.200000000
v 98.298476526 123.525882662 88.200000000
v 98.246627261 123.564212259 88.200000000
v 98.192941247 123.599923828 88.200000000
v 98.137550555 123.632929517 88.200000000
v 98.080591449 123.663148129 88.200000000
v 98.022204052 123.690505325 88.200000000
v 97.962532001 123.714933804 88.200000000
v 97.901722093 123.736373471 88.200000000
v 97.839923923 123.754771583 88.200000000
v 97.777289520 123.770082880 88.200000000
v 97.713972967 123.782269694 88.200000000
v 97.650130028 123.791302046 88.200000000
v 97.585917760 123.797157715 88.200000000
v 97.521494128 123.799822296 88.200000000
v 97.457017620 123.799289235 88.200000000
v 97.392646851 123.795559841 88.200000000
v 97.328540177 123.788643290 88.200000000
v 97.264855305 123.778556597 88.200000000
v 97.201748904 123.765324576 88.200000000
v 97.139376219 123.748979779 88.200000000
v 97.077890690 123.729562414 88.200000000
v 97.017443576 123.707120250 88.200000000
v 96.958183581 123.681708496 88.200000000
v 96.900256488 123.653389665 88.200000000
v 96.843804801 123.622233425 88.200000000
v 96.788967394 123.588316422 88.200000000
v 96.735879172 123.551722093 88.200000000
v 96.684670734 123.512540462 88.200000000
v 96.635468056 123.470867920 88.200000000
v 96.588392180 123.426806983 88.200000000
v 96.543558916 123.380466043 88.200000000
v 96.501078556 123.331959103 88.200000000
v 96.461055604 123.281405491 88.200000000
v 96.423588520 123.228929575 88.200000000
v 96.388769474 123.174660446 88.200000000
v 96.356684123 123.118731611 88.200000000
v 96.327411401 123.061280658 88.200000000
v 96.301023319 123.002448920 88.200000000
v 96.277584793 122.942381127 88.200000000
v 96.257153484 122.881225049 88.200000000
v 96.239779654 122.819131133 88.200000000
v 96.225506044 122.756252136 88.200000000
v 96.214367768 122.692742742 88.200000000
v 96.206392227 122.628759189 88.200000000
v 96.201599040 122.564458881 88.200000000
v 96.471539825 121.274328891 87.900000000
v 96.598687907 121.178017961 87.900000000
v 96.761973887 120.749195197 87.600000000
v 96.591317441 120.831379011 87.600000000
v 96.878504326 121.025638061 87.900000000
v 96.734793634 121.094845483 87.900000000
v 97.064078485 120.343620527 87.300000000
v 96.851538616 120.397739827 87.300000000
v 97.123522328 120.637672273 87.600000000
v 97.500000000 120.900000000 87.900000000
v 96.939965169 120.684411669 87.600000000
v 96.354613041 121.382821091 87.900000000
v 96.429691890 120.930146329 87.600000000
v 96.645443448 120.472752334 87.300000000
v 96.249069628 121.502416317 87.900000000
v 96.278703542 121.044515558 87.600000000
v 96.447841247 120.567912539 87.300000000
v 97.500000000 120.300000000 87.300000000
v 96.155958523 121.631925978 87.900000000
v 96.139852986 121.173350046 87.600000000
v 96.260695872 120.682274697 87.300000000
v 96.076205106 121.770062948 87.900000000
v 96.014520183 121.315369376 87.600000000
v 96.085867259 120.814702225 87.300000000
v 96.010602002 121.915454361 87.900000000
v 95.903950746 121.469162099 87.600000000
v 95.925092932 120.963879000 87.300000000
v 95.959801205 122.066655251 87.900000000
v 95.809243563 121.633199751 87.600000000
v 95.779970739 121.128322436 87.300000000
v 95.924307595 122.222162916 87.900000000
v 95.731339878 121.805852054 87.600000000
v 95.651942969 121.306398219 87.300000000
v 95.904473925 122.380431850 87.900000000
v 95.671013931 121.985403111 87.600000000
v 95.542282021 121.496336554 87.300000000
v 95.900497309 122.539889107 87.900000000
v 95.628865269 122.170068462 87.600000000
v 95.452077753 121.696249746 87.300000000
v 95.912417269 122.698949927 87.900000000
v 95.605312785 122.358012822 87.600000000
v 95.382226657 121.904150970 87.300000000
v 95.940115341 122.856033494 87.900000000
v 95.600590554 122.547368314 87.600000000
v 95.333422943 122.117974009 87.300000000
v 95.983316246 123.009578640 87.900000000
v 95.614745507 122.736253039 87.600000000
v 95.306151646 122.335593794 87.300000000
v 96.041590636 123.158059365 87.900000000
v 95.647636967 122.922789775 87.600000000
v 95.300683800 122.554847522 87.300000000
v 96.114359354 123.300000000 87.900000000
v 95.698938042 123.105124635 87.600000000
v 95.317073745 122.773556150 87.300000000
v 96.200899191 123.433989876 87.900000000
v 95.768138881 123.281445496 87.600000000
v 95.355158593 122.989546055 87.300000000
v 96.300350075 123.558697340 87.900000000
v 95.854551733 123.450000000 87.600000000
v 95.414559838 123.200670631 87.300000000
v 96.411723620 123.672882995 87.900000000
v 95.957317789 123.609112977 87.600000000
v 95.494687125 123.404831627 87.300000000
v 96.533912943 123.775412012 87.900000000
v 96.075415714 123.757203091 87.600000000
v 95.594744112 123.600000000 87.300000000
v 96.665703675 123.865265411 87.900000000
v 96.207671798 123.892798556 87.600000000
v 95.713736387 123.784236079 87.300000000
v 96.805786017 123.941550189 87.900000000
v 96.352771620 124.014551764 87.600000000
v 95.850481353 123.955708843 87.300000000
v 96.952767771 124.003508193 87.900000000
v 96.509273114 124.121252675 87.600000000
v 96.003619977 124.112714118 87.300000000
v 97.105188164 124.050523658 87.900000000
v 96.675620896 124.211840849 87.600000000
v 96.171630297 124.253691516 87.300000000
v 97.261532374 124.082129322 87.900000000
v 96.850161728 124.285415979 87.600000000
v 96.352842553 124.377239940 87.300000000
v 97.420246583 124.098011074 87.900000000
v 97.031160944 124.341246844 87.600000000
v 96.545455774 124.482131509 87.300000000
v 97.579753417 124.098011074 87.900000000
v 97.216819694 124.378778570 87.600000000
v 96.747555685 124.567323766 87.300000000
v 97.738467626 124.082129322 87.900000000
v 97.405292817 124.397638150 87.600000000
v 96.957133725 124.631970030 87.300000000
v 97.894811836 124.050523658 87.900000000
v 97.594707183 124.397638150 87.600000000
v 97.172107014 124.675427818 87.300000000
v 98.047232229 124.003508193 87.900000000
v 97.783180306 124.378778570 87.600000000
v 97.390339052 124.697265227 87.300000000
v 98.194213983 123.941550189 87.900000000
v 97.968839056 124.341246844 87.600000000
v 97.609660948 124.697265227 87.300000000
v 98.334296325 123.865265411 87.900000000
v 98.149838272 124.285415979 87.600000000
v 97.827892986 124.675427818 87.300000000
v 98.466087057 123.775412012 87.900000000
v 98.324379104 124.211840849 87.600000000
v 98.042866275 124.631970030 87.300000000
v 98.588276380 123.672882995 87.900000000
v 98.490726886 124.121252675 87.600000000
v 98.252444315 124.567323766 87.300000000
v 98.699649925 123.558697340 87.900000000
v 98.647228380 124.014551764 87.600000000
v 98.454544226 124.482131509 87.300000000
v 98.799100809 123.433989876 87.900000000
v 98.792328202 123.892798556 87.600000000
v 98.647157447 124.377239940 87.300000000
v 98.885640646 123.300000000 87.900000000
v 98.924584286 123.757203091 87.600000000
v 98.828369703 124.253691516 87.300000000
v 98.958409364 123.158059365 87.900000000
v 99.042682211 123.609112977 87.600000000
v 98.996380023 124.112714118 87.300000000
v 99.016683754 123.009578640 87.900000000
v 99.145448267 123.450000000 87.600000000
v 99.149518647 123.955708843 87.300000000
v 99.059884659 122.856033494 87.900000000
v 99.231861119 123.281445496 87.600000000
v 99.286263613 123.784236079 87.300000000
v 99.087582731 122.698949927 87.900000000
v 99.301061958 123.105124635 87.600000000
v 99.405255888 123.600000000 87.300000000
v 99.099502691 122.539889107 87.900000000
v 99.352363033 122.922789775 87.600000000
v 99.505312875 123.404831627 87.300000000
v 99.095526075 122.380431850 87.900000000
v 99.385254493 122.736253039 87.600000000
v 99.585440162 123.200670631 87.300000000
v 99.075692405 122.222162916 87.900000000
v 99.399409446 122.547368314 87.600000000
v 99.644841407 122.989546055 87.300000000
v 99.040198795 122.066655251 87.900000000
v 99.394687215 122.358012822 87.600000000
v 99.682926255 122.773556150 87.300000000
v 98.989397998 121.915454361 87.900000000
v 99.371134731 122.170068462 87.600000000
v 99.699316200 122.554847522 87.300000000
v 98.923794894 121.770062948 87.900000000
v 99.328986069 121.985403111 87.600000000
v 99.693848354 122.335593794 87.300000000
v 98.844041477 121.631925978 87.900000000
v 99.268660122 121.805852054 87.600000000
v 99.666577057 122.117974009 87.300000000
v 98.750930372 121.502416317 87.900000000
v 99.190756437 121.633199751 87.600000000
v 99.617773343 121.904150970 87.300000000
v 98.645386959 121.382821091 87.900000000
v 99.096049254 121.469162099 87.600000000
v 99.547922247 121.696249746 87.300000000
v 98.528460175 121.274328891 87.900000000
v 98.985479817 121.315369376 87.600000000
v 99.457717979 121.496336554 87.300000000
v 98.401312093 121.178017961 87.900000000
v 98.860147014 121.173350046 87.600000000
v 99.348057031 121.306398219 87.300000000
v 98.265206366 121.094845483 87.900000000
v 98.721296458 121.044515558 87.600000000
v 99.220029261 121.128322436 87.300000000
v 98.121495674 121.025638061 87.900000000
v 98.570308110 120.930146329 87.600000000
v 99.074907068 120.963879000 87.300000000
v 97.971608279 120.971083511 87.900000000
v 98.408682559 120.831379011 87.600000000
v 98.914132741 120.814702225 87.300000000
v 97.817033829 120.931724019 87.900000000
v 98.238026113 120.749195197 87.600000000
v 98.739304128 120.682274697 87.300000000
v 97.659308555 120.907950759 87.900000000
v 97.500000000 120.600000000 87.600000000
v 98.060034831 120.684411669 87.600000000
v 98.552158753 120.567912539 87.300000000
v 97.876477672 120.637672273 87.600000000
v 98.354556552 120.472752334 87.300000000
v 97.689178909 120.609441527 87.600000000
v 98.148461384 120.397739827 87.300000000
v 97.935921515 120.343620527 87.300000000
v 97.719049263 120.310932294 87.300000000
v 97.340691445 120.907950759 87.900000000
v 97.182966171 120.931724019 87.900000000
v 97.028391721 120.971083511 87.900000000
v 97.310821091 120.609441527 87.600000000
v 97.280950737 120.310932294 87.300000000
v 60.200000000 63.500000000 88.200000000
v 60.201565907 63.436212023 88.200000000
v 60.206259855 63.372577718 88.200000000
v 60.214070537 63.309250383 88.200000000
v 60.224979135 63.246382581 88.200000000
v 60.238959371 63.184125766 88.200000000
v 60.255977564 63.122629920 88.200000000
v 60.275992715 63.062043191 88.200000000
v 60.298956608 63.002511538 88.200000000
v 60.324813919 62.944178379 88.200000000
v 60.353502356 62.887184242 88.200000000
v 60.384952807 62.831666433 88.200000000
v 60.419089504 62.777758697 88.200000000
v 60.455830209 62.725590904 88.200000000
v 60.495086411 62.675288731 88.200000000
v 60.536763537 62.626973359 88.200000000
v 60.580761184 62.580761184 88.200000000
v 60.626973359 62.536763537 88.200000000
v 60.675288731 62.495086411 88.200000000
v 60.725590904 62.455830209 88.200000000
v 60.777758697 62.419089504 88.200000000
v 60.831666433 62.384952807 88.200000000
v 60.887184242 62.353502356 88.200000000
v 60.944178379 62.324813919 88.200000000
v 61.002511538 62.298956608 88.200000000
v 61.062043191 62.275992715 88.200000000
v 61.122629920 62.255977564 88.200000000
v 61.184125766 62.238959371 88.200000000
v 61.246382581 62.224979135 88.200000000
v 61.309250383 62.214070537 88.200000000
v 61.372577718 62.206259855 88.200000000
v 61.436212023 62.201565907 88.200000000
v 61.500000000 62.200000000 88.200000000
v 61.564458881 62.201599040 88.200000000
v 61.628759189 62.206392227 88.200000000
v 61.692742742 62.214367768 88.200000000
v 61.756252136 62.225506044 88.200000000
v 61.819131133 62.239779654 88.200000000
v 61.881225049 62.257153484 88.200000000
v 61.942381127 62.277584793 88.200000000
v 62.002448920 62.301023319 88.200000000
v 62.061280658 62.327411401 88.200000000
v 62.118731611 62.356684123 88.200000000
v 62.174660446 62.388769474 88.200000000
v 62.228929575 62.423588520 88.200000000
v 62.281405491 62.461055604 88.200000000
v 62.331959103 62.501078556 88.200000000
v 62.380466043 62.543558916 88.200000000
v 62.426806983 62.588392180 88.200000000
v 62.470867920 62.635468056 88.200000000
v 62.512540462 62.684670734 88.200000000
v 62.551722093 62.735879172 88.200000000
v 62.588316422 62.788967394 88.200000000
v 62.622233425 62.843804801 88.200000000
v 62.653389665 62.900256488 88.200000000
v 62.681708496 62.958183581 88.200000000
v 62.707120250 63.017443576 88.200000000
v 62.729562414 63.077890690 88.200000000
v 62.748979779 63.139376219 88.200000000
v 62.765324576 63.201748904 88.200000000
v 62.778556597 63.264855305 88.200000000
v 62.788643290 63.328540177 88.200000000
v 62.795559841 63.392646851 88.200000000
v 62.799289235 63.457017620 88.200000000
v 62.799822296 63.521494128 88.200000000
v 62.797157715 63.585917760 88.200000000
v 62.791302046 63.650130028 88.200000000
v 62.782269694 63.713972967 88.200000000
v 62.770082880 63.777289520 88.200000000
v 62.754771583 63.839923923 88.200000000
v 62.736373471 63.901722093 88.200000000
v 62.714933804 63.962532001 88.200000000
v 62.690505325 64.022204052 88.200000000
v 62.663148129 64.080591449 88.200000000
v 62.632929517 64.137550555 88.200000000
v 62.599923828 64.192941247 88.200000000
v 62.564212259 64.246627261 88.200000000
v 62.525882662 64.298476526 88.200000000
v 62.485029331 64.348361490 88.200000000
v 62.441752766 64.396159432 88.200000000
v 62.396159432 64.441752766 88.200000000
v 62.348361490 64.485029331 88.200000000
v 62.298476526 64.525882662 88.200000000
v 62.246627261 64.564212259 88.200000000
v 62.192941247 64.599923828 88.200000000
v 62.137550555 64.632929517 88.200000000
v 62.080591449 64.663148129 88.200000000
v 62.022204052 64.690505325 88.200000000
v 61.962532001 64.714933804 88.200000000
v 61.901722093 64.736373471 88.200000000
v 61.839923923 64.754771583 88.200000000
v 61.777289520 64.770082880 88.200000000
v 61.713972967 64.782269694 88.200000000
v 61.650130028 64.791302046 88.200000000
v 61.585917760 64.797157715 88.200000000
v 61.521494128 64.799822296 88.200000000
v 61.457017620 64.799289235 88.200000000
v 61.392646851 64.795559841 88.200000000
v 61.328540177 64.788643290 88.200000000
v 61.264855305 64.778556597 88.200000000
v 61.201748904 64.765324576 88.200000000
v 61.139376219 64.748979779 88.200000000
v 61.077890690 64.729562414 88.200000000
v 61.017443576 64.707120250 88.200000000
v 60.958183581 64.681708496 88.200000000
v 60.900256488 64.653389665 88.200000000
v 60.843804801 64.622233425 88.200000000
v 60.788967394 64.588316422 88.200000000
v 60.735879172 64.551722093 88.200000000
v 60.684670734 64.512540462 88.200000000
v 60.635468056 64.470867920 88.200000000
v 60.588392180 64.426806983 88.200000000
v 60.543558916 64.380466043 88.200000000
v 60.501078556 64.331959103 88.200000000
v 60.461055604 64.281405491 88.200000000
v 60.423588520 64.228929575 88.200000000
v 60.388769474 64.174660446 88.200000000
v 60.356684123 64.118731611 88.200000000
v 60.327411401 64.061280658 88.200000000
v 60.301023319 64.002448920 88.200000000
v 60.277584793 63.942381127 88.200000000
v 60.257153484 63.881225049 88.200000000
v 60.239779654 63.819131133 88.200000000
v 60.225506044 63.756252136 88.200000000
v 60.214367768 63.692742742 88.200000000
v 60.206392227 63.628759189 88.200000000
v 60.201599040 63.564458881 88.200000000
v 60.471539825 62.274328891 87.900000000
v 60.878504326 62.025638061 87.900000000
v 60.591317441 61.831379011 87.600000000
v 60.734793634 62.094845483 87.900000000
v 60.761973887 61.749195197 87.600000000
v 60.851538616 61.397739827 87.300000000
v 61.064078485 61.343620527 87.300000000
v 61.123522328 61.637672273 87.600000000
v 60.939965169 61.684411669 87.600000000
v 61.500000000 61.900000000 87.900000000
v 60.354613041 62.382821091 87.900000000
v 60.429691890 61.930146329 87.600000000
v 60.598687907 62.178017961 87.900000000
v 60.645443448 61.472752334 87.300000000
v 60.249069628 62.502416317 87.900000000
v 60.278703542 62.044515558 87.600000000
v 60.447841247 61.567912539 87.300000000
v 61.500000000 61.300000000 87.300000000
v 60.155958523 62.631925978 87.900000000
v 60.139852986 62.173350046 87.600000000
v 60.260695872 61.682274697 87.300000000
v 60.076205106 62.770062948 87.900000000
v 60.014520183 62.315369376 87.600000000
v 60.085867259 61.814702225 87.300000000
v 60.010602002 62.915454361 87.900000000
v 59.903950746 62.469162099 87.600000000
v 59.925092932 61.963879000 87.300000000
v 59.959801205 63.066655251 87.900000000
v 59.809243563 62.633199751 87.600000000
v 59.779970739 62.128322436 87.300000000
v 59.924307595 63.222162916 87.900000000
v 59.731339878 62.805852054 87.600000000
v 59.651942969 62.306398219 87.300000000
v 59.904473925 63.380431850 87.900000000
v 59.671013931 62.985403111 87.600000000
v 59.542282021 62.496336554 87.300000000
v 59.900497309 63.539889107 87.900000000
v 59.628865269 63.170068462 87.600000000
v 59.452077753 62.696249746 87.300000000
v 59.912417269 63.698949927 87.900000000
v 59.605312785 63.358012822 87.600000000
v 59.382226657 62.904150970 87.300000000
v 59.940115341 63.856033494 87.900000000
v 59.600590554 63.547368314 87.600000000
v 59.333422943 63.117974009 87.300000000
v 59.983316246 64.009578640 87.900000000
v 59.614745507 63.736253039 87.600000000
v 59.306151646 63.335593794 87.300000000
v 60.041590636 64.158059365 87.900000000
v 59.647636967 63.922789775 87.600000000
v 59.300683800 63.554847522 87.300000000
v 60.114359354 64.300000000 87.900000000
v 59.698938042 64.105124635 87.600000000
v 59.317073745 63.773556150 87.300000000
v 60.200899191 64.433989876 87.900000000
v 59.768138881 64.281445496 87.600000000
v 59.355158593 63.989546055 87.300000000
v 60.300350075 64.558697340 87.900000000
v 59.854551733 64.450000000 87.600000000
v 59.414559838 64.200670631 87.300000000
v 60.411723620 64.672882995 87.900000000
v 59.957317789 64.609112977 87.600000000
v 59.494687125 64.404831627 87.300000000
v 60.533912943 64.775412012 87.900000000
v 60.075415714 64.757203091 87.600000000
v 59.594744112 64.600000000 87.300000000
v 60.665703675 64.865265411 87.900000000
v 60.207671798 64.892798556 87.600000000
v 59.713736387 64.784236079 87.300000000
v 60.805786017 64.941550189 87.900000000
v 60.352771620 65.014551764 87.600000000
v 59.850481353 64.955708843 87.300000000
v 60.952767771 65.003508193 87.900000000
v 60.509273114 65.121252675 87.600000000
v 60.003619977 65.112714118 87.300000000
v 61.105188164 65.050523658 87.900000000
v 60.675620896 65.211840849 87.600000000
v 60.171630297 65.253691516 87.300000000
v 61.261532374 65.082129322 87.900000000
v 60.850161728 65.285415979 87.600000000
v 60.352842553 65.377239940 87.300000000
v 61.420246583 65.098011074 87.900000000
v 61.031160944 65.341246844 87.600000000
v 60.545455774 65.482131509 87.300000000
v 61.579753417 65.098011074 87.900000000
v 61.216819694 65.378778570 87.600000000
v 60.747555685 65.567323766 87.300000000
v 61.738467626 65.082129322 87.900000000
v 61.405292817 65.397638150 87.600000000
v 60.957133725 65.631970030 87.300000000
v 61.894811836 65.050523658 87.900000000
v 61.594707183 65.397638150 87.600000000
v 61.172107014 65.675427818 87.300000000
v 62.047232229 65.003508193 87.900000000
v 61.783180306 65.378778570 87.600000000
v 61.390339052 65.697265227 87.300000000
v 62.194213983 64.941550189 87.900000000
v 61.968839056 65.341246844 87.600000000
v 61.609660948 65.697265227 87.300000000
v 62.334296325 64.865265411 87.900000000
v 62.149838272 65.285415979 87.600000000
v 61.827892986 65.675427818 87.300000000
v 62.466087057 64.775412012 87.900000000
v 62.324379104 65.211840849 87.600000000
v 62.042866275 65.631970030 87.300000000
v 62.588276380 64.672882995 87.900000000
v 62.490726886 65.121252675 87.600000000
v 62.252444315 65.567323766 87.300000000
v 62.699649925 64.558697340 87.900000000
v 62.647228380 65.014551764 87.600000000
v 62.454544226 65.482131509 87.300000000
v 62.799100809 64.433989876 87.900000000
v 62.792328202 64.892798556 87.600000000
v 62.647157447 65.377239940 87.300000000
v 62.885640646 64.300000000 87.900000000
v 62.924584286 64.757203091 87.600000000
v 62.828369703 65.253691516 87.300000000
v 62.958409364 64.158059365 87.900000000
v 63.042682211 64.609112977 87.600000000
v 62.996380023 65.112714118 87.300000000
v 63.016683754 64.009578640 87.900000000
v 63.145448267 64.450000000 87.600000000
v 63.149518647 64.955708843 87.300000000
v 63.059884659 63.856033494 87.900000000
v 63.231861119 64.281445496 87.600000000
v 63.286263613 64.784236079 87.300000000
v 63.087582731 63.698949927 87.900000000
v 63.301061958 64.105124635 87.600000000
v 63.405255888 64.600000000 87.300000000
v 63.099502691 63.539889107 87.900000000
v 63.352363033 63.922789775 87.600000000
v 63.505312875 64.404831627 87.300000000
v 63.095526075 63.380431850 87.900000000
v 63.385254493 63.736253039 87.600000000
v 63.585440162 64.200670631 87.300000000
v 63.075692405 63.222162916 87.900000000
v 63.399409446 63.547368314 87.600000000
v 63.644841407 63.989546055 87.300000000
v 63.040198795 63.066655251 87.900000000
v 63.394687215 63.358012822 87.600000000
v 63.682926255 63.773556150 87.300000000
v 62.989397998 62.915454361 87.900000000
v 63.371134731 63.170068462 87.600000000
v 63.699316200 63.554847522 87.300000000
v 62.923794894 62.770062948 87.900000000
v 63.328986069 62.985403111 87.600000000
v 63.693848354 63.335593794 87.300000000
v 62.844041477 62.631925978 87.900000000
v 63.268660122 62.805852054 87.600000000
v 63.666577057 63.117974009 87.300000000
v 62.750930372 62.502416317 87.900000000
v 63.190756437 62.633199751 87.600000000
v 63.617773343 62.904150970 87.300000000
v 62.645386959 62.382821091 87.900000000
v 63.096049254 62.469162099 87.600000000
v 63.547922247 62.696249746 87.300000000
v 62.528460175 62.274328891 87.900000000
v 62.985479817 62.315369376 87.600000000
v 63.457717979 62.496336554 87.300000000
v 62.401312093 62.178017961 87.900000000
v 62.860147014 62.173350046 87.600000000
v 63.348057031 62.306398219 87.300000000
v 62.265206366 62.094845483 87.900000000
v 62.721296458 62.044515558 87.600000000
v 63.220029261 62.128322436 87.300000000
v 62.121495674 62.025638061 87.900000000
v 62.570308110 61.930146329 87.600000000
v 63.074907068 61.963879000 87.300000000
v 61.971608279 61.971083511 87.900000000
v 62.408682559 61.831379011 87.600000000
v 62.914132741 61.814702225 87.300000000
v 61.817033829 61.931724019 87.900000000
v 62.238026113 61.749195197 87.600000000
v 62.739304128 61.682274697 87.300000000
v 61.659308555 61.907950759 87.900000000
v 61.500000000 61.600000000 87.600000000
v 62.060034831 61.684411669 87.600000000
v 62.552158753 61.567912539 87.300000000
v 61.876477672 61.637672273 87.600000000
v 62.354556552 61.472752334 87.300000000
v 61.689178909 61.609441527 87.600000000
v 62.148461384 61.397739827 87.300000000
v 61.935921515 61.343620527 87.300000000
v 61.719049263 61.310932294 87.300000000
v 61.340691445 61.907950759 87.900000000
v 61.182966171 61.931724019 87.900000000
v 61.028391721 61.971083511 87.900000000
v 61.310821091 61.609441527 87.600000000
v 61.280950737 61.310932294 87.300000000
v 60.200000000 77.500000000 88.200000000
v 60.201565907 77.436212023 88.200000000
v 60.206259855 77.372577718 88.200000000
v 60.214070537 77.309250383 88.200000000
v 60.224979135 77.246382581 88.200000000
v 60.238959371 77.184125766 88.200000000
v 60.255977564 77.122629920 88.200000000
v 60.275992715 77.062043191 88.200000000
v 60.298956608 77.002511538 88.200000000
v 60.324813919 76.944178379 88.200000000
v 60.353502356 76.887184242 88.200000000
v 60.384952807 76.831666433 88.200000000
v 60.419089504 76.777758697 88.200000000
v 60.455830209 76.725590904 88.200000000
v 60.495086411 76.675288731 88.200000000
v 60.536763537 76.626973359 88.200000000
v 60.580761184 76.580761184 88.200000000
v 60.626973359 76.536763537 88.200000000
v 60.675288731 76.495086411 88.200000000
v 60.725590904 76.455830209 88.200000000
v 60.777758697 76.419089504 88.200000000
v 60.831666433 76.384952807 88.200000000
v 60.887184242 76.353502356 88.200000000
v 60.944178379 76.324813919 88.200000000
v 61.002511538 76.298956608 88.200000000
v 61.062043191 76.275992715 88.200000000
v 61.122629920 76.255977564 88.200000000
v 61.184125766 76.238959371 88.200000000
v 61.246382581 76.224979135 88.200000000
v 61.309250383 76.214070537 88.200000000
v 61.372577718 76.206259855 88.200000000
v 61.436212023 76.201565907 88.200000000
v 61.500000000 76.200000000 88.200000000
v 61.564458881 76.201599040 88.200000000
v 61.628759189 76.206392227 88.200000000
v 61.692742742 76.214367768 88.200000000
v 61.756252136 76.225506044 88.200000000
v 61.819131133 76.239779654 88.200000000
v 61.881225049 76.257153484 88.200000000
v 61.942381127 76.277584793 88.200000000
v 62.002448920 76.301023319 88.200000000
v 62.061280658 76.327411401 88.200000000
v 62.118731611 76.356684123 88.200000000
v 62.174660446 76.388769474 88.200000000
v 62.228929575 76.423588520 88.200000000
v 62.281405491 76.461055604 88.200000000
v 62.331959103 76.501078556 88.200000000
v 62.380466043 76.543558916 88.200000000
v 62.426806983 76.588392180 88.200000000
v 62.470867920 76.635468056 88.200000000
v 62.512540462 76.684670734 88.200000000
v 62.551722093 76.735879172 88.200000000
v 62.588316422 76.788967394 88.200000000
v 62.622233425 76.843804801 88.200000000
v 62.653389665 76.900256488 88.200000000
v 62.681708496 76.958183581 88.200000000
v 62.707120250 77.017443576 88.200000000
v 62.729562414 77.077890690 88.200000000
v 62.748979779 77.139376219 88.200000000
v 62.765324576 77.201748904 88.200000000
v 62.778556597 77.264855305 88.200000000
v 62.788643290 77.328540177 88.200000000
v 62.795559841 77.392646851 88.200000000
v 62.799289235 77.457017620 88.200000000
v 62.799822296 77.521494128 88.200000000
v 62.797157715 77.585917760 88.200000000
v 62.791302046 77.650130028 88.200000000
v 62.782269694 77.713972967 88.200000000
v 62.770082880 77.777289520 88.200000000
v 62.754771583 77.839923923 88.200000000
v 62.736373471 77.901722093 88.200000000
v 62.714933804 77.962532001 88.200000000
v 62.690505325 78.022204052 88.200000000
v 62.663148129 78.080591449 88.200000000
v 62.632929517 78.137550555 88.200000000
v 62.599923828 78.192941247 88.200000000
v 62.564212259 78.246627261 88.200000000
v 62.525882662 78.298476526 88.200000000
v 62.485029331 78.348361490 88.200000000
v 62.441752766 78.396159432 88.200000000
v 62.396159432 78.441752766 88.200000000
v 62.348361490 78.485029331 88.200000000
v 62.298476526 78.525882662 88.200000000
v 62.246627261 78.564212259 88.200000000
v 62.192941247 78.599923828 88.200000000
v 62.137550555 78.632929517 88.200000000
v 62.080591449 78.663148129 88.200000000
v 62.022204052 78.690505325 88.200000000
v 61.962532001 78.714933804 88.200000000
v 61.901722093 78.736373471 88.200000000
v 61.839923923 78.754771583 88.200000000
v 61.777289520 78.770082880 88.200000000
v 61.713972967 78.782269694 88.200000000
v 61.650130028 78.791302046 88.200000000
v 61.585917760 78.797157715 88.200000000
v 61.521494128 78.799822296 88.200000000
v 61.457017620 78.799289235 88.200000000
v 61.392646851 78.795559841 88.200000000
v 61.328540177 78.788643290 88.200000000
v 61.264855305 78.778556597 88.200000000
v 61.201748904 78.765324576 88.200000000
v 61.139376219 78.748979779 88.200000000
v 61.077890690 78.729562414 88.200000000
v 61.017443576 78.707120250 88.200000000
v 60.958183581 78.681708496 88.200000000
v 60.900256488 78.653389665 88.200000000
v 60.843804801 78.622233425 88.200000000
v 60.788967394 78.588316422 88.200000000
v 60.735879172 78.551722093 88.200000000
v 60.684670734 78.512540462 88.200000000
v 60.635468056 78.470867920 88.200000000
v 60.588392180 78.426806983 88.200000000
v 60.543558916 78.380466043 88.200000000
v 60.501078556 78.331959103 88.200000000
v 60.461055604 78.281405491 88.200000000
v 60.423588520 78.228929575 88.200000000
v 60.388769474 78.174660446 88.200000000
v 60.356684123 78.118731611 88.200000000
v 60.327411401 78.061280658 88.200000000
v 60.301023319 78.002448920 88.200000000
v 60.277584793 77.942381127 88.200000000
v 60.257153484 77.881225049 88.200000000
v 60.239779654 77.819131133 88.200000000
v 60.225506044 77.756252136 88.200000000
v 60.214367768 77.692742742 88.200000000
v 60.206392227 77.628759189 88.200000000
v 60.201599040 77.564458881 88.200000000
v 60.471539825 76.274328891 87.900000000
v 60.598687907 76.178017961 87.900000000
v 60.761973887 75.749195197 87.600000000
v 60.591317441 75.831379011 87.600000000
v 60.878504326 76.025638061 87.900000000
v 60.734793634 76.094845483 87.900000000
v 61.064078485 75.343620527 87.300000000
v 60.851538616 75.397739827 87.300000000
v 61.123522328 75.637672273 87.600000000
v 61.500000000 75.900000000 87.900000000
v 60.939965169 75.684411669 87.600000000
v 60.354613041 76.382821091 87.900000000
v 60.429691890 75.930146329 87.600000000
v 60.645443448 75.472752334 87.300000000
v 60.249069628 76.502416317 87.900000000
v 60.278703542 76.044515558 87.600000000
v 60.447841247 75.567912539 87.300000000
v 61.500000000 75.300000000 87.300000000
v 60.155958523 76.631925978 87.900000000
v 60.139852986 76.173350046 87.600000000
v 60.260695872 75.682274697 87.300000000
v 60.076205106 76.770062948 87.900000000
v 60.014520183 76.315369376 87.600000000
v 60.085867259 75.814702225 87.300000000
v 60.010602002 76.915454361 87.900000000
v 59.903950746 76.469162099 87.600000000
v 59.925092932 75.963879000 87.300000000
v 59.959801205 77.066655251 87.900000000
v 59.809243563 76.633199751 87.600000000
v 59.779970739 76.128322436 87.300000000
v 59.924307595 77.222162916 87.900000000
v 59.731339878 76.805852054 87.600000000
v 59.651942969 76.306398219 87.300000000
v 59.904473925 77.380431850 87.900000000
v 59.671013931 76.985403111 87.600000000
v 59.542282021 76.496336554 87.300000000
v 59.900497309 77.539889107 87.900000000
v 59.628865269 77.170068462 87.600000000
v 59.452077753 76.696249746 87.300000000
v 59.912417269 77.698949927 87.900000000
v 59.605312785 77.358012822 87.600000000
v 59.382226657 76.904150970 87.300000000
v 59.940115341 77.856033494 87.900000000
v 59.600590554 77.547368314 87.600000000
v 59.333422943 77.117974009 87.300000000
v 59.983316246 78.009578640 87.900000000
v 59.614745507 77.736253039 87.600000000
v 59.306151646 77.335593794 87.300000000
v 60.041590636 78.158059365 87.900000000
v 59.647636967 77.922789775 87.600000000
v 59.300683800 77.554847522 87.300000000
v 60.114359354 78.300000000 87.900000000
v 59.698938042 78.105124635 87.600000000
v 59.317073745 77.773556150 87.300000000
v 60.200899191 78.433989876 87.900000000
v 59.768138881 78.281445496 87.600000000
v 59.355158593 77.989546055 87.300000000
v 60.300350075 78.558697340 87.900000000
v 59.854551733 78.450000000 87.600000000
v 59.414559838 78.200670631 87.300000000
v 60.411723620 78.672882995 87.900000000
v 59.957317789 78.609112977 87.600000000
v 59.494687125 78.404831627 87.300000000
v 60.533912943 78.775412012 87.900000000
v 60.075415714 78.757203091 87.600000000
v 59.594744112 78.600000000 87.300000000
v 60.665703675 78.865265411 87.900000000
v 60.207671798 78.892798556 87.600000000
v 59.713736387 78.784236079 87.300000000
v 60.805786017 78.941550189 87.900000000
v 60.352771620 79.014551764 87.600000000
v 59.850481353 78.955708843 87.300000000
v 60.952767771 79.003508193 87.900000000
v 60.509273114 79.121252675 87.600000000
v 60.003619977 79.112714118 87.300000000
v 61.105188164 79.050523658 87.900000000
v 60.675620896 79.211840849 87.600000000
v 60.171630297 79.253691516 87.300000000
v 61.261532374 79.082129322 87.900000000
v 60.850161728 79.285415979 87.600000000
v 60.352842553 79.377239940 87.300000000
v 61.420246583 79.098011074 87.900000000
v 61.031160944 79.341246844 87.600000000
v 60.545455774 79.482131509 87.300000000
v 61.579753417 79.098011074 87.900000000
v 61.216819694 79.378778570 87.600000000
v 60.747555685 79.567323766 87.300000000
v 61.738467626 79.082129322 87.900000000
v 61.405292817 79.397638150 87.600000000
v 60.957133725 79.631970030 87.300000000
v 61.894811836 79.050523658 87.900000000
v 61.594707183 79.397638150 87.600000000
v 61.172107014 79.675427818 87.300000000
v 62.047232229 79.003508193 87.900000000
v 61.783180306 79.378778570 87.600000000
v 61.390339052 79.697265227 87.300000000
v 62.194213983 78.941550189 87.900000000
v 61.968839056 79.341246844 87.600000000
v 61.609660948 79.697265227 87.300000000
v 62.334296325 78.865265411 87.900000000
v 62.149838272 79.285415979 87.600000000
v 61.827892986 79.675427818 87.300000000
v 62.466087057 78.775412012 87.900000000
v 62.324379104 79.211840849 87.600000000
v 62.042866275 79.631970030 87.300000000
v 62.588276380 78.672882995 87.900000000
v 62.490726886 79.121252675 87.600000000
v 62.252444315 79.567323766 87.300000000
v 62.699649925 78.558697340 87.900000000
v 62.647228380 79.014551764 87.600000000
v 62.454544226 79.482131509 87.300000000
v 62.799100809 78.433989876 87.900000000
v 62.792328202 78.892798556 87.600000000
v 62.647157447 79.377239940 87.300000000
v 62.885640646 78.300000000 87.900000000
v 62.924584286 78.757203091 87.600000000
v 62.828369703 79.253691516 87.300000000
v 62.958409364 78.158059365 87.900000000
v 63.042682211 78.609112977 87.600000000
v 62.996380023 79.112714118 87.300000000
v 63.016683754 78.009578640 87.900000000
v 63.145448267 78.450000000 87.600000000
v 63.149518647 78.955708843 87.300000000
v 63.059884659 77.856033494 87.900000000
v 63.231861119 78.281445496 87.600000000
v 63.286263613 78.784236079 87.300000000
v 63.087582731 77.698949927 87.900000000
v 63.301061958 78.105124635 87.600000000
v 63.405255888 78.600000000 87.300000000
v 63.099502691 77.539889107 87.900000000
v 63.352363033 77.922789775 87.600000000
v 63.505312875 78.404831627 87.300000000
v 63.095526075 77.380431850 87.900000000
v 63.385254493 77.736253039 87.600000000
v 63.585440162 78.200670631 87.300000000
v 63.075692405 77.222162916 87.900000000
v 63.399409446 77.547368314 87.600000000
v 63.644841407 77.989546055 87.300000000
v 63.040198795 77.066655251 87.900000000
v 63.394687215 77.358012822 87.600000000
v 63.682926255 77.773556150 87.300000000
v 62.989397998 76.915454361 87.900000000
v 63.371134731 77.170068462 87.600000000
v 63.699316200 77.554847522 87.300000000
v 62.923794894 76.770062948 87.900000000
v 63.328986069 76.985403111 87.600000000
v 63.693848354 77.335593794 87.300000000
v 62.844041477 76.631925978 87.900000000
v 63.268660122 76.805852054 87.600000000
v 63.666577057 77.117974009 87.300000000
v 62.750930372 76.502416317 87.900000000
v 63.190756437 76.633199751 87.600000000
v 63.617773343 76.904150970 87.300000000
v 62.645386959 76.382821091 87.900000000
v 63.096049254 76.469162099 87.600000000
v 63.547922247 76.696249746 87.300000000
v 62.528460175 76.274328891 87.900000000
v 62.985479817 76.315369376 87.600000000
v 63.457717979 76.496336554 87.300000000
v 62.401312093 76.178017961 87.900000000
v 62.860147014 76.173350046 87.600000000
v 63.348057031 76.306398219 87.300000000
v 62.265206366 76.094845483 87.900000000
v 62.721296458 76.044515558 87.600000000
v 63.220029261 76.128322436 87.300000000
v 62.121495674 76.025638061 87.900000000
v 62.570308110 75.930146329 87.600000000
v 63.074907068 75.963879000 87.300000000
v 61.971608279 75.971083511 87.900000000
v 62.408682559 75.831379011 87.600000000
v 62.914132741 75.814702225 87.300000000
v 61.817033829 75.931724019 87.900000000
v 62.238026113 75.749195197 87.600000000
v 62.739304128 75.682274697 87.300000000
v 61.659308555 75.907950759 87.900000000
v 61.500000000 75.600000000 87.600000000
v 62.060034831 75.684411669 87.600000000
v 62.552158753 75.567912539 87.300000000
v 61.876477672 75.637672273 87.600000000
v 62.354556552 75.472752334 87.300000000
v 61.689178909 75.609441527 87.600000000
v 62.148461384 75.397739827 87.300000000
v 61.935921515 75.343620527 87.300000000
v 61.719049263 75.310932294 87.300000000
v 61.340691445 75.907950759 87.900000000
v 61.182966171 75.931724019 87.900000000
v 61.028391721 75.971083511 87.900000000
v 61.310821091 75.609441527 87.600000000
v 61.280950737 75.310932294 87.300000000
v 96.200000000 63.500000000 88.200000000
v 96.201565907 63.436212023 88.200000000
v 96.206259855 63.372577718 88.200000000
v 96.214070537 63.309250383 88.200000000
v 96.224979135 63.246382581 88.200000000
v 96.238959371 63.184125766 88.200000000
v 96.255977564 63.122629920 88.200000000
v 96.275992715 63.062043191 88.200000000
v 96.298956608 63.002511538 88.200000000
v 96.324813919 62.944178379 88.200000000
v 96.353502356 62.887184242 88.200000000
v 96.384952807 62.831666433 88.200000000
v 96.419089504 62.777758697 88.200000000
v 96.455830209 62.725590904 88.200000000
v 96.495086411 62.675288731 88.200000000
v 96.536763537 62.626973359 88.200000000
v 96.580761184 62.580761184 88.200000000
v 96.626973359 62.536763537 88.200000000
v 96.675288731 62.495086411 88.200000000
v 96.725590904 62.455830209 88.200000000
v 96.777758697 62.419089504 88.200000000
v 96.831666433 62.384952807 88.200000000
v 96.887184242 62.353502356 88.200000000
v 96.944178379 62.324813919 88.200000000
v 97.002511538 62.298956608 88.200000000
v 97.062043191 62.275992715 88.200000000
v 97.122629920 62.255977564 88.200000000
v 97.184125766 62.238959371 88.200000000
v 97.246382581 62.224979135 88.200000000
v 97.309250383 62.214070537 88.200000000
v 97.372577718 62.206259855 88.200000000
v 97.436212023 62.201565907 88.200000000
v 97.500000000 62.200000000 88.200000000
v 97.564458881 62.201599040 88.200000000
v 97.628759189 62.206392227 88.200000000
v 97.692742742 62.214367768 88.200000000
v 97.756252136 62.225506044 88.200000000
v 97.819131133 62.239779654 88.200000000
v 97.881225049 62.257153484 88.200000000
v 97.942381127 62.277584793 88.200000000
v 98.002448920 62.301023319 88.200000000
v 98.061280658 62.327411401 88.200000000
v 98.118731611 62.356684123 88.200000000
v 98.174660446 62.388769474 88.200000000
v 98.228929575 62.423588520 88.200000000
v 98.281405491 62.461055604 88.200000000
v 98.331959103 62.501078556 88.200000000
v 98.380466043 62.543558916 88.200000000
v 98.426806983 62.588392180 88.200000000
v 98.470867920 62.635468056 88.200000000
v 98.512540462 62.684670734 88.200000000
v 98.551722093 62.735879172 88.200000000
v 98.588316422 62.788967394 88.200000000
v 98.622233425 62.843804801 88.200000000
v 98.653389665 62.900256488 88.200000000
v 98.681708496 62.958183581 88.200000000
v 98.707120250 63.017443576 88.200000000
v 98.729562414 63.077890690 88.200000000
v 98.748979779 63.139376219 88.200000000
v 98.765324576 63.201748904 88.200000000
v 98.778556597 63.264855305 88.200000000
v 98.788643290 63.328540177 88.200000000
v 98.795559841 63.392646851 88.200000000
v 98.799289235 63.457017620 88.200000000
v 98.799822296 63.521494128 88.200000000
v 98.797157715 63.585917760 88.200000000
v 98.791302046 63.650130028 88.200000000
v 98.782269694 63.713972967 88.200000000
v 98.770082880 63.777289520 88.200000000
v 98.754771583 63.839923923 88.200000000
v 98.736373471 63.901722093 88.200000000
v 98.714933804 63.962532001 88.200000000
v 98.690505325 64.022204052 88.200000000
v 98.663148129 64.080591449 88.200000000
v 98.632929517 64.137550555 88.200000000
v 98.599923828 64.192941247 88.200000000
v 98.564212259 64.246627261 88.200000000
v 98.525882662 64.298476526 88.200000000
v 98.485029331 64.348361490 88.200000000
v 98.441752766 64.396159432 88.200000000
v 98.396159432 64.441752766 88.200000000
v 98.348361490 64.485029331 88.200000000
v 98.298476526 64.525882662 88.200000000
v 98.246627261 64.564212259 88.200000000
v 98.192941247 64.599923828 88.200000000
v 98.137550555 64.632929517 88.200000000
v 98.080591449 64.663148129 88.200000000
v 98.022204052 64.690505325 88.200000000
v 97.962532001 64.714933804 88.200000000
v 97.901722093 64.736373471 88.200000000
v 97.839923923 64.754771583 88.200000000
v 97.777289520 64.770082880 88.200000000
v 97.713972967 64.782269694 88.200000000
v 97.650130028 64.791302046 88.200000000
v 97.585917760 64.797157715 88.200000000
v 97.521494128 64.799822296 88.200000000
v 97.457017620 64.799289235 88.200000000
v 97.392646851 64.795559841 88.200000000
v 97.328540177 64.788643290 88.200000000
v 97.264855305 64.778556597 88.200000000
v 97.201748904 64.765324576 88.200000000
v 97.139376219 64.748979779 88.200000000
v 97.077890690 64.729562414 88.200000000
v 97.017443576 64.707120250 88.200000000
v 96.958183581 64.681708496 88.200000000
v 96.900256488 64.653389665 88.200000000
v 96.843804801 64.622233425 88.200000000
v 96.788967394 64.588316422 88.200000000
v 96.735879172 64.551722093 88.200000000
v 96.684670734 64.512540462 88.200000000
v 96.635468056 64.470867920 88.200000000
v 96.588392180 64.426806983 88.200000000
v 96.543558916 64.380466043 88.200000000
v 96.501078556 64.331959103 88.200000000
v 96.461055604 64.281405491 88.200000000
v 96.423588520 64.228929575 88.200000000
v 96.388769474 64.174660446 88.200000000
v 96.356684123 64.118731611 88.200000000
v 96.327411401 64.061280658 88.200000000
v 96.301023319 64.002448920 88.200000000
v 96.277584793 63.942381127 88.200000000
v 96.257153484 63.881225049 88.200000000
v 96.239779654 63.819131133 88.200000000
v 96.225506044 63.756252136 88.200000000
v 96.214367768 63.692742742 88.200000000
v 96.206392227 63.628759189 88.200000000
v 96.201599040 63.564458881 88.200000000
v 96.471539825 62.274328891 87.900000000
v 96.878504326 62.025638061 87.900000000
v 96.591317441 61.831379011 87.600000000
v 96.734793634 62.094845483 87.900000000
v 96.761973887 61.749195197 87.600000000
v 96.851538616 61.397739827 87.300000000
v 97.064078485 61.343620527 87.300000000
v 97.123522328 61.637672273 87.600000000
v 96.939965169 61.684411669 87.600000000
v 97.500000000 61.900000000 87.900000000
v 96.354613041 62.382821091 87.900000000
v 96.429691890 61.930146329 87.600000000
v 96.598687907 62.178017961 87.900000000
v 96.645443448 61.472752334 87.300000000
v 96.249069628 62.502416317 87.900000000
v 96.278703542 62.044515558 87.600000000
v 96.447841247 61.567912539 87.300000000
v 97.500000000 61.300000000 87.300000000
v 96.155958523 62.631925978 87.900000000
v 96.139852986 62.173350046 87.600000000
v 96.260695872 61.682274697 87.300000000
v 96.076205106 62.770062948 87.900000000
v 96.014520183 62.315369376 87.600000000
v 96.085867259 61.814702225 87.300000000
v 96.010602002 62.915454361 87.900000000
v 95.903950746 62.469162099 87.600000000
v 95.925092932 61.963879000 87.300000000
v 95.959801205 63.066655251 87.900000000
v 95.809243563 62.633199751 87.600000000
v 95.779970739 62.128322436 87.300000000
v 95.924307595 63.222162916 87.900000000
v 95.731339878 62.805852054 87.600000000
v 95.651942969 62.306398219 87.300000000
v 95.904473925 63.380431850 87.900000000
v 95.671013931 62.985403111 87.600000000
v 95.542282021 62.496336554 87.300000000
v 95.900497309 63.539889107 87.900000000
v 95.628865269 63.170068462 87.600000000
v 95.452077753 62.696249746 87.300000000
v 95.912417269 63.698949927 87.900000000
v 95.605312785 63.358012822 87.600000000
v 95.382226657 62.904150970 87.300000000
v 95.940115341 63.856033494 87.900000000
v 95.600590554 63.547368314 87.600000000
v 95.333422943 63.117974009 87.300000000
v 95.983316246 64.009578640 87.900000000
v 95.614745507 63.736253039 87.600000000
v 95.306151646 63.335593794 87.300000000
v 96.041590636 64.158059365 87.900000000
v 95.647636967 63.922789775 87.600000000
v 95.300683800 63.554847522 87.300000000
v 96.114359354 64.300000000 87.900000000
v 95.698938042 64.105124635 87.600000000
v 95.317073745 63.773556150 87.300000000
v 96.200899191 64.433989876 87.900000000
v 95.768138881 64.281445496 87.600000000
v 95.355158593 63.989546055 87.300000000
v 96.300350075 64.558697340 87.900000000
v 95.854551733 64.450000000 87.600000000
v 95.414559838 64.200670631 87.300000000
v 96.411723620 64.672882995 87.900000000
v 95.957317789 64.609112977 87.600000000
v 95.494687125 64.404831627 87.300000000
v 96.533912943 64.775412012 87.900000000
v 96.075415714 64.757203091 87.600000000
v 95.594744112 64.600000000 87.300000000
v 96.665703675 64.865265411 87.900000000
v 96.207671798 64.892798556 87.600000000
v 95.713736387 64.784236079 87.300000000
v 96.805786017 64.941550189 87.900000000
v 96.352771620 65.014551764 87.600000000
v 95.850481353 64.955708843 87.300000000
v 96.952767771 65.003508193 87.900000000
v 96.509273114 65.121252675 87.600000000
v 96.003619977 65.112714118 87.300000000
v 97.105188164 65.050523658 87.900000000
v 96.675620896 65.211840849 87.600000000
v 96.171630297 65.253691516 87.300000000
v 97.261532374 65.082129322 87.900000000
v 96.850161728 65.285415979 87.600000000
v 96.352842553 65.377239940 87.300000000
v 97.420246583 65.098011074 87.900000000
v 97.031160944 65.341246844 87.600000000
v 96.545455774 65.482131509 87.300000000
v 97.579753417 65.098011074 87.900000000
v 97.216819694 65.378778570 87.600000000
v 96.747555685 65.567323766 87.300000000
v 97.738467626 65.082129322 87.900000000
v 97.405292817 65.397638150 87.600000000
v 96.957133725 65.631970030 87.300000000
v 97.894811836 65.050523658 87.900000000
v 97.594707183 65.397638150 87.600000000
v 97.172107014 65.675427818 87.300000000
v 98.047232229 65.003508193 87.900000000
v 97.783180306 65.378778570 87.600000000
v 97.390339052 65.697265227 87.300000000
v 98.194213983 64.941550189 87.900000000
v 97.968839056 65.341246844 87.600000000
v 97.609660948 65.697265227 87.300000000
v 98.334296325 64.865265411 87.900000000
v 98.149838272 65.285415979 87.600000000
v 97.827892986 65.675427818 87.300000000
v 98.466087057 64.775412012 87.900000000
v 98.324379104 65.211840849 87.600000000
v 98.042866275 65.631970030 87.300000000
v 98.588276380 64.672882995 87.900000000
v 98.490726886 65.121252675 87.600000000
v 98.252444315 65.567323766 87.300000000
v 98.699649925 64.558697340 87.900000000
v 98.647228380 65.014551764 87.600000000
v 98.454544226 65.482131509 87.300000000
v 98.799100809 64.433989876 87.900000000
v 98.792328202 64.892798556 87.600000000
v 98.647157447 65.377239940 87.300000000
v 98.885640646 64.300000000 87.900000000
v 98.924584286 64.757203091 87.600000000
v 98.828369703 65.253691516 87.300000000
v 98.958409364 64.158059365 87.900000000
v 99.042682211 64.609112977 87.600000000
v 98.996380023 65.112714118 87.300000000
v 99.016683754 64.009578640 87.900000000
v 99.145448267 64.450000000 87.600000000
v 99.149518647 64.955708843 87.300000000
v 99.059884659 63.856033494 87.900000000
v 99.231861119 64.281445496 87.600000000
v 99.286263613 64.784236079 87.300000000
v 99.087582731 63.698949927 87.900000000
v 99.301061958 64.105124635 87.600000000
v 99.405255888 64.600000000 87.300000000
v 99.099502691 63.539889107 87.900000000
v 99.352363033 63.922789775 87.600000000
v 99.505312875 64.404831627 87.300000000
v 99.095526075 63.380431850 87.900000000
v 99.385254493 63.736253039 87.600000000
v 99.585440162 64.200670631 87.300000000
v 99.075692405 63.222162916 87.900000000
v 99.399409446 63.547368314 87.600000000
v 99.644841407 63.989546055 87.300000000
v 99.040198795 63.066655251 87.900000000
v 99.394687215 63.358012822 87.600000000
v 99.682926255 63.773556150 87.300000000
v 98.989397998 62.915454361 87.900000000
v 99.371134731 63.170068462 87.600000000
v 99.699316200 63.554847522 87.300000000
v 98.923794894 62.770062948 87.900000000
v 99.328986069 62.985403111 87.600000000
v 99.693848354 63.335593794 87.300000000
v 98.844041477 62.631925978 87.900000000
v 99.268660122 62.805852054 87.600000000
v 99.666577057 63.117974009 87.300000000
v 98.750930372 62.502416317 87.900000000
v 99.190756437 62.633199751 87.600000000
v 99.617773343 62.904150970 87.300000000
v 98.645386959 62.382821091 87.900000000
v 99.096049254 62.469162099 87.600000000
v 99.547922247 62.696249746 87.300000000
v 98.528460175 62.274328891 87.900000000
v 98.985479817 62.315369376 87.600000000
v 99.457717979 62.496336554 87.300000000
v 98.401312093 62.178017961 87.900000000
v 98.860147014 62.173350046 87.600000000
v 99.348057031 62.306398219 87.300000000
v 98.265206366 62.094845483 87.900000000
v 98.721296458 62.044515558 87.600000000
v 99.220029261 62.128322436 87.300000000
v 98.121495674 62.025638061 87.900000000
v 98.570308110 61.930146329 87.600000000
v 99.074907068 61.963879000 87.300000000
v 97.971608279 61.971083511 87.900000000
v 98.408682559 61.831379011 87.600000000
v 98.914132741 61.814702225 87.300000000
v 97.817033829 61.931724019 87.900000000
v 98.238026113 61.749195197 87.600000000
v 98.739304128 61.682274697 87.300000000
v 97.659308555 61.907950759 87.900000000
v 97.500000000 61.600000000 87.600000000
v 98.060034831 61.684411669 87.600000000
v 98.552158753 61.567912539 87.300000000
v 97.876477672 61.637672273 87.600000000
v 98.354556552 61.472752334 87.300000000
v 97.689178909 61.609441527 87.600000000
v 98.148461384 61.397739827 87.300000000
v 97.935921515 61.343620527 87.300000000
v 97.719049263 61.310932294 87.300000000
v 97.340691445 61.907950759 87.900000000
v 97.182966171 61.931724019 87.900000000
v 97.028391721 61.971083511 87.900000000
v 97.310821091 61.609441527 87.600000000
v 97.280950737 61.310932294 87.300000000
v 96.200000000 77.500000000 88.200000000
v 96.201565907 77.436212023 88.200000000
v 96.206259855 77.372577718 88.200000000
v 96.214070537 77.309250383 88.200000000
v 96.224979135 77.246382581 88.200000000
v 96.238959371 77.184125766 88.200000000
v 96.255977564 77.122629920 88.200000000
v 96.275992715 77.062043191 88.200000000
v 96.298956608 77.002511538 88.200000000
v 96.324813919 76.944178379 88.200000000
v 96.353502356 76.887184242 88.200000000
v 96.384952807 76.831666433 88.200000000
v 96.419089504 76.777758697 88.200000000
v 96.455830209 76.725590904 88.200000000
v 96.495086411 76.675288731 88.200000000
v 96.536763537 76.626973359 88.200000000
v 96.580761184 76.580761184 88.200000000
v 96.626973359 76.536763537 88.200000000
v 96.675288731 76.495086411 88.200000000
v 96.725590904 76.455830209 88.200000000
v 96.777758697 76.419089504 88.200000000
v 96.831666433 76.384952807 88.200000000
v 96.887184242 76.353502356 88.200000000
v 96.944178379 76.324813919 88.200000000
v 97.002511538 76.298956608 88.200000000
v 97.062043191 76.275992715 88.200000000
v 97.122629920 76.255977564 88.200000000
v 97.184125766 76.238959371 88.200000000
v 97.246382581 76.224979135 88.200000000
v 97.309250383 76.214070537 88.200000000
v 97.372577718 76.206259855 88.200000000
v 97.436212023 76.201565907 88.200000000
v 97.500000000 76.200000000 88.200000000
v 97.564458881 76.201599040 88.200000000
v 97.628759189 76.206392227 88.200000000
v 97.692742742 76.214367768 88.200000000
v 97.756252136 76.225506044 88.200000000
v 97.819131133 76.239779654 88.200000000
v 97.881225049 76.257153484 88.200000000
v 97.942381127 76.277584793 88.200000000
v 98.002448920 76.301023319 88.200000000
v 98.061280658 76.327411401 88.200000000
v 98.118731611 76.356684123 88.200000000
v 98.174660446 76.388769474 88.200000000
v 98.228929575 76.423588520 88.200000000
v 98.281405491 76.461055604 88.200000000
v 98.331959103 76.501078556 88.200000000
v 98.380466043 76.543558916 88.200000000
v 98.426806983 76.588392180 88.200000000
v 98.470867920 76.635468056 88.200000000
v 98.512540462 76.684670734 88.200000000
v 98.551722093 76.735879172 88.200000000
v 98.588316422 76.788967394 88.200000000
v 98.622233425 76.843804801 88.200000000
v 98.653389665 76.900256488 88.200000000
v 98.681708496 76.958183581 88.200000000
v 98.707120250 77.017443576 88.200000000
v 98.729562414 77.077890690 88.200000000
v 98.748979779 77.139376219 88.200000000
v 98.765324576 77.201748904 88.200000000
v 98.778556597 77.264855305 88.200000000
v 98.788643290 77.328540177 88.200000000
v 98.795559841 77.392646851 88.200000000
v 98.799289235 77.457017620 88.200000000
v 98.799822296 77.521494128 88.200000000
v 98.797157715 77.585917760 88.200000000
v 98.791302046 77.650130028 88.200000000
v 98.782269694 77.713972967 88.200000000
v 98.770082880 77.777289520 88.200000000
v 98.754771583 77.839923923 88.200000000
v 98.736373471 77.901722093 88.200000000
v 98.714933804 77.962532001 88.200000000
v 98.690505325 78.022204052 88.200000000
v 98.663148129 78.080591449 88.200000000
v 98.632929517 78.137550555 88.200000000
v 98.599923828 78.192941247 88.200000000
v 98.564212259 78.246627261 88.200000000
v 98.525882662 78.298476526 88.200000000
v 98.485029331 78.348361490 88.200000000
v 98.441752766 78.396159432 88.200000000
v 98.396159432 78.441752766 88.200000000
v 98.348361490 78.485029331 88.200000000
v 98.298476526 78.525882662 88.200000000
v 98.246627261 78.564212259 88.200000000
v 98.192941247 78.599923828 88.200000000
v 98.137550555 78.632929517 88.200000000
v 98.080591449 78.663148129 88.200000000
v 98.022204052 78.690505325 88.200000000
v 97.962532001 78.714933804 88.200000000
v 97.901722093 78.736373471 88.200000000
v 97.839923923 78.754771583 88.200000000
v 97.777289520 78.770082880 88.200000000
v 97.713972967 78.782269694 88.200000000
v 97.650130028 78.791302046 88.200000000
v 97.585917760 78.797157715 88.200000000
v 97.521494128 78.799822296 88.200000000
v 97.457017620 78.799289235 88.200000000
v 97.392646851 78.795559841 88.200000000
v 97.328540177 78.788643290 88.200000000
v 97.264855305 78.778556597 88.200000000
v 97.201748904 78.765324576 88.200000000
v 97.139376219 78.748979779 88.200000000
v 97.077890690 78.729562414 88.200000000
v 97.017443576 78.707120250 88.200000000
v 96.958183581 78.681708496 88.200000000
v 96.900256488 78.653389665 88.200000000
v 96.843804801 78.622233425 88.200000000
v 96.788967394 78.588316422 88.200000000
v 96.735879172 78.551722093 88.200000000
v 96.684670734 78.512540462 88.200000000
v 96.635468056 78.470867920 88.200000000
v 96.588392180 78.426806983 88.200000000
v 96.543558916 78.380466043 88.200000000
v 96.501078556 78.331959103 88.200000000
v 96.461055604 78.281405491 88.200000000
v 96.423588520 78.228929575 88.200000000
v 96.388769474 78.174660446 88.200000000
v 96.356684123 78.118731611 88.200000000
v 96.327411401 78.061280658 88.200000000
v 96.301023319 78.002448920 88.200000000
v 96.277584793 77.942381127 88.200000000
v 96.257153484 77.881225049 88.200000000
v 96.239779654 77.819131133 88.200000000
v 96.225506044 77.756252136 88.200000000
v 96.214367768 77.692742742 88.200000000
v 96.206392227 77.628759189 88.200000000
v 96.201599040 77.564458881 88.200000000
v 96.471539825 76.274328891 87.900000000
v 96.598687907 76.178017961 87.900000000
v 96.761973887 75.749195197 87.600000000
v 96.591317441 75.831379011 87.600000000
v 96.878504326 76.025638061 87.900000000
v 96.734793634 76.094845483 87.900000000
v 97.064078485 75.343620527 87.300000000
v 96.851538616 75.397739827 87.300000000
v 97.123522328 75.637672273 87.600000000
v 97.500000000 75.900000000 87.900000000
v 96.939965169 75.684411669 87.600000000
v 96.354613041 76.382821091 87.900000000
v 96.429691890 75.930146329 87.600000000
v 96.645443448 75.472752334 87.300000000
v 96.249069628 76.502416317 87.900000000
v 96.278703542 76.044515558 87.600000000
v 96.447841247 75.567912539 87.300000000
v 97.500000000 75.300000000 87.300000000
v 96.155958523 76.631925978 87.900000000
v 96.139852986 76.173350046 87.600000000
v 96.260695872 75.682274697 87.300000000
v 96.076205106 76.770062948 87.900000000
v 96.014520183 76.315369376 87.600000000
v 96.085867259 75.814702225 87.300000000
v 96.010602002 76.915454361 87.900000000
v 95.903950746 76.469162099 87.600000000
v 95.925092932 75.963879000 87.300000000
v 95.959801205 77.066655251 87.900000000
v 95.809243563 76.633199751 87.600000000
v 95.779970739 76.128322436 87.300000000
v 95.924307595 77.222162916 87.900000000
v 95.731339878 76.805852054 87.600000000
v 95.651942969 76.306398219 87.300000000
v 95.904473925 77.380431850 87.900000000
v 95.671013931 76.985403111 87.600000000
v 95.542282021 76.496336554 87.300000000
v 95.900497309 77.539889107 87.900000000
v 95.628865269 77.170068462 87.600000000
v 95.452077753 76.696249746 87.300000000
v 95.912417269 77.698949927 87.900000000
v 95.605312785 77.358012822 87.600000000
v 95.382226657 76.904150970 87.300000000
v 95.940115341 77.856033494 87.900000000
v 95.600590554 77.547368314 87.600000000
v 95.333422943 77.117974009 87.300000000
v 95.983316246 78.009578640 87.900000000
v 95.614745507 77.736253039 87.600000000
v 95.306151646 77.335593794 87.300000000
v 96.041590636 78.158059365 87.900000000
v 95.647636967 77.922789775 87.600000000
v 95.300683800 77.554847522 87.300000000
v 96.114359354 78.300000000 87.900000000
v 95.698938042 78.105124635 87.600000000
v 95.317073745 77.773556150 87.300000000
v 96.200899191 78.433989876 87.900000000
v 95.768138881 78.281445496 87.600000000
v 95.355158593 77.989546055 87.300000000
v 96.300350075 78.558697340 87.900000000
v 95.854551733 78.450000000 87.600000000
v 95.414559838 78.200670631 87.300000000
v 96.411723620 78.672882995 87.900000000
v 95.957317789 78.609112977 87.600000000
v 95.494687125 78.404831627 87.300000000
v 96.533912943 78.775412012 87.900000000
v 96.075415714 78.757203091 87.600000000
v 95.594744112 78.600000000 87.300000000
v 96.665703675 78.865265411 87.900000000
v 96.207671798 78.892798556 87.600000000
v 95.713736387 78.784236079 87.300000000
v 96.805786017 78.941550189 87.900000000
v 96.352771620 79.014551764 87.600000000
v 95.850481353 78.955708843 87.300000000
v 96.952767771 79.003508193 87.900000000
v 96.509273114 79.121252675 87.600000000
v 96.003619977 79.112714118 87.300000000
v 97.105188164 79.050523658 87.900000000
v 96.675620896 79.211840849 87.600000000
v 96.171630297 79.253691516 87.300000000
v 97.261532374 79.082129322 87.900000000
v 96.850161728 79.285415979 87.600000000
v 96.352842553 79.377239940 87.300000000
v 97.420246583 79.098011074 87.900000000
v 97.031160944 79.341246844 87.600000000
v 96.545455774 79.482131509 87.300000000
v 97.579753417 79.098011074 87.900000000
v 97.216819694 79.378778570 87.600000000
v 96.747555685 79.567323766 87.300000000
v 97.738467626 79.082129322 87.900000000
v 97.405292817 79.397638150 87.600000000
v 96.957133725 79.631970030 87.300000000
v 97.894811836 79.050523658 87.900000000
v 97.594707183 79.397638150 87.600000000
v 97.172107014 79.675427818 87.300000000
v 98.047232229 79.003508193 87.900000000
v 97.783180306 79.378778570 87.600000000
v 97.390339052 79.697265227 87.300000000
v 98.194213983 78.941550189 87.900000000
v 97.968839056 79.341246844 87.600000000
v 97.609660948 79.697265227 87.300000000
v 98.334296325 78.865265411 87.900000000
v 98.149838272 79.285415979 87.600000000
v 97.827892986 79.675427818 87.300000000
v 98.466087057 78.775412012 87.900000000
v 98.324379104 79.211840849 87.600000000
v 98.042866275 79.631970030 87.300000000
v 98.588276380 78.672882995 87.900000000
v 98.490726886 79.121252675 87.600000000
v 98.252444315 79.567323766 87.300000000
v 98.699649925 78.558697340 87.900000000
v 98.647228380 79.014551764 87.600000000
v 98.454544226 79.482131509 87.300000000
v 98.799100809 78.433989876 87.900000000
v 98.792328202 78.892798556 87.600000000
v 98.647157447 79.377239940 87.300000000
v 98.885640646 78.300000000 87.900000000
v 98.924584286 78.757203091 87.600000000
v 98.828369703 79.253691516 87.300000000
v 98.958409364 78.158059365 87.900000000
v 99.042682211 78.609112977 87.600000000
v 98.996380023 79.112714118 87.300000000
v 99.016683754 78.009578640 87.900000000
v 99.145448267 78.450000000 87.600000000
v 99.149518647 78.955708843 87.300000000
v 99.059884659 77.856033494 87.900000000
v 99.231861119 78.281445496 87.600000000
v 99.286263613 78.784236079 87.300000000
v 99.087582731 77.698949927 87.900000000
v 99.301061958 78.105124635 87.600000000
v 99.405255888 78.600000000 87.300000000
v 99.099502691 77.539889107 87.900000000
v 99.352363033 77.922789775 87.600000000
v 99.505312875 78.404831627 87.300000000
v 99.095526075 77.380431850 87.900000000
v 99.385254493 77.736253039 87.600000000
v 99.585440162 78.200670631 87.300000000
v 99.075692405 77.222162916 87.900000000
v 99.399409446 77.547368314 87.600000000
v 99.644841407 77.989546055 87.300000000
v 99.040198795 77.066655251 87.900000000
v 99.394687215 77.358012822 87.600000000
v 99.682926255 77.773556150 87.300000000
v 98.989397998 76.915454361 87.900000000
v 99.371134731 77.170068462 87.600000000
v 99.699316200 77.554847522 87.300000000
v 98.923794894 76.770062948 87.900000000
v 99.328986069 76.985403111 87.600000000
v 99.693848354 77.335593794 87.300000000
v 98.844041477 76.631925978 87.900000000
v 99.268660122 76.805852054 87.600000000
v 99.666577057 77.117974009 87.300000000
v 98.750930372 76.502416317 87.900000000
v 99.190756437 76.633199751 87.600000000
v 99.617773343 76.904150970 87.300000000
v 98.645386959 76.382821091 87.900000000
v 99.096049254 76.469162099 87.600000000
v 99.547922247 76.696249746 87.300000000
v 98.528460175 76.274328891 87.900000000
v 98.985479817 76.315369376 87.600000000
v 99.457717979 76.496336554 87.300000000
v 98.401312093 76.178017961 87.900000000
v 98.860147014 76.173350046 87.600000000
v 99.348057031 76.306398219 87.300000000
v 98.265206366 76.094845483 87.900000000
v 98.721296458 76.044515558 87.600000000
v 99.220029261 76.128322436 87.300000000
v 98.121495674 76.025638061 87.900000000
v 98.570308110 75.930146329 87.600000000
v 99.074907068 75.963879000 87.300000000
v 97.971608279 75.971083511 87.900000000
v 98.408682559 75.831379011 87.600000000
v 98.914132741 75.814702225 87.300000000
v 97.817033829 75.931724019 87.900000000
v 98.238026113 75.749195197 87.600000000
v 98.739304128 75.682274697 87.300000000
v 97.659308555 75.907950759 87.900000000
v 97.500000000 75.600000000 87.600000000
v 98.060034831 75.684411669 87.600000000
v 98.552158753 75.567912539 87.300000000
v 97.876477672 75.637672273 87.600000000
v 98.354556552 75.472752334 87.300000000
v 97.689178909 75.609441527 87.600000000
v 98.148461384 75.397739827 87.300000000
v 97.935921515 75.343620527 87.300000000
v 97.719049263 75.310932294 87.300000000
v 97.340691445 75.907950759 87.900000000
v 97.182966171 75.931724019 87.900000000
v 97.028391721 75.971083511 87.900000000
v 97.310821091 75.609441527 87.600000000
v 97.280950737 75.310932294 87.300000000
f 1 2 3
f 4 5 1
f 6 5 4
f 1 5 2
f 3 7 8
f 2 7 3
f 9 10 6
f 6 10 5
f 11 12 13
f 8 12 11
f 7 12 8
f 14 15 9
f 16 15 14
f 9 15 10
f 13 17 18
f 12 17 13
f 19 20 16
f 16 20 15
f 21 22 23
f 18 22 21
f 17 22 18
f 24 25 19
f 19 25 20
f 23 26 27
f 22 26 23
f 24 28 25
f 29 28 24
f 30 28 29
f 27 31 32
f 26 31 27
f 33 34 30
f 30 34 28
f 35 36 37
f 32 36 35
f 31 36 32
f 33 38 34
f 39 38 33
f 40 38 39
f 36 41 37
f 37 41 42
f 43 44 40
f 40 44 38
f 41 45 42
f 46 45 47
f 42 45 46
f 43 48 44
f 49 48 43
f 45 50 47
f 47 50 51
f 52 53 49
f 54 53 52
f 49 53 48
f 50 55 51
f 51 55 56
f 54 57 53
f 55 58 56
f 54 59 57
f 58 60 56
f 54 61 59
f 60 62 56
f 54 63 61
f 62 64 56
f 54 65 63
f 64 66 56
f 54 67 65
f 66 68 56
f 54 69 67
f 68 70 56
f 54 71 69
f 70 72 56
f 54 73 71
f 72 74 56
f 54 75 73
f 74 76 56
f 54 77 75
f 76 78 56
f 54 79 77
f 78 80 56
f 54 81 79
f 80 82 56
f 54 83 81
f 82 84 56
f 54 85 83
f 84 86 56
f 54 87 85
f 86 88 56
f 54 89 87
f 88 90 56
f 54 91 89
f 90 92 56
f 54 93 91
f 92 94 56
f 54 95 93
f 94 96 56
f 54 97 95
f 96 98 56
f 54 99 97
f 98 100 56
f 54 101 99
f 54 102 101
f 103 104 105
f 106 107 103
f 103 107 104
f 105 108 109
f 104 108 105
f 110 111 106
f 106 111 107
f 109 112 113
f 108 112 109
f 114 115 110
f 110 115 111
f 113 116 117
f 112 116 113
f 114 118 115
f 119 118 114
f 117 120 121
f 116 120 117
f 119 122 118
f 123 122 119
f 121 124 125
f 120 124 121
f 126 127 123
f 123 127 122
f 125 128 129
f 124 128 125
f 126 130 127
f 131 130 126
f 129 132 133
f 128 132 129
f 134 135 131
f 131 135 130
f 133 136 137
f 132 136 133
f 138 139 134
f 134 139 135
f 136 140 137
f 137 140 141
f 138 142 139
f 143 142 138
f 141 144 145
f 140 144 141
f 146 147 143
f 143 147 142
f 145 148 149
f 144 148 145
f 150 151 146
f 146 151 147
f 149 152 153
f 148 152 149
f 154 155 150
f 150 155 151
f 153 156 157
f 152 156 153
f 158 159 154
f 154 159 155
f 157 160 161
f 156 160 157
f 162 163 158
f 158 163 159
f 161 164 165
f 160 164 161
f 166 167 162
f 162 167 163
f 164 168 165
f 165 168 169
f 170 171 166
f 166 171 167
f 168 172 169
f 169 172 173
f 174 175 170
f 170 175 171
f 172 176 173
f 173 176 177
f 178 179 174
f 174 179 175
f 177 180 181
f 176 180 177
f 178 182 179
f 183 182 178
f 181 184 185
f 180 184 181
f 183 186 182
f 187 186 183
f 184 188 185
f 185 188 100
f 189 190 187
f 187 190 186
f 191 192 189
f 189 192 190
f 193 194 191
f 191 194 192
f 193 195 194
f 196 195 193
f 197 198 196
f 196 198 195
f 199 200 197
f 197 200 198
f 201 202 199
f 199 202 200
f 203 204 201
f 201 204 202
f 205 206 203
f 203 206 204
f 207 208 205
f 205 208 206
f 207 209 208
f 210 209 207
f 211 212 188
f 213 212 211
f 214 212 213
f 215 212 214
f 216 212 215
f 217 212 216
f 218 212 217
f 219 212 218
f 220 212 219
f 221 212 220
f 100 212 56
f 222 212 221
f 223 212 222
f 188 212 100
f 224 225 226
f 227 228 229
f 226 228 227
f 225 228 226
f 230 231 224
f 224 231 225
f 228 232 229
f 229 232 233
f 230 234 231
f 235 234 230
f 236 234 235
f 232 237 233
f 238 237 239
f 233 237 238
f 240 241 236
f 236 241 234
f 237 242 239
f 239 242 243
f 240 244 241
f 245 244 240
f 242 246 243
f 243 246 247
f 248 249 245
f 250 249 248
f 245 249 244
f 246 251 247
f 247 251 252
f 250 253 249
f 254 253 250
f 255 256 257
f 252 256 255
f 251 256 252
f 258 259 254
f 260 259 258
f 254 259 253
f 256 261 257
f 257 261 262
f 260 263 259
f 264 263 260
f 262 265 266
f 261 265 262
f 264 267 263
f 268 267 264
f 266 269 270
f 265 269 266
f 268 271 267
f 272 271 268
f 273 271 272
f 274 275 276
f 270 275 274
f 269 275 270
f 273 277 271
f 278 277 273
f 276 279 223
f 275 279 276
f 278 280 277
f 281 280 278
f 223 282 212
f 279 282 223
f 281 283 280
f 284 283 281
f 285 283 284
f 282 286 212
f 285 287 283
f 288 287 285
f 286 289 212
f 290 291 288
f 288 291 287
f 289 292 212
f 293 294 290
f 295 294 293
f 290 294 291
f 292 296 212
f 295 297 294
f 298 297 295
f 296 299 212
f 300 301 298
f 298 301 297
f 299 302 212
f 303 304 300
f 305 304 303
f 300 304 301
f 302 306 212
f 307 308 305
f 305 308 304
f 306 309 212
f 310 311 307
f 307 311 308
f 309 312 212
f 310 313 311
f 314 313 310
f 312 315 212
f 314 316 313
f 317 316 314
f 315 318 212
f 317 319 316
f 320 319 317
f 318 321 212
f 321 322 212
f 322 323 212
f 323 324 212
f 212 324 325
f 324 326 325
f 327 326 328
f 329 326 327
f 330 326 329
f 331 326 330
f 332 326 331
f 333 326 332
f 334 326 333
f 335 326 334
f 336 326 335
f 337 326 336
f 338 326 337
f 325 326 338
f 339 340 341
f 342 340 339
f 343 340 342
f 328 340 343
f 326 340 328
f 340 344 341
f 340 345 344
f 340 346 345
f 340 347 346
f 340 348 347
f 340 349 348
f 340 350 349
f 340 351 350
f 340 352 351
f 353 352 340
f 353 354 352
f 353 355 354
f 353 356 355
f 357 358 359
f 357 360 358
f 361 360 357
f 358 362 359
f 359 362 363
f 364 365 361
f 361 365 360
f 353 366 356
f 363 367 368
f 362 367 363
f 364 369 365
f 370 369 364
f 368 371 372
f 367 371 368
f 373 374 370
f 370 374 369
f 372 375 376
f 371 375 372
f 373 377 374
f 378 377 373
f 376 379 380
f 375 379 376
f 378 381 377
f 382 381 378
f 379 383 380
f 380 383 384
f 320 385 319
f 319 385 382
f 386 385 320
f 382 385 381
f 383 387 384
f 384 387 388
f 386 389 385
f 390 389 386
f 353 391 366
f 387 392 388
f 388 392 393
f 390 394 389
f 395 394 390
f 392 396 393
f 393 396 397
f 395 398 394
f 399 398 395
f 396 400 397
f 397 400 401
f 399 402 398
f 403 402 399
f 404 405 406
f 407 405 404
f 408 405 407
f 409 405 408
f 410 405 409
f 411 405 410
f 412 405 411
f 413 405 412
f 414 405 413
f 415 405 414
f 416 405 353
f 417 405 416
f 418 405 417
f 419 405 418
f 420 405 419
f 353 405 391
f 406 405 420
f 401 421 422
f 400 421 401
f 423 424 403
f 403 424 402
f 421 425 422
f 422 425 426
f 423 427 424
f 428 427 423
f 426 429 430
f 425 429 426
f 428 431 427
f 432 431 428
f 433 431 432
f 430 434 435
f 429 434 430
f 433 436 431
f 437 436 433
f 435 438 439
f 434 438 435
f 437 440 436
f 441 440 437
f 439 442 443
f 438 442 439
f 441 444 440
f 443 445 446
f 442 445 443
f 445 447 446
f 446 447 448
f 448 449 450
f 447 449 448
f 449 451 450
f 450 451 452
f 452 453 454
f 451 453 452
f 454 455 456
f 453 455 454
f 456 457 458
f 455 457 456
f 458 459 460
f 457 459 458
f 459 461 460
f 460 461 462
f 462 463 464
f 461 463 462
f 464 465 466
f 463 465 464
f 465 467 466
f 466 467 468
f 467 469 468
f 468 469 470
f 469 471 470
f 470 471 472
f 472 473 474
f 471 473 472
f 473 475 474
f 474 475 476
f 475 477 476
f 476 477 478
f 478 479 480
f 477 479 478
f 480 481 482
f 479 481 480
f 210 483 209
f 210 484 483
f 485 484 210
f 483 486 209
f 209 486 487
f 485 488 484
f 489 488 485
f 486 490 487
f 441 490 444
f 487 490 441
f 489 491 488
f 492 491 489
f 490 493 444
f 444 493 494
f 492 495 491
f 54 495 102
f 102 495 492
f 493 496 494
f 494 496 497
f 54 498 495
f 496 499 497
f 497 499 500
f 54 501 498
f 499 502 500
f 500 502 503
f 54 504 501
f 502 505 503
f 503 505 506
f 54 507 504
f 505 508 506
f 54 509 507
f 508 510 506
f 506 510 511
f 54 512 509
f 511 513 514
f 510 513 511
f 54 515 512
f 516 517 518
f 518 519 520
f 517 519 518
f 54 521 515
f 522 523 516
f 516 523 517
f 520 524 525
f 519 524 520
f 526 527 522
f 522 527 523
f 525 528 529
f 524 528 525
f 526 530 527
f 531 530 526
f 54 532 521
f 528 533 529
f 529 533 534
f 531 535 530
f 536 535 531
f 533 537 534
f 534 537 538
f 54 539 532
f 540 541 536
f 536 541 535
f 537 542 538
f 538 542 543
f 540 544 541
f 545 544 540
f 54 546 539
f 542 547 543
f 543 547 548
f 545 549 544
f 514 549 545
f 54 550 546
f 548 551 552
f 547 551 548
f 514 553 549
f 513 553 514
f 54 554 550
f 551 555 552
f 552 555 556
f 513 557 553
f 558 557 513
f 54 559 554
f 556 560 561
f 555 560 556
f 54 562 559
f 558 563 557
f 564 563 558
f 565 563 564
f 560 566 561
f 561 566 567
f 565 568 563
f 569 568 565
f 566 570 567
f 567 570 571
f 572 573 569
f 569 573 568
f 571 574 575
f 570 574 571
f 576 577 572
f 572 577 573
f 574 578 575
f 575 578 579
f 576 580 577
f 581 580 576
f 582 580 581
f 578 583 579
f 579 583 584
f 585 586 582
f 582 586 580
f 583 587 584
f 584 587 588
f 585 589 586
f 590 589 585
f 587 591 588
f 588 591 592
f 590 593 589
f 594 593 590
f 592 595 596
f 591 595 592
f 594 597 593
f 598 597 594
f 599 597 598
f 595 600 596
f 596 600 601
f 599 602 597
f 603 602 599
f 601 604 605
f 600 604 601
f 603 606 602
f 607 606 603
f 605 608 609
f 604 608 605
f 607 610 606
f 611 610 607
f 612 610 611
f 608 613 609
f 609 613 614
f 612 615 610
f 616 615 612
f 614 617 618
f 613 617 614
f 616 619 615
f 620 619 616
f 618 621 622
f 617 621 618
f 623 624 620
f 625 624 623
f 620 624 619
f 622 626 627
f 621 626 622
f 625 628 624
f 629 628 625
f 626 630 627
f 627 630 631
f 632 633 629
f 629 633 628
f 631 634 635
f 630 634 631
f 632 636 633
f 637 636 632
f 638 636 637
f 635 639 640
f 634 639 635
f 638 641 636
f 642 641 638
f 643 644 415
f 645 644 643
f 646 644 645
f 647 644 646
f 648 644 647
f 649 644 648
f 650 644 649
f 651 644 650
f 652 644 651
f 653 644 652
f 654 644 653
f 482 644 654
f 481 644 482
f 655 644 481
f 656 644 655
f 657 644 656
f 658 644 657
f 415 644 405
f 640 659 660
f 639 659 640
f 642 661 641
f 662 661 642
f 660 663 664
f 659 663 660
f 662 665 661
f 666 665 662
f 667 665 666
f 658 668 644
f 669 668 658
f 670 668 669
f 664 671 672
f 663 671 664
f 673 674 667
f 667 674 665
f 672 675 676
f 671 675 672
f 670 677 668
f 678 677 670
f 673 679 674
f 680 679 673
f 675 681 676
f 676 681 682
f 683 684 680
f 685 684 683
f 680 684 679
f 682 686 687
f 681 686 682
f 688 689 678
f 690 689 688
f 678 689 677
f 685 691 684
f 692 691 685
f 687 693 694
f 686 693 687
f 695 696 692
f 692 696 691
f 694 697 698
f 693 697 694
f 699 700 690
f 690 700 689
f 695 701 696
f 702 701 695
f 703 701 702
f 698 704 705
f 697 704 698
f 703 706 701
f 707 706 703
f 708 709 699
f 710 709 708
f 699 709 700
f 707 711 706
f 712 711 707
f 712 713 711
f 714 713 712
f 715 713 714
f 715 716 713
f 717 716 715
f 718 719 710
f 720 719 718
f 710 719 709
f 717 721 716
f 722 721 717
f 723 724 720
f 720 724 719
f 725 726 723
f 727 726 725
f 723 726 724
f 728 729 727
f 727 729 726
f 730 731 728
f 732 731 730
f 728 731 729
f 733 734 732
f 732 734 731
f 705 735 733
f 704 735 705
f 736 735 704
f 733 735 734
f 737 738 736
f 736 738 735
f 739 740 737
f 741 740 739
f 737 740 738
f 742 743 741
f 741 743 740
f 742 744 743
f 745 744 742
f 745 746 744
f 747 746 745
f 748 746 747
f 749 750 748
f 748 750 746
f 751 752 749
f 753 752 751
f 749 752 750
f 754 755 753
f 753 755 752
f 756 757 754
f 758 757 756
f 754 757 755
f 759 760 758
f 758 760 757
f 761 762 763
f 763 762 764
f 761 765 762
f 766 765 761
f 763 767 768
f 764 767 763
f 767 769 768
f 768 769 770
f 771 772 766
f 766 772 765
f 770 773 774
f 769 773 770
f 771 775 772
f 776 775 771
f 774 777 778
f 773 777 774
f 776 779 775
f 777 780 778
f 781 782 776
f 776 782 779
f 778 783 784
f 780 783 778
f 785 786 781
f 781 786 782
f 784 787 788
f 783 787 784
f 789 790 785
f 785 790 786
f 788 791 792
f 787 791 788
f 789 793 790
f 721 793 789
f 722 793 721
f 722 794 793
f 795 794 722
f 791 796 792
f 792 797 798
f 796 797 792
f 795 799 794
f 800 799 795
f 797 801 798
f 798 801 802
f 800 803 799
f 804 803 800
f 801 805 802
f 802 805 806
f 804 807 803
f 808 807 804
f 805 809 806
f 806 809 810
f 808 811 807
f 812 811 808
f 813 814 812
f 812 814 811
f 809 815 810
f 815 816 810
f 810 816 817
f 818 819 813
f 813 819 814
f 820 821 818
f 818 821 819
f 816 822 817
f 817 822 823
f 824 825 820
f 820 825 821
f 822 826 823
f 823 826 827
f 828 829 824
f 824 829 825
f 826 830 827
f 827 830 831
f 832 833 828
f 828 833 829
f 830 834 831
f 835 836 832
f 832 836 833
f 834 837 831
f 831 837 838
f 839 840 835
f 835 840 836
f 838 841 842
f 837 841 838
f 843 844 839
f 839 844 840
f 841 845 842
f 842 845 846
f 846 847 848
f 845 847 846
f 849 850 843
f 843 850 844
f 851 852 849
f 849 852 850
f 848 853 854
f 847 853 848
f 855 856 851
f 857 856 855
f 851 856 852
f 853 858 854
f 859 860 857
f 857 860 856
f 854 861 862
f 858 861 854
f 862 863 864
f 861 863 862
f 865 866 859
f 859 866 860
f 864 867 868
f 863 867 864
f 869 870 865
f 865 870 866
f 868 871 872
f 867 871 868
f 872 873 759
f 871 873 872
f 759 874 760
f 760 874 875
f 873 874 759
f 876 877 878
f 878 879 876
f 876 880 877
f 881 880 876
f 879 882 876
f 881 883 880
f 882 884 876
f 881 885 883
f 886 885 881
f 884 887 876
f 886 888 885
f 887 889 876
f 886 890 888
f 891 890 886
f 889 892 876
f 891 893 890
f 892 894 876
f 891 895 893
f 896 895 891
f 894 897 876
f 896 898 895
f 899 898 896
f 897 900 876
f 899 901 898
f 900 902 876
f 899 903 901
f 904 903 899
f 902 905 876
f 904 906 903
f 905 907 876
f 908 909 904
f 904 909 906
f 907 910 876
f 908 911 909
f 912 911 908
f 913 914 915
f 915 916 917
f 914 916 915
f 918 919 913
f 913 919 914
f 916 920 917
f 917 920 921
f 922 923 918
f 918 923 919
f 910 924 876
f 920 925 921
f 921 925 926
f 927 928 922
f 922 928 923
f 926 929 930
f 925 929 926
f 931 932 927
f 927 932 928
f 912 933 911
f 929 934 930
f 930 934 935
f 931 936 932
f 937 936 931
f 924 938 876
f 934 939 935
f 935 939 940
f 941 942 943
f 944 942 945
f 946 942 944
f 947 942 946
f 948 942 947
f 949 942 948
f 943 942 949
f 943 950 941
f 942 951 945
f 952 951 953
f 954 951 952
f 955 951 954
f 956 951 955
f 957 951 956
f 958 951 957
f 959 951 958
f 960 951 959
f 961 951 960
f 962 951 961
f 963 951 962
f 964 951 963
f 945 951 964
f 965 966 937
f 967 966 965
f 937 966 936
f 943 968 950
f 951 969 953
f 970 969 971
f 972 969 970
f 973 969 972
f 974 969 973
f 975 969 974
f 976 969 975
f 977 969 976
f 978 969 977
f 979 969 978
f 980 969 979
f 981 969 980
f 953 969 981
f 940 982 983
f 939 982 940
f 912 984 933
f 874 984 875
f 875 984 912
f 943 985 968
f 986 987 967
f 967 987 966
f 969 988 971
f 971 988 989
f 983 990 991
f 982 990 983
f 938 992 876
f 876 992 993
f 943 994 985
f 986 995 987
f 996 995 986
f 988 997 989
f 991 998 999
f 990 998 991
f 943 1000 994
f 1001 1002 996
f 996 1002 995
f 997 1003 989
f 992 1004 993
f 998 1005 999
f 999 1005 869
f 943 1006 1000
f 1007 1008 1001
f 1001 1008 1002
f 1003 1009 989
f 870 1010 1011
f 1005 1010 869
f 869 1010 870
f 943 1012 1006
f 1004 1013 993
f 1014 1015 1007
f 1007 1015 1008
f 1009 1016 989
f 1011 1017 1018
f 1010 1017 1011
f 943 1019 1012
f 1014 1020 1015
f 1021 1020 1014
f 1013 1022 993
f 1018 1023 1024
f 1017 1023 1018
f 1016 1025 989
f 1026 1027 1021
f 1021 1027 1020
f 943 1028 1019
f 1023 1029 1024
f 1022 1030 993
f 1025 1031 989
f 1032 1033 1026
f 1026 1033 1027
f 943 1034 1028
f 1029 1035 1024
f 1031 1036 989
f 1030 1037 993
f 1032 1038 1033
f 1039 1038 1032
f 1035 1040 1024
f 943 1041 1034
f 1036 1042 989
f 1037 1043 993
f 943 1044 1041
f 1043 1045 993
f 1042 1046 989
f 943 1047 1044
f 1045 1048 993
f 1046 1049 989
f 943 1050 1047
f 1048 1051 993
f 1049 1052 989
f 1053 1054 943
f 943 1054 1050
f 1051 1055 993
f 1052 1056 989
f 1055 1057 993
f 1053 1058 1054
f 1056 1059 989
f 1057 1060 993
f 1053 1061 1058
f 1059 1062 989
f 1060 1063 993
f 1053 1064 1061
f 1063 1065 993
f 1062 1066 989
f 1053 1067 1064
f 1065 1068 993
f 1068 1069 993
f 1053 1070 1067
f 993 1071 1072
f 1069 1071 993
f 1053 1073 1070
f 1071 1074 1072
f 1072 1075 1076
f 1074 1075 1072
f 1053 1077 1073
f 1075 1078 1076
f 1053 1079 1077
f 1076 1080 1081
f 1078 1080 1076
f 1080 1082 1081
f 1053 1083 1079
f 1081 1084 1085
f 1082 1084 1081
f 1085 1086 1087
f 1084 1086 1085
f 1053 1088 1083
f 1086 1089 1087
f 1087 1090 1091
f 1089 1090 1087
f 1053 1092 1088
f 1090 1093 1091
f 1053 1094 1092
f 1093 1095 1091
f 1091 1095 1096
f 1096 1097 1098
f 1095 1097 1096
f 1097 1099 1098
f 1099 1100 1098
f 1098 1100 1101
f 989 1102 1103
f 1103 1104 989
f 1105 1106 1066
f 989 1106 1102
f 1066 1106 989
f 1104 1107 989
f 1108 1109 1105
f 1105 1109 1106
f 1107 1110 989
f 1108 1111 1109
f 1110 1112 989
f 1113 1114 1108
f 1108 1114 1111
f 1112 1115 989
f 1116 1117 1113
f 1113 1117 1114
f 1115 1118 989
f 1116 1119 1117
f 1120 1119 1116
f 1118 1121 989
f 1120 1122 1119
f 1123 1122 1120
f 1121 1124 989
f 1123 1125 1122
f 1124 1126 989
f 1123 1127 1125
f 1128 1127 1123
f 1126 1129 989
f 1128 1130 1127
f 1131 1130 1128
f 1132 1133 1131
f 1131 1133 1130
f 1132 1134 1133
f 1135 1134 1132
f 1135 1136 1134
f 1135 1137 1136
f 1138 1137 1135
f 1138 1139 1137
f 1140 1139 1138
f 1140 1141 1139
f 1142 1143 1140
f 1140 1143 1141
f 1144 1145 1142
f 1142 1145 1143
f 1146 1147 1144
f 1144 1147 1145
f 1146 1148 1147
f 1146 1149 1148
f 1150 1149 1146
f 1151 1152 1150
f 1150 1152 1149
f 1151 1153 1152
f 1154 1153 1151
f 1154 1155 1153
f 1154 1156 1155
f 1157 1156 1154
f 1157 1158 1156
f 1159 1158 1157
f 1159 1160 1158
f 1161 1162 1163
f 1163 1164 1161
f 1129 1165 989
f 1161 1165 1162
f 989 1165 1161
f 1164 1166 1161
f 1129 1167 1165
f 1168 1167 1129
f 1166 1169 1161
f 1170 1171 1168
f 1168 1171 1167
f 1169 1172 1161
f 1173 1174 1170
f 1170 1174 1171
f 1172 1175 1161
f 1176 1177 1173
f 1173 1177 1174
f 1159 1178 1160
f 1179 1178 1159
f 1175 1180 1161
f 1181 1182 1176
f 1176 1182 1177
f 1180 1183 1161
f 1184 1185 1181
f 1181 1185 1182
f 1183 1186 1161
f 1187 1188 1184
f 1184 1188 1185
f 1179 1189 1178
f 1190 1189 1179
f 1186 1191 1161
f 1187 1192 1188
f 1193 1192 1187
f 1191 1194 1161
f 1193 1195 1192
f 1196 1195 1193
f 1197 1198 1190
f 1190 1198 1189
f 1194 1199 1161
f 1196 1200 1195
f 1201 1200 1196
f 1199 1202 1161
f 1203 1204 1201
f 1201 1204 1200
f 1197 1205 1198
f 1202 1206 1161
f 1203 1207 1204
f 1208 1207 1203
f 1206 1209 1161
f 1197 1210 1205
f 1211 1210 1197
f 1212 1213 1208
f 1208 1213 1207
f 1209 1214 1161
f 1212 1215 1213
f 1216 1215 1212
f 1211 1217 1210
f 1218 1217 1211
f 1214 1219 1161
f 1220 1221 1216
f 1216 1221 1215
f 1218 1222 1217
f 1223 1222 1218
f 1219 1224 1161
f 1225 1226 1220
f 1220 1226 1221
f 1224 1227 1161
f 1223 1228 1222
f 1229 1230 1225
f 1225 1230 1226
f 1227 1231 1161
f 1232 1233 1234
f 1235 1236 1232
f 1232 1236 1233
f 1234 1237 1238
f 1233 1237 1234
f 1223 1239 1228
f 1240 1239 1223
f 1235 1241 1236
f 1242 1241 1235
f 1243 1244 1229
f 1229 1244 1230
f 1237 1245 1238
f 1238 1245 1246
f 1247 1248 1242
f 1242 1248 1241
f 1245 1249 1246
f 1246 1249 1250
f 1231 1251 1161
f 1161 1251 1252
f 1053 1253 1094
f 1247 1253 1248
f 1094 1253 1247
f 1250 1254 1255
f 1249 1254 1250
f 1243 1256 1244
f 1257 1256 1243
f 1053 1258 1253
f 1240 1259 1239
f 1260 1259 1240
f 1255 1261 1262
f 1254 1261 1255
f 1251 1263 1252
f 1252 1263 1264
f 1053 1265 1258
f 1262 1266 1267
f 1261 1266 1262
f 1257 1268 1256
f 1269 1268 1257
f 1270 1271 1260
f 1260 1271 1259
f 1053 1272 1265
f 1263 1273 1264
f 1274 1273 1275
f 1264 1273 1274
f 1267 1276 1277
f 1266 1276 1267
f 1278 1279 1269
f 1269 1279 1268
f 1280 1281 1053
f 1053 1281 1272
f 1270 1282 1271
f 1277 1283 1284
f 1276 1283 1277
f 1273 1285 1275
f 1275 1285 1286
f 1280 1287 1281
f 1288 1289 1278
f 1278 1289 1279
f 1270 1290 1282
f 1291 1290 1270
f 1284 1292 1293
f 1283 1292 1284
f 1294 1295 1296
f 1286 1295 1294
f 1285 1295 1286
f 1297 1298 1280
f 1280 1298 1287
f 1299 1300 1288
f 1288 1300 1289
f 1291 1301 1290
f 1302 1301 1291
f 1292 1303 1293
f 1293 1303 1304
f 1296 1305 1306
f 1295 1305 1296
f 1297 1307 1298
f 1308 1307 1297
f 1302 1309 1301
f 1310 1309 1302
f 1299 1311 1300
f 1312 1311 1299
f 1304 1313 1314
f 1303 1313 1304
f 1305 1315 1306
f 1306 1315 1316
f 1308 1317 1307
f 1310 1318 1309
f 1312 1319 1311
f 1320 1319 1312
f 1314 1321 1322
f 1313 1321 1314
f 1315 1323 1316
f 1324 1323 1325
f 1316 1323 1324
f 1310 1326 1318
f 1327 1326 1310
f 1328 1329 1308
f 1308 1329 1317
f 1320 1330 1319
f 1331 1330 1320
f 1327 1332 1326
f 1333 1332 1327
f 1323 1334 1325
f 1325 1334 1335
f 1322 1336 1337
f 1321 1336 1322
f 1331 1338 1330
f 1339 1338 1331
f 1340 1341 1328
f 1328 1341 1329
f 1333 1342 1332
f 1343 1342 1333
f 1334 1344 1335
f 1345 1344 1346
f 1335 1344 1345
f 1337 1347 1348
f 1336 1347 1337
f 1343 1349 1342
f 1350 1349 1343
f 1351 1352 1339
f 1339 1352 1338
f 1340 1353 1341
f 1344 1354 1346
f 1346 1354 1355
f 1350 1356 1349
f 1357 1356 1350
f 1351 1358 1352
f 1359 1358 1351
f 1348 1360 1361
f 1347 1360 1348
f 1357 1362 1356
f 1354 1363 1355
f 1363 1364 1355
f 1365 1366 1340
f 1340 1366 1353
f 1367 1368 1359
f 1359 1368 1358
f 1361 1369 1370
f 1360 1369 1361
f 1363 1371 1364
f 1372 1373 1367
f 1367 1373 1368
f 1365 1374 1366
f 1370 1375 1376
f 1369 1375 1370
f 1372 1377 1373
f 1378 1377 1372
f 1371 1379 1364
f 1380 1381 1365
f 1365 1381 1374
f 1382 1383 1378
f 1378 1383 1377
f 1376 1384 1385
f 1375 1384 1376
f 1382 1386 1383
f 1387 1386 1382
f 1388 1389 1380
f 1380 1389 1381
f 1390 1391 1371
f 1371 1391 1379
f 1385 1392 1393
f 1384 1392 1385
f 1394 1395 1387
f 1387 1395 1386
f 1388 1396 1389
f 1397 1398 1394
f 1394 1398 1395
f 1393 1399 1400
f 1392 1399 1393
f 1401 1402 1390
f 1390 1402 1391
f 1403 1404 1397
f 1397 1404 1398
f 1405 1406 1388
f 1388 1406 1396
f 1403 1407 1404
f 1408 1407 1403
f 1400 1409 1410
f 1399 1409 1400
f 1408 1411 1407
f 1412 1411 1408
f 1401 1413 1402
f 1414 1415 1405
f 1405 1415 1406
f 1416 1417 1412
f 1412 1417 1411
f 1410 1418 1419
f 1409 1418 1410
f 1416 1420 1417
f 1421 1420 1416
f 1414 1422 1415
f 1423 1424 1401
f 1401 1424 1413
f 1421 1425 1420
f 1426 1425 1421
f 1419 1427 1428
f 1418 1427 1419
f 1426 1429 1425
f 1430 1429 1426
f 1431 1432 1414
f 1414 1432 1422
f 1430 1433 1429
f 1434 1433 1430
f 1435 1436 1423
f 1423 1436 1424
f 1428 1437 1438
f 1427 1437 1428
f 1439 1440 1434
f 1434 1440 1433
f 1441 1442 1439
f 1439 1442 1440
f 1443 1444 1431
f 1431 1444 1432
f 1441 1445 1442
f 1446 1445 1441
f 1438 1447 1448
f 1437 1447 1438
f 1435 1449 1436
f 1450 1449 1435
f 1446 1451 1445
f 1452 1451 1446
f 1443 1453 1444
f 1452 1454 1451
f 1455 1454 1452
f 1456 1457 1455
f 1455 1457 1454
f 1448 1458 1459
f 1447 1458 1448
f 1460 1461 1456
f 1456 1461 1457
f 1450 1462 1449
f 1463 1464 1460
f 1460 1464 1461
f 1463 1465 1464
f 1466 1465 1463
f 1466 1467 1465
f 1459 1468 1469
f 1458 1468 1459
f 1450 1470 1462
f 1471 1470 1450
f 1469 1472 1473
f 1468 1472 1469
f 1471 1474 1470
f 1475 1474 1471
f 1040 1476 1024
f 874 1477 984
f 1473 1478 1479
f 1472 1478 1473
f 1475 1480 1474
f 1479 1481 1482
f 1478 1481 1479
f 1475 1483 1480
f 1484 1483 1475
f 1481 1485 1482
f 1482 1485 1486
f 1484 1487 1483
f 1488 1487 1484
f 1485 1489 1486
f 1486 1489 1490
f 1488 1491 1487
f 1492 1491 1488
f 1489 1493 1490
f 1490 1493 1494
f 1492 1495 1491
f 1493 1496 1494
f 1494 1496 1497
f 1498 1499 1500
f 1500 1499 1501
f 1501 1499 1502
f 1502 1499 1503
f 1503 1499 1504
f 1504 1499 1505
f 1505 1499 1506
f 1506 1499 1507
f 1507 1499 1508
f 1508 1499 1509
f 1509 1499 1510
f 1510 1499 1511
f 1511 1499 1512
f 1512 1499 1513
f 1513 1499 1514
f 1514 1499 1515
f 1515 1499 1516
f 1516 1499 1517
f 1517 1499 1518
f 1518 1499 1519
f 1519 1499 1520
f 1520 1499 1521
f 1521 1499 1522
f 1522 1499 1492
f 1492 1499 1495
f 1496 1523 1497
f 1497 1523 1524
f 1523 1525 1524
f 1524 1525 1526
f 1525 1527 1526
f 1526 1527 1528
f 1527 1529 1528
f 1357 1529 1362
f 1362 1529 1530
f 1528 1529 1357
f 1529 1531 1530
f 1530 1531 1532
f 1532 1533 1534
f 1531 1533 1532
f 1533 1535 1534
f 1534 1535 1536
f 1535 1537 1536
f 1536 1537 1538
f 1537 1539 1538
f 1538 1539 1540
f 1541 1542 1543
f 1544 1542 1541
f 1476 1542 1544
f 1040 1542 1476
f 1545 1546 1477
f 1547 1546 1545
f 1548 1546 1547
f 1477 1546 984
f 1548 1549 1546
f 1550 1549 1548
f 1543 1551 1552
f 1542 1551 1543
f 1539 1553 1540
f 1540 1553 1554
f 1555 1556 1550
f 1550 1556 1549
f 1552 1557 1558
f 1551 1557 1552
f 1553 1559 1554
f 1560 1559 1561
f 1554 1559 1560
f 1555 1562 1556
f 1563 1562 1555
f 1558 1564 1565
f 1557 1564 1558
f 1565 1566 1567
f 1564 1566 1565
f 1568 1569 1563
f 1563 1569 1562
f 1559 1570 1561
f 1561 1570 1571
f 1568 1572 1569
f 1573 1572 1568
f 1567 1574 1575
f 1566 1574 1567
f 1570 1576 1571
f 1571 1576 1577
f 1578 1579 1573
f 1573 1579 1572
f 1575 1580 1581
f 1574 1580 1575
f 1580 1582 1581
f 1581 1582 1583
f 1584 1585 1578
f 1578 1585 1579
f 1576 1586 1577
f 1582 1587 1583
f 1583 1587 1588
f 1589 1590 1584
f 1584 1590 1585
f 1587 1591 1588
f 1588 1591 1592
f 1593 1594 1589
f 1589 1594 1590
f 1595 1596 1593
f 1593 1596 1594
f 1591 1597 1592
f 1592 1597 1598
f 1597 1599 1598
f 1598 1599 1600
f 1601 1602 1595
f 1595 1602 1596
f 1603 1604 1601
f 1601 1604 1602
f 1599 1605 1600
f 1600 1605 1606
f 1607 1608 1609
f 1610 1611 1607
f 1607 1611 1608
f 1609 1612 1613
f 1608 1612 1609
f 1610 1614 1611
f 1615 1614 1610
f 1612 1616 1613
f 1613 1616 1617
f 1618 1619 1615
f 1615 1619 1614
f 1616 1620 1617
f 1618 1621 1619
f 1622 1621 1618
f 1620 1623 1617
f 1617 1623 1624
f 1603 1625 1604
f 1626 1625 1603
f 1605 1627 1606
f 1606 1627 1628
f 1622 1629 1621
f 1630 1629 1622
f 1624 1631 1632
f 1623 1631 1624
f 1630 1633 1629
f 1634 1633 1630
f 1632 1635 1636
f 1631 1635 1632
f 1039 1637 1038
f 1038 1637 1634
f 1634 1637 1633
f 1635 1638 1636
f 1636 1638 1639
f 1039 1640 1637
f 1641 1640 1039
f 1639 1642 1643
f 1638 1642 1639
f 1644 1645 1626
f 1626 1645 1625
f 1627 1646 1628
f 1628 1646 1647
f 1648 1649 1641
f 1641 1649 1640
f 1643 1650 1651
f 1642 1650 1643
f 1652 1653 1648
f 1648 1653 1649
f 1651 1654 1655
f 1650 1654 1651
f 1656 1657 1652
f 1652 1657 1653
f 1647 1658 1659
f 1646 1658 1647
f 1660 1661 1644
f 1644 1661 1645
f 1654 1662 1655
f 1655 1662 1663
f 1664 1665 1666
f 1665 1667 1666
f 1666 1667 1668
f 1656 1669 1657
f 1670 1669 1656
f 1664 1671 1665
f 1672 1671 1664
f 1667 1673 1668
f 1668 1673 1674
f 1672 1675 1671
f 1676 1675 1672
f 1662 1677 1663
f 1663 1677 1678
f 1673 1679 1674
f 1674 1679 1680
f 1676 1681 1675
f 1682 1681 1676
f 1670 1683 1669
f 562 1683 1670
f 1679 1684 1680
f 1680 1684 1685
f 1660 1686 1661
f 1687 1686 1660
f 1658 1688 1659
f 1659 1688 1689
f 1682 1690 1681
f 1691 1690 1682
f 1677 1692 1678
f 1678 1692 1693
f 1684 1694 1685
f 1685 1694 1695
f 1443 1696 1453
f 1691 1696 1690
f 1453 1696 1691
f 1693 1697 1698
f 1692 1697 1693
f 1694 1699 1695
f 1695 1699 1700
f 1687 1701 1686
f 1702 1701 1687
f 1688 1703 1689
f 1689 1703 1704
f 1705 1706 1443
f 1443 1706 1696
f 1700 1707 1708
f 1699 1707 1700
f 1698 1709 1710
f 1697 1709 1698
f 1711 1712 1705
f 1705 1712 1706
f 1708 1713 1714
f 1707 1713 1708
f 1710 1715 1716
f 1709 1715 1710
f 1702 1717 1701
f 1718 1717 1702
f 1703 1719 1704
f 1704 1719 1720
f 1711 1721 1712
f 1714 1722 1723
f 1713 1722 1714
f 1715 1724 1716
f 1716 1724 1725
f 1711 1726 1721
f 1727 1726 1711
f 1720 1728 1729
f 1719 1728 1720
f 1718 1730 1717
f 1731 1730 1718
f 1724 1732 1725
f 1725 1732 1733
f 1722 1734 1723
f 1723 1734 1735
f 1727 1736 1726
f 1737 1736 1727
f 1732 1738 1733
f 1733 1738 1739
f 1728 1740 1729
f 1729 1740 1741
f 1742 1743 1731
f 1731 1743 1730
f 1734 1744 1735
f 1735 1744 1745
f 1746 1747 1737
f 1737 1747 1736
f 1738 1748 1739
f 1739 1748 1749
f 1740 1750 1741
f 1741 1750 1751
f 1742 1752 1743
f 1753 1752 1742
f 1744 1754 1745
f 1745 1754 1755
f 1746 1756 1747
f 1750 1757 1751
f 1751 1757 1758
f 1759 1760 1753
f 1753 1760 1752
f 1754 1761 1755
f 1755 1761 1762
f 1763 1764 1746
f 1746 1764 1756
f 1761 1765 1762
f 1762 1765 1766
f 1763 1767 1764
f 1768 1767 1763
f 1766 1769 1770
f 1765 1769 1766
f 1768 1771 1767
f 1770 1772 1773
f 1769 1772 1770
f 1774 1775 1768
f 1768 1775 1771
f 1773 1776 1777
f 1772 1776 1773
f 1778 1779 1774
f 1774 1779 1775
f 1776 1780 1777
f 1777 1780 1781
f 1778 1782 1779
f 1780 1783 1781
f 1781 1783 1784
f 1785 1786 1778
f 1778 1786 1782
f 1783 1787 1784
f 1784 1787 1788
f 1785 1789 1786
f 1788 1790 1791
f 1787 1790 1788
f 1791 1792 1793
f 1790 1792 1791
f 1792 1794 1793
f 1793 1794 1795
f 1794 1796 1795
f 1795 1796 1797
f 1796 1798 1797
f 1797 1798 1799
f 1798 1800 1799
f 1799 1800 1801
f 1801 1802 1803
f 1800 1802 1801
f 1803 1804 1805
f 1802 1804 1803
f 1805 1806 1807
f 1804 1806 1805
f 1807 1808 1809
f 1806 1808 1807
f 1808 1810 1809
f 1809 1810 1811
f 1811 1812 1813
f 1810 1812 1811
f 1813 1814 1815
f 1812 1814 1813
f 1815 1816 1817
f 1814 1816 1815
f 1817 1818 1819
f 1816 1818 1817
f 1818 1820 1819
f 1819 1820 1821
f 1820 1822 1821
f 1821 1822 1823
f 1822 1824 1823
f 1823 1824 1825
f 1825 1826 1827
f 1824 1826 1825
f 1826 1828 1827
f 1829 1830 1831
f 1832 1830 1829
f 1833 1830 1832
f 1831 1834 1835
f 1830 1834 1831
f 1100 1836 1101
f 1101 1836 1785
f 1785 1836 1789
f 1837 1838 1100
f 1100 1838 1836
f 1839 1840 1841
f 1839 1842 1840
f 1843 1842 1839
f 1789 1844 1845
f 1836 1844 1789
f 1837 1846 1838
f 1847 1848 1833
f 1833 1848 1830
f 1834 1849 1835
f 1840 1850 1841
f 1841 1850 1851
f 1843 1852 1842
f 1853 1852 1843
f 1837 1854 1846
f 1844 1855 1845
f 1845 1855 1856
f 1847 1857 1848
f 1749 1857 1847
f 1849 1858 1835
f 1850 1859 1851
f 1851 1859 1860
f 1853 1861 1852
f 1862 1861 1853
f 1837 1863 1854
f 1864 1863 1837
f 1856 1865 1866
f 1855 1865 1856
f 1749 1867 1857
f 1868 1867 1748
f 1748 1867 1749
f 1835 1869 1870
f 1858 1869 1835
f 1859 1871 1860
f 1860 1871 1872
f 1862 1873 1861
f 1874 1873 1862
f 1864 1875 1863
f 1876 1875 1864
f 1866 1877 1878
f 1865 1877 1866
f 1868 1879 1867
f 1880 1879 1868
f 1869 1881 1870
f 1870 1881 1882
f 1871 1883 1872
f 1872 1883 1884
f 1874 1885 1873
f 1886 1885 1874
f 1876 1887 1875
f 1888 1887 1876
f 1878 1889 1890
f 1877 1889 1878
f 1880 1891 1879
f 1892 1891 1880
f 1882 1893 1894
f 1881 1893 1882
f 1883 1895 1884
f 1884 1895 1896
f 1886 1897 1885
f 1758 1897 1886
f 1888 1898 1887
f 1899 1898 1888
f 1889 1900 1890
f 1892 1901 1891
f 1902 1901 1892
f 1903 1901 1902
f 1894 1904 1905
f 1893 1904 1894
f 1759 1906 1760
f 1896 1906 1759
f 1895 1906 1896
f 1757 1907 1758
f 1758 1907 1897
f 1908 1907 1757
f 1899 1909 1898
f 1910 1909 1899
f 1890 1911 1912
f 1900 1911 1890
f 1903 1913 1901
f 1914 1913 1903
f 1905 1915 1916
f 1904 1915 1905
f 1760 1917 1918
f 1906 1917 1760
f 1908 1919 1907
f 1920 1919 1908
f 1910 1921 1909
f 1922 1921 1910
f 1912 1923 1924
f 1911 1923 1912
f 1914 1925 1913
f 1926 1925 1914
f 1915 1927 1916
f 1916 1927 1928
f 1918 1929 1930
f 1917 1929 1918
f 1920 1931 1919
f 1932 1931 1920
f 1922 1933 1921
f 1934 1933 1922
f 1923 1935 1924
f 1924 1935 1936
f 1926 1937 1925
f 1938 1937 1926
f 1927 1939 1928
f 1928 1939 1940
f 1941 1942 1943
f 1930 1942 1941
f 1929 1942 1930
f 1944 1945 1932
f 1932 1945 1931
f 1934 1946 1933
f 1947 1946 1934
f 1936 1948 1949
f 1935 1948 1936
f 1950 1951 1938
f 1938 1951 1937
f 1940 1952 1953
f 1939 1952 1940
f 1942 1954 1943
f 1955 1956 1944
f 1944 1956 1945
f 1947 1957 1946
f 1958 1957 1947
f 1949 1959 1960
f 1948 1959 1949
f 1950 1961 1951
f 1962 1961 1950
f 1953 1963 1964
f 1952 1963 1953
f 1965 1966 1967
f 1943 1966 1965
f 1954 1966 1943
f 1968 1969 1955
f 1955 1969 1956
f 1970 1971 1958
f 1958 1971 1957
f 1959 1972 1960
f 1962 1973 1961
f 1974 1973 1962
f 1964 1975 1976
f 1963 1975 1964
f 1966 1977 1967
f 1967 1977 1978
f 1979 1980 1968
f 1968 1980 1969
f 1970 1981 1971
f 1982 1981 1970
f 1960 1983 1984
f 1972 1983 1960
f 1974 1985 1973
f 1986 1985 1974
f 1976 1987 1988
f 1975 1987 1976
f 1977 1989 1978
f 1990 1991 1979
f 1979 1991 1980
f 1982 1992 1981
f 1993 1992 1982
f 1984 1994 1995
f 1983 1994 1984
f 1986 1996 1985
f 1997 1996 1986
f 1987 1998 1988
f 1988 1998 1999
f 1978 2000 2001
f 1989 2000 1978
f 2002 2003 1990
f 1990 2003 1991
f 1993 2004 1992
f 2005 2004 1993
f 1995 2006 2007
f 1994 2006 1995
f 1997 2008 1996
f 2009 2008 1997
f 1998 2010 1999
f 1999 2010 2011
f 2012 2013 2014
f 2001 2013 2012
f 2000 2013 2001
f 2015 2016 2002
f 2002 2016 2003
f 2005 2017 2004
f 2018 2017 2005
f 2007 2019 2020
f 2006 2019 2007
f 2009 2021 2008
f 2022 2021 2009
f 2011 2023 2024
f 2010 2023 2011
f 2013 2025 2014
f 2026 2027 2015
f 2015 2027 2016
f 2018 2028 2017
f 2029 2028 2018
f 2019 2030 2020
f 2022 2031 2021
f 2032 2031 2022
f 2024 2033 2034
f 2023 2033 2024
f 2035 2036 2037
f 2014 2036 2035
f 2025 2036 2014
f 2038 2039 2026
f 2026 2039 2027
f 2029 2040 2028
f 2041 2040 2029
f 2020 2042 2043
f 2030 2042 2020
f 2044 2045 2032
f 2032 2045 2031
f 2034 2046 2047
f 2033 2046 2034
f 2037 2048 2049
f 2036 2048 2037
f 2050 2051 2038
f 2038 2051 2039
f 2041 2052 2040
f 2053 2052 2041
f 2043 2054 2055
f 2042 2054 2043
f 2044 2056 2045
f 2057 2056 2044
f 2046 2058 2047
f 2047 2058 2059
f 2048 2060 2049
f 2061 2062 2050
f 2050 2062 2051
f 2053 2063 2052
f 2064 2063 2053
f 2055 2065 2066
f 2054 2065 2055
f 2057 2067 2056
f 2068 2067 2057
f 2059 2069 2070
f 2058 2069 2059
f 2049 2071 2072
f 2060 2071 2049
f 2073 2074 2061
f 2061 2074 2062
f 2075 2076 2064
f 2064 2076 2063
f 2065 2077 2066
f 2066 2077 2078
f 2068 2079 2067
f 2080 2079 2068
f 2070 2081 2082
f 2069 2081 2070
f 2072 2083 2084
f 2071 2083 2072
f 2085 2086 2073
f 2073 2086 2074
f 2087 2088 2075
f 2075 2088 2076
f 2077 2089 2078
f 2090 2091 2080
f 2080 2091 2079
f 2082 2092 2093
f 2081 2092 2082
f 2094 2095 2096
f 2084 2095 2094
f 2083 2095 2084
f 2085 2097 2086
f 2098 2097 2085
f 2099 2100 2087
f 2087 2100 2088
f 2089 2101 2078
f 2078 2101 2102
f 2090 2103 2091
f 2093 2104 2105
f 2092 2104 2093
f 2095 2106 2096
f 2107 2108 2098
f 2098 2108 2097
f 2109 2110 2099
f 2099 2110 2100
f 2101 2111 2102
f 2102 2111 2112
f 2105 2113 2114
f 2104 2113 2105
f 2096 2115 2116
f 2106 2115 2096
f 2107 2117 2108
f 2114 2117 2107
f 2109 2118 2110
f 2111 2119 2112
f 2112 2119 2120
f 2113 2121 2114
f 2114 2121 2117
f 2116 2122 2109
f 2109 2122 2118
f 2115 2122 2116
f 2121 2123 2117
f 2122 2124 2118
f 2119 2125 2120
f 2121 2126 2123
f 2122 2127 2124
f 2126 2128 2123
f 2127 2129 2124
f 2125 2130 2120
f 2120 2130 2131
f 2126 2132 2128
f 2127 2133 2129
f 2132 2134 2128
f 2133 2135 2129
f 2130 2136 2131
f 2131 2136 2137
f 2132 2138 2134
f 2133 2139 2135
f 2138 2140 2134
f 2139 2141 2135
f 2136 2142 2137
f 2137 2142 2143
f 2138 2144 2140
f 2139 2145 2141
f 2144 2146 2140
f 2145 2147 2141
f 2142 2148 2143
f 2143 2148 2149
f 2144 2150 2146
f 2145 2151 2147
f 2150 2152 2146
f 2151 2153 2147
f 2148 2154 2149
f 2150 2155 2152
f 2151 2156 2153
f 2155 2157 2152
f 2156 2158 2153
f 2154 2159 2149
f 2149 2159 2160
f 2155 2161 2157
f 2156 2162 2158
f 2161 2163 2157
f 2162 2164 2158
f 2159 2165 2160
f 2160 2165 2166
f 2161 2167 2163
f 2162 2168 2164
f 2167 2169 2163
f 2168 2170 2164
f 2165 2171 2166
f 2166 2171 2172
f 2167 2173 2169
f 2168 2174 2170
f 2173 2175 2169
f 2174 2176 2170
f 2171 2177 2172
f 2172 2177 2178
f 2173 2179 2175
f 2174 2180 2176
f 2179 2181 2175
f 2180 2182 2176
f 2177 2183 2178
f 2179 2184 2181
f 2180 2185 2182
f 2184 2186 2181
f 2185 2187 2182
f 2183 2188 2178
f 2178 2188 2189
f 2184 2190 2186
f 2185 2191 2187
f 2190 2192 2186
f 2191 2193 2187
f 2188 2194 2189
f 2189 2194 2195
f 2190 2196 2192
f 2191 2197 2193
f 2194 2198 2195
f 2195 2198 2199
f 2198 2200 2199
f 2199 2200 2201
f 2202 2203 2204
f 2203 2205 2204
f 2204 2205 2206
f 2202 2207 2203
f 2208 2207 2202
f 2209 2207 2208
f 2205 2210 2206
f 2211 2210 2212
f 2206 2210 2211
f 2209 2213 2207
f 2214 2213 2209
f 2210 2215 2212
f 2212 2215 2216
f 2214 2217 2213
f 2218 2217 2214
f 2215 2219 2216
f 2216 2219 2220
f 2221 2222 2218
f 2223 2222 2221
f 2218 2222 2217
f 2224 2225 2226
f 2220 2225 2224
f 2219 2225 2220
f 2227 2228 2223
f 2223 2228 2222
f 2226 2229 2230
f 2225 2229 2226
f 2231 2232 2227
f 2227 2232 2228
f 2229 2233 2230
f 2230 2233 2234
f 2235 2236 2231
f 2237 2236 2235
f 2231 2236 2232
f 2233 2238 2234
f 2239 2238 2240
f 2234 2238 2239
f 2241 2242 2237
f 2237 2242 2236
f 2238 2243 2240
f 2240 2243 2244
f 2245 2246 2241
f 2241 2246 2242
f 2090 2247 2103
f 2243 2247 2244
f 2244 2247 2090
f 2248 2249 2245
f 2250 2249 2248
f 2245 2249 2246
f 2247 2251 2103
f 2103 2251 2252
f 2253 2254 2250
f 2250 2254 2249
f 2252 2255 2256
f 2251 2255 2252
f 2257 2258 2253
f 2253 2258 2254
f 2256 2259 2260
f 2255 2259 2256
f 2261 2262 2257
f 2263 2262 2261
f 2257 2262 2258
f 2264 2265 2266
f 2260 2265 2264
f 2259 2265 2260
f 2267 2268 2263
f 2263 2268 2262
f 2266 2269 2270
f 2265 2269 2266
f 2271 2272 2267
f 2267 2272 2268
f 2269 2273 2270
f 2270 2273 2274
f 2271 2275 2272
f 2276 2275 2271
f 2273 2277 2274
f 2274 2277 2278
f 2279 2280 2276
f 2281 2280 2279
f 2276 2280 2275
f 2282 2283 2284
f 2278 2283 2282
f 2277 2283 2278
f 2281 2285 2280
f 2286 2285 2281
f 2283 2287 2284
f 2284 2287 2288
f 2289 2290 2286
f 2286 2290 2285
f 2288 2291 2292
f 2287 2291 2288
f 2289 2293 2290
f 2294 2293 2289
f 2292 2295 2296
f 2291 2295 2292
f 2297 2298 2294
f 2299 2298 2297
f 2294 2298 2293
f 2300 2301 2302
f 2296 2301 2300
f 2295 2301 2296
f 2299 2303 2298
f 2304 2303 2299
f 2302 2305 2306
f 2301 2305 2302
f 2304 2307 2303
f 2305 2308 2306
f 2306 2308 2309
f 2310 2311 2312
f 2309 2311 2310
f 2308 2311 2309
f 2311 2313 2312
f 2312 2313 2314
f 2314 2315 2316
f 2313 2315 2314
f 2316 2317 2318
f 2315 2317 2316
f 2319 2320 2321
f 2318 2320 2319
f 2317 2320 2318
f 2320 2322 2321
f 2321 2322 2323
f 2323 2324 2325
f 2322 2324 2323
f 2325 2326 2327
f 2324 2326 2325
f 2328 2329 2330
f 2331 2332 2328
f 2328 2332 2329
f 2329 2333 2330
f 2331 2334 2332
f 2335 2334 2331
f 2330 2336 2337
f 2333 2336 2330
f 2335 2338 2334
f 2337 2339 2340
f 2336 2339 2337
f 2335 2341 2338
f 2342 2341 2335
f 2339 2343 2340
f 2340 2343 2344
f 2345 2346 2342
f 2342 2346 2341
f 2347 2348 2349
f 2327 2348 2347
f 2326 2348 2327
f 2343 2350 2344
f 2351 2352 2345
f 2345 2352 2346
f 2344 2353 2354
f 2350 2353 2344
f 2351 2355 2352
f 2353 2356 2354
f 2354 2356 2357
f 2351 2358 2355
f 2359 2358 2351
f 2356 2360 2357
f 2357 2360 2361
f 2359 2362 2358
f 2363 2362 2359
f 2360 2364 2361
f 2363 2365 2362
f 2366 2365 2363
f 2349 2367 2368
f 2348 2367 2349
f 2361 2369 2370
f 2364 2369 2361
f 2366 2371 2365
f 2370 2372 2373
f 2369 2372 2370
f 2366 2374 2371
f 2375 2374 2366
f 2372 2376 2373
f 2373 2376 2377
f 2375 2378 2374
f 2379 2378 2375
f 2377 2380 2381
f 2376 2380 2377
f 2368 2382 2383
f 2367 2382 2368
f 2379 2384 2378
f 2385 2384 2379
f 2380 2386 2381
f 2385 2387 2384
f 2381 2388 2389
f 2386 2388 2381
f 2390 2391 2385
f 2385 2391 2387
f 2388 2392 2389
f 2389 2392 2393
f 2383 2394 2395
f 2382 2394 2383
f 2390 2396 2391
f 2397 2396 2390
f 2392 2398 2393
f 2393 2398 2399
f 2400 2401 2397
f 2397 2401 2396
f 2398 2402 2399
f 2399 2402 2403
f 2400 2404 2401
f 2395 2405 2406
f 2394 2405 2395
f 2402 2407 2403
f 2400 2408 2404
f 2409 2408 2400
f 2407 2410 2403
f 2403 2410 2411
f 2409 2412 2408
f 2201 2412 2409
f 2413 2414 2415
f 2406 2414 2413
f 2405 2414 2406
f 1827 2416 2417
f 2410 2416 2411
f 2411 2416 1828
f 1828 2416 1827
f 2418 2419 2200
f 2201 2419 2412
f 2200 2419 2201
f 2417 2420 2421
f 2416 2420 2417
f 2422 2423 2418
f 2418 2423 2419
f 2415 2424 2425
f 2414 2424 2415
f 2420 2426 2421
f 2427 2428 2422
f 2422 2428 2423
f 2421 2429 2430
f 2426 2429 2421
f 2431 2432 2433
f 2434 2435 2436
f 2437 2438 2434
f 2434 2438 2435
f 2432 2439 2433
f 2433 2439 2440
f 2441 2442 2431
f 2431 2442 2432
f 2436 2443 2444
f 2435 2443 2436
f 2445 2446 2437
f 2437 2446 2438
f 2439 2447 2440
f 2440 2447 2448
f 2449 2450 2441
f 2441 2450 2442
f 2444 2451 2452
f 2443 2451 2444
f 2453 2454 2427
f 2427 2454 2428
f 2447 2455 2448
f 2448 2455 2456
f 2457 2458 2445
f 2445 2458 2446
f 2459 2460 2449
f 2449 2460 2450
f 2452 2461 2462
f 2451 2461 2452
f 2425 2463 2464
f 2424 2463 2425
f 2456 2465 2466
f 2455 2465 2456
f 2457 2467 2458
f 2468 2467 2457
f 2459 2469 2460
f 2470 2469 2459
f 2462 2471 2472
f 2461 2471 2462
f 2429 2473 2430
f 2430 2473 2474
f 2465 2475 2466
f 2466 2475 2476
f 2468 2477 2467
f 2478 2477 2468
f 2479 2480 2470
f 2470 2480 2469
f 2472 2481 2482
f 2471 2481 2472
f 2483 2484 2478
f 2478 2484 2477
f 2475 2485 2476
f 2476 2485 2486
f 2487 2488 2453
f 2453 2488 2454
f 2197 2489 2193
f 2479 2489 2480
f 2193 2489 2479
f 2482 2490 2196
f 2481 2490 2482
f 2196 2490 2192
f 2485 2491 2486
f 2486 2491 2492
f 2493 2494 2483
f 2483 2494 2484
f 2192 2495 2496
f 2490 2495 2192
f 2197 2497 2489
f 2498 2497 2197
f 2473 2499 2474
f 2474 2499 2500
f 2492 2501 2502
f 2491 2501 2492
f 2503 2504 2493
f 2493 2504 2494
f 2498 2505 2497
f 2506 2505 2498
f 2496 2507 2508
f 2495 2507 2496
f 2509 2510 2487
f 2487 2510 2488
f 2464 2511 2512
f 2463 2511 2464
f 2502 2513 2514
f 2501 2513 2502
f 2515 2516 2503
f 2503 2516 2504
f 2506 2517 2505
f 2518 2517 2506
f 2508 2519 2520
f 2507 2519 2508
f 2500 2521 2522
f 2499 2521 2500
f 2514 2523 2524
f 2513 2523 2514
f 2525 2526 2515
f 2515 2526 2516
f 2527 2528 2518
f 2518 2528 2517
f 2520 2529 2530
f 2519 2529 2520
f 2531 2532 2509
f 2509 2532 2510
f 2524 2533 2534
f 2523 2533 2524
f 2535 2536 2525
f 2525 2536 2526
f 2522 2537 1586
f 2521 2537 2522
f 2527 2538 2528
f 2539 2538 2527
f 2530 2540 2541
f 2529 2540 2530
f 2512 2542 2543
f 2511 2542 2512
f 2544 2545 2535
f 2535 2545 2536
f 2534 2546 2547
f 2533 2546 2534
f 2548 2549 2531
f 2531 2549 2532
f 2539 2550 2538
f 2551 2550 2539
f 2541 2552 2553
f 2540 2552 2541
f 2547 2554 2555
f 2546 2554 2547
f 2556 2557 2544
f 2544 2557 2545
f 1586 2558 1577
f 2537 2558 1586
f 2559 2560 2551
f 2551 2560 2550
f 2553 2561 2562
f 2562 2561 2563
f 2552 2561 2553
f 2564 2565 2548
f 2548 2565 2549
f 2555 2566 2567
f 2554 2566 2555
f 2568 2569 2556
f 2556 2569 2557
f 2542 2570 2543
f 2543 2570 2571
f 2558 2572 1577
f 2573 2572 1466
f 1577 2572 2573
f 2559 2574 2560
f 2575 2574 2559
f 2561 2576 2563
f 2566 2577 2567
f 2567 2577 2578
f 2568 2579 2569
f 2580 2579 2568
f 2581 2582 2564
f 2564 2582 2565
f 2575 2583 2574
f 2584 2583 2575
f 2576 2585 2563
f 2563 2585 2586
f 2572 2587 1466
f 1466 2587 1467
f 2588 2589 2590
f 2591 2589 2588
f 2578 2589 2591
f 2577 2589 2578
f 2592 2593 2580
f 2594 2593 2592
f 2595 2593 2594
f 2580 2593 2579
f 2596 2597 2581
f 2581 2597 2582
f 2584 2598 2583
f 2599 2598 2584
f 2586 2600 2601
f 2585 2600 2586
f 2587 2602 1467
f 1467 2602 2603
f 2604 2605 2596
f 2596 2605 2597
f 2599 2606 2598
f 2607 2606 2599
f 2600 2608 2601
f 2601 2608 2609
f 2602 2610 2603
f 2603 2610 2611
f 2607 2612 2606
f 2613 2612 2607
f 2608 2614 2609
f 2609 2614 2615
f 2616 2617 2604
f 2604 2617 2605
f 2611 2618 2619
f 2610 2618 2611
f 2620 2621 2613
f 2613 2621 2612
f 2615 2622 2623
f 2614 2622 2615
f 2624 2625 2616
f 2616 2625 2617
f 1498 2626 1499
f 2619 2626 1498
f 2618 2626 2619
f 2620 2627 2621
f 2628 2627 2620
f 2623 2629 2630
f 2622 2629 2623
f 2631 2632 2624
f 2624 2632 2625
f 2626 2633 1499
f 2634 2635 2628
f 2628 2635 2627
f 2630 2636 2637
f 2629 2636 2630
f 2638 2639 2631
f 2631 2639 2632
f 2633 2640 1499
f 2634 2641 2635
f 2642 2641 2634
f 2636 2643 2637
f 2637 2643 2644
f 2644 2643 2645
f 2646 2647 2638
f 2638 2647 2639
f 2640 2648 1499
f 2646 2649 2647
f 2642 2650 2641
f 2651 2650 2642
f 2643 2652 2645
f 2648 2653 1499
f 2654 2655 2646
f 2646 2655 2649
f 2652 2656 2645
f 2645 2656 2657
f 2651 2658 2650
f 2659 2658 2651
f 2653 2660 1499
f 2661 2662 2654
f 2654 2662 2655
f 2659 2663 2658
f 2657 2664 2665
f 2656 2664 2657
f 2660 2666 1499
f 2667 2668 2661
f 2661 2668 2662
f 2666 2669 1499
f 2667 2670 2668
f 2669 2671 1499
f 2671 2672 1499
f 2672 2673 1499
f 2673 2674 1499
f 2674 2675 1499
f 2675 2676 1499
f 2676 2677 1499
f 2678 2679 2680
f 2681 2682 2678
f 2678 2682 2679
f 2680 2683 2684
f 2679 2683 2680
f 2681 2685 2682
f 2686 2685 2681
f 2677 2687 1499
f 2684 2688 2689
f 2683 2688 2684
f 2690 2691 2686
f 2686 2691 2685
f 2689 2692 2693
f 2688 2692 2689
f 2694 2695 2690
f 2690 2695 2691
f 2693 2696 2697
f 2692 2696 2693
f 2698 2699 2694
f 2694 2699 2695
f 2697 2700 2701
f 2696 2700 2697
f 2702 2703 2698
f 2698 2703 2699
f 2701 2704 2705
f 2700 2704 2701
f 2706 2707 2702
f 2702 2707 2703
f 2704 2708 2705
f 2705 2708 2709
f 2304 2710 2307
f 2307 2710 2706
f 2706 2710 2707
f 2708 2711 2709
f 2709 2711 2712
f 2304 2713 2710
f 2714 2713 2304
f 2711 2715 2712
f 2712 2715 2716
f 2714 2717 2713
f 2718 2717 2714
f 2719 2717 2718
f 2715 2720 2716
f 2716 2720 2721
f 2722 2723 2719
f 2719 2723 2717
f 2720 2724 2721
f 2721 2724 2725
f 2722 2726 2723
f 2727 2726 2722
f 2724 2728 2725
f 2725 2728 2729
f 2730 2731 2727
f 2727 2731 2726
f 2729 2732 2733
f 2728 2732 2729
f 2734 2735 2730
f 2730 2735 2731
f 2732 2736 2733
f 2733 2736 2737
f 2738 2739 2734
f 2734 2739 2735
f 2736 2740 2737
f 2737 2740 2741
f 2740 2742 2741
f 2741 2742 2743
f 2742 2744 2743
f 2743 2744 2745
f 2744 2746 2745
f 2745 2746 2747
f 2746 2748 2747
f 2747 2748 2749
f 2748 2750 2749
f 2749 2750 2751
f 2750 2752 2751
f 2751 2752 2753
f 2754 2755 2756
f 2756 2757 2758
f 2755 2757 2756
f 2754 2759 2755
f 2760 2759 2754
f 2757 2761 2758
f 2758 2761 2762
f 2760 2763 2759
f 2764 2763 2760
f 2762 2765 2766
f 2761 2765 2762
f 2767 2768 2764
f 2764 2768 2763
f 2766 2769 2770
f 2765 2769 2766
f 2752 2771 2753
f 2753 2771 2772
f 2767 2773 2768
f 2774 2773 2767
f 2770 2775 2776
f 2769 2775 2770
f 2774 2777 2773
f 2665 2777 2774
f 2776 2778 2779
f 2775 2778 2776
f 2664 2780 2665
f 2665 2780 2777
f 2778 2781 2779
f 2659 2781 2663
f 2779 2781 2659
f 2782 2783 2664
f 2664 2783 2780
f 2781 2784 2663
f 2663 2784 2785
f 2782 2786 2783
f 2787 2786 2782
f 2784 2788 2785
f 2785 2788 2789
f 2772 2790 2791
f 2771 2790 2772
f 2787 2792 2786
f 2793 2792 2787
f 2788 2794 2789
f 2789 2794 2795
f 2793 2796 2792
f 2797 2796 2793
f 2794 2798 2795
f 2795 2798 2799
f 2797 2800 2796
f 2801 2800 2797
f 2798 2802 2799
f 2799 2802 2803
f 2790 2804 2791
f 2791 2804 2805
f 2806 2807 2801
f 2801 2807 2800
f 2802 2808 2803
f 2803 2808 2809
f 2806 2810 2807
f 2811 2810 2806
f 2808 2812 2809
f 2809 2812 2813
f 2811 2814 2810
f 2815 2814 2811
f 2812 2816 2813
f 2813 2816 2817
f 2804 2818 2805
f 2805 2818 2819
f 2820 2821 2815
f 2815 2821 2814
f 2816 2822 2817
f 2817 2822 2823
f 2820 2824 2821
f 2825 2824 2820
f 2822 2826 2823
f 2823 2826 2827
f 2818 2828 2819
f 2819 2828 2829
f 2830 2831 2825
f 2825 2831 2824
f 2826 2832 2827
f 2827 2832 2833
f 2834 2835 2830
f 2830 2835 2831
f 2833 2836 2837
f 2832 2836 2833
f 2828 2838 2829
f 2829 2838 2839
f 2834 2840 2835
f 2841 2840 2834
f 2837 2842 2843
f 2836 2842 2837
f 2841 2844 2840
f 2845 2844 2841
f 2843 2846 2847
f 2842 2846 2843
f 2838 2848 2839
f 2839 2848 2849
f 2845 2850 2844
f 2851 2850 2845
f 2846 2852 2847
f 2847 2852 2853
f 2854 2855 2856
f 2857 2855 2854
f 1683 2855 2857
f 2858 2855 2859
f 2860 2855 2858
f 2861 2855 2860
f 2862 2855 2861
f 2863 2855 2862
f 2864 2855 2863
f 2865 2855 2864
f 2866 2855 2865
f 2867 2855 2866
f 2868 2855 2867
f 2869 2855 2868
f 2856 2855 2869
f 2870 2871 2851
f 2851 2871 2850
f 2853 2872 2873
f 2852 2872 2853
f 2849 2874 2875
f 2848 2874 2849
f 2870 2876 2871
f 2877 2876 2870
f 2872 2878 2873
f 2873 2878 2879
f 2880 2881 2877
f 2877 2881 2876
f 2878 2882 2879
f 2879 2882 2883
f 2874 2884 2875
f 2875 2884 2885
f 2880 2886 2881
f 2887 2886 2880
f 2882 2888 2883
f 2883 2888 2889
f 2884 2890 2885
f 2885 2890 2891
f 2887 2892 2886
f 2893 2892 2887
f 2888 2894 2889
f 2889 2894 2895
f 2893 2896 2892
f 2897 2896 2893
f 2894 2898 2895
f 2895 2898 2899
f 2890 2900 2891
f 2891 2900 2901
f 2902 2903 2897
f 2897 2903 2896
f 2898 2904 2899
f 2899 2904 2905
f 2902 2906 2903
f 2904 2907 2905
f 2900 2908 2901
f 2901 2908 2909
f 2902 2910 2906
f 2907 2911 2905
f 2908 2912 2909
f 2909 2912 2913
f 2911 2914 2905
f 2902 2915 2910
f 2912 2916 2913
f 2913 2916 2917
f 2855 2918 2919
f 2919 2920 2855
f 2855 2921 2918
f 2920 2922 2855
f 2855 2923 2921
f 2855 2924 2859
f 2922 2924 2855
f 2855 2925 2923
f 2859 2926 2927
f 2924 2926 2859
f 2855 2928 2925
f 2927 2929 2930
f 2926 2929 2927
f 2855 2931 2928
f 2930 2932 2933
f 2929 2932 2930
f 2855 2934 2931
f 2933 2935 2936
f 2932 2935 2933
f 2855 2937 2934
f 2917 2938 2939
f 2916 2938 2917
f 2855 2940 2937
f 2855 2941 2940
f 2855 2942 2941
f 2855 2943 2942
f 2938 2944 2939
f 2855 2945 2943
f 2855 2946 2945
f 2855 2947 2946
f 2855 2948 2947
f 2855 2949 2948
f 2855 2950 2949
f 2855 2951 2950
f 2855 2952 2951
f 2953 2954 2855
f 2955 2954 2953
f 2855 2954 2952
f 2956 2957 2955
f 2955 2957 2954
f 2958 2959 2956
f 2956 2959 2957
f 2960 2961 2958
f 2962 2961 2960
f 2958 2961 2959
f 2963 2964 2962
f 2962 2964 2961
f 2963 2965 2964
f 2966 2965 2963
f 2967 2965 2966
f 2967 2968 2965
f 2969 2968 2967
f 2969 2970 2968
f 2971 2970 2969
f 2972 2973 2935
f 2935 2973 2936
f 2974 2975 2972
f 2972 2975 2973
f 2973 2976 2936
f 2936 2976 2977
f 2978 2979 2974
f 2974 2979 2975
f 2977 2980 2738
f 2738 2980 2739
f 2976 2980 2977
f 2739 2980 2981
f 2978 2982 2979
f 2983 2982 2978
f 2980 2984 2981
f 2981 2984 2985
f 2983 2986 2982
f 2987 2986 2983
f 2985 2988 2989
f 2984 2988 2985
f 2987 2990 2986
f 2991 2990 2987
f 2988 2992 2989
f 2991 2993 2990
f 2994 2993 2991
f 2971 2995 2970
f 2996 2995 2971
f 2997 2995 2996
f 2989 2998 2999
f 2992 2998 2989
f 2994 3000 2993
f 3001 3000 2994
f 2999 3002 3003
f 2998 3002 2999
f 3001 3004 3000
f 3005 3004 3001
f 3003 3006 3007
f 3002 3006 3003
f 3005 3008 3004
f 3009 3008 3005
f 3010 3011 2997
f 2997 3011 2995
f 3007 3012 3013
f 3006 3012 3007
f 3009 3014 3008
f 3015 3014 3009
f 3013 3016 3017
f 3012 3016 3013
f 3018 3019 3015
f 3015 3019 3014
f 3020 3021 3010
f 3010 3021 3011
f 3017 3022 3023
f 3016 3022 3017
f 3024 3025 3018
f 3018 3025 3019
f 3022 3026 3023
f 3023 3026 3027
f 3020 3028 3021
f 3024 3029 3025
f 3030 3029 3024
f 3028 3031 3021
f 3026 3032 3027
f 3030 3033 3029
f 3034 3033 3030
f 3034 3035 3033
f 3036 3035 3034
f 3036 3037 3035
f 3038 3037 3036
f 3031 3039 3040
f 3028 3039 3031
f 3038 3041 3037
f 3042 3041 3038
f 3042 3043 3041
f 3044 3043 3042
f 3044 3045 3043
f 3046 3045 3044
f 3040 3047 3048
f 3039 3047 3040
f 3046 3049 3045
f 3050 3049 3046
f 3051 3052 3050
f 3050 3052 3049
f 3047 3053 3048
f 3054 3055 3051
f 3051 3055 3052
f 3054 3056 3055
f 3057 3056 3054
f 3057 3058 3056
f 3059 3058 3057
f 3048 3060 3061
f 3053 3060 3048
f 3059 3062 3058
f 3063 3062 3059
f 3064 3065 3066
f 3066 3067 3068
f 3065 3067 3066
f 3069 3070 3064
f 3064 3070 3065
f 3068 3071 3072
f 3067 3071 3068
f 3063 3073 3062
f 3074 3073 3063
f 3075 3076 3069
f 3069 3076 3070
f 3071 3077 3072
f 3072 3077 3078
f 3079 3080 3075
f 3075 3080 3076
f 3077 3081 3078
f 3078 3081 3082
f 3060 3083 3061
f 3061 3083 3084
f 3085 3086 3079
f 3079 3086 3080
f 3082 3087 3088
f 3081 3087 3082
f 3089 3090 3074
f 3074 3090 3073
f 3091 3092 3085
f 3085 3092 3086
f 3087 3093 3088
f 3088 3093 3094
f 3091 3095 3092
f 3027 3095 3091
f 3089 3096 3090
f 3097 3096 3089
f 3093 3098 3094
f 3094 3098 3099
f 3100 3101 3032
f 3032 3101 3027
f 3027 3101 3095
f 3098 3102 3099
f 3099 3102 3103
f 3083 3104 3084
f 3097 3105 3096
f 3106 3105 3097
f 3107 3108 3100
f 3100 3108 3101
f 3102 3109 3103
f 3103 3109 3110
f 3111 3112 3107
f 3107 3112 3108
f 3106 3113 3105
f 3114 3113 3106
f 3109 3115 3110
f 3110 3115 3116
f 3117 3118 3111
f 3111 3118 3112
f 3084 3119 3120
f 3104 3119 3084
f 3114 3121 3113
f 3122 3121 3114
f 3115 3123 3116
f 3116 3123 3124
f 3125 3126 3117
f 3117 3126 3118
f 3127 3128 3122
f 3122 3128 3121
f 3123 3129 3124
f 3124 3129 3130
f 3131 3132 3125
f 3133 3132 3131
f 3125 3132 3126
f 3134 3135 3127
f 3127 3135 3128
f 3119 3136 3120
f 3120 3136 3137
f 3130 3138 3139
f 3129 3138 3130
f 3140 3141 3134
f 3134 3141 3135
f 3142 3143 3133
f 3133 3143 3132
f 3138 3144 3139
f 3139 3144 3145
f 3146 3147 3140
f 3140 3147 3141
f 3137 3148 3149
f 3136 3148 3137
f 3150 3151 3142
f 3142 3151 3143
f 3144 3152 3145
f 3145 3152 3153
f 3146 3154 3147
f 3155 3154 3146
f 3156 3157 3150
f 3158 3157 3156
f 3150 3157 3151
f 3159 3160 3155
f 3155 3160 3154
f 3148 3161 3149
f 3152 3162 3153
f 3153 3162 3163
f 3164 3165 3158
f 3158 3165 3157
f 3166 3167 3159
f 3159 3167 3160
f 3162 3168 3163
f 3163 3168 3169
f 3166 3170 3167
f 3171 3170 3166
f 3149 3172 3173
f 3161 3172 3149
f 3174 3175 3164
f 3164 3175 3165
f 3171 3176 3170
f 3177 3176 3171
f 3169 3178 3179
f 3168 3178 3169
f 3177 3180 3176
f 3181 3180 3177
f 3182 3183 3174
f 3184 3183 3182
f 3174 3183 3175
f 3172 3185 3173
f 3173 3185 3186
f 3181 3187 3180
f 3188 3187 3181
f 3178 3189 3179
f 3179 3189 3190
f 3191 3192 3184
f 3184 3192 3183
f 3193 3194 3188
f 3188 3194 3187
f 3185 3195 3186
f 3189 3196 3190
f 3190 3196 3197
f 3193 3198 3194
f 3199 3198 3193
f 3200 3201 3191
f 3191 3201 3192
f 3199 3202 3198
f 3203 3202 3199
f 3186 3204 3205
f 3195 3204 3186
f 3196 3206 3197
f 3197 3206 3207
f 3203 3208 3202
f 3209 3208 3203
f 3209 3210 3208
f 3211 3210 3209
f 3212 3213 3200
f 3214 3213 3212
f 3200 3213 3201
f 3211 3215 3210
f 3216 3215 3211
f 3206 3217 3207
f 3207 3217 3218
f 3204 3219 3205
f 3205 3219 3220
f 3216 3221 3215
f 3222 3221 3216
f 3223 3224 3214
f 3214 3224 3213
f 3225 3226 3222
f 3222 3226 3221
f 3220 3227 3228
f 3228 3227 3229
f 3229 3227 3230
f 3230 3227 3231
f 3231 3227 3232
f 3232 3227 3233
f 3233 3227 3234
f 3234 3227 3235
f 3235 3227 3236
f 3236 3227 3237
f 3219 3227 3220
f 3237 3227 3238
f 3238 3227 3239
f 3239 3227 3240
f 3240 3227 3241
f 3241 3227 3242
f 3242 3227 3243
f 3243 3227 3244
f 3244 3227 3245
f 3245 3227 3246
f 3246 3227 3247
f 3247 3227 3248
f 3248 3227 3249
f 3217 3250 3218
f 3218 3250 3251
f 3252 3253 3225
f 3225 3253 3226
f 3254 3255 3252
f 3252 3255 3253
f 3256 3257 3223
f 3223 3257 3224
f 3254 3258 3255
f 3249 3258 3254
f 3250 3259 3251
f 3251 3259 3260
f 3261 3262 3256
f 3263 3262 3261
f 3256 3262 3257
f 3260 3264 3265
f 3259 3264 3260
f 3266 3267 3263
f 3263 3267 3262
f 3264 3268 3265
f 3265 3268 3269
f 3266 3270 3267
f 3271 3270 3266
f 3272 3270 3271
f 3268 3273 3269
f 3269 3273 3274
f 3272 3275 3270
f 3276 3275 3272
f 3273 3277 3274
f 3274 3277 3278
f 3279 3280 3276
f 3276 3280 3275
f 3277 3281 3278
f 3278 3281 3282
f 3279 3283 3280
f 3284 3283 3279
f 3285 3283 3284
f 3281 3286 3282
f 3282 3286 3287
f 3285 3288 3283
f 3289 3288 3285
f 3286 3290 3287
f 3287 3290 3291
f 3292 3293 3289
f 3289 3293 3288
f 2589 3294 2590
f 2590 3294 3295
f 3290 3296 3291
f 3291 3296 3297
f 3294 3298 3295
f 3292 3299 3293
f 3300 3299 3292
f 3301 3299 3300
f 3298 3302 3295
f 3296 3303 3297
f 3297 3303 3304
f 3302 3305 3295
f 3295 3305 3306
f 3307 3308 3301
f 3301 3308 3299
f 3305 3309 3306
f 3306 3309 3310
f 3303 3311 3304
f 3304 3311 3312
f 2667 3313 2670
f 3310 3313 2667
f 3309 3313 3310
f 3314 3315 3307
f 3316 3315 3314
f 3307 3315 3308
f 2595 3317 2593
f 2571 3317 2595
f 2670 3318 3319
f 3313 3318 2670
f 3312 3320 3321
f 3311 3320 3312
f 3319 3322 3323
f 3318 3322 3319
f 3324 3325 3316
f 3316 3325 3315
f 3322 3326 3323
f 3323 3326 3327
f 3320 3328 3321
f 3326 3329 3327
f 3327 3329 3330
f 3331 3332 3324
f 3324 3332 3325
f 3329 3333 3330
f 3330 3333 3334
f 3335 3336 3331
f 3331 3336 3332
f 3334 3337 3338
f 3333 3337 3334
f 3337 3339 3338
f 3338 3339 3340
f 3341 3342 3335
f 3343 3342 3341
f 3335 3342 3336
f 3339 3344 3340
f 3340 3344 3345
f 3344 3346 3345
f 3345 3346 3347
f 3343 3348 3342
f 3349 3348 3343
f 3347 3350 3351
f 3346 3350 3347
f 3352 3353 3349
f 3349 3353 3348
f 3350 3354 3351
f 3351 3354 3355
f 3355 3356 3357
f 3354 3356 3355
f 3352 3358 3353
f 3359 3358 3352
f 3357 3360 3361
f 3356 3360 3357
f 3359 3362 3358
f 3363 3362 3359
f 3364 3362 3363
f 3361 3365 3366
f 3360 3365 3361
f 3366 3367 3368
f 3365 3367 3366
f 3369 3370 3364
f 3364 3370 3362
f 3371 3372 3373
f 3374 3375 3371
f 3371 3375 3372
f 3372 3376 3373
f 3377 3376 3378
f 3373 3376 3377
f 3368 3379 3380
f 3367 3379 3368
f 3374 3381 3375
f 3382 3381 3374
f 3383 3381 3382
f 3378 3384 3385
f 3376 3384 3378
f 3369 3386 3370
f 3387 3388 3389
f 3385 3388 3387
f 3384 3388 3385
f 3383 3390 3381
f 3391 3390 3383
f 3379 3392 3380
f 3393 3392 3394
f 3380 3392 3393
f 3395 3396 2944
f 2939 3396 3391
f 2944 3396 2939
f 3391 3396 3390
f 3388 3397 3389
f 3389 3397 3398
f 3394 3399 3400
f 3392 3399 3394
f 3395 3401 3396
f 3402 3401 3395
f 3397 3403 3398
f 3404 3403 3405
f 3398 3403 3404
f 3400 3406 3407
f 3399 3406 3400
f 3408 3409 3402
f 3410 3409 3408
f 3402 3409 3401
f 3405 3411 2570
f 3403 3411 3405
f 2570 3411 2571
f 3407 3412 3413
f 3406 3412 3407
f 3410 3414 3409
f 3415 3414 3410
f 2571 3416 3317
f 3411 3416 2571
f 3413 3417 3418
f 3412 3417 3413
f 3417 3419 3418
f 3418 3419 3420
f 3421 3422 3423
f 3317 3422 3421
f 3416 3422 3317
f 3415 3424 3414
f 3425 3424 3415
f 3426 3424 3425
f 3420 3427 3428
f 3419 3427 3420
f 3427 3429 3428
f 3428 3429 3430
f 3426 3431 3424
f 3432 3431 3426
f 3423 3433 3434
f 3422 3433 3423
f 3430 3435 3436
f 3429 3435 3430
f 3436 3437 3438
f 3435 3437 3436
f 2914 3439 2905
f 3440 3441 3432
f 3442 3441 3440
f 3432 3441 3431
f 3443 3444 3445
f 3434 3444 3443
f 3433 3444 3434
f 3442 3446 3441
f 3447 3446 3442
f 3448 3446 3447
f 3449 3450 3451
f 3445 3450 3449
f 3444 3450 3445
f 3452 3453 3448
f 3448 3453 3446
f 3451 3454 3455
f 3450 3454 3451
f 2902 3456 2915
f 3452 3457 3453
f 3458 3457 3452
f 3459 3457 3458
f 3460 3461 3462
f 3455 3461 3460
f 3454 3461 3455
f 3459 3463 3457
f 3464 3463 3459
f 3465 3466 3467
f 3462 3466 3465
f 3461 3466 3462
f 3464 3468 3463
f 3469 3468 3464
f 3470 3468 3469
f 3471 3472 3473
f 3467 3472 3471
f 3466 3472 3467
f 3474 3475 3476
f 3477 3475 3474
f 3478 3475 3477
f 3479 3475 3478
f 3473 3475 3479
f 3472 3475 3473
f 3480 3475 3481
f 3482 3475 3480
f 3483 3475 3482
f 3484 3475 3483
f 3485 3475 3484
f 3486 3475 3485
f 3487 3475 3486
f 3488 3475 3487
f 3489 3475 3488
f 3490 3475 3489
f 3491 3475 3490
f 3476 3475 3491
f 3470 3492 3468
f 3493 3492 3470
f 3494 3492 3493
f 3495 3492 3494
f 3321 3492 3495
f 3496 3492 3328
f 3497 3492 3496
f 3498 3492 3497
f 3499 3492 3498
f 3500 3492 3499
f 3501 3492 3500
f 3502 3492 3501
f 3503 3492 3502
f 3504 3492 3503
f 3505 3492 3504
f 3506 3492 3505
f 3507 3492 3506
f 3328 3492 3321
f 3475 3508 3481
f 3509 3508 3510
f 3511 3508 3509
f 3512 3508 3511
f 3513 3508 3512
f 3514 3508 3513
f 3515 3508 3514
f 3516 3508 3515
f 3517 3508 3516
f 3518 3508 3517
f 3519 3508 3518
f 3520 3508 3519
f 3521 3508 3520
f 3522 3508 3521
f 3523 3508 3522
f 3524 3508 3523
f 3525 3508 3524
f 3526 3508 3525
f 3481 3508 3526
f 3508 3527 3510
f 3528 3527 3529
f 3510 3527 3528
f 3530 3531 3532
f 3529 3531 3530
f 3527 3531 3529
f 2914 3533 3439
f 3534 3533 3535
f 3536 3533 3534
f 3439 3533 3536
f 3456 3537 2915
f 3535 3538 3539
f 3533 3538 3535
f 3538 3540 3539
f 3539 3540 3541
f 3531 3542 3532
f 3543 3542 3544
f 3532 3542 3543
f 3540 3545 3541
f 3542 3546 3544
f 3544 3546 3547
f 3548 3549 3550
f 3547 3549 3548
f 3546 3549 3547
f 3549 3551 3550
f 3552 3551 3553
f 3550 3551 3552
f 3551 3554 3553
f 3553 3554 3555
f 3556 3557 3456
f 3555 3557 3556
f 3554 3557 3555
f 3557 3558 3456
f 3456 3558 3537
f 3559 3560 3561
f 3507 3560 3492
f 3562 3560 3507
f 3563 3560 3562
f 3564 3560 3563
f 3565 3560 3564
f 3566 3560 3565
f 3567 3560 3566
f 3568 3560 3567
f 3569 3560 3568
f 3570 3560 3569
f 3571 3560 3570
f 3572 3560 3571
f 3573 3560 3572
f 3574 3560 3573
f 3575 3560 3574
f 3561 3560 3575
f 3576 3577 3578
f 3579 3577 3576
f 3580 3577 3579
f 3581 3577 3580
f 3582 3577 3581
f 3583 3577 3582
f 3584 3577 3583
f 3585 3577 3584
f 3586 3577 3585
f 3587 3577 3586
f 3588 3577 3587
f 3589 3577 3588
f 3590 3577 3589
f 3591 3577 3590
f 3386 3577 3591
f 3592 3577 3369
f 3593 3577 3592
f 3594 3577 3593
f 3595 3577 3594
f 3596 3577 3595
f 3597 3577 3596
f 3598 3577 3597
f 3599 3577 3598
f 3600 3577 3599
f 3601 3577 3600
f 3602 3577 3601
f 3258 3577 3602
f 3227 3577 3249
f 3369 3577 3386
f 3249 3577 3258
f 3558 3603 3537
f 3559 3604 3560
f 3578 3605 3606
f 3577 3605 3578
f 3559 3607 3604
f 3605 3608 3606
f 3559 3609 3607
f 3608 3610 3606
f 3559 3611 3609
f 3610 3612 3606
f 3612 3613 3606
f 3559 3614 3611
f 3615 3616 3559
f 3559 3616 3614
f 3613 3617 3606
f 3615 3618 3616
f 3617 3619 3606
f 3615 3620 3618
f 3619 3621 3606
f 3621 3622 3606
f 3615 3623 3620
f 3622 3624 3606
f 3615 3625 3623
f 3624 3626 3606
f 3615 3627 3625
f 3626 3628 3606
f 3615 3629 3627
f 3606 3630 3615
f 3628 3630 3606
f 3615 3631 3629
f 3630 3632 3615
f 3615 3633 3631
f 3632 3634 3615
f 3615 3635 3633
f 3634 3636 3615
f 3615 3636 3635
f 3637 3638 3639
f 3638 3640 3639
f 3639 3640 3641
f 3642 3643 3637
f 3644 3643 3642
f 3637 3643 3638
f 3641 3645 3646
f 3640 3645 3641
f 3644 3647 3643
f 3648 3647 3644
f 3649 3650 3651
f 3646 3650 3649
f 3645 3650 3646
f 3648 3652 3647
f 3653 3652 3648
f 3651 3654 3655
f 3650 3654 3651
f 3653 3656 3652
f 3657 3656 3653
f 3655 3658 3659
f 3654 3658 3655
f 3660 3661 3657
f 3657 3661 3656
f 3659 3662 3663
f 3658 3662 3659
f 3660 3664 3661
f 3665 3664 3660
f 3666 3664 3665
f 3667 3668 3669
f 3663 3668 3667
f 3662 3668 3663
f 3666 3670 3664
f 3671 3670 3666
f 3669 3672 3673
f 3668 3672 3669
f 3671 3674 3670
f 3675 3674 3671
f 3673 3676 3677
f 3672 3676 3673
f 3678 3679 3675
f 3675 3679 3674
f 3680 3681 3682
f 3677 3681 3680
f 3676 3681 3677
f 3683 3684 3678
f 3678 3684 3679
f 3682 3685 3686
f 3681 3685 3682
f 3537 3687 3683
f 3683 3687 3684
f 3603 3687 3537
f 3686 3688 3689
f 3685 3688 3686
f 3603 3690 3687
f 3691 3690 3603
f 3688 3692 3689
f 3689 3692 3693
f 3691 3694 3690
f 3695 3696 3697
f 3693 3696 3695
f 3692 3696 3693
f 3698 3699 3691
f 3691 3699 3694
f 3697 3700 3701
f 3696 3700 3697
f 3698 3702 3699
f 3703 3702 3698
f 3701 3704 3705
f 3700 3704 3701
f 3703 3706 3702
f 3705 3707 3708
f 3704 3707 3705
f 3703 3709 3706
f 3710 3709 3703
f 3711 3712 3713
f 3708 3712 3711
f 3707 3712 3708
f 3710 3714 3709
f 3715 3714 3710
f 3713 3716 3717
f 3712 3716 3713
f 3715 3718 3714
f 3716 3719 3717
f 3717 3719 3720
f 3715 3721 3718
f 3722 3721 3715
f 3720 3723 3724
f 3719 3723 3720
f 3722 3725 3721
f 3726 3725 3722
f 3723 3727 3724
f 3728 3729 3726
f 3726 3729 3725
f 3728 3730 3729
f 3728 3731 3730
f 3732 3731 3728
f 3732 3733 3731
f 3734 3733 3732
f 3734 3735 3733
f 3736 3737 3738
f 3739 3740 3736
f 3736 3740 3737
f 3738 3741 3742
f 3737 3741 3738
f 3743 3744 3739
f 3739 3744 3740
f 3742 3745 3746
f 3741 3745 3742
f 3747 3748 3743
f 3743 3748 3744
f 3745 3749 3746
f 3746 3749 3750
f 3751 3752 3747
f 3747 3752 3748
f 3749 3753 3750
f 3750 3753 3754
f 3755 3756 3751
f 3751 3756 3752
f 3754 3757 3758
f 3753 3757 3754
f 3759 3760 3755
f 3755 3760 3756
f 3757 3761 3758
f 3758 3761 3762
f 3763 3764 3759
f 3759 3764 3760
f 3761 3765 3762
f 3766 3767 3763
f 3763 3767 3764
f 3765 3768 3762
f 3762 3768 3769
f 3770 3771 3766
f 3766 3771 3767
f 3768 3772 3769
f 3769 3772 3773
f 3770 3774 3771
f 3724 3774 3770
f 3727 3774 3724
f 3772 3775 3773
f 3773 3775 3545
f 3727 3776 3774
f 3777 3776 3727
f 3545 3778 3541
f 3541 3778 3779
f 3775 3778 3545
f 3777 3780 3776
f 3781 3780 3777
f 3778 3782 3779
f 3779 3782 3783
f 3781 3784 3780
f 3782 3785 3783
f 3783 3785 3786
f 3781 3787 3784
f 3788 3787 3781
f 3785 3789 3786
f 3786 3789 3790
f 3788 3791 3787
f 3792 3791 3788
f 3789 3793 3790
f 3790 3793 3794
f 3792 3795 3791
f 3796 3795 3792
f 3793 3797 3794
f 3794 3797 3798
f 3796 3799 3795
f 3797 3800 3798
f 3798 3800 3801
f 3796 3802 3799
f 3803 3802 3796
f 3801 3804 3805
f 3800 3804 3801
f 3803 3806 3802
f 3807 3806 3803
f 3805 3808 3809
f 3804 3808 3805
f 3807 3810 3806
f 3811 3810 3807
f 3809 3812 3813
f 3808 3812 3809
f 3811 3814 3810
f 3812 3815 3813
f 3813 3815 3816
f 3811 3817 3814
f 3818 3817 3811
f 3816 3819 3820
f 3815 3819 3816
f 3818 3821 3817
f 3822 3821 3818
f 3819 3823 3820
f 3820 3823 3824
f 3822 3825 3821
f 3826 3825 3822
f 3823 3827 3824
f 3824 3827 3828
f 3826 3829 3825
f 3827 3830 3828
f 3828 3830 3831
f 3826 3832 3829
f 3833 3832 3826
f 3830 3834 3831
f 3831 3834 3835
f 3833 3836 3832
f 3837 3836 3833
f 3834 3838 3835
f 3835 3838 3839
f 3837 3840 3836
f 3841 3840 3837
f 3838 3842 3839
f 3841 3843 3840
f 3842 3844 3839
f 3839 3844 3845
f 3841 3846 3843
f 3847 3846 3841
f 3844 3848 3845
f 3845 3848 3849
f 3847 3850 3846
f 3851 3850 3847
f 3848 3852 3849
f 3849 3852 3853
f 3854 3855 3851
f 3851 3855 3850
f 3852 3856 3853
f 3853 3856 3857
f 3854 3858 3855
f 3857 3859 3860
f 3856 3859 3857
f 3861 3862 3854
f 3854 3862 3858
f 3860 3863 3864
f 3859 3863 3860
f 3865 3866 3861
f 3861 3866 3862
f 3863 3867 3864
f 3864 3867 3868
f 3869 3870 3865
f 3865 3870 3866
f 3867 3871 3868
f 3868 3871 3872
f 3869 3873 3870
f 3872 3874 3875
f 3871 3874 3872
f 3876 3877 3869
f 3869 3877 3873
f 3438 3878 3879
f 3874 3878 3875
f 3875 3878 3437
f 3437 3878 3438
f 3880 3881 3876
f 3876 3881 3877
f 3879 3882 3883
f 3878 3882 3879
f 3884 3885 3880
f 3880 3885 3881
f 3882 3886 3883
f 3884 3887 3885
f 3883 3888 3889
f 3886 3888 3883
f 3890 3891 3884
f 3884 3891 3887
f 3889 3892 3893
f 3888 3892 3889
f 3894 3895 3890
f 3890 3895 3891
f 3893 3896 3897
f 3892 3896 3893
f 3898 3899 3894
f 3894 3899 3895
f 3897 3900 2687
f 3896 3900 3897
f 3901 3902 3898
f 3898 3902 3899
f 3901 3903 3902
f 3904 3905 3901
f 3901 3905 3903
f 3906 3907 3904
f 3904 3907 3905
f 3908 3909 3906
f 3906 3909 3907
f 3910 3911 3908
f 3908 3911 3909
f 3912 3913 3914
f 3912 3915 3913
f 3916 3915 3912
f 3913 3917 3914
f 3914 3917 3918
f 3919 3920 3916
f 3916 3920 3915
f 3918 3921 3922
f 3917 3921 3918
f 3923 3924 3919
f 3919 3924 3920
f 3910 3925 3911
f 3921 3926 3922
f 3922 3926 3927
f 3928 3929 3923
f 3923 3929 3924
f 3926 3930 3927
f 3927 3930 3931
f 3932 3933 3910
f 3910 3933 3925
f 3928 3934 3929
f 3735 3934 3928
f 3930 3935 3931
f 3931 3935 3936
f 3937 3938 3932
f 3932 3938 3933
f 3735 3939 3934
f 3734 3939 3735
f 3935 3940 3936
f 3936 3940 3941
f 3734 3942 3939
f 3943 3942 3734
f 3940 3944 3941
f 3941 3944 3945
f 3943 3946 3942
f 3947 3946 3943
f 3945 3948 3949
f 3944 3948 3945
f 3947 3950 3946
f 3949 3951 3952
f 3948 3951 3949
f 3947 3953 3950
f 3954 3953 3947
f 3952 3955 3956
f 3951 3955 3952
f 3954 3957 3953
f 3958 3957 3954
f 3956 3959 3960
f 3955 3959 3956
f 3958 3961 3957
f 3960 3962 3963
f 3959 3962 3960
f 3964 3965 3958
f 3958 3965 3961
f 3962 3966 3963
f 3963 3966 3967
f 3968 3969 3964
f 3964 3969 3965
f 3967 3970 3971
f 3966 3970 3967
f 3968 3972 3969
f 3970 3973 3971
f 3971 3973 3974
f 3968 3975 3972
f 3976 3975 3968
f 3974 3977 3978
f 3973 3977 3974
f 3976 3979 3975
f 3977 3980 3978
f 3978 3980 3981
f 3976 3982 3979
f 3983 3982 3976
f 3980 3984 3981
f 3981 3984 3985
f 3983 3986 3982
f 3987 3986 3983
f 3984 3988 3985
f 3985 3988 3989
f 3987 3990 3986
f 3988 3991 3989
f 3989 3991 3992
f 3987 3993 3990
f 3994 3993 3987
f 3991 3995 3992
f 3992 3995 3996
f 3994 3997 3993
f 3998 3997 3994
f 3995 3999 3996
f 3996 3999 4000
f 3998 4001 3997
f 4000 4002 4003
f 3999 4002 4000
f 3998 4004 4001
f 4005 4004 3998
f 4003 4006 4007
f 4002 4006 4003
f 4005 4008 4004
f 4006 4009 4007
f 4007 4009 4010
f 4005 4011 4008
f 4010 4012 4013
f 4009 4012 4010
f 4005 4014 4011
f 4013 4015 4016
f 4012 4015 4013
f 4005 4017 4014
f 4016 4018 4019
f 4015 4018 4016
f 4018 4020 4019
f 4019 4020 4021
f 4021 4022 4023
f 4020 4022 4021
f 4023 4024 4025
f 4022 4024 4023
f 4025 4026 4027
f 4024 4026 4025
f 4026 4028 4027
f 4027 4028 4029
f 4028 4030 4029
f 4029 4030 4031
f 4031 4032 4033
f 4030 4032 4031
f 4033 4034 4035
f 4032 4034 4033
f 4035 4036 4037
f 4034 4036 4035
f 4037 4038 4039
f 4036 4038 4037
f 4039 4040 3937
f 3937 4040 3938
f 4038 4040 4039
f 4040 4041 3938
f 3938 4041 4042
f 4043 4044 4045
f 4042 4044 4043
f 4041 4044 4042
f 4045 4046 4047
f 4044 4046 4045
f 4046 4048 4047
f 4047 4048 4049
f 4048 4050 4049
f 4049 4050 4051
f 4050 4052 4051
f 4051 4052 4053
f 4053 4054 4055
f 4052 4054 4053
f 4056 4057 4058
f 4058 4059 4060
f 4057 4059 4058
f 4061 4062 4056
f 4056 4062 4057
f 4059 4063 4060
f 4060 4063 4064
f 4065 4066 4061
f 4061 4066 4062
f 4064 4067 4068
f 4063 4067 4064
f 4017 4069 4065
f 4065 4069 4066
f 4067 4070 4068
f 4068 4070 4071
f 4005 4072 4017
f 4017 4072 4069
f 4070 4073 4071
f 4071 4073 4074
f 4005 4075 4072
f 4074 4076 4077
f 4073 4076 4074
f 4005 4078 4075
f 4077 4079 4080
f 4076 4079 4077
f 4005 4081 4078
f 4080 4082 4083
f 4079 4082 4080
f 4005 4084 4081
f 4082 4085 4083
f 4083 4085 4086
f 4005 4087 4084
f 4085 4088 4086
f 4086 4088 4089
f 4005 4090 4087
f 4089 4091 4092
f 4088 4091 4089
f 4005 4093 4090
f 4092 4094 4095
f 4091 4094 4092
f 4005 4096 4093
f 4094 4097 4095
f 4095 4097 4098
f 4005 4099 4096
f 4098 4100 4101
f 4097 4100 4098
f 4005 4102 4099
f 4101 4103 4104
f 4100 4103 4101
f 4005 4105 4102
f 4104 4106 4107
f 4103 4106 4104
f 4108 4109 4005
f 4005 4109 4105
f 4107 4110 4111
f 4106 4110 4107
f 4108 4112 4109
f 4111 4113 4114
f 4110 4113 4111
f 4108 4115 4112
f 4114 4116 4117
f 4113 4116 4114
f 4108 4118 4115
f 4117 4119 4120
f 4116 4119 4117
f 4108 4121 4118
f 4120 4122 4123
f 4119 4122 4120
f 4108 4124 4121
f 4123 4125 4126
f 4122 4125 4123
f 4108 4127 4124
f 4126 4128 4129
f 4125 4128 4126
f 4108 4130 4127
f 4129 4131 4132
f 4128 4131 4129
f 4108 4133 4130
f 4132 4134 4135
f 4131 4134 4132
f 4108 4136 4133
f 4135 4137 4138
f 4134 4137 4135
f 4108 4139 4136
f 4138 4140 4141
f 4137 4140 4138
f 4108 4142 4139
f 4140 4143 4141
f 4141 4143 4144
f 4108 4145 4142
f 4143 4146 4144
f 4144 4146 4147
f 4108 4148 4145
f 4146 4149 4147
f 4147 4149 4150
f 4108 4151 4148
f 4149 4152 4150
f 4150 4152 4153
f 4108 4154 4151
f 4152 4155 4153
f 4153 4155 4156
f 4157 4158 4108
f 4159 4158 4157
f 4160 4158 4159
f 4161 4158 4160
f 4162 4158 4161
f 4163 4158 4162
f 4108 4158 4154
f 4155 4164 4156
f 4156 4164 4165
f 4163 4166 4158
f 4167 4166 4163
f 4168 4166 4167
f 4169 4166 4168
f 4170 4166 4169
f 4171 4166 4170
f 4172 4166 4171
f 4173 4166 4172
f 4174 4166 4173
f 4164 4175 4165
f 4165 4175 4176
f 4175 4177 4176
f 4176 4177 4178
f 4174 4179 4166
f 4177 4180 4178
f 4178 4180 4181
f 4180 4182 4181
f 4181 4182 4183
f 4179 4184 4166
f 4182 4185 4183
f 4183 4185 4186
f 4185 4187 4186
f 4184 4188 4166
f 4188 4189 4166
f 4189 4190 4166
f 4166 4190 4191
f 4190 4192 4191
f 4192 4193 4191
f 4193 4194 4191
f 4194 4195 4191
f 4195 4196 4191
f 4196 4197 4191
f 4197 4198 4191
f 4198 4199 4191
f 4199 4200 4191
f 4200 4201 4191
f 4201 4202 4191
f 4191 4203 4204
f 4202 4203 4191
f 4205 4206 4207
f 4208 4206 4205
f 4209 4206 4208
f 4210 4206 4209
f 4211 4206 4210
f 4212 4206 4211
f 4213 4206 4212
f 4214 4206 4213
f 4215 4206 4214
f 4216 4206 4215
f 4217 4206 4216
f 4218 4206 4217
f 4219 4206 4218
f 4220 4206 4219
f 4204 4206 4220
f 4203 4206 4204
f 4221 4222 4223
f 4224 4222 4221
f 4223 4225 4221
f 4221 4225 4226
f 4224 4227 4222
f 4228 4227 4224
f 4225 4229 4226
f 4226 4229 4230
f 4228 4231 4227
f 4232 4231 4228
f 4229 4233 4230
f 4230 4233 4234
f 4232 4235 4231
f 4233 4236 4234
f 4232 4237 4235
f 4238 4237 4232
f 4234 4239 4240
f 4236 4239 4234
f 4238 4241 4237
f 4242 4241 4238
f 4239 4243 4240
f 4240 4243 4244
f 4242 4245 4241
f 4244 4246 4247
f 4243 4246 4244
f 4242 4248 4245
f 4249 4248 4242
f 4246 4250 4247
f 4249 4251 4248
f 4252 4251 4249
f 4247 4253 4254
f 4250 4253 4247
f 4255 4256 4252
f 4252 4256 4251
f 4254 4257 4258
f 4253 4257 4254
f 4255 4259 4256
f 4258 4260 4261
f 4257 4260 4258
f 4262 4263 4255
f 4255 4263 4259
f 4260 4264 4261
f 4262 4265 4263
f 4266 4265 4262
f 4261 4267 4268
f 4264 4267 4261
f 4269 4270 4266
f 4266 4270 4265
f 4268 4271 4272
f 4267 4271 4268
f 4269 4273 4270
f 4272 4274 4275
f 4271 4274 4272
f 4269 4276 4273
f 4277 4276 4269
f 4275 4278 4279
f 4274 4278 4275
f 4280 4281 4277
f 4277 4281 4276
f 4279 4282 4187
f 4278 4282 4279
f 4280 4283 4281
f 4187 4284 4186
f 4282 4284 4187
f 4285 4286 4280
f 4280 4286 4283
f 4284 4287 4186
f 4186 4287 4288
f 4289 4290 4285
f 4285 4290 4286
f 4288 4291 4292
f 4287 4291 4288
f 4293 4294 4289
f 4289 4294 4290
f 4292 4295 4296
f 4291 4295 4292
f 4293 4297 4294
f 4298 4297 4293
f 4295 4299 4296
f 4296 4299 4300
f 4298 4301 4297
f 4299 4302 4300
f 4300 4302 4303
f 4298 4304 4301
f 4305 4304 4298
f 4302 4306 4303
f 4303 4306 4307
f 4308 4309 4305
f 4305 4309 4304
f 4306 4310 4307
f 4307 4310 4311
f 4312 4313 4308
f 4308 4313 4309
f 4310 4314 4311
f 4312 4315 4313
f 4316 4315 4312
f 4314 4317 4311
f 4311 4317 4318
f 4316 4319 4315
f 4317 4320 4318
f 4318 4320 4321
f 4316 4322 4319
f 4323 4322 4316
f 4320 4324 4321
f 4321 4324 4054
f 4054 4324 4055
f 4323 4325 4322
f 4207 4325 4323
f 4206 4325 4207
f 4326 4327 4328
f 4055 4327 4326
f 4324 4327 4055
f 4206 4329 4325
f 4327 4330 4328
f 4206 4331 4329
f 4206 4332 4331
f 4206 4333 4332
f 4206 4334 4333
f 4206 4335 4334
f 4206 4336 4335
f 4206 4337 4336
f 4206 4338 4337
f 4206 4339 4338
f 4206 4340 4339
f 4206 4341 4340
f 4342 4343 4344
f 4345 4346 4342
f 4342 4346 4343
f 4344 4347 4348
f 4343 4347 4344
f 4345 4349 4346
f 4350 4349 4345
f 4348 4351 4352
f 4347 4351 4348
f 4350 4353 4349
f 4354 4353 4350
f 4352 4355 4356
f 4351 4355 4352
f 4354 4357 4353
f 4358 4357 4354
f 4356 4359 4360
f 4355 4359 4356
f 4358 4361 4357
f 4362 4361 4358
f 4360 4363 4364
f 4359 4363 4360
f 4365 4366 4362
f 4362 4366 4361
f 4364 4367 4368
f 4363 4367 4364
f 4369 4370 4365
f 4365 4370 4366
f 4368 4371 4372
f 4367 4371 4368
f 4373 4374 4369
f 4369 4374 4370
f 4372 4375 4376
f 4371 4375 4372
f 4373 4377 4374
f 4378 4377 4373
f 4375 4379 4376
f 4376 4379 4380
f 4378 4381 4377
f 4382 4381 4378
f 4379 4383 4380
f 4380 4383 4384
f 4385 4386 4382
f 4382 4386 4381
f 4383 4387 4384
f 4384 4387 4388
f 4385 4389 4386
f 4390 4389 4385
f 4387 4391 4388
f 4388 4391 4392
f 4390 4393 4389
f 4394 4393 4390
f 4391 4395 4392
f 4392 4395 4396
f 4394 4397 4393
f 4398 4397 4394
f 4395 4399 4396
f 4396 4399 4400
f 4401 4402 4398
f 4398 4402 4397
f 4399 4403 4400
f 4400 4403 4404
f 4401 4405 4402
f 4406 4405 4401
f 4403 4407 4404
f 4404 4407 4408
f 4409 4410 4406
f 4406 4410 4405
f 4407 4411 4408
f 4408 4411 4412
f 4409 4413 4410
f 4414 4413 4409
f 4411 4415 4412
f 4412 4415 4416
f 4414 4417 4413
f 4418 4417 4414
f 4415 4419 4416
f 4416 4419 4420
f 4418 4421 4417
f 4422 4421 4418
f 4419 4423 4420
f 4420 4423 4424
f 4422 4425 4421
f 4426 4425 4422
f 4423 4427 4424
f 4424 4427 4428
f 4426 4429 4425
f 4430 4429 4426
f 4428 4431 4432
f 4427 4431 4428
f 4430 4433 4429
f 4434 4433 4430
f 4431 4435 4432
f 4432 4435 4330
f 4434 4436 4433
f 4437 4436 4434
f 4328 4438 4439
f 4435 4438 4330
f 4330 4438 4328
f 4437 4440 4436
f 4441 4440 4437
f 4439 4442 4443
f 4438 4442 4439
f 4441 4444 4440
f 4445 4444 4441
f 4443 4446 4447
f 4442 4446 4443
f 4445 4448 4444
f 4449 4448 4445
f 4447 4450 4451
f 4446 4450 4447
f 4449 4452 4448
f 4453 4452 4449
f 4450 4454 4451
f 4341 4455 4453
f 4453 4455 4452
f 4341 4456 4455
f 4206 4456 4341
f 4457 4458 4459
f 4460 4458 3900
f 4459 4458 4461
f 4462 4458 4460
f 4461 4458 4463
f 4464 4458 4462
f 4463 4458 4465
f 4466 4458 4464
f 4465 4458 4467
f 4468 4458 4466
f 4467 4458 4469
f 4470 4458 4468
f 4469 4458 4471
f 4472 4458 4470
f 4471 4458 4473
f 4474 4458 4472
f 4473 4458 4475
f 4476 4458 4474
f 4475 4458 4477
f 4478 4458 4476
f 4477 4458 4479
f 4480 4458 4478
f 4479 4458 4481
f 4482 4458 4480
f 4481 4458 4483
f 4484 4458 4482
f 4483 4458 4485
f 4486 4458 4484
f 4485 4458 4487
f 4451 4458 4486
f 4487 4458 4488
f 4488 4458 4489
f 4489 4458 4490
f 4490 4458 4491
f 4491 4458 4492
f 4492 4458 4493
f 4493 4458 4494
f 4494 4458 4495
f 4495 4458 4454
f 4454 4458 4451
f 4456 4496 4497
f 4497 4496 4498
f 4498 4496 4499
f 4499 4496 4500
f 4500 4496 4501
f 4501 4496 4502
f 4502 4496 4503
f 4503 4496 4504
f 4504 4496 4505
f 4505 4496 4506
f 4506 4496 4507
f 4507 4496 4508
f 4508 4496 4509
f 4509 4496 4510
f 4510 4496 4511
f 4511 4496 4512
f 4512 4496 4513
f 4513 4496 4514
f 4514 4496 4515
f 4206 4496 4456
f 4515 4496 4516
f 4516 4496 4517
f 4517 4496 4518
f 4457 4519 4458
f 4496 4520 4518
f 4518 4520 4521
f 4522 4523 4457
f 4457 4523 4519
f 4520 4524 4521
f 4521 4524 4525
f 4526 4527 4522
f 4522 4527 4523
f 4524 4528 4525
f 4529 4530 4526
f 4526 4530 4527
f 4528 4531 4525
f 4525 4531 4532
f 4529 4533 4530
f 4531 4534 4532
f 4532 4534 4535
f 4534 4536 4535
f 4537 4538 4529
f 4529 4538 4533
f 4536 4539 4535
f 4535 4539 4540
f 4541 4542 4537
f 4537 4542 4538
f 4539 4543 4540
f 4540 4543 4544
f 4541 4545 4542
f 4544 4546 4547
f 4543 4546 4544
f 4548 4549 4541
f 4541 4549 4545
f 4550 4551 4548
f 4548 4551 4549
f 4546 4552 4547
f 4552 4553 4547
f 4547 4553 4554
f 4555 4556 4550
f 4550 4556 4551
f 4553 4557 4554
f 4554 4557 4558
f 4555 4559 4556
f 4557 4560 4558
f 4561 4562 4555
f 4555 4562 4559
f 4560 4563 4558
f 4558 4563 4564
f 4561 4565 4562
f 4566 4565 4561
f 4563 4567 4564
f 4564 4567 4568
f 4566 4569 4565
f 4567 4570 4568
f 4566 4570 4569
f 4568 4570 4566
f 4458 1499 3900
f 3900 1499 2687
f 54 2855 562
f 562 2855 1683
f 4571 4572 1040
f 1040 4572 1542
f 2589 4573 3294
f 4574 4573 2589
f 4575 1870 4576
f 1835 1870 4575
f 4576 1882 4577
f 1870 1882 4576
f 4577 1894 4578
f 1882 1894 4577
f 4578 1905 4579
f 1894 1905 4578
f 4579 1916 4580
f 1905 1916 4579
f 4580 1928 4581
f 1916 1928 4580
f 4581 1940 4582
f 1928 1940 4581
f 4583 1953 4584
f 4582 1953 4583
f 1940 1953 4582
f 1953 1964 4584
f 4584 1976 4585
f 1964 1976 4584
f 4585 1988 4586
f 1976 1988 4585
f 4586 1999 4587
f 1988 1999 4586
f 4587 2011 4588
f 1999 2011 4587
f 4588 2024 4589
f 2011 2024 4588
f 4589 2034 4590
f 2024 2034 4589
f 4590 2047 4591
f 2034 2047 4590
f 4592 2059 4593
f 4591 2059 4592
f 2047 2059 4591
f 2059 2070 4593
f 4593 2082 4594
f 2070 2082 4593
f 4595 2093 4596
f 4594 2093 4595
f 2082 2093 4594
f 2093 2105 4596
f 4596 2114 4597
f 2105 2114 4596
f 4597 2107 4598
f 2114 2107 4597
f 4598 2098 4599
f 2107 2098 4598
f 4600 2085 4601
f 4599 2085 4600
f 2098 2085 4599
f 4601 2073 4602
f 2085 2073 4601
f 2073 2061 4602
f 2061 2050 4602
f 4602 2050 4603
f 2050 2038 4603
f 4603 2038 4604
f 2038 2026 4604
f 4604 2026 4605
f 2026 2015 4605
f 4605 2015 4606
f 2015 2002 4606
f 4606 2002 4607
f 2002 1990 4607
f 4608 1990 4609
f 4607 1990 4608
f 1990 1979 4609
f 1979 1968 4609
f 4609 1968 4610
f 1968 1955 4610
f 4610 1955 4611
f 1955 1944 4611
f 4611 1944 4612
f 1944 1932 4612
f 4612 1932 4613
f 4613 1920 4614
f 1932 1920 4613
f 4614 1908 4615
f 1920 1908 4614
f 4615 1757 4616
f 1908 1757 4615
f 4616 1750 4617
f 1757 1750 4616
f 1750 1740 4617
f 4617 1740 4618
f 1740 1728 4618
f 4618 1728 4619
f 1728 1719 4619
f 4619 1719 4620
f 1719 1703 4620
f 4620 1703 4621
f 1703 1688 4621
f 4621 1688 4622
f 1688 1658 4622
f 4622 1658 4623
f 1658 1646 4623
f 4623 1646 4624
f 1646 1627 4624
f 4624 1627 4625
f 1627 1605 4625
f 4625 1605 4626
f 1605 1599 4626
f 4627 1599 4628
f 4626 1599 4627
f 1599 1597 4628
f 1597 1591 4628
f 4628 1591 4629
f 1591 1587 4629
f 4629 1587 4630
f 1587 1582 4630
f 4630 1582 4631
f 1582 1580 4631
f 4631 1580 4632
f 1580 1574 4632
f 4632 1574 4633
f 4633 1566 4634
f 1574 1566 4633
f 4634 1564 4635
f 1566 1564 4634
f 4635 1557 4636
f 1564 1557 4635
f 4636 1551 4637
f 1557 1551 4636
f 4637 1542 4572
f 1551 1542 4637
f 1835 4638 1831
f 4575 4638 1835
f 4639 4640 3439
f 3439 4640 2905
f 4638 4641 1831
f 1831 4641 1829
f 4641 4642 1829
f 1829 4642 1832
f 4642 4643 1832
f 1832 4643 1833
f 4643 4644 1833
f 1833 4644 1847
f 4644 4645 1847
f 1847 4645 1749
f 4645 4646 1749
f 1749 4646 1739
f 1739 4646 1733
f 4646 4647 1733
f 4647 4648 1733
f 1733 4648 1725
f 4648 4649 1725
f 1725 4649 1716
f 4649 4650 1716
f 1716 4650 1710
f 4650 4651 1710
f 1710 4651 1698
f 1698 4652 1693
f 4651 4652 1698
f 1693 4653 1678
f 4652 4653 1693
f 1678 4654 1663
f 4653 4654 1678
f 1663 4655 1655
f 4654 4655 1663
f 1655 4656 1651
f 4655 4656 1655
f 1651 4657 1643
f 4656 4657 1651
f 4657 4658 1643
f 1643 4658 1639
f 4658 4659 1639
f 1639 4659 1636
f 1636 4659 1632
f 4659 4660 1632
f 1632 4660 1624
f 4660 4661 1624
f 4661 4662 1624
f 1624 4662 1617
f 4662 4663 1617
f 1617 4663 1613
f 4663 4664 1613
f 1613 4664 1609
f 4664 4665 1609
f 1609 4665 1607
f 4665 4666 1607
f 1607 4666 1610
f 4666 4667 1610
f 1610 4667 1615
f 4667 4668 1615
f 1615 4668 1618
f 4668 4669 1618
f 1618 4669 1622
f 4669 4670 1622
f 1622 4670 1630
f 4670 4671 1630
f 1630 4671 1634
f 4671 4672 1634
f 1634 4672 1038
f 1038 4672 1033
f 4672 4673 1033
f 4673 4674 1033
f 1033 4674 1027
f 4674 4675 1027
f 1027 4675 1020
f 1020 4676 1015
f 4675 4676 1020
f 1015 4677 1008
f 4676 4677 1015
f 1008 4678 1002
f 4677 4678 1008
f 1002 4679 995
f 4678 4679 1002
f 995 4680 987
f 4679 4680 995
f 987 4681 966
f 966 4681 936
f 4680 4681 987
f 4681 4682 936
f 4682 4683 936
f 936 4683 932
f 4683 4684 932
f 932 4684 928
f 4684 4685 928
f 928 4685 923
f 923 4686 919
f 4685 4686 923
f 919 4687 914
f 4686 4687 919
f 914 4688 916
f 4687 4688 914
f 916 4689 920
f 4688 4689 916
f 920 4690 925
f 4689 4690 920
f 925 4691 929
f 4690 4691 925
f 929 4692 934
f 4691 4692 929
f 934 4693 939
f 4692 4693 934
f 939 4694 982
f 4693 4694 939
f 982 4695 990
f 4694 4695 982
f 990 4696 998
f 4695 4696 990
f 998 4697 1005
f 4696 4697 998
f 1005 4698 1010
f 4697 4698 1005
f 1010 4699 1017
f 4698 4699 1010
f 1017 4700 1023
f 4699 4700 1017
f 1023 4701 1029
f 4700 4701 1023
f 1029 4702 1035
f 1035 4702 1040
f 4701 4702 1029
f 4702 4571 1040
f 4703 4704 4705
f 4706 4704 4703
f 4706 4707 4708
f 4706 4708 4704
f 4709 4703 4705
f 4709 4705 4710
f 4711 4712 4707
f 4711 4707 4706
f 4713 4709 4710
f 4713 4710 4714
f 4713 4714 4715
f 4716 4712 4711
f 4716 4717 4718
f 4716 4718 4712
f 4719 4713 4715
f 4719 4715 4720
f 4721 4717 4716
f 4721 4722 4717
f 4723 4719 4720
f 4723 4720 4724
f 4723 4724 4725
f 4726 4722 4721
f 4726 4727 4722
f 4728 4723 4725
f 4728 4725 4729
f 4730 4727 4726
f 4730 4731 4732
f 4730 4732 4727
f 4733 4728 4729
f 4733 4729 4734
f 4735 4731 4730
f 4735 4736 4731
f 4737 4733 4734
f 4737 4734 4738
f 4737 4738 4739
f 4740 4736 4735
f 4740 4741 4742
f 4740 4742 4736
f 4743 4737 4739
f 4743 4739 4744
f 4745 4741 4740
f 4745 4746 4741
f 4747 4743 4744
f 4747 4744 4748
f 4747 4748 4749
f 4750 4746 4745
f 4750 4751 4746
f 4752 4747 4749
f 4752 4749 4753
f 4754 4751 4750
f 4754 4755 4756
f 4754 4756 4751
f 4757 4752 4753
f 4757 4753 4758
f 4759 4755 4754
f 4760 4757 4758
f 4761 4755 4759
f 4762 4760 4758
f 4763 4755 4761
f 4764 4762 4758
f 4765 4755 4763
f 4766 4764 4758
f 4767 4755 4765
f 4768 4766 4758
f 4769 4755 4767
f 4770 4768 4758
f 4771 4755 4769
f 4772 4770 4758
f 4773 4755 4771
f 4774 4772 4758
f 4775 4755 4773
f 4776 4774 4758
f 4777 4755 4775
f 4778 4776 4758
f 4779 4755 4777
f 4780 4778 4758
f 4781 4755 4779
f 4782 4780 4758
f 4783 4755 4781
f 4784 4782 4758
f 4785 4755 4783
f 4786 4784 4758
f 4787 4755 4785
f 4788 4786 4758
f 4789 4755 4787
f 4790 4788 4758
f 4791 4755 4789
f 4792 4790 4758
f 4793 4755 4791
f 4794 4792 4758
f 4795 4755 4793
f 4796 4794 4758
f 4797 4755 4795
f 4798 4796 4758
f 4799 4755 4797
f 4800 4798 4758
f 4801 4755 4799
f 4802 4800 4758
f 4803 4755 4801
f 4804 4755 4803
f 4805 4806 4807
f 4808 4809 4806
f 4808 4806 4805
f 4810 4807 4811
f 4810 4805 4807
f 4812 4813 4809
f 4812 4809 4808
f 4814 4811 4815
f 4814 4810 4811
f 4816 4817 4813
f 4816 4813 4812
f 4818 4815 4819
f 4818 4814 4815
f 4820 4817 4816
f 4820 4821 4817
f 4822 4819 4823
f 4822 4818 4819
f 4824 4821 4820
f 4824 4825 4821
f 4826 4823 4827
f 4826 4822 4823
f 4828 4829 4825
f 4828 4825 4824
f 4830 4827 4831
f 4830 4826 4827
f 4832 4829 4828
f 4832 4833 4829
f 4834 4831 4835
f 4834 4830 4831
f 4836 4837 4833
f 4836 4833 4832
f 4838 4835 4839
f 4838 4834 4835
f 4840 4841 4837
f 4840 4837 4836
f 4842 4838 4839
f 4842 4839 4843
f 4844 4841 4840
f 4844 4845 4841
f 4846 4843 4847
f 4846 4842 4843
f 4848 4849 4845
f 4848 4845 4844
f 4850 4847 4851
f 4850 4846 4847
f 4852 4853 4849
f 4852 4849 4848
f 4854 4850 4851
f 4854 4851 4855
f 4856 4857 4853
f 4856 4853 4852
f 4858 4855 4859
f 4858 4854 4855
f 4860 4861 4857
f 4860 4857 4856
f 4862 4859 4863
f 4862 4858 4859
f 4864 4865 4861
f 4864 4861 4860
f 4866 4863 4867
f 4866 4862 4863
f 4868 4869 4865
f 4868 4865 4864
f 4870 4867 4871
f 4870 4866 4867
f 4872 4873 4869
f 4872 4869 4868
f 4874 4870 4871
f 4874 4871 4875
f 4876 4877 4873
f 4876 4873 4872
f 4878 4874 4875
f 4878 4875 4879
f 4880 4881 4877
f 4880 4877 4876
f 4882 4878 4879
f 4882 4879 4883
f 4884 4885 4881
f 4884 4881 4880
f 4886 4883 4887
f 4886 4882 4883
f 4888 4889 4885
f 4888 4885 4884
f 4890 4886 4887
f 4890 4887 4802
f 4891 4892 4889
f 4891 4889 4888
f 4893 4894 4892
f 4893 4892 4891
f 4895 4894 4893
f 4895 4896 4894
f 4897 4898 4896
f 4897 4896 4895
f 4899 4900 4898
f 4899 4898 4897
f 4901 4902 4900
f 4901 4900 4899
f 4903 4904 4902
f 4903 4902 4901
f 4905 4906 4904
f 4905 4904 4903
f 4907 4908 4906
f 4907 4906 4905
f 4909 4910 4908
f 4909 4908 4907
f 4911 4910 4909
f 4911 4912 4910
f 4913 4914 4890
f 4913 4915 4914
f 4913 4916 4915
f 4913 4917 4916
f 4913 4918 4917
f 4913 4919 4918
f 4913 4920 4919
f 4913 4921 4920
f 4913 4922 4921
f 4913 4923 4922
f 4913 4924 4923
f 4913 4802 4758
f 4913 4925 4924
f 4913 4926 4925
f 4913 4927 4926
f 4913 4928 4927
f 4913 4929 4928
f 4913 4890 4802
f 4930 4913 4931
f 4932 4913 4930
f 4933 4932 4934
f 4935 4933 4936
f 4935 4932 4933
f 4937 4935 4938
f 4939 4937 4940
f 4939 4935 4937
f 4941 4935 4939
f 4942 4935 4941
f 4943 4944 4945
f 4946 4947 4944
f 4946 4944 4943
f 4948 4945 4949
f 4948 4943 4945
f 4950 4947 4946
f 4950 4951 4947
f 4952 4948 4949
f 4952 4949 4953
f 4954 4955 4951
f 4954 4951 4950
f 4956 4952 4953
f 4956 4953 4957
f 4958 4955 4954
f 4958 4959 4955
f 4960 4956 4957
f 4960 4957 4961
f 4962 4963 4959
f 4962 4959 4958
f 4964 4961 4965
f 4964 4960 4961
f 4966 4963 4962
f 4966 4967 4963
f 4968 4965 4969
f 4968 4964 4965
f 4970 4967 4966
f 4970 4971 4967
f 4972 4969 4973
f 4972 4968 4969
f 4974 4971 4970
f 4974 4975 4971
f 4976 4932 4935
f 4976 4935 4942
f 4977 4973 4978
f 4977 4972 4973
f 4979 4975 4974
f 4979 4980 4975
f 4981 4978 4982
f 4981 4977 4978
f 4983 4984 4980
f 4983 4980 4979
f 4985 4982 4986
f 4985 4981 4982
f 4987 4984 4983
f 4987 4988 4984
f 4989 4986 4990
f 4989 4985 4986
f 4991 4988 4987
f 4991 4992 4988
f 4993 4989 4990
f 4993 4990 4994
f 4995 4996 4992
f 4995 4992 4991
f 4997 4994 4929
f 4997 4993 4994
f 4998 4999 4996
f 4998 4996 4995
f 5000 4929 4913
f 5000 4997 4929
f 5001 5002 4999
f 5001 4999 4998
f 5003 5000 4913
f 5004 5005 5002
f 5004 5002 5001
f 5006 5003 4913
f 5007 5008 5005
f 5007 5005 5004
f 5009 5006 4913
f 5010 5011 5008
f 5010 5008 5007
f 5012 5009 4913
f 5013 5014 5011
f 5013 5011 5010
f 5015 5012 4913
f 5016 5014 5013
f 5016 5017 5014
f 5018 5015 4913
f 5019 5020 5017
f 5019 5017 5016
f 5021 5018 4913
f 5022 5023 5020
f 5022 5020 5019
f 5024 5021 4913
f 5025 5026 5023
f 5025 5023 5022
f 5027 5024 4913
f 5028 5026 5025
f 5028 5029 5026
f 5030 5031 5032
f 5033 5027 4913
f 5034 5033 4913
f 5035 5034 4913
f 5036 5035 4913
f 5037 5031 5030
f 5037 4976 5031
f 5037 4932 4976
f 5038 5036 4913
f 5039 5038 4913
f 5040 4913 4932
f 5040 5037 5041
f 5040 4932 5037
f 5042 4913 5040
f 5043 5042 5044
f 5043 4913 5042
f 5045 4913 5043
f 5046 4913 5045
f 5047 5046 5048
f 5049 5046 5047
f 5050 5051 5052
f 5053 5054 5051
f 5053 5051 5050
f 5055 5052 5056
f 5055 5050 5052
f 5057 5028 5054
f 5057 5054 5053
f 5057 5058 5029
f 5057 5029 5028
f 5059 5049 5060
f 5061 5055 5056
f 5061 5062 5063
f 5061 5056 5062
f 5064 5058 5057
f 5064 5065 5058
f 5066 5063 5067
f 5066 5061 5063
f 5068 5065 5064
f 5068 5069 5065
f 5070 5067 5071
f 5070 5066 5067
f 5072 5069 5068
f 5072 5073 5069
f 5074 5071 5075
f 5074 5070 5071
f 5074 5075 5076
f 5077 5078 5073
f 5077 5073 5072
f 5079 5074 5076
f 5079 5076 5080
f 5081 5078 5077
f 5081 5082 5078
f 5081 5083 5082
f 5084 5079 5080
f 5084 5080 5085
f 5086 5083 5081
f 5086 5087 5083
f 5088 5049 5059
f 5088 5046 5049
f 5089 5084 5085
f 5089 5090 5091
f 5089 5085 5090
f 5092 5087 5086
f 5092 5093 5087
f 5094 5089 5091
f 5094 5091 5095
f 5096 5093 5092
f 5096 5097 5093
f 5098 5094 5095
f 5098 5095 5099
f 5100 5097 5096
f 5100 5101 5097
f 5102 4913 5046
f 5102 5103 5039
f 5102 5104 5103
f 5102 5105 5104
f 5102 5106 5105
f 5102 5107 5106
f 5102 5108 5107
f 5102 5109 5108
f 5102 5110 5109
f 5102 5111 5110
f 5102 5112 5111
f 5102 5113 5112
f 5102 5039 4913
f 5102 5114 5113
f 5102 5115 5114
f 5102 5116 5115
f 5102 5117 5116
f 5102 5118 5117
f 5102 5119 5118
f 5102 5046 5088
f 5120 5098 5099
f 5120 5121 5122
f 5120 5099 5121
f 5123 5101 5100
f 5123 5124 5101
f 5125 5120 5122
f 5125 5122 5126
f 5127 5124 5123
f 5127 5128 5124
f 5129 5125 5126
f 5129 5130 5131
f 5129 5126 5130
f 5132 5128 5127
f 5132 5133 5128
f 5132 5134 5133
f 5135 5129 5131
f 5135 5131 5136
f 5137 5134 5132
f 5137 5138 5134
f 5139 5135 5136
f 5139 5140 5141
f 5139 5136 5140
f 5142 5138 5137
f 5142 5143 5138
f 5144 5139 5141
f 5144 5141 5145
f 5146 5143 5142
f 5147 5144 5145
f 5147 5145 5148
f 5149 5147 5148
f 5149 5150 5151
f 5149 5148 5150
f 5152 5151 5153
f 5152 5149 5151
f 5154 5155 5156
f 5154 5153 5155
f 5154 5152 5153
f 5157 5154 5156
f 5157 5156 5158
f 5159 5158 5160
f 5159 5157 5158
f 5161 5162 5163
f 5161 5160 5162
f 5161 5159 5160
f 5164 5161 5163
f 5164 5163 5165
f 5166 5164 5165
f 5166 5165 5167
f 5168 5166 5167
f 5168 5169 5170
f 5168 5167 5169
f 5171 5170 5172
f 5171 5168 5170
f 5173 5171 5172
f 5173 5172 5174
f 5175 5173 5174
f 5175 5176 5177
f 5175 5174 5176
f 5178 5175 5177
f 5178 5177 5179
f 5180 5178 5179
f 5180 5179 5181
f 5182 5180 5181
f 5182 5181 5183
f 5184 4912 4911
f 5185 4912 5184
f 5185 5186 4912
f 5187 5184 4911
f 5187 4911 5188
f 5189 5186 5185
f 5189 5190 5186
f 5191 5187 5188
f 5191 5143 5146
f 5191 5188 5143
f 5192 5190 5189
f 5192 5193 5190
f 5194 5191 5146
f 5194 5146 5195
f 5196 4755 4804
f 5196 5193 5192
f 5196 4804 5193
f 5197 5194 5195
f 5197 5195 5198
f 5199 4755 5196
f 5200 5197 5198
f 5200 5198 5201
f 5202 4755 5199
f 5203 5200 5201
f 5203 5201 5204
f 5205 4755 5202
f 5206 5203 5204
f 5206 5204 5207
f 5208 4755 5205
f 5209 5206 5207
f 5210 4755 5208
f 5211 5207 5212
f 5211 5209 5207
f 5213 4755 5210
f 5214 5212 5215
f 5214 5211 5212
f 5216 4755 5213
f 5217 5215 5218
f 5217 5214 5215
f 5219 4755 5216
f 5220 5218 5221
f 5220 5217 5218
f 5222 4755 5219
f 5223 5221 5224
f 5223 5220 5221
f 5225 4755 5222
f 5226 5223 5224
f 5226 5224 5227
f 5228 4755 5225
f 5229 5226 5227
f 5229 5227 5230
f 5231 4755 5228
f 5232 5229 5230
f 5233 4755 5231
f 5234 4755 5233
f 5235 4755 5234
f 5236 5237 5238
f 5239 5240 5237
f 5239 5237 5236
f 5241 5236 5238
f 5242 5243 5240
f 5242 5240 5239
f 5244 5238 5245
f 5244 5241 5238
f 5246 5243 5242
f 5247 5244 5245
f 5247 5245 5248
f 5249 5243 5246
f 5249 5250 5243
f 5251 5247 5248
f 5251 5248 5252
f 5253 5250 5249
f 5253 5254 5250
f 5255 5251 5252
f 5256 5254 5253
f 5256 5257 5254
f 5258 5252 5259
f 5258 5255 5252
f 5260 5261 5257
f 5260 5257 5256
f 5262 5258 5259
f 5262 5259 5263
f 5264 5261 5260
f 5264 5230 5261
f 5265 5262 5263
f 5265 5263 5266
f 5267 5230 5264
f 5267 5232 5230
f 5268 5265 5266
f 5269 5270 5232
f 5269 5232 5267
f 5271 5266 5272
f 5271 5268 5266
f 5273 5270 5269
f 5273 5274 5270
f 5275 5271 5272
f 5275 5272 5276
f 5277 5274 5273
f 5277 5278 5274
f 5279 5275 5276
f 5280 5278 5277
f 5280 5281 5278
f 5282 5276 5283
f 5282 5279 5276
f 5284 5281 5280
f 5284 5285 5281
f 5286 5283 5287
f 5286 5282 5283
f 5288 5285 5284
f 5288 5289 5285
f 5290 5286 5287
f 5291 5289 5288
f 5291 5292 5289
f 5293 5287 5294
f 5293 5290 5287
f 5295 5292 5291
f 5295 5296 5292
f 5297 5294 5298
f 5297 5293 5294
f 5299 5300 5296
f 5299 5296 5295
f 5301 5298 5302
f 5301 5297 5298
f 5303 5300 5299
f 5303 5304 5300
f 5305 5301 5302
f 5306 5304 5303
f 5306 5307 5304
f 5308 5305 5302
f 5308 5302 5309
f 5310 5307 5306
f 5310 5311 5307
f 5312 5308 5309
f 5312 5309 5313
f 5314 5315 5311
f 5314 5311 5310
f 5316 5312 5313
f 5317 5315 5314
f 5317 5318 5315
f 5319 5316 5313
f 5319 5313 5320
f 5321 5318 5317
f 5321 5322 5318
f 5323 5320 5324
f 5323 5319 5320
f 5325 5322 5321
f 5325 5326 5322
f 5327 5323 5324
f 5327 5324 5328
f 5329 5326 5325
f 5329 5330 5326
f 5331 5119 5102
f 5331 5182 5183
f 5331 5332 5119
f 5331 5333 5332
f 5331 5334 5333
f 5331 5335 5334
f 5331 5336 5335
f 5331 5337 5336
f 5331 5338 5337
f 5331 5339 5338
f 5331 5340 5339
f 5331 5183 5340
f 5331 5341 5182
f 5331 5342 5341
f 5331 5343 5342
f 5331 5344 5343
f 5331 5345 5344
f 5331 5346 5345
f 5331 5347 5346
f 5348 5327 5328
f 5349 5330 5329
f 5349 5350 5330
f 5351 5328 5352
f 5351 5348 5328
f 5353 5350 5349
f 5353 5354 5350
f 5355 5351 5352
f 5355 5352 5356
f 5357 5354 5353
f 5357 5358 5354
f 5359 5356 5360
f 5359 5355 5356
f 5361 5347 5331
f 5361 5362 5347
f 5361 5363 5362
f 5364 5365 5358
f 5364 5358 5357
f 5366 5359 5360
f 5367 5365 5364
f 5367 5368 5365
f 5369 5366 5360
f 5369 5360 5370
f 5371 5372 5368
f 5371 5368 5367
f 5373 5370 5374
f 5373 5369 5370
f 5375 5372 5371
f 5375 5376 5372
f 5377 5363 5361
f 5377 5378 5363
f 5379 5374 5380
f 5379 5373 5374
f 5381 5376 5375
f 5381 5382 5376
f 5383 5379 5380
f 5384 5382 5381
f 5384 5385 5382
f 5386 5380 5387
f 5386 5383 5380
f 5388 5385 5384
f 5388 5389 5385
f 5390 5386 5387
f 5390 5387 5391
f 5392 5378 5377
f 5392 5393 5378
f 5392 5394 5393
f 5395 5389 5388
f 5395 5396 5389
f 5397 5391 5398
f 5397 5390 5391
f 5399 5396 5395
f 5399 5400 5396
f 5401 5398 5402
f 5401 5397 5398
f 5403 5400 5399
f 5403 5404 5400
f 5405 5402 5406
f 5405 5401 5402
f 5407 5404 5403
f 5407 5408 5404
f 5409 5405 5406
f 5410 5411 5394
f 5410 5394 5392
f 5412 5408 5407
f 5412 5413 5408
f 5414 5413 5412
f 5414 5415 5413
f 5416 5417 5411
f 5416 5418 5417
f 5416 5411 5410
f 5419 5420 5418
f 5419 5421 5420
f 5419 5418 5416
f 5422 5423 5421
f 5422 5421 5419
f 5424 5425 5423
f 5424 5426 5425
f 5424 5423 5422
f 5427 5428 5426
f 5427 5426 5424
f 5429 5430 5428
f 5429 5431 5430
f 5429 5428 5427
f 5432 5433 5431
f 5432 5431 5429
f 5434 5435 5433
f 5434 5436 5435
f 5434 5433 5432
f 5437 5438 5436
f 5437 5436 5434
f 5439 5406 5438
f 5439 5409 5406
f 5439 5438 5437
f 5439 5440 5409
f 5441 5440 5439
f 5441 5442 5440
f 5443 5444 5442
f 5443 5445 5444
f 5443 5442 5441
f 5446 5447 5445
f 5446 5448 5447
f 5446 5445 5443
f 5449 5450 5451
f 5449 5451 5452
f 5453 5454 5450
f 5453 5450 5449
f 5455 5454 5453
f 5456 5455 5453
f 5456 5457 5458
f 5456 5458 5455
f 5459 5456 5453
f 5459 5453 5460
f 5459 5460 5461
f 5462 5448 5446
f 5462 5463 5448
f 5464 5459 5465
f 5466 5467 5456
f 5466 5456 5459
f 5468 5463 5462
f 5468 5469 5463
f 5468 5470 5469
f 5471 5472 5473
f 5471 5473 5466
f 5471 5466 5459
f 5474 5459 5464
f 5474 5471 5459
f 5475 5476 5477
f 5478 5470 5468
f 5478 5479 5470
f 5480 5476 5475
f 5481 5474 5464
f 5482 5476 5480
f 5483 5484 5481
f 5483 5464 5485
f 5483 5481 5464
f 5486 5485 5476
f 5486 5482 5487
f 5486 5483 5485
f 5486 5476 5482
f 5488 5486 5487
f 5489 5490 5491
f 5492 5493 5490
f 5492 5490 5489
f 5494 5491 5495
f 5494 5489 5491
f 5496 5497 5493
f 5496 5493 5492
f 5498 5495 5499
f 5498 5494 5495
f 5500 5501 5497
f 5500 5497 5496
f 5502 5499 5503
f 5502 5498 5499
f 5504 5501 5500
f 5504 5505 5501
f 5506 5503 5507
f 5506 5502 5503
f 5508 5414 5505
f 5508 5415 5414
f 5508 5505 5504
f 5509 5507 5510
f 5509 5506 5507
f 5511 5415 5508
f 5511 5512 5415
f 5513 5510 5514
f 5513 5509 5510
f 5515 5512 5511
f 5515 5516 5512
f 5517 5514 5518
f 5517 5513 5514
f 5519 5516 5515
f 5519 5520 5516
f 5521 5518 5522
f 5521 5517 5518
f 5523 5520 5519
f 5523 5524 5520
f 5525 5526 5527
f 5525 5522 5526
f 5525 5521 5522
f 5528 5524 5523
f 5528 5529 5524
f 5530 5525 5527
f 5530 5527 5531
f 5532 5529 5528
f 5532 5533 5529
f 5534 5530 5531
f 5534 5531 5535
f 5536 5533 5532
f 5536 5537 5533
f 5538 5534 5535
f 5538 5535 5539
f 5540 5537 5536
f 5540 5541 5537
f 5542 5538 5539
f 5542 5539 5543
f 5544 5541 5540
f 5544 5545 5541
f 5546 5542 5543
f 5546 5543 5547
f 5548 5549 5545
f 5548 5545 5544
f 5550 5546 5547
f 5550 5547 5551
f 5552 5553 5549
f 5552 5549 5548
f 5554 5550 5551
f 5554 5551 5555
f 5556 5557 5553
f 5556 5553 5552
f 5558 5554 5555
f 5558 5555 5559
f 5560 5561 5557
f 5560 5557 5556
f 5562 5558 5559
f 5562 5559 5563
f 5564 5565 5561
f 5564 5561 5560
f 5566 5562 5563
f 5566 5563 5567
f 5568 5569 5565
f 5568 5565 5564
f 5570 5566 5567
f 5570 5567 5571
f 5572 5573 5569
f 5572 5569 5568
f 5574 5570 5571
f 5574 5571 5575
f 5576 5577 5573
f 5576 5573 5572
f 5578 5574 5575
f 5578 5575 5579
f 5580 5581 5577
f 5580 5577 5576
f 5582 5578 5579
f 5582 5579 5583
f 5584 5585 5581
f 5584 5581 5580
f 5586 5582 5583
f 5586 5583 5587
f 5588 5589 5585
f 5588 5585 5584
f 5590 5586 5587
f 5590 5587 5591
f 5592 5593 5589
f 5592 5594 5593
f 5592 5589 5588
f 5595 5590 5591
f 5595 5591 5596
f 5597 5598 5594
f 5597 5594 5592
f 5599 5595 5596
f 5599 5596 5479
f 5600 5601 5598
f 5600 5598 5597
f 5602 5599 5479
f 5602 5479 5478
f 5603 5604 5601
f 5603 5601 5600
f 5605 5478 5606
f 5605 5602 5478
f 5607 5606 5608
f 5607 5605 5606
f 5609 5607 5608
f 5609 5608 5610
f 5611 5612 5613
f 5614 5613 5612
f 5615 5616 5612
f 5615 5612 5611
f 5617 5614 5612
f 5618 5616 5615
f 5619 5617 5612
f 5620 5616 5618
f 5620 5621 5616
f 5622 5619 5612
f 5623 5621 5620
f 5624 5622 5612
f 5625 5621 5623
f 5625 5626 5621
f 5627 5624 5612
f 5628 5626 5625
f 5629 5627 5612
f 5630 5626 5628
f 5630 5631 5626
f 5632 5629 5612
f 5633 5634 5631
f 5633 5631 5630
f 5635 5632 5612
f 5636 5634 5633
f 5637 5635 5612
f 5638 5639 5634
f 5638 5634 5636
f 5640 5637 5612
f 5641 5639 5638
f 5642 5640 5612
f 5643 5644 5639
f 5643 5639 5641
f 5645 5642 5612
f 5646 5647 5644
f 5646 5644 5643
f 4687 5648 5649
f 4688 4687 5649
f 4688 5649 5650
f 4686 5651 5648
f 4686 5648 4687
f 4689 5650 5652
f 4689 4688 5650
f 4685 5653 5651
f 4685 5651 4686
f 5654 5645 5612
f 4690 5652 5655
f 4690 4689 5652
f 4684 5656 5653
f 4684 5653 4685
f 4691 5655 5657
f 4691 4690 5655
f 4683 5658 5656
f 4683 5656 4684
f 5659 5647 5646
f 4692 5657 5660
f 4692 4691 5657
f 4682 5658 4683
f 4682 5661 5658
f 5662 5654 5612
f 4693 4692 5660
f 4693 5660 5663
f 4681 5664 5661
f 4681 5665 5664
f 4681 5661 4682
f 4694 4693 5663
f 4694 5663 5666
f 5667 5647 5659
f 5667 5610 5647
f 5667 5609 5610
f 4680 5668 5665
f 4680 5665 4681
f 4695 5666 5669
f 4695 4694 5666
f 5670 5612 5671
f 5670 5662 5612
f 4679 5668 4680
f 4679 5672 5668
f 4696 4695 5669
f 4696 5669 5673
f 4678 5674 5672
f 4678 5672 4679
f 5675 5670 5671
f 4697 5673 5604
f 4697 4696 5673
f 4677 5674 4678
f 4677 5676 5674
f 4698 4697 5604
f 4698 5603 5677
f 4698 5604 5603
f 5678 5675 5671
f 4676 5676 4677
f 4676 5679 5676
f 4699 5677 5680
f 4699 4698 5677
f 4675 5681 5679
f 4675 5679 4676
f 5682 5678 5671
f 4700 4699 5680
f 4700 5680 5683
f 4674 5684 5681
f 4674 5681 4675
f 4701 4700 5683
f 5685 5682 5671
f 4673 5686 5684
f 4673 5684 4674
f 4702 4701 5683
f 5687 5685 5671
f 4672 5688 5686
f 4672 5686 4673
f 4571 4702 5683
f 5689 5687 5671
f 5690 5689 5671
f 5691 5690 5671
f 5692 5691 5671
f 5693 5692 5671
f 5694 5693 5671
f 5695 5694 5671
f 5696 5695 5671
f 5697 5696 5671
f 5698 5697 5671
f 5699 5698 5671
f 5700 5486 5701
f 5702 5701 5486
f 5703 5486 5700
f 5704 5486 5488
f 5704 5702 5486
f 5705 5486 5703
f 5706 5699 5671
f 5706 5671 5707
f 5708 5704 5488
f 5709 5486 5705
f 5710 5708 5488
f 5711 5486 5709
f 5712 5710 5488
f 5713 5486 5711
f 5714 5712 5488
f 5715 5486 5713
f 5716 5714 5488
f 5717 5706 5707
f 5718 5486 5715
f 5719 5716 5488
f 5720 5486 5718
f 5721 5719 5488
f 5722 5486 5720
f 5723 5717 5707
f 5723 5707 5724
f 5725 5721 5488
f 5726 5486 5722
f 5727 5725 5488
f 5728 5486 5726
f 5729 5727 5488
f 5730 5723 5724
f 5731 5486 5728
f 5732 5729 5488
f 5733 5486 5731
f 5734 5730 5724
f 5734 5724 5735
f 5736 5732 5488
f 5737 5738 5486
f 5737 5486 5733
f 5739 5736 5488
f 5740 5738 5737
f 5741 5734 5735
f 5742 5739 5488
f 5743 5738 5740
f 5744 5735 5745
f 5744 5741 5735
f 5746 5742 5488
f 5747 5738 5743
f 5748 5745 5749
f 5748 5744 5745
f 5750 5738 5747
f 5751 5738 5750
f 5752 5748 5749
f 5753 5738 5751
f 5754 5752 5749
f 5754 5749 5755
f 5756 5738 5753
f 5757 5754 5755
f 5758 5738 5756
f 5759 5755 5760
f 5759 5757 5755
f 5761 5738 5758
f 5762 5759 5760
f 5762 5760 5763
f 5764 5738 5761
f 5765 5762 5763
f 5766 5763 5767
f 5766 5765 5763
f 5768 5488 5769
f 5770 5769 5488
f 5771 5488 5768
f 5772 5770 5488
f 5773 5488 5771
f 5774 5772 5488
f 5775 5488 5773
f 5776 5774 5488
f 5777 5488 5775
f 5778 5776 5488
f 5779 5488 5777
f 5779 5746 5488
f 5779 5780 5746
f 5781 5778 5488
f 5782 5780 5779
f 5782 5783 5780
f 5784 5781 5488
f 5785 5783 5782
f 5785 5786 5783
f 5787 5784 5488
f 5788 5789 5786
f 5788 5786 5785
f 5790 5787 5488
f 5791 5789 5788
f 5791 5792 5789
f 5793 5790 5488
f 5794 5792 5791
f 5794 5795 5792
f 5796 5795 5794
f 5796 5797 5795
f 5798 5797 5796
f 5798 5799 5797
f 5800 5801 5799
f 5800 5799 5798
f 5802 5803 5801
f 5802 5801 5800
f 5804 5803 5802
f 5804 5805 5803
f 5806 5805 5804
f 5806 5807 5805
f 5808 5809 5807
f 5808 5807 5806
f 5810 5809 5808
f 5810 5811 5809
f 5812 5811 5810
f 5812 5813 5811
f 5814 5813 5812
f 5814 5815 5813
f 5816 5815 5814
f 5816 5817 5815
f 5818 5817 5816
f 5818 5819 5817
f 5820 5819 5818
f 5820 5821 5819
f 5822 5821 5820
f 5822 5823 5821
f 5824 5823 5822
f 5824 5825 5823
f 5826 5825 5824
f 5826 5827 5825
f 5828 5827 5826
f 5828 5829 5827
f 5830 5831 5832
f 5833 5832 5831
f 5834 5488 5831
f 5834 5793 5488
f 5834 5831 5830
f 5835 5833 5831
f 5836 5793 5834
f 5836 5837 5793
f 5838 5835 5831
f 5839 5840 5837
f 5839 5837 5836
f 5841 5838 5831
f 5842 5840 5839
f 5842 5843 5840
f 5844 5841 5831
f 5845 5843 5842
f 5845 5846 5843
f 5847 5829 5828
f 5847 5848 5829
f 5849 5844 5831
f 5850 5851 5846
f 5850 5846 5845
f 5852 5849 5831
f 5853 5851 5850
f 5853 5854 5851
f 5855 5852 5831
f 5856 5857 5854
f 5856 5854 5853
f 5858 5848 5847
f 5858 5859 5848
f 5860 5855 5831
f 5861 5862 5857
f 5861 5857 5856
f 5863 5860 5831
f 5864 5865 5862
f 5864 5862 5861
f 5866 5859 5858
f 5866 5867 5859
f 5868 5863 5831
f 5869 5870 5865
f 5869 5865 5864
f 5871 5868 5831
f 5872 5873 5870
f 5872 5870 5869
f 5874 5875 5867
f 5874 5867 5866
f 5876 5871 5831
f 5877 5878 5873
f 5877 5873 5872
f 5879 5876 5831
f 5880 5881 5875
f 5880 5875 5874
f 5882 5883 5878
f 5882 5878 5877
f 5884 5879 5831
f 5885 5886 5883
f 5885 5883 5882
f 5887 5888 5881
f 5887 5881 5880
f 5889 5884 5831
f 5890 5891 5886
f 5890 5886 5885
f 5892 5893 5888
f 5892 5888 5887
f 5894 5889 5831
f 5895 5891 5890
f 5895 5896 5891
f 5897 5894 5831
f 5898 5893 5892
f 5898 5899 5893
f 5900 5896 5895
f 5900 5901 5896
f 5902 5897 5831
f 5903 5904 5905
f 5906 5738 5764
f 5906 5904 5903
f 5906 5764 5904
f 5907 5905 5908
f 5907 5903 5905
f 5909 5910 5899
f 5909 5899 5898
f 5911 5738 5906
f 5912 5901 5900
f 5912 5913 5901
f 5914 5915 5916
f 5914 5908 5915
f 5914 5907 5908
f 5917 5738 5911
f 5918 5916 5919
f 5918 5914 5916
f 5920 5902 5831
f 5920 5831 5921
f 5922 5738 5917
f 5923 5919 5924
f 5923 5918 5919
f 5925 5926 5913
f 5925 5913 5912
f 5927 5738 5922
f 5928 5929 5910
f 5928 5910 5909
f 5930 5923 5924
f 5930 5931 5932
f 5930 5924 5931
f 5933 5921 5934
f 5933 5920 5921
f 5935 5738 5927
f 5936 5932 5937
f 5936 5930 5932
f 5938 5939 5926
f 5938 5926 5925
f 5940 5941 5929
f 5940 5929 5928
f 5942 5738 5935
f 5943 5934 5944
f 5943 5944 5945
f 5943 5933 5934
f 5946 5937 5947
f 5946 5936 5937
f 5948 5949 5939
f 5948 5939 5938
f 5950 5738 5942
f 5950 5951 5738
f 5952 5953 5941
f 5952 5941 5940
f 5954 5955 5956
f 5954 5947 5955
f 5954 5946 5947
f 5957 5945 5958
f 5957 5943 5945
f 5959 5951 5950
f 5960 5961 5949
f 5960 5949 5948
f 5962 5963 5953
f 5962 5953 5952
f 5964 5956 5965
f 5964 5954 5956
f 5966 5958 5967
f 5966 5967 5968
f 5966 5957 5958
f 5969 5951 5959
f 5969 5970 5951
f 5971 5972 5961
f 5971 5961 5960
f 5973 5974 5963
f 5973 5963 5962
f 5975 5964 5965
f 5975 5965 5976
f 5977 5968 5978
f 5977 5966 5968
f 5979 5970 5969
f 5979 5980 5970
f 5981 5982 5974
f 5981 5974 5973
f 5983 5972 5971
f 5983 5984 5972
f 5985 5975 5976
f 5985 5986 5987
f 5985 5976 5986
f 5988 5977 5978
f 5988 5978 5989
f 5990 5980 5979
f 5991 5982 5981
f 5992 5984 5983
f 5992 5993 5984
f 5994 5985 5987
f 5994 5987 5995
f 5996 5989 5997
f 5996 5997 5998
f 5996 5988 5989
f 5999 5980 5990
f 5999 6000 5980
f 6001 6002 5993
f 6001 5993 5992
f 6003 5996 5998
f 6003 5998 6004
f 6005 6006 6007
f 6005 5995 6006
f 6005 5994 5995
f 6008 6002 6001
f 6008 6009 6002
f 6010 6000 5999
f 6010 6011 6000
f 6012 6003 6004
f 6012 6004 6013
f 6012 6013 6014
f 6015 6007 6016
f 6015 6005 6007
f 6017 6009 6008
f 6017 6018 6009
f 6019 6011 6010
f 6020 6014 6021
f 6020 6012 6014
f 6022 6018 6017
f 6022 6023 6018
f 6024 6016 6025
f 6024 6015 6016
f 6026 6020 6021
f 6027 6026 6021
f 6028 6011 6019
f 6028 6029 6011
f 6030 6023 6022
f 6030 6031 6023
f 6032 6033 6034
f 6032 6025 6033
f 6032 6024 6025
f 6035 6026 6027
f 6036 6037 6031
f 6036 6031 6030
f 6038 6029 6028
f 6039 6034 6040
f 6039 6032 6034
f 6041 6037 6036
f 6041 6042 6037
f 6043 6035 6027
f 6044 6029 6038
f 6044 6045 6029
f 6046 6047 6042
f 6046 6042 6041
f 6048 6049 6050
f 6048 6040 6049
f 6048 6039 6040
f 6051 6047 6046
f 6051 6052 6047
f 6053 6045 6044
f 6053 6054 6045
f 6055 6056 6035
f 6055 6035 6043
f 6057 6048 6050
f 6057 6050 6058
f 6059 6060 6052
f 6059 6052 6051
f 6061 6054 6053
f 6062 6063 6060
f 6062 6060 6059
f 6064 6065 6066
f 6064 6058 6065
f 6064 6057 6058
f 6067 6068 6056
f 6067 6056 6055
f 6069 6070 6063
f 6069 6063 6062
f 6071 6054 6061
f 6071 6072 6054
f 6073 6070 6069
f 6073 6074 6070
f 6075 6064 6066
f 6075 6066 6076
f 6077 6074 6073
f 6077 6078 6074
f 6079 6068 6067
f 6080 6072 6071
f 6080 6081 6072
f 6082 6078 6077
f 6082 6083 6078
f 6084 6075 6076
f 6084 6076 6085
f 6086 6087 6083
f 6086 6083 6082
f 6088 6081 6080
f 6089 6090 6068
f 6089 6068 6079
f 6091 6087 6086
f 6091 6092 6087
f 6093 6094 6095
f 6093 6085 6094
f 6093 6084 6085
f 6096 6092 6091
f 6096 6097 6092
f 6098 6081 6088
f 6098 6099 6081
f 6100 6097 6096
f 6100 6101 6097
f 6102 6103 6090
f 6102 6090 6089
f 6104 6095 6105
f 6104 6093 6095
f 6106 6101 6100
f 6106 6107 6101
f 6108 6109 6107
f 6108 6107 6106
f 6110 6099 6098
f 6110 6111 6099
f 6112 6109 6108
f 6112 6113 6109
f 6114 6105 6115
f 6114 6104 6105
f 6116 6103 6102
f 6116 6117 6103
f 6118 6113 6112
f 6118 6119 6113
f 6120 6111 6110
f 6121 6119 6118
f 6121 6122 6119
f 6123 6124 6122
f 6123 6122 6121
f 6125 6114 6115
f 6125 6126 6127
f 6125 6115 6126
f 6128 6129 6124
f 6128 6124 6123
f 6130 6117 6116
f 6131 6129 6128
f 6131 6132 6129
f 6133 6111 6120
f 6133 6134 6111
f 6135 6136 6132
f 6135 6132 6131
f 6137 6136 6135
f 6138 6127 6139
f 6138 6125 6127
f 6140 6117 6130
f 6140 6141 6117
f 6142 6143 6134
f 6142 6134 6133
f 6144 6138 6139
f 6144 6139 6145
f 6146 6141 6140
f 6146 6147 6141
f 6148 4571 5683
f 6149 5609 5667
f 6150 6143 6142
f 6151 6152 6153
f 6151 6145 6152
f 6151 6144 6145
f 6154 6147 6146
f 6155 6153 6156
f 6155 6151 6153
f 6157 6147 6154
f 6157 6158 6147
f 6159 6155 6156
f 6159 6156 6160
f 6161 6158 6157
f 6161 6162 6158
f 6163 6160 6164
f 6163 6159 6160
f 6165 6162 6161
f 6165 6166 6162
f 6167 6164 5982
f 6167 5982 5991
f 6167 6163 6164
f 6167 5991 6168
f 6169 6166 6165
f 6170 6167 6168
f 6170 6168 6171
f 6172 6166 6169
f 6172 6173 6174
f 6172 6174 6175
f 6172 6175 6176
f 6172 6176 6177
f 6172 6177 6178
f 6172 6178 6179
f 6172 6179 6180
f 6172 6180 6181
f 6172 6181 6182
f 6172 6182 6183
f 6172 6183 6184
f 6172 6184 6185
f 6172 6185 6186
f 6172 6186 6187
f 6172 6187 6188
f 6172 6188 6189
f 6172 6189 6190
f 6172 6190 6191
f 6172 6191 6192
f 6172 6192 6193
f 6172 6193 6194
f 6172 6194 6195
f 6172 6195 6196
f 6172 6196 6166
f 6197 6170 6171
f 6197 6171 6198
f 6199 6197 6198
f 6199 6198 6200
f 6201 6199 6200
f 6201 6200 6202
f 6203 6201 6202
f 6203 6204 6205
f 6203 6202 6204
f 6206 6203 6205
f 6206 6205 6207
f 6208 6207 6209
f 6208 6206 6207
f 6210 6208 6209
f 6210 6209 6211
f 6212 6210 6211
f 6212 6211 6213
f 6214 6212 6213
f 6214 6213 6215
f 4572 4571 6148
f 4572 6216 6217
f 4572 6218 6216
f 4572 6148 6218
f 6219 6220 6149
f 6219 6221 6220
f 6219 6222 6221
f 6219 6149 5667
f 6223 6224 6222
f 6223 6222 6219
f 4637 6217 6225
f 4637 4572 6217
f 6226 6214 6215
f 6226 6215 6227
f 6228 6229 6224
f 6228 6224 6223
f 4636 4637 6225
f 4636 6225 6230
f 6231 6226 6227
f 6231 6232 6233
f 6231 6227 6232
f 6234 6235 6229
f 6234 6229 6228
f 4635 6230 6236
f 4635 4636 6230
f 6237 6238 6235
f 6237 6235 6234
f 4634 6236 6239
f 4634 4635 6236
f 6240 6231 6233
f 6240 6233 6241
f 6242 6243 6238
f 6242 6238 6237
f 4633 6239 6244
f 4633 4634 6239
f 6245 6240 6241
f 6245 6241 6246
f 6247 6248 6243
f 6247 6243 6242
f 4632 6244 6249
f 4632 4633 6244
f 4631 6249 6250
f 4631 4632 6249
f 6251 6248 6247
f 6251 6252 6248
f 6253 6245 6246
f 4630 6250 6254
f 4630 4631 6250
f 6255 6256 6252
f 6255 6252 6251
f 4629 4630 6254
f 4629 6254 6257
f 6258 6259 6256
f 6258 6256 6255
f 4628 4629 6257
f 4628 6257 6260
f 6261 6259 6258
f 6261 6262 6259
f 4627 4628 6260
f 4627 6260 6263
f 6264 6265 6262
f 6264 6262 6261
f 6266 6267 6265
f 6266 6265 6264
f 4626 4627 6263
f 4626 6263 6268
f 6269 4665 4664
f 6270 4665 6269
f 6270 4666 4665
f 6271 6269 4664
f 6271 4664 4663
f 6272 4666 6270
f 6272 4667 4666
f 6273 6271 4663
f 6273 4663 4662
f 6274 4667 6272
f 6274 4668 4667
f 6275 6273 4662
f 6276 4668 6274
f 6276 4669 4668
f 6277 4662 4661
f 6277 6275 4662
f 6278 6279 6267
f 6278 6267 6266
f 4625 4626 6268
f 4625 6268 6280
f 6281 4669 6276
f 6281 4670 4669
f 6282 6277 4661
f 6282 4661 4660
f 6283 4670 6281
f 6283 4671 4670
f 6284 4660 4659
f 6284 6282 4660
f 6285 5688 4672
f 6285 4671 6283
f 6285 4672 4671
f 6286 4659 4658
f 6286 6284 4659
f 6287 6288 5688
f 6287 5688 6285
f 6289 4658 4657
f 6289 6286 4658
f 6290 6291 6279
f 6290 6279 6278
f 4624 4625 6280
f 4624 6280 6292
f 6293 6294 6288
f 6293 6288 6287
f 6295 4657 4656
f 6295 6289 4657
f 6296 6297 6294
f 6296 6294 6293
f 6298 4656 4655
f 6298 6295 4656
f 6299 6300 6297
f 6299 6297 6296
f 4623 6292 6301
f 4623 4624 6292
f 6302 6291 6290
f 6302 6303 6291
f 6304 6298 4655
f 6304 4655 4654
f 6305 6300 6299
f 6305 6306 6300
f 6307 6304 4654
f 6307 4654 4653
f 6308 5235 6306
f 6308 6306 6305
f 6309 6310 6303
f 6309 6303 6302
f 4622 6301 6311
f 4622 4623 6301
f 6312 6307 4653
f 6312 4653 4652
f 6313 6312 4652
f 6313 4652 4651
f 6314 6310 6309
f 6314 6315 6310
f 4621 4622 6311
f 4621 6311 6316
f 6317 6313 4651
f 6317 4651 4650
f 6318 6317 4650
f 6318 4650 4649
f 6319 6320 6315
f 6319 6315 6314
f 4620 6316 6321
f 4620 4621 6316
f 6322 4649 4648
f 6322 6318 4649
f 4619 4620 6321
f 4619 6321 6323
f 6324 6325 6320
f 6324 6320 6319
f 6326 6322 4648
f 6326 4648 4647
f 6327 4647 4646
f 6327 6326 4647
f 4618 4619 6323
f 4618 6323 6328
f 6329 6325 6324
f 6329 6330 6325
f 6331 6327 4646
f 6331 4646 4645
f 4617 4618 6328
f 4617 6328 6332
f 6333 6330 6329
f 6333 6334 6330
f 4616 6332 6335
f 4616 4617 6332
f 6336 6334 6333
f 6336 6337 6334
f 6338 6339 6340
f 6341 6339 6338
f 6341 6342 6339
f 6343 6338 6340
f 6344 6342 6341
f 6344 6345 6342
f 6346 6343 6340
f 6346 6340 6347
f 6348 6345 6344
f 6349 6346 6347
f 6349 6347 6350
f 6351 6345 6348
f 6351 6352 6345
f 6353 6349 6350
f 6353 6350 6354
f 6355 6352 6351
f 6355 6356 6352
f 6357 6353 6354
f 6358 6356 6355
f 6358 6359 6356
f 6360 6354 6361
f 6360 6357 6354
f 6362 6359 6358
f 6362 6363 6359
f 6364 6360 6361
f 6364 6361 6365
f 6366 6363 6362
f 6366 6150 6363
f 6367 6364 6365
f 6367 6365 6368
f 6369 6143 6150
f 6369 6150 6366
f 6370 6367 6368
f 6371 6143 6369
f 6371 6372 6143
f 6373 6370 6368
f 6373 6368 6374
f 6375 6372 6371
f 6375 6376 6372
f 6377 6374 6378
f 6377 6373 6374
f 6379 6376 6375
f 6380 6377 6378
f 6381 6382 6376
f 6381 6376 6379
f 6383 6380 6378
f 6383 6378 6384
f 6385 6382 6381
f 6386 6383 6384
f 6386 6384 6387
f 6388 6389 6382
f 6388 6382 6385
f 6390 6386 6387
f 6391 6389 6388
f 6391 6392 6389
f 6393 6387 6394
f 6393 6390 6387
f 6395 6392 6391
f 6396 6394 6397
f 6396 6393 6394
f 6398 6392 6395
f 6398 6399 6392
f 6400 6396 6397
f 6400 6397 6401
f 6402 6399 6398
f 6403 6400 6401
f 6404 6403 6401
f 6404 6401 6405
f 6406 6404 6405
f 6406 6405 6407
f 6408 6406 6407
f 6409 6408 6407
f 6409 6407 6410
f 6411 6410 6412
f 6411 6409 6410
f 6413 6411 6412
f 6413 6412 6414
f 6415 6413 6414
f 6416 6414 6417
f 6416 6415 6414
f 6418 6417 6419
f 6418 6416 6417
f 6420 6419 6421
f 6420 6418 6419
f 6422 6420 6421
f 6423 6422 6421
f 6423 6421 6424
f 6425 6424 6426
f 6425 6423 6424
f 6427 6426 6428
f 6427 6425 6426
f 6429 6427 6428
f 6430 6428 6431
f 6430 6429 6428
f 6432 6431 6433
f 6432 6430 6431
f 6434 6432 6433
f 6434 6433 6435
f 6436 6435 6437
f 6436 6434 6435
f 6438 6437 6439
f 6438 6436 6437
f 6440 6438 6439
f 6441 5766 5767
f 6441 5767 6442
f 6443 6444 5766
f 6443 5766 6441
f 6445 4641 4638
f 6445 4642 4641
f 6445 4643 4642
f 6446 4638 4575
f 6446 6445 4638
f 6447 6448 6449
f 6450 6451 6448
f 6450 6448 6447
f 6452 6444 6443
f 6453 6441 6442
f 6453 6442 6454
f 6455 4643 6445
f 6455 4644 4643
f 6456 6446 4575
f 6457 6449 6458
f 6457 6447 6449
f 6459 6460 6451
f 6459 6451 6450
f 6461 4645 4644
f 6461 4644 6455
f 6462 6444 6452
f 6463 6453 6454
f 6463 6454 6399
f 6464 6456 4575
f 6465 6458 6466
f 6465 6457 6458
f 6467 6460 6459
f 6467 6468 6460
f 6469 6470 6331
f 6469 6331 4645
f 6469 4645 6461
f 6471 6472 6444
f 6471 6444 6462
f 6473 6463 6399
f 6473 6399 6402
f 6474 6464 4575
f 6474 4575 4576
f 6475 6466 6476
f 6475 6465 6466
f 6477 6478 6468
f 6477 6468 6467
f 6479 6472 6471
f 6479 6480 6472
f 6481 6482 6470
f 6481 6470 6469
f 6483 6473 6402
f 6483 6402 6484
f 6485 6474 4576
f 6485 4576 4577
f 6486 6476 6487
f 6486 6475 6476
f 6488 6478 6477
f 6488 6489 6478
f 6490 6480 6479
f 6490 6491 6480
f 6492 6483 6484
f 6492 6484 6493
f 6494 6482 6481
f 6494 6495 6482
f 6496 6485 4577
f 6496 4577 4578
f 6497 6487 6498
f 6497 6486 6487
f 6499 6489 6488
f 6499 6335 6489
f 6500 6491 6490
f 6500 6501 6491
f 6502 6503 6495
f 6502 6504 6503
f 6502 6495 6494
f 6505 6492 6493
f 6505 6493 6506
f 6507 6496 4578
f 6507 4578 4579
f 6508 6497 6498
f 6508 6498 6337
f 6508 6337 6336
f 6509 4615 4616
f 6509 4616 6335
f 6509 6335 6499
f 6510 6501 6500
f 6510 6511 6501
f 6512 6504 6502
f 6512 6513 6504
f 6514 6505 6506
f 6514 6506 6515
f 6516 6507 4579
f 6516 4579 4580
f 6517 6336 6518
f 6517 6508 6336
f 6519 4615 6509
f 6519 4614 4615
f 6520 6521 6511
f 6520 6511 6510
f 6522 6513 6512
f 6522 6523 6513
f 6524 6514 6515
f 6524 6515 6525
f 6526 6516 4580
f 6526 4580 4581
f 6527 6518 6528
f 6527 6517 6518
f 6529 4614 6519
f 6529 4613 4614
f 6530 6521 6520
f 6530 6531 6521
f 6532 6523 6522
f 6532 6533 6523
f 6534 6524 6525
f 6534 6525 6535
f 6536 4581 4582
f 6536 6526 4581
f 6537 6538 6539
f 6537 6528 6538
f 6537 6527 6528
f 6540 4612 4613
f 6540 4613 6529
f 6541 6531 6530
f 6541 6542 6531
f 6543 6535 6544
f 6543 6534 6535
f 6545 6546 6533
f 6545 6533 6532
f 6547 6536 4582
f 6547 4582 4583
f 6548 6537 6539
f 6549 4611 4612
f 6549 4612 6540
f 6550 6542 6541
f 6550 6551 6542
f 6552 6553 6546
f 6552 6546 6545
f 6554 6543 6544
f 6554 6544 6555
f 6556 6547 4583
f 6556 4583 4584
f 6557 6558 6559
f 6557 6539 6558
f 6557 6548 6539
f 6560 4610 4611
f 6560 4611 6549
f 6561 6562 6551
f 6561 6551 6550
f 6563 6554 6555
f 6563 6555 6564
f 6565 6553 6552
f 6565 6566 6553
f 6567 6556 4584
f 6567 4584 4585
f 6568 6559 6569
f 6568 6557 6559
f 6570 4610 6560
f 6570 4609 4610
f 6571 6562 6561
f 6571 6572 6562
f 6573 6566 6565
f 6573 6574 6566
f 6575 6563 6564
f 6575 6564 6576
f 6577 6567 4585
f 6577 4585 4586
f 6578 6568 6569
f 6579 4609 6570
f 6579 4608 4609
f 6580 6572 6571
f 6580 6581 6572
f 6582 6574 6573
f 6582 6583 6574
f 6584 6575 6576
f 6584 6576 6585
f 6586 6577 4586
f 6586 4586 4587
f 6587 6569 6588
f 6587 6578 6569
f 6589 4608 6579
f 6589 4607 4608
f 6590 6581 6580
f 6590 6591 6581
f 6592 6583 6582
f 6592 6593 6583
f 6594 6584 6585
f 6594 6585 6595
f 6596 6586 4587
f 6596 4587 4588
f 6597 6598 6599
f 6597 6588 6598
f 6597 6587 6588
f 6600 4607 6589
f 6600 4606 4607
f 6601 6591 6590
f 6601 6602 6591
f 6603 6593 6592
f 6603 6604 6593
f 6605 6594 6595
f 6605 6595 6606
f 6607 4588 4589
f 6607 6596 4588
f 6608 6597 6599
f 6609 4606 6600
f 6609 4605 4606
f 6610 6602 6601
f 6610 6611 6602
f 6612 6604 6603
f 6612 6613 6604
f 6614 6606 6615
f 6614 6605 6606
f 6616 4589 4590
f 6616 6607 4589
f 6617 6618 6619
f 6617 6599 6618
f 6617 6608 6599
f 6620 4604 4605
f 6620 4605 6609
f 6621 6611 6610
f 6621 6622 6611
f 6623 6624 6613
f 6623 6613 6612
f 6625 6614 6615
f 6625 6615 6626
f 6627 6616 4590
f 6627 4590 4591
f 6628 6619 6629
f 6628 6617 6619
f 6630 4603 4604
f 6630 4604 6620
f 6631 6622 6621
f 6631 6632 6622
f 6633 6626 6634
f 6633 6625 6626
f 6635 6636 6624
f 6635 6624 6623
f 6637 4591 4592
f 6637 6627 4591
f 6638 6628 6629
f 6639 4603 6630
f 6639 4602 4603
f 6640 6632 6631
f 6640 6641 6632
f 6642 6633 6634
f 6642 6634 6643
f 6644 6645 6636
f 6644 6636 6635
f 6646 6637 4592
f 6646 4592 4593
f 6647 6629 6648
f 6647 6638 6629
f 6649 4602 6639
f 6649 4601 4602
f 6650 6641 6640
f 6650 6651 6641
f 6652 6645 6644
f 6652 6653 6645
f 6654 6642 6643
f 6654 6643 6655
f 6656 6646 4593
f 6656 4593 4594
f 6657 6647 6648
f 6657 6648 6658
f 6659 4601 6649
f 6659 4600 4601
f 6660 6661 6651
f 6660 6651 6650
f 6662 6653 6652
f 6662 6663 6653
f 6664 6654 6655
f 6664 6665 6666
f 6664 6655 6665
f 6667 6656 4594
f 6667 4594 4595
f 6668 6669 6670
f 6668 6658 6669
f 6668 6657 6658
f 6671 4599 4600
f 6671 4600 6659
f 6672 6673 6661
f 6672 6661 6660
f 6674 6663 6662
f 6674 6675 6663
f 6676 6664 6666
f 6676 6666 6677
f 6678 6667 4595
f 6678 4595 4596
f 6679 6668 6670
f 6680 4598 4599
f 6680 4599 6671
f 6681 6682 6673
f 6681 6673 6672
f 6683 6676 6677
f 6683 6677 6684
f 6685 6686 6675
f 6685 6675 6674
f 6687 4596 4597
f 6687 6678 4596
f 6688 6670 6689
f 6688 6679 6670
f 6690 4598 6680
f 6690 4597 4598
f 6691 6682 6681
f 6692 6684 6693
f 6692 6683 6684
f 6694 6686 6685
f 6694 6695 6686
f 6696 4597 6690
f 6696 6687 4597
f 6697 6689 6682
f 6697 6682 6691
f 6697 6688 6689
f 6698 6696 6690
f 6699 6697 6691
f 6700 6693 6701
f 6700 6692 6693
f 6702 6695 6694
f 6702 6703 6695
f 6704 6696 6698
f 6705 6697 6699
f 6706 6704 6698
f 6707 6705 6699
f 6708 6703 6702
f 6709 6701 6710
f 6709 6700 6701
f 6711 6704 6706
f 6712 6705 6707
f 6713 6711 6706
f 6714 6712 6707
f 6715 6709 6710
f 6715 6710 6716
f 6717 6711 6713
f 6718 6712 6714
f 6719 6717 6713
f 6720 6718 6714
f 6721 6715 6716
f 6721 6716 6722
f 6723 6717 6719
f 6724 6718 6720
f 6725 6723 6719
f 6726 6724 6720
f 6727 6721 6722
f 6727 6722 6728
f 6729 6723 6725
f 6730 6724 6726
f 6731 6729 6725
f 6732 6730 6726
f 6733 6727 6728
f 6733 6728 6734
f 6735 6729 6731
f 6736 6730 6732
f 6737 6735 6731
f 6738 6736 6732
f 6739 6733 6734
f 6739 6734 6740
f 6741 6735 6737
f 6742 6736 6738
f 6743 6741 6737
f 6744 6742 6738
f 6745 6740 6746
f 6745 6739 6740
f 6747 6741 6743
f 6748 6742 6744
f 6749 6747 6743
f 6750 6748 6744
f 6751 6746 6752
f 6751 6745 6746
f 6753 6747 6749
f 6754 6748 6750
f 6755 6753 6749
f 6756 6754 6750
f 6757 6752 6758
f 6757 6751 6752
f 6759 6753 6755
f 6760 6754 6756
f 6761 6759 6755
f 6762 6760 6756
f 6763 6758 6764
f 6763 6757 6758
f 6765 6759 6761
f 6766 6760 6762
f 6767 6765 6761
f 6768 6766 6762
f 6769 6765 6767
f 6770 6766 6768
f 6771 6769 6767
f 6772 6770 6768
f 6773 6769 6771
f 6774 6770 6772
f 6775 6776 6777
f 6778 6776 6775
f 6778 6779 6776
f 6780 6775 6777
f 6780 6777 6781
f 6782 6779 6778
f 6782 6783 6779
f 6784 6780 6781
f 6784 6781 6785
f 6786 6783 6782
f 6786 6787 6783
f 6788 6784 6785
f 6788 6785 6789
f 6790 6791 6787
f 6790 6787 6786
f 6792 6788 6789
f 6792 6789 6793
f 6794 6795 6791
f 6794 6791 6790
f 6796 6792 6793
f 6796 6793 6797
f 6798 6799 6795
f 6798 6795 6794
f 6800 6796 6797
f 6800 6797 6801
f 6802 6803 6799
f 6802 6799 6798
f 6804 6800 6801
f 6804 6801 6805
f 6806 6807 6803
f 6806 6803 6802
f 6808 6804 6805
f 6808 6805 6809
f 6810 6811 6807
f 6810 6807 6806
f 6812 6808 6809
f 6812 6809 6813
f 6814 6815 6811
f 6814 6811 6810
f 6816 6812 6813
f 6816 6703 6708
f 6816 6813 6703
f 6817 6818 6815
f 6817 6815 6814
f 6819 6708 6820
f 6819 6816 6708
f 6821 6822 6818
f 6821 6818 6817
f 6823 6820 6824
f 6823 6819 6820
f 6825 6826 6822
f 6825 6822 6821
f 6827 6824 6828
f 6827 6823 6824
f 6829 6830 6826
f 6829 6826 6825
f 6831 6828 6832
f 6831 6827 6828
f 6833 6834 6830
f 6833 6830 6829
f 6835 6832 6836
f 6835 6831 6832
f 6837 6838 6834
f 6837 6834 6833
f 6839 6836 6840
f 6839 6835 6836
f 6841 6842 6838
f 6841 6838 6837
f 6843 6840 6844
f 6843 6839 6840
f 6845 6846 6842
f 6845 6842 6841
f 6847 6844 6848
f 6847 6843 6844
f 6849 6850 6846
f 6849 6846 6845
f 6851 6848 6852
f 6851 6847 6848
f 6853 6854 6850
f 6853 6850 6849
f 6855 6852 6856
f 6855 6851 6852
f 6857 6858 6854
f 6857 6854 6853
f 6859 6856 6860
f 6859 6855 6856
f 6861 6862 6858
f 6861 6858 6857
f 6863 6860 6864
f 6863 6859 6860
f 6865 6862 6861
f 6866 6864 6867
f 6866 6863 6864
f 6868 6867 6869
f 6868 6866 6867
f 6870 6868 6869
f 6871 6870 6869
f 6871 6869 6872
f 6873 6872 6874
f 6873 6871 6872
f 6875 6873 6874
f 6875 6874 6876
f 6877 6876 6878
f 6877 6875 6876
f 6879 6878 6880
f 6879 6877 6878
f 6881 6880 6882
f 6881 6879 6880
f 6883 6881 6882
f 6883 6882 6884
f 6885 6884 6886
f 6885 6883 6884
f 6887 6888 6889
f 6890 6888 6887
f 6890 6891 6888
f 6892 6889 6893
f 6892 6887 6889
f 6894 6891 6890
f 6894 6895 6891
f 6896 6893 6897
f 6896 6892 6893
f 6898 6895 6894
f 6898 6899 6895
f 6900 6896 6897
f 6900 6897 6901
f 6902 6899 6898
f 6902 6903 6899
f 6904 6901 6905
f 6904 6900 6901
f 6906 6903 6902
f 6906 6907 6903
f 6908 6905 6909
f 6908 6904 6905
f 6910 6911 6907
f 6910 6907 6906
f 6912 6909 6913
f 6912 6908 6909
f 6914 6886 6915
f 6914 6885 6886
f 6916 6917 6911
f 6916 6911 6910
f 6918 6912 6913
f 6918 6913 6919
f 6920 6921 6917
f 6920 6917 6916
f 6922 6919 6923
f 6922 6918 6919
f 6924 6925 6921
f 6924 6921 6920
f 6926 6915 6927
f 6926 6914 6915
f 6928 6922 6923
f 6928 6923 6929
f 6930 6931 6925
f 6930 6925 6924
f 6932 6929 6933
f 6932 6928 6929
f 6934 6931 6930
f 6934 6935 6931
f 6936 6927 6937
f 6936 6926 6927
f 6938 6932 6933
f 6938 6933 6939
f 6940 6935 6934
f 6940 6941 6935
f 6942 6938 6939
f 6942 6939 6943
f 6944 6937 6945
f 6944 6936 6937
f 6946 6941 6940
f 6946 6947 6941
f 6948 6943 6949
f 6948 6942 6943
f 6950 6947 6946
f 6950 6951 6947
f 6952 6949 6953
f 6952 6948 6949
f 6954 6945 6955
f 6954 6944 6945
f 6956 6951 6950
f 6956 6957 6951
f 6958 6953 6440
f 6958 6952 6953
f 6958 6440 6439
f 6959 6955 6960
f 6959 6954 6955
f 6961 6957 6956
f 6961 6962 6957
f 6963 6439 6964
f 6963 6958 6439
f 6965 6962 6961
f 6965 6764 6962
f 6966 6959 6960
f 6966 6960 6967
f 6968 6964 6969
f 6968 6963 6964
f 6970 6971 6763
f 6970 6763 6764
f 6970 6764 6965
f 6972 6967 6973
f 6972 6966 6967
f 6974 6968 6969
f 6974 6969 6975
f 6976 6977 6971
f 6976 6971 6970
f 6978 6973 6979
f 6978 6972 6973
f 6980 6974 6975
f 6980 6975 6981
f 6982 6983 6977
f 6982 6977 6976
f 6984 6979 6985
f 6984 6978 6979
f 6986 6980 6981
f 6986 6981 6987
f 6988 6983 6982
f 6988 6989 6983
f 6990 6985 6991
f 6990 6984 6985
f 6992 6987 6993
f 6992 6986 6987
f 6994 6995 6989
f 6994 6989 6988
f 6996 6993 6997
f 6996 6992 6993
f 6998 6999 6995
f 6998 6995 6994
f 7000 6996 6997
f 7001 7002 6999
f 7001 6999 6998
f 7003 6997 7004
f 7003 7000 6997
f 7005 7006 7007
f 7008 7009 7010
f 7011 7012 7009
f 7011 7009 7008
f 7013 7007 7014
f 7013 7005 7007
f 7015 7016 7006
f 7015 7006 7005
f 7017 7008 7010
f 7017 7010 7018
f 7019 7020 7012
f 7019 7012 7011
f 7021 7013 7014
f 7021 7014 7022
f 7023 7024 7016
f 7023 7016 7015
f 7025 7018 7026
f 7025 7017 7018
f 7027 7028 7002
f 7027 7002 7001
f 7029 7021 7022
f 7029 7022 7030
f 7031 7032 7020
f 7031 7020 7019
f 7033 7024 7023
f 7033 7034 7024
f 7035 7026 7036
f 7035 7025 7026
f 7037 7030 7038
f 7037 7029 7030
f 7039 7040 7032
f 7039 7032 7031
f 7041 7034 7033
f 7041 7042 7034
f 7043 7036 7044
f 7043 7035 7036
f 7045 7003 7004
f 7045 7004 7046
f 7047 7038 7048
f 7047 7037 7038
f 7049 7050 7040
f 7049 7040 7039
f 7051 7042 7041
f 7051 7052 7042
f 7053 7044 7054
f 7053 7043 7044
f 7055 7056 7050
f 7055 7050 7049
f 7057 7048 7058
f 7057 7047 7048
f 7059 7060 7028
f 7059 7028 7027
f 7061 6774 6772
f 7061 7052 7051
f 7061 6772 7052
f 7062 7053 7054
f 7062 6773 6771
f 7062 7054 6773
f 7063 7058 7064
f 7063 7057 7058
f 7065 7066 7056
f 7065 7056 7055
f 7067 6771 7068
f 7067 7062 6771
f 7069 7070 6774
f 7069 6774 7061
f 7071 7045 7046
f 7071 7046 7072
f 7073 7064 7074
f 7073 7063 7064
f 7075 7076 7066
f 7075 7066 7065
f 7077 7070 7069
f 7077 7078 7070
f 7079 7068 7080
f 7079 7067 7068
f 7081 7082 7060
f 7081 7060 7059
f 7083 7073 7074
f 7083 7074 7084
f 7085 7086 7076
f 7085 7076 7075
f 7087 7078 7077
f 7087 7088 7078
f 7089 7080 7090
f 7089 7079 7080
f 7091 7071 7072
f 7091 7072 7092
f 7093 7084 7094
f 7093 7083 7084
f 7095 7086 7085
f 7095 7096 7086
f 7097 7088 7087
f 7097 7098 7088
f 7099 7089 7090
f 7099 7090 7100
f 7101 7102 7082
f 7101 7082 7081
f 7103 7094 7104
f 7103 7093 7094
f 7105 7106 7096
f 7105 7096 7095
f 7107 7092 6253
f 7107 7091 7092
f 7108 7098 7097
f 7108 7109 7098
f 7110 7100 7111
f 7110 7099 7100
f 7112 7113 7106
f 7112 7106 7105
f 7114 7104 7115
f 7114 7103 7104
f 7116 7117 7102
f 7116 7102 7101
f 7118 7109 7108
f 7118 7119 7109
f 7120 7110 7111
f 7120 7111 7121
f 7122 7115 7123
f 7122 7114 7115
f 7124 7125 7113
f 7124 7113 7112
f 7126 7107 6253
f 7126 6253 6246
f 7127 7119 7118
f 7127 7128 7119
f 7129 7121 7130
f 7129 7130 7131
f 7129 7120 7121
f 7132 7133 7117
f 7132 7117 7116
f 7134 7123 7135
f 7134 7122 7123
f 7136 7137 7125
f 7136 7125 7124
f 7138 7126 6246
f 7138 7139 6136
f 7138 6246 7139
f 7140 7128 7127
f 7140 7141 7128
f 7142 7129 7131
f 7143 7135 7144
f 7143 7134 7135
f 7145 7146 7137
f 7145 7137 7136
f 7147 7133 7132
f 7147 7148 7133
f 7149 7141 7140
f 7149 7150 7141
f 7151 7142 7131
f 7151 7131 7152
f 7153 7138 6136
f 7153 6136 6137
f 4574 7143 7144
f 4574 7154 7155
f 4574 7156 7154
f 4574 7144 7156
f 7157 7146 7145
f 7157 7158 7146
f 7157 7159 7158
f 7157 7160 7159
f 7161 7162 7148
f 7161 7148 7147
f 7163 7150 7149
f 7163 7164 7150
f 7165 7151 7152
f 7165 7152 7166
f 7167 6137 7168
f 7167 7153 6137
f 7169 7162 7161
f 7169 7170 7162
f 7171 7172 7164
f 7171 7164 7163
f 7173 7165 7166
f 7173 7166 7174
f 7175 7167 7168
f 7175 7168 7176
f 7177 7172 7171
f 7177 7178 7172
f 7179 7174 7180
f 7179 7173 7174
f 7181 7182 7170
f 7181 7170 7169
f 7183 7175 7176
f 7183 7176 7184
f 7185 7186 7178
f 7185 7178 7177
f 7187 7180 7188
f 7187 7179 7180
f 7189 7190 7182
f 7189 7182 7181
f 7191 7183 7184
f 7191 7184 6173
f 7191 6173 6172
f 7192 7193 7186
f 7192 7186 7185
f 7194 7188 7195
f 7194 7187 7188
f 7196 7190 7189
f 7196 7197 7190
f 7198 7191 6172
f 7199 7200 7193
f 7199 7193 7192
f 7201 7194 7195
f 7201 7195 7202
f 7203 7204 7197
f 7203 7197 7196
f 7205 7198 6172
f 7206 7200 7199
f 7206 7207 7200
f 7208 7202 7209
f 7208 7209 7210
f 7208 7201 7202
f 7211 7212 7204
f 7211 7204 7203
f 7213 7205 6172
f 7214 7212 7211
f 7215 7207 7206
f 7215 7216 7207
f 7217 7208 7210
f 7218 7213 6172
f 7219 7212 7214
f 7219 7220 7212
f 7221 7217 7210
f 7221 7210 7222
f 7223 7224 7216
f 7223 7216 7215
f 7225 7218 6172
f 7226 7227 7220
f 7226 7220 7219
f 7228 7224 7223
f 7229 7222 7230
f 7229 7221 7222
f 7231 7225 6172
f 7232 7233 7227
f 7232 7227 7226
f 7234 7231 6172
f 7235 7233 7232
f 7236 7234 6172
f 7237 7236 6172
f 7238 7237 6172
f 7239 7238 6172
f 7240 7239 6172
f 7241 7240 6172
f 7242 7241 6172
f 7243 7244 7245
f 7246 7247 7244
f 7246 7244 7243
f 7248 7245 7249
f 7248 7243 7245
f 7250 7247 7246
f 7250 7251 7247
f 7252 7242 6172
f 7253 7248 7249
f 7253 7254 7255
f 7253 7249 7254
f 7256 7257 6862
f 7256 6862 6865
f 7256 7251 7250
f 7256 6865 7251
f 7258 7255 7259
f 7258 7253 7255
f 7260 7261 7257
f 7260 7257 7256
f 7262 7259 7263
f 7262 7258 7259
f 7264 7265 7261
f 7264 7261 7260
f 7266 7267 7268
f 7266 7263 7267
f 7266 7262 7263
f 7269 7270 7265
f 7269 7265 7264
f 7271 7268 7272
f 7271 7266 7268
f 7273 7274 7270
f 7273 7270 7269
f 7275 7272 7276
f 7275 7271 7272
f 7277 7274 7273
f 7277 7278 7274
f 7279 7280 7281
f 7279 7276 7280
f 7279 7275 7276
f 7282 7283 7278
f 7282 7278 7277
f 7284 7281 7285
f 7284 7279 7281
f 7286 7287 7283
f 7286 7288 7287
f 7286 7283 7282
f 7289 7284 7285
f 7289 7285 7290
f 7291 7292 7288
f 7291 7288 7286
f 7293 7289 7290
f 7293 7294 7295
f 7293 7290 7294
f 7296 7297 7292
f 7296 7292 7291
f 7298 7295 7299
f 7298 7293 7295
f 7300 7297 7296
f 7300 7301 7297
f 7302 7303 7304
f 7302 7299 7303
f 7302 7298 7299
f 7305 7301 7300
f 7305 7306 7301
f 7307 7304 7308
f 7307 7302 7304
f 7309 7310 7306
f 7309 7306 7305
f 7311 7308 7312
f 7311 7307 7308
f 7313 7314 7315
f 7313 7312 7314
f 7313 7311 7312
f 7316 7315 7317
f 7316 7313 7315
f 7318 7316 7317
f 7318 7319 7320
f 7318 7317 7319
f 7321 7320 7322
f 7321 7318 7320
f 7323 7324 7325
f 7323 7322 7324
f 7323 7321 7322
f 7326 7325 7327
f 7326 7323 7325
f 7328 7329 7330
f 7331 7330 7332
f 7331 7328 7330
f 7333 7329 7328
f 7333 7334 7329
f 7335 7331 7332
f 7335 7332 7336
f 7337 7334 7333
f 7337 7338 7334
f 7339 7335 7336
f 7339 7336 7340
f 7341 7338 7337
f 7341 7342 7338
f 7343 7340 7344
f 7343 7339 7340
f 7345 7327 7346
f 7345 7326 7327
f 7347 7342 7341
f 7347 7348 7342
f 7349 7343 7344
f 7349 7344 7350
f 7351 7348 7347
f 7351 7230 7348
f 7352 7350 7353
f 7352 7349 7350
f 7354 7229 7230
f 7354 7230 7351
f 7355 7224 7228
f 7355 7353 7224
f 7355 7352 7353
f 7356 7357 7229
f 7356 7229 7354
f 7358 7228 7359
f 7358 7355 7228
f 7360 7357 7356
f 7360 7361 7357
f 7362 7359 7363
f 7362 7358 7359
f 7364 7365 7366
f 7364 7346 7365
f 7364 7345 7346
f 7367 7361 7360
f 7367 7368 7361
f 7369 7363 7370
f 7369 7362 7363
f 7371 7368 7367
f 7371 7372 7368
f 7373 7370 7374
f 7373 7369 7370
f 7375 7372 7371
f 7375 7376 7372
f 7377 7373 7374
f 7377 7374 7378
f 7379 7364 7366
f 7379 7366 7380
f 7381 7376 7375
f 7381 7382 7376
f 7383 7377 7378
f 7383 7378 7384
f 7385 7386 7382
f 7385 7382 7381
f 7387 7383 7384
f 7387 7384 7388
f 7389 7390 7386
f 7389 7386 7385
f 7391 7387 7388
f 7391 7388 7392
f 7393 7379 7380
f 7393 7380 7394
f 7395 7396 7390
f 7395 7390 7389
f 7397 7391 7392
f 7397 7392 7398
f 7399 7400 7396
f 7399 7396 7395
f 7401 7398 7402
f 7401 7397 7398
f 7403 7393 7394
f 7403 7404 7405
f 7403 7394 7404
f 7406 7407 7400
f 7406 7400 7399
f 7408 7402 7409
f 7408 7401 7402
f 7410 7411 7407
f 7410 7407 7406
f 7412 7408 7409
f 7412 7409 7413
f 7414 7403 7405
f 7414 7405 7415
f 7416 7417 7411
f 7416 7411 7410
f 7418 7413 7419
f 7418 7412 7413
f 7420 7421 7417
f 7420 7417 7416
f 7422 7419 7423
f 7422 7418 7419
f 7424 7414 7415
f 7424 7415 7425
f 7426 7427 7421
f 7426 7421 7420
f 7428 7422 7423
f 7428 7423 7429
f 7430 7431 7432
f 7430 7433 7431
f 7430 6308 7433
f 7430 7434 7435
f 7430 7436 7434
f 7430 7437 7436
f 7430 7438 7437
f 7430 7439 7438
f 7430 7440 7439
f 7430 7441 7440
f 7430 7442 7441
f 7430 7443 7442
f 7430 7444 7443
f 7430 7445 7444
f 7430 7432 7445
f 7446 7447 7427
f 7446 7427 7426
f 7448 7429 7449
f 7448 7428 7429
f 7450 7424 7425
f 7450 7451 7452
f 7450 7425 7451
f 7453 7454 7447
f 7453 7447 7446
f 7455 7449 7456
f 7455 7448 7449
f 7457 7458 7454
f 7457 7454 7453
f 7459 7456 7460
f 7459 7455 7456
f 7461 7452 7462
f 7461 7450 7452
f 7463 7458 7457
f 7463 7464 7458
f 7465 7459 7460
f 7465 7460 7466
f 7467 7461 7462
f 7467 7462 7468
f 7469 7470 7464
f 7469 7464 7463
f 7471 7465 7466
f 7471 7466 7472
f 7473 7474 7470
f 7473 7470 7469
f 7475 7471 7472
f 7475 7472 7476
f 7477 7467 7468
f 7477 7468 7478
f 7479 7480 7474
f 7479 7474 7473
f 7481 7475 7476
f 7481 7476 4640
f 7482 7480 7479
f 7483 7481 4640
f 7484 7477 7478
f 7484 7478 7485
f 7486 7480 7482
f 7487 7483 4640
f 7488 7484 7485
f 7488 7485 7489
f 7490 7487 4640
f 7491 7480 7486
f 7492 7430 7493
f 7494 7493 7430
f 7495 7430 7492
f 7496 7494 7430
f 7497 7430 7495
f 7498 7496 7430
f 7498 7430 7435
f 7499 7430 7497
f 7500 7498 7435
f 7500 7435 7501
f 7502 7430 7499
f 7503 7500 7501
f 7503 7501 7504
f 7505 7430 7502
f 7506 7504 7507
f 7506 7503 7504
f 7508 7430 7505
f 7509 7507 7510
f 7509 7506 7507
f 7511 7430 7508
f 7512 7430 7511
f 7513 7430 7512
f 7514 7430 7513
f 7515 7430 7514
f 7516 7430 7515
f 7517 7430 7516
f 7518 7430 7517
f 7519 7430 7518
f 7520 7430 7519
f 7521 7430 7520
f 7522 7430 7521
f 7523 7430 7522
f 7524 7430 7523
f 7524 7525 7526
f 7524 7526 7430
f 7527 7528 7525
f 7527 7525 7524
f 7529 7528 7527
f 7529 7530 7528
f 7531 7532 7533
f 7531 7533 7530
f 7531 7530 7529
f 7534 7535 7532
f 7534 7532 7531
f 7536 7535 7534
f 7536 7537 7538
f 7536 7538 7535
f 7539 7537 7536
f 7539 7540 7537
f 7541 7542 7540
f 7541 7540 7539
f 7543 7544 7509
f 7543 7509 7510
f 7545 7546 7544
f 7545 7544 7543
f 7547 7510 7548
f 7547 7543 7510
f 7549 7550 7546
f 7549 7546 7545
f 7551 7547 7548
f 7551 7548 7310
f 7551 7310 7309
f 7551 7309 7552
f 7553 7550 7549
f 7553 7554 7550
f 7555 7552 7556
f 7555 7551 7552
f 7557 7554 7553
f 7557 7558 7554
f 7559 7556 7560
f 7559 7555 7556
f 7561 7558 7557
f 7561 7562 7558
f 7563 7559 7560
f 7564 7562 7561
f 7564 7565 7562
f 7566 7542 7541
f 7566 7567 7568
f 7566 7568 7542
f 7569 7560 7570
f 7569 7563 7560
f 7571 7565 7564
f 7571 7572 7565
f 7573 7570 7574
f 7573 7569 7570
f 7575 7572 7571
f 7575 7576 7572
f 7577 7574 7578
f 7577 7573 7574
f 7579 7576 7575
f 7579 7580 7576
f 7581 7567 7566
f 7581 7582 7567
f 7583 7578 7584
f 7583 7577 7578
f 7585 7580 7579
f 7585 7586 7580
f 7587 7584 7588
f 7587 7583 7584
f 7589 7590 7586
f 7589 7586 7585
f 7591 7592 7582
f 7591 7582 7581
f 7593 7587 7588
f 7593 7588 7594
f 7595 7596 7590
f 7595 7590 7589
f 7597 7594 7598
f 7597 7593 7594
f 7599 7592 7591
f 7600 7596 7595
f 7600 7601 7596
f 7602 7599 7591
f 7603 7597 7598
f 7604 7601 7600
f 7604 7605 7601
f 7606 7598 7607
f 7606 7603 7598
f 7608 7605 7604
f 7608 7609 7605
f 7610 7607 7611
f 7610 7606 7607
f 7612 7609 7608
f 7612 7613 7609
f 7614 7602 7615
f 7614 7599 7602
f 7616 7611 7617
f 7616 7610 7611
f 7618 7613 7612
f 7618 7619 7613
f 7620 7617 7621
f 7620 7616 7617
f 7622 7619 7618
f 7622 7623 7619
f 7624 7621 7625
f 7624 7620 7621
f 7626 7623 7622
f 7626 7627 7623
f 7628 7615 7629
f 7628 7614 7615
f 7630 7624 7625
f 7631 7627 7626
f 7631 7632 7627
f 7633 7634 7632
f 7633 7632 7631
f 7635 7628 7629
f 7636 7637 7634
f 7636 7634 7633
f 7638 7637 7636
f 7638 7639 7637
f 7640 7639 7638
f 7640 7641 7639
f 7642 7629 7643
f 7642 7635 7629
f 7644 7641 7640
f 7644 7645 7641
f 7646 7645 7644
f 7646 7647 7645
f 7648 7642 7643
f 7648 7643 7649
f 7650 7647 7646
f 7650 7651 7647
f 7652 7653 7651
f 7652 7651 7650
f 7654 7648 7649
f 7655 7656 7653
f 7655 7653 7652
f 7657 7656 7655
f 7657 7658 7656
f 7659 7649 7660
f 7659 7654 7649
f 7661 7658 7657
f 7661 7662 7658
f 7663 7662 7661
f 7663 7664 7662
f 7665 7664 7663
f 7665 7666 7664
f 7667 7659 7660
f 7667 7660 7668
f 7669 7666 7665
f 7669 7670 7666
f 7671 7672 7670
f 7671 7670 7669
f 7673 7667 7668
f 7673 7668 7674
f 7675 7676 7672
f 7675 7672 7671
f 7677 7676 7675
f 7677 7678 7676
f 7679 7673 7674
f 7680 7678 7677
f 7680 7681 7678
f 7682 7681 7680
f 7682 7683 7681
f 7684 7674 7685
f 7684 7679 7674
f 7686 7683 7682
f 7686 7687 7683
f 7688 7687 7686
f 7688 7689 7687
f 7690 7684 7685
f 7690 7685 7691
f 7692 7689 7688
f 7692 7693 7689
f 7694 7693 7692
f 7694 7695 7693
f 7696 7690 7691
f 7697 7698 7695
f 7697 7695 7694
f 7699 7698 7697
f 7699 7700 7698
f 7701 7702 7703
f 7704 7702 7701
f 7704 7705 7702
f 7706 7701 7703
f 7707 7705 7704
f 7707 7708 7705
f 7709 7706 7703
f 7709 7703 7710
f 7711 7708 7707
f 7712 7709 7710
f 7712 7710 7713
f 7714 7691 7715
f 7714 7696 7691
f 7716 7708 7711
f 7716 7717 7708
f 7718 7700 7699
f 7718 7719 7700
f 7720 7712 7713
f 7720 7713 7721
f 7722 7717 7716
f 7722 7723 7717
f 7724 7720 7721
f 7725 7726 7723
f 7725 7723 7722
f 7727 7724 7721
f 7727 7721 7728
f 7729 7625 7726
f 7729 7726 7725
f 7730 7731 7719
f 7730 7719 7718
f 7732 7727 7728
f 7732 7728 7733
f 7734 7735 7630
f 7734 7630 7625
f 7734 7625 7729
f 7736 7733 7737
f 7736 7732 7733
f 7738 7731 7730
f 7738 7739 7731
f 7740 7741 7735
f 7740 7735 7734
f 7742 7714 7715
f 7742 7715 7743
f 7744 7736 7737
f 7745 7746 7741
f 7745 7741 7740
f 7747 7739 7738
f 7747 7748 7739
f 7749 7744 7737
f 7749 7737 7750
f 7751 7752 7746
f 7751 7746 7745
f 7753 7750 7754
f 7753 7749 7750
f 7755 7748 7747
f 7755 7756 7748
f 7757 7758 7752
f 7757 7752 7751
f 7759 7753 7754
f 7760 7743 7761
f 7760 7761 7762
f 7760 7762 7763
f 7760 7763 7764
f 7760 7764 7765
f 7760 7765 7766
f 7760 7766 7767
f 7760 7767 7768
f 7760 7768 7769
f 7760 7769 7770
f 7760 7770 7771
f 7760 7771 7772
f 7760 7772 7773
f 7760 7773 7774
f 7760 7774 7775
f 7760 7775 7776
f 7760 7776 7777
f 7760 7777 7778
f 7760 7778 7779
f 7760 7779 7780
f 7760 7780 7781
f 7760 7781 7782
f 7760 7742 7743
f 7783 7756 7755
f 7783 7784 7756
f 7785 7758 7757
f 7785 7786 7758
f 7787 7759 7754
f 7787 7754 7788
f 7789 7784 7783
f 7789 7790 7784
f 7791 7786 7785
f 7791 7792 7786
f 7793 7790 7789
f 7793 7782 7790
f 7794 7787 7788
f 7794 7788 7795
f 7796 7797 7792
f 7796 7792 7791
f 7798 7794 7795
f 7799 7800 7797
f 7799 7797 7796
f 7801 7798 7795
f 7801 7795 7802
f 7803 7804 7800
f 7803 7800 7799
f 7805 7801 7802
f 7805 7802 7806
f 7807 7808 7804
f 7807 7804 7803
f 7809 7806 7810
f 7809 7805 7806
f 7811 7812 7808
f 7811 7808 7807
f 7813 7809 7810
f 7814 7815 7812
f 7814 7812 7811
f 7816 7810 7817
f 7816 7813 7810
f 7818 7819 7815
f 7818 7815 7814
f 7820 7816 7817
f 7820 7817 7821
f 7822 7823 7819
f 7822 7819 7818
f 7824 7820 7821
f 7825 7826 7823
f 7825 7823 7822
f 7827 7824 7821
f 7827 7821 7828
f 7829 7826 7825
f 7829 7830 7826
f 7831 7827 7828
f 7831 7828 7832
f 7833 7834 7830
f 7833 7830 7829
f 7835 7831 7832
f 7835 7832 7836
f 7837 7834 7833
f 7837 7838 7834
f 7839 7835 7836
f 7840 7841 7838
f 7840 7838 7837
f 7842 7839 7836
f 7842 7836 7843
f 7844 7845 7841
f 7844 7841 7840
f 7846 7842 7843
f 7846 7843 7847
f 7848 7845 7844
f 7848 7849 7845
f 7850 7846 7847
f 7850 7847 7851
f 7852 7849 7848
f 7852 7853 7849
f 7854 7850 7851
f 7855 7853 7852
f 7855 7856 7853
f 7857 7854 7851
f 7857 7851 7858
f 4573 7155 7859
f 4573 4574 7155
f 7860 7861 7856
f 7860 7856 7855
f 7862 7857 7858
f 7862 7858 7863
f 7864 4573 7859
f 7865 7866 7861
f 7865 7861 7860
f 7867 7864 7859
f 7868 7862 7863
f 7868 7863 7869
f 7870 7871 7866
f 7870 7866 7865
f 7872 7859 7873
f 7872 7867 7859
f 7874 7868 7869
f 7875 7871 7870
f 7875 7876 7871
f 7877 7873 7878
f 7877 7872 7873
f 7879 7874 7869
f 7879 7869 7880
f 7881 7876 7875
f 7881 7882 7876
f 7883 7233 7235
f 7883 7878 7233
f 7883 7877 7878
f 7884 7880 7885
f 7884 7879 7880
f 7886 7882 7881
f 7886 7887 7882
f 7888 7889 7160
f 7888 7160 7157
f 7890 7235 7891
f 7890 7883 7235
f 7892 7885 7893
f 7892 7884 7885
f 7894 7895 7887
f 7894 7887 7886
f 7896 7890 7891
f 7896 7891 7897
f 7898 7892 7893
f 7899 7900 7895
f 7899 7895 7894
f 7901 7897 7902
f 7901 7896 7897
f 7903 7904 7900
f 7903 7900 7899
f 7905 7902 7906
f 7905 7901 7902
f 7907 7904 7903
f 7907 7908 7904
f 7909 7908 7907
f 7909 7910 7908
f 7911 7905 7906
f 7911 7906 7912
f 7913 7914 7910
f 7913 7910 7909
f 7915 7911 7912
f 7915 7912 7916
f 7917 7914 7913
f 7917 7918 7914
f 7919 7915 7916
f 7919 7916 7920
f 7921 7918 7917
f 7921 7922 7918
f 7923 7922 7921
f 7924 7920 7925
f 7924 7919 7920
f 7926 7925 7927
f 7926 7924 7925
f 7928 7926 7927
f 7928 7927 7929
f 7930 7929 7931
f 7930 7928 7929
f 7932 7931 7933
f 7932 7930 7931
f 7934 7933 7935
f 7934 7932 7933
f 7936 7935 7937
f 7936 7934 7935
f 7938 7937 7939
f 7938 7936 7937
f 7940 7941 7942
f 7940 7943 7941
f 7944 7940 7942
f 7944 7945 7946
f 7944 7942 7945
f 7947 7943 7940
f 7947 7948 7943
f 7949 7938 7939
f 7949 7939 7950
f 7951 7944 7946
f 7951 7946 7952
f 7953 7954 7488
f 7953 7948 7947
f 7953 7488 7489
f 7953 7489 7948
f 7955 7951 7952
f 7955 7956 7957
f 7955 7952 7956
f 7958 7959 7954
f 7958 7954 7953
f 7960 7961 7962
f 7960 7950 7961
f 7960 7949 7950
f 7963 6991 7964
f 7963 7955 7957
f 7963 7957 6990
f 7963 6990 6991
f 7965 7959 7958
f 7965 7966 7959
f 7965 7967 7966
f 7968 7962 7969
f 7968 7960 7962
f 7970 7963 7964
f 7970 7964 7971
f 7972 7973 7967
f 7972 7967 7965
f 7974 7969 7975
f 7974 7968 7969
f 7976 7970 7971
f 7976 7971 7889
f 7977 7978 7973
f 7977 7979 7978
f 7977 7973 7972
f 7980 7975 7981
f 7980 7974 7975
f 7982 7976 7889
f 7982 7889 7888
f 7983 7979 7977
f 7983 7984 7979
f 7985 7981 7986
f 7985 7980 7981
f 7987 7986 7988
f 7987 7985 7986
f 7989 7990 7991
f 7989 7888 7990
f 7989 7982 7888
f 7992 7993 7984
f 7992 7984 7983
f 7992 7994 7993
f 7995 7988 7996
f 7995 7987 7988
f 7997 7996 7998
f 7997 7995 7996
f 7999 7991 8000
f 7999 7989 7991
f 8001 7994 7992
f 8001 8002 7994
f 8003 7997 7998
f 8003 7998 8004
f 8005 8004 8006
f 8005 8003 8004
f 4639 7490 4640
f 8007 7999 8000
f 8007 8008 8009
f 8007 8000 8008
f 8010 8011 8002
f 8010 8012 8011
f 8010 8002 8001
f 8013 8014 8015
f 8013 8009 8014
f 8013 8007 8009
f 8016 8017 8012
f 8016 8018 8017
f 8016 8012 8010
f 8019 8013 8015
f 8019 8015 8020
f 8021 8018 8016
f 8021 8022 8018
f 8023 7480 7491
f 8024 8025 8026
f 8024 8020 8025
f 8024 8019 8020
f 8027 8022 8021
f 8027 8028 8022
f 8027 8029 8028
f 8030 8031 8032
f 8030 8026 8031
f 8030 8024 8026
f 8033 8029 8027
f 8033 8034 8029
f 8035 8030 8032
f 8035 8036 8037
f 8035 8032 8036
f 8038 8034 8033
f 8038 8039 8034
f 8038 8040 8039
f 8041 8042 8043
f 8041 8044 8042
f 8041 8045 8044
f 8041 8046 8045
f 8041 8047 8046
f 8041 8048 8047
f 8041 8049 8048
f 8041 8050 8049
f 8041 8051 8050
f 8041 8052 8051
f 8041 8053 8052
f 8041 8054 8053
f 8041 8055 8054
f 8041 8056 8055
f 8041 8057 8056
f 8041 8035 8037
f 8041 8058 8057
f 8041 8037 8058
f 8059 7898 7893
f 8059 8040 8038
f 8059 8060 7898
f 8059 8061 8060
f 8059 8062 8061
f 8059 8063 8062
f 8059 8064 8063
f 8059 8065 8064
f 8059 8066 8065
f 8059 8067 8066
f 8059 8068 8067
f 8059 8069 8068
f 8059 8070 8040
f 8059 8071 8070
f 8059 8072 8071
f 8059 8073 8072
f 8059 8074 8073
f 8059 8075 8074
f 8059 7893 8075
f 8076 8077 8078
f 8076 8079 8077
f 8076 8080 8079
f 8076 8081 8080
f 8076 8082 8081
f 8076 8083 8082
f 8076 8084 8083
f 8076 8085 8084
f 8076 8086 8085
f 8076 8087 8086
f 8076 8088 8087
f 8076 8089 8088
f 8076 8090 8089
f 8076 8091 8090
f 8076 8092 8091
f 8076 8093 8092
f 8076 8094 8093
f 8076 8043 8094
f 8076 8041 8043
f 8095 8096 8097
f 8095 8078 8096
f 8095 8076 8078
f 8098 8099 8100
f 8098 8097 8099
f 8098 8095 8097
f 8101 7490 4639
f 8101 8102 8103
f 8101 8104 8102
f 8101 4639 8104
f 8105 8023 7491
f 8106 8103 8107
f 8106 8101 8103
f 8108 8106 8107
f 8108 8107 8109
f 8110 8098 8100
f 8110 8111 8112
f 8110 8100 8111
f 8113 8108 8109
f 8114 8110 8112
f 8114 8112 8115
f 8116 8114 8115
f 8116 8117 8118
f 8116 8115 8117
f 8119 8116 8118
f 8119 8120 8121
f 8119 8118 8120
f 8122 8119 8121
f 8122 8121 8123
f 8124 8122 8123
f 8124 8125 8023
f 8124 8123 8125
f 8126 8124 8023
f 8126 8023 8105
f 8127 8128 8069
f 8127 8129 8128
f 8127 8130 8129
f 8127 8131 8130
f 8127 8132 8131
f 8127 8133 8132
f 8127 8134 8133
f 8127 8135 8134
f 8127 8136 8135
f 8127 8137 8136
f 8127 8138 8137
f 8127 8139 8138
f 8127 8140 8139
f 8127 8141 8140
f 8127 8142 8141
f 8127 8143 8142
f 8127 8144 8143
f 8127 8069 8059
f 8145 7782 7793
f 8145 7922 7923
f 8145 8146 7922
f 8145 8147 8146
f 8145 8148 8147
f 8145 8149 8148
f 8145 8150 8149
f 8145 8151 8150
f 8145 8152 8151
f 8145 8153 8152
f 8145 8154 8153
f 8145 8155 8154
f 8145 8156 8155
f 8145 8157 8156
f 8145 8158 8157
f 8145 8159 8158
f 8145 8160 8159
f 8145 7793 8160
f 8145 7760 7782
f 8145 8161 8144
f 8145 8162 8161
f 8145 8163 8162
f 8145 8164 8163
f 8145 8165 8164
f 8145 8166 8165
f 8145 8167 8166
f 8145 8168 8167
f 8145 8144 8127
f 8145 8169 8168
f 8145 8170 8169
f 8145 8171 8170
f 8145 8172 8171
f 8145 8173 8172
f 8145 8174 8173
f 8145 7923 8174
f 8175 8105 8176
f 8175 8126 8105
f 8177 8175 8176
f 8177 8176 8178
f 8179 8127 8180
f 8181 8182 8145
f 8183 8177 8178
f 8183 8178 8184
f 8185 8186 8181
f 8185 8181 8145
f 8185 8127 8179
f 8185 8145 8127
f 8187 8179 8188
f 8187 8188 8189
f 8187 8189 8190
f 8191 8192 8185
f 8193 8194 8195
f 8196 8187 8194
f 8196 8179 8187
f 8196 8194 8193
f 8197 8198 8199
f 8197 8199 8200
f 8197 8200 8191
f 8197 8191 8185
f 8201 8197 8185
f 8202 8179 8196
f 8203 8179 8202
f 8204 8179 8203
f 8205 8206 8207
f 8208 8204 8209
f 8208 8185 8179
f 8208 8179 8204
f 8210 8205 8207
f 8211 8210 8207
f 8211 8185 8208
f 8211 8207 8201
f 8211 8201 8185
f 8212 8213 8214
f 8215 8216 8213
f 8215 8213 8212
f 8217 8214 8218
f 8217 8212 8214
f 8219 8216 8215
f 8219 8220 8216
f 8221 8217 8218
f 8221 8218 8222
f 8223 8220 8219
f 8223 8224 8220
f 8225 8221 8222
f 8225 8222 8226
f 8227 8228 8224
f 8227 8224 8223
f 8229 8225 8226
f 8229 8226 8230
f 8231 8228 8227
f 8231 8232 8228
f 8233 8229 8230
f 8233 8230 8234
f 8235 8232 8231
f 8235 8236 8232
f 8237 8233 8234
f 8238 8236 8235
f 8238 8239 8236
f 8240 8237 8234
f 8240 8234 8241
f 8242 8239 8238
f 8242 8243 8239
f 8244 8241 8245
f 8244 8240 8241
f 8246 8243 8242
f 8246 8247 8243
f 8248 8245 8249
f 8248 8244 8245
f 8250 8251 8247
f 8250 8247 8246
f 8252 8249 8253
f 8252 8248 8249
f 8254 8255 8251
f 8254 8251 8250
f 8256 8253 8257
f 8256 8252 8253
f 8258 8255 8254
f 8258 8259 8255
f 8260 8257 8261
f 8260 8256 8257
f 8262 8183 8184
f 8262 8259 8258
f 8262 8184 8259
f 8263 8260 8261
f 8263 8261 8264
f 8265 8266 8183
f 8265 8183 8262
f 8267 8264 8268
f 8267 8263 8264
f 8269 8266 8265
f 8270 8268 8271
f 8270 8267 8268
f 8272 8266 8269
f 8272 8273 8266
f 8274 8271 8275
f 8274 8270 8271
f 8276 8273 8272
f 8276 8277 8273
f 8278 8275 8279
f 8278 8274 8275
f 8280 8277 8276
f 8281 8278 8279
f 8281 8279 8282
f 8283 8277 8280
f 8283 8284 8277
f 8285 8281 8282
f 8285 8282 8286
f 8287 8284 8283
f 8288 8285 8286
f 8288 8286 8289
f 8290 8291 8284
f 8290 8284 8287
f 8292 8288 8289
f 8293 8291 8290
f 8293 8294 8291
f 8295 8294 8293
f 8296 8297 8298
f 8299 8300 8297
f 8299 8297 8296
f 8301 8296 8298
f 8301 8298 8302
f 8303 8304 8300
f 8303 8300 8299
f 8305 8302 8306
f 8305 8301 8302
f 8307 8308 8304
f 8307 8304 8303
f 8309 8306 8310
f 8309 8305 8306
f 8311 8312 8308
f 8311 8308 8307
f 8313 8310 8314
f 8313 8309 8310
f 8315 8312 8311
f 8315 8316 8312
f 8317 8314 8318
f 8317 8313 8314
f 8319 8320 8316
f 8319 8316 8315
f 8321 8317 8318
f 8321 8318 8322
f 8323 8324 8320
f 8323 8320 8319
f 8325 8321 8322
f 8326 8324 8323
f 8326 8327 8324
f 8328 8325 8322
f 8328 8322 8329
f 8330 8331 8327
f 8330 8327 8326
f 8332 8328 8329
f 8332 8329 8333
f 8334 8335 8331
f 8334 8331 8330
f 8336 8333 8113
f 8336 8332 8333
f 8337 8335 8334
f 8337 8338 8335
f 8339 8113 8109
f 8339 8109 8340
f 8339 8336 8113
f 8341 8338 8337
f 8341 8342 8338
f 8343 8340 8344
f 8343 8339 8340
f 8345 8342 8341
f 8345 8346 8342
f 8347 8344 8348
f 8347 8343 8344
f 8349 8292 8289
f 8349 8289 8346
f 8349 8346 8345
f 8350 8348 8351
f 8350 8347 8348
f 8352 8353 8292
f 8352 8292 8349
f 8354 8351 8355
f 8354 8350 8351
f 8356 8357 8353
f 8356 8353 8352
f 8358 8355 8359
f 8358 8354 8355
f 8360 8361 8357
f 8360 8357 8356
f 8362 8359 8363
f 8362 8358 8359
f 8364 8365 8361
f 8364 8361 8360
f 8366 8362 8363
f 8366 8363 8367
f 8368 8369 8365
f 8368 8365 8364
f 8370 8366 8367
f 8370 8367 8371
f 8372 8373 8369
f 8372 8369 8368
f 8374 8371 8375
f 8374 8370 8371
f 8376 8377 8373
f 8376 8373 8372
f 8378 8375 8379
f 8378 8374 8375
f 8380 8381 8377
f 8380 8377 8376
f 8382 8379 8383
f 8382 8378 8379
f 8384 8385 8381
f 8384 8381 8380
f 8386 8382 8383
f 8386 8383 8387
f 8388 8389 8385
f 8388 8385 8384
f 8390 8387 8391
f 8390 8386 8387
f 8392 8393 8389
f 8392 8389 8388
f 8394 8391 8395
f 8394 8390 8391
f 8396 8397 8393
f 8396 8393 8392
f 8398 8395 8399
f 8398 8394 8395
f 8400 8401 8397
f 8400 8397 8396
f 8402 8399 8403
f 8402 8398 8399
f 8404 8405 8401
f 8404 8401 8400
f 8406 8402 8403
f 8407 8408 8405
f 8407 8405 8404
f 8409 8403 8410
f 8409 8406 8403
f 8411 8412 8408
f 8411 8408 8407
f 8413 8410 8414
f 8413 8409 8410
f 8415 8412 8411
f 8415 8416 8412
f 8417 8414 8418
f 8417 8413 8414
f 8419 8420 8416
f 8419 8416 8415
f 8421 8418 8422
f 8421 8417 8418
f 8423 8424 8420
f 8423 8420 8419
f 8425 8422 8426
f 8425 8421 8422
f 8427 8424 8423
f 8427 8428 8424
f 8429 8426 8430
f 8429 8425 8426
f 8431 8432 8428
f 8431 8428 8427
f 8433 8429 8430
f 8433 8430 8434
f 8435 8436 8432
f 8435 8432 8431
f 8437 8434 8438
f 8437 8433 8434
f 8439 8440 8436
f 8439 8436 8435
f 8441 8438 8442
f 8441 8437 8438
f 8443 8440 8439
f 8443 8444 8440
f 8445 8442 8005
f 8445 8006 8446
f 8445 8441 8442
f 8445 8005 8006
f 8447 8448 8444
f 8447 8444 8443
f 8449 8446 8450
f 8449 8445 8446
f 8451 8452 8448
f 8451 8448 8447
f 8453 8449 8450
f 8454 8455 8452
f 8454 8452 8451
f 8456 8450 8457
f 8456 8453 8450
f 8458 8459 8455
f 8458 8455 8454
f 8460 8457 8461
f 8460 8456 8457
f 8462 8463 8459
f 8462 8459 8458
f 8464 8461 8465
f 8464 8460 8461
f 8466 8467 8463
f 8466 8463 8462
f 8468 8465 7252
f 8468 8464 8465
f 8469 8470 8467
f 8469 8467 8466
f 8471 8470 8469
f 8471 8472 8470
f 8473 8474 8472
f 8473 8472 8471
f 8475 8476 8477
f 8478 8476 8475
f 8478 8479 8476
f 8480 8475 8477
f 8480 8477 8481
f 8482 8479 8478
f 8482 8483 8479
f 8484 8480 8481
f 8484 8485 8486
f 8484 8481 8485
f 8487 8483 8482
f 8487 8294 8295
f 8487 8295 8483
f 8488 8484 8486
f 8488 8486 8489
f 8490 8491 8294
f 8490 8294 8487
f 8492 8488 8489
f 8492 8489 8493
f 8494 8491 8490
f 8494 8495 8491
f 8496 8492 8493
f 8496 8497 8498
f 8496 8493 8497
f 8499 8495 8494
f 8500 8496 8498
f 8500 8498 8501
f 8502 8503 8495
f 8502 8495 8499
f 8504 8500 8501
f 8504 8501 8505
f 8506 8507 8503
f 8506 8503 8502
f 8508 8504 8505
f 8508 8509 8510
f 8508 8505 8509
f 8511 8507 8506
f 8512 8508 8510
f 8512 8510 8513
f 8514 8515 8507
f 8514 8507 8511
f 8516 8513 8517
f 8516 8512 8513
f 8518 8519 8515
f 8518 8515 8514
f 8520 8521 8522
f 8520 8517 8521
f 8520 8516 8517
f 8523 8519 8518
f 8524 8520 8522
f 8524 8522 8525
f 8526 8527 8519
f 8526 8519 8523
f 8528 8524 8525
f 8528 8529 8530
f 8528 8525 8529
f 8531 8527 8526
f 8531 8532 8527
f 8533 8528 8530
f 8533 8530 8534
f 8535 8532 8531
f 8536 8533 8534
f 8536 8534 8537
f 8538 8532 8535
f 8538 8539 8532
f 8540 8536 8537
f 8540 8541 8542
f 8540 8537 8541
f 8543 8539 8538
f 8544 8540 8542
f 8544 8542 8545
f 8546 8539 8543
f 8546 8547 8539
f 8548 8544 8545
f 8548 8549 8550
f 8548 8545 8549
f 8551 8547 8546
f 8551 8552 8547
f 8553 8548 8550
f 8553 8550 8554
f 8555 8552 8551
f 8556 8553 8554
f 8556 8557 8558
f 8556 8554 8557
f 8559 8552 8555
f 8559 8560 8552
f 8561 8556 8558
f 8561 8558 8562
f 8563 8564 8560
f 8563 8560 8559
f 8565 8561 8562
f 8565 8562 8566
f 8567 8564 8563
f 8568 8565 8566
f 8568 8569 8570
f 8568 8566 8569
f 8571 8572 8564
f 8571 8564 8567
f 8573 8568 8570
f 8573 8570 8574
f 8575 8572 8571
f 8576 8573 8574
f 8576 8574 8577
f 8578 8572 8575
f 8579 8580 8581
f 8579 8577 8580
f 8579 8576 8577
f 8582 8572 8578
f 8583 8579 8581
f 8583 8581 8584
f 8585 8572 8582
f 8586 8584 8587
f 8586 8583 8584
f 8588 8572 8585
f 8589 8590 8591
f 8589 8587 8590
f 8589 8586 8587
f 8592 8572 8588
f 8593 8591 8594
f 8593 8589 8591
f 8595 8572 8592
f 8596 8594 8597
f 8596 8593 8594
f 8598 8596 8597
f 8598 8597 8599
f 8600 8599 8601
f 8600 8598 8599
f 8602 8474 8473
f 8602 8601 8474
f 8602 8473 8603
f 8602 8600 8601
f 8604 8603 8605
f 8604 8602 8603
f 8606 8605 8607
f 8606 8604 8605
f 8608 8606 8607
f 8608 8607 8609
f 8610 8609 8611
f 8610 8608 8609
f 8612 8611 8613
f 8612 8610 8611
f 8614 8613 8615
f 8614 8612 8613
f 8616 8617 8618
f 8616 8615 8617
f 8616 8614 8615
f 8619 8618 8620
f 8619 8616 8618
f 8621 8620 8622
f 8621 8619 8620
f 8623 8622 8624
f 8623 8621 8622
f 8625 8624 8626
f 8625 8623 8624
f 8627 8626 8628
f 8627 8625 8626
f 8629 8630 8631
f 8629 8631 8632
f 8633 8634 8629
f 8635 8633 8629
f 8636 8629 8632
f 8636 8635 8629
f 8637 8638 8639
f 8640 8638 8637
f 8640 8641 8638
f 8642 8637 8639
f 8643 8644 8641
f 8643 8641 8640
f 8645 8639 8646
f 8645 8642 8639
f 8647 8644 8643
f 8648 8646 8649
f 8648 8645 8646
f 8650 8651 8644
f 8650 8644 8647
f 8652 8649 8653
f 8652 8648 8649
f 8654 8651 8650
f 8654 8655 8651
f 8656 8652 8653
f 8657 8655 8654
f 8657 8595 8655
f 8658 8653 8659
f 8658 8656 8653
f 8660 8595 8657
f 8660 8572 8595
f 8661 8658 8659
f 8661 8659 8662
f 8663 8636 8632
f 8664 8572 8660
f 8665 8662 8666
f 8665 8661 8662
f 8667 8572 8664
f 8668 8665 8666
f 8669 8572 8667
f 8670 8666 8671
f 8670 8668 8666
f 8672 8572 8669
f 8673 8671 8674
f 8673 8670 8671
f 8675 8572 8672
f 8676 8673 8674
f 8677 8572 8675
f 8678 8674 8679
f 8678 8676 8674
f 8680 8572 8677
f 8681 8679 8682
f 8681 8678 8679
f 8683 8572 8680
f 8684 8681 8682
f 8685 8572 8683
f 8686 8682 8687
f 8686 8684 8682
f 8688 8632 8572
f 8688 8572 8685
f 8689 8687 8690
f 8689 8686 8687
f 8691 8632 8688
f 8692 8690 8693
f 8692 8689 8690
f 8694 8632 8691
f 8695 8692 8693
f 8696 8697 8663
f 8696 8663 8632
f 8698 8632 8694
f 8699 8693 8700
f 8699 8695 8693
f 8701 8632 8698
f 8702 8700 8703
f 8702 8699 8700
f 8704 8632 8701
f 8705 8702 8703
f 8706 8632 8704
f 8707 8705 8703
f 8707 8703 8708
f 8709 8632 8706
f 8710 8708 8711
f 8710 8707 8708
f 8712 8632 8709
f 8713 8711 8714
f 8713 8710 8711
f 8715 8632 8712
f 8716 8713 8714
f 8717 8632 8715
f 8718 8714 8719
f 8718 8716 8714
f 8720 8696 8632
f 8720 8721 8696
f 8722 8632 8717
f 8723 8719 8724
f 8723 8718 8719
f 8725 8632 8722
f 8726 8723 8724
f 8726 8724 8727
f 8728 8632 8725
f 8729 8726 8727
f 8730 8632 8728
f 8731 8720 8632
f 8732 8729 8727
f 8732 8727 8733
f 8734 8632 8730
f 8735 8732 8733
f 8735 8733 8736
f 8737 8632 8734
f 8738 8735 8736
f 8738 8736 8739
f 8740 8632 8737
f 8741 8738 8739
f 8742 8731 8632
f 8743 8741 8739
f 8743 8739 8744
f 8745 8743 8744
f 8745 8744 8746
f 8747 8745 8746
f 8747 8746 8748
f 8749 8747 8748
f 8749 8748 8750
f 8751 8749 8750
f 8752 8753 8754
f 8752 8754 8742
f 8752 8742 8632
f 8755 8756 8752
f 8757 8758 8759
f 8757 8759 8755
f 8757 8755 8752
f 8760 8757 8752
f 8761 8762 8760
f 8761 8760 8752
f 8763 8764 8761
f 8763 8761 8752
f 8765 8766 8767
f 8765 8767 8763
f 8768 8763 8752
f 8768 8765 8763
f 8769 8752 8632
f 8769 8770 8771
f 8769 8772 8770
f 8769 8773 8772
f 8769 8774 8773
f 8769 8775 8774
f 8769 8776 8775
f 8769 8777 8776
f 8769 8778 8777
f 8769 8779 8778
f 8769 8780 8779
f 8769 8781 8780
f 8769 8782 8781
f 8769 8783 8782
f 8769 8784 8783
f 8769 8740 8784
f 8769 8632 8740
f 8769 8768 8752
f 8785 8786 8787
f 8788 8789 8786
f 8788 8786 8785
f 8790 8787 8791
f 8790 8785 8787
f 8792 8793 8789
f 8792 8789 8788
f 8794 8791 8795
f 8794 8790 8791
f 8796 8797 8793
f 8796 8793 8792
f 8798 8795 8799
f 8798 8794 8795
f 8800 8801 8797
f 8800 8797 8796
f 8802 8799 8803
f 8802 8798 8799
f 8804 8805 8801
f 8804 8801 8800
f 8806 8803 8807
f 8806 8802 8803
f 8808 8809 8805
f 8808 8805 8804
f 8810 8807 8811
f 8810 8806 8807
f 8812 8813 8809
f 8812 8809 8808
f 8814 8811 8815
f 8814 8810 8811
f 8816 8817 8813
f 8816 8813 8812
f 8818 8815 8819
f 8818 8814 8815
f 8820 8817 8816
f 8820 8821 8817
f 8822 8818 8819
f 8822 8819 8823
f 8824 8825 8821
f 8824 8821 8820
f 8826 8822 8823
f 8826 8823 8827
f 8828 8829 8825
f 8828 8825 8824
f 8830 8826 8827
f 8830 8827 8751
f 8831 8832 8829
f 8831 8829 8828
f 8833 8830 8751
f 8833 8751 8750
f 8834 8835 8832
f 8834 8832 8831
f 8836 8833 8750
f 8836 8750 8837
f 8838 8835 8834
f 8838 8839 8835
f 8840 8836 8837
f 8840 8837 8841
f 8842 8843 8839
f 8842 8839 8838
f 8844 8840 8841
f 8844 8841 8845
f 8846 8847 8843
f 8846 8843 8842
f 8848 8844 8845
f 8848 8845 8849
f 8850 8851 8847
f 8850 8847 8846
f 8852 8848 8849
f 8852 8849 8853
f 8854 8855 8851
f 8854 8851 8850
f 8856 8852 8853
f 8857 8858 8855
f 8857 8855 8854
f 8859 8853 8860
f 8859 8856 8853
f 8861 8862 8858
f 8861 8858 8857
f 8863 8860 8864
f 8863 8859 8860
f 8865 8866 8862
f 8865 8862 8861
f 8867 8864 8868
f 8867 8863 8864
f 8869 8870 8866
f 8869 8866 8865
f 8871 8867 8868
f 8871 8868 8872
f 8873 8874 8870
f 8873 8870 8869
f 8875 8871 8872
f 8875 8872 8876
f 8877 8878 8874
f 8877 8874 8873
f 8879 8875 8876
f 8879 8876 8880
f 8881 8878 8877
f 8881 8882 8878
f 8883 8879 8880
f 8883 8880 8884
f 8885 8769 8771
f 8885 8882 8881
f 8885 8771 8882
f 8886 8883 8884
f 8887 8769 8885
f 8888 8886 8884
f 8888 8884 8889
f 8890 8769 8887
f 8891 8888 8889
f 8891 8889 8892
f 8893 8769 8890
f 8894 8891 8892
f 8894 8627 8628
f 8894 8892 8627
f 8895 8769 8893
f 8896 8897 8898
f 8896 8628 8897
f 8896 8894 8628
f 8899 8769 8895
f 8900 8896 8898
f 8901 8769 8899
f 8902 8769 8901
f 8903 8769 8902
f 8904 8769 8903
f 8905 8769 8904
f 8906 8769 8905
f 8907 8769 8906
f 8908 8769 8907
f 8909 8769 8908
f 8910 8769 8909
f 8911 8769 8910
f 8912 8913 8914
f 8915 8913 8912
f 8915 8916 8913
f 8917 8912 8914
f 8917 8914 8918
f 8919 8916 8915
f 8919 8920 8916
f 8921 8918 8922
f 8921 8917 8918
f 8923 8920 8919
f 8923 8924 8920
f 8925 8922 8926
f 8925 8921 8922
f 8927 8924 8923
f 8927 8928 8924
f 8929 8926 8930
f 8929 8925 8926
f 8931 8928 8927
f 8931 8932 8928
f 8933 8930 8934
f 8933 8929 8930
f 8935 8936 8932
f 8935 8932 8931
f 8937 8934 8938
f 8937 8933 8934
f 8939 8940 8936
f 8939 8936 8935
f 8941 8937 8938
f 8941 8938 8942
f 8943 8944 8940
f 8943 8940 8939
f 8945 8942 8946
f 8945 8941 8942
f 8947 8948 8944
f 8947 8944 8943
f 8949 8945 8946
f 8949 8946 8950
f 8951 8952 8948
f 8951 8948 8947
f 8953 8949 8950
f 8953 8950 8954
f 8955 8956 8952
f 8955 8952 8951
f 8957 8953 8954
f 8957 8954 8958
f 8959 8960 8956
f 8959 8956 8955
f 8961 8957 8958
f 8961 8958 8962
f 8963 8960 8959
f 8963 8964 8960
f 8965 8961 8962
f 8965 8962 8966
f 8967 8964 8963
f 8967 8968 8964
f 8969 8965 8966
f 8969 8966 8970
f 8971 8972 8968
f 8971 8968 8967
f 8973 8969 8970
f 8973 8970 8974
f 8975 8972 8971
f 8975 8976 8972
f 8977 8973 8974
f 8977 8974 8978
f 8979 8980 8976
f 8979 8976 8975
f 8981 8977 8978
f 8981 8978 8982
f 8983 8980 8979
f 8983 8984 8980
f 8985 8981 8982
f 8985 8982 8986
f 8987 8984 8983
f 8987 8988 8984
f 8989 8985 8986
f 8989 8986 8990
f 8991 8988 8987
f 8991 8992 8988
f 8993 8989 8990
f 8993 8990 8994
f 8995 8992 8991
f 8995 8996 8992
f 8997 8993 8994
f 8997 8994 8998
f 8999 8996 8995
f 8999 9000 8996
f 9001 8998 9002
f 9001 8997 8998
f 9003 9000 8999
f 9003 9004 9000
f 9005 9001 9002
f 9005 9002 8900
f 9006 9004 9003
f 9006 9007 9004
f 9008 8898 9009
f 9008 9005 8900
f 9008 8900 8898
f 9010 9007 9006
f 9010 9011 9007
f 9012 9008 9009
f 9012 9009 9013
f 9014 9011 9010
f 9014 9015 9011
f 9016 9013 9017
f 9016 9012 9013
f 9018 9015 9014
f 9018 9019 9015
f 9020 9017 9021
f 9020 9016 9017
f 9022 9019 9018
f 9022 9023 9019
f 9024 9020 9021
f 9025 8911 9023
f 9025 9023 9022
f 9026 8911 9025
f 9026 8769 8911
f 9027 9028 9029
f 9027 9030 8468
f 9027 9029 9031
f 9027 9032 9030
f 9027 9031 9033
f 9027 9034 9032
f 9027 9033 9035
f 9027 9036 9034
f 9027 9035 9037
f 9027 9038 9036
f 9027 9037 9039
f 9027 9040 9038
f 9027 9039 9041
f 9027 9042 9040
f 9027 9041 9043
f 9027 9044 9042
f 9027 9043 9045
f 9027 9046 9044
f 9027 9045 9047
f 9027 9048 9046
f 9027 9047 9049
f 9027 9050 9048
f 9027 9049 9051
f 9027 9052 9050
f 9027 9051 9053
f 9027 9054 9052
f 9027 9053 9055
f 9027 9056 9054
f 9027 9055 9057
f 9027 9021 9056
f 9027 9057 9058
f 9027 9058 9059
f 9027 9059 9060
f 9027 9060 9061
f 9027 9061 9062
f 9027 9062 9063
f 9027 9063 9064
f 9027 9064 9065
f 9027 9065 9024
f 9027 9024 9021
f 9066 8769 9026
f 9066 9026 9067
f 9066 9067 9068
f 9066 9068 9069
f 9066 9069 9070
f 9066 9070 9071
f 9066 9071 9072
f 9066 9072 9073
f 9066 9073 9074
f 9066 9074 9075
f 9066 9075 9076
f 9066 9076 9077
f 9066 9077 9078
f 9066 9078 9079
f 9066 9079 9080
f 9066 9080 9081
f 9066 9081 9082
f 9066 9082 9083
f 9066 9083 9084
f 9066 9084 9085
f 9066 9085 9086
f 9066 9086 9087
f 9066 9087 9088
f 9089 9028 9027
f 9090 9066 9088
f 9090 9088 9091
f 9092 9093 9028
f 9092 9028 9089
f 9094 9090 9091
f 9094 9091 9095
f 9096 9097 9093
f 9096 9093 9092
f 9098 9094 9095
f 9099 9100 9097
f 9099 9097 9096
f 9101 9098 9095
f 9101 9095 9102
f 9103 9100 9099
f 9104 9101 9102
f 9104 9102 9105
f 9106 9107 9100
f 9106 9100 9103
f 9108 9104 9105
f 9109 9108 9105
f 9109 9105 9110
f 9111 9112 9107
f 9111 9107 9106
f 9113 9112 9111
f 9114 9109 9110
f 9114 9110 9115
f 9116 9117 9112
f 9116 9112 9113
f 9118 9115 9119
f 9118 9114 9115
f 9120 9121 9117
f 9120 9117 9116
f 9122 9118 9119
f 9123 9122 9119
f 9123 9119 9124
f 9125 9126 9121
f 9125 9121 9120
f 9127 9126 9125
f 9128 9123 9124
f 9128 9124 9129
f 9130 9128 9129
f 9131 9132 9126
f 9131 9126 9127
f 9133 9132 9131
f 9133 9134 9132
f 9135 9130 9129
f 9135 9129 9136
f 9137 9134 9133
f 9138 9135 9136
f 9138 9136 9139
f 9140 9134 9137
f 9140 9138 9139
f 9140 9139 9134
f 6172 9027 8468
f 6172 8468 7252
f 7430 4755 5235
f 7430 5235 6308
f 9141 7799 9142
f 9142 7796 9143
f 7799 7796 9142
f 9143 7791 9144
f 7796 7791 9143
f 9144 7785 9145
f 7791 7785 9144
f 9145 7757 9146
f 7785 7757 9145
f 9146 7751 9147
f 7757 7751 9146
f 9147 7745 9148
f 7751 7745 9147
f 9148 7740 9149
f 7745 7740 9148
f 9149 7734 9150
f 7740 7734 9149
f 9150 7729 9151
f 7734 7729 9150
f 9151 7725 9152
f 7729 7725 9151
f 7725 7722 9152
f 9152 7722 9153
f 7722 7716 9153
f 9153 7716 9154
f 7716 7711 9154
f 9154 7711 9155
f 7711 7707 9155
f 9155 7707 9156
f 7707 7704 9156
f 9156 7704 9157
f 7704 7701 9157
f 9157 7701 9158
f 7701 7706 9158
f 9158 7706 9159
f 7706 7709 9159
f 9159 7709 9160
f 7709 7712 9160
f 9160 7712 9161
f 7712 7720 9161
f 9161 7720 9162
f 9162 7724 9163
f 7720 7724 9162
f 9163 7727 9164
f 7724 7727 9163
f 9164 7732 9165
f 7727 7732 9164
f 9165 7736 9166
f 7732 7736 9165
f 9166 7744 9167
f 7736 7744 9166
f 9167 7749 9168
f 7744 7749 9167
f 9168 7753 9169
f 7749 7753 9168
f 9169 7759 9170
f 7753 7759 9169
f 9170 7787 9171
f 7759 7787 9170
f 9171 7794 9172
f 7787 7794 9171
f 9172 7798 9173
f 7794 7798 9172
f 9173 7801 9174
f 7798 7801 9173
f 9174 7805 9175
f 7801 7805 9174
f 9175 7809 9176
f 7805 7809 9175
f 9176 7813 9177
f 7809 7813 9176
f 7813 7816 9177
f 9177 7816 9178
f 7816 7820 9178
f 9178 7820 9179
f 9179 7824 9180
f 7820 7824 9179
f 7824 7827 9180
f 9180 7827 9181
f 9181 7831 9182
f 7827 7831 9181
f 9182 7835 9183
f 7831 7835 9182
f 9183 7839 9184
f 7835 7839 9183
f 9184 7842 9185
f 7839 7842 9184
f 9185 7846 9186
f 7842 7846 9185
f 9186 7850 9187
f 7846 7850 9186
f 9187 7854 9188
f 7850 7854 9187
f 9188 7857 9189
f 7854 7857 9188
f 9189 7862 9190
f 7857 7862 9189
f 9190 7868 9191
f 7862 7868 9190
f 9191 7874 9192
f 7868 7874 9191
f 9192 7879 9193
f 7874 7879 9192
f 9193 7884 9194
f 7879 7884 9193
f 9194 7892 9195
f 7884 7892 9194
f 9195 7898 9196
f 7892 7898 9195
f 9196 8060 9197
f 7898 8060 9196
f 9197 8061 9198
f 8060 8061 9197
f 9198 8062 9199
f 8061 8062 9198
f 9199 8063 9200
f 8062 8063 9199
f 9200 8064 9201
f 8063 8064 9200
f 9201 8065 9202
f 8064 8065 9201
f 9202 8066 9203
f 8065 8066 9202
f 8066 8067 9203
f 9203 8067 9204
f 8067 8068 9204
f 9204 8068 9205
f 8068 8069 9205
f 9205 8069 9206
f 8069 8128 9206
f 9206 8128 9207
f 8128 8129 9207
f 9207 8129 9208
f 8129 8130 9208
f 9208 8130 9209
f 8130 8131 9209
f 9209 8131 9210
f 8131 8132 9210
f 9210 8132 9211
f 8132 8133 9211
f 9211 8133 9212
f 8133 8134 9212
f 9212 8134 9213
f 9213 8135 9214
f 8134 8135 9213
f 9214 8136 9215
f 8135 8136 9214
f 9215 8137 9216
f 8136 8137 9215
f 9216 8138 9217
f 8137 8138 9216
f 9217 8139 9218
f 8138 8139 9217
f 9218 8140 9219
f 8139 8140 9218
f 9219 8141 9220
f 8140 8141 9219
f 9220 8142 9221
f 8141 8142 9220
f 9221 8143 9222
f 8142 8143 9221
f 9222 8144 9223
f 8143 8144 9222
f 9223 8161 9224
f 8144 8161 9223
f 9224 8162 9225
f 8161 8162 9224
f 9225 8163 9226
f 8162 8163 9225
f 9226 8164 9227
f 8163 8164 9226
f 9227 8165 9228
f 8164 8165 9227
f 8165 8166 9228
f 9228 8166 9229
f 8166 8167 9229
f 9229 8167 9230
f 8167 8168 9230
f 9230 8168 9231
f 8168 8169 9231
f 9231 8169 9232
f 8169 8170 9232
f 9232 8170 9233
f 8170 8171 9233
f 9233 8171 9234
f 8171 8172 9234
f 9234 8172 9235
f 8172 8173 9235
f 9235 8173 9236
f 8173 8174 9236
f 9236 8174 9237
f 8174 7923 9237
f 9237 7923 9238
f 7923 7921 9238
f 9238 7921 9239
f 7921 7917 9239
f 9239 7917 9240
f 7917 7913 9240
f 9240 7913 9241
f 7913 7909 9241
f 9241 7909 9242
f 7909 7907 9242
f 9242 7907 9243
f 7907 7903 9243
f 9243 7903 9244
f 7903 7899 9244
f 9244 7899 9245
f 9245 7894 9246
f 7899 7894 9245
f 9246 7886 9247
f 7894 7886 9246
f 9247 7881 9248
f 7886 7881 9247
f 9248 7875 9249
f 7881 7875 9248
f 9249 7870 9250
f 7875 7870 9249
f 9250 7865 9251
f 7870 7865 9250
f 9251 7860 9252
f 7865 7860 9251
f 9252 7855 9253
f 7860 7855 9252
f 7855 7852 9253
f 9253 7852 9254
f 7852 7848 9254
f 9254 7848 9255
f 7848 7844 9255
f 9255 7844 9256
f 7844 7840 9256
f 9256 7840 9257
f 7840 7837 9257
f 9257 7837 9258
f 7837 7833 9258
f 9258 7833 9259
f 7833 7829 9259
f 9259 7829 9260
f 7829 7825 9260
f 9260 7825 9261
f 7825 7822 9261
f 9261 7822 9262
f 7822 7818 9262
f 9262 7818 9263
f 7818 7814 9263
f 9263 7814 9264
f 7814 7811 9264
f 9264 7811 9265
f 7811 7807 9265
f 9265 7807 9266
f 7807 7803 9266
f 9266 7803 9267
f 7803 7799 9267
f 9267 7799 9141
f 9159 9268 9158
f 9160 9268 9159
f 9269 9270 9271
f 9272 9270 9269
f 3109 9273 3115
f 3115 9273 3123
f 9274 9273 9275
f 3123 9273 9274
f 9275 9273 9276
f 9173 9277 9172
f 9157 9278 9156
f 9158 9278 9157
f 9268 9278 9158
f 9271 9279 9280
f 9270 9279 9271
f 9273 9281 9276
f 3098 9281 3102
f 3102 9281 3109
f 3109 9281 9273
f 9276 9281 9272
f 9155 9282 9154
f 9156 9282 9155
f 9278 9282 9156
f 9279 9283 9280
f 9280 9283 9268
f 3098 9284 9281
f 3087 9284 3093
f 3093 9284 3098
f 9272 9284 9270
f 9281 9284 9272
f 3162 3152 9285
f 9282 9286 9154
f 9153 9286 9152
f 9154 9286 9153
f 9283 9287 9268
f 9268 9287 9278
f 3087 9288 9284
f 3077 9288 3081
f 3081 9288 3087
f 9284 9288 9270
f 9270 9288 9279
f 9286 9289 9152
f 9151 9289 9150
f 9152 9289 9151
f 9287 9290 9278
f 9278 9290 9282
f 3067 9291 3071
f 3071 9291 3077
f 9279 9291 9283
f 9283 9291 9287
f 9288 9291 9279
f 3077 9291 9288
f 9149 9292 9148
f 9150 9292 9149
f 9289 9292 9150
f 9290 9293 9282
f 9282 9293 9286
f 3070 9294 3065
f 3065 9294 3067
f 3067 9294 9291
f 9291 9294 9287
f 9147 9295 9146
f 9148 9295 9147
f 9292 9295 9148
f 9293 9296 9286
f 9286 9296 9289
f 9287 9297 9290
f 3080 9297 3076
f 3076 9297 3070
f 3070 9297 9294
f 9294 9297 9287
f 9145 9298 9144
f 9146 9298 9145
f 9295 9298 9146
f 9289 9299 9292
f 9296 9299 9289
f 9292 9299 9295
f 3092 9300 3086
f 3086 9300 3080
f 9290 9300 9293
f 9297 9300 9290
f 3080 9300 9297
f 9143 9301 9142
f 9144 9301 9143
f 9298 9301 9144
f 9299 9302 9295
f 9295 9302 9298
f 3101 9303 3095
f 3095 9303 3092
f 9296 9303 9299
f 9300 9303 9293
f 3092 9303 9300
f 9293 9303 9296
f 9301 9304 9142
f 9142 9304 9141
f 9267 9304 9266
f 9141 9304 9267
f 9302 9305 9298
f 3108 9306 3101
f 3101 9306 9303
f 9303 9306 9299
f 3112 9306 3108
f 9265 9307 9264
f 9266 9307 9265
f 9304 9307 9266
f 9298 9308 9301
f 9305 9308 9298
f 9299 9309 9302
f 3112 9309 9306
f 9306 9309 9299
f 3126 9309 3118
f 3118 9309 3112
f 9307 9310 9264
f 9263 9310 9262
f 9264 9310 9263
f 9301 9311 9304
f 9308 9311 9301
f 3126 9312 9309
f 9302 9312 9305
f 9309 9312 9302
f 3143 9312 3132
f 3132 9312 3126
f 9261 9313 9260
f 9262 9313 9261
f 9310 9313 9262
f 9304 9314 9307
f 9311 9314 9304
f 3143 9315 9312
f 9312 9315 9305
f 9305 9315 9308
f 3157 9315 3151
f 3151 9315 3143
f 9313 9316 9260
f 9259 9316 9258
f 9260 9316 9259
f 9314 9317 9307
f 9307 9317 9310
f 9311 9318 9314
f 9315 9318 9308
f 9308 9318 9311
f 3157 9318 9315
f 3175 9318 3165
f 3165 9318 3157
f 9316 9319 9258
f 9257 9319 9256
f 9258 9319 9257
f 9317 9320 9310
f 9310 9320 9313
f 3175 9321 9318
f 9318 9321 9314
f 3192 9321 3183
f 3183 9321 3175
f 9255 9322 9254
f 9256 9322 9255
f 9319 9322 9256
f 9320 9323 9313
f 9313 9323 9316
f 3192 9324 9321
f 9321 9324 9314
f 3213 9324 3201
f 3201 9324 3192
f 9314 9324 9317
f 9322 9325 9254
f 9253 9325 9252
f 9254 9325 9253
f 9316 9326 9319
f 9323 9326 9316
f 9324 9327 9317
f 9320 9327 9323
f 3213 9327 9324
f 3257 9327 3224
f 3224 9327 3213
f 9317 9327 9320
f 9325 9328 9252
f 9251 9328 9250
f 9252 9328 9251
f 9326 9329 9319
f 9319 9329 9322
f 9323 9330 9326
f 3257 9330 9327
f 3267 9330 3262
f 3262 9330 3257
f 9327 9330 9323
f 9328 9331 9250
f 9249 9331 9248
f 9250 9331 9249
f 9329 9332 9322
f 9322 9332 9325
f 9330 9333 9326
f 3267 9333 9330
f 3275 9333 3270
f 3270 9333 3267
f 9326 9333 9329
f 9331 9334 9248
f 9247 9334 9246
f 9248 9334 9247
f 9325 9335 9328
f 9332 9335 9325
f 9333 9336 9329
f 3283 9336 3280
f 3280 9336 3275
f 3275 9336 9333
f 9245 9337 9244
f 9246 9337 9245
f 9334 9337 9246
f 9335 9338 9328
f 9328 9338 9331
f 9329 9339 9332
f 9336 9339 9329
f 3293 9339 3288
f 3288 9339 3283
f 3283 9339 9336
f 9337 9340 9244
f 9243 9340 9242
f 9244 9340 9243
f 9338 9341 9331
f 9331 9341 9334
f 9332 9342 9335
f 3308 9342 3299
f 3299 9342 3293
f 3293 9342 9339
f 9339 9342 9332
f 9340 9343 9242
f 9241 9343 9240
f 9242 9343 9241
f 9334 9344 9337
f 9341 9344 9334
f 9335 9345 9338
f 3308 9345 9342
f 3325 9345 3315
f 3315 9345 3308
f 9342 9345 9335
f 9343 9346 9240
f 9239 9346 9238
f 9240 9346 9239
f 9337 9347 9340
f 9344 9347 9337
f 3325 9348 9345
f 9345 9348 9338
f 9338 9348 9341
f 3336 9348 3332
f 3332 9348 3325
f 9346 9349 9238
f 9237 9349 9236
f 9238 9349 9237
f 9347 9350 9340
f 9340 9350 9343
f 9343 9350 9346
f 3336 9351 9348
f 9341 9351 9344
f 9348 9351 9341
f 3348 9351 3342
f 3342 9351 3336
f 9349 9352 9236
f 9235 9352 9234
f 9236 9352 9235
f 9350 9353 9346
f 9344 9354 9347
f 3348 9354 9351
f 3358 9354 3353
f 3353 9354 3348
f 9351 9354 9344
f 9352 9355 9234
f 9233 9355 9232
f 9234 9355 9233
f 9353 9356 9346
f 9346 9356 9349
f 9347 9357 9350
f 3370 9357 3362
f 3362 9357 3358
f 3358 9357 9354
f 9354 9357 9347
f 9231 9358 9230
f 9232 9358 9231
f 9355 9358 9232
f 9349 9359 9352
f 9356 9359 9349
f 3370 9360 9357
f 3591 9360 3386
f 3386 9360 3370
f 9353 9360 9356
f 9350 9360 9353
f 9357 9360 9350
f 9229 9361 9228
f 9230 9361 9229
f 9358 9361 9230
f 9352 9362 9355
f 9359 9362 9352
f 3591 9363 9360
f 3589 9363 3590
f 3590 9363 3591
f 9356 9363 9359
f 9360 9363 9356
f 9361 9364 9228
f 9227 9364 9226
f 9228 9364 9227
f 9362 9365 9355
f 9355 9365 9358
f 9358 9365 9361
f 9363 9366 9359
f 3587 9366 3588
f 3588 9366 3589
f 3589 9366 9363
f 9359 9366 9362
f 9364 9367 9226
f 9225 9367 9224
f 9226 9367 9225
f 9365 9368 9361
f 3587 9369 9366
f 9366 9369 9362
f 3585 9369 3586
f 3586 9369 3587
f 9367 9370 9224
f 9223 9370 9222
f 9224 9370 9223
f 9368 9371 9361
f 9361 9371 9364
f 9362 9372 9365
f 9369 9372 9362
f 3585 9372 9369
f 3583 9372 3584
f 3584 9372 3585
f 9370 9373 9222
f 9221 9373 9220
f 9222 9373 9221
f 9371 9374 9364
f 9364 9374 9367
f 9365 9375 9368
f 9372 9375 9365
f 3583 9375 9372
f 3581 9375 3582
f 3582 9375 3583
f 9373 9376 9220
f 9219 9376 9218
f 9220 9376 9219
f 9374 9377 9367
f 9367 9377 9370
f 9375 9378 9368
f 3581 9378 9375
f 3579 9378 3580
f 3580 9378 3581
f 9368 9378 9371
f 9217 9379 9216
f 9218 9379 9217
f 9376 9379 9218
f 9370 9380 9373
f 9377 9380 9370
f 9373 9380 9376
f 9378 9381 9371
f 9371 9381 9374
f 3578 9381 3576
f 3576 9381 3579
f 3579 9381 9378
f 9374 9381 9377
f 9379 9382 9216
f 9215 9382 9214
f 9216 9382 9215
f 9380 9383 9376
f 3615 9384 3606
f 3606 9384 3578
f 3578 9384 9381
f 9381 9384 9377
f 9213 9385 9212
f 9214 9385 9213
f 9382 9385 9214
f 9376 9386 9379
f 9383 9386 9376
f 9377 9387 9380
f 3561 9387 3559
f 3559 9387 3615
f 3615 9387 9384
f 9384 9387 9377
f 9211 9388 9210
f 9212 9388 9211
f 9385 9388 9212
f 9379 9389 9382
f 9386 9389 9379
f 9387 9390 9380
f 9383 9390 9386
f 3574 9390 3575
f 3575 9390 3561
f 9380 9390 9383
f 3561 9390 9387
f 9209 9391 9208
f 9210 9391 9209
f 9388 9391 9210
f 9385 9392 9388
f 9382 9392 9385
f 9389 9392 9382
f 3572 9393 3573
f 3573 9393 3574
f 9390 9393 9386
f 9386 9393 9389
f 3574 9393 9390
f 9207 9394 9206
f 9208 9394 9207
f 9391 9394 9208
f 9392 9395 9388
f 9388 9395 9391
f 3572 9396 9393
f 9389 9396 9392
f 9393 9396 9389
f 3570 9396 3571
f 3571 9396 3572
f 9394 9397 9206
f 9205 9397 9204
f 9206 9397 9205
f 9395 9398 9391
f 3570 9399 9396
f 3568 9399 3569
f 3569 9399 3570
f 9396 9399 9392
f 9392 9399 9395
f 9397 9400 9204
f 9203 9400 9202
f 9204 9400 9203
f 9391 9401 9394
f 9398 9401 9391
f 9399 9402 9395
f 3568 9402 9399
f 3566 9402 3567
f 3567 9402 3568
f 9400 9403 9202
f 9201 9403 9200
f 9202 9403 9201
f 9394 9404 9397
f 9401 9404 9394
f 9395 9405 9398
f 9402 9405 9395
f 3566 9405 9402
f 3564 9405 3565
f 3565 9405 3566
f 9403 9406 9200
f 9199 9406 9198
f 9200 9406 9199
f 9397 9407 9400
f 9404 9407 9397
f 9400 9407 9403
f 9398 9408 9401
f 9405 9408 9398
f 3564 9408 9405
f 3562 9408 3563
f 3563 9408 3564
f 9197 9409 9196
f 9198 9409 9197
f 9406 9409 9198
f 9407 9410 9403
f 9403 9410 9406
f 3562 9411 9408
f 9401 9411 9404
f 9408 9411 9401
f 3506 9411 3507
f 3507 9411 3562
f 9195 9412 9194
f 9196 9412 9195
f 9409 9412 9196
f 9410 9413 9406
f 3504 9414 3505
f 3505 9414 3506
f 3506 9414 9411
f 9411 9414 9404
f 9404 9414 9407
f 9193 9415 9192
f 9194 9415 9193
f 9412 9415 9194
f 9406 9416 9409
f 9413 9416 9406
f 3502 9417 3503
f 3503 9417 3504
f 9407 9417 9410
f 3504 9417 9414
f 9410 9417 9413
f 9414 9417 9407
f 9191 9418 9190
f 9192 9418 9191
f 9415 9418 9192
f 9409 9419 9412
f 9416 9419 9409
f 3500 9420 3501
f 3501 9420 3502
f 3502 9420 9417
f 9417 9420 9413
f 9189 9421 9188
f 9190 9421 9189
f 9418 9421 9190
f 9419 9422 9412
f 9412 9422 9415
f 3498 9423 3499
f 3499 9423 3500
f 3500 9423 9420
f 9413 9423 9416
f 9420 9423 9413
f 9187 9424 9186
f 9188 9424 9187
f 9421 9424 9188
f 9415 9425 9418
f 9422 9425 9415
f 3496 9426 3497
f 3497 9426 3498
f 9416 9426 9419
f 3498 9426 9423
f 9423 9426 9416
f 9185 9427 9184
f 9186 9427 9185
f 9424 9427 9186
f 9418 9428 9421
f 9425 9428 9418
f 3496 9429 9426
f 3320 9429 3328
f 3328 9429 3496
f 9426 9429 9419
f 9419 9429 9422
f 9422 9429 9425
f 9183 9430 9182
f 9184 9430 9183
f 9427 9430 9184
f 9428 9431 9421
f 9421 9431 9424
f 9429 9432 9425
f 3303 9432 3311
f 3311 9432 3320
f 3320 9432 9429
f 9430 9433 9182
f 9181 9433 9180
f 9182 9433 9181
f 9427 9434 9430
f 9431 9434 9424
f 9424 9434 9427
f 3303 9435 9432
f 9425 9435 9428
f 3290 9435 3296
f 3296 9435 3303
f 9432 9435 9425
f 9179 9436 9178
f 9180 9436 9179
f 9433 9436 9180
f 9434 9437 9430
f 9428 9438 9431
f 3281 9438 3286
f 3286 9438 3290
f 9431 9438 9434
f 3290 9438 9435
f 9435 9438 9428
f 9177 9439 9176
f 9178 9439 9177
f 9436 9439 9178
f 9437 9440 9430
f 9430 9440 9433
f 3273 9441 3277
f 3277 9441 3281
f 9438 9441 9434
f 3281 9441 9438
f 9175 9442 9174
f 9176 9442 9175
f 9439 9442 9176
f 9174 9442 9277
f 9277 9442 9443
f 9433 9444 9436
f 9436 9444 9439
f 9440 9444 9433
f 3264 9445 3268
f 3268 9445 3273
f 9437 9445 9440
f 9434 9445 9437
f 3273 9445 9441
f 9441 9445 9434
f 9444 9446 9439
f 3250 9447 3259
f 3259 9447 3264
f 9445 9447 9440
f 3264 9447 9445
f 9446 9448 9439
f 9439 9448 9442
f 9442 9448 9443
f 9443 9448 9285
f 3206 9449 3217
f 3217 9449 3250
f 3250 9449 9447
f 9440 9449 9444
f 9447 9449 9440
f 3189 9450 3196
f 3196 9450 3206
f 9444 9450 9446
f 3206 9450 9449
f 9449 9450 9444
f 3168 9451 3178
f 3178 9451 3189
f 9446 9451 9448
f 9448 9451 9285
f 3189 9451 9450
f 9450 9451 9446
f 9285 9451 3168
f 9174 9277 9173
f 3168 3162 9285
f 9443 9452 9277
f 9171 9452 9170
f 9172 9452 9171
f 9277 9452 9172
f 9169 9453 9168
f 9170 9453 9169
f 9452 9453 9170
f 9453 9454 9168
f 9167 9454 9166
f 9168 9454 9167
f 9443 9455 9452
f 9285 9455 9443
f 9454 9269 9166
f 9165 9269 9164
f 9166 9269 9165
f 9452 9275 9453
f 9455 9275 9452
f 9163 9271 9162
f 9164 9271 9163
f 9269 9271 9164
f 9453 9276 9454
f 9275 9276 9453
f 3152 9456 9285
f 3138 9456 3144
f 3144 9456 3152
f 9285 9456 9455
f 9271 9280 9162
f 9161 9280 9160
f 9162 9280 9161
f 9454 9272 9269
f 9276 9272 9454
f 9456 9274 9455
f 3123 9274 3129
f 3129 9274 3138
f 3138 9274 9456
f 9455 9274 9275
f 9280 9268 9160
f 9457 6837 9458
f 9458 6833 9459
f 6837 6833 9458
f 9459 6829 9460
f 6833 6829 9459
f 9460 6825 9461
f 6829 6825 9460
f 9461 6821 9462
f 6825 6821 9461
f 9462 6817 9463
f 6821 6817 9462
f 9463 6814 9464
f 6817 6814 9463
f 9464 6810 9465
f 6814 6810 9464
f 9465 6806 9466
f 6810 6806 9465
f 9466 6802 9467
f 6806 6802 9466
f 9467 6798 9468
f 6802 6798 9467
f 6798 6794 9468
f 9468 6794 9469
f 6794 6790 9469
f 9469 6790 9470
f 6790 6786 9470
f 9470 6786 9471
f 6786 6782 9471
f 9471 6782 9472
f 6782 6778 9472
f 9472 6778 9473
f 6778 6775 9473
f 9473 6775 9474
f 6775 6780 9474
f 9474 6780 9475
f 6780 6784 9475
f 9475 6784 9476
f 6784 6788 9476
f 9476 6788 9477
f 6788 6792 9477
f 9477 6792 9478
f 9478 6796 9479
f 6792 6796 9478
f 9479 6800 9480
f 6796 6800 9479
f 9480 6804 9481
f 6800 6804 9480
f 9481 6808 9482
f 6804 6808 9481
f 9482 6812 9483
f 6808 6812 9482
f 9483 6816 9484
f 6812 6816 9483
f 9484 6819 9485
f 6816 6819 9484
f 9485 6823 9486
f 6819 6823 9485
f 9486 6827 9487
f 6823 6827 9486
f 9487 6831 9488
f 6827 6831 9487
f 9488 6835 9489
f 6831 6835 9488
f 9489 6839 9490
f 6835 6839 9489
f 9490 6843 9491
f 6839 6843 9490
f 9491 6847 9492
f 6843 6847 9491
f 9492 6851 9493
f 6847 6851 9492
f 6851 6855 9493
f 9493 6855 9494
f 6855 6859 9494
f 9494 6859 9495
f 9495 6863 9496
f 6859 6863 9495
f 6863 6866 9496
f 9496 6866 9497
f 9497 6868 9498
f 6866 6868 9497
f 9498 6870 9499
f 6868 6870 9498
f 9499 6871 9500
f 6870 6871 9499
f 9500 6873 9501
f 6871 6873 9500
f 9501 6875 9502
f 6873 6875 9501
f 9502 6877 9503
f 6875 6877 9502
f 9503 6879 9504
f 6877 6879 9503
f 9504 6881 9505
f 6879 6881 9504
f 9505 6883 9506
f 6881 6883 9505
f 9506 6885 9507
f 6883 6885 9506
f 9507 6914 9508
f 6885 6914 9507
f 9508 6926 9509
f 6914 6926 9508
f 9509 6936 9510
f 6926 6936 9509
f 9510 6944 9511
f 6936 6944 9510
f 9511 6954 9512
f 6944 6954 9511
f 9512 6959 9513
f 6954 6959 9512
f 9513 6966 9514
f 6959 6966 9513
f 9514 6972 9515
f 6966 6972 9514
f 9515 6978 9516
f 6972 6978 9515
f 9516 6984 9517
f 6978 6984 9516
f 9517 6990 9518
f 6984 6990 9517
f 9518 7957 9519
f 6990 7957 9518
f 7957 7956 9519
f 9519 7956 9520
f 7956 7952 9520
f 9520 7952 9521
f 7952 7946 9521
f 9521 7946 9522
f 7946 7945 9522
f 9522 7945 9523
f 7945 7942 9523
f 9523 7942 9524
f 7942 7941 9524
f 9524 7941 9525
f 7941 7943 9525
f 9525 7943 9526
f 7943 7948 9526
f 9526 7948 9527
f 7948 7489 9527
f 9527 7489 9528
f 7489 7485 9528
f 9528 7485 9529
f 9529 7478 9530
f 7485 7478 9529
f 9530 7468 9531
f 7478 7468 9530
f 9531 7462 9532
f 7468 7462 9531
f 9532 7452 9533
f 7462 7452 9532
f 9533 7451 9534
f 7452 7451 9533
f 9534 7425 9535
f 7451 7425 9534
f 9535 7415 9536
f 7425 7415 9535
f 9536 7405 9537
f 7415 7405 9536
f 9537 7404 9538
f 7405 7404 9537
f 9538 7394 9539
f 7404 7394 9538
f 9539 7380 9540
f 7394 7380 9539
f 9540 7366 9541
f 7380 7366 9540
f 9541 7365 9542
f 7366 7365 9541
f 9542 7346 9543
f 7365 7346 9542
f 9543 7327 9544
f 7346 7327 9543
f 7327 7325 9544
f 9544 7325 9545
f 7325 7324 9545
f 9545 7324 9546
f 7324 7322 9546
f 9546 7322 9547
f 7322 7320 9547
f 9547 7320 9548
f 7320 7319 9548
f 9548 7319 9549
f 7319 7317 9549
f 9549 7317 9550
f 7317 7315 9550
f 9550 7315 9551
f 7315 7314 9551
f 9551 7314 9552
f 7314 7312 9552
f 9552 7312 9553
f 7312 7308 9553
f 9553 7308 9554
f 7308 7304 9554
f 9554 7304 9555
f 7304 7303 9555
f 9555 7303 9556
f 7303 7299 9556
f 9556 7299 9557
f 7299 7295 9557
f 9557 7295 9558
f 7295 7294 9558
f 9558 7294 9559
f 7294 7290 9559
f 9559 7290 9560
f 7290 7285 9560
f 9560 7285 9561
f 9561 7281 9562
f 7285 7281 9561
f 9562 7280 9563
f 7281 7280 9562
f 9563 7276 9564
f 7280 7276 9563
f 9564 7272 9565
f 7276 7272 9564
f 9565 7268 9566
f 7272 7268 9565
f 9566 7267 9567
f 7268 7267 9566
f 9567 7263 9568
f 7267 7263 9567
f 9568 7259 9569
f 7263 7259 9568
f 7259 7255 9569
f 9569 7255 9570
f 7255 7254 9570
f 9570 7254 9571
f 7254 7249 9571
f 9571 7249 9572
f 7249 7245 9572
f 9572 7245 9573
f 7245 7244 9573
f 9573 7244 9574
f 7244 7247 9574
f 9574 7247 9575
f 7247 7251 9575
f 9575 7251 9576
f 7251 6865 9576
f 9576 6865 9577
f 6865 6861 9577
f 9577 6861 9578
f 6861 6857 9578
f 9578 6857 9579
f 6857 6853 9579
f 9579 6853 9580
f 6853 6849 9580
f 9580 6849 9581
f 6849 6845 9581
f 9581 6845 9582
f 6845 6841 9582
f 9582 6841 9583
f 6841 6837 9583
f 9583 6837 9457
f 9475 9584 9474
f 9476 9584 9475
f 9585 9584 9476
f 9586 9587 9588
f 9588 9587 9589
f 9590 9591 9592
f 2243 9591 2247
f 2247 9591 2251
f 2251 9591 9590
f 9489 9593 9488
f 9592 9591 9594
f 9473 9595 9472
f 9474 9595 9473
f 9584 9595 9474
f 9589 9596 9585
f 9587 9596 9589
f 9591 9597 9594
f 2243 9597 9591
f 2233 9597 2238
f 2238 9597 2243
f 9594 9597 9586
f 9595 9598 9472
f 9471 9598 9470
f 9472 9598 9471
f 9585 9599 9584
f 9596 9599 9585
f 9584 9599 9595
f 2225 9600 2229
f 2229 9600 2233
f 9586 9600 9587
f 9597 9600 9586
f 2233 9600 9597
f 2273 2269 9601
f 9469 9602 9468
f 9470 9602 9469
f 9598 9602 9470
f 9599 9603 9595
f 2215 9604 2219
f 2219 9604 2225
f 2225 9604 9600
f 9587 9604 9596
f 9600 9604 9587
f 9602 9605 9468
f 9467 9605 9466
f 9468 9605 9467
f 9595 9606 9598
f 9598 9606 9602
f 9603 9606 9595
f 2205 9607 2210
f 2210 9607 2215
f 9599 9607 9603
f 9596 9607 9599
f 9604 9607 9596
f 2215 9607 9604
f 9465 9608 9464
f 9466 9608 9465
f 9605 9608 9466
f 9606 9609 9602
f 2207 9610 2203
f 2203 9610 2205
f 2205 9610 9607
f 9607 9610 9603
f 9463 9611 9462
f 9464 9611 9463
f 9608 9611 9464
f 9609 9612 9602
f 9602 9612 9605
f 2217 9613 2213
f 2213 9613 2207
f 9610 9613 9603
f 2207 9613 9610
f 9603 9613 9606
f 9606 9613 9609
f 9461 9614 9460
f 9462 9614 9461
f 9611 9614 9462
f 9612 9615 9605
f 9605 9615 9608
f 9613 9616 9609
f 2228 9616 2222
f 2222 9616 2217
f 2217 9616 9613
f 9459 9617 9458
f 9460 9617 9459
f 9614 9617 9460
f 9608 9618 9611
f 9615 9618 9608
f 2236 9619 2232
f 2232 9619 2228
f 9609 9619 9612
f 9616 9619 9609
f 2228 9619 9616
f 9458 9620 9457
f 9617 9620 9458
f 9583 9620 9582
f 9457 9620 9583
f 9618 9621 9611
f 9611 9621 9614
f 2242 9622 2236
f 2236 9622 9619
f 9619 9622 9612
f 9612 9622 9615
f 2246 9622 2242
f 9620 9623 9582
f 9581 9623 9580
f 9582 9623 9581
f 9621 9624 9614
f 9614 9624 9617
f 9615 9625 9618
f 2246 9625 9622
f 9622 9625 9615
f 2254 9625 2249
f 2249 9625 2246
f 9623 9626 9580
f 9579 9626 9578
f 9580 9626 9579
f 9617 9627 9620
f 9624 9627 9617
f 9621 9628 9624
f 2254 9628 9625
f 9618 9628 9621
f 9625 9628 9618
f 2262 9628 2258
f 2258 9628 2254
f 9577 9629 9576
f 9578 9629 9577
f 9626 9629 9578
f 9627 9630 9620
f 9620 9630 9623
f 2262 9631 9628
f 9628 9631 9624
f 2272 9631 2268
f 2268 9631 2262
f 9629 9632 9576
f 9575 9632 9574
f 9576 9632 9575
f 9630 9633 9623
f 9623 9633 9626
f 9624 9634 9627
f 9631 9634 9624
f 2272 9634 9631
f 2280 9634 2275
f 2275 9634 2272
f 9632 9635 9574
f 9573 9635 9572
f 9574 9635 9573
f 9633 9636 9626
f 9626 9636 9629
f 9634 9637 9627
f 2280 9637 9634
f 9627 9637 9630
f 2290 9637 2285
f 2285 9637 2280
f 9571 9638 9570
f 9572 9638 9571
f 9635 9638 9572
f 9636 9639 9629
f 9629 9639 9632
f 9630 9640 9633
f 9637 9640 9630
f 2290 9640 9637
f 2298 9640 2293
f 2293 9640 2290
f 9638 9641 9570
f 9569 9641 9568
f 9570 9641 9569
f 9639 9642 9632
f 9632 9642 9635
f 9635 9642 9638
f 2298 9643 9640
f 2307 9643 2303
f 2303 9643 2298
f 9640 9643 9633
f 9633 9643 9636
f 9641 9644 9568
f 9567 9644 9566
f 9568 9644 9567
f 9642 9645 9638
f 9636 9646 9639
f 9639 9646 9642
f 9643 9646 9636
f 2307 9646 9643
f 2702 9646 2706
f 2706 9646 2307
f 9644 9647 9566
f 9565 9647 9564
f 9566 9647 9565
f 9638 9648 9641
f 9645 9648 9638
f 9646 9649 9642
f 2702 9649 9646
f 2694 9649 2698
f 2698 9649 2702
f 9647 9650 9564
f 9563 9650 9562
f 9564 9650 9563
f 9641 9651 9644
f 9644 9651 9647
f 9648 9651 9641
f 9649 9652 9642
f 2686 9652 2690
f 2690 9652 2694
f 2694 9652 9649
f 9642 9652 9645
f 9650 9653 9562
f 9561 9653 9560
f 9562 9653 9561
f 9651 9654 9647
f 9645 9655 9648
f 2686 9655 9652
f 9648 9655 9651
f 9652 9655 9645
f 2678 9655 2681
f 2681 9655 2686
f 9559 9656 9558
f 9560 9656 9559
f 9653 9656 9560
f 9647 9657 9650
f 9654 9657 9647
f 9655 9658 9651
f 9651 9658 9654
f 2684 9658 2680
f 2680 9658 2678
f 2678 9658 9655
f 9656 9659 9558
f 9557 9659 9556
f 9558 9659 9557
f 9650 9660 9653
f 9657 9660 9650
f 9658 9661 9654
f 2693 9661 2689
f 2689 9661 2684
f 2684 9661 9658
f 9659 9662 9556
f 9555 9662 9554
f 9556 9662 9555
f 9660 9663 9653
f 9653 9663 9656
f 9661 9664 9654
f 9654 9664 9657
f 2701 9664 2697
f 2697 9664 2693
f 2693 9664 9661
f 9553 9665 9552
f 9554 9665 9553
f 9662 9665 9554
f 9663 9666 9656
f 9656 9666 9659
f 9657 9667 9660
f 2701 9667 9664
f 9664 9667 9657
f 2709 9667 2705
f 2705 9667 2701
f 9660 9667 9663
f 9665 9668 9552
f 9551 9668 9550
f 9552 9668 9551
f 9662 9669 9665
f 9659 9669 9662
f 9666 9669 9659
f 9667 9670 9663
f 2716 9670 2712
f 2712 9670 2709
f 2709 9670 9667
f 9668 9671 9550
f 9549 9671 9548
f 9550 9671 9549
f 9669 9672 9665
f 9663 9673 9666
f 2725 9673 2721
f 2721 9673 2716
f 2716 9673 9670
f 9670 9673 9663
f 9547 9674 9546
f 9548 9674 9547
f 9671 9674 9548
f 9665 9675 9668
f 9672 9675 9665
f 9666 9676 9669
f 9673 9676 9666
f 2733 9676 2729
f 2725 9676 9673
f 2729 9676 2725
f 9669 9676 9672
f 9545 9677 9544
f 9546 9677 9545
f 9674 9677 9546
f 9675 9678 9668
f 9671 9678 9674
f 9668 9678 9671
f 2741 9679 2737
f 2737 9679 2733
f 9676 9679 9672
f 2733 9679 9676
f 9677 9680 9544
f 9543 9680 9542
f 9544 9680 9543
f 9678 9681 9674
f 9672 9682 9675
f 2745 9682 2743
f 2743 9682 2741
f 9679 9682 9672
f 2741 9682 9679
f 9680 9683 9542
f 9541 9683 9540
f 9542 9683 9541
f 9674 9684 9677
f 9681 9684 9674
f 9677 9684 9680
f 9675 9685 9678
f 9678 9685 9681
f 2749 9685 2747
f 2747 9685 2745
f 2745 9685 9682
f 9682 9685 9675
f 9683 9686 9540
f 9539 9686 9538
f 9540 9686 9539
f 9684 9687 9680
f 2749 9688 9685
f 9685 9688 9681
f 2753 9688 2751
f 2751 9688 2749
f 9686 9689 9538
f 9537 9689 9536
f 9538 9689 9537
f 9680 9690 9683
f 9687 9690 9680
f 2753 9691 9688
f 2791 9691 2772
f 2772 9691 2753
f 9684 9691 9687
f 9688 9691 9681
f 9681 9691 9684
f 9689 9692 9536
f 9535 9692 9534
f 9536 9692 9535
f 9686 9693 9689
f 9690 9693 9683
f 9683 9693 9686
f 2791 9694 9691
f 9691 9694 9687
f 2819 9694 2805
f 2805 9694 2791
f 9533 9695 9532
f 9534 9695 9533
f 9692 9695 9534
f 9693 9696 9689
f 9687 9697 9690
f 9694 9697 9687
f 2839 9697 2829
f 2829 9697 2819
f 2819 9697 9694
f 9531 9698 9530
f 9532 9698 9531
f 9695 9698 9532
f 9696 9699 9689
f 9689 9699 9692
f 9692 9699 9695
f 2875 9700 2849
f 2849 9700 2839
f 2839 9700 9697
f 9697 9700 9690
f 9693 9700 9696
f 9690 9700 9693
f 9698 9701 9530
f 9529 9701 9528
f 9530 9701 9529
f 9699 9702 9695
f 2891 9703 2885
f 2885 9703 2875
f 9700 9703 9696
f 2875 9703 9700
f 9527 9704 9526
f 9528 9704 9527
f 9701 9704 9528
f 9695 9705 9698
f 9702 9705 9695
f 9696 9706 9699
f 9699 9706 9702
f 9703 9706 9696
f 2909 9706 2901
f 2901 9706 2891
f 2891 9706 9703
f 9525 9707 9524
f 9526 9707 9525
f 9704 9707 9526
f 9698 9708 9701
f 9705 9708 9698
f 2917 9709 2913
f 2913 9709 2909
f 9706 9709 9702
f 2909 9709 9706
f 9523 9710 9522
f 9524 9710 9523
f 9707 9710 9524
f 9708 9711 9701
f 9701 9711 9704
f 2917 9712 9709
f 3391 9712 2939
f 2939 9712 2917
f 9702 9712 9705
f 9709 9712 9702
f 9710 9713 9522
f 9521 9713 9520
f 9522 9713 9521
f 9711 9714 9704
f 9704 9714 9707
f 9712 9715 9705
f 3382 9715 3383
f 3383 9715 3391
f 9705 9715 9708
f 3391 9715 9712
f 9708 9715 9711
f 9713 9716 9520
f 9519 9716 9518
f 9520 9716 9519
f 9707 9717 9710
f 9714 9717 9707
f 9715 9718 9711
f 3382 9718 9715
f 3371 9718 3374
f 3374 9718 3382
f 9716 9719 9518
f 9517 9719 9516
f 9518 9719 9517
f 9710 9720 9713
f 9717 9720 9710
f 9711 9721 9714
f 9718 9721 9711
f 3371 9721 9718
f 3377 9721 3373
f 3373 9721 3371
f 9719 9722 9516
f 9515 9722 9514
f 9516 9722 9515
f 9720 9723 9713
f 9713 9723 9716
f 9717 9724 9720
f 3377 9724 9721
f 3385 9724 3378
f 3378 9724 3377
f 9721 9724 9714
f 9714 9724 9717
f 9513 9725 9512
f 9514 9725 9513
f 9722 9725 9514
f 9723 9726 9716
f 9716 9726 9719
f 3385 9727 9724
f 3389 9727 3387
f 3387 9727 3385
f 9724 9727 9720
f 9720 9727 9723
f 9511 9728 9510
f 9512 9728 9511
f 9725 9728 9512
f 9726 9729 9719
f 9719 9729 9722
f 9723 9730 9726
f 9727 9730 9723
f 3404 9730 3398
f 3398 9730 3389
f 3389 9730 9727
f 9728 9731 9510
f 9509 9731 9508
f 9510 9731 9509
f 9722 9732 9725
f 9729 9732 9722
f 9730 9733 9726
f 2570 9733 3405
f 3405 9733 3404
f 9726 9733 9729
f 3404 9733 9730
f 9507 9734 9506
f 9508 9734 9507
f 9731 9734 9508
f 9725 9735 9728
f 9732 9735 9725
f 2511 9736 2542
f 2542 9736 2570
f 2570 9736 9733
f 9733 9736 9729
f 9505 9737 9504
f 9506 9737 9505
f 9734 9737 9506
f 9728 9738 9731
f 9735 9738 9728
f 2424 9739 2463
f 2463 9739 2511
f 9729 9739 9732
f 9736 9739 9729
f 2511 9739 9736
f 9503 9740 9502
f 9504 9740 9503
f 9737 9740 9504
f 9731 9741 9734
f 9738 9741 9731
f 2405 9742 2414
f 2414 9742 2424
f 9732 9742 9735
f 9739 9742 9732
f 2424 9742 9739
f 9735 9742 9738
f 9501 9743 9500
f 9502 9743 9501
f 9740 9743 9502
f 9734 9744 9737
f 9741 9744 9734
f 2382 9745 2394
f 2394 9745 2405
f 2405 9745 9742
f 9742 9745 9738
f 9738 9745 9741
f 9499 9746 9498
f 9500 9746 9499
f 9743 9746 9500
f 9744 9747 9737
f 9737 9747 9740
f 2348 9748 2367
f 2367 9748 2382
f 2382 9748 9745
f 9745 9748 9741
f 9497 9749 9496
f 9498 9749 9497
f 9746 9749 9498
f 9747 9750 9740
f 9740 9750 9743
f 9744 9751 9747
f 9748 9751 9741
f 2324 9751 2326
f 2326 9751 2348
f 9741 9751 9744
f 2348 9751 9748
f 9495 9752 9494
f 9496 9752 9495
f 9749 9752 9496
f 9743 9753 9746
f 9750 9753 9743
f 2320 9754 2322
f 2322 9754 2324
f 2324 9754 9751
f 9747 9754 9750
f 9751 9754 9747
f 9493 9755 9492
f 9494 9755 9493
f 9752 9755 9494
f 9746 9756 9749
f 9753 9756 9746
f 2315 9757 2317
f 2317 9757 2320
f 9754 9757 9750
f 2320 9757 9754
f 9491 9758 9490
f 9492 9758 9491
f 9755 9758 9492
f 9490 9758 9593
f 9593 9758 9759
f 9756 9760 9749
f 9749 9760 9752
f 9752 9760 9755
f 2311 9761 2313
f 2313 9761 2315
f 9753 9761 9756
f 9750 9761 9753
f 9757 9761 9750
f 2315 9761 9757
f 9760 9762 9755
f 2305 9763 2308
f 2308 9763 2311
f 9761 9763 9756
f 2311 9763 9761
f 9756 9763 9760
f 9755 9764 9758
f 9758 9764 9759
f 9762 9764 9755
f 2295 9765 2301
f 2301 9765 2305
f 2305 9765 9763
f 9763 9765 9760
f 2287 9766 2291
f 2291 9766 2295
f 9760 9766 9762
f 2295 9766 9765
f 9765 9766 9760
f 2277 9767 2283
f 2283 9767 2287
f 9764 9767 9759
f 9762 9767 9764
f 2287 9767 9766
f 9766 9767 9762
f 9601 9767 2277
f 9759 9767 9601
f 9490 9593 9489
f 2277 2273 9601
f 9487 9768 9486
f 9488 9768 9487
f 9593 9768 9488
f 9485 9769 9484
f 9486 9769 9485
f 9768 9769 9486
f 9769 9770 9484
f 9483 9770 9482
f 9484 9770 9483
f 9593 9771 9768
f 9759 9771 9593
f 9770 9588 9482
f 9481 9588 9480
f 9482 9588 9481
f 9768 9592 9769
f 9771 9592 9768
f 9479 9589 9478
f 9480 9589 9479
f 9588 9589 9480
f 9592 9594 9769
f 9769 9594 9770
f 2269 9772 9601
f 2259 9772 2265
f 2265 9772 2269
f 9601 9772 9759
f 9759 9772 9771
f 9589 9585 9478
f 9477 9585 9476
f 9478 9585 9477
f 9770 9586 9588
f 9594 9586 9770
f 9772 9590 9771
f 2251 9590 2255
f 2255 9590 2259
f 2259 9590 9772
f 9771 9590 9592
f 9773 8685 9774
f 9774 8683 9775
f 8685 8683 9774
f 9775 8680 9776
f 8683 8680 9775
f 9776 8677 9777
f 8680 8677 9776
f 9777 8675 9778
f 8677 8675 9777
f 9778 8672 9779
f 8675 8672 9778
f 9779 8669 9780
f 8672 8669 9779
f 9780 8667 9781
f 8669 8667 9780
f 9781 8664 9782
f 8667 8664 9781
f 9782 8660 9783
f 8664 8660 9782
f 9783 8657 9784
f 8660 8657 9783
f 8657 8654 9784
f 9784 8654 9785
f 8654 8650 9785
f 9785 8650 9786
f 8650 8647 9786
f 9786 8647 9787
f 8647 8643 9787
f 9787 8643 9788
f 8643 8640 9788
f 9788 8640 9789
f 8640 8637 9789
f 9789 8637 9790
f 8637 8642 9790
f 9790 8642 9791
f 8642 8645 9791
f 9791 8645 9792
f 8645 8648 9792
f 9792 8648 9793
f 8648 8652 9793
f 9793 8652 9794
f 9794 8656 9795
f 8652 8656 9794
f 9795 8658 9796
f 8656 8658 9795
f 9796 8661 9797
f 8658 8661 9796
f 9797 8665 9798
f 8661 8665 9797
f 9798 8668 9799
f 8665 8668 9798
f 9799 8670 9800
f 8668 8670 9799
f 9800 8673 9801
f 8670 8673 9800
f 9801 8676 9802
f 8673 8676 9801
f 9802 8678 9803
f 8676 8678 9802
f 9803 8681 9804
f 8678 8681 9803
f 9804 8684 9805
f 8681 8684 9804
f 9805 8686 9806
f 8684 8686 9805
f 9806 8689 9807
f 8686 8689 9806
f 9807 8692 9808
f 8689 8692 9807
f 9808 8695 9809
f 8692 8695 9808
f 8695 8699 9809
f 9809 8699 9810
f 8699 8702 9810
f 9810 8702 9811
f 9811 8705 9812
f 8702 8705 9811
f 8705 8707 9812
f 9812 8707 9813
f 9813 8710 9814
f 8707 8710 9813
f 9814 8713 9815
f 8710 8713 9814
f 9815 8716 9816
f 8713 8716 9815
f 9816 8718 9817
f 8716 8718 9816
f 9817 8723 9818
f 8718 8723 9817
f 9818 8726 9819
f 8723 8726 9818
f 9819 8729 9820
f 8726 8729 9819
f 9820 8732 9821
f 8729 8732 9820
f 9821 8735 9822
f 8732 8735 9821
f 9822 8738 9823
f 8735 8738 9822
f 9823 8741 9824
f 8738 8741 9823
f 9824 8743 9825
f 8741 8743 9824
f 9825 8745 9826
f 8743 8745 9825
f 9826 8747 9827
f 8745 8747 9826
f 9827 8749 9828
f 8747 8749 9827
f 9828 8751 9829
f 8749 8751 9828
f 9829 8827 9830
f 8751 8827 9829
f 9830 8823 9831
f 8827 8823 9830
f 9831 8819 9832
f 8823 8819 9831
f 9832 8815 9833
f 8819 8815 9832
f 9833 8811 9834
f 8815 8811 9833
f 9834 8807 9835
f 8811 8807 9834
f 8807 8803 9835
f 9835 8803 9836
f 8803 8799 9836
f 9836 8799 9837
f 8799 8795 9837
f 9837 8795 9838
f 8795 8791 9838
f 9838 8791 9839
f 8791 8787 9839
f 9839 8787 9840
f 8787 8786 9840
f 9840 8786 9841
f 8786 8789 9841
f 9841 8789 9842
f 8789 8793 9842
f 9842 8793 9843
f 8793 8797 9843
f 9843 8797 9844
f 8797 8801 9844
f 9844 8801 9845
f 9845 8805 9846
f 8801 8805 9845
f 9846 8809 9847
f 8805 8809 9846
f 9847 8813 9848
f 8809 8813 9847
f 9848 8817 9849
f 8813 8817 9848
f 9849 8821 9850
f 8817 8821 9849
f 9850 8825 9851
f 8821 8825 9850
f 9851 8829 9852
f 8825 8829 9851
f 9852 8832 9853
f 8829 8832 9852
f 9853 8835 9854
f 8832 8835 9853
f 9854 8839 9855
f 8835 8839 9854
f 9855 8843 9856
f 8839 8843 9855
f 9856 8847 9857
f 8843 8847 9856
f 9857 8851 9858
f 8847 8851 9857
f 9858 8855 9859
f 8851 8855 9858
f 9859 8858 9860
f 8855 8858 9859
f 8858 8862 9860
f 9860 8862 9861
f 8862 8866 9861
f 9861 8866 9862
f 8866 8870 9862
f 9862 8870 9863
f 8870 8874 9863
f 9863 8874 9864
f 8874 8878 9864
f 9864 8878 9865
f 8878 8882 9865
f 9865 8882 9866
f 8882 8771 9866
f 9866 8771 9867
f 8771 8770 9867
f 9867 8770 9868
f 8770 8772 9868
f 9868 8772 9869
f 8772 8773 9869
f 9869 8773 9870
f 8773 8774 9870
f 9870 8774 9871
f 8774 8775 9871
f 9871 8775 9872
f 8775 8776 9872
f 9872 8776 9873
f 8776 8777 9873
f 9873 8777 9874
f 8777 8778 9874
f 9874 8778 9875
f 8778 8779 9875
f 9875 8779 9876
f 8779 8780 9876
f 9876 8780 9877
f 9877 8781 9878
f 8780 8781 9877
f 9878 8782 9879
f 8781 8782 9878
f 9879 8783 9880
f 8782 8783 9879
f 9880 8784 9881
f 8783 8784 9880
f 9881 8740 9882
f 8784 8740 9881
f 9882 8737 9883
f 8740 8737 9882
f 9883 8734 9884
f 8737 8734 9883
f 9884 8730 9885
f 8734 8730 9884
f 8730 8728 9885
f 9885 8728 9886
f 8728 8725 9886
f 9886 8725 9887
f 8725 8722 9887
f 9887 8722 9888
f 8722 8717 9888
f 9888 8717 9889
f 8717 8715 9889
f 9889 8715 9890
f 8715 8712 9890
f 9890 8712 9891
f 8712 8709 9891
f 9891 8709 9892
f 8709 8706 9892
f 9892 8706 9893
f 8706 8704 9893
f 9893 8704 9894
f 8704 8701 9894
f 9894 8701 9895
f 8701 8698 9895
f 9895 8698 9896
f 8698 8694 9896
f 9896 8694 9897
f 8694 8691 9897
f 9897 8691 9898
f 8691 8688 9898
f 9898 8688 9899
f 8688 8685 9899
f 9899 8685 9773
f 9791 9900 9790
f 9792 9900 9791
f 9901 9902 9903
f 9904 9902 9901
f 4085 9905 4088
f 4088 9905 4091
f 9906 9905 9907
f 4091 9905 9906
f 9907 9905 9908
f 9805 9909 9804
f 9789 9910 9788
f 9790 9910 9789
f 9900 9910 9790
f 9903 9911 9912
f 9902 9911 9903
f 9905 9913 9908
f 4079 9913 4082
f 4082 9913 4085
f 4085 9913 9905
f 9908 9913 9904
f 9787 9914 9786
f 9788 9914 9787
f 9910 9914 9788
f 9911 9915 9912
f 9912 9915 9900
f 4079 9916 9913
f 4073 9916 4076
f 4076 9916 4079
f 9904 9916 9902
f 9913 9916 9904
f 4106 4103 9917
f 9914 9918 9786
f 9785 9918 9784
f 9786 9918 9785
f 9915 9919 9900
f 9900 9919 9910
f 4073 9920 9916
f 4067 9920 4070
f 4070 9920 4073
f 9916 9920 9902
f 9902 9920 9911
f 9918 9921 9784
f 9783 9921 9782
f 9784 9921 9783
f 9919 9922 9910
f 9910 9922 9914
f 4059 9923 4063
f 4063 9923 4067
f 9911 9923 9915
f 9915 9923 9919
f 9920 9923 9911
f 4067 9923 9920
f 9781 9924 9780
f 9782 9924 9781
f 9921 9924 9782
f 9922 9925 9914
f 9914 9925 9918
f 4062 9926 4057
f 4057 9926 4059
f 4059 9926 9923
f 9923 9926 9919
f 9779 9927 9778
f 9780 9927 9779
f 9924 9927 9780
f 9925 9928 9918
f 9918 9928 9921
f 9919 9929 9922
f 4069 9929 4066
f 4066 9929 4062
f 4062 9929 9926
f 9926 9929 9919
f 9777 9930 9776
f 9778 9930 9777
f 9927 9930 9778
f 9921 9931 9924
f 9928 9931 9921
f 9924 9931 9927
f 4075 9932 4072
f 4072 9932 4069
f 9922 9932 9925
f 9929 9932 9922
f 4069 9932 9929
f 9775 9933 9774
f 9776 9933 9775
f 9930 9933 9776
f 9931 9934 9927
f 9927 9934 9930
f 4081 9935 4078
f 4078 9935 4075
f 9928 9935 9931
f 9932 9935 9925
f 4075 9935 9932
f 9925 9935 9928
f 9933 9936 9774
f 9774 9936 9773
f 9899 9936 9898
f 9773 9936 9899
f 9934 9937 9930
f 4084 9938 4081
f 4081 9938 9935
f 9935 9938 9931
f 4087 9938 4084
f 9897 9939 9896
f 9898 9939 9897
f 9936 9939 9898
f 9930 9940 9933
f 9937 9940 9930
f 9931 9941 9934
f 4087 9941 9938
f 9938 9941 9931
f 4093 9941 4090
f 4090 9941 4087
f 9939 9942 9896
f 9895 9942 9894
f 9896 9942 9895
f 9933 9943 9936
f 9940 9943 9933
f 4093 9944 9941
f 9934 9944 9937
f 9941 9944 9934
f 4099 9944 4096
f 4096 9944 4093
f 9893 9945 9892
f 9894 9945 9893
f 9942 9945 9894
f 9936 9946 9939
f 9943 9946 9936
f 4099 9947 9944
f 9944 9947 9937
f 9937 9947 9940
f 4105 9947 4102
f 4102 9947 4099
f 9945 9948 9892
f 9891 9948 9890
f 9892 9948 9891
f 9946 9949 9939
f 9939 9949 9942
f 9943 9950 9946
f 9947 9950 9940
f 9940 9950 9943
f 4105 9950 9947
f 4112 9950 4109
f 4109 9950 4105
f 9948 9951 9890
f 9889 9951 9888
f 9890 9951 9889
f 9949 9952 9942
f 9942 9952 9945
f 4112 9953 9950
f 9950 9953 9946
f 4118 9953 4115
f 4115 9953 4112
f 9887 9954 9886
f 9888 9954 9887
f 9951 9954 9888
f 9952 9955 9945
f 9945 9955 9948
f 4118 9956 9953
f 9953 9956 9946
f 4124 9956 4121
f 4121 9956 4118
f 9946 9956 9949
f 9954 9957 9886
f 9885 9957 9884
f 9886 9957 9885
f 9948 9958 9951
f 9955 9958 9948
f 9956 9959 9949
f 9952 9959 9955
f 4124 9959 9956
f 4130 9959 4127
f 4127 9959 4124
f 9949 9959 9952
f 9957 9960 9884
f 9883 9960 9882
f 9884 9960 9883
f 9958 9961 9951
f 9951 9961 9954
f 9955 9962 9958
f 4130 9962 9959
f 4136 9962 4133
f 4133 9962 4130
f 9959 9962 9955
f 9960 9963 9882
f 9881 9963 9880
f 9882 9963 9881
f 9961 9964 9954
f 9954 9964 9957
f 9962 9965 9958
f 4136 9965 9962
f 4142 9965 4139
f 4139 9965 4136
f 9958 9965 9961
f 9963 9966 9880
f 9879 9966 9878
f 9880 9966 9879
f 9957 9967 9960
f 9964 9967 9957
f 9965 9968 9961
f 4148 9968 4145
f 4145 9968 4142
f 4142 9968 9965
f 9877 9969 9876
f 9878 9969 9877
f 9966 9969 9878
f 9967 9970 9960
f 9960 9970 9963
f 9961 9971 9964
f 9968 9971 9961
f 4154 9971 4151
f 4151 9971 4148
f 4148 9971 9968
f 9969 9972 9876
f 9875 9972 9874
f 9876 9972 9875
f 9970 9973 9963
f 9963 9973 9966
f 9964 9974 9967
f 4166 9974 4158
f 4158 9974 4154
f 4154 9974 9971
f 9971 9974 9964
f 9972 9975 9874
f 9873 9975 9872
f 9874 9975 9873
f 9966 9976 9969
f 9973 9976 9966
f 9967 9977 9970
f 4166 9977 9974
f 4204 9977 4191
f 4191 9977 4166
f 9974 9977 9967
f 9975 9978 9872
f 9871 9978 9870
f 9872 9978 9871
f 9969 9979 9972
f 9976 9979 9969
f 4204 9980 9977
f 9977 9980 9970
f 9970 9980 9973
f 4219 9980 4220
f 4220 9980 4204
f 9978 9981 9870
f 9869 9981 9868
f 9870 9981 9869
f 9979 9982 9972
f 9972 9982 9975
f 9975 9982 9978
f 4219 9983 9980
f 9973 9983 9976
f 9980 9983 9973
f 4217 9983 4218
f 4218 9983 4219
f 9981 9984 9868
f 9867 9984 9866
f 9868 9984 9867
f 9982 9985 9978
f 9976 9986 9979
f 4217 9986 9983
f 4215 9986 4216
f 4216 9986 4217
f 9983 9986 9976
f 9984 9987 9866
f 9865 9987 9864
f 9866 9987 9865
f 9985 9988 9978
f 9978 9988 9981
f 9979 9989 9982
f 4213 9989 4214
f 4214 9989 4215
f 4215 9989 9986
f 9986 9989 9979
f 9863 9990 9862
f 9864 9990 9863
f 9987 9990 9864
f 9981 9991 9984
f 9988 9991 9981
f 4213 9992 9989
f 4211 9992 4212
f 4212 9992 4213
f 9985 9992 9988
f 9982 9992 9985
f 9989 9992 9982
f 9861 9993 9860
f 9862 9993 9861
f 9990 9993 9862
f 9984 9994 9987
f 9991 9994 9984
f 4211 9995 9992
f 4209 9995 4210
f 4210 9995 4211
f 9988 9995 9991
f 9992 9995 9988
f 9993 9996 9860
f 9859 9996 9858
f 9860 9996 9859
f 9994 9997 9987
f 9987 9997 9990
f 9990 9997 9993
f 9995 9998 9991
f 4205 9998 4208
f 4208 9998 4209
f 4209 9998 9995
f 9991 9998 9994
f 9996 9999 9858
f 9857 9999 9856
f 9858 9999 9857
f 9997 10000 9993
f 4205 10001 9998
f 9998 10001 9994
f 4323 10001 4207
f 4207 10001 4205
f 9999 10002 9856
f 9855 10002 9854
f 9856 10002 9855
f 10000 10003 9993
f 9993 10003 9996
f 9994 10004 9997
f 10001 10004 9994
f 4323 10004 10001
f 4312 10004 4316
f 4316 10004 4323
f 10002 10005 9854
f 9853 10005 9852
f 9854 10005 9853
f 10003 10006 9996
f 9996 10006 9999
f 9997 10007 10000
f 10004 10007 9997
f 4312 10007 10004
f 4305 10007 4308
f 4308 10007 4312
f 10005 10008 9852
f 9851 10008 9850
f 9852 10008 9851
f 10006 10009 9999
f 9999 10009 10002
f 10007 10010 10000
f 4305 10010 10007
f 4293 10010 4298
f 4298 10010 4305
f 10000 10010 10003
f 9849 10011 9848
f 9850 10011 9849
f 10008 10011 9850
f 10002 10012 10005
f 10009 10012 10002
f 10005 10012 10008
f 10010 10013 10003
f 10003 10013 10006
f 4285 10013 4289
f 4289 10013 4293
f 4293 10013 10010
f 10006 10013 10009
f 10011 10014 9848
f 9847 10014 9846
f 9848 10014 9847
f 10012 10015 10008
f 4277 10016 4280
f 4280 10016 4285
f 4285 10016 10013
f 10013 10016 10009
f 9845 10017 9844
f 9846 10017 9845
f 10014 10017 9846
f 10008 10018 10011
f 10015 10018 10008
f 10009 10019 10012
f 4266 10019 4269
f 4269 10019 4277
f 4277 10019 10016
f 10016 10019 10009
f 9843 10020 9842
f 9844 10020 9843
f 10017 10020 9844
f 10011 10021 10014
f 10018 10021 10011
f 10019 10022 10012
f 10015 10022 10018
f 4255 10022 4262
f 4262 10022 4266
f 10012 10022 10015
f 4266 10022 10019
f 9841 10023 9840
f 9842 10023 9841
f 10020 10023 9842
f 10017 10024 10020
f 10014 10024 10017
f 10021 10024 10014
f 4249 10025 4252
f 4252 10025 4255
f 10022 10025 10018
f 10018 10025 10021
f 4255 10025 10022
f 9839 10026 9838
f 9840 10026 9839
f 10023 10026 9840
f 10024 10027 10020
f 10020 10027 10023
f 4249 10028 10025
f 10021 10028 10024
f 10025 10028 10021
f 4238 10028 4242
f 4242 10028 4249
f 10026 10029 9838
f 9837 10029 9836
f 9838 10029 9837
f 10027 10030 10023
f 4238 10031 10028
f 4228 10031 4232
f 4232 10031 4238
f 10028 10031 10024
f 10024 10031 10027
f 10029 10032 9836
f 9835 10032 9834
f 9836 10032 9835
f 10023 10033 10026
f 10030 10033 10023
f 10031 10034 10027
f 4228 10034 10031
f 4221 10034 4224
f 4224 10034 4228
f 10032 10035 9834
f 9833 10035 9832
f 9834 10035 9833
f 10026 10036 10029
f 10033 10036 10026
f 10027 10037 10030
f 10034 10037 10027
f 4221 10037 10034
f 4230 10037 4226
f 4226 10037 4221
f 10035 10038 9832
f 9831 10038 9830
f 9832 10038 9831
f 10029 10039 10032
f 10036 10039 10029
f 10032 10039 10035
f 10030 10040 10033
f 10037 10040 10030
f 4230 10040 10037
f 4240 10040 4234
f 4234 10040 4230
f 9829 10041 9828
f 9830 10041 9829
f 10038 10041 9830
f 10039 10042 10035
f 10035 10042 10038
f 4240 10043 10040
f 10033 10043 10036
f 10040 10043 10033
f 4247 10043 4244
f 4244 10043 4240
f 9827 10044 9826
f 9828 10044 9827
f 10041 10044 9828
f 10042 10045 10038
f 4258 10046 4254
f 4254 10046 4247
f 4247 10046 10043
f 10043 10046 10036
f 10036 10046 10039
f 9825 10047 9824
f 9826 10047 9825
f 10044 10047 9826
f 10038 10048 10041
f 10045 10048 10038
f 4268 10049 4261
f 4261 10049 4258
f 10039 10049 10042
f 4258 10049 10046
f 10042 10049 10045
f 10046 10049 10039
f 9823 10050 9822
f 9824 10050 9823
f 10047 10050 9824
f 10041 10051 10044
f 10048 10051 10041
f 4275 10052 4272
f 4272 10052 4268
f 4268 10052 10049
f 10049 10052 10045
f 9821 10053 9820
f 9822 10053 9821
f 10050 10053 9822
f 10051 10054 10044
f 10044 10054 10047
f 4187 10055 4279
f 4279 10055 4275
f 4275 10055 10052
f 10045 10055 10048
f 10052 10055 10045
f 9819 10056 9818
f 9820 10056 9819
f 10053 10056 9820
f 10047 10057 10050
f 10054 10057 10047
f 4182 10058 4185
f 4185 10058 4187
f 10048 10058 10051
f 4187 10058 10055
f 10055 10058 10048
f 9817 10059 9816
f 9818 10059 9817
f 10056 10059 9818
f 10050 10060 10053
f 10057 10060 10050
f 4182 10061 10058
f 4177 10061 4180
f 4180 10061 4182
f 10058 10061 10051
f 10051 10061 10054
f 10054 10061 10057
f 9815 10062 9814
f 9816 10062 9815
f 10059 10062 9816
f 10060 10063 10053
f 10053 10063 10056
f 10061 10064 10057
f 4164 10064 4175
f 4175 10064 4177
f 4177 10064 10061
f 10062 10065 9814
f 9813 10065 9812
f 9814 10065 9813
f 10059 10066 10062
f 10063 10066 10056
f 10056 10066 10059
f 4164 10067 10064
f 10057 10067 10060
f 4152 10067 4155
f 4155 10067 4164
f 10064 10067 10057
f 9811 10068 9810
f 9812 10068 9811
f 10065 10068 9812
f 10066 10069 10062
f 10060 10070 10063
f 4146 10070 4149
f 4149 10070 4152
f 10063 10070 10066
f 4152 10070 10067
f 10067 10070 10060
f 9809 10071 9808
f 9810 10071 9809
f 10068 10071 9810
f 10069 10072 10062
f 10062 10072 10065
f 4140 10073 4143
f 4143 10073 4146
f 10070 10073 10066
f 4146 10073 10070
f 9807 10074 9806
f 9808 10074 9807
f 10071 10074 9808
f 9806 10074 9909
f 9909 10074 10075
f 10065 10076 10068
f 10068 10076 10071
f 10072 10076 10065
f 4134 10077 4137
f 4137 10077 4140
f 10069 10077 10072
f 10066 10077 10069
f 4140 10077 10073
f 10073 10077 10066
f 10076 10078 10071
f 4128 10079 4131
f 4131 10079 4134
f 10077 10079 10072
f 4134 10079 10077
f 10078 10080 10071
f 10071 10080 10074
f 10074 10080 10075
f 10075 10080 9917
f 4122 10081 4125
f 4125 10081 4128
f 4128 10081 10079
f 10072 10081 10076
f 10079 10081 10072
f 4116 10082 4119
f 4119 10082 4122
f 10076 10082 10078
f 4122 10082 10081
f 10081 10082 10076
f 4110 10083 4113
f 4113 10083 4116
f 10078 10083 10080
f 10080 10083 9917
f 4116 10083 10082
f 10082 10083 10078
f 9917 10083 4110
f 9806 9909 9805
f 4110 4106 9917
f 10075 10084 9909
f 9803 10084 9802
f 9804 10084 9803
f 9909 10084 9804
f 9801 10085 9800
f 9802 10085 9801
f 10084 10085 9802
f 10085 10086 9800
f 9799 10086 9798
f 9800 10086 9799
f 10075 10087 10084
f 9917 10087 10075
f 10086 9901 9798
f 9797 9901 9796
f 9798 9901 9797
f 10084 9907 10085
f 10087 9907 10084
f 9795 9903 9794
f 9796 9903 9795
f 9901 9903 9796
f 10085 9908 10086
f 9907 9908 10085
f 4103 10088 9917
f 4097 10088 4100
f 4100 10088 4103
f 9917 10088 10087
f 9903 9912 9794
f 9793 9912 9792
f 9794 9912 9793
f 10086 9904 9901
f 9908 9904 10086
f 10088 9906 10087
f 4091 9906 4094
f 4094 9906 4097
f 4097 9906 10088
f 10087 9906 9907
f 9912 9900 9792
f 10089 8272 10090
f 10090 8269 10091
f 8272 8269 10090
f 10091 8265 10092
f 8269 8265 10091
f 10092 8262 10093
f 8265 8262 10092
f 10093 8258 10094
f 8262 8258 10093
f 10094 8254 10095
f 8258 8254 10094
f 10095 8250 10096
f 8254 8250 10095
f 10096 8246 10097
f 8250 8246 10096
f 10097 8242 10098
f 8246 8242 10097
f 10098 8238 10099
f 8242 8238 10098
f 10099 8235 10100
f 8238 8235 10099
f 8235 8231 10100
f 10100 8231 10101
f 8231 8227 10101
f 10101 8227 10102
f 8227 8223 10102
f 10102 8223 10103
f 8223 8219 10103
f 10103 8219 10104
f 8219 8215 10104
f 10104 8215 10105
f 8215 8212 10105
f 10105 8212 10106
f 8212 8217 10106
f 10106 8217 10107
f 8217 8221 10107
f 10107 8221 10108
f 8221 8225 10108
f 10108 8225 10109
f 8225 8229 10109
f 10109 8229 10110
f 10110 8233 10111
f 8229 8233 10110
f 10111 8237 10112
f 8233 8237 10111
f 10112 8240 10113
f 8237 8240 10112
f 10113 8244 10114
f 8240 8244 10113
f 10114 8248 10115
f 8244 8248 10114
f 10115 8252 10116
f 8248 8252 10115
f 10116 8256 10117
f 8252 8256 10116
f 10117 8260 10118
f 8256 8260 10117
f 10118 8263 10119
f 8260 8263 10118
f 10119 8267 10120
f 8263 8267 10119
f 10120 8270 10121
f 8267 8270 10120
f 10121 8274 10122
f 8270 8274 10121
f 10122 8278 10123
f 8274 8278 10122
f 10123 8281 10124
f 8278 8281 10123
f 10124 8285 10125
f 8281 8285 10124
f 8285 8288 10125
f 10125 8288 10126
f 8288 8292 10126
f 10126 8292 10127
f 10127 8353 10128
f 8292 8353 10127
f 8353 8357 10128
f 10128 8357 10129
f 10129 8361 10130
f 8357 8361 10129
f 10130 8365 10131
f 8361 8365 10130
f 10131 8369 10132
f 8365 8369 10131
f 10132 8373 10133
f 8369 8373 10132
f 10133 8377 10134
f 8373 8377 10133
f 10134 8381 10135
f 8377 8381 10134
f 10135 8385 10136
f 8381 8385 10135
f 10136 8389 10137
f 8385 8389 10136
f 10137 8393 10138
f 8389 8393 10137
f 10138 8397 10139
f 8393 8397 10138
f 10139 8401 10140
f 8397 8401 10139
f 10140 8405 10141
f 8401 8405 10140
f 10141 8408 10142
f 8405 8408 10141
f 10142 8412 10143
f 8408 8412 10142
f 10143 8416 10144
f 8412 8416 10143
f 10144 8420 10145
f 8416 8420 10144
f 10145 8424 10146
f 8420 8424 10145
f 10146 8428 10147
f 8424 8428 10146
f 10147 8432 10148
f 8428 8432 10147
f 10148 8436 10149
f 8432 8436 10148
f 10149 8440 10150
f 8436 8440 10149
f 10150 8444 10151
f 8440 8444 10150
f 8444 8448 10151
f 10151 8448 10152
f 8448 8452 10152
f 10152 8452 10153
f 8452 8455 10153
f 10153 8455 10154
f 8455 8459 10154
f 10154 8459 10155
f 8459 8463 10155
f 10155 8463 10156
f 8463 8467 10156
f 10156 8467 10157
f 8467 8470 10157
f 10157 8470 10158
f 8470 8472 10158
f 10158 8472 10159
f 8472 8474 10159
f 10159 8474 10160
f 8474 8601 10160
f 10160 8601 10161
f 10161 8599 10162
f 8601 8599 10161
f 10162 8597 10163
f 8599 8597 10162
f 10163 8594 10164
f 8597 8594 10163
f 10164 8591 10165
f 8594 8591 10164
f 10165 8590 10166
f 8591 8590 10165
f 10166 8587 10167
f 8590 8587 10166
f 10167 8584 10168
f 8587 8584 10167
f 10168 8581 10169
f 8584 8581 10168
f 10169 8580 10170
f 8581 8580 10169
f 10170 8577 10171
f 8580 8577 10170
f 10171 8574 10172
f 8577 8574 10171
f 10172 8570 10173
f 8574 8570 10172
f 10173 8569 10174
f 8570 8569 10173
f 10174 8566 10175
f 8569 8566 10174
f 10175 8562 10176
f 8566 8562 10175
f 8562 8558 10176
f 10176 8558 10177
f 8558 8557 10177
f 10177 8557 10178
f 8557 8554 10178
f 10178 8554 10179
f 8554 8550 10179
f 10179 8550 10180
f 8550 8549 10180
f 10180 8549 10181
f 8549 8545 10181
f 10181 8545 10182
f 8545 8542 10182
f 10182 8542 10183
f 8542 8541 10183
f 10183 8541 10184
f 8541 8537 10184
f 10184 8537 10185
f 8537 8534 10185
f 10185 8534 10186
f 8534 8530 10186
f 10186 8530 10187
f 8530 8529 10187
f 10187 8529 10188
f 8529 8525 10188
f 10188 8525 10189
f 8525 8522 10189
f 10189 8522 10190
f 8522 8521 10190
f 10190 8521 10191
f 8521 8517 10191
f 10191 8517 10192
f 8517 8513 10192
f 10192 8513 10193
f 10193 8510 10194
f 8513 8510 10193
f 10194 8509 10195
f 8510 8509 10194
f 10195 8505 10196
f 8509 8505 10195
f 10196 8501 10197
f 8505 8501 10196
f 10197 8498 10198
f 8501 8498 10197
f 10198 8497 10199
f 8498 8497 10198
f 10199 8493 10200
f 8497 8493 10199
f 10200 8489 10201
f 8493 8489 10200
f 8489 8486 10201
f 10201 8486 10202
f 8486 8485 10202
f 10202 8485 10203
f 8485 8481 10203
f 10203 8481 10204
f 8481 8477 10204
f 10204 8477 10205
f 8477 8476 10205
f 10205 8476 10206
f 8476 8479 10206
f 10206 8479 10207
f 8479 8483 10207
f 10207 8483 10208
f 8483 8295 10208
f 10208 8295 10209
f 8295 8293 10209
f 10209 8293 10210
f 8293 8290 10210
f 10210 8290 10211
f 8290 8287 10211
f 10211 8287 10212
f 8287 8283 10212
f 10212 8283 10213
f 8283 8280 10213
f 10213 8280 10214
f 8280 8276 10214
f 10214 8276 10215
f 8276 8272 10215
f 10215 8272 10089
f 10107 10216 10106
f 10108 10216 10107
f 10217 10216 10108
f 10218 10219 10220
f 10220 10219 10221
f 10222 10223 10224
f 3676 10223 3681
f 3681 10223 3685
f 3685 10223 10222
f 10121 10225 10120
f 10224 10223 10226
f 10105 10227 10104
f 10106 10227 10105
f 10216 10227 10106
f 10221 10228 10217
f 10219 10228 10221
f 10223 10229 10226
f 3676 10229 10223
f 3668 10229 3672
f 3672 10229 3676
f 10226 10229 10218
f 10227 10230 10104
f 10103 10230 10102
f 10104 10230 10103
f 10217 10231 10216
f 10228 10231 10217
f 10216 10231 10227
f 3658 10232 3662
f 3662 10232 3668
f 10218 10232 10219
f 10229 10232 10218
f 3668 10232 10229
f 3704 3700 10233
f 10101 10234 10100
f 10102 10234 10101
f 10230 10234 10102
f 10231 10235 10227
f 3650 10236 3654
f 3654 10236 3658
f 3658 10236 10232
f 10219 10236 10228
f 10232 10236 10219
f 10234 10237 10100
f 10099 10237 10098
f 10100 10237 10099
f 10227 10238 10230
f 10230 10238 10234
f 10235 10238 10227
f 3640 10239 3645
f 3645 10239 3650
f 10231 10239 10235
f 10228 10239 10231
f 10236 10239 10228
f 3650 10239 10236
f 10097 10240 10096
f 10098 10240 10097
f 10237 10240 10098
f 10238 10241 10234
f 3643 10242 3638
f 3638 10242 3640
f 3640 10242 10239
f 10239 10242 10235
f 10095 10243 10094
f 10096 10243 10095
f 10240 10243 10096
f 10241 10244 10234
f 10234 10244 10237
f 3652 10245 3647
f 3647 10245 3643
f 10242 10245 10235
f 3643 10245 10242
f 10235 10245 10238
f 10238 10245 10241
f 10093 10246 10092
f 10094 10246 10093
f 10243 10246 10094
f 10244 10247 10237
f 10237 10247 10240
f 10245 10248 10241
f 3661 10248 3656
f 3656 10248 3652
f 3652 10248 10245
f 10091 10249 10090
f 10092 10249 10091
f 10246 10249 10092
f 10240 10250 10243
f 10247 10250 10240
f 3670 10251 3664
f 3664 10251 3661
f 10241 10251 10244
f 10248 10251 10241
f 3661 10251 10248
f 10090 10252 10089
f 10249 10252 10090
f 10215 10252 10214
f 10089 10252 10215
f 10250 10253 10243
f 10243 10253 10246
f 3674 10254 3670
f 3670 10254 10251
f 10251 10254 10244
f 10244 10254 10247
f 3679 10254 3674
f 10252 10255 10214
f 10213 10255 10212
f 10214 10255 10213
f 10253 10256 10246
f 10246 10256 10249
f 10247 10257 10250
f 3679 10257 10254
f 10254 10257 10247
f 3687 10257 3684
f 3684 10257 3679
f 10255 10258 10212
f 10211 10258 10210
f 10212 10258 10211
f 10249 10259 10252
f 10256 10259 10249
f 10253 10260 10256
f 3687 10260 10257
f 10250 10260 10253
f 10257 10260 10250
f 3694 10260 3690
f 3690 10260 3687
f 10209 10261 10208
f 10210 10261 10209
f 10258 10261 10210
f 10259 10262 10252
f 10252 10262 10255
f 3694 10263 10260
f 10260 10263 10256
f 3702 10263 3699
f 3699 10263 3694
f 10261 10264 10208
f 10207 10264 10206
f 10208 10264 10207
f 10262 10265 10255
f 10255 10265 10258
f 10256 10266 10259
f 10263 10266 10256
f 3702 10266 10263
f 3709 10266 3706
f 3706 10266 3702
f 10264 10267 10206
f 10205 10267 10204
f 10206 10267 10205
f 10265 10268 10258
f 10258 10268 10261
f 10266 10269 10259
f 3709 10269 10266
f 10259 10269 10262
f 3718 10269 3714
f 3714 10269 3709
f 10203 10270 10202
f 10204 10270 10203
f 10267 10270 10204
f 10268 10271 10261
f 10261 10271 10264
f 10262 10272 10265
f 10269 10272 10262
f 3718 10272 10269
f 3725 10272 3721
f 3721 10272 3718
f 10270 10273 10202
f 10201 10273 10200
f 10202 10273 10201
f 10271 10274 10264
f 10264 10274 10267
f 10267 10274 10270
f 3725 10275 10272
f 3730 10275 3729
f 3729 10275 3725
f 10272 10275 10265
f 10265 10275 10268
f 10273 10276 10200
f 10199 10276 10198
f 10200 10276 10199
f 10274 10277 10270
f 10268 10278 10271
f 10271 10278 10274
f 10275 10278 10268
f 3730 10278 10275
f 3733 10278 3731
f 3731 10278 3730
f 10276 10279 10198
f 10197 10279 10196
f 10198 10279 10197
f 10270 10280 10273
f 10277 10280 10270
f 10278 10281 10274
f 3733 10281 10278
f 3928 10281 3735
f 3735 10281 3733
f 10279 10282 10196
f 10195 10282 10194
f 10196 10282 10195
f 10273 10283 10276
f 10276 10283 10279
f 10280 10283 10273
f 10281 10284 10274
f 3919 10284 3923
f 3923 10284 3928
f 3928 10284 10281
f 10274 10284 10277
f 10282 10285 10194
f 10193 10285 10192
f 10194 10285 10193
f 10283 10286 10279
f 10277 10287 10280
f 3919 10287 10284
f 10280 10287 10283
f 10284 10287 10277
f 3912 10287 3916
f 3916 10287 3919
f 10191 10288 10190
f 10192 10288 10191
f 10285 10288 10192
f 10279 10289 10282
f 10286 10289 10279
f 10287 10290 10283
f 10283 10290 10286
f 3918 10290 3914
f 3914 10290 3912
f 3912 10290 10287
f 10288 10291 10190
f 10189 10291 10188
f 10190 10291 10189
f 10282 10292 10285
f 10289 10292 10282
f 10290 10293 10286
f 3927 10293 3922
f 3922 10293 3918
f 3918 10293 10290
f 10291 10294 10188
f 10187 10294 10186
f 10188 10294 10187
f 10292 10295 10285
f 10285 10295 10288
f 10293 10296 10286
f 10286 10296 10289
f 3936 10296 3931
f 3931 10296 3927
f 3927 10296 10293
f 10185 10297 10184
f 10186 10297 10185
f 10294 10297 10186
f 10295 10298 10288
f 10288 10298 10291
f 10289 10299 10292
f 3936 10299 10296
f 10296 10299 10289
f 3945 10299 3941
f 3941 10299 3936
f 10292 10299 10295
f 10297 10300 10184
f 10183 10300 10182
f 10184 10300 10183
f 10294 10301 10297
f 10291 10301 10294
f 10298 10301 10291
f 10299 10302 10295
f 3952 10302 3949
f 3949 10302 3945
f 3945 10302 10299
f 10300 10303 10182
f 10181 10303 10180
f 10182 10303 10181
f 10301 10304 10297
f 10295 10305 10298
f 3960 10305 3956
f 3956 10305 3952
f 3952 10305 10302
f 10302 10305 10295
f 10179 10306 10178
f 10180 10306 10179
f 10303 10306 10180
f 10297 10307 10300
f 10304 10307 10297
f 10298 10308 10301
f 10305 10308 10298
f 3967 10308 3963
f 3960 10308 10305
f 3963 10308 3960
f 10301 10308 10304
f 10177 10309 10176
f 10178 10309 10177
f 10306 10309 10178
f 10307 10310 10300
f 10303 10310 10306
f 10300 10310 10303
f 3974 10311 3971
f 3971 10311 3967
f 10308 10311 10304
f 3967 10311 10308
f 10309 10312 10176
f 10175 10312 10174
f 10176 10312 10175
f 10310 10313 10306
f 10304 10314 10307
f 3981 10314 3978
f 3978 10314 3974
f 10311 10314 10304
f 3974 10314 10311
f 10312 10315 10174
f 10173 10315 10172
f 10174 10315 10173
f 10306 10316 10309
f 10313 10316 10306
f 10309 10316 10312
f 10307 10317 10310
f 10310 10317 10313
f 3989 10317 3985
f 3985 10317 3981
f 3981 10317 10314
f 10314 10317 10307
f 10315 10318 10172
f 10171 10318 10170
f 10172 10318 10171
f 10316 10319 10312
f 3989 10320 10317
f 10317 10320 10313
f 3996 10320 3992
f 3992 10320 3989
f 10318 10321 10170
f 10169 10321 10168
f 10170 10321 10169
f 10312 10322 10315
f 10319 10322 10312
f 3996 10323 10320
f 4003 10323 4000
f 4000 10323 3996
f 10316 10323 10319
f 10320 10323 10313
f 10313 10323 10316
f 10321 10324 10168
f 10167 10324 10166
f 10168 10324 10167
f 10318 10325 10321
f 10322 10325 10315
f 10315 10325 10318
f 4003 10326 10323
f 10323 10326 10319
f 4010 10326 4007
f 4007 10326 4003
f 10165 10327 10164
f 10166 10327 10165
f 10324 10327 10166
f 10325 10328 10321
f 10319 10329 10322
f 10326 10329 10319
f 4016 10329 4013
f 4013 10329 4010
f 4010 10329 10326
f 10163 10330 10162
f 10164 10330 10163
f 10327 10330 10164
f 10328 10331 10321
f 10321 10331 10324
f 10324 10331 10327
f 4021 10332 4019
f 4019 10332 4016
f 4016 10332 10329
f 10329 10332 10322
f 10325 10332 10328
f 10322 10332 10325
f 10330 10333 10162
f 10161 10333 10160
f 10162 10333 10161
f 10331 10334 10327
f 4025 10335 4023
f 4023 10335 4021
f 10332 10335 10328
f 4021 10335 10332
f 10159 10336 10158
f 10160 10336 10159
f 10333 10336 10160
f 10327 10337 10330
f 10334 10337 10327
f 10328 10338 10331
f 10331 10338 10334
f 10335 10338 10328
f 4029 10338 4027
f 4027 10338 4025
f 4025 10338 10335
f 10157 10339 10156
f 10158 10339 10157
f 10336 10339 10158
f 10330 10340 10333
f 10337 10340 10330
f 4033 10341 4031
f 4031 10341 4029
f 10338 10341 10334
f 4029 10341 10338
f 10155 10342 10154
f 10156 10342 10155
f 10339 10342 10156
f 10340 10343 10333
f 10333 10343 10336
f 4033 10344 10341
f 4037 10344 4035
f 4035 10344 4033
f 10334 10344 10337
f 10341 10344 10334
f 10342 10345 10154
f 10153 10345 10152
f 10154 10345 10153
f 10343 10346 10336
f 10336 10346 10339
f 10344 10347 10337
f 3937 10347 4039
f 4039 10347 4037
f 10337 10347 10340
f 4037 10347 10344
f 10340 10347 10343
f 10345 10348 10152
f 10151 10348 10150
f 10152 10348 10151
f 10339 10349 10342
f 10346 10349 10339
f 10347 10350 10343
f 3937 10350 10347
f 3910 10350 3932
f 3932 10350 3937
f 10348 10351 10150
f 10149 10351 10148
f 10150 10351 10149
f 10342 10352 10345
f 10349 10352 10342
f 10343 10353 10346
f 10350 10353 10343
f 3910 10353 10350
f 3906 10353 3908
f 3908 10353 3910
f 10351 10354 10148
f 10147 10354 10146
f 10148 10354 10147
f 10352 10355 10345
f 10345 10355 10348
f 10349 10356 10352
f 3906 10356 10353
f 3901 10356 3904
f 3904 10356 3906
f 10353 10356 10346
f 10346 10356 10349
f 10145 10357 10144
f 10146 10357 10145
f 10354 10357 10146
f 10355 10358 10348
f 10348 10358 10351
f 3901 10359 10356
f 3894 10359 3898
f 3898 10359 3901
f 10356 10359 10352
f 10352 10359 10355
f 10143 10360 10142
f 10144 10360 10143
f 10357 10360 10144
f 10358 10361 10351
f 10351 10361 10354
f 10355 10362 10358
f 10359 10362 10355
f 3884 10362 3890
f 3890 10362 3894
f 3894 10362 10359
f 10360 10363 10142
f 10141 10363 10140
f 10142 10363 10141
f 10354 10364 10357
f 10361 10364 10354
f 10362 10365 10358
f 3876 10365 3880
f 3880 10365 3884
f 10358 10365 10361
f 3884 10365 10362
f 10139 10366 10138
f 10140 10366 10139
f 10363 10366 10140
f 10357 10367 10360
f 10364 10367 10357
f 3865 10368 3869
f 3869 10368 3876
f 3876 10368 10365
f 10365 10368 10361
f 10137 10369 10136
f 10138 10369 10137
f 10366 10369 10138
f 10360 10370 10363
f 10367 10370 10360
f 3854 10371 3861
f 3861 10371 3865
f 10361 10371 10364
f 10368 10371 10361
f 3865 10371 10368
f 10135 10372 10134
f 10136 10372 10135
f 10369 10372 10136
f 10363 10373 10366
f 10370 10373 10363
f 3847 10374 3851
f 3851 10374 3854
f 10364 10374 10367
f 10371 10374 10364
f 3854 10374 10371
f 10367 10374 10370
f 10133 10375 10132
f 10134 10375 10133
f 10372 10375 10134
f 10366 10376 10369
f 10373 10376 10366
f 3837 10377 3841
f 3841 10377 3847
f 3847 10377 10374
f 10374 10377 10370
f 10370 10377 10373
f 10131 10378 10130
f 10132 10378 10131
f 10375 10378 10132
f 10376 10379 10369
f 10369 10379 10372
f 3826 10380 3833
f 3833 10380 3837
f 3837 10380 10377
f 10377 10380 10373
f 10129 10381 10128
f 10130 10381 10129
f 10378 10381 10130
f 10379 10382 10372
f 10372 10382 10375
f 10376 10383 10379
f 10380 10383 10373
f 3818 10383 3822
f 3822 10383 3826
f 10373 10383 10376
f 3826 10383 10380
f 10127 10384 10126
f 10128 10384 10127
f 10381 10384 10128
f 10375 10385 10378
f 10382 10385 10375
f 3807 10386 3811
f 3811 10386 3818
f 3818 10386 10383
f 10379 10386 10382
f 10383 10386 10379
f 10125 10387 10124
f 10126 10387 10125
f 10384 10387 10126
f 10378 10388 10381
f 10385 10388 10378
f 3796 10389 3803
f 3803 10389 3807
f 10386 10389 10382
f 3807 10389 10386
f 10123 10390 10122
f 10124 10390 10123
f 10387 10390 10124
f 10122 10390 10225
f 10225 10390 10391
f 10388 10392 10381
f 10381 10392 10384
f 10384 10392 10387
f 3788 10393 3792
f 3792 10393 3796
f 10385 10393 10388
f 10382 10393 10385
f 10389 10393 10382
f 3796 10393 10389
f 10392 10394 10387
f 3777 10395 3781
f 3781 10395 3788
f 10393 10395 10388
f 3788 10395 10393
f 10388 10395 10392
f 10387 10396 10390
f 10390 10396 10391
f 10394 10396 10387
f 3723 10397 3727
f 3727 10397 3777
f 3777 10397 10395
f 10395 10397 10392
f 3716 10398 3719
f 3719 10398 3723
f 10392 10398 10394
f 3723 10398 10397
f 10397 10398 10392
f 3707 10399 3712
f 3712 10399 3716
f 10396 10399 10391
f 10394 10399 10396
f 3716 10399 10398
f 10398 10399 10394
f 10233 10399 3707
f 10391 10399 10233
f 10122 10225 10121
f 3707 3704 10233
f 10119 10400 10118
f 10120 10400 10119
f 10225 10400 10120
f 10117 10401 10116
f 10118 10401 10117
f 10400 10401 10118
f 10401 10402 10116
f 10115 10402 10114
f 10116 10402 10115
f 10225 10403 10400
f 10391 10403 10225
f 10402 10220 10114
f 10113 10220 10112
f 10114 10220 10113
f 10400 10224 10401
f 10403 10224 10400
f 10111 10221 10110
f 10112 10221 10111
f 10220 10221 10112
f 10224 10226 10401
f 10401 10226 10402
f 3700 10404 10233
f 3692 10404 3696
f 3696 10404 3700
f 10233 10404 10391
f 10391 10404 10403
f 10221 10217 10110
f 10109 10217 10108
f 10110 10217 10109
f 10402 10218 10220
f 10226 10218 10402
f 10404 10222 10403
f 3685 10222 3688
f 3688 10222 3692
f 3692 10222 10404
f 10403 10222 10224
f 10405 5004 10406
f 10406 5001 10407
f 5004 5001 10406
f 10407 4998 10408
f 5001 4998 10407
f 10408 4995 10409
f 4998 4995 10408
f 10409 4991 10410
f 4995 4991 10409
f 10410 4987 10411
f 4991 4987 10410
f 10411 4983 10412
f 4987 4983 10411
f 10412 4979 10413
f 4983 4979 10412
f 10413 4974 10414
f 4979 4974 10413
f 10414 4970 10415
f 4974 4970 10414
f 10415 4966 10416
f 4970 4966 10415
f 4966 4962 10416
f 10416 4962 10417
f 4962 4958 10417
f 10417 4958 10418
f 4958 4954 10418
f 10418 4954 10419
f 4954 4950 10419
f 10419 4950 10420
f 4950 4946 10420
f 10420 4946 10421
f 4946 4943 10421
f 10421 4943 10422
f 4943 4948 10422
f 10422 4948 10423
f 4948 4952 10423
f 10423 4952 10424
f 4952 4956 10424
f 10424 4956 10425
f 4956 4960 10425
f 10425 4960 10426
f 10426 4964 10427
f 4960 4964 10426
f 10427 4968 10428
f 4964 4968 10427
f 10428 4972 10429
f 4968 4972 10428
f 10429 4977 10430
f 4972 4977 10429
f 10430 4981 10431
f 4977 4981 10430
f 10431 4985 10432
f 4981 4985 10431
f 10432 4989 10433
f 4985 4989 10432
f 10433 4993 10434
f 4989 4993 10433
f 10434 4997 10435
f 4993 4997 10434
f 10435 5000 10436
f 4997 5000 10435
f 10436 5003 10437
f 5000 5003 10436
f 10437 5006 10438
f 5003 5006 10437
f 10438 5009 10439
f 5006 5009 10438
f 10439 5012 10440
f 5009 5012 10439
f 10440 5015 10441
f 5012 5015 10440
f 5015 5018 10441
f 10441 5018 10442
f 5018 5021 10442
f 10442 5021 10443
f 10443 5024 10444
f 5021 5024 10443
f 5024 5027 10444
f 10444 5027 10445
f 10445 5033 10446
f 5027 5033 10445
f 10446 5034 10447
f 5033 5034 10446
f 10447 5035 10448
f 5034 5035 10447
f 10448 5036 10449
f 5035 5036 10448
f 10449 5038 10450
f 5036 5038 10449
f 10450 5039 10451
f 5038 5039 10450
f 10451 5103 10452
f 5039 5103 10451
f 10452 5104 10453
f 5103 5104 10452
f 10453 5105 10454
f 5104 5105 10453
f 10454 5106 10455
f 5105 5106 10454
f 10455 5107 10456
f 5106 5107 10455
f 10456 5108 10457
f 5107 5108 10456
f 10457 5109 10458
f 5108 5109 10457
f 10458 5110 10459
f 5109 5110 10458
f 10459 5111 10460
f 5110 5111 10459
f 10460 5112 10461
f 5111 5112 10460
f 10461 5113 10462
f 5112 5113 10461
f 10462 5114 10463
f 5113 5114 10462
f 10463 5115 10464
f 5114 5115 10463
f 10464 5116 10465
f 5115 5116 10464
f 10465 5117 10466
f 5116 5117 10465
f 10466 5118 10467
f 5117 5118 10466
f 5118 5119 10467
f 10467 5119 10468
f 5119 5332 10468
f 10468 5332 10469
f 5332 5333 10469
f 10469 5333 10470
f 5333 5334 10470
f 10470 5334 10471
f 5334 5335 10471
f 10471 5335 10472
f 5335 5336 10472
f 10472 5336 10473
f 5336 5337 10473
f 10473 5337 10474
f 5337 5338 10474
f 10474 5338 10475
f 5338 5339 10475
f 10475 5339 10476
f 5339 5340 10476
f 10476 5340 10477
f 10477 5183 10478
f 5340 5183 10477
f 10478 5181 10479
f 5183 5181 10478
f 10479 5179 10480
f 5181 5179 10479
f 10480 5177 10481
f 5179 5177 10480
f 10481 5176 10482
f 5177 5176 10481
f 10482 5174 10483
f 5176 5174 10482
f 10483 5172 10484
f 5174 5172 10483
f 10484 5170 10485
f 5172 5170 10484
f 10485 5169 10486
f 5170 5169 10485
f 10486 5167 10487
f 5169 5167 10486
f 10487 5165 10488
f 5167 5165 10487
f 10488 5163 10489
f 5165 5163 10488
f 10489 5162 10490
f 5163 5162 10489
f 10490 5160 10491
f 5162 5160 10490
f 10491 5158 10492
f 5160 5158 10491
f 5158 5156 10492
f 10492 5156 10493
f 5156 5155 10493
f 10493 5155 10494
f 5155 5153 10494
f 10494 5153 10495
f 5153 5151 10495
f 10495 5151 10496
f 5151 5150 10496
f 10496 5150 10497
f 5150 5148 10497
f 10497 5148 10498
f 5148 5145 10498
f 10498 5145 10499
f 5145 5141 10499
f 10499 5141 10500
f 5141 5140 10500
f 10500 5140 10501
f 5140 5136 10501
f 10501 5136 10502
f 5136 5131 10502
f 10502 5131 10503
f 5131 5130 10503
f 10503 5130 10504
f 5130 5126 10504
f 10504 5126 10505
f 5126 5122 10505
f 10505 5122 10506
f 5122 5121 10506
f 10506 5121 10507
f 5121 5099 10507
f 10507 5099 10508
f 5099 5095 10508
f 10508 5095 10509
f 10509 5091 10510
f 5095 5091 10509
f 10510 5090 10511
f 5091 5090 10510
f 10511 5085 10512
f 5090 5085 10511
f 10512 5080 10513
f 5085 5080 10512
f 10513 5076 10514
f 5080 5076 10513
f 10514 5075 10515
f 5076 5075 10514
f 10515 5071 10516
f 5075 5071 10515
f 10516 5067 10517
f 5071 5067 10516
f 5067 5063 10517
f 10517 5063 10518
f 5063 5062 10518
f 10518 5062 10519
f 5062 5056 10519
f 10519 5056 10520
f 5056 5052 10520
f 10520 5052 10521
f 5052 5051 10521
f 10521 5051 10522
f 5051 5054 10522
f 10522 5054 10523
f 5054 5028 10523
f 10523 5028 10524
f 5028 5025 10524
f 10524 5025 10525
f 5025 5022 10525
f 10525 5022 10526
f 5022 5019 10526
f 10526 5019 10527
f 5019 5016 10527
f 10527 5016 10528
f 5016 5013 10528
f 10528 5013 10529
f 5013 5010 10529
f 10529 5010 10530
f 5010 5007 10530
f 10530 5007 10531
f 5007 5004 10531
f 10531 5004 10405
f 10423 10532 10422
f 10424 10532 10423
f 10533 10534 10535
f 10536 10534 10533
f 265 10537 269
f 269 10537 275
f 10538 10537 10539
f 275 10537 10538
f 10539 10537 10540
f 10437 10541 10436
f 10421 10542 10420
f 10422 10542 10421
f 10532 10542 10422
f 10535 10543 10544
f 10534 10543 10535
f 10537 10545 10540
f 256 10545 261
f 261 10545 265
f 265 10545 10537
f 10540 10545 10536
f 10419 10546 10418
f 10420 10546 10419
f 10542 10546 10420
f 10543 10547 10544
f 10544 10547 10532
f 256 10548 10545
f 246 10548 251
f 251 10548 256
f 10536 10548 10534
f 10545 10548 10536
f 292 289 10549
f 10546 10550 10418
f 10417 10550 10416
f 10418 10550 10417
f 10547 10551 10532
f 10532 10551 10542
f 246 10552 10548
f 237 10552 242
f 242 10552 246
f 10548 10552 10534
f 10534 10552 10543
f 10550 10553 10416
f 10415 10553 10414
f 10416 10553 10415
f 10551 10554 10542
f 10542 10554 10546
f 228 10555 232
f 232 10555 237
f 10543 10555 10547
f 10547 10555 10551
f 10552 10555 10543
f 237 10555 10552
f 10413 10556 10412
f 10414 10556 10413
f 10553 10556 10414
f 10554 10557 10546
f 10546 10557 10550
f 231 10558 225
f 225 10558 228
f 228 10558 10555
f 10555 10558 10551
f 10411 10559 10410
f 10412 10559 10411
f 10556 10559 10412
f 10557 10560 10550
f 10550 10560 10553
f 10551 10561 10554
f 241 10561 234
f 234 10561 231
f 231 10561 10558
f 10558 10561 10551
f 10409 10562 10408
f 10410 10562 10409
f 10559 10562 10410
f 10553 10563 10556
f 10560 10563 10553
f 10556 10563 10559
f 249 10564 244
f 244 10564 241
f 10554 10564 10557
f 10561 10564 10554
f 241 10564 10561
f 10407 10565 10406
f 10408 10565 10407
f 10562 10565 10408
f 10563 10566 10559
f 10559 10566 10562
f 259 10567 253
f 253 10567 249
f 10560 10567 10563
f 10564 10567 10557
f 249 10567 10564
f 10557 10567 10560
f 10565 10568 10406
f 10406 10568 10405
f 10531 10568 10530
f 10405 10568 10531
f 10566 10569 10562
f 263 10570 259
f 259 10570 10567
f 10567 10570 10563
f 267 10570 263
f 10529 10571 10528
f 10530 10571 10529
f 10568 10571 10530
f 10562 10572 10565
f 10569 10572 10562
f 10563 10573 10566
f 267 10573 10570
f 10570 10573 10563
f 277 10573 271
f 271 10573 267
f 10571 10574 10528
f 10527 10574 10526
f 10528 10574 10527
f 10565 10575 10568
f 10572 10575 10565
f 277 10576 10573
f 10566 10576 10569
f 10573 10576 10566
f 283 10576 280
f 280 10576 277
f 10525 10577 10524
f 10526 10577 10525
f 10574 10577 10526
f 10568 10578 10571
f 10575 10578 10568
f 283 10579 10576
f 10576 10579 10569
f 10569 10579 10572
f 291 10579 287
f 287 10579 283
f 10577 10580 10524
f 10523 10580 10522
f 10524 10580 10523
f 10578 10581 10571
f 10571 10581 10574
f 10575 10582 10578
f 10579 10582 10572
f 10572 10582 10575
f 291 10582 10579
f 297 10582 294
f 294 10582 291
f 10580 10583 10522
f 10521 10583 10520
f 10522 10583 10521
f 10581 10584 10574
f 10574 10584 10577
f 297 10585 10582
f 10582 10585 10578
f 304 10585 301
f 301 10585 297
f 10519 10586 10518
f 10520 10586 10519
f 10583 10586 10520
f 10584 10587 10577
f 10577 10587 10580
f 304 10588 10585
f 10585 10588 10578
f 311 10588 308
f 308 10588 304
f 10578 10588 10581
f 10586 10589 10518
f 10517 10589 10516
f 10518 10589 10517
f 10580 10590 10583
f 10587 10590 10580
f 10588 10591 10581
f 10584 10591 10587
f 311 10591 10588
f 316 10591 313
f 313 10591 311
f 10581 10591 10584
f 10589 10592 10516
f 10515 10592 10514
f 10516 10592 10515
f 10590 10593 10583
f 10583 10593 10586
f 10587 10594 10590
f 316 10594 10591
f 382 10594 319
f 319 10594 316
f 10591 10594 10587
f 10592 10595 10514
f 10513 10595 10512
f 10514 10595 10513
f 10593 10596 10586
f 10586 10596 10589
f 10594 10597 10590
f 382 10597 10594
f 373 10597 378
f 378 10597 382
f 10590 10597 10593
f 10595 10598 10512
f 10511 10598 10510
f 10512 10598 10511
f 10589 10599 10592
f 10596 10599 10589
f 10597 10600 10593
f 364 10600 370
f 370 10600 373
f 373 10600 10597
f 10509 10601 10508
f 10510 10601 10509
f 10598 10601 10510
f 10599 10602 10592
f 10592 10602 10595
f 10593 10603 10596
f 10600 10603 10593
f 357 10603 361
f 361 10603 364
f 364 10603 10600
f 10601 10604 10508
f 10507 10604 10506
f 10508 10604 10507
f 10602 10605 10595
f 10595 10605 10598
f 10596 10606 10599
f 363 10606 359
f 359 10606 357
f 357 10606 10603
f 10603 10606 10596
f 10604 10607 10506
f 10505 10607 10504
f 10506 10607 10505
f 10598 10608 10601
f 10605 10608 10598
f 10599 10609 10602
f 363 10609 10606
f 372 10609 368
f 368 10609 363
f 10606 10609 10599
f 10607 10610 10504
f 10503 10610 10502
f 10504 10610 10503
f 10601 10611 10604
f 10608 10611 10601
f 372 10612 10609
f 10609 10612 10602
f 10602 10612 10605
f 380 10612 376
f 376 10612 372
f 10610 10613 10502
f 10501 10613 10500
f 10502 10613 10501
f 10611 10614 10604
f 10604 10614 10607
f 10607 10614 10610
f 380 10615 10612
f 10605 10615 10608
f 10612 10615 10605
f 388 10615 384
f 384 10615 380
f 10613 10616 10500
f 10499 10616 10498
f 10500 10616 10499
f 10614 10617 10610
f 10608 10618 10611
f 388 10618 10615
f 397 10618 393
f 393 10618 388
f 10615 10618 10608
f 10616 10619 10498
f 10497 10619 10496
f 10498 10619 10497
f 10617 10620 10610
f 10610 10620 10613
f 10611 10621 10614
f 422 10621 401
f 401 10621 397
f 397 10621 10618
f 10618 10621 10611
f 10495 10622 10494
f 10496 10622 10495
f 10619 10622 10496
f 10613 10623 10616
f 10620 10623 10613
f 422 10624 10621
f 430 10624 426
f 426 10624 422
f 10617 10624 10620
f 10614 10624 10617
f 10621 10624 10614
f 10493 10625 10492
f 10494 10625 10493
f 10622 10625 10494
f 10616 10626 10619
f 10623 10626 10616
f 430 10627 10624
f 439 10627 435
f 435 10627 430
f 10620 10627 10623
f 10624 10627 10620
f 10625 10628 10492
f 10491 10628 10490
f 10492 10628 10491
f 10626 10629 10619
f 10619 10629 10622
f 10622 10629 10625
f 10627 10630 10623
f 446 10630 443
f 443 10630 439
f 439 10630 10627
f 10623 10630 10626
f 10628 10631 10490
f 10489 10631 10488
f 10490 10631 10489
f 10629 10632 10625
f 446 10633 10630
f 10630 10633 10626
f 450 10633 448
f 448 10633 446
f 10631 10634 10488
f 10487 10634 10486
f 10488 10634 10487
f 10632 10635 10625
f 10625 10635 10628
f 10626 10636 10629
f 10633 10636 10626
f 450 10636 10633
f 454 10636 452
f 452 10636 450
f 10634 10637 10486
f 10485 10637 10484
f 10486 10637 10485
f 10635 10638 10628
f 10628 10638 10631
f 10629 10639 10632
f 10636 10639 10629
f 454 10639 10636
f 458 10639 456
f 456 10639 454
f 10637 10640 10484
f 10483 10640 10482
f 10484 10640 10483
f 10638 10641 10631
f 10631 10641 10634
f 10639 10642 10632
f 458 10642 10639
f 462 10642 460
f 460 10642 458
f 10632 10642 10635
f 10481 10643 10480
f 10482 10643 10481
f 10640 10643 10482
f 10634 10644 10637
f 10641 10644 10634
f 10637 10644 10640
f 10642 10645 10635
f 10635 10645 10638
f 466 10645 464
f 464 10645 462
f 462 10645 10642
f 10638 10645 10641
f 10643 10646 10480
f 10479 10646 10478
f 10480 10646 10479
f 10644 10647 10640
f 470 10648 468
f 468 10648 466
f 466 10648 10645
f 10645 10648 10641
f 10477 10649 10476
f 10478 10649 10477
f 10646 10649 10478
f 10640 10650 10643
f 10647 10650 10640
f 10641 10651 10644
f 474 10651 472
f 472 10651 470
f 470 10651 10648
f 10648 10651 10641
f 10475 10652 10474
f 10476 10652 10475
f 10649 10652 10476
f 10643 10653 10646
f 10650 10653 10643
f 10651 10654 10644
f 10647 10654 10650
f 478 10654 476
f 476 10654 474
f 10644 10654 10647
f 474 10654 10651
f 10473 10655 10472
f 10474 10655 10473
f 10652 10655 10474
f 10649 10656 10652
f 10646 10656 10649
f 10653 10656 10646
f 482 10657 480
f 480 10657 478
f 10654 10657 10650
f 10650 10657 10653
f 478 10657 10654
f 10471 10658 10470
f 10472 10658 10471
f 10655 10658 10472
f 10656 10659 10652
f 10652 10659 10655
f 482 10660 10657
f 10653 10660 10656
f 10657 10660 10653
f 653 10660 654
f 654 10660 482
f 10658 10661 10470
f 10469 10661 10468
f 10470 10661 10469
f 10659 10662 10655
f 653 10663 10660
f 651 10663 652
f 652 10663 653
f 10660 10663 10656
f 10656 10663 10659
f 10661 10664 10468
f 10467 10664 10466
f 10468 10664 10467
f 10655 10665 10658
f 10662 10665 10655
f 10663 10666 10659
f 651 10666 10663
f 649 10666 650
f 650 10666 651
f 10664 10667 10466
f 10465 10667 10464
f 10466 10667 10465
f 10658 10668 10661
f 10665 10668 10658
f 10659 10669 10662
f 10666 10669 10659
f 649 10669 10666
f 647 10669 648
f 648 10669 649
f 10667 10670 10464
f 10463 10670 10462
f 10464 10670 10463
f 10661 10671 10664
f 10668 10671 10661
f 10664 10671 10667
f 10662 10672 10665
f 10669 10672 10662
f 647 10672 10669
f 645 10672 646
f 646 10672 647
f 10461 10673 10460
f 10462 10673 10461
f 10670 10673 10462
f 10671 10674 10667
f 10667 10674 10670
f 645 10675 10672
f 10665 10675 10668
f 10672 10675 10665
f 415 10675 643
f 643 10675 645
f 10459 10676 10458
f 10460 10676 10459
f 10673 10676 10460
f 10674 10677 10670
f 413 10678 414
f 414 10678 415
f 415 10678 10675
f 10675 10678 10668
f 10668 10678 10671
f 10457 10679 10456
f 10458 10679 10457
f 10676 10679 10458
f 10670 10680 10673
f 10677 10680 10670
f 411 10681 412
f 412 10681 413
f 10671 10681 10674
f 413 10681 10678
f 10674 10681 10677
f 10678 10681 10671
f 10455 10682 10454
f 10456 10682 10455
f 10679 10682 10456
f 10673 10683 10676
f 10680 10683 10673
f 409 10684 410
f 410 10684 411
f 411 10684 10681
f 10681 10684 10677
f 10453 10685 10452
f 10454 10685 10453
f 10682 10685 10454
f 10683 10686 10676
f 10676 10686 10679
f 407 10687 408
f 408 10687 409
f 409 10687 10684
f 10677 10687 10680
f 10684 10687 10677
f 10451 10688 10450
f 10452 10688 10451
f 10685 10688 10452
f 10679 10689 10682
f 10686 10689 10679
f 406 10690 404
f 404 10690 407
f 10680 10690 10683
f 407 10690 10687
f 10687 10690 10680
f 10449 10691 10448
f 10450 10691 10449
f 10688 10691 10450
f 10682 10692 10685
f 10689 10692 10682
f 406 10693 10690
f 419 10693 420
f 420 10693 406
f 10690 10693 10683
f 10683 10693 10686
f 10686 10693 10689
f 10447 10694 10446
f 10448 10694 10447
f 10691 10694 10448
f 10692 10695 10685
f 10685 10695 10688
f 10693 10696 10689
f 417 10696 418
f 418 10696 419
f 419 10696 10693
f 10694 10697 10446
f 10445 10697 10444
f 10446 10697 10445
f 10691 10698 10694
f 10695 10698 10688
f 10688 10698 10691
f 417 10699 10696
f 10689 10699 10692
f 353 10699 416
f 416 10699 417
f 10696 10699 10689
f 10443 10700 10442
f 10444 10700 10443
f 10697 10700 10444
f 10698 10701 10694
f 10692 10702 10695
f 326 10702 340
f 340 10702 353
f 10695 10702 10698
f 353 10702 10699
f 10699 10702 10692
f 10441 10703 10440
f 10442 10703 10441
f 10700 10703 10442
f 10701 10704 10694
f 10694 10704 10697
f 323 10705 324
f 324 10705 326
f 10702 10705 10698
f 326 10705 10702
f 10439 10706 10438
f 10440 10706 10439
f 10703 10706 10440
f 10438 10706 10541
f 10541 10706 10707
f 10697 10708 10700
f 10700 10708 10703
f 10704 10708 10697
f 321 10709 322
f 322 10709 323
f 10701 10709 10704
f 10698 10709 10701
f 323 10709 10705
f 10705 10709 10698
f 10708 10710 10703
f 315 10711 318
f 318 10711 321
f 10709 10711 10704
f 321 10711 10709
f 10710 10712 10703
f 10703 10712 10706
f 10706 10712 10707
f 10707 10712 10549
f 309 10713 312
f 312 10713 315
f 315 10713 10711
f 10704 10713 10708
f 10711 10713 10704
f 302 10714 306
f 306 10714 309
f 10708 10714 10710
f 309 10714 10713
f 10713 10714 10708
f 296 10715 299
f 299 10715 302
f 10710 10715 10712
f 10712 10715 10549
f 302 10715 10714
f 10714 10715 10710
f 10549 10715 296
f 10438 10541 10437
f 296 292 10549
f 10707 10716 10541
f 10435 10716 10434
f 10436 10716 10435
f 10541 10716 10436
f 10433 10717 10432
f 10434 10717 10433
f 10716 10717 10434
f 10717 10718 10432
f 10431 10718 10430
f 10432 10718 10431
f 10707 10719 10716
f 10549 10719 10707
f 10718 10533 10430
f 10429 10533 10428
f 10430 10533 10429
f 10716 10539 10717
f 10719 10539 10716
f 10427 10535 10426
f 10428 10535 10427
f 10533 10535 10428
f 10717 10540 10718
f 10539 10540 10717
f 289 10720 10549
f 282 10720 286
f 286 10720 289
f 10549 10720 10719
f 10535 10544 10426
f 10425 10544 10424
f 10426 10544 10425
f 10718 10536 10533
f 10540 10536 10718
f 10720 10538 10719
f 275 10538 279
f 279 10538 282
f 282 10538 10720
f 10719 10538 10539
f 10544 10532 10424
f 10721 5291 10722
f 10722 5288 10723
f 5291 5288 10722
f 10723 5284 10724
f 5288 5284 10723
f 10724 5280 10725
f 5284 5280 10724
f 10725 5277 10726
f 5280 5277 10725
f 10726 5273 10727
f 5277 5273 10726
f 10727 5269 10728
f 5273 5269 10727
f 10728 5267 10729
f 5269 5267 10728
f 10729 5264 10730
f 5267 5264 10729
f 10730 5260 10731
f 5264 5260 10730
f 10731 5256 10732
f 5260 5256 10731
f 5256 5253 10732
f 10732 5253 10733
f 5253 5249 10733
f 10733 5249 10734
f 5249 5246 10734
f 10734 5246 10735
f 5246 5242 10735
f 10735 5242 10736
f 5242 5239 10736
f 10736 5239 10737
f 5239 5236 10737
f 10737 5236 10738
f 5236 5241 10738
f 10738 5241 10739
f 5241 5244 10739
f 10739 5244 10740
f 5244 5247 10740
f 10740 5247 10741
f 5247 5251 10741
f 10741 5251 10742
f 10742 5255 10743
f 5251 5255 10742
f 10743 5258 10744
f 5255 5258 10743
f 10744 5262 10745
f 5258 5262 10744
f 10745 5265 10746
f 5262 5265 10745
f 10746 5268 10747
f 5265 5268 10746
f 10747 5271 10748
f 5268 5271 10747
f 10748 5275 10749
f 5271 5275 10748
f 10749 5279 10750
f 5275 5279 10749
f 10750 5282 10751
f 5279 5282 10750
f 10751 5286 10752
f 5282 5286 10751
f 10752 5290 10753
f 5286 5290 10752
f 10753 5293 10754
f 5290 5293 10753
f 10754 5297 10755
f 5293 5297 10754
f 10755 5301 10756
f 5297 5301 10755
f 10756 5305 10757
f 5301 5305 10756
f 5305 5308 10757
f 10757 5308 10758
f 5308 5312 10758
f 10758 5312 10759
f 10759 5316 10760
f 5312 5316 10759
f 5316 5319 10760
f 10760 5319 10761
f 10761 5323 10762
f 5319 5323 10761
f 10762 5327 10763
f 5323 5327 10762
f 10763 5348 10764
f 5327 5348 10763
f 10764 5351 10765
f 5348 5351 10764
f 10765 5355 10766
f 5351 5355 10765
f 10766 5359 10767
f 5355 5359 10766
f 10767 5366 10768
f 5359 5366 10767
f 10768 5369 10769
f 5366 5369 10768
f 10769 5373 10770
f 5369 5373 10769
f 10770 5379 10771
f 5373 5379 10770
f 10771 5383 10772
f 5379 5383 10771
f 10772 5386 10773
f 5383 5386 10772
f 10773 5390 10774
f 5386 5390 10773
f 10774 5397 10775
f 5390 5397 10774
f 10775 5401 10776
f 5397 5401 10775
f 10776 5405 10777
f 5401 5405 10776
f 10777 5409 10778
f 5405 5409 10777
f 10778 5440 10779
f 5409 5440 10778
f 10779 5442 10780
f 5440 5442 10779
f 10780 5444 10781
f 5442 5444 10780
f 10781 5445 10782
f 5444 5445 10781
f 10782 5447 10783
f 5445 5447 10782
f 5447 5448 10783
f 10783 5448 10784
f 5448 5463 10784
f 10784 5463 10785
f 5463 5469 10785
f 10785 5469 10786
f 5469 5470 10786
f 10786 5470 10787
f 5470 5479 10787
f 10787 5479 10788
f 5479 5596 10788
f 10788 5596 10789
f 5596 5591 10789
f 10789 5591 10790
f 5591 5587 10790
f 10790 5587 10791
f 5587 5583 10791
f 10791 5583 10792
f 5583 5579 10792
f 10792 5579 10793
f 10793 5575 10794
f 5579 5575 10793
f 10794 5571 10795
f 5575 5571 10794
f 10795 5567 10796
f 5571 5567 10795
f 10796 5563 10797
f 5567 5563 10796
f 10797 5559 10798
f 5563 5559 10797
f 10798 5555 10799
f 5559 5555 10798
f 10799 5551 10800
f 5555 5551 10799
f 10800 5547 10801
f 5551 5547 10800
f 10801 5543 10802
f 5547 5543 10801
f 10802 5539 10803
f 5543 5539 10802
f 10803 5535 10804
f 5539 5535 10803
f 10804 5531 10805
f 5535 5531 10804
f 10805 5527 10806
f 5531 5527 10805
f 10806 5526 10807
f 5527 5526 10806
f 10807 5522 10808
f 5526 5522 10807
f 5522 5518 10808
f 10808 5518 10809
f 5518 5514 10809
f 10809 5514 10810
f 5514 5510 10810
f 10810 5510 10811
f 5510 5507 10811
f 10811 5507 10812
f 5507 5503 10812
f 10812 5503 10813
f 5503 5499 10813
f 10813 5499 10814
f 5499 5495 10814
f 10814 5495 10815
f 5495 5491 10815
f 10815 5491 10816
f 5491 5490 10816
f 10816 5490 10817
f 5490 5493 10817
f 10817 5493 10818
f 5493 5497 10818
f 10818 5497 10819
f 5497 5501 10819
f 10819 5501 10820
f 5501 5505 10820
f 10820 5505 10821
f 5505 5414 10821
f 10821 5414 10822
f 5414 5412 10822
f 10822 5412 10823
f 5412 5407 10823
f 10823 5407 10824
f 5407 5403 10824
f 10824 5403 10825
f 10825 5399 10826
f 5403 5399 10825
f 10826 5395 10827
f 5399 5395 10826
f 10827 5388 10828
f 5395 5388 10827
f 10828 5384 10829
f 5388 5384 10828
f 10829 5381 10830
f 5384 5381 10829
f 10830 5375 10831
f 5381 5375 10830
f 10831 5371 10832
f 5375 5371 10831
f 10832 5367 10833
f 5371 5367 10832
f 5367 5364 10833
f 10833 5364 10834
f 5364 5357 10834
f 10834 5357 10835
f 5357 5353 10835
f 10835 5353 10836
f 5353 5349 10836
f 10836 5349 10837
f 5349 5329 10837
f 10837 5329 10838
f 5329 5325 10838
f 10838 5325 10839
f 5325 5321 10839
f 10839 5321 10840
f 5321 5317 10840
f 10840 5317 10841
f 5317 5314 10841
f 10841 5314 10842
f 5314 5310 10842
f 10842 5310 10843
f 5310 5306 10843
f 10843 5306 10844
f 5306 5303 10844
f 10844 5303 10845
f 5303 5299 10845
f 10845 5299 10846
f 5299 5295 10846
f 10846 5295 10847
f 5295 5291 10847
f 10847 5291 10721
f 10739 10848 10738
f 10740 10848 10739
f 10849 10848 10740
f 10850 10851 10852
f 10852 10851 10853
f 10854 10855 10856
f 555 10855 560
f 560 10855 566
f 566 10855 10854
f 10753 10857 10752
f 10856 10855 10858
f 10737 10859 10736
f 10738 10859 10737
f 10848 10859 10738
f 10853 10860 10849
f 10851 10860 10853
f 10855 10861 10858
f 555 10861 10855
f 547 10861 551
f 551 10861 555
f 10858 10861 10850
f 10859 10862 10736
f 10735 10862 10734
f 10736 10862 10735
f 10849 10863 10848
f 10860 10863 10849
f 10848 10863 10859
f 537 10864 542
f 542 10864 547
f 10850 10864 10851
f 10861 10864 10850
f 547 10864 10861
f 587 583 10865
f 10733 10866 10732
f 10734 10866 10733
f 10862 10866 10734
f 10863 10867 10859
f 528 10868 533
f 533 10868 537
f 537 10868 10864
f 10851 10868 10860
f 10864 10868 10851
f 10866 10869 10732
f 10731 10869 10730
f 10732 10869 10731
f 10859 10870 10862
f 10862 10870 10866
f 10867 10870 10859
f 519 10871 524
f 524 10871 528
f 10863 10871 10867
f 10860 10871 10863
f 10868 10871 10860
f 528 10871 10868
f 10729 10872 10728
f 10730 10872 10729
f 10869 10872 10730
f 10870 10873 10866
f 523 10874 517
f 517 10874 519
f 519 10874 10871
f 10871 10874 10867
f 10727 10875 10726
f 10728 10875 10727
f 10872 10875 10728
f 10873 10876 10866
f 10866 10876 10869
f 530 10877 527
f 527 10877 523
f 10874 10877 10867
f 523 10877 10874
f 10867 10877 10870
f 10870 10877 10873
f 10725 10878 10724
f 10726 10878 10725
f 10875 10878 10726
f 10876 10879 10869
f 10869 10879 10872
f 10877 10880 10873
f 541 10880 535
f 535 10880 530
f 530 10880 10877
f 10723 10881 10722
f 10724 10881 10723
f 10878 10881 10724
f 10872 10882 10875
f 10879 10882 10872
f 549 10883 544
f 544 10883 541
f 10873 10883 10876
f 10880 10883 10873
f 541 10883 10880
f 10722 10884 10721
f 10881 10884 10722
f 10847 10884 10846
f 10721 10884 10847
f 10882 10885 10875
f 10875 10885 10878
f 553 10886 549
f 549 10886 10883
f 10883 10886 10876
f 10876 10886 10879
f 557 10886 553
f 10884 10887 10846
f 10845 10887 10844
f 10846 10887 10845
f 10885 10888 10878
f 10878 10888 10881
f 10879 10889 10882
f 557 10889 10886
f 10886 10889 10879
f 568 10889 563
f 563 10889 557
f 10887 10890 10844
f 10843 10890 10842
f 10844 10890 10843
f 10881 10891 10884
f 10888 10891 10881
f 10885 10892 10888
f 568 10892 10889
f 10882 10892 10885
f 10889 10892 10882
f 577 10892 573
f 573 10892 568
f 10841 10893 10840
f 10842 10893 10841
f 10890 10893 10842
f 10891 10894 10884
f 10884 10894 10887
f 577 10895 10892
f 10892 10895 10888
f 586 10895 580
f 580 10895 577
f 10893 10896 10840
f 10839 10896 10838
f 10840 10896 10839
f 10894 10897 10887
f 10887 10897 10890
f 10888 10898 10891
f 10895 10898 10888
f 586 10898 10895
f 593 10898 589
f 589 10898 586
f 10896 10899 10838
f 10837 10899 10836
f 10838 10899 10837
f 10897 10900 10890
f 10890 10900 10893
f 10898 10901 10891
f 593 10901 10898
f 10891 10901 10894
f 602 10901 597
f 597 10901 593
f 10835 10902 10834
f 10836 10902 10835
f 10899 10902 10836
f 10900 10903 10893
f 10893 10903 10896
f 10894 10904 10897
f 10901 10904 10894
f 602 10904 10901
f 610 10904 606
f 606 10904 602
f 10902 10905 10834
f 10833 10905 10832
f 10834 10905 10833
f 10903 10906 10896
f 10896 10906 10899
f 10899 10906 10902
f 610 10907 10904
f 619 10907 615
f 615 10907 610
f 10904 10907 10897
f 10897 10907 10900
f 10905 10908 10832
f 10831 10908 10830
f 10832 10908 10831
f 10906 10909 10902
f 10900 10910 10903
f 10903 10910 10906
f 10907 10910 10900
f 619 10910 10907
f 628 10910 624
f 624 10910 619
f 10908 10911 10830
f 10829 10911 10828
f 10830 10911 10829
f 10902 10912 10905
f 10909 10912 10902
f 10910 10913 10906
f 628 10913 10910
f 636 10913 633
f 633 10913 628
f 10911 10914 10828
f 10827 10914 10826
f 10828 10914 10827
f 10905 10915 10908
f 10908 10915 10911
f 10912 10915 10905
f 10913 10916 10906
f 661 10916 641
f 641 10916 636
f 636 10916 10913
f 10906 10916 10909
f 10914 10917 10826
f 10825 10917 10824
f 10826 10917 10825
f 10915 10918 10911
f 10909 10919 10912
f 661 10919 10916
f 10912 10919 10915
f 10916 10919 10909
f 674 10919 665
f 665 10919 661
f 10823 10920 10822
f 10824 10920 10823
f 10917 10920 10824
f 10911 10921 10914
f 10918 10921 10911
f 10919 10922 10915
f 10915 10922 10918
f 684 10922 679
f 679 10922 674
f 674 10922 10919
f 10920 10923 10822
f 10821 10923 10820
f 10822 10923 10821
f 10914 10924 10917
f 10921 10924 10914
f 10922 10925 10918
f 696 10925 691
f 691 10925 684
f 684 10925 10922
f 10923 10926 10820
f 10819 10926 10818
f 10820 10926 10819
f 10924 10927 10917
f 10917 10927 10920
f 10925 10928 10918
f 10918 10928 10921
f 706 10928 701
f 701 10928 696
f 696 10928 10925
f 10817 10929 10816
f 10818 10929 10817
f 10926 10929 10818
f 10927 10930 10920
f 10920 10930 10923
f 10921 10931 10924
f 706 10931 10928
f 10928 10931 10921
f 713 10931 711
f 711 10931 706
f 10924 10931 10927
f 10929 10932 10816
f 10815 10932 10814
f 10816 10932 10815
f 10926 10933 10929
f 10923 10933 10926
f 10930 10933 10923
f 10931 10934 10927
f 721 10934 716
f 716 10934 713
f 713 10934 10931
f 10932 10935 10814
f 10813 10935 10812
f 10814 10935 10813
f 10933 10936 10929
f 10927 10937 10930
f 785 10937 789
f 789 10937 721
f 721 10937 10934
f 10934 10937 10927
f 10811 10938 10810
f 10812 10938 10811
f 10935 10938 10812
f 10929 10939 10932
f 10936 10939 10929
f 10930 10940 10933
f 10937 10940 10930
f 776 10940 781
f 785 10940 10937
f 781 10940 785
f 10933 10940 10936
f 10809 10941 10808
f 10810 10941 10809
f 10938 10941 10810
f 10939 10942 10932
f 10935 10942 10938
f 10932 10942 10935
f 766 10943 771
f 771 10943 776
f 10940 10943 10936
f 776 10943 10940
f 10941 10944 10808
f 10807 10944 10806
f 10808 10944 10807
f 10942 10945 10938
f 10936 10946 10939
f 763 10946 761
f 761 10946 766
f 10943 10946 10936
f 766 10946 10943
f 10944 10947 10806
f 10805 10947 10804
f 10806 10947 10805
f 10938 10948 10941
f 10945 10948 10938
f 10941 10948 10944
f 10939 10949 10942
f 10942 10949 10945
f 770 10949 768
f 768 10949 763
f 763 10949 10946
f 10946 10949 10939
f 10947 10950 10804
f 10803 10950 10802
f 10804 10950 10803
f 10948 10951 10944
f 770 10952 10949
f 10949 10952 10945
f 778 10952 774
f 774 10952 770
f 10950 10953 10802
f 10801 10953 10800
f 10802 10953 10801
f 10944 10954 10947
f 10951 10954 10944
f 778 10955 10952
f 788 10955 784
f 784 10955 778
f 10948 10955 10951
f 10952 10955 10945
f 10945 10955 10948
f 10953 10956 10800
f 10799 10956 10798
f 10800 10956 10799
f 10950 10957 10953
f 10954 10957 10947
f 10947 10957 10950
f 788 10958 10955
f 10955 10958 10951
f 798 10958 792
f 792 10958 788
f 10797 10959 10796
f 10798 10959 10797
f 10956 10959 10798
f 10957 10960 10953
f 10951 10961 10954
f 10958 10961 10951
f 806 10961 802
f 802 10961 798
f 798 10961 10958
f 10795 10962 10794
f 10796 10962 10795
f 10959 10962 10796
f 10960 10963 10953
f 10953 10963 10956
f 10956 10963 10959
f 817 10964 810
f 810 10964 806
f 806 10964 10961
f 10961 10964 10954
f 10957 10964 10960
f 10954 10964 10957
f 10962 10965 10794
f 10793 10965 10792
f 10794 10965 10793
f 10963 10966 10959
f 827 10967 823
f 823 10967 817
f 10964 10967 10960
f 817 10967 10964
f 10791 10968 10790
f 10792 10968 10791
f 10965 10968 10792
f 10959 10969 10962
f 10966 10969 10959
f 10960 10970 10963
f 10963 10970 10966
f 10967 10970 10960
f 838 10970 831
f 831 10970 827
f 827 10970 10967
f 10789 10971 10788
f 10790 10971 10789
f 10968 10971 10790
f 10962 10972 10965
f 10969 10972 10962
f 846 10973 842
f 842 10973 838
f 10970 10973 10966
f 838 10973 10970
f 10787 10974 10786
f 10788 10974 10787
f 10971 10974 10788
f 10972 10975 10965
f 10965 10975 10968
f 846 10976 10973
f 854 10976 848
f 848 10976 846
f 10966 10976 10969
f 10973 10976 10966
f 10974 10977 10786
f 10785 10977 10784
f 10786 10977 10785
f 10975 10978 10968
f 10968 10978 10971
f 10976 10979 10969
f 864 10979 862
f 862 10979 854
f 10969 10979 10972
f 854 10979 10976
f 10972 10979 10975
f 10977 10980 10784
f 10783 10980 10782
f 10784 10980 10783
f 10971 10981 10974
f 10978 10981 10971
f 10979 10982 10975
f 864 10982 10979
f 872 10982 868
f 868 10982 864
f 10980 10983 10782
f 10781 10983 10780
f 10782 10983 10781
f 10974 10984 10977
f 10981 10984 10974
f 10975 10985 10978
f 10982 10985 10975
f 872 10985 10982
f 758 10985 759
f 759 10985 872
f 10983 10986 10780
f 10779 10986 10778
f 10780 10986 10779
f 10984 10987 10977
f 10977 10987 10980
f 10981 10988 10984
f 758 10988 10985
f 754 10988 756
f 756 10988 758
f 10985 10988 10978
f 10978 10988 10981
f 10777 10989 10776
f 10778 10989 10777
f 10986 10989 10778
f 10987 10990 10980
f 10980 10990 10983
f 754 10991 10988
f 751 10991 753
f 753 10991 754
f 10988 10991 10984
f 10984 10991 10987
f 10775 10992 10774
f 10776 10992 10775
f 10989 10992 10776
f 10990 10993 10983
f 10983 10993 10986
f 10987 10994 10990
f 10991 10994 10987
f 748 10994 749
f 749 10994 751
f 751 10994 10991
f 10992 10995 10774
f 10773 10995 10772
f 10774 10995 10773
f 10986 10996 10989
f 10993 10996 10986
f 10994 10997 10990
f 745 10997 747
f 747 10997 748
f 10990 10997 10993
f 748 10997 10994
f 10771 10998 10770
f 10772 10998 10771
f 10995 10998 10772
f 10989 10999 10992
f 10996 10999 10989
f 741 11000 742
f 742 11000 745
f 745 11000 10997
f 10997 11000 10993
f 10769 11001 10768
f 10770 11001 10769
f 10998 11001 10770
f 10992 11002 10995
f 10999 11002 10992
f 737 11003 739
f 739 11003 741
f 10993 11003 10996
f 11000 11003 10993
f 741 11003 11000
f 10767 11004 10766
f 10768 11004 10767
f 11001 11004 10768
f 10995 11005 10998
f 11002 11005 10995
f 704 11006 736
f 736 11006 737
f 10996 11006 10999
f 11003 11006 10996
f 737 11006 11003
f 10999 11006 11002
f 10765 11007 10764
f 10766 11007 10765
f 11004 11007 10766
f 10998 11008 11001
f 11005 11008 10998
f 693 11009 697
f 697 11009 704
f 704 11009 11006
f 11006 11009 11002
f 11002 11009 11005
f 10763 11010 10762
f 10764 11010 10763
f 11007 11010 10764
f 11008 11011 11001
f 11001 11011 11004
f 681 11012 686
f 686 11012 693
f 693 11012 11009
f 11009 11012 11005
f 10761 11013 10760
f 10762 11013 10761
f 11010 11013 10762
f 11011 11014 11004
f 11004 11014 11007
f 11008 11015 11011
f 11012 11015 11005
f 671 11015 675
f 675 11015 681
f 11005 11015 11008
f 681 11015 11012
f 10759 11016 10758
f 10760 11016 10759
f 11013 11016 10760
f 11007 11017 11010
f 11014 11017 11007
f 659 11018 663
f 663 11018 671
f 671 11018 11015
f 11011 11018 11014
f 11015 11018 11011
f 10757 11019 10756
f 10758 11019 10757
f 11016 11019 10758
f 11010 11020 11013
f 11017 11020 11010
f 634 11021 639
f 639 11021 659
f 11018 11021 11014
f 659 11021 11018
f 10755 11022 10754
f 10756 11022 10755
f 11019 11022 10756
f 10754 11022 10857
f 10857 11022 11023
f 11020 11024 11013
f 11013 11024 11016
f 11016 11024 11019
f 626 11025 630
f 630 11025 634
f 11017 11025 11020
f 11014 11025 11017
f 11021 11025 11014
f 634 11025 11021
f 11024 11026 11019
f 617 11027 621
f 621 11027 626
f 11025 11027 11020
f 626 11027 11025
f 11020 11027 11024
f 11019 11028 11022
f 11022 11028 11023
f 11026 11028 11019
f 608 11029 613
f 613 11029 617
f 617 11029 11027
f 11027 11029 11024
f 600 11030 604
f 604 11030 608
f 11024 11030 11026
f 608 11030 11029
f 11029 11030 11024
f 591 11031 595
f 595 11031 600
f 11028 11031 11023
f 11026 11031 11028
f 600 11031 11030
f 11030 11031 11026
f 10865 11031 591
f 11023 11031 10865
f 10754 10857 10753
f 591 587 10865
f 10751 11032 10750
f 10752 11032 10751
f 10857 11032 10752
f 10749 11033 10748
f 10750 11033 10749
f 11032 11033 10750
f 11033 11034 10748
f 10747 11034 10746
f 10748 11034 10747
f 10857 11035 11032
f 11023 11035 10857
f 11034 10852 10746
f 10745 10852 10744
f 10746 10852 10745
f 11032 10856 11033
f 11035 10856 11032
f 10743 10853 10742
f 10744 10853 10743
f 10852 10853 10744
f 10856 10858 11033
f 11033 10858 11034
f 583 11036 10865
f 574 11036 578
f 578 11036 583
f 10865 11036 11023
f 11023 11036 11035
f 10853 10849 10742
f 10741 10849 10740
f 10742 10849 10741
f 11034 10850 10852
f 10858 10850 11034
f 11036 10854 11035
f 566 10854 570
f 570 10854 574
f 574 10854 11036
f 11035 10854 10856
f 11037 5740 11038
f 11038 5737 11039
f 5740 5737 11038
f 11039 5733 11040
f 5737 5733 11039
f 11040 5731 11041
f 5733 5731 11040
f 11041 5728 11042
f 5731 5728 11041
f 11042 5726 11043
f 5728 5726 11042
f 11043 5722 11044
f 5726 5722 11043
f 11044 5720 11045
f 5722 5720 11044
f 11045 5718 11046
f 5720 5718 11045
f 11046 5715 11047
f 5718 5715 11046
f 11047 5713 11048
f 5715 5713 11047
f 5713 5711 11048
f 11048 5711 11049
f 5711 5709 11049
f 11049 5709 11050
f 5709 5705 11050
f 11050 5705 11051
f 5705 5703 11051
f 11051 5703 11052
f 5703 5700 11052
f 11052 5700 11053
f 5700 5701 11053
f 11053 5701 11054
f 5701 5702 11054
f 11054 5702 11055
f 5702 5704 11055
f 11055 5704 11056
f 5704 5708 11056
f 11056 5708 11057
f 5708 5710 11057
f 11057 5710 11058
f 11058 5712 11059
f 5710 5712 11058
f 11059 5714 11060
f 5712 5714 11059
f 11060 5716 11061
f 5714 5716 11060
f 11061 5719 11062
f 5716 5719 11061
f 11062 5721 11063
f 5719 5721 11062
f 11063 5725 11064
f 5721 5725 11063
f 11064 5727 11065
f 5725 5727 11064
f 11065 5729 11066
f 5727 5729 11065
f 11066 5732 11067
f 5729 5732 11066
f 11067 5736 11068
f 5732 5736 11067
f 11068 5739 11069
f 5736 5739 11068
f 11069 5742 11070
f 5739 5742 11069
f 11070 5746 11071
f 5742 5746 11070
f 11071 5780 11072
f 5746 5780 11071
f 11072 5783 11073
f 5780 5783 11072
f 5783 5786 11073
f 11073 5786 11074
f 5786 5789 11074
f 11074 5789 11075
f 11075 5792 11076
f 5789 5792 11075
f 5792 5795 11076
f 11076 5795 11077
f 11077 5797 11078
f 5795 5797 11077
f 11078 5799 11079
f 5797 5799 11078
f 11079 5801 11080
f 5799 5801 11079
f 11080 5803 11081
f 5801 5803 11080
f 11081 5805 11082
f 5803 5805 11081
f 11082 5807 11083
f 5805 5807 11082
f 11083 5809 11084
f 5807 5809 11083
f 11084 5811 11085
f 5809 5811 11084
f 11085 5813 11086
f 5811 5813 11085
f 11086 5815 11087
f 5813 5815 11086
f 11087 5817 11088
f 5815 5817 11087
f 11088 5819 11089
f 5817 5819 11088
f 11089 5821 11090
f 5819 5821 11089
f 11090 5823 11091
f 5821 5823 11090
f 11091 5825 11092
f 5823 5825 11091
f 11092 5827 11093
f 5825 5827 11092
f 11093 5829 11094
f 5827 5829 11093
f 11094 5848 11095
f 5829 5848 11094
f 11095 5859 11096
f 5848 5859 11095
f 11096 5867 11097
f 5859 5867 11096
f 11097 5875 11098
f 5867 5875 11097
f 11098 5881 11099
f 5875 5881 11098
f 5881 5888 11099
f 11099 5888 11100
f 5888 5893 11100
f 11100 5893 11101
f 5893 5899 11101
f 11101 5899 11102
f 5899 5910 11102
f 11102 5910 11103
f 5910 5929 11103
f 11103 5929 11104
f 5929 5941 11104
f 11104 5941 11105
f 5941 5953 11105
f 11105 5953 11106
f 5953 5963 11106
f 11106 5963 11107
f 5963 5974 11107
f 11107 5974 11108
f 5974 5982 11108
f 11108 5982 11109
f 11109 6164 11110
f 5982 6164 11109
f 11110 6160 11111
f 6164 6160 11110
f 11111 6156 11112
f 6160 6156 11111
f 11112 6153 11113
f 6156 6153 11112
f 11113 6152 11114
f 6153 6152 11113
f 11114 6145 11115
f 6152 6145 11114
f 11115 6139 11116
f 6145 6139 11115
f 11116 6127 11117
f 6139 6127 11116
f 11117 6126 11118
f 6127 6126 11117
f 11118 6115 11119
f 6126 6115 11118
f 11119 6105 11120
f 6115 6105 11119
f 11120 6095 11121
f 6105 6095 11120
f 11121 6094 11122
f 6095 6094 11121
f 11122 6085 11123
f 6094 6085 11122
f 11123 6076 11124
f 6085 6076 11123
f 6076 6066 11124
f 11124 6066 11125
f 6066 6065 11125
f 11125 6065 11126
f 6065 6058 11126
f 11126 6058 11127
f 6058 6050 11127
f 11127 6050 11128
f 6050 6049 11128
f 11128 6049 11129
f 6049 6040 11129
f 11129 6040 11130
f 6040 6034 11130
f 11130 6034 11131
f 6034 6033 11131
f 11131 6033 11132
f 6033 6025 11132
f 11132 6025 11133
f 6025 6016 11133
f 11133 6016 11134
f 6016 6007 11134
f 11134 6007 11135
f 6007 6006 11135
f 11135 6006 11136
f 6006 5995 11136
f 11136 5995 11137
f 5995 5987 11137
f 11137 5987 11138
f 5987 5986 11138
f 11138 5986 11139
f 5986 5976 11139
f 11139 5976 11140
f 5976 5965 11140
f 11140 5965 11141
f 11141 5956 11142
f 5965 5956 11141
f 11142 5955 11143
f 5956 5955 11142
f 11143 5947 11144
f 5955 5947 11143
f 11144 5937 11145
f 5947 5937 11144
f 11145 5932 11146
f 5937 5932 11145
f 11146 5931 11147
f 5932 5931 11146
f 11147 5924 11148
f 5931 5924 11147
f 11148 5919 11149
f 5924 5919 11148
f 5919 5916 11149
f 11149 5916 11150
f 5916 5915 11150
f 11150 5915 11151
f 5915 5908 11151
f 11151 5908 11152
f 5908 5905 11152
f 11152 5905 11153
f 5905 5904 11153
f 11153 5904 11154
f 5904 5764 11154
f 11154 5764 11155
f 5764 5761 11155
f 11155 5761 11156
f 5761 5758 11156
f 11156 5758 11157
f 5758 5756 11157
f 11157 5756 11158
f 5756 5753 11158
f 11158 5753 11159
f 5753 5751 11159
f 11159 5751 11160
f 5751 5750 11160
f 11160 5750 11161
f 5750 5747 11161
f 11161 5747 11162
f 5747 5743 11162
f 11162 5743 11163
f 5743 5740 11163
f 11163 5740 11037
f 11055 11164 11054
f 11056 11164 11055
f 11165 11166 11167
f 11168 11166 11165
f 1025 11169 1031
f 1031 11169 1036
f 11170 11169 11171
f 1036 11169 11170
f 11171 11169 11172
f 11069 11173 11068
f 11053 11174 11052
f 11054 11174 11053
f 11164 11174 11054
f 11167 11175 11176
f 11166 11175 11167
f 11169 11177 11172
f 1009 11177 1016
f 1016 11177 1025
f 1025 11177 11169
f 11172 11177 11168
f 11051 11178 11050
f 11052 11178 11051
f 11174 11178 11052
f 11175 11179 11176
f 11176 11179 11164
f 1009 11180 11177
f 997 11180 1003
f 1003 11180 1009
f 11168 11180 11166
f 11177 11180 11168
f 1056 1052 11181
f 11178 11182 11050
f 11049 11182 11048
f 11050 11182 11049
f 11179 11183 11164
f 11164 11183 11174
f 997 11184 11180
f 969 11184 988
f 988 11184 997
f 11180 11184 11166
f 11166 11184 11175
f 11182 11185 11048
f 11047 11185 11046
f 11048 11185 11047
f 11183 11186 11174
f 11174 11186 11178
f 942 11187 951
f 951 11187 969
f 11175 11187 11179
f 11179 11187 11183
f 11184 11187 11175
f 969 11187 11184
f 11045 11188 11044
f 11046 11188 11045
f 11185 11188 11046
f 11186 11189 11178
f 11178 11189 11182
f 950 11190 941
f 941 11190 942
f 942 11190 11187
f 11187 11190 11183
f 11043 11191 11042
f 11044 11191 11043
f 11188 11191 11044
f 11189 11192 11182
f 11182 11192 11185
f 11183 11193 11186
f 985 11193 968
f 968 11193 950
f 950 11193 11190
f 11190 11193 11183
f 11041 11194 11040
f 11042 11194 11041
f 11191 11194 11042
f 11185 11195 11188
f 11192 11195 11185
f 11188 11195 11191
f 1000 11196 994
f 994 11196 985
f 11186 11196 11189
f 11193 11196 11186
f 985 11196 11193
f 11039 11197 11038
f 11040 11197 11039
f 11194 11197 11040
f 11195 11198 11191
f 11191 11198 11194
f 1012 11199 1006
f 1006 11199 1000
f 11192 11199 11195
f 11196 11199 11189
f 1000 11199 11196
f 11189 11199 11192
f 11197 11200 11038
f 11038 11200 11037
f 11163 11200 11162
f 11037 11200 11163
f 11198 11201 11194
f 1019 11202 1012
f 1012 11202 11199
f 11199 11202 11195
f 1028 11202 1019
f 11161 11203 11160
f 11162 11203 11161
f 11200 11203 11162
f 11194 11204 11197
f 11201 11204 11194
f 11195 11205 11198
f 1028 11205 11202
f 11202 11205 11195
f 1041 11205 1034
f 1034 11205 1028
f 11203 11206 11160
f 11159 11206 11158
f 11160 11206 11159
f 11197 11207 11200
f 11204 11207 11197
f 1041 11208 11205
f 11198 11208 11201
f 11205 11208 11198
f 1047 11208 1044
f 1044 11208 1041
f 11157 11209 11156
f 11158 11209 11157
f 11206 11209 11158
f 11200 11210 11203
f 11207 11210 11200
f 1047 11211 11208
f 11208 11211 11201
f 11201 11211 11204
f 1054 11211 1050
f 1050 11211 1047
f 11209 11212 11156
f 11155 11212 11154
f 11156 11212 11155
f 11210 11213 11203
f 11203 11213 11206
f 11207 11214 11210
f 11211 11214 11204
f 11204 11214 11207
f 1054 11214 11211
f 1061 11214 1058
f 1058 11214 1054
f 11212 11215 11154
f 11153 11215 11152
f 11154 11215 11153
f 11213 11216 11206
f 11206 11216 11209
f 1061 11217 11214
f 11214 11217 11210
f 1067 11217 1064
f 1064 11217 1061
f 11151 11218 11150
f 11152 11218 11151
f 11215 11218 11152
f 11216 11219 11209
f 11209 11219 11212
f 1067 11220 11217
f 11217 11220 11210
f 1073 11220 1070
f 1070 11220 1067
f 11210 11220 11213
f 11218 11221 11150
f 11149 11221 11148
f 11150 11221 11149
f 11212 11222 11215
f 11219 11222 11212
f 11220 11223 11213
f 11216 11223 11219
f 1073 11223 11220
f 1079 11223 1077
f 1077 11223 1073
f 11213 11223 11216
f 11221 11224 11148
f 11147 11224 11146
f 11148 11224 11147
f 11222 11225 11215
f 11215 11225 11218
f 11219 11226 11222
f 1079 11226 11223
f 1088 11226 1083
f 1083 11226 1079
f 11223 11226 11219
f 11224 11227 11146
f 11145 11227 11144
f 11146 11227 11145
f 11225 11228 11218
f 11218 11228 11221
f 11226 11229 11222
f 1088 11229 11226
f 1094 11229 1092
f 1092 11229 1088
f 11222 11229 11225
f 11227 11230 11144
f 11143 11230 11142
f 11144 11230 11143
f 11221 11231 11224
f 11228 11231 11221
f 11229 11232 11225
f 1242 11232 1247
f 1247 11232 1094
f 1094 11232 11229
f 11141 11233 11140
f 11142 11233 11141
f 11230 11233 11142
f 11231 11234 11224
f 11224 11234 11227
f 11225 11235 11228
f 11232 11235 11225
f 1232 11235 1235
f 1235 11235 1242
f 1242 11235 11232
f 11233 11236 11140
f 11139 11236 11138
f 11140 11236 11139
f 11234 11237 11227
f 11227 11237 11230
f 11228 11238 11231
f 1238 11238 1234
f 1234 11238 1232
f 1232 11238 11235
f 11235 11238 11228
f 11236 11239 11138
f 11137 11239 11136
f 11138 11239 11137
f 11230 11240 11233
f 11237 11240 11230
f 11231 11241 11234
f 1238 11241 11238
f 1250 11241 1246
f 1246 11241 1238
f 11238 11241 11231
f 11239 11242 11136
f 11135 11242 11134
f 11136 11242 11135
f 11233 11243 11236
f 11240 11243 11233
f 1250 11244 11241
f 11241 11244 11234
f 11234 11244 11237
f 1262 11244 1255
f 1255 11244 1250
f 11242 11245 11134
f 11133 11245 11132
f 11134 11245 11133
f 11243 11246 11236
f 11236 11246 11239
f 11239 11246 11242
f 1262 11247 11244
f 11237 11247 11240
f 11244 11247 11237
f 1277 11247 1267
f 1267 11247 1262
f 11245 11248 11132
f 11131 11248 11130
f 11132 11248 11131
f 11246 11249 11242
f 11240 11250 11243
f 1277 11250 11247
f 1293 11250 1284
f 1284 11250 1277
f 11247 11250 11240
f 11248 11251 11130
f 11129 11251 11128
f 11130 11251 11129
f 11249 11252 11242
f 11242 11252 11245
f 11243 11253 11246
f 1314 11253 1304
f 1304 11253 1293
f 1293 11253 11250
f 11250 11253 11243
f 11127 11254 11126
f 11128 11254 11127
f 11251 11254 11128
f 11245 11255 11248
f 11252 11255 11245
f 1314 11256 11253
f 1337 11256 1322
f 1322 11256 1314
f 11249 11256 11252
f 11246 11256 11249
f 11253 11256 11246
f 11125 11257 11124
f 11126 11257 11125
f 11254 11257 11126
f 11248 11258 11251
f 11255 11258 11248
f 1337 11259 11256
f 1361 11259 1348
f 1348 11259 1337
f 11252 11259 11255
f 11256 11259 11252
f 11257 11260 11124
f 11123 11260 11122
f 11124 11260 11123
f 11258 11261 11251
f 11251 11261 11254
f 11254 11261 11257
f 11259 11262 11255
f 1376 11262 1370
f 1370 11262 1361
f 1361 11262 11259
f 11255 11262 11258
f 11260 11263 11122
f 11121 11263 11120
f 11122 11263 11121
f 11261 11264 11257
f 1376 11265 11262
f 11262 11265 11258
f 1393 11265 1385
f 1385 11265 1376
f 11263 11266 11120
f 11119 11266 11118
f 11120 11266 11119
f 11264 11267 11257
f 11257 11267 11260
f 11258 11268 11261
f 11265 11268 11258
f 1393 11268 11265
f 1410 11268 1400
f 1400 11268 1393
f 11266 11269 11118
f 11117 11269 11116
f 11118 11269 11117
f 11267 11270 11260
f 11260 11270 11263
f 11261 11271 11264
f 11268 11271 11261
f 1410 11271 11268
f 1428 11271 1419
f 1419 11271 1410
f 11269 11272 11116
f 11115 11272 11114
f 11116 11272 11115
f 11270 11273 11263
f 11263 11273 11266
f 11271 11274 11264
f 1428 11274 11271
f 1448 11274 1438
f 1438 11274 1428
f 11264 11274 11267
f 11113 11275 11112
f 11114 11275 11113
f 11272 11275 11114
f 11266 11276 11269
f 11273 11276 11266
f 11269 11276 11272
f 11274 11277 11267
f 11267 11277 11270
f 1469 11277 1459
f 1459 11277 1448
f 1448 11277 11274
f 11270 11277 11273
f 11275 11278 11112
f 11111 11278 11110
f 11112 11278 11111
f 11276 11279 11272
f 1479 11280 1473
f 1473 11280 1469
f 1469 11280 11277
f 11277 11280 11273
f 11109 11281 11108
f 11110 11281 11109
f 11278 11281 11110
f 11272 11282 11275
f 11279 11282 11272
f 11273 11283 11276
f 1486 11283 1482
f 1482 11283 1479
f 1479 11283 11280
f 11280 11283 11273
f 11107 11284 11106
f 11108 11284 11107
f 11281 11284 11108
f 11275 11285 11278
f 11282 11285 11275
f 11283 11286 11276
f 11279 11286 11282
f 1494 11286 1490
f 1490 11286 1486
f 11276 11286 11279
f 1486 11286 11283
f 11105 11287 11104
f 11106 11287 11105
f 11284 11287 11106
f 11281 11288 11284
f 11278 11288 11281
f 11285 11288 11278
f 1524 11289 1497
f 1497 11289 1494
f 11286 11289 11282
f 11282 11289 11285
f 1494 11289 11286
f 11103 11290 11102
f 11104 11290 11103
f 11287 11290 11104
f 11288 11291 11284
f 11284 11291 11287
f 1524 11292 11289
f 11285 11292 11288
f 11289 11292 11285
f 1528 11292 1526
f 1526 11292 1524
f 11290 11293 11102
f 11101 11293 11100
f 11102 11293 11101
f 11291 11294 11287
f 1528 11295 11292
f 1350 11295 1357
f 1357 11295 1528
f 11292 11295 11288
f 11288 11295 11291
f 11293 11296 11100
f 11099 11296 11098
f 11100 11296 11099
f 11287 11297 11290
f 11294 11297 11287
f 11295 11298 11291
f 1350 11298 11295
f 1333 11298 1343
f 1343 11298 1350
f 11296 11299 11098
f 11097 11299 11096
f 11098 11299 11097
f 11290 11300 11293
f 11297 11300 11290
f 11291 11301 11294
f 11298 11301 11291
f 1333 11301 11298
f 1310 11301 1327
f 1327 11301 1333
f 11299 11302 11096
f 11095 11302 11094
f 11096 11302 11095
f 11293 11303 11296
f 11300 11303 11293
f 11296 11303 11299
f 11294 11304 11297
f 11301 11304 11294
f 1310 11304 11301
f 1291 11304 1302
f 1302 11304 1310
f 11093 11305 11092
f 11094 11305 11093
f 11302 11305 11094
f 11303 11306 11299
f 11299 11306 11302
f 1291 11307 11304
f 11297 11307 11300
f 11304 11307 11297
f 1260 11307 1270
f 1270 11307 1291
f 11091 11308 11090
f 11092 11308 11091
f 11305 11308 11092
f 11306 11309 11302
f 1223 11310 1240
f 1240 11310 1260
f 1260 11310 11307
f 11307 11310 11300
f 11300 11310 11303
f 11089 11311 11088
f 11090 11311 11089
f 11308 11311 11090
f 11302 11312 11305
f 11309 11312 11302
f 1211 11313 1218
f 1218 11313 1223
f 11303 11313 11306
f 1223 11313 11310
f 11306 11313 11309
f 11310 11313 11303
f 11087 11314 11086
f 11088 11314 11087
f 11311 11314 11088
f 11305 11315 11308
f 11312 11315 11305
f 1190 11316 1197
f 1197 11316 1211
f 1211 11316 11313
f 11313 11316 11309
f 11085 11317 11084
f 11086 11317 11085
f 11314 11317 11086
f 11315 11318 11308
f 11308 11318 11311
f 1159 11319 1179
f 1179 11319 1190
f 1190 11319 11316
f 11309 11319 11312
f 11316 11319 11309
f 11083 11320 11082
f 11084 11320 11083
f 11317 11320 11084
f 11311 11321 11314
f 11318 11321 11311
f 1154 11322 1157
f 1157 11322 1159
f 11312 11322 11315
f 1159 11322 11319
f 11319 11322 11312
f 11081 11323 11080
f 11082 11323 11081
f 11320 11323 11082
f 11314 11324 11317
f 11321 11324 11314
f 1154 11325 11322
f 1150 11325 1151
f 1151 11325 1154
f 11322 11325 11315
f 11315 11325 11318
f 11318 11325 11321
f 11079 11326 11078
f 11080 11326 11079
f 11323 11326 11080
f 11324 11327 11317
f 11317 11327 11320
f 11325 11328 11321
f 1144 11328 1146
f 1146 11328 1150
f 1150 11328 11325
f 11326 11329 11078
f 11077 11329 11076
f 11078 11329 11077
f 11323 11330 11326
f 11327 11330 11320
f 11320 11330 11323
f 1144 11331 11328
f 11321 11331 11324
f 1140 11331 1142
f 1142 11331 1144
f 11328 11331 11321
f 11075 11332 11074
f 11076 11332 11075
f 11329 11332 11076
f 11330 11333 11326
f 11324 11334 11327
f 1135 11334 1138
f 1138 11334 1140
f 11327 11334 11330
f 1140 11334 11331
f 11331 11334 11324
f 11073 11335 11072
f 11074 11335 11073
f 11332 11335 11074
f 11333 11336 11326
f 11326 11336 11329
f 1131 11337 1132
f 1132 11337 1135
f 11334 11337 11330
f 1135 11337 11334
f 11071 11338 11070
f 11072 11338 11071
f 11335 11338 11072
f 11070 11338 11173
f 11173 11338 11339
f 11329 11340 11332
f 11332 11340 11335
f 11336 11340 11329
f 1123 11341 1128
f 1128 11341 1131
f 11333 11341 11336
f 11330 11341 11333
f 1131 11341 11337
f 11337 11341 11330
f 11340 11342 11335
f 1116 11343 1120
f 1120 11343 1123
f 11341 11343 11336
f 1123 11343 11341
f 11342 11344 11335
f 11335 11344 11338
f 11338 11344 11339
f 11339 11344 11181
f 1108 11345 1113
f 1113 11345 1116
f 1116 11345 11343
f 11336 11345 11340
f 11343 11345 11336
f 1066 11346 1105
f 1105 11346 1108
f 11340 11346 11342
f 1108 11346 11345
f 11345 11346 11340
f 1059 11347 1062
f 1062 11347 1066
f 11342 11347 11344
f 11344 11347 11181
f 1066 11347 11346
f 11346 11347 11342
f 11181 11347 1059
f 11070 11173 11069
f 1059 1056 11181
f 11339 11348 11173
f 11067 11348 11066
f 11068 11348 11067
f 11173 11348 11068
f 11065 11349 11064
f 11066 11349 11065
f 11348 11349 11066
f 11349 11350 11064
f 11063 11350 11062
f 11064 11350 11063
f 11339 11351 11348
f 11181 11351 11339
f 11350 11165 11062
f 11061 11165 11060
f 11062 11165 11061
f 11348 11171 11349
f 11351 11171 11348
f 11059 11167 11058
f 11060 11167 11059
f 11165 11167 11060
f 11349 11172 11350
f 11171 11172 11349
f 1052 11352 11181
f 1046 11352 1049
f 1049 11352 1052
f 11181 11352 11351
f 11167 11176 11058
f 11057 11176 11056
f 11058 11176 11057
f 11350 11168 11165
f 11172 11168 11350
f 11352 11170 11351
f 1036 11170 1042
f 1042 11170 1046
f 1046 11170 11352
f 11351 11170 11171
f 11176 11164 11056
f 11353 6391 11354
f 11354 6388 11355
f 6391 6388 11354
f 11355 6385 11356
f 6388 6385 11355
f 11356 6381 11357
f 6385 6381 11356
f 11357 6379 11358
f 6381 6379 11357
f 11358 6375 11359
f 6379 6375 11358
f 11359 6371 11360
f 6375 6371 11359
f 11360 6369 11361
f 6371 6369 11360
f 11361 6366 11362
f 6369 6366 11361
f 11362 6362 11363
f 6366 6362 11362
f 11363 6358 11364
f 6362 6358 11363
f 6358 6355 11364
f 11364 6355 11365
f 6355 6351 11365
f 11365 6351 11366
f 6351 6348 11366
f 11366 6348 11367
f 6348 6344 11367
f 11367 6344 11368
f 6344 6341 11368
f 11368 6341 11369
f 6341 6338 11369
f 11369 6338 11370
f 6338 6343 11370
f 11370 6343 11371
f 6343 6346 11371
f 11371 6346 11372
f 6346 6349 11372
f 11372 6349 11373
f 6349 6353 11373
f 11373 6353 11374
f 11374 6357 11375
f 6353 6357 11374
f 11375 6360 11376
f 6357 6360 11375
f 11376 6364 11377
f 6360 6364 11376
f 11377 6367 11378
f 6364 6367 11377
f 11378 6370 11379
f 6367 6370 11378
f 11379 6373 11380
f 6370 6373 11379
f 11380 6377 11381
f 6373 6377 11380
f 11381 6380 11382
f 6377 6380 11381
f 11382 6383 11383
f 6380 6383 11382
f 11383 6386 11384
f 6383 6386 11383
f 11384 6390 11385
f 6386 6390 11384
f 11385 6393 11386
f 6390 6393 11385
f 11386 6396 11387
f 6393 6396 11386
f 11387 6400 11388
f 6396 6400 11387
f 11388 6403 11389
f 6400 6403 11388
f 6403 6404 11389
f 11389 6404 11390
f 6404 6406 11390
f 11390 6406 11391
f 11391 6408 11392
f 6406 6408 11391
f 6408 6409 11392
f 11392 6409 11393
f 11393 6411 11394
f 6409 6411 11393
f 11394 6413 11395
f 6411 6413 11394
f 11395 6415 11396
f 6413 6415 11395
f 11396 6416 11397
f 6415 6416 11396
f 11397 6418 11398
f 6416 6418 11397
f 11398 6420 11399
f 6418 6420 11398
f 11399 6422 11400
f 6420 6422 11399
f 11400 6423 11401
f 6422 6423 11400
f 11401 6425 11402
f 6423 6425 11401
f 11402 6427 11403
f 6425 6427 11402
f 11403 6429 11404
f 6427 6429 11403
f 11404 6430 11405
f 6429 6430 11404
f 11405 6432 11406
f 6430 6432 11405
f 11406 6434 11407
f 6432 6434 11406
f 11407 6436 11408
f 6434 6436 11407
f 11408 6438 11409
f 6436 6438 11408
f 11409 6440 11410
f 6438 6440 11409
f 11410 6953 11411
f 6440 6953 11410
f 11411 6949 11412
f 6953 6949 11411
f 11412 6943 11413
f 6949 6943 11412
f 11413 6939 11414
f 6943 6939 11413
f 11414 6933 11415
f 6939 6933 11414
f 6933 6929 11415
f 11415 6929 11416
f 6929 6923 11416
f 11416 6923 11417
f 6923 6919 11417
f 11417 6919 11418
f 6919 6913 11418
f 11418 6913 11419
f 6913 6909 11419
f 11419 6909 11420
f 6909 6905 11420
f 11420 6905 11421
f 6905 6901 11421
f 11421 6901 11422
f 6901 6897 11422
f 11422 6897 11423
f 6897 6893 11423
f 11423 6893 11424
f 6893 6889 11424
f 11424 6889 11425
f 11425 6888 11426
f 6889 6888 11425
f 11426 6891 11427
f 6888 6891 11426
f 11427 6895 11428
f 6891 6895 11427
f 11428 6899 11429
f 6895 6899 11428
f 11429 6903 11430
f 6899 6903 11429
f 11430 6907 11431
f 6903 6907 11430
f 11431 6911 11432
f 6907 6911 11431
f 11432 6917 11433
f 6911 6917 11432
f 11433 6921 11434
f 6917 6921 11433
f 11434 6925 11435
f 6921 6925 11434
f 11435 6931 11436
f 6925 6931 11435
f 11436 6935 11437
f 6931 6935 11436
f 11437 6941 11438
f 6935 6941 11437
f 11438 6947 11439
f 6941 6947 11438
f 11439 6951 11440
f 6947 6951 11439
f 6951 6957 11440
f 11440 6957 11441
f 6957 6962 11441
f 11441 6962 11442
f 6962 6764 11442
f 11442 6764 11443
f 6764 6758 11443
f 11443 6758 11444
f 6758 6752 11444
f 11444 6752 11445
f 6752 6746 11445
f 11445 6746 11446
f 6746 6740 11446
f 11446 6740 11447
f 6740 6734 11447
f 11447 6734 11448
f 6734 6728 11448
f 11448 6728 11449
f 6728 6722 11449
f 11449 6722 11450
f 6722 6716 11450
f 11450 6716 11451
f 6716 6710 11451
f 11451 6710 11452
f 6710 6701 11452
f 11452 6701 11453
f 6701 6693 11453
f 11453 6693 11454
f 6693 6684 11454
f 11454 6684 11455
f 6684 6677 11455
f 11455 6677 11456
f 6677 6666 11456
f 11456 6666 11457
f 11457 6665 11458
f 6666 6665 11457
f 11458 6655 11459
f 6665 6655 11458
f 11459 6643 11460
f 6655 6643 11459
f 11460 6634 11461
f 6643 6634 11460
f 11461 6626 11462
f 6634 6626 11461
f 11462 6615 11463
f 6626 6615 11462
f 11463 6606 11464
f 6615 6606 11463
f 11464 6595 11465
f 6606 6595 11464
f 6595 6585 11465
f 11465 6585 11466
f 6585 6576 11466
f 11466 6576 11467
f 6576 6564 11467
f 11467 6564 11468
f 6564 6555 11468
f 11468 6555 11469
f 6555 6544 11469
f 11469 6544 11470
f 6544 6535 11470
f 11470 6535 11471
f 6535 6525 11471
f 11471 6525 11472
f 6525 6515 11472
f 11472 6515 11473
f 6515 6506 11473
f 11473 6506 11474
f 6506 6493 11474
f 11474 6493 11475
f 6493 6484 11475
f 11475 6484 11476
f 6484 6402 11476
f 11476 6402 11477
f 6402 6398 11477
f 11477 6398 11478
f 6398 6395 11478
f 11478 6395 11479
f 6395 6391 11479
f 11479 6391 11353
f 11371 11480 11370
f 11372 11480 11371
f 11481 11480 11372
f 11482 11483 11484
f 11484 11483 11485
f 11486 11487 11488
f 1722 11487 1734
f 1734 11487 1744
f 1744 11487 11486
f 11385 11489 11384
f 11488 11487 11490
f 11369 11491 11368
f 11370 11491 11369
f 11480 11491 11370
f 11485 11492 11481
f 11483 11492 11485
f 11487 11493 11490
f 1722 11493 11487
f 1707 11493 1713
f 1713 11493 1722
f 11490 11493 11482
f 11491 11494 11368
f 11367 11494 11366
f 11368 11494 11367
f 11481 11495 11480
f 11492 11495 11481
f 11480 11495 11491
f 1694 11496 1699
f 1699 11496 1707
f 11482 11496 11483
f 11493 11496 11482
f 1707 11496 11493
f 1772 1769 11497
f 11365 11498 11364
f 11366 11498 11365
f 11494 11498 11366
f 11495 11499 11491
f 1679 11500 1684
f 1684 11500 1694
f 1694 11500 11496
f 11483 11500 11492
f 11496 11500 11483
f 11498 11501 11364
f 11363 11501 11362
f 11364 11501 11363
f 11491 11502 11494
f 11494 11502 11498
f 11499 11502 11491
f 1667 11503 1673
f 1673 11503 1679
f 11495 11503 11499
f 11492 11503 11495
f 11500 11503 11492
f 1679 11503 11500
f 11361 11504 11360
f 11362 11504 11361
f 11501 11504 11362
f 11502 11505 11498
f 1671 11506 1665
f 1665 11506 1667
f 1667 11506 11503
f 11503 11506 11499
f 11359 11507 11358
f 11360 11507 11359
f 11504 11507 11360
f 11505 11508 11498
f 11498 11508 11501
f 1681 11509 1675
f 1675 11509 1671
f 11506 11509 11499
f 1671 11509 11506
f 11499 11509 11502
f 11502 11509 11505
f 11357 11510 11356
f 11358 11510 11357
f 11507 11510 11358
f 11508 11511 11501
f 11501 11511 11504
f 11509 11512 11505
f 1696 11512 1690
f 1690 11512 1681
f 1681 11512 11509
f 11355 11513 11354
f 11356 11513 11355
f 11510 11513 11356
f 11504 11514 11507
f 11511 11514 11504
f 1712 11515 1706
f 1706 11515 1696
f 11505 11515 11508
f 11512 11515 11505
f 1696 11515 11512
f 11354 11516 11353
f 11513 11516 11354
f 11479 11516 11478
f 11353 11516 11479
f 11514 11517 11507
f 11507 11517 11510
f 1721 11518 1712
f 1712 11518 11515
f 11515 11518 11508
f 11508 11518 11511
f 1726 11518 1721
f 11516 11519 11478
f 11477 11519 11476
f 11478 11519 11477
f 11517 11520 11510
f 11510 11520 11513
f 11511 11521 11514
f 1726 11521 11518
f 11518 11521 11511
f 1747 11521 1736
f 1736 11521 1726
f 11519 11522 11476
f 11475 11522 11474
f 11476 11522 11475
f 11513 11523 11516
f 11520 11523 11513
f 11517 11524 11520
f 1747 11524 11521
f 11514 11524 11517
f 11521 11524 11514
f 1764 11524 1756
f 1756 11524 1747
f 11473 11525 11472
f 11474 11525 11473
f 11522 11525 11474
f 11523 11526 11516
f 11516 11526 11519
f 1764 11527 11524
f 11524 11527 11520
f 1771 11527 1767
f 1767 11527 1764
f 11525 11528 11472
f 11471 11528 11470
f 11472 11528 11471
f 11526 11529 11519
f 11519 11529 11522
f 11520 11530 11523
f 11527 11530 11520
f 1771 11530 11527
f 1779 11530 1775
f 1775 11530 1771
f 11528 11531 11470
f 11469 11531 11468
f 11470 11531 11469
f 11529 11532 11522
f 11522 11532 11525
f 11530 11533 11523
f 1779 11533 11530
f 11523 11533 11526
f 1786 11533 1782
f 1782 11533 1779
f 11467 11534 11466
f 11468 11534 11467
f 11531 11534 11468
f 11532 11535 11525
f 11525 11535 11528
f 11526 11536 11529
f 11533 11536 11526
f 1786 11536 11533
f 1845 11536 1789
f 1789 11536 1786
f 11534 11537 11466
f 11465 11537 11464
f 11466 11537 11465
f 11535 11538 11528
f 11528 11538 11531
f 11531 11538 11534
f 1845 11539 11536
f 1866 11539 1856
f 1856 11539 1845
f 11536 11539 11529
f 11529 11539 11532
f 11537 11540 11464
f 11463 11540 11462
f 11464 11540 11463
f 11538 11541 11534
f 11532 11542 11535
f 11535 11542 11538
f 11539 11542 11532
f 1866 11542 11539
f 1890 11542 1878
f 1878 11542 1866
f 11540 11543 11462
f 11461 11543 11460
f 11462 11543 11461
f 11534 11544 11537
f 11541 11544 11534
f 11542 11545 11538
f 1890 11545 11542
f 1924 11545 1912
f 1912 11545 1890
f 11543 11546 11460
f 11459 11546 11458
f 11460 11546 11459
f 11537 11547 11540
f 11540 11547 11543
f 11544 11547 11537
f 11545 11548 11538
f 1949 11548 1936
f 1936 11548 1924
f 1924 11548 11545
f 11538 11548 11541
f 11546 11549 11458
f 11457 11549 11456
f 11458 11549 11457
f 11547 11550 11543
f 11541 11551 11544
f 1949 11551 11548
f 11544 11551 11547
f 11548 11551 11541
f 1984 11551 1960
f 1960 11551 1949
f 11455 11552 11454
f 11456 11552 11455
f 11549 11552 11456
f 11543 11553 11546
f 11550 11553 11543
f 11551 11554 11547
f 11547 11554 11550
f 2007 11554 1995
f 1995 11554 1984
f 1984 11554 11551
f 11552 11555 11454
f 11453 11555 11452
f 11454 11555 11453
f 11546 11556 11549
f 11553 11556 11546
f 11554 11557 11550
f 2043 11557 2020
f 2020 11557 2007
f 2007 11557 11554
f 11555 11558 11452
f 11451 11558 11450
f 11452 11558 11451
f 11556 11559 11549
f 11549 11559 11552
f 11557 11560 11550
f 11550 11560 11553
f 2066 11560 2055
f 2055 11560 2043
f 2043 11560 11557
f 11449 11561 11448
f 11450 11561 11449
f 11558 11561 11450
f 11559 11562 11552
f 11552 11562 11555
f 11553 11563 11556
f 2066 11563 11560
f 11560 11563 11553
f 2102 11563 2078
f 2078 11563 2066
f 11556 11563 11559
f 11561 11564 11448
f 11447 11564 11446
f 11448 11564 11447
f 11558 11565 11561
f 11555 11565 11558
f 11562 11565 11555
f 11563 11566 11559
f 2120 11566 2112
f 2112 11566 2102
f 2102 11566 11563
f 11564 11567 11446
f 11445 11567 11444
f 11446 11567 11445
f 11565 11568 11561
f 11559 11569 11562
f 2137 11569 2131
f 2131 11569 2120
f 2120 11569 11566
f 11566 11569 11559
f 11443 11570 11442
f 11444 11570 11443
f 11567 11570 11444
f 11561 11571 11564
f 11568 11571 11561
f 11562 11572 11565
f 11569 11572 11562
f 2149 11572 2143
f 2137 11572 11569
f 2143 11572 2137
f 11565 11572 11568
f 11441 11573 11440
f 11442 11573 11441
f 11570 11573 11442
f 11571 11574 11564
f 11567 11574 11570
f 11564 11574 11567
f 2166 11575 2160
f 2160 11575 2149
f 11572 11575 11568
f 2149 11575 11572
f 11573 11576 11440
f 11439 11576 11438
f 11440 11576 11439
f 11574 11577 11570
f 11568 11578 11571
f 2178 11578 2172
f 2172 11578 2166
f 11575 11578 11568
f 2166 11578 11575
f 11576 11579 11438
f 11437 11579 11436
f 11438 11579 11437
f 11570 11580 11573
f 11577 11580 11570
f 11573 11580 11576
f 11571 11581 11574
f 11574 11581 11577
f 2195 11581 2189
f 2189 11581 2178
f 2178 11581 11578
f 11578 11581 11571
f 11579 11582 11436
f 11435 11582 11434
f 11436 11582 11435
f 11580 11583 11576
f 2195 11584 11581
f 11581 11584 11577
f 2201 11584 2199
f 2199 11584 2195
f 11582 11585 11434
f 11433 11585 11432
f 11434 11585 11433
f 11576 11586 11579
f 11583 11586 11576
f 2201 11587 11584
f 2400 11587 2409
f 2409 11587 2201
f 11580 11587 11583
f 11584 11587 11577
f 11577 11587 11580
f 11585 11588 11432
f 11431 11588 11430
f 11432 11588 11431
f 11582 11589 11585
f 11586 11589 11579
f 11579 11589 11582
f 2400 11590 11587
f 11587 11590 11583
f 2390 11590 2397
f 2397 11590 2400
f 11429 11591 11428
f 11430 11591 11429
f 11588 11591 11430
f 11589 11592 11585
f 11583 11593 11586
f 11590 11593 11583
f 2379 11593 2385
f 2385 11593 2390
f 2390 11593 11590
f 11427 11594 11426
f 11428 11594 11427
f 11591 11594 11428
f 11592 11595 11585
f 11585 11595 11588
f 11588 11595 11591
f 2366 11596 2375
f 2375 11596 2379
f 2379 11596 11593
f 11593 11596 11586
f 11589 11596 11592
f 11586 11596 11589
f 11594 11597 11426
f 11425 11597 11424
f 11426 11597 11425
f 11595 11598 11591
f 2359 11599 2363
f 2363 11599 2366
f 11596 11599 11592
f 2366 11599 11596
f 11423 11600 11422
f 11424 11600 11423
f 11597 11600 11424
f 11591 11601 11594
f 11598 11601 11591
f 11592 11602 11595
f 11595 11602 11598
f 11599 11602 11592
f 2345 11602 2351
f 2351 11602 2359
f 2359 11602 11599
f 11421 11603 11420
f 11422 11603 11421
f 11600 11603 11422
f 11594 11604 11597
f 11601 11604 11594
f 2335 11605 2342
f 2342 11605 2345
f 11602 11605 11598
f 2345 11605 11602
f 11419 11606 11418
f 11420 11606 11419
f 11603 11606 11420
f 11604 11607 11597
f 11597 11607 11600
f 2335 11608 11605
f 2328 11608 2331
f 2331 11608 2335
f 11598 11608 11601
f 11605 11608 11598
f 11606 11609 11418
f 11417 11609 11416
f 11418 11609 11417
f 11607 11610 11600
f 11600 11610 11603
f 11608 11611 11601
f 2337 11611 2330
f 2330 11611 2328
f 11601 11611 11604
f 2328 11611 11608
f 11604 11611 11607
f 11609 11612 11416
f 11415 11612 11414
f 11416 11612 11415
f 11603 11613 11606
f 11610 11613 11603
f 11611 11614 11607
f 2337 11614 11611
f 2344 11614 2340
f 2340 11614 2337
f 11612 11615 11414
f 11413 11615 11412
f 11414 11615 11413
f 11606 11616 11609
f 11613 11616 11606
f 11607 11617 11610
f 11614 11617 11607
f 2344 11617 11614
f 2357 11617 2354
f 2354 11617 2344
f 11615 11618 11412
f 11411 11618 11410
f 11412 11618 11411
f 11616 11619 11609
f 11609 11619 11612
f 11613 11620 11616
f 2357 11620 11617
f 2370 11620 2361
f 2361 11620 2357
f 11617 11620 11610
f 11610 11620 11613
f 11409 11621 11408
f 11410 11621 11409
f 11618 11621 11410
f 11619 11622 11612
f 11612 11622 11615
f 2370 11623 11620
f 2377 11623 2373
f 2373 11623 2370
f 11620 11623 11616
f 11616 11623 11619
f 11407 11624 11406
f 11408 11624 11407
f 11621 11624 11408
f 11622 11625 11615
f 11615 11625 11618
f 11619 11626 11622
f 11623 11626 11619
f 2389 11626 2381
f 2381 11626 2377
f 2377 11626 11623
f 11624 11627 11406
f 11405 11627 11404
f 11406 11627 11405
f 11618 11628 11621
f 11625 11628 11618
f 11626 11629 11622
f 2399 11629 2393
f 2393 11629 2389
f 11622 11629 11625
f 2389 11629 11626
f 11403 11630 11402
f 11404 11630 11403
f 11627 11630 11404
f 11621 11631 11624
f 11628 11631 11621
f 2411 11632 2403
f 2403 11632 2399
f 2399 11632 11629
f 11629 11632 11625
f 11401 11633 11400
f 11402 11633 11401
f 11630 11633 11402
f 11624 11634 11627
f 11631 11634 11624
f 1826 11635 1828
f 1828 11635 2411
f 11625 11635 11628
f 11632 11635 11625
f 2411 11635 11632
f 11399 11636 11398
f 11400 11636 11399
f 11633 11636 11400
f 11627 11637 11630
f 11634 11637 11627
f 1822 11638 1824
f 1824 11638 1826
f 11628 11638 11631
f 11635 11638 11628
f 1826 11638 11635
f 11631 11638 11634
f 11397 11639 11396
f 11398 11639 11397
f 11636 11639 11398
f 11630 11640 11633
f 11637 11640 11630
f 1818 11641 1820
f 1820 11641 1822
f 1822 11641 11638
f 11638 11641 11634
f 11634 11641 11637
f 11395 11642 11394
f 11396 11642 11395
f 11639 11642 11396
f 11640 11643 11633
f 11633 11643 11636
f 1814 11644 1816
f 1816 11644 1818
f 1818 11644 11641
f 11641 11644 11637
f 11393 11645 11392
f 11394 11645 11393
f 11642 11645 11394
f 11643 11646 11636
f 11636 11646 11639
f 11640 11647 11643
f 11644 11647 11637
f 1810 11647 1812
f 1812 11647 1814
f 11637 11647 11640
f 1814 11647 11644
f 11391 11648 11390
f 11392 11648 11391
f 11645 11648 11392
f 11639 11649 11642
f 11646 11649 11639
f 1806 11650 1808
f 1808 11650 1810
f 1810 11650 11647
f 11643 11650 11646
f 11647 11650 11643
f 11389 11651 11388
f 11390 11651 11389
f 11648 11651 11390
f 11642 11652 11645
f 11649 11652 11642
f 1802 11653 1804
f 1804 11653 1806
f 11650 11653 11646
f 1806 11653 11650
f 11387 11654 11386
f 11388 11654 11387
f 11651 11654 11388
f 11386 11654 11489
f 11489 11654 11655
f 11652 11656 11645
f 11645 11656 11648
f 11648 11656 11651
f 1798 11657 1800
f 1800 11657 1802
f 11649 11657 11652
f 11646 11657 11649
f 11653 11657 11646
f 1802 11657 11653
f 11656 11658 11651
f 1794 11659 1796
f 1796 11659 1798
f 11657 11659 11652
f 1798 11659 11657
f 11652 11659 11656
f 11651 11660 11654
f 11654 11660 11655
f 11658 11660 11651
f 1790 11661 1792
f 1792 11661 1794
f 1794 11661 11659
f 11659 11661 11656
f 1783 11662 1787
f 1787 11662 1790
f 11656 11662 11658
f 1790 11662 11661
f 11661 11662 11656
f 1776 11663 1780
f 1780 11663 1783
f 11660 11663 11655
f 11658 11663 11660
f 1783 11663 11662
f 11662 11663 11658
f 11497 11663 1776
f 11655 11663 11497
f 11386 11489 11385
f 1776 1772 11497
f 11383 11664 11382
f 11384 11664 11383
f 11489 11664 11384
f 11381 11665 11380
f 11382 11665 11381
f 11664 11665 11382
f 11665 11666 11380
f 11379 11666 11378
f 11380 11666 11379
f 11489 11667 11664
f 11655 11667 11489
f 11666 11484 11378
f 11377 11484 11376
f 11378 11484 11377
f 11664 11488 11665
f 11667 11488 11664
f 11375 11485 11374
f 11376 11485 11375
f 11484 11485 11376
f 11488 11490 11665
f 11665 11490 11666
f 1769 11668 11497
f 1761 11668 1765
f 1765 11668 1769
f 11497 11668 11655
f 11655 11668 11667
f 11485 11481 11374
f 11373 11481 11372
f 11374 11481 11373
f 11666 11482 11484
f 11490 11482 11666
f 11668 11486 11667
f 1744 11486 1754
f 1754 11486 1761
f 1761 11486 11668
f 11667 11486 11488
f 7552 7309 2981
f 2981 7309 2739
f 2739 7305 2735
f 7309 7305 2739
f 2735 7300 2731
f 7305 7300 2735
f 2731 7296 2726
f 7300 7296 2731
f 2726 7291 2723
f 7296 7291 2726
f 2723 7286 2717
f 7291 7286 2723
f 2717 7282 2713
f 7286 7282 2717
f 2713 7277 2710
f 2710 7277 2707
f 7282 7277 2713
f 7277 7273 2707
f 2707 7269 2703
f 7273 7269 2707
f 7269 7264 2703
f 2703 7264 2699
f 7264 7260 2699
f 2699 7260 2695
f 7260 7256 2695
f 2695 7256 2691
f 7256 7250 2691
f 2691 7250 2685
f 7250 7246 2685
f 2685 7246 2682
f 7246 7243 2682
f 2682 7243 2679
f 7243 7248 2679
f 2679 7248 2683
f 7248 7253 2683
f 2683 7253 2688
f 7253 7258 2688
f 2688 7258 2692
f 7258 7262 2692
f 2692 7262 2696
f 7262 7266 2696
f 2696 7266 2700
f 7266 7271 2700
f 2700 7271 2704
f 2704 7275 2708
f 7271 7275 2704
f 2708 7279 2711
f 7275 7279 2708
f 2711 7284 2715
f 7279 7284 2711
f 2715 7289 2720
f 7284 7289 2715
f 2720 7293 2724
f 7289 7293 2720
f 2724 7298 2728
f 2728 7298 2732
f 7293 7298 2724
f 7298 7302 2732
f 2732 7307 2736
f 7302 7307 2732
f 2736 7311 2740
f 7307 7311 2736
f 2740 7313 2742
f 7311 7313 2740
f 2742 7316 2744
f 7313 7316 2742
f 2744 7318 2746
f 7316 7318 2744
f 2746 7321 2748
f 7318 7321 2746
f 2748 7323 2750
f 7321 7323 2748
f 7323 7326 2750
f 2750 7326 2752
f 7326 7345 2752
f 2752 7345 2771
f 7345 7364 2771
f 2771 7364 2790
f 7364 7379 2790
f 2790 7379 2804
f 7379 7393 2804
f 2804 7393 2818
f 7393 7403 2818
f 2818 7403 2828
f 7403 7414 2828
f 2828 7414 2838
f 2838 7414 2848
f 7414 7424 2848
f 7424 7450 2848
f 2848 7450 2874
f 7450 7461 2874
f 2874 7461 2884
f 7461 7467 2884
f 2884 7467 2890
f 7467 7477 2890
f 2890 7477 2900
f 7477 7484 2900
f 2900 7484 2908
f 7484 7488 2908
f 2908 7488 2912
f 7488 7954 2912
f 2912 7954 2916
f 7954 7959 2916
f 2916 7959 2938
f 7959 7966 2938
f 2938 7966 2944
f 7966 7967 2944
f 2944 7967 3395
f 7967 7973 3395
f 3395 7973 3402
f 7973 7978 3402
f 3402 7978 3408
f 7978 7979 3408
f 3408 7979 3410
f 3410 7984 3415
f 7979 7984 3410
f 3415 7993 3425
f 7984 7993 3415
f 3425 7994 3426
f 7993 7994 3425
f 3426 8002 3432
f 7994 8002 3426
f 8002 8011 3432
f 3432 8011 3440
f 8011 8012 3440
f 3440 8012 3442
f 8012 8017 3442
f 3442 8017 3447
f 8017 8018 3447
f 3447 8018 3448
f 8018 8022 3448
f 3448 8022 3452
f 8022 8028 3452
f 3452 8028 3458
f 8028 8029 3458
f 3458 8029 3459
f 8029 8034 3459
f 3459 8034 3464
f 8034 8039 3464
f 3464 8039 3469
f 8039 8040 3469
f 3469 8040 3470
f 8040 8070 3470
f 3470 8070 3493
f 8070 8071 3493
f 3493 8071 3494
f 3494 8072 3495
f 8071 8072 3494
f 3495 8073 3321
f 8072 8073 3495
f 3321 8074 3312
f 8073 8074 3321
f 3312 8075 3304
f 8074 8075 3312
f 3304 7893 3297
f 8075 7893 3304
f 3297 7885 3291
f 7893 7885 3297
f 3291 7880 3287
f 7885 7880 3291
f 3287 7869 3282
f 7880 7869 3287
f 3282 7863 3278
f 7869 7863 3282
f 3278 7858 3274
f 7863 7858 3278
f 3274 7851 3269
f 7858 7851 3274
f 3269 7847 3265
f 7851 7847 3269
f 3265 7843 3260
f 7847 7843 3265
f 3260 7836 3251
f 7843 7836 3260
f 7836 7832 3251
f 3251 7832 3218
f 7832 7828 3218
f 3218 7828 3207
f 7828 7821 3207
f 3207 7821 3197
f 7821 7817 3197
f 3197 7817 3190
f 3190 7810 3179
f 7817 7810 3190
f 3179 7806 3169
f 7810 7806 3179
f 3169 7802 3163
f 7806 7802 3169
f 3163 7795 3153
f 7802 7795 3163
f 3153 7788 3145
f 7795 7788 3153
f 3145 7754 3139
f 7788 7754 3145
f 3139 7750 3130
f 7754 7750 3139
f 3130 7737 3124
f 7750 7737 3130
f 3124 7733 3116
f 7737 7733 3124
f 3116 7728 3110
f 7733 7728 3116
f 3110 7721 3103
f 7728 7721 3110
f 3103 7713 3099
f 7721 7713 3103
f 3099 7710 3094
f 7713 7710 3099
f 3094 7703 3088
f 7710 7703 3094
f 3088 7702 3082
f 7703 7702 3088
f 3082 7705 3078
f 7702 7705 3082
f 3078 7708 3072
f 7705 7708 3078
f 3072 7717 3068
f 7708 7717 3072
f 3068 7723 3066
f 7717 7723 3068
f 3066 7726 3064
f 7723 7726 3066
f 7726 7625 3064
f 3064 7625 3069
f 7625 7621 3069
f 3069 7621 3075
f 7621 7617 3075
f 3075 7617 3079
f 7617 7611 3079
f 3079 7611 3085
f 7611 7607 3085
f 3085 7607 3091
f 7607 7598 3091
f 3091 7598 3027
f 7598 7594 3027
f 3027 7594 3023
f 7594 7588 3023
f 3023 7588 3017
f 7588 7584 3017
f 3017 7584 3013
f 7584 7578 3013
f 3013 7578 3007
f 7578 7574 3007
f 3007 7574 3003
f 7574 7570 3003
f 3003 7570 2999
f 7570 7560 2999
f 2999 7560 2989
f 7560 7556 2989
f 2989 7556 2985
f 2985 7552 2981
f 7556 7552 2985
f 8538 8535 3975
f 3975 8535 3972
f 3972 8531 3969
f 8535 8531 3972
f 3969 8526 3965
f 8531 8526 3969
f 3965 8523 3961
f 8526 8523 3965
f 3961 8518 3957
f 8523 8518 3961
f 3957 8514 3953
f 8518 8514 3957
f 3953 8511 3950
f 8514 8511 3953
f 3950 8506 3946
f 3946 8506 3942
f 8511 8506 3950
f 8506 8502 3942
f 3942 8499 3939
f 8502 8499 3942
f 8499 8494 3939
f 3939 8494 3934
f 8494 8490 3934
f 3934 8490 3929
f 8490 8487 3929
f 3929 8487 3924
f 8487 8482 3924
f 3924 8482 3920
f 8482 8478 3920
f 3920 8478 3915
f 8478 8475 3915
f 3915 8475 3913
f 8475 8480 3913
f 3913 8480 3917
f 8480 8484 3917
f 3917 8484 3921
f 8484 8488 3921
f 3921 8488 3926
f 8488 8492 3926
f 3926 8492 3930
f 8492 8496 3930
f 3930 8496 3935
f 8496 8500 3935
f 3935 8500 3940
f 3940 8504 3944
f 8500 8504 3940
f 3944 8508 3948
f 8504 8508 3944
f 3948 8512 3951
f 8508 8512 3948
f 3951 8516 3955
f 8512 8516 3951
f 3955 8520 3959
f 8516 8520 3955
f 3959 8524 3962
f 3962 8524 3966
f 8520 8524 3959
f 8524 8528 3966
f 3966 8533 3970
f 8528 8533 3966
f 3970 8536 3973
f 8533 8536 3970
f 3973 8540 3977
f 8536 8540 3973
f 3977 8544 3980
f 8540 8544 3977
f 3980 8548 3984
f 8544 8548 3980
f 3984 8553 3988
f 8548 8553 3984
f 3988 8556 3991
f 8553 8556 3988
f 8556 8561 3991
f 3991 8561 3995
f 8561 8565 3995
f 3995 8565 3999
f 8565 8568 3999
f 3999 8568 4002
f 8568 8573 4002
f 4002 8573 4006
f 8573 8576 4006
f 4006 8576 4009
f 8576 8579 4009
f 4009 8579 4012
f 8579 8583 4012
f 4012 8583 4015
f 4015 8583 4018
f 8583 8586 4018
f 8586 8589 4018
f 4018 8589 4020
f 8589 8593 4020
f 4020 8593 4022
f 8593 8596 4022
f 4022 8596 4024
f 8596 8598 4024
f 4024 8598 4026
f 8598 8600 4026
f 4026 8600 4028
f 8600 8602 4028
f 4028 8602 4030
f 8602 8604 4030
f 4030 8604 4032
f 8604 8606 4032
f 4032 8606 4034
f 8606 8608 4034
f 4034 8608 4036
f 8608 8610 4036
f 4036 8610 4038
f 8610 8612 4038
f 4038 8612 4040
f 8612 8614 4040
f 4040 8614 4041
f 8614 8616 4041
f 4041 8616 4044
f 4044 8619 4046
f 8616 8619 4044
f 4046 8621 4048
f 8619 8621 4046
f 4048 8623 4050
f 8621 8623 4048
f 4050 8625 4052
f 8623 8625 4050
f 8625 8627 4052
f 4052 8627 4054
f 8627 8892 4054
f 4054 8892 4321
f 8892 8889 4321
f 4321 8889 4318
f 8889 8884 4318
f 4318 8884 4311
f 8884 8880 4311
f 4311 8880 4307
f 8880 8876 4307
f 4307 8876 4303
f 8876 8872 4303
f 4303 8872 4300
f 8872 8868 4300
f 4300 8868 4296
f 8868 8864 4296
f 4296 8864 4292
f 8864 8860 4292
f 4292 8860 4288
f 8860 8853 4288
f 4288 8853 4186
f 8853 8849 4186
f 4186 8849 4183
f 4183 8845 4181
f 8849 8845 4183
f 4181 8841 4178
f 8845 8841 4181
f 4178 8837 4176
f 8841 8837 4178
f 4176 8750 4165
f 8837 8750 4176
f 4165 8748 4156
f 8750 8748 4165
f 4156 8746 4153
f 8748 8746 4156
f 4153 8744 4150
f 8746 8744 4153
f 4150 8739 4147
f 8744 8739 4150
f 4147 8736 4144
f 8739 8736 4147
f 4144 8733 4141
f 8736 8733 4144
f 4141 8727 4138
f 8733 8727 4141
f 4138 8724 4135
f 8727 8724 4138
f 4135 8719 4132
f 8724 8719 4135
f 4132 8714 4129
f 8719 8714 4132
f 8714 8711 4129
f 4129 8711 4126
f 8711 8708 4126
f 4126 8708 4123
f 8708 8703 4123
f 4123 8703 4120
f 8703 8700 4120
f 4120 8700 4117
f 4117 8693 4114
f 8700 8693 4117
f 4114 8690 4111
f 8693 8690 4114
f 4111 8687 4107
f 8690 8687 4111
f 4107 8682 4104
f 8687 8682 4107
f 4104 8679 4101
f 8682 8679 4104
f 4101 8674 4098
f 8679 8674 4101
f 4098 8671 4095
f 8674 8671 4098
f 4095 8666 4092
f 8671 8666 4095
f 4092 8662 4089
f 8666 8662 4092
f 4089 8659 4086
f 8662 8659 4089
f 4086 8653 4083
f 8659 8653 4086
f 4083 8649 4080
f 8653 8649 4083
f 4080 8646 4077
f 8649 8646 4080
f 4077 8639 4074
f 8646 8639 4077
f 4074 8638 4071
f 8639 8638 4074
f 4071 8641 4068
f 8638 8641 4071
f 4068 8644 4064
f 8641 8644 4068
f 4064 8651 4060
f 8644 8651 4064
f 4060 8655 4058
f 8651 8655 4060
f 4058 8595 4056
f 8655 8595 4058
f 8595 8592 4056
f 4056 8592 4061
f 8592 8588 4061
f 4061 8588 4065
f 8588 8585 4065
f 4065 8585 4017
f 8585 8582 4017
f 4017 8582 4014
f 8582 8578 4014
f 4014 8578 4011
f 8578 8575 4011
f 4011 8575 4008
f 8575 8571 4008
f 4008 8571 4004
f 8571 8567 4004
f 4004 8567 4001
f 8567 8563 4001
f 4001 8563 3997
f 8563 8559 3997
f 3997 8559 3993
f 8559 8555 3993
f 3993 8555 3990
f 8555 8551 3990
f 3990 8551 3986
f 8551 8546 3986
f 3986 8546 3982
f 8546 8543 3982
f 3982 8543 3979
f 3979 8538 3975
f 8543 8538 3979
f 5142 5137 440
f 440 5137 436
f 436 5132 431
f 5137 5132 436
f 431 5127 427
f 5132 5127 431
f 427 5123 424
f 5127 5123 427
f 424 5100 402
f 5123 5100 424
f 402 5096 398
f 5100 5096 402
f 398 5092 394
f 5096 5092 398
f 394 5086 389
f 389 5086 385
f 5092 5086 394
f 5086 5081 385
f 385 5077 381
f 5081 5077 385
f 5077 5072 381
f 381 5072 377
f 5072 5068 377
f 377 5068 374
f 5068 5064 374
f 374 5064 369
f 5064 5057 369
f 369 5057 365
f 5057 5053 365
f 365 5053 360
f 5053 5050 360
f 360 5050 358
f 5050 5055 358
f 358 5055 362
f 5055 5061 362
f 362 5061 367
f 5061 5066 367
f 367 5066 371
f 5066 5070 371
f 371 5070 375
f 5070 5074 375
f 375 5074 379
f 5074 5079 379
f 379 5079 383
f 383 5084 387
f 5079 5084 383
f 387 5089 392
f 5084 5089 387
f 392 5094 396
f 5089 5094 392
f 396 5098 400
f 5094 5098 396
f 400 5120 421
f 5098 5120 400
f 421 5125 425
f 425 5125 429
f 5120 5125 421
f 5125 5129 429
f 429 5135 434
f 5129 5135 429
f 434 5139 438
f 5135 5139 434
f 438 5144 442
f 5139 5144 438
f 442 5147 445
f 5144 5147 442
f 445 5149 447
f 5147 5149 445
f 447 5152 449
f 5149 5152 447
f 449 5154 451
f 5152 5154 449
f 5154 5157 451
f 451 5157 453
f 5157 5159 453
f 453 5159 455
f 5159 5161 455
f 455 5161 457
f 5161 5164 457
f 457 5164 459
f 5164 5166 459
f 459 5166 461
f 5166 5168 461
f 461 5168 463
f 5168 5171 463
f 463 5171 465
f 465 5171 467
f 5171 5173 467
f 5173 5175 467
f 467 5175 469
f 5175 5178 469
f 469 5178 471
f 5178 5180 471
f 471 5180 473
f 5180 5182 473
f 473 5182 475
f 5182 5341 475
f 475 5341 477
f 5341 5342 477
f 477 5342 479
f 5342 5343 479
f 479 5343 481
f 5343 5344 481
f 481 5344 655
f 5344 5345 655
f 655 5345 656
f 5345 5346 656
f 656 5346 657
f 5346 5347 657
f 657 5347 658
f 5347 5362 658
f 658 5362 669
f 5362 5363 669
f 669 5363 670
f 670 5378 678
f 5363 5378 670
f 678 5393 688
f 5378 5393 678
f 688 5394 690
f 5393 5394 688
f 690 5411 699
f 5394 5411 690
f 5411 5417 699
f 699 5417 708
f 5417 5418 708
f 708 5418 710
f 5418 5420 710
f 710 5420 718
f 5420 5421 718
f 718 5421 720
f 5421 5423 720
f 720 5423 723
f 5423 5425 723
f 723 5425 725
f 5425 5426 725
f 725 5426 727
f 5426 5428 727
f 727 5428 728
f 5428 5430 728
f 728 5430 730
f 5430 5431 730
f 730 5431 732
f 5431 5433 732
f 732 5433 733
f 5433 5435 733
f 733 5435 705
f 705 5436 698
f 5435 5436 705
f 698 5438 694
f 5436 5438 698
f 694 5406 687
f 5438 5406 694
f 687 5402 682
f 5406 5402 687
f 682 5398 676
f 5402 5398 682
f 676 5391 672
f 5398 5391 676
f 672 5387 664
f 5391 5387 672
f 664 5380 660
f 5387 5380 664
f 660 5374 640
f 5380 5374 660
f 640 5370 635
f 5374 5370 640
f 635 5360 631
f 5370 5360 635
f 631 5356 627
f 5360 5356 631
f 627 5352 622
f 5356 5352 627
f 622 5328 618
f 5352 5328 622
f 5328 5324 618
f 618 5324 614
f 5324 5320 614
f 614 5320 609
f 5320 5313 609
f 609 5313 605
f 5313 5309 605
f 605 5309 601
f 601 5302 596
f 5309 5302 601
f 596 5298 592
f 5302 5298 596
f 592 5294 588
f 5298 5294 592
f 588 5287 584
f 5294 5287 588
f 584 5283 579
f 5287 5283 584
f 579 5276 575
f 5283 5276 579
f 575 5272 571
f 5276 5272 575
f 571 5266 567
f 5272 5266 571
f 567 5263 561
f 5266 5263 567
f 561 5259 556
f 5263 5259 561
f 556 5252 552
f 5259 5252 556
f 552 5248 548
f 5252 5248 552
f 548 5245 543
f 5248 5245 548
f 543 5238 538
f 5245 5238 543
f 538 5237 534
f 5238 5237 538
f 534 5240 529
f 5237 5240 534
f 529 5243 525
f 5240 5243 529
f 525 5250 520
f 5243 5250 525
f 520 5254 518
f 5250 5254 520
f 518 5257 516
f 5254 5257 518
f 5257 5261 516
f 516 5261 522
f 5261 5230 522
f 522 5230 526
f 5230 5227 526
f 526 5227 531
f 5227 5224 531
f 531 5224 536
f 5224 5221 536
f 536 5221 540
f 5221 5218 540
f 540 5218 545
f 5218 5215 545
f 545 5215 514
f 5215 5212 514
f 514 5212 511
f 5212 5207 511
f 511 5207 506
f 5207 5204 506
f 506 5204 503
f 5204 5201 503
f 503 5201 500
f 5201 5198 500
f 500 5198 497
f 5198 5195 497
f 497 5195 494
f 5195 5146 494
f 494 5146 444
f 444 5142 440
f 5146 5142 444
f 6028 6019 1366
f 1366 6019 1353
f 1353 6010 1341
f 6019 6010 1353
f 1341 5999 1329
f 6010 5999 1341
f 1329 5990 1317
f 5999 5990 1329
f 1317 5979 1307
f 5990 5979 1317
f 1307 5969 1298
f 5979 5969 1307
f 1298 5959 1287
f 5969 5959 1298
f 1287 5950 1281
f 1281 5950 1272
f 5959 5950 1287
f 5950 5942 1272
f 1272 5935 1265
f 5942 5935 1272
f 5935 5927 1265
f 1265 5927 1258
f 5927 5922 1258
f 1258 5922 1253
f 5922 5917 1253
f 1253 5917 1248
f 5917 5911 1248
f 1248 5911 1241
f 5911 5906 1241
f 1241 5906 1236
f 5906 5903 1236
f 1236 5903 1233
f 5903 5907 1233
f 1233 5907 1237
f 5907 5914 1237
f 1237 5914 1245
f 5914 5918 1245
f 1245 5918 1249
f 5918 5923 1249
f 1249 5923 1254
f 5923 5930 1254
f 1254 5930 1261
f 5930 5936 1261
f 1261 5936 1266
f 1266 5946 1276
f 5936 5946 1266
f 1276 5954 1283
f 5946 5954 1276
f 1283 5964 1292
f 5954 5964 1283
f 1292 5975 1303
f 5964 5975 1292
f 1303 5985 1313
f 5975 5985 1303
f 1313 5994 1321
f 1321 5994 1336
f 5985 5994 1313
f 5994 6005 1336
f 1336 6015 1347
f 6005 6015 1336
f 1347 6024 1360
f 6015 6024 1347
f 1360 6032 1369
f 6024 6032 1360
f 1369 6039 1375
f 6032 6039 1369
f 1375 6048 1384
f 6039 6048 1375
f 1384 6057 1392
f 6048 6057 1384
f 1392 6064 1399
f 6057 6064 1392
f 6064 6075 1399
f 1399 6075 1409
f 6075 6084 1409
f 1409 6084 1418
f 6084 6093 1418
f 1418 6093 1427
f 6093 6104 1427
f 1427 6104 1437
f 6104 6114 1437
f 1437 6114 1447
f 6114 6125 1447
f 1447 6125 1458
f 6125 6138 1458
f 1458 6138 1468
f 1468 6138 1472
f 6138 6144 1472
f 6144 6151 1472
f 1472 6151 1478
f 6151 6155 1478
f 1478 6155 1481
f 6155 6159 1481
f 1481 6159 1485
f 6159 6163 1485
f 1485 6163 1489
f 6163 6167 1489
f 1489 6167 1493
f 6167 6170 1493
f 1493 6170 1496
f 6170 6197 1496
f 1496 6197 1523
f 6197 6199 1523
f 1523 6199 1525
f 6199 6201 1525
f 1525 6201 1527
f 6201 6203 1527
f 1527 6203 1529
f 6203 6206 1529
f 1529 6206 1531
f 6206 6208 1531
f 1531 6208 1533
f 6208 6210 1533
f 1533 6210 1535
f 1535 6212 1537
f 6210 6212 1535
f 1537 6214 1539
f 6212 6214 1537
f 1539 6226 1553
f 6214 6226 1539
f 1553 6231 1559
f 6226 6231 1553
f 6231 6240 1559
f 1559 6240 1570
f 6240 6245 1570
f 1570 6245 1576
f 6245 6253 1576
f 1576 6253 1586
f 6253 7092 1586
f 1586 7092 2522
f 7092 7072 2522
f 2522 7072 2500
f 7072 7046 2500
f 2500 7046 2474
f 7046 7004 2474
f 2474 7004 2430
f 7004 6997 2430
f 2430 6997 2421
f 6997 6993 2421
f 2421 6993 2417
f 6993 6987 2417
f 2417 6987 1827
f 6987 6981 1827
f 1827 6981 1825
f 6981 6975 1825
f 1825 6975 1823
f 1823 6969 1821
f 6975 6969 1823
f 1821 6964 1819
f 6969 6964 1821
f 1819 6439 1817
f 6964 6439 1819
f 1817 6437 1815
f 6439 6437 1817
f 1815 6435 1813
f 6437 6435 1815
f 1813 6433 1811
f 6435 6433 1813
f 1811 6431 1809
f 6433 6431 1811
f 1809 6428 1807
f 6431 6428 1809
f 1807 6426 1805
f 6428 6426 1807
f 1805 6424 1803
f 6426 6424 1805
f 1803 6421 1801
f 6424 6421 1803
f 1801 6419 1799
f 6421 6419 1801
f 1799 6417 1797
f 6419 6417 1799
f 1797 6414 1795
f 6417 6414 1797
f 6414 6412 1795
f 1795 6412 1793
f 6412 6410 1793
f 1793 6410 1791
f 6410 6407 1791
f 1791 6407 1788
f 6407 6405 1788
f 1788 6405 1784
f 1784 6401 1781
f 6405 6401 1784
f 1781 6397 1777
f 6401 6397 1781
f 1777 6394 1773
f 6397 6394 1777
f 1773 6387 1770
f 6394 6387 1773
f 1770 6384 1766
f 6387 6384 1770
f 1766 6378 1762
f 6384 6378 1766
f 1762 6374 1755
f 6378 6374 1762
f 1755 6368 1745
f 6374 6368 1755
f 1745 6365 1735
f 6368 6365 1745
f 1735 6361 1723
f 6365 6361 1735
f 1723 6354 1714
f 6361 6354 1723
f 1714 6350 1708
f 6354 6350 1714
f 1708 6347 1700
f 6350 6347 1708
f 1700 6340 1695
f 6347 6340 1700
f 1695 6339 1685
f 6340 6339 1695
f 1685 6342 1680
f 6339 6342 1685
f 1680 6345 1674
f 6342 6345 1680
f 1674 6352 1668
f 6345 6352 1674
f 1668 6356 1666
f 6352 6356 1668
f 1666 6359 1664
f 6356 6359 1666
f 6359 6363 1664
f 1664 6363 1672
f 6363 6150 1672
f 1672 6150 1676
f 6150 6142 1676
f 1676 6142 1682
f 6142 6133 1682
f 1682 6133 1691
f 6133 6120 1691
f 1691 6120 1453
f 6120 6110 1453
f 1453 6110 1444
f 6110 6098 1444
f 1444 6098 1432
f 6098 6088 1432
f 1432 6088 1422
f 6088 6080 1422
f 1422 6080 1415
f 6080 6071 1415
f 1415 6071 1406
f 6071 6061 1406
f 1406 6061 1396
f 6061 6053 1396
f 1396 6053 1389
f 6053 6044 1389
f 1389 6044 1381
f 6044 6038 1381
f 1381 6038 1374
f 1374 6028 1366
f 6038 6028 1374
f 8023 8125 3456
f 3456 8125 3556
f 8125 8123 3556
f 3556 8123 3555
f 8123 8121 3555
f 3555 8121 3553
f 8121 8120 3553
f 3553 8120 3552
f 8120 8118 3552
f 3552 8118 3550
f 8118 8117 3550
f 3550 8117 3548
f 3548 8117 3547
f 8117 8115 3547
f 8115 8112 3547
f 3547 8112 3544
f 8112 8111 3544
f 3544 8111 3543
f 8111 8100 3543
f 3543 8100 3532
f 8100 8099 3532
f 3532 8099 3530
f 3530 8097 3529
f 8099 8097 3530
f 3529 8096 3528
f 8097 8096 3529
f 3528 8078 3510
f 8096 8078 3528
f 3510 8077 3509
f 8078 8077 3510
f 3509 8079 3511
f 8077 8079 3509
f 3511 8080 3512
f 8079 8080 3511
f 8080 8081 3512
f 3512 8081 3513
f 8081 8082 3513
f 3513 8082 3514
f 3514 8082 3515
f 8082 8083 3515
f 3515 8083 3516
f 8083 8084 3516
f 8084 8085 3516
f 3516 8085 3517
f 8085 8086 3517
f 3517 8086 3518
f 8086 8087 3518
f 3518 8087 3519
f 8087 8088 3519
f 3519 8088 3520
f 8088 8089 3520
f 3520 8089 3521
f 8089 8090 3521
f 3521 8090 3522
f 8090 8091 3522
f 3522 8091 3523
f 8091 8092 3523
f 3523 8092 3524
f 8092 8093 3524
f 3524 8093 3525
f 8093 8094 3525
f 3525 8094 3526
f 8094 8043 3526
f 3526 8043 3481
f 3481 8043 3480
f 8043 8042 3480
f 8042 8044 3480
f 3480 8044 3482
f 8044 8045 3482
f 3482 8045 3483
f 3483 8046 3484
f 8045 8046 3483
f 3484 8047 3485
f 8046 8047 3484
f 3485 8048 3486
f 8047 8048 3485
f 3486 8049 3487
f 8048 8049 3486
f 3487 8050 3488
f 8049 8050 3487
f 3488 8051 3489
f 3489 8051 3490
f 8050 8051 3488
f 8051 8052 3490
f 8052 8053 3490
f 3490 8053 3491
f 8053 8054 3491
f 3491 8054 3476
f 8054 8055 3476
f 3476 8055 3474
f 3474 8056 3477
f 8055 8056 3474
f 3477 8057 3478
f 8056 8057 3477
f 3478 8058 3479
f 8057 8058 3478
f 3479 8037 3473
f 8058 8037 3479
f 3473 8036 3471
f 8037 8036 3473
f 3471 8032 3467
f 8036 8032 3471
f 3467 8031 3465
f 8032 8031 3467
f 3465 8026 3462
f 8031 8026 3465
f 3462 8025 3460
f 8026 8025 3462
f 3460 8020 3455
f 8025 8020 3460
f 3455 8015 3451
f 8020 8015 3455
f 3451 8014 3449
f 8015 8014 3451
f 3449 8009 3445
f 8014 8009 3449
f 3445 8008 3443
f 8009 8008 3445
f 3443 8000 3434
f 8008 8000 3443
f 3434 7991 3423
f 8000 7991 3434
f 3423 7990 3421
f 3421 7990 3317
f 7991 7990 3423
f 7990 7888 3317
f 7888 7157 3317
f 3317 7157 2593
f 7157 7145 2593
f 2593 7145 2579
f 7145 7136 2579
f 2579 7136 2569
f 7136 7124 2569
f 2569 7124 2557
f 7124 7112 2557
f 2557 7112 2545
f 7112 7105 2545
f 2545 7105 2536
f 7105 7095 2536
f 2536 7095 2526
f 7095 7085 2526
f 2526 7085 2516
f 7085 7075 2516
f 2516 7075 2504
f 2504 7075 2494
f 7075 7065 2494
f 7065 7055 2494
f 2494 7055 2484
f 2484 7055 2477
f 7055 7049 2477
f 2477 7039 2467
f 7049 7039 2477
f 2467 7031 2458
f 7039 7031 2467
f 2458 7019 2446
f 7031 7019 2458
f 2446 7011 2438
f 7019 7011 2446
f 2438 7008 2435
f 7011 7008 2438
f 2435 7017 2443
f 2443 7017 2451
f 7008 7017 2435
f 7017 7025 2451
f 7025 7035 2451
f 2451 7035 2461
f 7035 7043 2461
f 2461 7043 2471
f 2471 7043 2481
f 7043 7053 2481
f 7053 7062 2481
f 2481 7062 2490
f 2490 7062 2495
f 7062 7067 2495
f 7067 7079 2495
f 2495 7079 2507
f 7079 7089 2507
f 2507 7089 2519
f 7089 7099 2519
f 2519 7099 2529
f 7099 7110 2529
f 2529 7110 2540
f 7110 7120 2540
f 2540 7120 2552
f 2552 7120 2561
f 7120 7129 2561
f 7129 7142 2561
f 2561 7142 2576
f 7142 7151 2576
f 2576 7151 2585
f 7151 7165 2585
f 2585 7165 2600
f 2600 7165 2608
f 7165 7173 2608
f 7173 7179 2608
f 2608 7179 2614
f 7179 7187 2614
f 2614 7187 2622
f 2622 7194 2629
f 7187 7194 2622
f 2629 7201 2636
f 7194 7201 2629
f 2636 7208 2643
f 2643 7208 2652
f 7201 7208 2636
f 7208 7217 2652
f 2652 7221 2656
f 7217 7221 2652
f 2656 7229 2664
f 2664 7229 2782
f 7221 7229 2656
f 7229 7357 2782
f 7357 7361 2782
f 2782 7361 2787
f 7361 7368 2787
f 2787 7368 2793
f 7368 7372 2793
f 2793 7372 2797
f 2797 7376 2801
f 7372 7376 2797
f 2801 7382 2806
f 7376 7382 2801
f 2806 7386 2811
f 7382 7386 2806
f 2811 7390 2815
f 7386 7390 2811
f 2815 7396 2820
f 7390 7396 2815
f 2820 7400 2825
f 7396 7400 2820
f 2825 7407 2830
f 7400 7407 2825
f 2830 7411 2834
f 7407 7411 2830
f 2834 7417 2841
f 7411 7417 2834
f 2841 7421 2845
f 7417 7421 2841
f 2845 7427 2851
f 7421 7427 2845
f 2851 7447 2870
f 7427 7447 2851
f 2870 7454 2877
f 7447 7454 2870
f 2877 7458 2880
f 7454 7458 2877
f 2880 7464 2887
f 7458 7464 2880
f 2887 7470 2893
f 7464 7470 2887
f 2893 7474 2897
f 2897 7474 2902
f 7470 7474 2893
f 7474 7480 2902
f 7480 8023 2902
f 2902 8023 3456
f 5766 6444 1100
f 1100 6444 1837
f 6444 6472 1837
f 1837 6472 1864
f 6472 6480 1864
f 1864 6480 1876
f 6480 6491 1876
f 1876 6491 1888
f 6491 6501 1888
f 1888 6501 1899
f 6501 6511 1899
f 1899 6511 1910
f 6511 6521 1910
f 1910 6521 1922
f 1922 6521 1934
f 6521 6531 1934
f 6531 6542 1934
f 1934 6542 1947
f 6542 6551 1947
f 1947 6551 1958
f 6551 6562 1958
f 1958 6562 1970
f 6562 6572 1970
f 1970 6572 1982
f 1982 6581 1993
f 6572 6581 1982
f 1993 6591 2005
f 6581 6591 1993
f 2005 6602 2018
f 6591 6602 2005
f 2018 6611 2029
f 6602 6611 2018
f 2029 6622 2041
f 6611 6622 2029
f 2041 6632 2053
f 6622 6632 2041
f 6632 6641 2053
f 2053 6641 2064
f 6641 6651 2064
f 2064 6651 2075
f 2075 6651 2087
f 6651 6661 2087
f 2087 6661 2099
f 6661 6673 2099
f 6673 6682 2099
f 2099 6682 2109
f 6682 6689 2109
f 2109 6689 2116
f 6689 6670 2116
f 2116 6670 2096
f 6670 6669 2096
f 2096 6669 2094
f 6669 6658 2094
f 2094 6658 2084
f 6658 6648 2084
f 2084 6648 2072
f 6648 6629 2072
f 2072 6629 2049
f 6629 6619 2049
f 2049 6619 2037
f 6619 6618 2037
f 2037 6618 2035
f 6618 6599 2035
f 2035 6599 2014
f 6599 6598 2014
f 2014 6598 2012
f 2012 6598 2001
f 6598 6588 2001
f 6588 6569 2001
f 2001 6569 1978
f 6569 6559 1978
f 1978 6559 1967
f 1967 6558 1965
f 6559 6558 1967
f 1965 6539 1943
f 6558 6539 1965
f 1943 6538 1941
f 6539 6538 1943
f 1941 6528 1930
f 6538 6528 1941
f 1930 6518 1918
f 6528 6518 1930
f 1918 6336 1760
f 1760 6336 1752
f 6518 6336 1918
f 6336 6333 1752
f 6333 6329 1752
f 1752 6329 1743
f 6329 6324 1743
f 1743 6324 1730
f 6324 6319 1730
f 1730 6319 1717
f 1717 6314 1701
f 6319 6314 1717
f 1701 6309 1686
f 6314 6309 1701
f 1686 6302 1661
f 6309 6302 1686
f 1661 6290 1645
f 6302 6290 1661
f 1645 6278 1625
f 6290 6278 1645
f 1625 6266 1604
f 6278 6266 1625
f 1604 6264 1602
f 6266 6264 1604
f 1602 6261 1596
f 6264 6261 1602
f 1596 6258 1594
f 6261 6258 1596
f 1594 6255 1590
f 6258 6255 1594
f 1590 6251 1585
f 6255 6251 1590
f 1585 6247 1579
f 6251 6247 1585
f 1579 6242 1572
f 6247 6242 1579
f 1572 6237 1569
f 6242 6237 1572
f 1569 6234 1562
f 6237 6234 1569
f 1562 6228 1556
f 6234 6228 1562
f 1556 6223 1549
f 1549 6223 1546
f 6228 6223 1556
f 6223 6219 1546
f 6219 5667 1546
f 1546 5667 984
f 5667 5659 984
f 984 5659 933
f 5659 5646 933
f 933 5646 911
f 5646 5643 911
f 911 5643 909
f 5643 5641 909
f 909 5641 906
f 5641 5638 906
f 906 5638 903
f 5638 5636 903
f 903 5636 901
f 5636 5633 901
f 901 5633 898
f 5633 5630 898
f 898 5630 895
f 895 5630 893
f 5630 5628 893
f 5628 5625 893
f 893 5625 890
f 890 5625 888
f 5625 5623 888
f 888 5620 885
f 5623 5620 888
f 885 5618 883
f 5620 5618 885
f 883 5615 880
f 5618 5615 883
f 880 5611 877
f 5615 5611 880
f 877 5613 878
f 5611 5613 877
f 878 5614 879
f 879 5614 882
f 5613 5614 878
f 5614 5617 882
f 5617 5619 882
f 882 5619 884
f 5619 5622 884
f 884 5622 887
f 887 5622 889
f 5622 5624 889
f 5624 5627 889
f 889 5627 892
f 892 5627 894
f 5627 5629 894
f 5629 5632 894
f 894 5632 897
f 5632 5635 897
f 897 5635 900
f 5635 5637 900
f 900 5637 902
f 5637 5640 902
f 902 5640 905
f 5640 5642 905
f 905 5642 907
f 907 5642 910
f 5642 5645 910
f 5645 5654 910
f 910 5654 924
f 5654 5662 924
f 924 5662 938
f 5662 5670 938
f 938 5670 992
f 992 5670 1004
f 5670 5675 1004
f 5675 5678 1004
f 1004 5678 1013
f 5678 5682 1013
f 1013 5682 1022
f 1022 5685 1030
f 5682 5685 1022
f 1030 5687 1037
f 5685 5687 1030
f 1037 5689 1043
f 1043 5689 1045
f 5687 5689 1037
f 5689 5690 1045
f 1045 5691 1048
f 5690 5691 1045
f 1048 5692 1051
f 1051 5692 1055
f 5691 5692 1048
f 5692 5693 1055
f 5693 5694 1055
f 1055 5694 1057
f 5694 5695 1057
f 1057 5695 1060
f 5695 5696 1060
f 1060 5696 1063
f 1063 5697 1065
f 5696 5697 1063
f 1065 5698 1068
f 5697 5698 1065
f 1068 5699 1069
f 5698 5699 1068
f 1069 5706 1071
f 5699 5706 1069
f 1071 5717 1074
f 5706 5717 1071
f 1074 5723 1075
f 5717 5723 1074
f 1075 5730 1078
f 5723 5730 1075
f 1078 5734 1080
f 5730 5734 1078
f 1080 5741 1082
f 5734 5741 1080
f 1082 5744 1084
f 5741 5744 1082
f 1084 5748 1086
f 5744 5748 1084
f 1086 5752 1089
f 5748 5752 1086
f 1089 5754 1090
f 5752 5754 1089
f 1090 5757 1093
f 5754 5757 1090
f 1093 5759 1095
f 5757 5759 1093
f 1095 5762 1097
f 5759 5762 1095
f 1097 5765 1099
f 1099 5765 1100
f 5762 5765 1097
f 5765 5766 1100
f 5683 5680 1024
f 1024 5680 1018
f 5680 5677 1018
f 1018 5677 1011
f 5677 5603 1011
f 1011 5603 870
f 5603 5600 870
f 870 5600 866
f 5600 5597 866
f 866 5597 860
f 5597 5592 860
f 860 5592 856
f 5592 5588 856
f 856 5588 852
f 5588 5584 852
f 852 5584 850
f 5584 5580 850
f 850 5580 844
f 5580 5576 844
f 844 5576 840
f 5576 5572 840
f 840 5572 836
f 836 5568 833
f 5572 5568 836
f 833 5564 829
f 5568 5564 833
f 829 5560 825
f 5564 5560 829
f 825 5556 821
f 5560 5556 825
f 821 5552 819
f 5556 5552 821
f 819 5548 814
f 5552 5548 819
f 5548 5544 814
f 814 5544 811
f 5544 5540 811
f 811 5540 807
f 5540 5536 807
f 807 5536 803
f 5536 5532 803
f 803 5532 799
f 5532 5528 799
f 799 5528 794
f 5528 5523 794
f 794 5523 793
f 5523 5519 793
f 793 5519 790
f 5519 5515 790
f 790 5515 786
f 5515 5511 786
f 786 5511 782
f 5511 5508 782
f 782 5508 779
f 5508 5504 779
f 779 5504 775
f 5504 5500 775
f 775 5500 772
f 5500 5496 772
f 772 5496 765
f 5496 5492 765
f 765 5492 762
f 5492 5489 762
f 762 5489 764
f 5489 5494 764
f 764 5494 767
f 5494 5498 767
f 767 5498 769
f 5498 5502 769
f 769 5502 773
f 773 5506 777
f 5502 5506 773
f 777 5509 780
f 5506 5509 777
f 780 5513 783
f 5509 5513 780
f 783 5517 787
f 5513 5517 783
f 787 5521 791
f 5517 5521 787
f 791 5525 796
f 5521 5525 791
f 796 5530 797
f 5525 5530 796
f 5530 5534 797
f 797 5534 801
f 5534 5538 801
f 801 5538 805
f 5538 5542 805
f 805 5542 809
f 809 5546 815
f 5542 5546 809
f 815 5550 816
f 5546 5550 815
f 816 5554 822
f 5550 5554 816
f 822 5558 826
f 5554 5558 822
f 826 5562 830
f 5558 5562 826
f 830 5566 834
f 5562 5566 830
f 834 5570 837
f 5566 5570 834
f 837 5574 841
f 5570 5574 837
f 841 5578 845
f 5574 5578 841
f 845 5582 847
f 5578 5582 845
f 847 5586 853
f 5582 5586 847
f 853 5590 858
f 5586 5590 853
f 858 5595 861
f 5590 5595 858
f 861 5599 863
f 5595 5599 861
f 863 5602 867
f 5599 5602 863
f 867 5605 871
f 5602 5605 867
f 871 5607 873
f 5605 5607 871
f 5607 5609 873
f 873 5609 874
f 5609 6149 874
f 874 6149 1477
f 6149 6220 1477
f 1477 6220 1545
f 6220 6221 1545
f 1545 6221 1547
f 6221 6222 1547
f 1547 6222 1548
f 6222 6224 1548
f 1548 6224 1550
f 6224 6229 1550
f 1550 6229 1555
f 6229 6235 1555
f 1555 6235 1563
f 6235 6238 1563
f 1563 6238 1568
f 6238 6243 1568
f 1568 6243 1573
f 6243 6248 1573
f 1573 6248 1578
f 6248 6252 1578
f 1578 6252 1584
f 6252 6256 1584
f 1584 6256 1589
f 1589 6259 1593
f 6256 6259 1589
f 1593 6262 1595
f 6259 6262 1593
f 1595 6265 1601
f 6262 6265 1595
f 1601 6267 1603
f 6265 6267 1601
f 1603 6279 1626
f 6267 6279 1603
f 1626 6291 1644
f 6279 6291 1626
f 6291 6303 1644
f 1644 6303 1660
f 6303 6310 1660
f 1660 6310 1687
f 6310 6315 1687
f 1687 6315 1702
f 6315 6320 1702
f 1702 6320 1718
f 6320 6325 1718
f 1718 6325 1731
f 6325 6330 1731
f 1731 6330 1742
f 6330 6334 1742
f 1742 6334 1753
f 6334 6337 1753
f 1753 6337 1759
f 6337 6498 1759
f 1759 6498 1896
f 6498 6487 1896
f 1896 6487 1884
f 6487 6476 1884
f 1884 6476 1872
f 6476 6466 1872
f 1872 6466 1860
f 6466 6458 1860
f 1860 6458 1851
f 6458 6449 1851
f 1851 6449 1841
f 6449 6448 1841
f 1841 6448 1839
f 6448 6451 1839
f 1839 6451 1843
f 6451 6460 1843
f 1843 6460 1853
f 6460 6468 1853
f 1853 6468 1862
f 1862 6478 1874
f 6468 6478 1862
f 1874 6489 1886
f 6478 6489 1874
f 1886 6335 1758
f 6489 6335 1886
f 1758 6332 1751
f 6335 6332 1758
f 1751 6328 1741
f 6332 6328 1751
f 1741 6323 1729
f 6328 6323 1741
f 1729 6321 1720
f 6323 6321 1729
f 6321 6316 1720
f 1720 6316 1704
f 6316 6311 1704
f 1704 6311 1689
f 6311 6301 1689
f 1689 6301 1659
f 1659 6292 1647
f 6301 6292 1659
f 1647 6280 1628
f 6292 6280 1647
f 1628 6268 1606
f 6280 6268 1628
f 1606 6263 1600
f 6268 6263 1606
f 1600 6260 1598
f 6263 6260 1600
f 1598 6257 1592
f 6260 6257 1598
f 1592 6254 1588
f 6257 6254 1592
f 1588 6250 1583
f 6254 6250 1588
f 1583 6249 1581
f 6250 6249 1583
f 1581 6244 1575
f 6249 6244 1581
f 1575 6239 1567
f 6244 6239 1575
f 1567 6236 1565
f 6239 6236 1567
f 1565 6230 1558
f 6236 6230 1565
f 1558 6225 1552
f 6230 6225 1558
f 1552 6217 1543
f 6225 6217 1552
f 1543 6216 1541
f 6217 6216 1543
f 1541 6218 1544
f 6216 6218 1541
f 6218 6148 1544
f 1544 6148 1476
f 6148 5683 1476
f 1476 5683 1024
f 7859 7155 3295
f 3295 7155 2590
f 7155 7154 2590
f 2590 7154 2588
f 7154 7156 2588
f 2588 7156 2591
f 7156 7144 2591
f 2591 7144 2578
f 7144 7135 2578
f 2578 7135 2567
f 7135 7123 2567
f 2567 7123 2555
f 7123 7115 2555
f 2555 7115 2547
f 7115 7104 2547
f 2547 7104 2534
f 7104 7094 2534
f 2534 7094 2524
f 7094 7084 2524
f 2524 7084 2514
f 2514 7084 2502
f 7084 7074 2502
f 7074 7064 2502
f 2502 7064 2492
f 2492 7058 2486
f 7064 7058 2492
f 2486 7048 2476
f 2476 7048 2466
f 7058 7048 2486
f 7048 7038 2466
f 2466 7030 2456
f 7038 7030 2466
f 2456 7022 2448
f 7030 7022 2456
f 2448 7014 2440
f 7022 7014 2448
f 7014 7007 2440
f 2440 7007 2433
f 7007 7006 2433
f 2433 7006 2431
f 2431 7006 2441
f 7006 7016 2441
f 7016 7024 2441
f 2441 7024 2449
f 7024 7034 2449
f 2449 7034 2459
f 7034 7042 2459
f 2459 7042 2470
f 7042 7052 2470
f 2470 7052 2479
f 2479 7052 2193
f 7052 6772 2193
f 2193 6772 2187
f 6772 6768 2187
f 6768 6762 2187
f 2187 6762 2182
f 6762 6756 2182
f 2182 6756 2176
f 6756 6750 2176
f 2176 6750 2170
f 2170 6750 2164
f 6750 6744 2164
f 6744 6738 2164
f 2164 6738 2158
f 6738 6732 2158
f 2158 6732 2153
f 6732 6726 2153
f 2153 6726 2147
f 6726 6720 2147
f 2147 6720 2141
f 2141 6720 2135
f 6720 6714 2135
f 2135 6707 2129
f 6714 6707 2135
f 2129 6699 2124
f 6707 6699 2129
f 2124 6691 2118
f 6699 6691 2124
f 2118 6681 2110
f 6691 6681 2118
f 2110 6672 2100
f 6681 6672 2110
f 2100 6660 2088
f 6672 6660 2100
f 2088 6650 2076
f 6660 6650 2088
f 6650 6640 2076
f 2076 6640 2063
f 6640 6631 2063
f 2063 6631 2052
f 6631 6621 2052
f 2052 6621 2040
f 2040 6610 2028
f 6621 6610 2040
f 2028 6601 2017
f 6610 6601 2028
f 2017 6590 2004
f 6601 6590 2017
f 2004 6580 1992
f 6590 6580 2004
f 1992 6571 1981
f 6580 6571 1992
f 1981 6561 1971
f 6571 6561 1981
f 1971 6550 1957
f 6561 6550 1971
f 1957 6541 1946
f 6550 6541 1957
f 1946 6530 1933
f 6541 6530 1946
f 1933 6520 1921
f 6530 6520 1933
f 1921 6510 1909
f 6520 6510 1921
f 1909 6500 1898
f 6510 6500 1909
f 1898 6490 1887
f 6500 6490 1898
f 1887 6479 1875
f 6490 6479 1887
f 1875 6471 1863
f 6479 6471 1875
f 1863 6462 1854
f 6471 6462 1863
f 1854 6452 1846
f 6462 6452 1854
f 6452 6443 1846
f 1846 6443 1838
f 6443 6441 1838
f 1838 6441 1836
f 6441 6453 1836
f 1836 6453 1844
f 6453 6463 1844
f 1844 6463 1855
f 6463 6473 1855
f 1855 6473 1865
f 6473 6483 1865
f 1865 6483 1877
f 6483 6492 1877
f 1877 6492 1889
f 6492 6505 1889
f 1889 6505 1900
f 6505 6514 1900
f 1900 6514 1911
f 6514 6524 1911
f 1911 6524 1923
f 6524 6534 1923
f 1923 6534 1935
f 6534 6543 1935
f 1935 6543 1948
f 6543 6554 1948
f 1948 6554 1959
f 1959 6563 1972
f 6554 6563 1959
f 1972 6575 1983
f 6563 6575 1972
f 1983 6584 1994
f 6575 6584 1983
f 1994 6594 2006
f 6584 6594 1994
f 2006 6605 2019
f 2019 6605 2030
f 6594 6605 2006
f 6605 6614 2030
f 2030 6614 2042
f 6614 6625 2042
f 6625 6633 2042
f 2042 6633 2054
f 6633 6642 2054
f 2054 6642 2065
f 2065 6642 2077
f 6642 6654 2077
f 6654 6664 2077
f 2077 6664 2089
f 6664 6676 2089
f 2089 6676 2101
f 6676 6683 2101
f 2101 6683 2111
f 6683 6692 2111
f 2111 6692 2119
f 6692 6700 2119
f 2119 6700 2125
f 6700 6709 2125
f 2125 6709 2130
f 6709 6715 2130
f 2130 6715 2136
f 6715 6721 2136
f 2136 6721 2142
f 6721 6727 2142
f 2142 6727 2148
f 6727 6733 2148
f 2148 6733 2154
f 2154 6733 2159
f 6733 6739 2159
f 2159 6739 2165
f 6739 6745 2165
f 6745 6751 2165
f 2165 6751 2171
f 6751 6757 2171
f 2171 6757 2177
f 2177 6763 2183
f 6757 6763 2177
f 2183 6971 2188
f 6763 6971 2183
f 2188 6977 2194
f 2194 6977 2198
f 6971 6977 2188
f 6977 6983 2198
f 2198 6989 2200
f 6983 6989 2198
f 2200 6995 2418
f 6989 6995 2200
f 2418 6999 2422
f 6995 6999 2418
f 6999 7002 2422
f 2422 7002 2427
f 7002 7028 2427
f 2427 7028 2453
f 7028 7060 2453
f 2453 7060 2487
f 2487 7082 2509
f 7060 7082 2487
f 2509 7102 2531
f 7082 7102 2509
f 2531 7117 2548
f 7102 7117 2531
f 2548 7133 2564
f 7117 7133 2548
f 2564 7148 2581
f 7133 7148 2564
f 2581 7162 2596
f 7148 7162 2581
f 2596 7170 2604
f 2604 7170 2616
f 7162 7170 2596
f 7170 7182 2616
f 2616 7190 2624
f 7182 7190 2616
f 2624 7197 2631
f 7190 7197 2624
f 2631 7204 2638
f 7197 7204 2631
f 2638 7212 2646
f 7204 7212 2638
f 2646 7220 2654
f 7212 7220 2646
f 2654 7227 2661
f 7220 7227 2654
f 2661 7233 2667
f 7227 7233 2661
f 2667 7878 3310
f 7233 7878 2667
f 3310 7873 3306
f 7878 7873 3310
f 7873 7859 3306
f 3306 7859 3295
f 6445 6446 1830
f 1830 6446 1834
f 6446 6456 1834
f 1834 6456 1849
f 6456 6464 1849
f 1849 6464 1858
f 6464 6474 1858
f 1858 6474 1869
f 6474 6485 1869
f 1869 6485 1881
f 6485 6496 1881
f 1881 6496 1893
f 6496 6507 1893
f 1893 6507 1904
f 6507 6516 1904
f 1904 6516 1915
f 6516 6526 1915
f 1915 6526 1927
f 1927 6526 1939
f 6526 6536 1939
f 6536 6547 1939
f 1939 6547 1952
f 6547 6556 1952
f 1952 6556 1963
f 1963 6567 1975
f 6556 6567 1963
f 1975 6577 1987
f 6567 6577 1975
f 1987 6586 1998
f 6577 6586 1987
f 1998 6596 2010
f 6586 6596 1998
f 2010 6607 2023
f 6596 6607 2010
f 2023 6616 2033
f 2033 6616 2046
f 6607 6616 2023
f 6616 6627 2046
f 6627 6637 2046
f 2046 6637 2058
f 6637 6646 2058
f 2058 6646 2069
f 6646 6656 2069
f 2069 6656 2081
f 6656 6667 2081
f 2081 6667 2092
f 2092 6667 2104
f 6667 6678 2104
f 6678 6687 2104
f 2104 6687 2113
f 6687 6696 2113
f 2113 6696 2121
f 6696 6704 2121
f 2121 6704 2126
f 6704 6711 2126
f 2126 6711 2132
f 6711 6717 2132
f 2132 6717 2138
f 2138 6717 2144
f 6717 6723 2144
f 6723 6729 2144
f 2144 6729 2150
f 6729 6735 2150
f 2150 6735 2155
f 6735 6741 2155
f 2155 6741 2161
f 6741 6747 2161
f 2161 6747 2167
f 2167 6747 2173
f 6747 6753 2173
f 6753 6759 2173
f 2173 6759 2179
f 2179 6765 2184
f 6759 6765 2179
f 2184 6769 2190
f 6765 6769 2184
f 2190 6773 2196
f 6769 6773 2190
f 2196 7054 2482
f 6773 7054 2196
f 2482 7044 2472
f 2472 7044 2462
f 7054 7044 2482
f 7044 7036 2462
f 2462 7026 2452
f 7036 7026 2462
f 7026 7018 2452
f 2452 7018 2444
f 7018 7010 2444
f 2444 7010 2436
f 7010 7009 2436
f 2436 7009 2434
f 2434 7012 2437
f 7009 7012 2434
f 2437 7020 2445
f 7012 7020 2437
f 2445 7032 2457
f 7020 7032 2445
f 2457 7040 2468
f 7032 7040 2457
f 2468 7050 2478
f 7040 7050 2468
f 2478 7056 2483
f 7050 7056 2478
f 2483 7066 2493
f 7056 7066 2483
f 2493 7076 2503
f 7066 7076 2493
f 2503 7086 2515
f 7076 7086 2503
f 2515 7096 2525
f 7086 7096 2515
f 2525 7106 2535
f 7096 7106 2525
f 2535 7113 2544
f 7106 7113 2535
f 2544 7125 2556
f 7113 7125 2544
f 2556 7137 2568
f 7125 7137 2556
f 2568 7146 2580
f 7137 7146 2568
f 2580 7158 2592
f 7146 7158 2580
f 2592 7159 2594
f 7158 7159 2592
f 7159 7160 2594
f 2594 7160 2595
f 7160 7889 2595
f 2595 7889 2571
f 2571 7889 2543
f 7889 7971 2543
f 2543 7971 2512
f 7971 7964 2512
f 2512 7964 2464
f 7964 6991 2464
f 2464 6991 2425
f 6991 6985 2425
f 2425 6985 2415
f 6985 6979 2415
f 2415 6979 2413
f 6979 6973 2413
f 2413 6973 2406
f 6973 6967 2406
f 2406 6967 2395
f 6967 6960 2395
f 2395 6960 2383
f 6960 6955 2383
f 2383 6955 2368
f 6955 6945 2368
f 2368 6945 2349
f 2349 6937 2347
f 6945 6937 2349
f 2347 6927 2327
f 6937 6927 2347
f 2327 6915 2325
f 6927 6915 2327
f 2325 6886 2323
f 6915 6886 2325
f 2323 6884 2321
f 6886 6884 2323
f 2321 6882 2319
f 6884 6882 2321
f 2319 6880 2318
f 6882 6880 2319
f 6880 6878 2318
f 2318 6878 2316
f 6878 6876 2316
f 2316 6876 2314
f 6876 6874 2314
f 2314 6874 2312
f 6874 6872 2312
f 2312 6872 2310
f 6872 6869 2310
f 2310 6869 2309
f 6869 6867 2309
f 2309 6867 2306
f 6867 6864 2306
f 2306 6864 2302
f 6864 6860 2302
f 2302 6860 2300
f 6860 6856 2300
f 2300 6856 2296
f 6856 6852 2296
f 2296 6852 2292
f 6852 6848 2292
f 2292 6848 2288
f 6848 6844 2288
f 2288 6844 2284
f 6844 6840 2284
f 2284 6840 2282
f 6840 6836 2282
f 2282 6836 2278
f 6836 6832 2278
f 2278 6832 2274
f 6832 6828 2274
f 2274 6828 2270
f 6828 6824 2270
f 2270 6824 2266
f 2266 6820 2264
f 6824 6820 2266
f 2264 6708 2260
f 6820 6708 2264
f 2260 6702 2256
f 6708 6702 2260
f 2256 6694 2252
f 6702 6694 2256
f 2252 6685 2103
f 6694 6685 2252
f 2103 6674 2091
f 6685 6674 2103
f 2091 6662 2079
f 6674 6662 2091
f 2079 6652 2067
f 6662 6652 2079
f 6652 6644 2067
f 2067 6644 2056
f 2056 6635 2045
f 6644 6635 2056
f 2045 6623 2031
f 6635 6623 2045
f 2031 6612 2021
f 6623 6612 2031
f 2021 6603 2008
f 6612 6603 2021
f 2008 6592 1996
f 6603 6592 2008
f 1996 6582 1985
f 6592 6582 1996
f 1985 6573 1973
f 6582 6573 1985
f 1973 6565 1961
f 6573 6565 1973
f 1961 6552 1951
f 6565 6552 1961
f 1951 6545 1937
f 6552 6545 1951
f 1937 6532 1925
f 6545 6532 1937
f 1925 6522 1913
f 6532 6522 1925
f 1913 6512 1901
f 6522 6512 1913
f 1901 6502 1891
f 6512 6502 1901
f 1891 6494 1879
f 6502 6494 1891
f 1879 6481 1867
f 6494 6481 1879
f 1867 6469 1857
f 6481 6469 1867
f 1857 6461 1848
f 6469 6461 1857
f 1848 6455 1830
f 6461 6455 1848
f 6455 6445 1830
f 3533 8101 3538
f 8101 8106 3538
f 8106 8108 3538
f 3538 8108 3540
f 8108 8113 3540
f 3540 8113 3545
f 8113 8333 3545
f 3545 8333 3773
f 8333 8329 3773
f 3773 8329 3769
f 8329 8322 3769
f 3769 8322 3762
f 3762 8322 3758
f 8322 8318 3758
f 8318 8314 3758
f 3758 8314 3754
f 8314 8310 3754
f 3754 8310 3750
f 8310 8306 3750
f 3750 8306 3746
f 8306 8302 3746
f 3746 8302 3742
f 3742 8298 3738
f 8302 8298 3742
f 3738 8297 3736
f 8298 8297 3738
f 3736 8300 3739
f 8297 8300 3736
f 3739 8304 3743
f 8300 8304 3739
f 3743 8308 3747
f 8304 8308 3743
f 3747 8312 3751
f 8308 8312 3747
f 8312 8316 3751
f 3751 8316 3755
f 8316 8320 3755
f 3755 8320 3759
f 3759 8320 3763
f 8320 8324 3763
f 3763 8324 3766
f 8324 8327 3766
f 8327 8331 3766
f 3766 8331 3770
f 8331 8335 3770
f 3770 8335 3724
f 8335 8338 3724
f 3724 8338 3720
f 8338 8342 3720
f 3720 8342 3717
f 8342 8346 3717
f 3717 8346 3713
f 8346 8289 3713
f 3713 8289 3711
f 8289 8286 3711
f 3711 8286 3708
f 8286 8282 3708
f 3708 8282 3705
f 8282 8279 3705
f 3705 8279 3701
f 8279 8275 3701
f 3701 8275 3697
f 8275 8271 3697
f 3697 8271 3695
f 3695 8271 3693
f 8271 8268 3693
f 8268 8264 3693
f 3693 8264 3689
f 8264 8261 3689
f 3689 8261 3686
f 3686 8257 3682
f 8261 8257 3686
f 3682 8253 3680
f 8257 8253 3682
f 3680 8249 3677
f 8253 8249 3680
f 3677 8245 3673
f 8249 8245 3677
f 3673 8241 3669
f 8245 8241 3673
f 3669 8234 3667
f 3667 8234 3663
f 8241 8234 3669
f 8234 8230 3663
f 8230 8226 3663
f 3663 8226 3659
f 8226 8222 3659
f 3659 8222 3655
f 8222 8218 3655
f 3655 8218 3651
f 3651 8214 3649
f 8218 8214 3651
f 3649 8213 3646
f 8214 8213 3649
f 3646 8216 3641
f 8213 8216 3646
f 3641 8220 3639
f 8216 8220 3641
f 3639 8224 3637
f 8220 8224 3639
f 3637 8228 3642
f 8224 8228 3637
f 3642 8232 3644
f 8228 8232 3642
f 3644 8236 3648
f 8232 8236 3644
f 3648 8239 3653
f 8236 8239 3648
f 3653 8243 3657
f 8239 8243 3653
f 3657 8247 3660
f 8243 8247 3657
f 3660 8251 3665
f 8247 8251 3660
f 3665 8255 3666
f 8251 8255 3665
f 3666 8259 3671
f 8255 8259 3666
f 3671 8184 3675
f 8259 8184 3671
f 3675 8178 3678
f 8184 8178 3675
f 3678 8176 3683
f 3683 8176 3537
f 8178 8176 3678
f 8176 8105 3537
f 8105 7491 3537
f 3537 7491 2915
f 7491 7486 2915
f 2915 7486 2910
f 7486 7482 2910
f 2910 7482 2906
f 7482 7479 2906
f 2906 7479 2903
f 7479 7473 2903
f 2903 7473 2896
f 7473 7469 2896
f 2896 7469 2892
f 7469 7463 2892
f 2892 7463 2886
f 2886 7463 2881
f 7463 7457 2881
f 7457 7453 2881
f 2881 7453 2876
f 7453 7446 2876
f 2876 7446 2871
f 7446 7426 2871
f 2871 7426 2850
f 7426 7420 2850
f 2850 7420 2844
f 2844 7416 2840
f 7420 7416 2844
f 2840 7410 2835
f 7416 7410 2840
f 2835 7406 2831
f 7410 7406 2835
f 2831 7399 2824
f 7406 7399 2831
f 2824 7395 2821
f 7399 7395 2824
f 2821 7389 2814
f 7395 7389 2821
f 7389 7385 2814
f 2814 7385 2810
f 7385 7381 2810
f 2810 7381 2807
f 2807 7381 2800
f 7381 7375 2800
f 2800 7375 2796
f 7375 7371 2796
f 7371 7367 2796
f 2796 7367 2792
f 7367 7360 2792
f 2792 7360 2786
f 7360 7356 2786
f 2786 7356 2783
f 7356 7354 2783
f 2783 7354 2780
f 7354 7351 2780
f 2780 7351 2777
f 7351 7347 2777
f 2777 7347 2773
f 7347 7341 2773
f 2773 7341 2768
f 7341 7337 2768
f 2768 7337 2763
f 7337 7333 2763
f 2763 7333 2759
f 7333 7328 2759
f 2759 7328 2755
f 7328 7331 2755
f 2755 7331 2757
f 2757 7331 2761
f 7331 7335 2761
f 7335 7339 2761
f 2761 7339 2765
f 7339 7343 2765
f 2765 7343 2769
f 2769 7349 2775
f 7343 7349 2769
f 2775 7352 2778
f 7349 7352 2775
f 2778 7355 2781
f 7352 7355 2778
f 2781 7358 2784
f 7355 7358 2781
f 2784 7362 2788
f 7358 7362 2784
f 2788 7369 2794
f 2794 7369 2798
f 7362 7369 2788
f 7369 7373 2798
f 7373 7377 2798
f 2798 7377 2802
f 7377 7383 2802
f 2802 7383 2808
f 7383 7387 2808
f 2808 7387 2812
f 2812 7391 2816
f 7387 7391 2812
f 2816 7397 2822
f 7391 7397 2816
f 2822 7401 2826
f 7397 7401 2822
f 2826 7408 2832
f 7401 7408 2826
f 2832 7412 2836
f 7408 7412 2832
f 2836 7418 2842
f 7412 7418 2836
f 2842 7422 2846
f 7418 7422 2842
f 2846 7428 2852
f 7422 7428 2846
f 2852 7448 2872
f 7428 7448 2852
f 2872 7455 2878
f 7448 7455 2872
f 2878 7459 2882
f 7455 7459 2878
f 2882 7465 2888
f 7459 7465 2882
f 2888 7471 2894
f 7465 7471 2888
f 2894 7475 2898
f 7471 7475 2894
f 2898 7481 2904
f 7475 7481 2898
f 2904 7483 2907
f 7481 7483 2904
f 2907 7487 2911
f 2911 7487 2914
f 7483 7487 2907
f 7487 7490 2914
f 7490 8101 2914
f 2914 8101 3533
f 5486 5738 943
f 943 5738 1053
f 5671 1072 5707
f 993 1072 5671
f 5707 1076 5724
f 1072 1076 5707
f 5724 1081 5735
f 1076 1081 5724
f 5735 1085 5745
f 1081 1085 5735
f 5745 1087 5749
f 1085 1087 5745
f 5749 1091 5755
f 1087 1091 5749
f 5755 1096 5760
f 1091 1096 5755
f 5760 1098 5763
f 1096 1098 5760
f 1098 1101 5763
f 5763 1101 5767
f 5767 1785 6442
f 1101 1785 5767
f 6442 1778 6454
f 1785 1778 6442
f 6454 1774 6399
f 1778 1774 6454
f 6399 1768 6392
f 1774 1768 6399
f 6392 1763 6389
f 1768 1763 6392
f 6389 1746 6382
f 1763 1746 6389
f 6382 1737 6376
f 1746 1737 6382
f 6376 1727 6372
f 1737 1727 6376
f 6372 1711 6143
f 1727 1711 6372
f 6143 1705 6134
f 1711 1705 6143
f 6134 1443 6111
f 1705 1443 6134
f 6111 1431 6099
f 1443 1431 6111
f 6099 1414 6081
f 1431 1414 6099
f 6081 1405 6072
f 1414 1405 6081
f 6072 1388 6054
f 1405 1388 6072
f 6054 1380 6045
f 1388 1380 6054
f 6045 1365 6029
f 6029 1365 6011
f 1380 1365 6045
f 1365 1340 6011
f 6011 1328 6000
f 1340 1328 6011
f 6000 1308 5980
f 1328 1308 6000
f 5980 1297 5970
f 1308 1297 5980
f 5970 1280 5951
f 1297 1280 5970
f 5951 1053 5738
f 1280 1053 5951
f 5671 5612 993
f 993 5612 876
f 5331 668 5361
f 644 668 5331
f 5361 677 5377
f 668 677 5361
f 5377 689 5392
f 677 689 5377
f 5392 700 5410
f 689 700 5392
f 5410 709 5416
f 700 709 5410
f 5416 719 5419
f 709 719 5416
f 5419 724 5422
f 719 724 5419
f 5422 726 5424
f 724 726 5422
f 726 729 5424
f 5424 729 5427
f 5427 731 5429
f 729 731 5427
f 5429 734 5432
f 731 734 5429
f 5432 735 5434
f 734 735 5432
f 5434 738 5437
f 735 738 5434
f 5437 740 5439
f 738 740 5437
f 5439 743 5441
f 740 743 5439
f 5441 744 5443
f 743 744 5441
f 5443 746 5446
f 744 746 5443
f 5446 750 5462
f 746 750 5446
f 5462 752 5468
f 750 752 5462
f 5468 755 5478
f 752 755 5468
f 5478 757 5606
f 755 757 5478
f 5606 760 5608
f 757 760 5606
f 5608 875 5610
f 760 875 5608
f 5610 912 5647
f 875 912 5610
f 5647 908 5644
f 912 908 5647
f 5644 904 5639
f 5639 904 5634
f 908 904 5644
f 904 899 5634
f 5634 896 5631
f 899 896 5634
f 5631 891 5626
f 896 891 5631
f 5626 886 5621
f 891 886 5626
f 5621 881 5616
f 886 881 5621
f 5616 876 5612
f 881 876 5616
f 644 5102 405
f 5331 5102 644
f 4913 212 325
f 4931 325 338
f 4931 4913 325
f 4930 338 337
f 4930 4931 338
f 4932 337 336
f 4932 4930 337
f 4934 336 335
f 4934 4932 336
f 4933 335 334
f 4933 4934 335
f 4936 334 333
f 4936 4933 334
f 4935 333 332
f 4935 4936 333
f 4938 332 331
f 4938 4935 332
f 4937 4938 331
f 4937 331 330
f 4940 4937 330
f 4940 330 329
f 4939 4940 329
f 4939 329 327
f 4941 4939 327
f 4942 4941 327
f 4942 328 343
f 4942 327 328
f 4976 4942 343
f 4976 343 342
f 5031 4976 342
f 5032 5031 342
f 5032 339 341
f 5032 342 339
f 5030 5032 341
f 5030 341 344
f 5037 5030 344
f 5041 345 346
f 5041 344 345
f 5041 5037 344
f 5040 346 347
f 5040 5041 346
f 5042 5040 347
f 5044 348 349
f 5044 347 348
f 5044 5042 347
f 5043 5044 349
f 5045 350 351
f 5045 349 350
f 5045 5043 349
f 5046 5045 351
f 5048 352 354
f 5048 351 352
f 5048 5046 351
f 5047 5048 354
f 5049 355 356
f 5049 354 355
f 5049 5047 354
f 5060 5049 356
f 5059 356 366
f 5059 5060 356
f 5088 391 405
f 5088 366 391
f 5088 5059 366
f 5102 5088 405
f 4913 4758 56
f 4913 56 212
f 5831 5488 989
f 5831 989 1161
f 56 4758 4753
f 51 4753 4749
f 51 56 4753
f 47 4749 4748
f 47 51 4749
f 46 4748 4744
f 46 47 4748
f 42 4744 4739
f 42 46 4744
f 37 4739 4738
f 37 42 4739
f 35 4738 4734
f 35 37 4738
f 32 4734 4729
f 32 35 4734
f 27 4729 4725
f 27 32 4729
f 23 27 4725
f 23 4725 4724
f 21 23 4724
f 21 4724 4720
f 18 21 4720
f 18 4720 4715
f 13 18 4715
f 13 4715 4714
f 11 13 4714
f 11 4714 4710
f 8 11 4710
f 8 4710 4705
f 3 8 4705
f 1 3 4705
f 1 4704 4708
f 1 4705 4704
f 4 1 4708
f 4 4708 4707
f 6 4 4707
f 6 4707 4712
f 9 4712 4718
f 9 6 4712
f 14 4718 4717
f 14 9 4718
f 16 14 4717
f 19 4722 4727
f 19 4717 4722
f 19 16 4717
f 24 4727 4732
f 24 19 4727
f 29 24 4732
f 30 4731 4736
f 30 4732 4731
f 30 29 4732
f 33 4736 4742
f 33 30 4736
f 39 33 4742
f 40 4741 4746
f 40 4742 4741
f 40 39 4742
f 43 40 4746
f 49 4751 4756
f 49 4746 4751
f 49 43 4746
f 52 49 4756
f 54 4756 4755
f 54 52 4756
f 4755 7430 2855
f 4755 2855 54
f 2855 7430 7526
f 2953 7526 7525
f 2953 2855 7526
f 2955 7525 7528
f 2955 2953 7525
f 2956 7528 7530
f 2956 2955 7528
f 2958 7530 7533
f 2958 2956 7530
f 2960 7533 7532
f 2960 2958 7533
f 2962 7532 7535
f 2962 2960 7532
f 2963 7535 7538
f 2963 2962 7535
f 2966 7538 7537
f 2966 2963 7538
f 2967 2966 7537
f 2967 7537 7540
f 2969 2967 7540
f 2969 7540 7542
f 2971 2969 7542
f 2971 7542 7568
f 2996 2971 7568
f 2996 7568 7567
f 2997 2996 7567
f 2997 7567 7582
f 3010 2997 7582
f 3010 7582 7592
f 3020 3010 7592
f 3028 3020 7592
f 3028 7599 7614
f 3028 7592 7599
f 3039 3028 7614
f 3039 7614 7628
f 3047 3039 7628
f 3047 7628 7635
f 3053 7635 7642
f 3053 3047 7635
f 3060 7642 7648
f 3060 3053 7642
f 3083 3060 7648
f 3104 7654 7659
f 3104 7648 7654
f 3104 3083 7648
f 3119 7659 7667
f 3119 3104 7659
f 3136 3119 7667
f 3148 7673 7679
f 3148 7667 7673
f 3148 3136 7667
f 3161 7679 7684
f 3161 3148 7679
f 3172 3161 7684
f 3185 7690 7696
f 3185 7684 7690
f 3185 3172 7684
f 3195 3185 7696
f 3204 7714 7742
f 3204 7696 7714
f 3204 3195 7696
f 3219 3204 7742
f 3227 7742 7760
f 3227 3219 7742
f 7760 8145 3577
f 7760 3577 3227
f 8769 9066 4496
f 8769 4496 4206
f 3577 8145 8182
f 3605 8182 8181
f 3605 3577 8182
f 3608 8181 8186
f 3608 3605 8181
f 3610 8186 8185
f 3610 3608 8186
f 3612 8185 8192
f 3612 3610 8185
f 3613 8192 8191
f 3613 3612 8192
f 3617 8191 8200
f 3617 3613 8191
f 3619 8200 8199
f 3619 3617 8200
f 3621 8199 8198
f 3621 3619 8199
f 3622 3621 8198
f 3622 8198 8197
f 3624 3622 8197
f 3624 8197 8201
f 3626 3624 8201
f 3626 8201 8207
f 3628 3626 8207
f 3628 8207 8206
f 3630 3628 8206
f 3630 8206 8205
f 3632 3630 8205
f 3632 8205 8210
f 3634 3632 8210
f 3636 3634 8210
f 3636 8211 8208
f 3636 8210 8211
f 3635 3636 8208
f 3635 8208 8209
f 3633 3635 8209
f 3633 8209 8204
f 3631 8204 8203
f 3631 3633 8204
f 3629 8203 8202
f 3629 3631 8203
f 3627 3629 8202
f 3625 8196 8193
f 3625 8202 8196
f 3625 3627 8202
f 3623 8193 8195
f 3623 3625 8193
f 3620 3623 8195
f 3618 8194 8187
f 3618 8195 8194
f 3618 3620 8195
f 3616 8187 8190
f 3616 3618 8187
f 3614 3616 8190
f 3611 8189 8188
f 3611 8190 8189
f 3611 3614 8190
f 3609 3611 8188
f 3607 8179 8180
f 3607 8188 8179
f 3607 3609 8188
f 3604 3607 8180
f 3560 8180 8127
f 3560 3604 8180
f 8127 8059 3560
f 3560 8059 3492
f 8041 3472 8035
f 3475 3472 8041
f 8035 3466 8030
f 3472 3466 8035
f 8030 3461 8024
f 3466 3461 8030
f 8024 3454 8019
f 3461 3454 8024
f 8019 3450 8013
f 3454 3450 8019
f 8013 3444 8007
f 3450 3444 8013
f 8007 3433 7999
f 3444 3433 8007
f 7999 3422 7989
f 3433 3422 7999
f 3422 3416 7989
f 7989 3416 7982
f 7982 3411 7976
f 3416 3411 7982
f 7976 3403 7970
f 3411 3403 7976
f 7970 3397 7963
f 3403 3397 7970
f 7963 3388 7955
f 3397 3388 7963
f 7955 3384 7951
f 3388 3384 7955
f 7951 3376 7944
f 3384 3376 7951
f 7944 3372 7940
f 3376 3372 7944
f 7940 3375 7947
f 3372 3375 7940
f 7947 3381 7953
f 3375 3381 7947
f 7953 3390 7958
f 3381 3390 7953
f 7958 3396 7965
f 3390 3396 7958
f 7965 3401 7972
f 3396 3401 7965
f 7972 3409 7977
f 3401 3409 7972
f 7977 3414 7983
f 3409 3414 7977
f 7983 3424 7992
f 3414 3424 7983
f 7992 3431 8001
f 3424 3431 7992
f 8001 3441 8010
f 8010 3441 8016
f 3431 3441 8001
f 3441 3446 8016
f 8016 3453 8021
f 3446 3453 8016
f 8021 3457 8027
f 3453 3457 8021
f 8027 3463 8033
f 3457 3463 8027
f 8033 3468 8038
f 3463 3468 8033
f 8038 3492 8059
f 3468 3492 8038
f 3475 8076 3508
f 8041 8076 3475
f 8572 3998 8564
f 4005 3998 8572
f 8564 3994 8560
f 3998 3994 8564
f 8560 3987 8552
f 3994 3987 8560
f 8552 3983 8547
f 3987 3983 8552
f 8547 3976 8539
f 3983 3976 8547
f 8539 3968 8532
f 3976 3968 8539
f 8532 3964 8527
f 3968 3964 8532
f 8527 3958 8519
f 3964 3958 8527
f 3958 3954 8519
f 8519 3954 8515
f 8515 3947 8507
f 3954 3947 8515
f 8507 3943 8503
f 3947 3943 8507
f 8503 3734 8495
f 3943 3734 8503
f 8495 3732 8491
f 3734 3732 8495
f 8491 3728 8294
f 3732 3728 8491
f 8294 3726 8291
f 3728 3726 8294
f 8291 3722 8284
f 3726 3722 8291
f 8284 3715 8277
f 3722 3715 8284
f 8277 3710 8273
f 3715 3710 8277
f 8273 3703 8266
f 3710 3703 8273
f 8266 3698 8183
f 3703 3698 8266
f 8183 3691 8177
f 3698 3691 8183
f 8177 3603 8175
f 3691 3603 8177
f 8175 3558 8126
f 3603 3558 8175
f 8126 3557 8124
f 3558 3557 8126
f 8124 3554 8122
f 3557 3554 8124
f 8122 3551 8119
f 8119 3551 8116
f 3554 3551 8122
f 3551 3549 8116
f 8116 3546 8114
f 3549 3546 8116
f 8114 3542 8110
f 3546 3542 8114
f 8110 3531 8098
f 3542 3531 8110
f 8098 3527 8095
f 3531 3527 8098
f 8095 3508 8076
f 3527 3508 8095
f 4005 8632 4108
f 8572 8632 4005
f 8769 4206 4203
f 8768 4203 4202
f 8768 8769 4203
f 8765 4202 4201
f 8765 8768 4202
f 8766 4201 4200
f 8766 8765 4201
f 8767 4200 4199
f 8767 8766 4200
f 8763 4199 4198
f 8763 8767 4199
f 8764 4198 4197
f 8764 8763 4198
f 8761 4197 4196
f 8761 8764 4197
f 8762 4196 4195
f 8762 8761 4196
f 8760 8762 4195
f 8760 4195 4194
f 8757 8760 4194
f 8757 4194 4193
f 8758 8757 4193
f 8758 4193 4192
f 8759 8758 4192
f 8755 8759 4192
f 8755 4190 4189
f 8755 4192 4190
f 8756 8755 4189
f 8756 4189 4188
f 8752 8756 4188
f 8753 8752 4188
f 8753 4184 4179
f 8753 4188 4184
f 8754 8753 4179
f 8754 4179 4174
f 8742 8754 4174
f 8731 4173 4172
f 8731 4174 4173
f 8731 8742 4174
f 8720 4172 4171
f 8720 8731 4172
f 8721 8720 4171
f 8696 4170 4169
f 8696 4171 4170
f 8696 8721 4171
f 8697 8696 4169
f 8663 4168 4167
f 8663 4169 4168
f 8663 8697 4169
f 8636 8663 4167
f 8635 4163 4162
f 8635 4167 4163
f 8635 8636 4167
f 8633 8635 4162
f 8634 4161 4160
f 8634 4162 4161
f 8634 8633 4162
f 8629 8634 4160
f 8630 4160 4159
f 8630 8629 4160
f 8631 4157 4108
f 8631 4159 4157
f 8631 8630 4159
f 8632 8631 4108
f 4496 9066 9090
f 4520 9090 9094
f 4520 4496 9090
f 4524 9094 9098
f 4524 4520 9094
f 4528 9098 9101
f 4528 4524 9098
f 4531 9101 9104
f 4531 4528 9101
f 4534 9104 9108
f 4534 4531 9104
f 4536 9108 9109
f 4536 4534 9108
f 4539 9109 9114
f 4539 4536 9109
f 4543 9114 9118
f 4543 4539 9114
f 4546 4543 9118
f 4546 9118 9122
f 4552 4546 9122
f 4552 9122 9123
f 4553 4552 9123
f 4553 9123 9128
f 4557 4553 9128
f 4557 9128 9130
f 4560 4557 9130
f 4560 9130 9135
f 4563 4560 9135
f 4563 9135 9138
f 4567 4563 9138
f 4570 4567 9138
f 4570 9140 9137
f 4570 9138 9140
f 4569 4570 9137
f 4569 9137 9133
f 4565 4569 9133
f 4565 9133 9131
f 4562 9131 9127
f 4562 4565 9131
f 4559 9127 9125
f 4559 4562 9127
f 4556 4559 9125
f 4551 9120 9116
f 4551 9125 9120
f 4551 4556 9125
f 4549 9116 9113
f 4549 4551 9116
f 4545 4549 9113
f 4542 9111 9106
f 4542 9113 9111
f 4542 4545 9113
f 4538 9106 9103
f 4538 4542 9106
f 4533 4538 9103
f 4530 9099 9096
f 4530 9103 9099
f 4530 4533 9103
f 4527 4530 9096
f 4523 9092 9089
f 4523 9096 9092
f 4523 4527 9096
f 4519 4523 9089
f 4458 9089 9027
f 4458 4519 9089
f 9027 6172 1499
f 9027 1499 4458
f 1499 6172 6169
f 1495 6169 6165
f 1495 1499 6169
f 1491 6165 6161
f 1491 1495 6165
f 1487 6161 6157
f 1487 1491 6161
f 1483 6157 6154
f 1483 1487 6157
f 1480 6154 6146
f 1480 1483 6154
f 1474 6146 6140
f 1474 1480 6146
f 1470 6140 6130
f 1470 1474 6140
f 1462 6130 6116
f 1462 1470 6130
f 1449 1462 6116
f 1449 6116 6102
f 1436 1449 6102
f 1436 6102 6089
f 1424 1436 6089
f 1424 6089 6079
f 1413 1424 6079
f 1413 6079 6067
f 1402 1413 6067
f 1402 6067 6055
f 1391 1402 6055
f 1391 6055 6043
f 1379 1391 6043
f 1364 1379 6043
f 1364 6027 6021
f 1364 6043 6027
f 1355 1364 6021
f 1355 6021 6014
f 1346 1355 6014
f 1346 6014 6013
f 1345 6013 6004
f 1345 1346 6013
f 1335 6004 5998
f 1335 1345 6004
f 1325 1335 5998
f 1324 5997 5989
f 1324 5998 5997
f 1324 1325 5998
f 1316 5989 5978
f 1316 1324 5989
f 1306 1316 5978
f 1296 5968 5967
f 1296 5978 5968
f 1296 1306 5978
f 1294 5967 5958
f 1294 1296 5967
f 1286 1294 5958
f 1275 5945 5944
f 1275 5958 5945
f 1275 1286 5958
f 1274 1275 5944
f 1264 5934 5921
f 1264 5944 5934
f 1264 1274 5944
f 1252 1264 5921
f 1161 5921 5831
f 1161 1252 5921
f 989 5488 5487
f 971 5487 5482
f 971 989 5487
f 970 5482 5480
f 970 971 5482
f 972 5480 5475
f 972 970 5480
f 973 5475 5477
f 973 972 5475
f 974 5477 5476
f 974 973 5477
f 975 5476 5485
f 975 974 5476
f 976 5485 5464
f 976 975 5485
f 977 5464 5465
f 977 976 5464
f 978 977 5465
f 978 5465 5459
f 979 978 5459
f 979 5459 5461
f 980 979 5461
f 980 5461 5460
f 981 980 5460
f 981 5460 5453
f 953 981 5453
f 953 5453 5449
f 952 953 5449
f 952 5449 5452
f 954 952 5452
f 955 954 5452
f 955 5451 5450
f 955 5452 5451
f 956 955 5450
f 956 5450 5454
f 957 956 5454
f 957 5454 5455
f 958 5455 5458
f 958 957 5455
f 959 5458 5457
f 959 958 5458
f 960 959 5457
f 961 5456 5467
f 961 5457 5456
f 961 960 5457
f 962 5467 5466
f 962 961 5467
f 963 962 5466
f 964 5473 5472
f 964 5466 5473
f 964 963 5466
f 945 5472 5471
f 945 964 5472
f 944 945 5471
f 946 5474 5481
f 946 5471 5474
f 946 944 5471
f 947 946 5481
f 948 5484 5483
f 948 5481 5484
f 948 947 5481
f 949 948 5483
f 943 5483 5486
f 943 949 5483
f 7612 7608 3037
f 3037 7608 3035
f 3035 7604 3033
f 7608 7604 3035
f 3033 7600 3029
f 7604 7600 3033
f 3029 7595 3025
f 7600 7595 3029
f 3025 7589 3019
f 7595 7589 3025
f 3019 7585 3014
f 7589 7585 3019
f 3014 7579 3008
f 7585 7579 3014
f 3008 7575 3004
f 3004 7575 3000
f 7579 7575 3008
f 7575 7571 3000
f 3000 7564 2993
f 7571 7564 3000
f 7564 7561 2993
f 2993 7561 2990
f 7561 7557 2990
f 2990 7557 2986
f 7557 7553 2986
f 2986 7553 2982
f 7553 7549 2982
f 2982 7549 2979
f 7549 7545 2979
f 2979 7545 2975
f 7545 7543 2975
f 2975 7543 2973
f 7543 7547 2973
f 2973 7547 2976
f 7547 7551 2976
f 2976 7551 2980
f 7551 7555 2980
f 2980 7555 2984
f 7555 7559 2984
f 2984 7559 2988
f 7559 7563 2988
f 2988 7563 2992
f 7563 7569 2992
f 2992 7569 2998
f 2998 7573 3002
f 7569 7573 2998
f 3002 7577 3006
f 7573 7577 3002
f 3006 7583 3012
f 7577 7583 3006
f 3012 7587 3016
f 7583 7587 3012
f 3016 7593 3022
f 7587 7593 3016
f 3022 7597 3026
f 3026 7597 3032
f 7593 7597 3022
f 7597 7603 3032
f 3032 7606 3100
f 7603 7606 3032
f 3100 7610 3107
f 7606 7610 3100
f 3107 7616 3111
f 7610 7616 3107
f 3111 7620 3117
f 7616 7620 3111
f 3117 7624 3125
f 7620 7624 3117
f 3125 7630 3131
f 7624 7630 3125
f 3131 7735 3133
f 7630 7735 3131
f 7735 7741 3133
f 3133 7741 3142
f 7741 7746 3142
f 3142 7746 3150
f 7746 7752 3150
f 3150 7752 3156
f 7752 7758 3156
f 3156 7758 3158
f 7758 7786 3158
f 3158 7786 3164
f 7786 7792 3164
f 3164 7792 3174
f 7792 7797 3174
f 3174 7797 3182
f 3182 7797 3184
f 7797 7800 3184
f 7800 7804 3184
f 3184 7804 3191
f 7804 7808 3191
f 3191 7808 3200
f 7808 7812 3200
f 3200 7812 3212
f 7812 7815 3212
f 3212 7815 3214
f 7815 7819 3214
f 3214 7819 3223
f 7819 7823 3223
f 3223 7823 3256
f 7823 7826 3256
f 3256 7826 3261
f 7826 7830 3261
f 3261 7830 3263
f 7830 7834 3263
f 3263 7834 3266
f 7834 7838 3266
f 3266 7838 3271
f 7838 7841 3271
f 3271 7841 3272
f 7841 7845 3272
f 3272 7845 3276
f 7845 7849 3276
f 3276 7849 3279
f 3279 7853 3284
f 7849 7853 3279
f 3284 7856 3285
f 7853 7856 3284
f 3285 7861 3289
f 7856 7861 3285
f 3289 7866 3292
f 7861 7866 3289
f 7866 7871 3292
f 3292 7871 3300
f 7871 7876 3300
f 3300 7876 3301
f 7876 7882 3301
f 3301 7882 3307
f 7882 7887 3307
f 3307 7887 3314
f 7887 7895 3314
f 3314 7895 3316
f 7895 7900 3316
f 3316 7900 3324
f 7900 7904 3324
f 3324 7904 3331
f 7904 7908 3331
f 3331 7908 3335
f 7908 7910 3335
f 3335 7910 3341
f 7910 7914 3341
f 3341 7914 3343
f 7914 7918 3343
f 3343 7918 3349
f 7918 7922 3349
f 3349 7922 3352
f 3352 8146 3359
f 7922 8146 3352
f 3359 8147 3363
f 8146 8147 3359
f 3363 8148 3364
f 8147 8148 3363
f 3364 8149 3369
f 8148 8149 3364
f 3369 8150 3592
f 8149 8150 3369
f 3592 8151 3593
f 8150 8151 3592
f 3593 8152 3594
f 8151 8152 3593
f 3594 8153 3595
f 8152 8153 3594
f 3595 8154 3596
f 8153 8154 3595
f 3596 8155 3597
f 8154 8155 3596
f 3597 8156 3598
f 8155 8156 3597
f 3598 8157 3599
f 8156 8157 3598
f 3599 8158 3600
f 8157 8158 3599
f 3600 8159 3601
f 8158 8159 3600
f 8159 8160 3601
f 3601 8160 3602
f 8160 7793 3602
f 3602 7793 3258
f 7793 7789 3258
f 3258 7789 3255
f 7789 7783 3255
f 3255 7783 3253
f 3253 7755 3226
f 7783 7755 3253
f 3226 7747 3221
f 7755 7747 3226
f 3221 7738 3215
f 7747 7738 3221
f 3215 7730 3210
f 7738 7730 3215
f 3210 7718 3208
f 7730 7718 3210
f 3208 7699 3202
f 7718 7699 3208
f 3202 7697 3198
f 7699 7697 3202
f 3198 7694 3194
f 7697 7694 3198
f 3194 7692 3187
f 7694 7692 3194
f 3187 7688 3180
f 7692 7688 3187
f 3180 7686 3176
f 7688 7686 3180
f 3176 7682 3170
f 7686 7682 3176
f 3170 7680 3167
f 7682 7680 3170
f 3167 7677 3160
f 7680 7677 3167
f 3160 7675 3154
f 7677 7675 3160
f 3154 7671 3147
f 7675 7671 3154
f 3147 7669 3141
f 7671 7669 3147
f 3141 7665 3135
f 7669 7665 3141
f 3135 7663 3128
f 7665 7663 3135
f 3128 7661 3121
f 7663 7661 3128
f 7661 7657 3121
f 3121 7657 3113
f 7657 7655 3113
f 3113 7655 3105
f 7655 7652 3105
f 3105 7652 3096
f 7652 7650 3096
f 3096 7650 3090
f 7650 7646 3090
f 3090 7646 3073
f 7646 7644 3073
f 3073 7644 3062
f 7644 7640 3062
f 3062 7640 3058
f 7640 7638 3058
f 3058 7638 3056
f 7638 7636 3056
f 3056 7636 3055
f 7636 7633 3055
f 3055 7633 3052
f 7633 7631 3052
f 3052 7631 3049
f 7631 7626 3049
f 3049 7626 3045
f 7626 7622 3045
f 3045 7622 3043
f 7622 7618 3043
f 3043 7618 3041
f 3041 7612 3037
f 7618 7612 3041
f 8846 8842 4276
f 4276 8842 4273
f 4273 8838 4270
f 8842 8838 4273
f 4270 8834 4265
f 8838 8834 4270
f 4265 8831 4263
f 8834 8831 4265
f 4263 8828 4259
f 8831 8828 4263
f 4259 8824 4256
f 8828 8824 4259
f 4256 8820 4251
f 8824 8820 4256
f 4251 8816 4248
f 4248 8816 4245
f 8820 8816 4251
f 8816 8812 4245
f 4245 8808 4241
f 8812 8808 4245
f 8808 8804 4241
f 4241 8804 4237
f 8804 8800 4237
f 4237 8800 4235
f 8800 8796 4235
f 4235 8796 4231
f 8796 8792 4231
f 4231 8792 4227
f 8792 8788 4227
f 4227 8788 4222
f 8788 8785 4222
f 4222 8785 4223
f 8785 8790 4223
f 4223 8790 4225
f 8790 8794 4225
f 4225 8794 4229
f 8794 8798 4229
f 4229 8798 4233
f 8798 8802 4233
f 4233 8802 4236
f 8802 8806 4236
f 4236 8806 4239
f 8806 8810 4239
f 4239 8810 4243
f 4243 8814 4246
f 8810 8814 4243
f 4246 8818 4250
f 8814 8818 4246
f 4250 8822 4253
f 8818 8822 4250
f 4253 8826 4257
f 8822 8826 4253
f 4257 8830 4260
f 8826 8830 4257
f 4260 8833 4264
f 4264 8833 4267
f 8830 8833 4260
f 8833 8836 4267
f 4267 8840 4271
f 8836 8840 4267
f 4271 8844 4274
f 8840 8844 4271
f 4274 8848 4278
f 8844 8848 4274
f 4278 8852 4282
f 8848 8852 4278
f 4282 8856 4284
f 8852 8856 4282
f 4284 8859 4287
f 8856 8859 4284
f 4287 8863 4291
f 8859 8863 4287
f 8863 8867 4291
f 4291 8867 4295
f 8867 8871 4295
f 4295 8871 4299
f 8871 8875 4299
f 4299 8875 4302
f 8875 8879 4302
f 4302 8879 4306
f 8879 8883 4306
f 4306 8883 4310
f 8883 8886 4310
f 4310 8886 4314
f 8886 8888 4314
f 4314 8888 4317
f 4317 8888 4320
f 8888 8891 4320
f 8891 8894 4320
f 4320 8894 4324
f 8894 8896 4324
f 4324 8896 4327
f 8896 8900 4327
f 4327 8900 4330
f 8900 9002 4330
f 4330 9002 4432
f 9002 8998 4432
f 4432 8998 4428
f 8998 8994 4428
f 4428 8994 4424
f 8994 8990 4424
f 4424 8990 4420
f 8990 8986 4420
f 4420 8986 4416
f 8986 8982 4416
f 4416 8982 4412
f 8982 8978 4412
f 4412 8978 4408
f 8978 8974 4408
f 4408 8974 4404
f 8974 8970 4404
f 4404 8970 4400
f 8970 8966 4400
f 4400 8966 4396
f 4396 8962 4392
f 8966 8962 4396
f 4392 8958 4388
f 8962 8958 4392
f 4388 8954 4384
f 8958 8954 4388
f 4384 8950 4380
f 8954 8950 4384
f 8950 8946 4380
f 4380 8946 4376
f 8946 8942 4376
f 4376 8942 4372
f 8942 8938 4372
f 4372 8938 4368
f 8938 8934 4368
f 4368 8934 4364
f 8934 8930 4364
f 4364 8930 4360
f 8930 8926 4360
f 4360 8926 4356
f 8926 8922 4356
f 4356 8922 4352
f 8922 8918 4352
f 4352 8918 4348
f 8918 8914 4348
f 4348 8914 4344
f 8914 8913 4344
f 4344 8913 4342
f 8913 8916 4342
f 4342 8916 4345
f 8916 8920 4345
f 4345 8920 4350
f 4350 8924 4354
f 8920 8924 4350
f 4354 8928 4358
f 8924 8928 4354
f 4358 8932 4362
f 8928 8932 4358
f 4362 8936 4365
f 8932 8936 4362
f 4365 8940 4369
f 8936 8940 4365
f 4369 8944 4373
f 8940 8944 4369
f 4373 8948 4378
f 8944 8948 4373
f 4378 8952 4382
f 8948 8952 4378
f 4382 8956 4385
f 8952 8956 4382
f 4385 8960 4390
f 8956 8960 4385
f 4390 8964 4394
f 8960 8964 4390
f 4394 8968 4398
f 8964 8968 4394
f 4398 8972 4401
f 8968 8972 4398
f 4401 8976 4406
f 8972 8976 4401
f 8976 8980 4406
f 4406 8980 4409
f 8980 8984 4409
f 4409 8984 4414
f 8984 8988 4414
f 4414 8988 4418
f 8988 8992 4418
f 4418 8992 4422
f 4422 8996 4426
f 8992 8996 4422
f 4426 9000 4430
f 8996 9000 4426
f 4430 9004 4434
f 9000 9004 4430
f 4434 9007 4437
f 9004 9007 4434
f 4437 9011 4441
f 9007 9011 4437
f 4441 9015 4445
f 9011 9015 4441
f 4445 9019 4449
f 9015 9019 4445
f 4449 9023 4453
f 9019 9023 4449
f 4453 8911 4341
f 9023 8911 4453
f 4341 8910 4340
f 8911 8910 4341
f 4340 8909 4339
f 8910 8909 4340
f 4339 8908 4338
f 8909 8908 4339
f 4338 8907 4337
f 8908 8907 4338
f 4337 8906 4336
f 8907 8906 4337
f 4336 8905 4335
f 8906 8905 4336
f 4335 8904 4334
f 8905 8904 4335
f 4334 8903 4333
f 8904 8903 4334
f 4333 8902 4332
f 8903 8902 4333
f 4332 8901 4331
f 8902 8901 4332
f 4331 8899 4329
f 8901 8899 4331
f 8899 8895 4329
f 4329 8895 4325
f 8895 8893 4325
f 4325 8893 4322
f 8893 8890 4322
f 4322 8890 4319
f 8890 8887 4319
f 4319 8887 4315
f 8887 8885 4315
f 4315 8885 4313
f 8885 8881 4313
f 4313 8881 4309
f 8881 8877 4309
f 4309 8877 4304
f 8877 8873 4304
f 4304 8873 4301
f 8873 8869 4301
f 4301 8869 4297
f 8869 8865 4297
f 4297 8865 4294
f 8865 8861 4294
f 4294 8861 4290
f 8861 8857 4290
f 4290 8857 4286
f 8857 8854 4286
f 4286 8854 4283
f 8854 8850 4283
f 4283 8850 4281
f 4281 8846 4276
f 8850 8846 4281
f 5231 5228 550
f 550 5228 546
f 546 5225 539
f 5228 5225 546
f 539 5222 532
f 5225 5222 539
f 532 5219 521
f 5222 5219 532
f 521 5216 515
f 5219 5216 521
f 515 5213 512
f 5216 5213 515
f 512 5210 509
f 5213 5210 512
f 509 5208 507
f 507 5208 504
f 5210 5208 509
f 5208 5205 504
f 504 5202 501
f 5205 5202 504
f 5202 5199 501
f 501 5199 498
f 5199 5196 498
f 498 5196 495
f 5196 5192 495
f 495 5192 491
f 5192 5189 491
f 491 5189 488
f 5189 5185 488
f 488 5185 484
f 5185 5184 484
f 484 5184 483
f 5184 5187 483
f 483 5187 486
f 5187 5191 486
f 486 5191 490
f 5191 5194 490
f 490 5194 493
f 5194 5197 493
f 493 5197 496
f 5197 5200 496
f 496 5200 499
f 5200 5203 499
f 499 5203 502
f 502 5206 505
f 5203 5206 502
f 505 5209 508
f 5206 5209 505
f 508 5211 510
f 5209 5211 508
f 510 5214 513
f 5211 5214 510
f 513 5217 558
f 5214 5217 513
f 558 5220 564
f 564 5220 565
f 5217 5220 558
f 5220 5223 565
f 565 5226 569
f 5223 5226 565
f 569 5229 572
f 5226 5229 569
f 572 5232 576
f 5229 5232 572
f 576 5270 581
f 5232 5270 576
f 581 5274 582
f 5270 5274 581
f 582 5278 585
f 5274 5278 582
f 585 5281 590
f 5278 5281 585
f 5281 5285 590
f 590 5285 594
f 5285 5289 594
f 594 5289 598
f 5289 5292 598
f 598 5292 599
f 5292 5296 599
f 599 5296 603
f 5296 5300 603
f 603 5300 607
f 5300 5304 607
f 607 5304 611
f 5304 5307 611
f 611 5307 612
f 612 5307 616
f 5307 5311 616
f 5311 5315 616
f 616 5315 620
f 5315 5318 620
f 620 5318 623
f 5318 5322 623
f 623 5322 625
f 5322 5326 625
f 625 5326 629
f 5326 5330 629
f 629 5330 632
f 5330 5350 632
f 632 5350 637
f 5350 5354 637
f 637 5354 638
f 5354 5358 638
f 638 5358 642
f 5358 5365 642
f 642 5365 662
f 5365 5368 662
f 662 5368 666
f 5368 5372 666
f 666 5372 667
f 5372 5376 667
f 667 5376 673
f 5376 5382 673
f 673 5382 680
f 680 5385 683
f 5382 5385 680
f 683 5389 685
f 5385 5389 683
f 685 5396 692
f 5389 5396 685
f 692 5400 695
f 5396 5400 692
f 5400 5404 695
f 695 5404 702
f 5404 5408 702
f 702 5408 703
f 5408 5413 703
f 703 5413 707
f 5413 5415 707
f 707 5415 712
f 5415 5512 712
f 712 5512 714
f 5512 5516 714
f 714 5516 715
f 5516 5520 715
f 715 5520 717
f 5520 5524 717
f 717 5524 722
f 5524 5529 722
f 722 5529 795
f 5529 5533 795
f 795 5533 800
f 5533 5537 800
f 800 5537 804
f 5537 5541 804
f 804 5541 808
f 808 5545 812
f 5541 5545 808
f 812 5549 813
f 5545 5549 812
f 813 5553 818
f 5549 5553 813
f 818 5557 820
f 5553 5557 818
f 820 5561 824
f 5557 5561 820
f 824 5565 828
f 5561 5565 824
f 828 5569 832
f 5565 5569 828
f 832 5573 835
f 5569 5573 832
f 835 5577 839
f 5573 5577 835
f 839 5581 843
f 5577 5581 839
f 843 5585 849
f 5581 5585 843
f 849 5589 851
f 5585 5589 849
f 851 5593 855
f 5589 5593 851
f 855 5594 857
f 5593 5594 855
f 5594 5598 857
f 857 5598 859
f 5598 5601 859
f 859 5601 865
f 5601 5604 865
f 865 5604 869
f 5604 5673 869
f 869 5673 999
f 999 5669 991
f 5673 5669 999
f 991 5666 983
f 5669 5666 991
f 983 5663 940
f 5666 5663 983
f 940 5660 935
f 5663 5660 940
f 935 5657 930
f 5660 5657 935
f 930 5655 926
f 5657 5655 930
f 926 5652 921
f 5655 5652 926
f 921 5650 917
f 5652 5650 921
f 917 5649 915
f 5650 5649 917
f 915 5648 913
f 5649 5648 915
f 913 5651 918
f 5648 5651 913
f 918 5653 922
f 5651 5653 918
f 922 5656 927
f 5653 5656 922
f 927 5658 931
f 5656 5658 927
f 931 5661 937
f 5658 5661 931
f 937 5664 965
f 5661 5664 937
f 965 5665 967
f 5664 5665 965
f 967 5668 986
f 5665 5668 967
f 986 5672 996
f 5668 5672 986
f 996 5674 1001
f 5672 5674 996
f 5674 5676 1001
f 1001 5676 1007
f 5676 5679 1007
f 1007 5679 1014
f 5679 5681 1014
f 1014 5681 1021
f 5681 5684 1021
f 1021 5684 1026
f 5684 5686 1026
f 1026 5686 1032
f 5686 5688 1032
f 1032 5688 1039
f 5688 6288 1039
f 1039 6288 1641
f 6288 6294 1641
f 1641 6294 1648
f 6294 6297 1648
f 1648 6297 1652
f 6297 6300 1652
f 1652 6300 1656
f 6300 6306 1656
f 1656 6306 1670
f 6306 5235 1670
f 1670 5235 562
f 5235 5234 562
f 562 5234 559
f 5234 5233 559
f 559 5233 554
f 554 5231 550
f 5233 5231 554
f 6961 6956 2391
f 2391 6956 2387
f 2387 6950 2384
f 6956 6950 2387
f 2384 6946 2378
f 6950 6946 2384
f 2378 6940 2374
f 6946 6940 2378
f 2374 6934 2371
f 6940 6934 2374
f 2371 6930 2365
f 6934 6930 2371
f 2365 6924 2362
f 6930 6924 2365
f 2362 6920 2358
f 2358 6920 2355
f 6924 6920 2362
f 6920 6916 2355
f 2355 6910 2352
f 6916 6910 2355
f 6910 6906 2352
f 2352 6906 2346
f 6906 6902 2346
f 2346 6902 2341
f 6902 6898 2341
f 2341 6898 2338
f 6898 6894 2338
f 2338 6894 2334
f 6894 6890 2334
f 2334 6890 2332
f 6890 6887 2332
f 2332 6887 2329
f 6887 6892 2329
f 2329 6892 2333
f 6892 6896 2333
f 2333 6896 2336
f 6896 6900 2336
f 2336 6900 2339
f 6900 6904 2339
f 2339 6904 2343
f 6904 6908 2343
f 2343 6908 2350
f 6908 6912 2350
f 2350 6912 2353
f 2353 6918 2356
f 6912 6918 2353
f 2356 6922 2360
f 6918 6922 2356
f 2360 6928 2364
f 6922 6928 2360
f 2364 6932 2369
f 6928 6932 2364
f 2369 6938 2372
f 6932 6938 2369
f 2372 6942 2376
f 2376 6942 2380
f 6938 6942 2372
f 6942 6948 2380
f 2380 6952 2386
f 6948 6952 2380
f 2386 6958 2388
f 6952 6958 2386
f 2388 6963 2392
f 6958 6963 2388
f 2392 6968 2398
f 6963 6968 2392
f 2398 6974 2402
f 6968 6974 2398
f 2402 6980 2407
f 6974 6980 2402
f 2407 6986 2410
f 6980 6986 2407
f 6986 6992 2410
f 2410 6992 2416
f 6992 6996 2416
f 2416 6996 2420
f 6996 7000 2420
f 2420 7000 2426
f 7000 7003 2426
f 2426 7003 2429
f 7003 7045 2429
f 2429 7045 2473
f 7045 7071 2473
f 2473 7071 2499
f 7071 7091 2499
f 2499 7091 2521
f 2521 7091 2537
f 7091 7107 2537
f 7107 7126 2537
f 2537 7126 2558
f 7126 7138 2558
f 2558 7138 2572
f 7138 7153 2572
f 2572 7153 2587
f 7153 7167 2587
f 2587 7167 2602
f 7167 7175 2602
f 2602 7175 2610
f 7175 7183 2610
f 2610 7183 2618
f 7183 7191 2618
f 2618 7191 2626
f 7191 7198 2626
f 2626 7198 2633
f 7198 7205 2633
f 2633 7205 2640
f 7205 7213 2640
f 2640 7213 2648
f 7213 7218 2648
f 2648 7218 2653
f 7218 7225 2653
f 2653 7225 2660
f 7225 7231 2660
f 2660 7231 2666
f 2666 7234 2669
f 7231 7234 2666
f 2669 7236 2671
f 7234 7236 2669
f 2671 7237 2672
f 7236 7237 2671
f 2672 7238 2673
f 7237 7238 2672
f 7238 7239 2673
f 2673 7239 2674
f 7239 7240 2674
f 2674 7240 2675
f 7240 7241 2675
f 2675 7241 2676
f 7241 7242 2676
f 2676 7242 2677
f 7242 7252 2677
f 2677 7252 2687
f 7252 8465 2687
f 2687 8465 3897
f 8465 8461 3897
f 3897 8461 3893
f 8461 8457 3893
f 3893 8457 3889
f 8457 8450 3889
f 3889 8450 3883
f 8450 8446 3883
f 3883 8446 3879
f 8446 8006 3879
f 3879 8006 3438
f 8006 8004 3438
f 3438 8004 3436
f 3436 7998 3430
f 8004 7998 3436
f 3430 7996 3428
f 7998 7996 3430
f 3428 7988 3420
f 7996 7988 3428
f 3420 7986 3418
f 7988 7986 3420
f 3418 7981 3413
f 7986 7981 3418
f 3413 7975 3407
f 7981 7975 3413
f 3407 7969 3400
f 7975 7969 3407
f 3400 7962 3394
f 7969 7962 3400
f 3394 7961 3393
f 7962 7961 3394
f 3393 7950 3380
f 7961 7950 3393
f 3380 7939 3368
f 7950 7939 3380
f 3368 7937 3366
f 7939 7937 3368
f 3366 7935 3361
f 7937 7935 3366
f 3361 7933 3357
f 7935 7933 3361
f 7933 7931 3357
f 3357 7931 3355
f 7931 7929 3355
f 3355 7929 3351
f 7929 7927 3351
f 3351 7927 3347
f 7927 7925 3347
f 3347 7925 3345
f 3345 7920 3340
f 7925 7920 3345
f 3340 7916 3338
f 7920 7916 3340
f 3338 7912 3334
f 7916 7912 3338
f 3334 7906 3330
f 7912 7906 3334
f 3330 7902 3327
f 7906 7902 3330
f 3327 7897 3323
f 7902 7897 3327
f 3323 7891 3319
f 7897 7891 3323
f 3319 7235 2670
f 7891 7235 3319
f 2670 7232 2668
f 7235 7232 2670
f 2668 7226 2662
f 7232 7226 2668
f 2662 7219 2655
f 7226 7219 2662
f 2655 7214 2649
f 7219 7214 2655
f 2649 7211 2647
f 7214 7211 2649
f 2647 7203 2639
f 7211 7203 2647
f 2639 7196 2632
f 7203 7196 2639
f 2632 7189 2625
f 7196 7189 2632
f 2625 7181 2617
f 7189 7181 2625
f 2617 7169 2605
f 7181 7169 2617
f 2605 7161 2597
f 7169 7161 2605
f 2597 7147 2582
f 7161 7147 2597
f 7147 7132 2582
f 2582 7132 2565
f 7132 7116 2565
f 2565 7116 2549
f 7116 7101 2549
f 2549 7101 2532
f 7101 7081 2532
f 2532 7081 2510
f 7081 7059 2510
f 2510 7059 2488
f 7059 7027 2488
f 2488 7027 2454
f 7027 7001 2454
f 2454 7001 2428
f 7001 6998 2428
f 2428 6998 2423
f 6998 6994 2423
f 2423 6994 2419
f 6994 6988 2419
f 2419 6988 2412
f 6988 6982 2412
f 2412 6982 2408
f 6982 6976 2408
f 2408 6976 2404
f 6976 6970 2404
f 2404 6970 2401
f 6970 6965 2401
f 2401 6965 2396
f 2396 6961 2391
f 6965 6961 2396
f 4868 4864 167
f 167 4864 163
f 163 4860 159
f 4864 4860 163
f 159 4856 155
f 4860 4856 159
f 155 4852 151
f 4856 4852 155
f 151 4848 147
f 4852 4848 151
f 147 4844 142
f 4848 4844 147
f 142 4840 139
f 4844 4840 142
f 139 4836 135
f 135 4836 130
f 4840 4836 139
f 4836 4832 130
f 130 4828 127
f 4832 4828 130
f 4828 4824 127
f 127 4824 122
f 4824 4820 122
f 122 4820 118
f 4820 4816 118
f 118 4816 115
f 4816 4812 115
f 115 4812 111
f 4812 4808 111
f 111 4808 107
f 4808 4805 107
f 107 4805 104
f 4805 4810 104
f 104 4810 108
f 4810 4814 108
f 108 4814 112
f 4814 4818 112
f 112 4818 116
f 4818 4822 116
f 116 4822 120
f 4822 4826 120
f 120 4826 124
f 4826 4830 124
f 124 4830 128
f 128 4834 132
f 4830 4834 128
f 132 4838 136
f 4834 4838 132
f 136 4842 140
f 4838 4842 136
f 140 4846 144
f 4842 4846 140
f 144 4850 148
f 4846 4850 144
f 148 4854 152
f 152 4854 156
f 4850 4854 148
f 4854 4858 156
f 156 4862 160
f 4858 4862 156
f 160 4866 164
f 4862 4866 160
f 164 4870 168
f 4866 4870 164
f 168 4874 172
f 4870 4874 168
f 172 4878 176
f 4874 4878 172
f 176 4882 180
f 4878 4882 176
f 180 4886 184
f 4882 4886 180
f 4886 4890 184
f 184 4890 188
f 4890 4914 188
f 188 4914 211
f 4914 4915 211
f 211 4915 213
f 4915 4916 213
f 213 4916 214
f 4916 4917 214
f 214 4917 215
f 4917 4918 215
f 215 4918 216
f 4918 4919 216
f 216 4919 217
f 217 4919 218
f 4919 4920 218
f 4920 4921 218
f 218 4921 219
f 4921 4922 219
f 219 4922 220
f 4922 4923 220
f 220 4923 221
f 4923 4924 221
f 221 4924 222
f 4924 4925 222
f 222 4925 223
f 4925 4926 223
f 223 4926 276
f 4926 4927 276
f 276 4927 274
f 4927 4928 274
f 274 4928 270
f 4928 4929 270
f 270 4929 266
f 4929 4994 266
f 266 4994 262
f 4994 4990 262
f 262 4990 257
f 4990 4986 257
f 257 4986 255
f 4986 4982 255
f 255 4982 252
f 252 4978 247
f 4982 4978 252
f 247 4973 243
f 4978 4973 247
f 243 4969 239
f 4973 4969 243
f 239 4965 238
f 4969 4965 239
f 4965 4961 238
f 238 4961 233
f 4961 4957 233
f 233 4957 229
f 4957 4953 229
f 229 4953 227
f 4953 4949 227
f 227 4949 226
f 4949 4945 226
f 226 4945 224
f 4945 4944 224
f 224 4944 230
f 4944 4947 230
f 230 4947 235
f 4947 4951 235
f 235 4951 236
f 4951 4955 236
f 236 4955 240
f 4955 4959 240
f 240 4959 245
f 4959 4963 245
f 245 4963 248
f 4963 4967 248
f 248 4967 250
f 250 4971 254
f 4967 4971 250
f 254 4975 258
f 4971 4975 254
f 258 4980 260
f 4975 4980 258
f 260 4984 264
f 4980 4984 260
f 264 4988 268
f 4984 4988 264
f 268 4992 272
f 4988 4992 268
f 272 4996 273
f 4992 4996 272
f 273 4999 278
f 4996 4999 273
f 278 5002 281
f 4999 5002 278
f 281 5005 284
f 5002 5005 281
f 284 5008 285
f 5005 5008 284
f 285 5011 288
f 5008 5011 285
f 288 5014 290
f 5011 5014 288
f 290 5017 293
f 5014 5017 290
f 5017 5020 293
f 293 5020 295
f 5020 5023 295
f 295 5023 298
f 5023 5026 298
f 298 5026 300
f 5026 5029 300
f 300 5029 303
f 303 5058 305
f 5029 5058 303
f 305 5065 307
f 5058 5065 305
f 307 5069 310
f 5065 5069 307
f 310 5073 314
f 5069 5073 310
f 314 5078 317
f 5073 5078 314
f 317 5082 320
f 5078 5082 317
f 320 5083 386
f 5082 5083 320
f 386 5087 390
f 5083 5087 386
f 390 5093 395
f 5087 5093 390
f 395 5097 399
f 5093 5097 395
f 399 5101 403
f 5097 5101 399
f 403 5124 423
f 5101 5124 403
f 423 5128 428
f 5124 5128 423
f 428 5133 432
f 5128 5133 428
f 432 5134 433
f 5133 5134 432
f 433 5138 437
f 5134 5138 433
f 437 5143 441
f 5138 5143 437
f 441 5188 487
f 5143 5188 441
f 487 4911 209
f 5188 4911 487
f 209 4909 208
f 4911 4909 209
f 4909 4907 208
f 208 4907 206
f 4907 4905 206
f 206 4905 204
f 4905 4903 204
f 204 4903 202
f 4903 4901 202
f 202 4901 200
f 4901 4899 200
f 200 4899 198
f 4899 4897 198
f 198 4897 195
f 4897 4895 195
f 195 4895 194
f 4895 4893 194
f 194 4893 192
f 4893 4891 192
f 192 4891 190
f 4891 4888 190
f 190 4888 186
f 4888 4884 186
f 186 4884 182
f 4884 4880 182
f 182 4880 179
f 4880 4876 179
f 179 4876 175
f 4876 4872 175
f 175 4872 171
f 171 4868 167
f 4872 4868 171
f 5804 5802 1139
f 1139 5802 1137
f 1137 5800 1136
f 5802 5800 1137
f 1136 5798 1134
f 5800 5798 1136
f 1134 5796 1133
f 5798 5796 1134
f 1133 5794 1130
f 5796 5794 1133
f 1130 5791 1127
f 5794 5791 1130
f 1127 5788 1125
f 5791 5788 1127
f 1125 5785 1122
f 1122 5785 1119
f 5788 5785 1125
f 5785 5782 1119
f 1119 5779 1117
f 5782 5779 1119
f 5779 5777 1117
f 1117 5777 1114
f 5777 5775 1114
f 1114 5775 1111
f 5775 5773 1111
f 1111 5773 1109
f 5773 5771 1109
f 1109 5771 1106
f 5771 5768 1106
f 1106 5768 1102
f 5768 5769 1102
f 1102 5769 1103
f 5769 5770 1103
f 1103 5770 1104
f 5770 5772 1104
f 1104 5772 1107
f 5772 5774 1107
f 1107 5774 1110
f 5774 5776 1110
f 1110 5776 1112
f 5776 5778 1112
f 1112 5778 1115
f 5778 5781 1115
f 1115 5781 1118
f 1118 5784 1121
f 5781 5784 1118
f 1121 5787 1124
f 5784 5787 1121
f 1124 5790 1126
f 5787 5790 1124
f 1126 5793 1129
f 5790 5793 1126
f 1129 5837 1168
f 5793 5837 1129
f 1168 5840 1170
f 1170 5840 1173
f 5837 5840 1168
f 5840 5843 1173
f 1173 5846 1176
f 5843 5846 1173
f 1176 5851 1181
f 5846 5851 1176
f 1181 5854 1184
f 5851 5854 1181
f 1184 5857 1187
f 5854 5857 1184
f 1187 5862 1193
f 5857 5862 1187
f 1193 5865 1196
f 5862 5865 1193
f 1196 5870 1201
f 5865 5870 1196
f 5870 5873 1201
f 1201 5873 1203
f 5873 5878 1203
f 1203 5878 1208
f 5878 5883 1208
f 1208 5883 1212
f 5883 5886 1212
f 1212 5886 1216
f 5886 5891 1216
f 1216 5891 1220
f 5891 5896 1220
f 1220 5896 1225
f 5896 5901 1225
f 1225 5901 1229
f 1229 5901 1243
f 5901 5913 1243
f 5913 5926 1243
f 1243 5926 1257
f 5926 5939 1257
f 1257 5939 1269
f 5939 5949 1269
f 1269 5949 1278
f 5949 5961 1278
f 1278 5961 1288
f 5961 5972 1288
f 1288 5972 1299
f 5972 5984 1299
f 1299 5984 1312
f 5984 5993 1312
f 1312 5993 1320
f 5993 6002 1320
f 1320 6002 1331
f 6002 6009 1331
f 1331 6009 1339
f 6009 6018 1339
f 1339 6018 1351
f 6018 6023 1351
f 1351 6023 1359
f 6023 6031 1359
f 1359 6031 1367
f 6031 6037 1367
f 1367 6037 1372
f 1372 6042 1378
f 6037 6042 1372
f 1378 6047 1382
f 6042 6047 1378
f 1382 6052 1387
f 6047 6052 1382
f 1387 6060 1394
f 6052 6060 1387
f 6060 6063 1394
f 1394 6063 1397
f 6063 6070 1397
f 1397 6070 1403
f 6070 6074 1403
f 1403 6074 1408
f 6074 6078 1408
f 1408 6078 1412
f 6078 6083 1412
f 1412 6083 1416
f 6083 6087 1416
f 1416 6087 1421
f 6087 6092 1421
f 1421 6092 1426
f 6092 6097 1426
f 1426 6097 1430
f 6097 6101 1430
f 1430 6101 1434
f 6101 6107 1434
f 1434 6107 1439
f 6107 6109 1439
f 1439 6109 1441
f 6109 6113 1441
f 1441 6113 1446
f 1446 6119 1452
f 6113 6119 1446
f 1452 6122 1455
f 6119 6122 1452
f 1455 6124 1456
f 6122 6124 1455
f 1456 6129 1460
f 6124 6129 1456
f 1460 6132 1463
f 6129 6132 1460
f 1463 6136 1466
f 6132 6136 1463
f 1466 7139 2573
f 6136 7139 1466
f 2573 6246 1577
f 7139 6246 2573
f 1577 6241 1571
f 6246 6241 1577
f 1571 6233 1561
f 6241 6233 1571
f 1561 6232 1560
f 6233 6232 1561
f 1560 6227 1554
f 6232 6227 1560
f 1554 6215 1540
f 6227 6215 1554
f 1540 6213 1538
f 6215 6213 1540
f 6213 6211 1538
f 1538 6211 1536
f 6211 6209 1536
f 1536 6209 1534
f 6209 6207 1534
f 1534 6207 1532
f 6207 6205 1532
f 1532 6205 1530
f 1530 6204 1362
f 6205 6204 1530
f 1362 6202 1356
f 6204 6202 1362
f 1356 6200 1349
f 6202 6200 1356
f 1349 6198 1342
f 6200 6198 1349
f 1342 6171 1332
f 6198 6171 1342
f 1332 6168 1326
f 6171 6168 1332
f 1326 5991 1318
f 6168 5991 1326
f 1318 5981 1309
f 5991 5981 1318
f 1309 5973 1301
f 5981 5973 1309
f 1301 5962 1290
f 5973 5962 1301
f 1290 5952 1282
f 5962 5952 1290
f 1282 5940 1271
f 5952 5940 1282
f 1271 5928 1259
f 5940 5928 1271
f 1259 5909 1239
f 5928 5909 1259
f 1239 5898 1228
f 5909 5898 1239
f 1228 5892 1222
f 5898 5892 1228
f 1222 5887 1217
f 5892 5887 1222
f 1217 5880 1210
f 5887 5880 1217
f 1210 5874 1205
f 5880 5874 1210
f 1205 5866 1198
f 5874 5866 1205
f 5866 5858 1198
f 1198 5858 1189
f 5858 5847 1189
f 1189 5847 1178
f 5847 5828 1178
f 1178 5828 1160
f 5828 5826 1160
f 1160 5826 1158
f 5826 5824 1158
f 1158 5824 1156
f 5824 5822 1156
f 1156 5822 1155
f 5822 5820 1155
f 1155 5820 1153
f 5820 5818 1153
f 1153 5818 1152
f 5818 5816 1152
f 1152 5816 1149
f 5816 5814 1149
f 1149 5814 1148
f 5814 5812 1148
f 1148 5812 1147
f 5812 5810 1147
f 1147 5810 1145
f 5810 5808 1145
f 1145 5808 1143
f 5808 5806 1143
f 1143 5806 1141
f 1141 5804 1139
f 5806 5804 1141
f 7432 7431 2856
f 2856 7431 2854
f 2854 7433 2857
f 7431 7433 2854
f 2857 6308 1683
f 7433 6308 2857
f 1683 6305 1669
f 6308 6305 1683
f 1669 6299 1657
f 6305 6299 1669
f 1657 6296 1653
f 6299 6296 1657
f 1653 6293 1649
f 6296 6293 1653
f 1649 6287 1640
f 1640 6287 1637
f 6293 6287 1649
f 6287 6285 1637
f 1637 6283 1633
f 6285 6283 1637
f 6283 6281 1633
f 1633 6281 1629
f 6281 6276 1629
f 1629 6276 1621
f 6276 6274 1621
f 1621 6274 1619
f 6274 6272 1619
f 1619 6272 1614
f 6272 6270 1614
f 1614 6270 1611
f 6270 6269 1611
f 1611 6269 1608
f 6269 6271 1608
f 1608 6271 1612
f 6271 6273 1612
f 1612 6273 1616
f 6273 6275 1616
f 1616 6275 1620
f 6275 6277 1620
f 1620 6277 1623
f 6277 6282 1623
f 1623 6282 1631
f 6282 6284 1631
f 1631 6284 1635
f 1635 6286 1638
f 6284 6286 1635
f 1638 6289 1642
f 6286 6289 1638
f 1642 6295 1650
f 6289 6295 1642
f 1650 6298 1654
f 6295 6298 1650
f 1654 6304 1662
f 6298 6304 1654
f 1662 6307 1677
f 1677 6307 1692
f 6304 6307 1662
f 6307 6312 1692
f 1692 6313 1697
f 6312 6313 1692
f 1697 6317 1709
f 6313 6317 1697
f 1709 6318 1715
f 6317 6318 1709
f 1715 6322 1724
f 6318 6322 1715
f 1724 6326 1732
f 6322 6326 1724
f 1732 6327 1738
f 6326 6327 1732
f 1738 6331 1748
f 6327 6331 1738
f 6331 6470 1748
f 1748 6470 1868
f 6470 6482 1868
f 1868 6482 1880
f 6482 6495 1880
f 1880 6495 1892
f 6495 6503 1892
f 1892 6503 1902
f 6503 6504 1902
f 1902 6504 1903
f 6504 6513 1903
f 1903 6513 1914
f 6513 6523 1914
f 1914 6523 1926
f 1926 6523 1938
f 6523 6533 1938
f 6533 6546 1938
f 1938 6546 1950
f 6546 6553 1950
f 1950 6553 1962
f 6553 6566 1962
f 1962 6566 1974
f 6566 6574 1974
f 1974 6574 1986
f 6574 6583 1986
f 1986 6583 1997
f 6583 6593 1997
f 1997 6593 2009
f 6593 6604 2009
f 2009 6604 2022
f 6604 6613 2022
f 2022 6613 2032
f 6613 6624 2032
f 2032 6624 2044
f 6624 6636 2044
f 2044 6636 2057
f 6636 6645 2057
f 2057 6645 2068
f 6645 6653 2068
f 2068 6653 2080
f 6653 6663 2080
f 2080 6663 2090
f 2090 6675 2244
f 6663 6675 2090
f 2244 6686 2240
f 6675 6686 2244
f 2240 6695 2239
f 6686 6695 2240
f 2239 6703 2234
f 6695 6703 2239
f 6703 6813 2234
f 2234 6813 2230
f 6813 6809 2230
f 2230 6809 2226
f 6809 6805 2226
f 2226 6805 2224
f 6805 6801 2224
f 2224 6801 2220
f 6801 6797 2220
f 2220 6797 2216
f 6797 6793 2216
f 2216 6793 2212
f 6793 6789 2212
f 2212 6789 2211
f 6789 6785 2211
f 2211 6785 2206
f 6785 6781 2206
f 2206 6781 2204
f 6781 6777 2204
f 2204 6777 2202
f 6777 6776 2202
f 2202 6776 2208
f 6776 6779 2208
f 2208 6779 2209
f 2209 6783 2214
f 6779 6783 2209
f 2214 6787 2218
f 6783 6787 2214
f 2218 6791 2221
f 6787 6791 2218
f 2221 6795 2223
f 6791 6795 2221
f 2223 6799 2227
f 6795 6799 2223
f 2227 6803 2231
f 6799 6803 2227
f 2231 6807 2235
f 6803 6807 2231
f 2235 6811 2237
f 6807 6811 2235
f 2237 6815 2241
f 6811 6815 2237
f 2241 6818 2245
f 6815 6818 2241
f 2245 6822 2248
f 6818 6822 2245
f 2248 6826 2250
f 6822 6826 2248
f 2250 6830 2253
f 6826 6830 2250
f 2253 6834 2257
f 6830 6834 2253
f 6834 6838 2257
f 2257 6838 2261
f 6838 6842 2261
f 2261 6842 2263
f 6842 6846 2263
f 2263 6846 2267
f 6846 6850 2267
f 2267 6850 2271
f 2271 6854 2276
f 6850 6854 2271
f 2276 6858 2279
f 6854 6858 2276
f 2279 6862 2281
f 6858 6862 2279
f 2281 7257 2286
f 6862 7257 2281
f 2286 7261 2289
f 7257 7261 2286
f 2289 7265 2294
f 7261 7265 2289
f 2294 7270 2297
f 7265 7270 2294
f 2297 7274 2299
f 7270 7274 2297
f 2299 7278 2304
f 7274 7278 2299
f 2304 7283 2714
f 7278 7283 2304
f 2714 7287 2718
f 7283 7287 2714
f 2718 7288 2719
f 7287 7288 2718
f 2719 7292 2722
f 7288 7292 2719
f 2722 7297 2727
f 7292 7297 2722
f 2727 7301 2730
f 7297 7301 2727
f 2730 7306 2734
f 7301 7306 2730
f 2734 7310 2738
f 7306 7310 2734
f 2738 7548 2977
f 7310 7548 2738
f 2977 7510 2936
f 7548 7510 2977
f 2936 7507 2933
f 7510 7507 2936
f 7507 7504 2933
f 2933 7504 2930
f 7504 7501 2930
f 2930 7501 2927
f 7501 7435 2927
f 2927 7435 2859
f 7435 7434 2859
f 2859 7434 2858
f 7434 7436 2858
f 2858 7436 2860
f 7436 7437 2860
f 2860 7437 2861
f 7437 7438 2861
f 2861 7438 2862
f 7438 7439 2862
f 2862 7439 2863
f 7439 7440 2863
f 2863 7440 2864
f 7440 7441 2864
f 2864 7441 2865
f 7441 7442 2865
f 2865 7442 2866
f 7442 7443 2866
f 2866 7443 2867
f 7443 7444 2867
f 2867 7444 2868
f 7444 7445 2868
f 2868 7445 2869
f 2869 7432 2856
f 7445 7432 2869
f 8356 8352 3795
f 3795 8352 3791
f 3791 8349 3787
f 8352 8349 3791
f 3787 8345 3784
f 8349 8345 3787
f 3784 8341 3780
f 8345 8341 3784
f 3780 8337 3776
f 8341 8337 3780
f 3776 8334 3774
f 8337 8334 3776
f 3774 8330 3771
f 8334 8330 3774
f 3771 8326 3767
f 3767 8326 3764
f 8330 8326 3771
f 8326 8323 3764
f 3764 8319 3760
f 8323 8319 3764
f 8319 8315 3760
f 3760 8315 3756
f 8315 8311 3756
f 3756 8311 3752
f 8311 8307 3752
f 3752 8307 3748
f 8307 8303 3748
f 3748 8303 3744
f 8303 8299 3744
f 3744 8299 3740
f 8299 8296 3740
f 3740 8296 3737
f 8296 8301 3737
f 3737 8301 3741
f 8301 8305 3741
f 3741 8305 3745
f 8305 8309 3745
f 3745 8309 3749
f 8309 8313 3749
f 3749 8313 3753
f 8313 8317 3753
f 3753 8317 3757
f 8317 8321 3757
f 3757 8321 3761
f 3761 8325 3765
f 8321 8325 3761
f 3765 8328 3768
f 8325 8328 3765
f 3768 8332 3772
f 8328 8332 3768
f 3772 8336 3775
f 8332 8336 3772
f 3775 8339 3778
f 8336 8339 3775
f 3778 8343 3782
f 3782 8343 3785
f 8339 8343 3778
f 8343 8347 3785
f 3785 8350 3789
f 8347 8350 3785
f 3789 8354 3793
f 8350 8354 3789
f 3793 8358 3797
f 8354 8358 3793
f 3797 8362 3800
f 8358 8362 3797
f 3800 8366 3804
f 8362 8366 3800
f 3804 8370 3808
f 8366 8370 3804
f 3808 8374 3812
f 8370 8374 3808
f 8374 8378 3812
f 3812 8378 3815
f 8378 8382 3815
f 3815 8382 3819
f 8382 8386 3819
f 3819 8386 3823
f 8386 8390 3823
f 3823 8390 3827
f 8390 8394 3827
f 3827 8394 3830
f 8394 8398 3830
f 3830 8398 3834
f 8398 8402 3834
f 3834 8402 3838
f 3838 8402 3842
f 8402 8406 3842
f 8406 8409 3842
f 3842 8409 3844
f 8409 8413 3844
f 3844 8413 3848
f 8413 8417 3848
f 3848 8417 3852
f 8417 8421 3852
f 3852 8421 3856
f 8421 8425 3856
f 3856 8425 3859
f 8425 8429 3859
f 3859 8429 3863
f 8429 8433 3863
f 3863 8433 3867
f 8433 8437 3867
f 3867 8437 3871
f 8437 8441 3871
f 3871 8441 3874
f 8441 8445 3874
f 3874 8445 3878
f 8445 8449 3878
f 3878 8449 3882
f 8449 8453 3882
f 3882 8453 3886
f 8453 8456 3886
f 3886 8456 3888
f 3888 8460 3892
f 8456 8460 3888
f 3892 8464 3896
f 8460 8464 3892
f 3896 8468 3900
f 8464 8468 3896
f 3900 9030 4460
f 8468 9030 3900
f 9030 9032 4460
f 4460 9032 4462
f 9032 9034 4462
f 4462 9034 4464
f 9034 9036 4464
f 4464 9036 4466
f 9036 9038 4466
f 4466 9038 4468
f 9038 9040 4468
f 4468 9040 4470
f 9040 9042 4470
f 4470 9042 4472
f 9042 9044 4472
f 4472 9044 4474
f 9044 9046 4474
f 4474 9046 4476
f 9046 9048 4476
f 4476 9048 4478
f 9048 9050 4478
f 4478 9050 4480
f 9050 9052 4480
f 4480 9052 4482
f 9052 9054 4482
f 4482 9054 4484
f 4484 9056 4486
f 9054 9056 4484
f 4486 9021 4451
f 9056 9021 4486
f 4451 9017 4447
f 9021 9017 4451
f 4447 9013 4443
f 9017 9013 4447
f 4443 9009 4439
f 9013 9009 4443
f 4439 8898 4328
f 9009 8898 4439
f 4328 8897 4326
f 8898 8897 4328
f 4326 8628 4055
f 8897 8628 4326
f 4055 8626 4053
f 8628 8626 4055
f 4053 8624 4051
f 8626 8624 4053
f 4051 8622 4049
f 8624 8622 4051
f 4049 8620 4047
f 8622 8620 4049
f 4047 8618 4045
f 8620 8618 4047
f 4045 8617 4043
f 8618 8617 4045
f 8617 8615 4043
f 4043 8615 4042
f 8615 8613 4042
f 4042 8613 3938
f 8613 8611 3938
f 3938 8611 3933
f 8611 8609 3933
f 3933 8609 3925
f 3925 8607 3911
f 8609 8607 3925
f 3911 8605 3909
f 8607 8605 3911
f 3909 8603 3907
f 8605 8603 3909
f 3907 8473 3905
f 8603 8473 3907
f 3905 8471 3903
f 8473 8471 3905
f 3903 8469 3902
f 8471 8469 3903
f 3902 8466 3899
f 8469 8466 3902
f 3899 8462 3895
f 8466 8462 3899
f 3895 8458 3891
f 8462 8458 3895
f 3891 8454 3887
f 8458 8454 3891
f 3887 8451 3885
f 8454 8451 3887
f 3885 8447 3881
f 8451 8447 3885
f 3881 8443 3877
f 8447 8443 3881
f 3877 8439 3873
f 8443 8439 3877
f 3873 8435 3870
f 8439 8435 3873
f 3870 8431 3866
f 8435 8431 3870
f 3866 8427 3862
f 8431 8427 3866
f 3862 8423 3858
f 8427 8423 3862
f 3858 8419 3855
f 8423 8419 3858
f 3855 8415 3850
f 8419 8415 3855
f 8415 8411 3850
f 3850 8411 3846
f 8411 8407 3846
f 3846 8407 3843
f 8407 8404 3843
f 3843 8404 3840
f 8404 8400 3840
f 3840 8400 3836
f 8400 8396 3836
f 3836 8396 3832
f 8396 8392 3832
f 3832 8392 3829
f 8392 8388 3829
f 3829 8388 3825
f 8388 8384 3825
f 3825 8384 3821
f 8384 8380 3821
f 3821 8380 3817
f 8380 8376 3817
f 3817 8376 3814
f 8376 8372 3814
f 3814 8372 3810
f 8372 8368 3810
f 3810 8368 3806
f 8368 8364 3806
f 3806 8364 3802
f 8364 8360 3802
f 3802 8360 3799
f 3799 8356 3795
f 8360 8356 3799
f 2589 2577 4574
f 4574 2577 7143
f 2577 2566 7143
f 7143 2566 7134
f 2566 2554 7134
f 7134 2554 7122
f 2554 2546 7122
f 7122 2546 7114
f 2546 2533 7114
f 7114 2533 7103
f 7103 2523 7093
f 2533 2523 7103
f 7093 2513 7083
f 2523 2513 7093
f 7073 2501 7063
f 7083 2501 7073
f 2513 2501 7083
f 2501 2491 7063
f 7063 2485 7057
f 2491 2485 7063
f 7057 2475 7047
f 2485 2475 7057
f 7047 2465 7037
f 2475 2465 7047
f 7037 2455 7029
f 2465 2455 7037
f 7029 2447 7021
f 2455 2447 7029
f 7021 2439 7013
f 2447 2439 7021
f 7013 2432 7005
f 2439 2432 7013
f 7015 2442 7023
f 7005 2442 7015
f 2432 2442 7005
f 2442 2450 7023
f 2450 2460 7023
f 7023 2460 7033
f 2460 2469 7033
f 7041 2469 7051
f 7033 2469 7041
f 2469 2480 7051
f 2480 2489 7051
f 7051 2489 7061
f 2489 2497 7061
f 7061 2497 7069
f 2497 2505 7069
f 7069 2505 7077
f 2505 2517 7077
f 7087 2517 7097
f 7077 2517 7087
f 7097 2528 7108
f 2517 2528 7097
f 2528 2538 7108
f 7108 2550 7118
f 2538 2550 7108
f 7118 2560 7127
f 2550 2560 7118
f 7127 2574 7140
f 2560 2574 7127
f 7140 2583 7149
f 2574 2583 7140
f 7149 2598 7163
f 2583 2598 7149
f 7171 2606 7177
f 7163 2606 7171
f 2598 2606 7163
f 2606 2612 7177
f 7177 2621 7185
f 2612 2621 7177
f 7185 2627 7192
f 2621 2627 7185
f 7192 2635 7199
f 2627 2635 7192
f 7199 2641 7206
f 2635 2641 7199
f 7206 2650 7215
f 2641 2650 7206
f 7215 2658 7223
f 2650 2658 7215
f 7223 2663 7228
f 2658 2663 7223
f 7228 2785 7359
f 2663 2785 7228
f 2785 2789 7359
f 7359 2789 7363
f 2789 2795 7363
f 7363 2795 7370
f 2795 2799 7370
f 7370 2799 7374
f 2799 2803 7374
f 7374 2803 7378
f 2803 2809 7378
f 7378 2809 7384
f 7384 2813 7388
f 2809 2813 7384
f 7388 2817 7392
f 2813 2817 7388
f 7392 2823 7398
f 2817 2823 7392
f 7398 2827 7402
f 2823 2827 7398
f 7409 2833 7413
f 7402 2833 7409
f 2827 2833 7402
f 2833 2837 7413
f 7413 2843 7419
f 2837 2843 7413
f 7419 2847 7423
f 2843 2847 7419
f 7423 2853 7429
f 2847 2853 7423
f 7429 2873 7449
f 2853 2873 7429
f 7449 2879 7456
f 2873 2879 7449
f 7456 2883 7460
f 2879 2883 7456
f 7460 2889 7466
f 2883 2889 7460
f 7466 2895 7472
f 2889 2895 7466
f 7472 2899 7476
f 2895 2899 7472
f 7476 2905 4640
f 2899 2905 7476
f 4573 7864 3294
f 3294 7864 3298
f 7864 7867 3298
f 3298 7867 3302
f 7867 7872 3302
f 3302 7872 3305
f 7872 7877 3305
f 3305 7877 3309
f 7877 7883 3309
f 3309 7883 3313
f 7883 7890 3313
f 3313 7890 3318
f 3318 7890 3322
f 7890 7896 3322
f 7896 7901 3322
f 3322 7901 3326
f 7901 7905 3326
f 3326 7905 3329
f 7905 7911 3329
f 3329 7911 3333
f 7911 7915 3333
f 3333 7915 3337
f 3337 7919 3339
f 7915 7919 3337
f 3339 7924 3344
f 7919 7924 3339
f 3344 7926 3346
f 7924 7926 3344
f 3346 7928 3350
f 7926 7928 3346
f 3350 7930 3354
f 7928 7930 3350
f 3354 7932 3356
f 7930 7932 3354
f 7932 7934 3356
f 3356 7934 3360
f 7934 7936 3360
f 3360 7936 3365
f 3365 7936 3367
f 7936 7938 3367
f 3367 7938 3379
f 7938 7949 3379
f 7949 7960 3379
f 3379 7960 3392
f 7960 7968 3392
f 3392 7968 3399
f 7968 7974 3399
f 3399 7974 3406
f 7974 7980 3406
f 3406 7980 3412
f 7980 7985 3412
f 3412 7985 3417
f 7985 7987 3417
f 3417 7987 3419
f 7987 7995 3419
f 3419 7995 3427
f 7995 7997 3427
f 3427 7997 3429
f 7997 8003 3429
f 3429 8003 3435
f 8003 8005 3435
f 3435 8005 3437
f 8005 8442 3437
f 3437 8442 3875
f 3875 8442 3872
f 8442 8438 3872
f 8438 8434 3872
f 3872 8434 3868
f 8434 8430 3868
f 3868 8430 3864
f 3864 8426 3860
f 8430 8426 3864
f 3860 8422 3857
f 8426 8422 3860
f 3857 8418 3853
f 8422 8418 3857
f 3853 8414 3849
f 8418 8414 3853
f 3849 8410 3845
f 8414 8410 3849
f 3845 8403 3839
f 3839 8403 3835
f 8410 8403 3845
f 8403 8399 3835
f 8399 8395 3835
f 3835 8395 3831
f 8395 8391 3831
f 3831 8391 3828
f 8391 8387 3828
f 3828 8387 3824
f 3824 8383 3820
f 8387 8383 3824
f 3820 8379 3816
f 8383 8379 3820
f 3816 8375 3813
f 8379 8375 3816
f 3813 8371 3809
f 8375 8371 3813
f 3809 8367 3805
f 8371 8367 3809
f 3805 8363 3801
f 8367 8363 3805
f 3801 8359 3798
f 8363 8359 3801
f 3798 8355 3794
f 8359 8355 3798
f 3794 8351 3790
f 8355 8351 3794
f 3790 8348 3786
f 8351 8348 3790
f 3786 8344 3783
f 8348 8344 3786
f 3783 8340 3779
f 8344 8340 3783
f 3779 8109 3541
f 8340 8109 3779
f 3541 8107 3539
f 8109 8107 3541
f 3539 8103 3535
f 8107 8103 3539
f 3535 8102 3534
f 8103 8102 3535
f 3534 8104 3536
f 3536 8104 3439
f 8102 8104 3534
f 8104 4639 3439
f 2016 2027 6600
f 6600 2027 6609
f 6609 2039 6620
f 2027 2039 6609
f 6620 2051 6630
f 2039 2051 6620
f 6630 2062 6639
f 2051 2062 6630
f 6639 2074 6649
f 2062 2074 6639
f 6649 2086 6659
f 2074 2086 6649
f 6659 2097 6671
f 2086 2097 6659
f 6671 2108 6680
f 6680 2108 6690
f 2097 2108 6671
f 2108 2117 6690
f 6690 2123 6698
f 2117 2123 6690
f 2123 2128 6698
f 6698 2128 6706
f 2128 2134 6706
f 6706 2134 6713
f 2134 2140 6713
f 6713 2140 6719
f 2140 2146 6719
f 6719 2146 6725
f 2146 2152 6725
f 6725 2152 6731
f 2152 2157 6731
f 6731 2157 6737
f 2157 2163 6737
f 6737 2163 6743
f 2163 2169 6743
f 6743 2169 6749
f 2169 2175 6749
f 6749 2175 6755
f 2175 2181 6755
f 6755 2181 6761
f 2181 2186 6761
f 6761 2186 6767
f 2186 2192 6767
f 6767 2192 6771
f 6771 2496 7068
f 2192 2496 6771
f 7068 2508 7080
f 2496 2508 7068
f 7080 2520 7090
f 2508 2520 7080
f 7090 2530 7100
f 2520 2530 7090
f 7100 2541 7111
f 2530 2541 7100
f 7111 2553 7121
f 7121 2553 7130
f 2541 2553 7111
f 2553 2562 7130
f 7130 2563 7131
f 2562 2563 7130
f 7131 2586 7152
f 2563 2586 7131
f 7152 2601 7166
f 2586 2601 7152
f 7166 2609 7174
f 2601 2609 7166
f 7174 2615 7180
f 2609 2615 7174
f 7180 2623 7188
f 2615 2623 7180
f 7188 2630 7195
f 2623 2630 7188
f 2630 2637 7195
f 7195 2637 7202
f 2637 2644 7202
f 7202 2644 7209
f 2644 2645 7209
f 7209 2645 7210
f 2645 2657 7210
f 7210 2657 7222
f 2657 2665 7222
f 7222 2665 7230
f 2665 2774 7230
f 7230 2774 7348
f 2774 2767 7348
f 7348 2767 7342
f 7342 2767 7338
f 2767 2764 7338
f 2764 2760 7338
f 7338 2760 7334
f 2760 2754 7334
f 7334 2754 7329
f 2754 2756 7329
f 7329 2756 7330
f 2756 2758 7330
f 7330 2758 7332
f 2758 2762 7332
f 7332 2762 7336
f 2762 2766 7336
f 7336 2766 7340
f 2766 2770 7340
f 7340 2770 7344
f 2770 2776 7344
f 7344 2776 7350
f 2776 2779 7350
f 7350 2779 7353
f 2779 2659 7353
f 7353 2659 7224
f 2659 2651 7224
f 7224 2651 7216
f 2651 2642 7216
f 7216 2642 7207
f 2642 2634 7207
f 7207 2634 7200
f 7200 2628 7193
f 2634 2628 7200
f 7193 2620 7186
f 2628 2620 7193
f 7186 2613 7178
f 2620 2613 7186
f 7178 2607 7172
f 2613 2607 7178
f 2607 2599 7172
f 7172 2599 7164
f 2599 2584 7164
f 7164 2584 7150
f 2584 2575 7150
f 7150 2575 7141
f 2575 2559 7141
f 7141 2559 7128
f 2559 2551 7128
f 7128 2551 7119
f 2551 2539 7119
f 7119 2539 7109
f 2539 2527 7109
f 7109 2527 7098
f 2527 2518 7098
f 7098 2518 7088
f 2518 2506 7088
f 7088 2506 7078
f 2506 2498 7078
f 7078 2498 7070
f 2498 2197 7070
f 7070 2197 6774
f 2197 2191 6774
f 6774 2191 6770
f 6770 2185 6766
f 2191 2185 6770
f 6766 2180 6760
f 2185 2180 6766
f 6760 2174 6754
f 2180 2174 6760
f 6754 2168 6748
f 2174 2168 6754
f 6748 2162 6742
f 2168 2162 6748
f 6742 2156 6736
f 2162 2156 6742
f 6736 2151 6730
f 2156 2151 6736
f 6730 2145 6724
f 2151 2145 6730
f 6724 2139 6718
f 2145 2139 6724
f 6718 2133 6712
f 2139 2133 6718
f 6712 2127 6705
f 2133 2127 6712
f 6705 2122 6697
f 2127 2122 6705
f 6697 2115 6688
f 2122 2115 6697
f 6688 2106 6679
f 2115 2106 6688
f 2106 2095 6679
f 6679 2095 6668
f 2095 2083 6668
f 6668 2083 6657
f 2083 2071 6657
f 6657 2071 6647
f 2071 2060 6647
f 6647 2060 6638
f 6638 2048 6628
f 2060 2048 6638
f 6628 2036 6617
f 2048 2036 6628
f 6617 2025 6608
f 2036 2025 6617
f 6608 2013 6597
f 2025 2013 6608
f 6597 2000 6587
f 2013 2000 6597
f 6587 1989 6578
f 2000 1989 6587
f 6578 1977 6568
f 1989 1977 6578
f 6568 1966 6557
f 1977 1966 6568
f 6557 1954 6548
f 1966 1954 6557
f 6548 1942 6537
f 1954 1942 6548
f 6537 1929 6527
f 1942 1929 6537
f 6527 1917 6517
f 1929 1917 6527
f 6517 1906 6508
f 1917 1906 6517
f 6508 1895 6497
f 1906 1895 6508
f 6497 1883 6486
f 1895 1883 6497
f 6486 1871 6475
f 1883 1871 6486
f 6475 1859 6465
f 1871 1859 6475
f 6465 1850 6457
f 1859 1850 6465
f 6457 1840 6447
f 1850 1840 6457
f 6447 1842 6450
f 1840 1842 6447
f 1842 1852 6450
f 6450 1852 6459
f 1852 1861 6459
f 6459 1861 6467
f 1861 1873 6467
f 6467 1873 6477
f 1873 1885 6477
f 6477 1885 6488
f 1885 1897 6488
f 6488 1897 6499
f 1897 1907 6499
f 6499 1907 6509
f 1907 1919 6509
f 6509 1919 6519
f 1919 1931 6519
f 6519 1931 6529
f 1931 1945 6529
f 6529 1945 6540
f 1945 1956 6540
f 6540 1956 6549
f 1956 1969 6549
f 6549 1969 6560
f 1969 1980 6560
f 6560 1980 6570
f 1980 1991 6570
f 6570 1991 6579
f 1991 2003 6579
f 6579 2003 6589
f 6589 2016 6600
f 2003 2016 6589
f 1215 1221 5885
f 5885 1221 5890
f 5890 1226 5895
f 1221 1226 5890
f 5895 1230 5900
f 1226 1230 5895
f 5900 1244 5912
f 1230 1244 5900
f 5912 1256 5925
f 1244 1256 5912
f 5925 1268 5938
f 1256 1268 5925
f 5938 1279 5948
f 1268 1279 5938
f 5948 1289 5960
f 5960 1289 5971
f 1279 1289 5948
f 1289 1300 5971
f 5971 1311 5983
f 1300 1311 5971
f 1311 1319 5983
f 5983 1319 5992
f 1319 1330 5992
f 5992 1330 6001
f 1330 1338 6001
f 6001 1338 6008
f 1338 1352 6008
f 6008 1352 6017
f 1352 1358 6017
f 6017 1358 6022
f 1358 1368 6022
f 6022 1368 6030
f 1368 1373 6030
f 6030 1373 6036
f 1373 1377 6036
f 6036 1377 6041
f 1377 1383 6041
f 6041 1383 6046
f 1383 1386 6046
f 6046 1386 6051
f 1386 1395 6051
f 6051 1395 6059
f 1395 1398 6059
f 6059 1398 6062
f 6062 1404 6069
f 1398 1404 6062
f 6069 1407 6073
f 1404 1407 6069
f 6073 1411 6077
f 1407 1411 6073
f 6077 1417 6082
f 1411 1417 6077
f 6082 1420 6086
f 1417 1420 6082
f 6086 1425 6091
f 6091 1425 6096
f 1420 1425 6086
f 1425 1429 6096
f 6096 1433 6100
f 1429 1433 6096
f 6100 1440 6106
f 1433 1440 6100
f 6106 1442 6108
f 1440 1442 6106
f 6108 1445 6112
f 1442 1445 6108
f 6112 1451 6118
f 1445 1451 6112
f 6118 1454 6121
f 1451 1454 6118
f 6121 1457 6123
f 1454 1457 6121
f 1457 1461 6123
f 6123 1461 6128
f 1461 1464 6128
f 6128 1464 6131
f 1464 1465 6131
f 6131 1465 6135
f 1465 1467 6135
f 6135 1467 6137
f 1467 2603 6137
f 6137 2603 7168
f 2603 2611 7168
f 7168 2611 7176
f 2611 2619 7176
f 7176 2619 7184
f 7184 2619 6173
f 2619 1498 6173
f 1498 1500 6173
f 6173 1500 6174
f 1500 1501 6174
f 6174 1501 6175
f 1501 1502 6175
f 6175 1502 6176
f 1502 1503 6176
f 6176 1503 6177
f 1503 1504 6177
f 6177 1504 6178
f 1504 1505 6178
f 6178 1505 6179
f 1505 1506 6179
f 6179 1506 6180
f 1506 1507 6180
f 6180 1507 6181
f 1507 1508 6181
f 6181 1508 6182
f 1508 1509 6182
f 6182 1509 6183
f 1509 1510 6183
f 6183 1510 6184
f 1510 1511 6184
f 6184 1511 6185
f 1511 1512 6185
f 6185 1512 6186
f 6186 1513 6187
f 1512 1513 6186
f 6187 1514 6188
f 1513 1514 6187
f 6188 1515 6189
f 1514 1515 6188
f 6189 1516 6190
f 1515 1516 6189
f 1516 1517 6190
f 6190 1517 6191
f 1517 1518 6191
f 6191 1518 6192
f 1518 1519 6192
f 6192 1519 6193
f 1519 1520 6193
f 6193 1520 6194
f 1520 1521 6194
f 6194 1521 6195
f 1521 1522 6195
f 6195 1522 6196
f 1522 1492 6196
f 6196 1492 6166
f 1492 1488 6166
f 6166 1488 6162
f 1488 1484 6162
f 6162 1484 6158
f 1484 1475 6158
f 6158 1475 6147
f 1475 1471 6147
f 6147 1471 6141
f 1471 1450 6141
f 6141 1450 6117
f 6117 1435 6103
f 1450 1435 6117
f 6103 1423 6090
f 1435 1423 6103
f 6090 1401 6068
f 1423 1401 6090
f 6068 1390 6056
f 1401 1390 6068
f 6056 1371 6035
f 1390 1371 6056
f 6035 1363 6026
f 1371 1363 6035
f 6026 1354 6020
f 1363 1354 6026
f 6020 1344 6012
f 1354 1344 6020
f 6012 1334 6003
f 1344 1334 6012
f 6003 1323 5996
f 1334 1323 6003
f 5996 1315 5988
f 1323 1315 5996
f 5988 1305 5977
f 1315 1305 5988
f 5977 1295 5966
f 1305 1295 5977
f 5966 1285 5957
f 1295 1285 5966
f 1285 1273 5957
f 5957 1273 5943
f 1273 1263 5943
f 5943 1263 5933
f 1263 1251 5933
f 5933 1251 5920
f 1251 1231 5920
f 5920 1231 5902
f 5902 1227 5897
f 1231 1227 5902
f 5897 1224 5894
f 1227 1224 5897
f 5894 1219 5889
f 1224 1219 5894
f 5889 1214 5884
f 1219 1214 5889
f 5884 1209 5879
f 1214 1209 5884
f 5879 1206 5876
f 1209 1206 5879
f 5876 1202 5871
f 1206 1202 5876
f 5871 1199 5868
f 1202 1199 5871
f 5868 1194 5863
f 1199 1194 5868
f 5863 1191 5860
f 1194 1191 5863
f 5860 1186 5855
f 1191 1186 5860
f 5855 1183 5852
f 1186 1183 5855
f 5852 1180 5849
f 1183 1180 5852
f 5849 1175 5844
f 1180 1175 5849
f 5844 1172 5841
f 1175 1172 5844
f 5841 1169 5838
f 1172 1169 5841
f 5838 1166 5835
f 1169 1166 5838
f 5835 1164 5833
f 1166 1164 5835
f 5833 1163 5832
f 1164 1163 5833
f 5832 1162 5830
f 1163 1162 5832
f 1162 1165 5830
f 5830 1165 5834
f 1165 1167 5834
f 5834 1167 5836
f 1167 1171 5836
f 5836 1171 5839
f 1171 1174 5839
f 5839 1174 5842
f 1174 1177 5842
f 5842 1177 5845
f 1177 1182 5845
f 5845 1182 5850
f 1182 1185 5850
f 5850 1185 5853
f 1185 1188 5853
f 5853 1188 5856
f 1188 1192 5856
f 5856 1192 5861
f 1192 1195 5861
f 5861 1195 5864
f 1195 1200 5864
f 5864 1200 5869
f 1200 1204 5869
f 5869 1204 5872
f 1204 1207 5872
f 5872 1207 5877
f 1207 1213 5877
f 5877 1213 5882
f 5882 1215 5885
f 1213 1215 5882
f 4405 4410 8975
f 8975 4410 8979
f 8979 4413 8983
f 4410 4413 8979
f 8983 4417 8987
f 4413 4417 8983
f 8987 4421 8991
f 4417 4421 8987
f 8991 4425 8995
f 4421 4425 8991
f 8995 4429 8999
f 4425 4429 8995
f 8999 4433 9003
f 4429 4433 8999
f 9003 4436 9006
f 9006 4436 9010
f 4433 4436 9003
f 4436 4440 9010
f 9010 4444 9014
f 4440 4444 9010
f 4444 4448 9014
f 9014 4448 9018
f 4448 4452 9018
f 9018 4452 9022
f 4452 4455 9022
f 9022 4455 9025
f 4455 4456 9025
f 9025 4456 9026
f 4456 4497 9026
f 9026 4497 9067
f 4497 4498 9067
f 9067 4498 9068
f 4498 4499 9068
f 9068 4499 9069
f 4499 4500 9069
f 9069 4500 9070
f 4500 4501 9070
f 9070 4501 9071
f 4501 4502 9071
f 9071 4502 9072
f 4502 4503 9072
f 9072 4503 9073
f 4503 4504 9073
f 9073 4504 9074
f 9074 4505 9075
f 4504 4505 9074
f 9075 4506 9076
f 4505 4506 9075
f 9076 4507 9077
f 4506 4507 9076
f 9077 4508 9078
f 4507 4508 9077
f 9078 4509 9079
f 4508 4509 9078
f 9079 4510 9080
f 9080 4510 9081
f 4509 4510 9079
f 4510 4511 9081
f 9081 4512 9082
f 4511 4512 9081
f 9082 4513 9083
f 4512 4513 9082
f 9083 4514 9084
f 4513 4514 9083
f 9084 4515 9085
f 4514 4515 9084
f 9085 4516 9086
f 4515 4516 9085
f 9086 4517 9087
f 4516 4517 9086
f 9087 4518 9088
f 4517 4518 9087
f 4518 4521 9088
f 9088 4521 9091
f 4521 4525 9091
f 9091 4525 9095
f 4525 4532 9095
f 9095 4532 9102
f 4532 4535 9102
f 9102 4535 9105
f 4535 4540 9105
f 9105 4540 9110
f 4540 4544 9110
f 9110 4544 9115
f 4544 4547 9115
f 9115 4547 9119
f 9119 4547 9124
f 4547 4554 9124
f 4554 4558 9124
f 9124 4558 9129
f 4558 4564 9129
f 9129 4564 9136
f 4564 4568 9136
f 9136 4568 9139
f 4568 4566 9139
f 9139 4566 9134
f 4566 4561 9134
f 9134 4561 9132
f 4561 4555 9132
f 9132 4555 9126
f 4555 4550 9126
f 9126 4550 9121
f 4550 4548 9121
f 9121 4548 9117
f 4548 4541 9117
f 9117 4541 9112
f 4541 4537 9112
f 9112 4537 9107
f 4537 4529 9107
f 9107 4529 9100
f 4529 4526 9100
f 9100 4526 9097
f 4526 4522 9097
f 9097 4522 9093
f 9093 4457 9028
f 4522 4457 9093
f 9028 4459 9029
f 4457 4459 9028
f 9029 4461 9031
f 4459 4461 9029
f 9031 4463 9033
f 4461 4463 9031
f 4463 4465 9033
f 9033 4465 9035
f 4465 4467 9035
f 9035 4467 9037
f 4467 4469 9037
f 9037 4469 9039
f 4469 4471 9039
f 9039 4471 9041
f 4471 4473 9041
f 9041 4473 9043
f 4473 4475 9043
f 9043 4475 9045
f 4475 4477 9045
f 9045 4477 9047
f 4477 4479 9047
f 9047 4479 9049
f 4479 4481 9049
f 9049 4481 9051
f 4481 4483 9051
f 9051 4483 9053
f 4483 4485 9053
f 9053 4485 9055
f 4485 4487 9055
f 9055 4487 9057
f 9057 4488 9058
f 4487 4488 9057
f 9058 4489 9059
f 4488 4489 9058
f 9059 4490 9060
f 4489 4490 9059
f 9060 4491 9061
f 4490 4491 9060
f 9061 4492 9062
f 4491 4492 9061
f 9062 4493 9063
f 4492 4493 9062
f 9063 4494 9064
f 4493 4494 9063
f 9064 4495 9065
f 4494 4495 9064
f 9065 4454 9024
f 4495 4454 9065
f 9024 4450 9020
f 4454 4450 9024
f 9020 4446 9016
f 4450 4446 9020
f 9016 4442 9012
f 4446 4442 9016
f 9012 4438 9008
f 4442 4438 9012
f 9008 4435 9005
f 4438 4435 9008
f 4435 4431 9005
f 9005 4431 9001
f 4431 4427 9001
f 9001 4427 8997
f 4427 4423 8997
f 8997 4423 8993
f 4423 4419 8993
f 8993 4419 8989
f 8989 4415 8985
f 4419 4415 8989
f 8985 4411 8981
f 4415 4411 8985
f 8981 4407 8977
f 4411 4407 8981
f 8977 4403 8973
f 4407 4403 8977
f 8973 4399 8969
f 4403 4399 8973
f 8969 4395 8965
f 4399 4395 8969
f 8965 4391 8961
f 4395 4391 8965
f 8961 4387 8957
f 4391 4387 8961
f 8957 4383 8953
f 4387 4383 8957
f 8953 4379 8949
f 4383 4379 8953
f 8949 4375 8945
f 4379 4375 8949
f 8945 4371 8941
f 4375 4371 8945
f 8941 4367 8937
f 4371 4367 8941
f 8937 4363 8933
f 4367 4363 8937
f 8933 4359 8929
f 4363 4359 8933
f 8929 4355 8925
f 4359 4355 8929
f 8925 4351 8921
f 4355 4351 8925
f 8921 4347 8917
f 4351 4347 8921
f 8917 4343 8912
f 4347 4343 8917
f 8912 4346 8915
f 4343 4346 8912
f 4346 4349 8915
f 8915 4349 8919
f 4349 4353 8919
f 8919 4353 8923
f 4353 4357 8923
f 8923 4357 8927
f 4357 4361 8927
f 8927 4361 8931
f 4361 4366 8931
f 8931 4366 8935
f 4366 4370 8935
f 8935 4370 8939
f 4370 4374 8939
f 8939 4374 8943
f 4374 4377 8943
f 8943 4377 8947
f 4377 4381 8947
f 8947 4381 8951
f 4381 4386 8951
f 8951 4386 8955
f 4386 4389 8955
f 8955 4389 8959
f 4389 4393 8959
f 8959 4393 8963
f 4393 4397 8963
f 8963 4397 8967
f 4397 4402 8967
f 8967 4402 8971
f 8971 4405 8975
f 4402 4405 8971
f 65 67 4767
f 4767 67 4769
f 4769 69 4771
f 67 69 4769
f 4771 71 4773
f 69 71 4771
f 4773 73 4775
f 71 73 4773
f 4775 75 4777
f 73 75 4775
f 4777 77 4779
f 75 77 4777
f 4779 79 4781
f 77 79 4779
f 4781 81 4783
f 4783 81 4785
f 79 81 4781
f 81 83 4785
f 4785 85 4787
f 83 85 4785
f 85 87 4787
f 4787 87 4789
f 87 89 4789
f 4789 89 4791
f 89 91 4791
f 4791 91 4793
f 91 93 4793
f 4793 93 4795
f 93 95 4795
f 4795 95 4797
f 95 97 4797
f 4797 97 4799
f 97 99 4799
f 4799 99 4801
f 99 101 4801
f 4801 101 4803
f 101 102 4803
f 4803 102 4804
f 102 492 4804
f 4804 492 5193
f 492 489 5193
f 5193 489 5190
f 489 485 5190
f 5190 485 5186
f 5186 210 4912
f 485 210 5186
f 4912 207 4910
f 210 207 4912
f 4910 205 4908
f 207 205 4910
f 4908 203 4906
f 205 203 4908
f 4906 201 4904
f 203 201 4906
f 4904 199 4902
f 4902 199 4900
f 201 199 4904
f 199 197 4900
f 4900 196 4898
f 197 196 4900
f 4898 193 4896
f 196 193 4898
f 4896 191 4894
f 193 191 4896
f 4894 189 4892
f 191 189 4894
f 4892 187 4889
f 189 187 4892
f 4889 183 4885
f 187 183 4889
f 4885 178 4881
f 183 178 4885
f 178 174 4881
f 4881 174 4877
f 174 170 4877
f 4877 170 4873
f 170 166 4873
f 4873 166 4869
f 166 162 4869
f 4869 162 4865
f 162 158 4865
f 4865 158 4861
f 158 154 4861
f 4861 154 4857
f 154 150 4857
f 4857 150 4853
f 4853 150 4849
f 150 146 4849
f 146 143 4849
f 4849 143 4845
f 143 138 4845
f 4845 138 4841
f 138 134 4841
f 4841 134 4837
f 134 131 4837
f 4837 131 4833
f 131 126 4833
f 4833 126 4829
f 126 123 4829
f 4829 123 4825
f 123 119 4825
f 4825 119 4821
f 119 114 4821
f 4821 114 4817
f 114 110 4817
f 4817 110 4813
f 110 106 4813
f 4813 106 4809
f 106 103 4809
f 4809 103 4806
f 103 105 4806
f 4806 105 4807
f 105 109 4807
f 4807 109 4811
f 4811 113 4815
f 109 113 4811
f 4815 117 4819
f 113 117 4815
f 4819 121 4823
f 117 121 4819
f 4823 125 4827
f 121 125 4823
f 125 129 4827
f 4827 129 4831
f 129 133 4831
f 4831 133 4835
f 133 137 4835
f 4835 137 4839
f 137 141 4839
f 4839 141 4843
f 141 145 4843
f 4843 145 4847
f 145 149 4847
f 4847 149 4851
f 149 153 4851
f 4851 153 4855
f 153 157 4855
f 4855 157 4859
f 157 161 4859
f 4859 161 4863
f 161 165 4863
f 4863 165 4867
f 165 169 4867
f 4867 169 4871
f 169 173 4871
f 4871 173 4875
f 4875 177 4879
f 173 177 4875
f 4879 181 4883
f 177 181 4879
f 4883 185 4887
f 181 185 4883
f 4887 100 4802
f 185 100 4887
f 4802 98 4800
f 100 98 4802
f 4800 96 4798
f 98 96 4800
f 4798 94 4796
f 96 94 4798
f 4796 92 4794
f 94 92 4796
f 4794 90 4792
f 92 90 4794
f 4792 88 4790
f 90 88 4792
f 4790 86 4788
f 88 86 4790
f 4788 84 4786
f 86 84 4788
f 4786 82 4784
f 84 82 4786
f 4784 80 4782
f 82 80 4784
f 80 78 4782
f 4782 78 4780
f 78 76 4780
f 4780 76 4778
f 76 74 4778
f 4778 74 4776
f 74 72 4776
f 4776 72 4774
f 4774 70 4772
f 72 70 4774
f 4772 68 4770
f 70 68 4772
f 4770 66 4768
f 68 66 4770
f 4768 64 4766
f 66 64 4768
f 4766 62 4764
f 64 62 4766
f 4764 60 4762
f 62 60 4764
f 4762 58 4760
f 60 58 4762
f 4760 55 4757
f 58 55 4760
f 4757 50 4752
f 55 50 4757
f 4752 45 4747
f 50 45 4752
f 4747 41 4743
f 45 41 4747
f 4743 36 4737
f 41 36 4743
f 4737 31 4733
f 36 31 4737
f 4733 26 4728
f 31 26 4733
f 4728 22 4723
f 26 22 4728
f 4723 17 4719
f 22 17 4723
f 4719 12 4713
f 17 12 4719
f 4713 7 4709
f 12 7 4713
f 4709 2 4703
f 7 2 4709
f 4703 5 4706
f 2 5 4703
f 5 10 4706
f 4706 10 4711
f 10 15 4711
f 4711 15 4716
f 15 20 4716
f 4716 20 4721
f 20 25 4721
f 4721 25 4726
f 25 28 4726
f 4726 28 4730
f 28 34 4730
f 4730 34 4735
f 34 38 4735
f 4735 38 4740
f 38 44 4740
f 4740 44 4745
f 44 48 4745
f 4745 48 4750
f 48 53 4750
f 4750 53 4754
f 53 57 4754
f 4754 57 4759
f 57 59 4759
f 4759 59 4761
f 59 61 4761
f 4761 61 4763
f 61 63 4763
f 4763 63 4765
f 4765 65 4767
f 63 65 4765
f 2948 2949 7519
f 7519 2949 7520
f 7520 2950 7521
f 2949 2950 7520
f 7521 2951 7522
f 2950 2951 7521
f 7522 2952 7523
f 2951 2952 7522
f 7523 2954 7524
f 2952 2954 7523
f 7524 2957 7527
f 2954 2957 7524
f 7527 2959 7529
f 2957 2959 7527
f 7529 2961 7531
f 7531 2961 7534
f 2959 2961 7529
f 2961 2964 7534
f 7534 2965 7536
f 2964 2965 7534
f 2965 2968 7536
f 7536 2968 7539
f 2968 2970 7539
f 7539 2970 7541
f 2970 2995 7541
f 7541 2995 7566
f 2995 3011 7566
f 7566 3011 7581
f 3011 3021 7581
f 7581 3021 7591
f 3021 3031 7591
f 7591 3031 7602
f 3031 3040 7602
f 7602 3040 7615
f 3040 3048 7615
f 7615 3048 7629
f 3048 3061 7629
f 7629 3061 7643
f 3061 3084 7643
f 7643 3084 7649
f 3084 3120 7649
f 7649 3120 7660
f 3120 3137 7660
f 7660 3137 7668
f 7668 3149 7674
f 3137 3149 7668
f 7674 3173 7685
f 3149 3173 7674
f 7685 3186 7691
f 3173 3186 7685
f 7691 3205 7715
f 3186 3205 7691
f 7715 3220 7743
f 3205 3220 7715
f 7743 3228 7761
f 7761 3228 7762
f 3220 3228 7743
f 3228 3229 7762
f 7762 3230 7763
f 3229 3230 7762
f 7763 3231 7764
f 3230 3231 7763
f 7764 3232 7765
f 3231 3232 7764
f 7765 3233 7766
f 3232 3233 7765
f 7766 3234 7767
f 3233 3234 7766
f 7767 3235 7768
f 3234 3235 7767
f 7768 3236 7769
f 3235 3236 7768
f 3236 3237 7769
f 7769 3237 7770
f 3237 3238 7770
f 7770 3238 7771
f 3238 3239 7771
f 7771 3239 7772
f 3239 3240 7772
f 7772 3240 7773
f 3240 3241 7773
f 7773 3241 7774
f 3241 3242 7774
f 7774 3242 7775
f 3242 3243 7775
f 7775 3243 7776
f 7776 3243 7777
f 3243 3244 7777
f 3244 3245 7777
f 7777 3245 7778
f 3245 3246 7778
f 7778 3246 7779
f 3246 3247 7779
f 7779 3247 7780
f 3247 3248 7780
f 7780 3248 7781
f 3248 3249 7781
f 7781 3249 7782
f 3249 3254 7782
f 7782 3254 7790
f 3254 3252 7790
f 7790 3252 7784
f 3252 3225 7784
f 7784 3225 7756
f 3225 3222 7756
f 7756 3222 7748
f 3222 3216 7748
f 7748 3216 7739
f 3216 3211 7739
f 7739 3211 7731
f 3211 3209 7731
f 7731 3209 7719
f 3209 3203 7719
f 7719 3203 7700
f 7700 3199 7698
f 3203 3199 7700
f 7698 3193 7695
f 3199 3193 7698
f 7695 3188 7693
f 3193 3188 7695
f 7693 3181 7689
f 3188 3181 7693
f 3181 3177 7689
f 7689 3177 7687
f 3177 3171 7687
f 7687 3171 7683
f 3171 3166 7683
f 7683 3166 7681
f 3166 3159 7681
f 7681 3159 7678
f 3159 3155 7678
f 7678 3155 7676
f 3155 3146 7676
f 7676 3146 7672
f 3146 3140 7672
f 7672 3140 7670
f 3140 3134 7670
f 7670 3134 7666
f 3134 3127 7666
f 7666 3127 7664
f 3127 3122 7664
f 7664 3122 7662
f 3122 3114 7662
f 7662 3114 7658
f 3114 3106 7658
f 7658 3106 7656
f 7656 3097 7653
f 3106 3097 7656
f 7653 3089 7651
f 3097 3089 7653
f 7651 3074 7647
f 3089 3074 7651
f 7647 3063 7645
f 3074 3063 7647
f 7645 3059 7641
f 3063 3059 7645
f 7641 3057 7639
f 3059 3057 7641
f 7639 3054 7637
f 3057 3054 7639
f 7637 3051 7634
f 3054 3051 7637
f 7634 3050 7632
f 3051 3050 7634
f 7632 3046 7627
f 3050 3046 7632
f 7627 3044 7623
f 3046 3044 7627
f 7623 3042 7619
f 3044 3042 7623
f 7619 3038 7613
f 3042 3038 7619
f 7613 3036 7609
f 3038 3036 7613
f 3036 3034 7609
f 7609 3034 7605
f 3034 3030 7605
f 7605 3030 7601
f 3030 3024 7601
f 7601 3024 7596
f 3024 3018 7596
f 7596 3018 7590
f 7590 3015 7586
f 3018 3015 7590
f 7586 3009 7580
f 3015 3009 7586
f 7580 3005 7576
f 3009 3005 7580
f 7576 3001 7572
f 3005 3001 7576
f 7572 2994 7565
f 3001 2994 7572
f 7565 2991 7562
f 2994 2991 7565
f 7562 2987 7558
f 2991 2987 7562
f 7558 2983 7554
f 2987 2983 7558
f 7554 2978 7550
f 2983 2978 7554
f 7550 2974 7546
f 2978 2974 7550
f 7546 2972 7544
f 2974 2972 7546
f 7544 2935 7509
f 2972 2935 7544
f 7509 2932 7506
f 2935 2932 7509
f 7506 2929 7503
f 2932 2929 7506
f 7503 2926 7500
f 2929 2926 7503
f 7500 2924 7498
f 2926 2924 7500
f 7498 2922 7496
f 2924 2922 7498
f 7496 2920 7494
f 2922 2920 7496
f 7494 2919 7493
f 2920 2919 7494
f 7493 2918 7492
f 2919 2918 7493
f 2918 2921 7492
f 7492 2921 7495
f 2921 2923 7495
f 7495 2923 7497
f 2923 2925 7497
f 7497 2925 7499
f 2925 2928 7499
f 7499 2928 7502
f 2928 2931 7502
f 7502 2931 7505
f 2931 2934 7505
f 7505 2934 7508
f 2934 2937 7508
f 7508 2937 7511
f 2937 2940 7511
f 7511 2940 7512
f 2940 2941 7512
f 7512 2941 7513
f 2941 2942 7513
f 7513 2942 7514
f 2942 2943 7514
f 7514 2943 7515
f 2943 2945 7515
f 7515 2945 7516
f 2945 2946 7516
f 7516 2946 7517
f 2946 2947 7517
f 7517 2947 7518
f 7518 2948 7519
f 2947 2948 7518
