# Render LOD; unchanged CAD body-local coordinates in mm
v 20.2600000 65.5502233 107.8087510
v 20.2600000 65.6201473 107.8781075
v 20.2600000 65.5841258 107.8443184
v 20.2600000 65.5173802 107.7719981
v 20.2600000 65.4580507 107.6931570
v 20.2600000 65.4866560 107.7328739
v 20.2600000 65.4315643 107.6516617
v 20.2600000 65.4061374 107.6089808
v 20.2600000 65.3838888 107.5645215
v 20.2600000 65.3637591 107.5200623
v 20.2600000 65.3457484 107.4738246
v 20.2600000 65.3298566 107.4269942
v 20.2600000 65.3160837 107.3795710
v 20.2600000 65.3044296 107.3315550
v 20.2600000 65.2959540 107.2829462
v 20.2600000 65.2895973 107.2337446
v 20.2600000 65.2843000 107.1353415
v 20.2600000 65.2853595 107.1845431
v 20.2600000 65.2885378 107.0363455
v 20.2600000 65.2948946 106.9871439
v 20.2600000 65.2853595 107.0855471
v 20.2600000 65.3023107 106.9385352
v 20.2600000 65.3129053 106.8905192
v 20.2600000 65.3266782 106.8425032
v 20.2600000 65.3415106 106.7956727
v 20.2600000 65.3595213 106.7494351
v 20.2600000 65.3796510 106.7043831
v 20.2600000 65.4018995 106.6605166
v 20.2600000 65.4516939 106.5757476
v 20.2600000 65.4252075 106.6172429
v 20.2600000 65.4802992 106.5348451
v 20.2600000 65.5110234 106.4963137
v 20.2600000 65.5767096 106.4228078
v 20.2600000 65.6582877 107.9101182
v 20.2600000 65.6974875 107.9397577
v 20.2600000 65.5428071 106.4583752
v 20.2600000 65.7451630 106.2550482
v 20.2600000 65.7801251 106.2218519
v 20.2600000 65.8172060 106.1898412
v 20.2600000 65.8553464 106.1602017
v 20.2600000 65.8945462 106.1317478
v 20.2600000 65.9358650 106.1056650
v 20.2600000 65.9771837 106.0819534
v 20.2600000 66.0206214 106.0600202
v 20.2600000 66.0651185 106.0398653
v 20.2600000 66.1106751 106.0226744
v 20.2600000 66.1562317 106.0066691
v 20.2600000 66.2028477 105.9936277
v 20.2600000 66.2505232 105.9829575
v 20.2600000 66.2981987 105.9740656
v 20.2600000 66.3458742 105.9675450
v 20.2600000 66.3946091 105.9639882
v 20.2600000 66.4422846 105.9622098
v 20.2600000 66.4910195 105.9628026
v 20.2600000 66.5397545 105.9657666
v 20.2600000 66.5874300 105.9711017
v 20.2600000 66.6351054 105.9788080
v 20.2600000 66.6827809 105.9888854
v 20.2600000 66.7293970 106.0013340
v 20.2600000 66.7760130 106.0161537
v 20.2600000 66.8215696 106.0327519
v 20.2600000 66.8660667 106.0517211
v 20.2600000 66.9095044 106.0730616
v 20.2600000 66.9518826 106.0961804
v 20.2600000 66.9932013 106.1216704
v 20.2600000 67.0334606 106.1489387
v 20.2600000 65.9930756 108.1430847
v 20.2600000 67.2442922 106.2912084
v 20.2600000 66.2981987 108.3315919
v 20.2600000 67.4614805 106.4228078
v 20.2600000 66.6128569 108.5052794
v 20.2600000 67.6839661 106.5437369
v 20.2600000 66.9349313 108.6629616
v 20.2600000 67.9138679 106.6534031
v 20.2600000 67.2644219 108.8052312
v 20.2600000 68.1480075 106.7518063
v 20.2600000 67.6013286 108.9309027
v 20.2600000 68.3863850 106.8383536
v 20.2600000 67.9424732 109.0399761
v 20.2600000 68.6300597 106.9124524
v 20.2600000 68.2899746 109.1318586
v 20.2600000 68.8758533 106.9746954
v 20.2600000 68.6406542 109.2071429
v 20.2600000 69.1248253 107.0244897
v 20.2600000 68.9945123 109.2652363
v 20.2600000 69.3759162 107.0618355
v 20.2600000 69.3515487 109.3055461
v 20.2600000 69.6291260 107.0867327
v 20.2600000 69.7096446 109.3286649
v 20.2600000 69.8823358 107.0985885
v 20.2600000 70.0677405 109.3340000
v 20.2600000 70.1366051 107.0979957
v 20.2600000 70.4268958 109.3221442
v 20.2600000 70.3898149 107.0849543
v 20.2600000 70.7849917 109.2925047
v 20.2600000 70.6430247 107.0594643
v 20.2600000 71.1399092 109.2450815
v 20.2600000 70.8941156 107.0209330
v 20.2600000 71.4937672 109.1804674
v 20.2600000 71.1430875 106.9705458
v 20.2600000 71.8423280 109.0992551
v 20.2600000 71.3888812 106.9071173
v 20.2600000 72.1877104 109.0002592
v 20.2600000 71.6314964 106.8318329
v 20.2600000 72.5277956 108.8852579
v 20.2600000 71.8698739 106.7446928
v 20.2600000 72.8615240 108.7530657
v 20.2600000 72.1040135 106.6456968
v 20.2600000 73.1878362 108.6048682
v 20.2600000 72.3328558 106.5354379
v 20.2600000 73.5077917 108.4412581
v 20.2600000 72.5553414 106.4133231
v 20.2600000 73.8182121 108.2622355
v 20.2600000 72.7725297 106.2811309
v 20.2600000 74.1201568 108.0678003
v 20.2600000 72.9823019 106.1376757
v 20.2600000 74.4115070 107.8591382
v 20.2600000 73.1835984 105.9841431
v 20.2600000 74.6933221 107.6362491
v 20.2600000 73.3785381 105.8205330
v 20.2600000 74.9634832 107.3997259
v 20.2600000 73.5650023 105.6474383
v 20.2600000 65.7801251 97.7787423
v 20.2600000 65.8553464 97.8397997
v 20.2600000 65.8172060 97.8101602
v 20.2600000 65.5110234 97.5036877
v 20.2600000 65.4802992 97.4651564
v 20.2600000 65.5428071 97.5416263
v 20.2600000 65.7451630 97.7449533
v 20.2600000 65.8945462 97.8682537
v 20.2600000 65.4516939 97.4242539
v 20.2600000 65.9358650 97.8943364
v 20.2600000 75.2219903 107.1507540
v 20.2600000 65.4252075 97.3827585
v 20.2600000 65.3796510 97.2956184
v 20.2600000 65.4018995 97.3394849
v 20.2600000 66.0651185 97.9601361
v 20.2600000 65.9771837 97.9180480
v 20.2600000 66.0206214 97.9399813
v 20.2600000 65.3415106 97.2043287
v 20.2600000 65.3595213 97.2505664
v 20.2600000 66.1106751 97.9773270
v 20.2600000 66.2028477 98.0063737
v 20.2600000 66.1562317 97.9933324
v 20.2600000 65.3266782 97.1574983
v 20.2600000 65.3129053 97.1094823
v 20.2600000 66.2505232 98.0170440
v 20.2600000 65.3023107 97.0614663
v 20.2600000 73.7419313 105.4654517
v 20.2600000 66.2981987 98.0259358
v 20.2600000 66.3946091 98.0360133
v 20.2600000 66.3458742 98.0324565
v 20.2600000 65.2853595 96.9144544
v 20.2600000 65.2948946 97.0128575
v 20.2600000 65.2885378 96.9636559
v 20.2600000 66.4910195 98.0371988
v 20.2600000 66.4422846 98.0377916
v 20.2600000 65.2843000 96.8646600
v 20.2600000 65.2895973 96.7662568
v 20.2600000 65.2853595 96.8154584
v 20.2600000 75.4677839 106.8887408
v 20.2600000 66.5397545 98.0342349
v 20.2600000 66.6351054 98.0211935
v 20.2600000 66.5874300 98.0288998
v 20.2600000 73.9093252 105.2751661
v 20.2600000 66.6827809 98.0111161
v 20.2600000 66.7293970 97.9986675
v 20.2600000 65.3298566 96.5730073
v 20.2600000 65.2959540 96.7170553
v 20.2600000 65.3044296 96.6684465
v 20.2600000 65.3160837 96.6204305
v 20.2600000 65.3457484 96.5261768
v 20.2600000 66.8215696 97.9672496
v 20.2600000 66.7760130 97.9838477
v 20.2600000 65.3637591 96.4799392
v 20.2600000 65.4061374 96.3910207
v 20.2600000 65.3838888 96.4354799
v 20.2600000 66.8660667 97.9482803
v 20.2600000 66.9518826 97.9038211
v 20.2600000 66.9095044 97.9269399
v 20.2600000 65.4315643 96.3483398
v 20.2600000 74.0682435 105.0759886
v 20.2600000 75.6998046 106.6154645
v 20.2600000 66.9932013 97.8783311
v 20.2600000 67.0334606 97.8516555
v 20.2600000 65.4580507 96.3068445
v 20.2600000 65.4866560 96.2671276
v 20.2600000 74.2155078 104.8696977
v 20.2600000 65.5173802 96.2280034
v 20.2600000 65.5841258 96.1556830
v 20.2600000 65.5502233 96.1912504
v 20.2600000 65.6201473 96.1218940
v 20.2600000 65.6582877 96.0898833
v 20.2600000 65.5767096 97.5771937
v 20.2600000 65.6974875 96.0602438
v 20.2600000 74.3532370 104.6562932
v 20.2600000 74.4803716 104.4363681
v 20.2600000 65.9920161 95.8581024
v 20.2600000 67.2442922 97.7087931
v 20.2600000 74.5958522 104.2105151
v 20.2600000 66.2950203 95.6701879
v 20.2600000 67.4614805 97.5771937
v 20.2600000 74.7007383 103.9787341
v 20.2600000 74.7929109 103.7422109
v 20.2600000 66.6075596 95.4970932
v 20.2600000 67.6839661 97.4562645
v 20.2600000 74.8744889 103.5015381
v 20.2600000 66.9285746 95.3400038
v 20.2600000 67.9138679 97.3465984
v 20.2600000 67.2559462 95.1983270
v 20.2600000 68.1480075 97.2481952
v 20.2600000 67.5896746 95.0726555
v 20.2600000 68.3863850 97.1616478
v 20.2600000 67.9297598 94.9635821
v 20.2600000 68.6300597 97.0875491
v 20.2600000 68.2751422 94.8716996
v 20.2600000 68.8758533 97.0253061
v 20.2600000 68.6237030 94.7958225
v 20.2600000 69.1248253 96.9755117
v 20.2600000 68.9754421 94.7377291
v 20.2600000 69.3759162 96.9381660
v 20.2600000 69.3303596 94.6962338
v 20.2600000 69.6291260 96.9132688
v 20.2600000 69.6863366 94.6725222
v 20.2600000 69.8823358 96.9014130
v 20.2600000 70.0433730 94.6660015
v 20.2600000 70.1366051 96.9020058
v 20.2600000 70.4004094 94.6766717
v 20.2600000 70.3898149 96.9150472
v 20.2600000 70.4480849 94.6778573
v 20.2600000 70.4957604 94.6772645
v 20.2600000 70.5444953 94.6743005
v 20.2600000 70.6430247 96.9405371
v 20.2600000 70.5911114 94.6689654
v 20.2600000 70.6387868 94.6612591
v 20.2600000 70.6854029 94.6511817
v 20.2600000 70.8941156 96.9790685
v 20.2600000 70.7320189 94.6387331
v 20.2600000 70.7775755 94.6245062
v 20.2600000 70.8231321 94.6079080
v 20.2600000 71.1430875 97.0294556
v 20.2600000 70.8665697 94.5895315
v 20.2600000 70.9100074 94.5687839
v 20.2600000 70.9523856 94.5456651
v 20.2600000 71.3888812 97.0928842
v 20.2600000 70.9926449 94.5207679
v 20.2600000 71.0329042 94.4940923
v 20.2600000 71.0710446 94.4656384
v 20.2600000 71.6314964 97.1681685
v 20.2600000 74.9995047 100.9904792
v 20.2600000 77.0516695 99.6916760
v 20.2600000 77.0866315 99.7266507
v 20.2600000 74.9422941 100.7432857
v 20.2600000 77.1226530 99.7592541
v 20.2600000 77.0188264 99.6555158
v 20.2600000 77.1607934 99.7906720
v 20.2600000 75.0429423 101.2406366
v 20.2600000 76.9881022 99.6175773
v 20.2600000 74.8744889 100.4984634
v 20.2600000 77.1999932 99.8197187
v 20.2600000 76.9584374 99.5778603
v 20.2600000 77.2413120 99.8469870
v 20.2600000 76.9319511 99.5375506
v 20.2600000 77.2836902 99.8724770
v 20.2600000 75.0747260 101.4925724
v 20.2600000 76.9065241 99.4954625
v 20.2600000 74.7929109 100.2577906
v 20.2600000 77.3260684 99.8955958
v 20.2600000 76.8832161 99.4521888
v 20.2600000 77.3705655 99.9163435
v 20.2600000 76.8620270 99.4077296
v 20.2600000 77.4161221 99.9353128
v 20.2600000 75.0937962 101.7462866
v 20.2600000 76.8440163 99.3620847
v 20.2600000 74.7007383 100.0212673
v 20.2600000 77.4627381 99.9519109
v 20.2600000 77.5093542 99.9661379
v 20.2600000 75.1001529 102.0000007
v 20.2600000 77.5570296 99.9779937
v 20.2600000 77.6047051 99.9874783
v 20.2600000 77.6534401 99.9951846
v 20.2600000 75.0937962 102.2537149
v 20.2600000 76.7084060 99.0354574
v 20.2600000 74.5958522 99.7894864
v 20.2600000 77.7021750 99.9999269
v 20.2600000 76.5579633 98.7153507
v 20.2600000 74.4803716 99.5636334
v 20.2600000 76.3916289 98.4023575
v 20.2600000 74.3532370 99.3437082
v 20.2600000 79.7363291 101.6312853
v 20.2600000 78.0422602 99.9667306
v 20.2600000 77.9945847 99.9785864
v 20.2600000 77.9469092 99.9880711
v 20.2600000 77.8981742 99.9951846
v 20.2600000 77.8494393 99.9999269
v 20.2600000 77.8007044 100.0022981
v 20.2600000 77.7509100 100.0022981
v 20.2600000 74.9422941 103.2567158
v 20.2600000 74.9995047 103.0095223
v 20.2600000 75.0429423 102.7593649
v 20.2600000 75.0747260 102.5074291
v 20.2600000 76.2104620 98.0982562
v 20.2600000 74.2155078 99.1303038
v 20.2600000 72.3328558 97.4645636
v 20.2600000 73.8054986 95.6903428
v 20.2600000 72.5553414 97.5866783
v 20.2600000 73.8394012 95.7253174
v 20.2600000 73.8754226 95.7585136
v 20.2600000 73.7726555 95.6535898
v 20.2600000 73.9125036 95.7899315
v 20.2600000 72.7725297 97.7194633
v 20.2600000 72.1040135 97.3543046
v 20.2600000 73.7419313 95.6156512
v 20.2600000 73.9517034 95.8195710
v 20.2600000 78.0888762 99.9525037
v 20.2600000 73.7133260 95.5759343
v 20.2600000 73.9919627 95.8474322
v 20.2600000 72.9823019 97.8623257
v 20.2600000 73.6868396 95.5350318
v 20.2600000 71.8698739 97.2553087
v 20.2600000 73.6614127 95.4923509
v 20.2600000 73.6391641 95.4490772
v 20.2600000 78.1354922 99.9359056
v 20.2600000 76.0155223 97.8036395
v 20.2600000 74.0682435 98.9240128
v 20.2600000 73.6179750 95.4046179
v 20.2600000 74.2843724 96.0472024
v 20.2600000 73.5999643 95.3589731
v 20.2600000 78.1810488 99.9175291
v 20.2600000 73.5840725 95.3127355
v 20.2600000 75.8057501 97.5179147
v 20.2600000 73.9093252 98.7248354
v 20.2600000 73.5702995 95.2659051
v 20.2600000 71.1081255 94.4354061
v 20.2600000 74.5661875 96.2606069
v 20.2600000 73.1835984 98.0158584
v 20.2600000 78.2255459 99.8961886
v 20.2600000 75.5822051 97.2434529
v 20.2600000 73.7419313 98.5345497
v 20.2600000 73.5586455 95.2184818
v 20.2600000 71.1441470 94.4033954
v 20.2600000 74.8384675 96.4876455
v 20.2600000 73.3785381 98.1794685
v 20.2600000 73.5650023 98.3525632
v 20.2600000 75.3470060 96.9796613
v 20.2600000 75.0980340 96.7277255
v 20.2600000 73.5501699 95.1704659
v 20.2600000 71.1780496 94.3696064
v 20.2600000 78.2689836 99.8730698
v 20.2600000 73.5427537 95.1218571
v 20.2600000 71.2098332 94.3340390
v 20.2600000 78.3103023 99.8481726
v 20.2600000 73.5385159 95.0726555
v 20.2600000 71.2405574 94.2972860
v 20.2600000 73.5363970 95.0240467
v 20.2600000 71.2691627 94.2587547
v 20.2600000 78.3516211 99.8209043
v 20.2600000 73.5374564 94.9748451
v 20.2600000 71.2956491 94.2190377
v 20.2600000 73.5395753 94.9262363
v 20.2600000 71.3210760 94.1781352
v 20.2600000 73.5448726 94.8770347
v 20.2600000 80.0033118 101.2862814
v 20.2600000 78.4289613 99.7604397
v 20.2600000 78.3908209 99.7918576
v 20.2600000 73.5533482 94.8290187
v 20.2600000 78.4649828 99.7278362
v 20.2600000 73.5628833 94.7810027
v 20.2600000 73.5755968 94.7335795
v 20.2600000 73.5893697 94.6867491
v 20.2600000 73.6063210 94.6411043
v 20.2600000 73.6253912 94.5954594
v 20.2600000 73.6476398 94.5515930
v 20.2600000 73.6709478 94.5083193
v 20.2600000 80.2554622 100.9300146
v 20.2600000 78.5931769 99.5796387
v 20.2600000 78.5645716 99.6187629
v 20.2600000 78.5327879 99.6567014
v 20.2600000 78.4999448 99.6934544
v 20.2600000 78.6906468 99.4095079
v 20.2600000 80.4917207 100.5630775
v 20.2600000 78.6694577 99.4533744
v 20.2600000 78.6461496 99.4966481
v 20.2600000 78.6207227 99.5387362
v 20.2600000 80.8785890 99.8833849
v 20.2600000 82.7335280 78.8118299
v 20.2600000 85.2899935 77.9902228
v 20.2600000 84.9997028 70.4855000
v 20.2600000 85.3789878 78.0329037
v 20.2600000 85.1999398 77.9522843
v 20.2600000 85.1077672 77.9179024
v 20.2600000 85.0145352 77.8888557
v 20.2600000 84.9191842 77.8645513
v 20.2600000 84.8227738 77.8443965
v 20.2600000 84.7263633 77.8289839
v 20.2600000 84.6288935 77.8189065
v 20.2600000 84.5303641 77.8129786
v 20.2600000 84.4318348 77.8123858
v 20.2600000 84.3343649 77.8165353
v 20.2600000 84.2368950 77.8254272
v 20.2600000 84.1394251 77.8384686
v 20.2600000 84.0430147 77.8568450
v 20.2600000 83.9476637 77.8799639
v 20.2600000 83.8533722 77.9078250
v 20.2600000 83.7601402 77.9404285
v 20.2600000 83.6700865 77.9771814
v 20.2600000 83.5800328 78.0180840
v 20.2600000 83.4931574 78.0637288
v 20.2600000 83.4094605 78.1135232
v 20.2600000 83.3268230 78.1674671
v 20.2600000 83.2473638 78.2255605
v 20.2600000 83.1710830 78.2872107
v 20.2600000 83.0979806 78.3524176
v 20.2600000 83.0280566 78.4211812
v 20.2600000 82.9613109 78.4935016
v 20.2600000 82.8988030 78.5687860
v 20.2600000 82.8394735 78.6470343
v 20.2600000 82.7843819 78.7282465
v 20.2600000 86.9681707 80.7929345
v 20.2600000 91.2218835 76.6718576
v 20.2600000 86.9353275 80.8848169
v 20.2600000 86.9967760 80.6992736
v 20.2600000 87.0211434 80.6050200
v 20.2600000 87.0402136 80.5089880
v 20.2600000 87.0550460 80.4123632
v 20.2600000 87.0645811 80.3151456
v 20.2600000 87.0698784 80.2173353
v 20.2600000 87.0698784 80.1195249
v 20.2600000 87.0656405 80.0223073
v 20.2600000 87.0561054 79.9250897
v 20.2600000 87.0423325 79.8278722
v 20.2600000 87.0243218 79.7324330
v 20.2600000 87.0010138 79.6369938
v 20.2600000 86.9724085 79.5433329
v 20.2600000 86.9406248 79.4514504
v 20.2600000 86.9035439 79.3607536
v 20.2600000 86.8622251 79.2724278
v 20.2600000 86.8166686 79.1858805
v 20.2600000 86.7668742 79.1017043
v 20.2600000 86.7128419 79.0204920
v 20.2600000 86.6556314 78.9416509
v 20.2600000 86.5941830 78.8651810
v 20.2600000 86.5284967 78.7922678
v 20.2600000 86.4596321 78.7229114
v 20.2600000 86.3875892 78.6571117
v 20.2600000 86.3123679 78.5942759
v 20.2600000 86.2350276 78.5355897
v 20.2600000 86.1545090 78.4804602
v 20.2600000 86.0708121 78.4294803
v 20.2600000 86.8971872 80.9749210
v 20.2600000 91.2632023 76.5853103
v 20.2600000 85.4648037 78.0797341
v 20.2600000 91.3076994 76.5005413
v 20.2600000 91.3574938 76.4181434
v 20.2600000 91.4104665 76.3381168
v 20.2600000 91.4676771 76.2610541
v 20.2600000 91.5280661 76.1863625
v 20.2600000 91.5916334 76.1152277
v 20.2600000 91.6594385 76.0470568
v 20.2600000 91.7304220 75.9818499
v 20.2600000 91.8035244 75.9201997
v 20.2600000 91.8798052 75.8621063
v 20.2600000 91.9592644 75.8081624
v 20.2600000 92.0408424 75.7577753
v 20.2600000 92.1255988 75.7115376
v 20.2600000 92.2114147 75.6694495
v 20.2600000 92.2993495 75.6309182
v 20.2600000 92.3894032 75.5971291
v 20.2600000 92.4805163 75.5680824
v 20.2600000 92.5737484 75.5425924
v 20.2600000 92.6669805 75.5224376
v 20.2600000 92.7623314 75.5064322
v 20.2600000 92.8566230 75.4945764
v 20.2600000 92.9530334 75.4880558
v 20.2600000 93.0483844 75.4856846
v 20.2600000 124.7780097 107.1507540
v 20.2600000 126.4349977 105.6474383
v 20.2600000 125.0365168 107.3997259
v 20.2600000 126.2580687 105.4654517
v 20.2600000 124.5322161 106.8887408
v 20.2600000 126.6214619 105.8205330
v 20.2600000 125.3066779 107.6362491
v 20.2600000 126.0906748 105.2751661
v 20.2600000 124.3001954 106.6154645
v 20.2600000 126.8164016 105.9841431
v 20.2600000 125.5884930 107.8591382
v 20.2600000 125.9317565 105.0759886
v 20.2600000 127.0176981 106.1376757
v 20.2600000 125.8798432 108.0678003
v 20.2600000 125.7844922 104.8696977
v 20.2600000 127.2274703 106.2811309
v 20.2600000 126.1817879 108.2622355
v 20.2600000 125.6467630 104.6562932
v 20.2600000 127.4446586 106.4133231
v 20.2600000 126.4922083 108.4412581
v 20.2600000 125.5196284 104.4363681
v 20.2600000 127.6671442 106.5354379
v 20.2600000 126.8121638 108.6048682
v 20.2600000 125.4041478 104.2105151
v 20.2600000 127.8959865 106.6456968
v 20.2600000 127.1384760 108.7530657
v 20.2600000 125.2992617 103.9787341
v 20.2600000 128.1301261 106.7446928
v 20.2600000 127.4722044 108.8852579
v 20.2600000 125.2070891 103.7422109
v 20.2600000 128.3685036 106.8318329
v 20.2600000 127.8122896 109.0002592
v 20.2600000 125.1255111 103.5015381
v 20.2600000 120.2636709 101.6312853
v 20.2600000 128.6111188 106.9071173
v 20.2600000 128.1576720 109.0992551
v 20.2600000 125.0577059 103.2567158
v 20.2600000 119.7445378 100.9300146
v 20.2600000 121.5350172 99.7278362
v 20.2600000 119.9966882 101.2862814
v 20.2600000 121.5000552 99.6934544
v 20.2600000 121.4672121 99.6567014
v 20.2600000 121.5710387 99.7604397
v 20.2600000 121.4354284 99.6187629
v 20.2600000 121.6091791 99.7918576
v 20.2600000 121.4068231 99.5796387
v 20.2600000 119.5082793 100.5630775
v 20.2600000 121.6483789 99.8209043
v 20.2600000 121.3792773 99.5387362
v 20.2600000 121.6896977 99.8481726
v 20.2600000 121.3538504 99.4966481
v 20.2600000 121.7310164 99.8730698
v 20.2600000 121.3305423 99.4533744
v 20.2600000 121.7744541 99.8961886
v 20.2600000 128.8569125 106.9705458
v 20.2600000 128.5062328 109.1804674
v 20.2600000 121.3093532 99.4095079
v 20.2600000 119.1023167 99.8429734
v 20.2600000 121.8189512 99.9175291
v 20.2600000 121.8645078 99.9359056
v 20.2600000 121.9111238 99.9525037
v 20.2600000 121.9577398 99.9667306
v 20.2600000 125.0004953 103.0095223
v 20.2600000 122.0054153 99.9785864
v 20.2600000 122.0530908 99.9880711
v 20.2600000 129.1058844 107.0209330
v 20.2600000 128.8600908 109.2450815
v 20.2600000 122.1018258 99.9951846
v 20.2600000 122.1505607 99.9999269
v 20.2600000 122.1992956 100.0022981
v 20.2600000 124.9570577 102.7593649
v 20.2600000 122.2490900 100.0022981
v 20.2600000 129.3569753 107.0594643
v 20.2600000 129.2150083 109.2925047
v 20.2600000 122.2978250 99.9999269
v 20.2600000 124.9252740 102.5074291
v 20.2600000 129.6101851 107.0849543
v 20.2600000 129.5731042 109.3221442
v 20.2600000 124.9062038 102.2537149
v 20.2600000 122.3465599 99.9951846
v 20.2600000 129.8633949 107.0979957
v 20.2600000 129.9322595 109.3340000
v 20.2600000 124.8998471 102.0000007
v 20.2600000 122.4906458 99.9661379
v 20.2600000 122.4429704 99.9779937
v 20.2600000 122.3952949 99.9874783
v 20.2600000 130.1176642 107.0985885
v 20.2600000 130.2903554 109.3286649
v 20.2600000 122.5838779 99.9353128
v 20.2600000 124.9062038 101.7462866
v 20.2600000 122.5372619 99.9519109
v 20.2600000 130.3708740 107.0867327
v 20.2600000 130.6484513 109.3055461
v 20.2600000 122.7163098 99.8724770
v 20.2600000 124.9252740 101.4925724
v 20.2600000 122.6739316 99.8955958
v 20.2600000 122.6294345 99.9163435
v 20.2600000 130.6240838 107.0618355
v 20.2600000 131.0054877 109.2652363
v 20.2600000 122.8392066 99.7906720
v 20.2600000 124.9570577 101.2406366
v 20.2600000 122.8000068 99.8197187
v 20.2600000 122.7586880 99.8469870
v 20.2600000 130.8751747 107.0244897
v 20.2600000 131.3593458 109.2071429
v 20.2600000 122.9483305 99.6916760
v 20.2600000 125.0004953 100.9904792
v 20.2600000 122.9133685 99.7266507
v 20.2600000 122.8773470 99.7592541
v 20.2600000 131.1241467 106.9746954
v 20.2600000 131.7100254 109.1318586
v 20.2600000 123.0118978 99.6175773
v 20.2600000 125.0577059 100.7432857
v 20.2600000 122.9811736 99.6555158
v 20.2600000 131.3699403 106.9124524
v 20.2600000 132.0575268 109.0399761
v 20.2600000 123.0934759 99.4954625
v 20.2600000 125.1255111 100.4984634
v 20.2600000 123.0680489 99.5375506
v 20.2600000 123.0415626 99.5778603
v 20.2600000 131.6136150 106.8383536
v 20.2600000 132.3986714 108.9309027
v 20.2600000 125.2070891 100.2577906
v 20.2600000 123.1559837 99.3620847
v 20.2600000 123.1379730 99.4077296
v 20.2600000 123.1167839 99.4521888
v 20.2600000 131.8519925 106.7518063
v 20.2600000 132.7355781 108.8052312
v 20.2600000 125.2992617 100.0212673
v 20.2600000 123.2915940 99.0354574
v 20.2600000 132.0861321 106.6534031
v 20.2600000 133.0650687 108.6629616
v 20.2600000 123.4420367 98.7153507
v 20.2600000 125.4041478 99.7894864
v 20.2600000 132.3160339 106.5437369
v 20.2600000 133.3871431 108.5052794
v 20.2600000 123.6083711 98.4023575
v 20.2600000 125.5196284 99.5636334
v 20.2600000 132.5385195 106.4228078
v 20.2600000 133.7018013 108.3315919
v 20.2600000 123.7895380 98.0982562
v 20.2600000 125.6467630 99.3437082
v 20.2600000 132.7557078 106.2912084
v 20.2600000 134.0069244 108.1430847
v 20.2600000 134.3417123 107.9101182
v 20.2600000 134.4158742 107.8443184
v 20.2600000 134.3798527 107.8781075
v 20.2600000 123.9844777 97.8036395
v 20.2600000 125.7844922 99.1303038
v 20.2600000 134.4826198 107.7719981
v 20.2600000 134.4497767 107.8087510
v 20.2600000 134.3025125 107.9397577
v 20.2600000 132.9665394 106.1489387
v 20.2600000 134.5419493 107.6931570
v 20.2600000 134.5133440 107.7328739
v 20.2600000 133.0067987 106.1216704
v 20.2600000 133.0481174 106.0961804
v 20.2600000 134.5938626 107.6089808
v 20.2600000 134.5684357 107.6516617
v 20.2600000 124.1942499 97.5179147
v 20.2600000 125.9317565 98.9240128
v 20.2600000 133.0904956 106.0730616
v 20.2600000 133.1339333 106.0517211
v 20.2600000 134.6362409 107.5200623
v 20.2600000 134.6161112 107.5645215
v 20.2600000 133.1784304 106.0327519
v 20.2600000 134.6701434 107.4269942
v 20.2600000 134.6542516 107.4738246
v 20.2600000 133.2706030 106.0013340
v 20.2600000 133.2239870 106.0161537
v 20.2600000 133.3172191 105.9888854
v 20.2600000 134.6955704 107.3315550
v 20.2600000 134.6839163 107.3795710
v 20.2600000 126.0906748 98.7248354
v 20.2600000 124.4177949 97.2434529
v 20.2600000 134.7040460 107.2829462
v 20.2600000 133.4125700 105.9711017
v 20.2600000 133.3648946 105.9788080
v 20.2600000 134.7104027 107.2337446
v 20.2600000 133.4602455 105.9657666
v 20.2600000 134.7146405 107.1845431
v 20.2600000 133.5089805 105.9628026
v 20.2600000 133.6053909 105.9639882
v 20.2600000 133.5577154 105.9622098
v 20.2600000 134.7146405 107.0855471
v 20.2600000 134.7051054 106.9871439
v 20.2600000 134.7114622 107.0363455
v 20.2600000 134.7157000 107.1353415
v 20.2600000 124.6529940 96.9796613
v 20.2600000 126.2580687 98.5345497
v 20.2600000 133.6541258 105.9675450
v 20.2600000 133.7018013 105.9740656
v 20.2600000 133.7494768 105.9829575
v 20.2600000 134.6870947 106.8905192
v 20.2600000 134.6976893 106.9385352
v 20.2600000 134.6584894 106.7956727
v 20.2600000 134.6733218 106.8425032
v 20.2600000 133.7971523 105.9936277
v 20.2600000 133.8893249 106.0226744
v 20.2600000 133.8437683 106.0066691
v 20.2600000 134.6404787 106.7494351
v 20.2600000 134.6203490 106.7043831
v 20.2600000 134.5981005 106.6605166
v 20.2600000 134.5747925 106.6172429
v 20.2600000 133.9348815 106.0398653
v 20.2600000 134.0641350 106.1056650
v 20.2600000 133.9793786 106.0600202
v 20.2600000 134.0228163 106.0819534
v 20.2600000 134.5483061 106.5757476
v 20.2600000 134.5197008 106.5348451
v 20.2600000 134.1446536 106.1602017
v 20.2600000 134.1054538 106.1317478
v 20.2600000 134.4889766 106.4963137
v 20.2600000 134.2198749 106.2218519
v 20.2600000 134.1827940 106.1898412
v 20.2600000 134.4232904 106.4228078
v 20.2600000 134.4571929 106.4583752
v 20.2600000 134.2548370 106.2550482
v 20.2600000 126.4349977 98.3525632
v 20.2600000 124.9019660 96.7277255
v 20.2600000 126.6214619 98.1794685
v 20.2600000 125.1615325 96.4876455
v 20.2600000 126.8164016 98.0158584
v 20.2600000 125.4338125 96.2606069
v 20.2600000 127.0176981 97.8623257
v 20.2600000 125.7156276 96.0472024
v 20.2600000 126.0080373 95.8474322
v 20.2600000 127.2274703 97.7194633
v 20.2600000 126.0482966 95.8195710
v 20.2600000 126.0874964 95.7899315
v 20.2600000 127.4446586 97.5866783
v 20.2600000 126.1245774 95.7585136
v 20.2600000 126.1605988 95.7253174
v 20.2600000 126.1945014 95.6903428
v 20.2600000 127.6671442 97.4645636
v 20.2600000 126.2273445 95.6535898
v 20.2600000 126.2580687 95.6156512
v 20.2600000 127.8959865 97.3543046
v 20.2600000 126.2866740 95.5759343
v 20.2600000 126.3131604 95.5350318
v 20.2600000 126.3385873 95.4923509
v 20.2600000 128.1301261 97.2553087
v 20.2600000 126.3608359 95.4490772
v 20.2600000 126.3820250 95.4046179
v 20.2600000 126.4000357 95.3589731
v 20.2600000 126.4159275 95.3127355
v 20.2600000 128.3685036 97.1681685
v 20.2600000 126.4297005 95.2659051
v 20.2600000 108.7781165 76.6718576
v 20.2600000 113.0646725 80.8848169
v 20.2600000 113.1028128 80.9749210
v 20.2600000 113.0318293 80.7929345
v 20.2600000 113.0032240 80.6992736
v 20.2600000 112.9788566 80.6050200
v 20.2600000 112.9597864 80.5089880
v 20.2600000 112.9449540 80.4123632
v 20.2600000 112.9354189 80.3151456
v 20.2600000 112.9301216 80.2173353
v 20.2600000 112.9301216 80.1195249
v 20.2600000 112.9343595 80.0223073
v 20.2600000 112.9438946 79.9250897
v 20.2600000 112.9576675 79.8278722
v 20.2600000 112.9756782 79.7324330
v 20.2600000 112.9989862 79.6369938
v 20.2600000 113.0275915 79.5433329
v 20.2600000 113.0593752 79.4514504
v 20.2600000 113.0964561 79.3607536
v 20.2600000 113.1377749 79.2724278
v 20.2600000 113.1833314 79.1858805
v 20.2600000 113.2331258 79.1017043
v 20.2600000 113.2871581 79.0204920
v 20.2600000 113.3443686 78.9416509
v 20.2600000 126.4572463 95.1218571
v 20.2600000 128.8219504 94.3696064
v 20.2600000 126.4498301 95.1704659
v 20.2600000 128.8558530 94.4033954
v 20.2600000 126.4413545 95.2184818
v 20.2600000 126.4614841 95.0726555
v 20.2600000 128.7901668 94.3340390
v 20.2600000 128.8918745 94.4354061
v 20.2600000 128.7594426 94.2972860
v 20.2600000 126.4636030 95.0240467
v 20.2600000 128.9289554 94.4656384
v 20.2600000 128.6111188 97.0928842
v 20.2600000 128.7308373 94.2587547
v 20.2600000 126.4625436 94.9748451
v 20.2600000 128.9670958 94.4940923
v 20.2600000 126.4604247 94.9262363
v 20.2600000 128.7043509 94.2190377
v 20.2600000 129.0073551 94.5207679
v 20.2600000 126.4551274 94.8770347
v 20.2600000 128.6789240 94.1781352
v 20.2600000 126.4466518 94.8290187
v 20.2600000 126.4371167 94.7810027
v 20.2600000 126.4244032 94.7335795
v 20.2600000 126.4106303 94.6867491
v 20.2600000 126.3936790 94.6411043
v 20.2600000 126.3746088 94.5954594
v 20.2600000 126.3523602 94.5515930
v 20.2600000 126.3290522 94.5083193
v 20.2600000 129.0476144 94.5456651
v 20.2600000 128.8569125 97.0294556
v 20.2600000 129.0899926 94.5687839
v 20.2600000 113.4058170 78.8651810
v 20.2600000 129.1334303 94.5895315
v 20.2600000 129.1768679 94.6079080
v 20.2600000 129.1058844 96.9790685
v 20.2600000 129.2224245 94.6245062
v 20.2600000 129.2679811 94.6387331
v 20.2600000 129.3145971 94.6511817
v 20.2600000 129.3569753 96.9405371
v 20.2600000 113.4715033 78.7922678
v 20.2600000 129.3612132 94.6612591
v 20.2600000 129.4088886 94.6689654
v 20.2600000 129.4555047 94.6743005
v 20.2600000 129.6101851 96.9150472
v 20.2600000 113.5403679 78.7229114
v 20.2600000 129.5042396 94.6772645
v 20.2600000 129.5519151 94.6778573
v 20.2600000 129.5995906 94.6766717
v 20.2600000 129.8633949 96.9020058
v 20.2600000 113.6124108 78.6571117
v 20.2600000 113.6876321 78.5942759
v 20.2600000 132.9665394 97.8516555
v 20.2600000 133.0481174 97.9038211
v 20.2600000 133.0067987 97.8783311
v 20.2600000 133.1339333 97.9482803
v 20.2600000 133.0904956 97.9269399
v 20.2600000 113.7649724 78.5355897
v 20.2600000 133.2239870 97.9838477
v 20.2600000 133.1784304 97.9672496
v 20.2600000 129.9566270 94.6660015
v 20.2600000 130.1176642 96.9014130
v 20.2600000 133.3172191 98.0111161
v 20.2600000 133.2706030 97.9986675
v 20.2600000 113.8454910 78.4804602
v 20.2600000 133.3648946 98.0211935
v 20.2600000 133.4602455 98.0342349
v 20.2600000 133.4125700 98.0288998
v 20.2600000 108.7367977 76.5853103
v 20.2600000 113.9291879 78.4294803
v 20.2600000 133.5577154 98.0377916
v 20.2600000 133.5089805 98.0371988
v 20.2600000 133.6053909 98.0360133
v 20.2600000 130.3136634 94.6725222
v 20.2600000 130.3708740 96.9132688
v 20.2600000 133.7018013 98.0259358
v 20.2600000 133.6541258 98.0324565
v 20.2600000 133.8437683 97.9933324
v 20.2600000 133.7494768 98.0170440
v 20.2600000 133.7971523 98.0063737
v 20.2600000 130.6696404 94.6962338
v 20.2600000 130.6240838 96.9381660
v 20.2600000 133.9348815 97.9601361
v 20.2600000 133.8893249 97.9773270
v 20.2600000 133.9793786 97.9399813
v 20.2600000 134.0641350 97.8943364
v 20.2600000 134.0228163 97.9180480
v 20.2600000 134.1054538 97.8682537
v 20.2600000 131.0245579 94.7377291
v 20.2600000 130.8751747 96.9755117
v 20.2600000 134.1446536 97.8397997
v 20.2600000 134.2198749 97.7787423
v 20.2600000 134.1827940 97.8101602
v 20.2600000 108.6923006 76.5005413
v 20.2600000 114.5351963 78.0797341
v 20.2600000 108.6425062 76.4181434
v 20.2600000 134.2548370 97.7449533
v 20.2600000 131.3762970 94.7958225
v 20.2600000 131.1241467 97.0253061
v 20.2600000 114.6210122 78.0329037
v 20.2600000 131.7248578 94.8716996
v 20.2600000 131.3699403 97.0875491
v 20.2600000 134.4232904 97.5771937
v 20.2600000 134.4889766 97.5036877
v 20.2600000 134.4571929 97.5416263
v 20.2600000 134.5197008 97.4651564
v 20.2600000 132.0702402 94.9635821
v 20.2600000 131.6136150 97.1616478
v 20.2600000 134.5747925 97.3827585
v 20.2600000 134.5483061 97.4242539
v 20.2600000 134.5981005 97.3394849
v 20.2600000 134.6203490 97.2956184
v 20.2600000 132.4103254 95.0726555
v 20.2600000 131.8519925 97.2481952
v 20.2600000 134.6404787 97.2505664
v 20.2600000 134.6733218 97.1574983
v 20.2600000 134.6584894 97.2043287
v 20.2600000 132.7440538 95.1983270
v 20.2600000 132.0861321 97.3465984
v 20.2600000 134.6870947 97.1094823
v 20.2600000 134.7051054 97.0128575
v 20.2600000 134.6976893 97.0614663
v 20.2600000 133.0714254 95.3400038
v 20.2600000 132.3160339 97.4562645
v 20.2600000 134.7146405 96.9144544
v 20.2600000 134.7114622 96.9636559
v 20.2600000 133.3924404 95.4970932
v 20.2600000 132.5385195 97.5771937
v 20.2600000 134.7146405 96.8154584
v 20.2600000 134.7157000 96.8646600
v 20.2600000 134.7040460 96.7170553
v 20.2600000 134.7104027 96.7662568
v 20.2600000 134.6955704 96.6684465
v 20.2600000 133.7049797 95.6701879
v 20.2600000 132.7557078 97.7087931
v 20.2600000 134.6839163 96.6204305
v 20.2600000 134.6701434 96.5730073
v 20.2600000 134.0079839 95.8581024
v 20.2600000 134.6362409 96.4799392
v 20.2600000 134.6542516 96.5261768
v 20.2600000 134.5938626 96.3910207
v 20.2600000 134.6161112 96.4354799
v 20.2600000 134.5684357 96.3483398
v 20.2600000 134.5419493 96.3068445
v 20.2600000 134.3025125 96.0602438
v 20.2600000 134.4826198 96.2280034
v 20.2600000 134.5133440 96.2671276
v 20.2600000 134.3417123 96.0898833
v 20.2600000 134.3798527 96.1218940
v 20.2600000 134.4497767 96.1912504
v 20.2600000 134.4158742 96.1556830
v 20.2600000 117.2664720 78.8118299
v 20.2600000 117.2156181 78.7282465
v 20.2600000 115.0002972 70.4855000
v 20.2600000 117.1605265 78.6470343
v 20.2600000 117.1011970 78.5687860
v 20.2600000 117.0386891 78.4935016
v 20.2600000 116.9719434 78.4211812
v 20.2600000 116.9020194 78.3524176
v 20.2600000 116.8289170 78.2872107
v 20.2600000 116.7526362 78.2255605
v 20.2600000 116.6731770 78.1674671
v 20.2600000 116.5905395 78.1135232
v 20.2600000 116.5068426 78.0637288
v 20.2600000 116.4199672 78.0180840
v 20.2600000 116.3299135 77.9771814
v 20.2600000 116.2398598 77.9404285
v 20.2600000 116.1466278 77.9078250
v 20.2600000 116.0523363 77.8799639
v 20.2600000 115.9569853 77.8568450
v 20.2600000 115.8605749 77.8384686
v 20.2600000 115.7631050 77.8254272
v 20.2600000 115.6656351 77.8165353
v 20.2600000 115.5681652 77.8123858
v 20.2600000 115.4696359 77.8129786
v 20.2600000 115.3711065 77.8189065
v 20.2600000 115.2736367 77.8289839
v 20.2600000 115.1772262 77.8443965
v 20.2600000 115.0808158 77.8645513
v 20.2600000 114.9854648 77.8888557
v 20.2600000 114.8922328 77.9179024
v 20.2600000 114.8000602 77.9522843
v 20.2600000 114.7100065 77.9902228
v 20.2600000 106.9516156 75.4856846
v 20.2600000 108.5895335 76.3381168
v 20.2600000 108.5323229 76.2610541
v 20.2600000 108.4719339 76.1863625
v 20.2600000 108.4083666 76.1152277
v 20.2600000 108.3405615 76.0470568
v 20.2600000 108.2695780 75.9818499
v 20.2600000 108.1964756 75.9201997
v 20.2600000 108.1201948 75.8621063
v 20.2600000 108.0407356 75.8081624
v 20.2600000 107.9591576 75.7577753
v 20.2600000 107.8744012 75.7115376
v 20.2600000 107.7885853 75.6694495
v 20.2600000 107.7006505 75.6309182
v 20.2600000 107.6105968 75.5971291
v 20.2600000 107.5194837 75.5680824
v 20.2600000 107.4262516 75.5425924
v 20.2600000 107.3330195 75.5224376
v 20.2600000 107.2376686 75.5064322
v 20.2600000 107.1433770 75.4945764
v 20.2600000 107.0469666 75.4880558
v 10.7600000 126.3290522 94.5083193
v 10.7600000 117.2664720 78.8118299
v 10.7600000 126.0482966 95.8195710
v 10.7600000 126.0080373 95.8474322
v 10.7600000 126.0874964 95.7899315
v 10.7600000 126.1245774 95.7585136
v 10.7600000 126.1605988 95.7253174
v 10.7600000 126.1945014 95.6903428
v 10.7600000 126.2273445 95.6535898
v 10.7600000 126.2580687 95.6156512
v 10.7600000 126.2866740 95.5759343
v 10.7600000 126.3131604 95.5350318
v 10.7600000 126.3385873 95.4923509
v 10.7600000 126.3608359 95.4490772
v 10.7600000 126.3820250 95.4046179
v 10.7600000 126.4000357 95.3589731
v 10.7600000 126.4159275 95.3127355
v 10.7600000 126.4297005 95.2659051
v 10.7600000 126.4413545 95.2184818
v 10.7600000 126.4498301 95.1704659
v 10.7600000 126.4572463 95.1218571
v 10.7600000 126.4614841 95.0726555
v 10.7600000 126.4636030 95.0240467
v 10.7600000 126.4625436 94.9748451
v 10.7600000 126.4604247 94.9262363
v 10.7600000 126.4551274 94.8770347
v 10.7600000 126.4466518 94.8290187
v 10.7600000 126.4371167 94.7810027
v 10.7600000 126.4244032 94.7335795
v 10.7600000 126.4106303 94.6867491
v 10.7600000 126.3936790 94.6411043
v 10.7600000 126.3746088 94.5954594
v 10.7600000 126.3523602 94.5515930
v 10.7600000 125.7156276 96.0472024
v 10.7600000 125.4338125 96.2606069
v 10.7600000 125.1615325 96.4876455
v 10.7600000 124.9019660 96.7277255
v 10.7600000 124.6529940 96.9796613
v 10.7600000 124.4177949 97.2434529
v 10.7600000 124.1942499 97.5179147
v 10.7600000 123.9844777 97.8036395
v 10.7600000 123.7895380 98.0982562
v 10.7600000 123.6083711 98.4023575
v 10.7600000 123.4420367 98.7153507
v 10.7600000 123.2915940 99.0354574
v 10.7600000 123.1559837 99.3620847
v 10.7600000 65.5173802 107.7719981
v 10.7600000 65.5502233 107.8087510
v 10.7600000 65.5841258 107.8443184
v 10.7600000 65.4580507 107.6931570
v 10.7600000 65.4866560 107.7328739
v 10.7600000 65.4315643 107.6516617
v 10.7600000 65.3838888 107.5645215
v 10.7600000 65.4061374 107.6089808
v 10.7600000 65.3637591 107.5200623
v 10.7600000 65.3298566 107.4269942
v 10.7600000 65.3457484 107.4738246
v 10.7600000 65.3044296 107.3315550
v 10.7600000 65.3160837 107.3795710
v 10.7600000 65.2895973 107.2337446
v 10.7600000 65.2959540 107.2829462
v 10.7600000 65.2853595 107.1845431
v 10.7600000 65.2853595 107.0855471
v 10.7600000 65.2843000 107.1353415
v 10.7600000 65.3129053 106.8905192
v 10.7600000 65.3023107 106.9385352
v 10.7600000 65.2948946 106.9871439
v 10.7600000 65.2885378 107.0363455
v 10.7600000 65.3266782 106.8425032
v 10.7600000 65.3595213 106.7494351
v 10.7600000 65.3415106 106.7956727
v 10.7600000 65.4018995 106.6605166
v 10.7600000 65.3796510 106.7043831
v 10.7600000 65.4516939 106.5757476
v 10.7600000 65.4252075 106.6172429
v 10.7600000 65.4802992 106.5348451
v 10.7600000 65.5428071 106.4583752
v 10.7600000 65.5110234 106.4963137
v 10.7600000 65.5767096 106.4228078
v 10.7600000 65.6201473 107.8781075
v 10.7600000 65.6582877 107.9101182
v 10.7600000 65.6974875 107.9397577
v 10.7600000 65.7451630 106.2550482
v 10.7600000 65.8172060 106.1898412
v 10.7600000 65.7801251 106.2218519
v 10.7600000 65.8553464 106.1602017
v 10.7600000 65.8945462 106.1317478
v 10.7600000 65.9358650 106.1056650
v 10.7600000 65.9771837 106.0819534
v 10.7600000 66.0206214 106.0600202
v 10.7600000 66.0651185 106.0398653
v 10.7600000 66.1106751 106.0226744
v 10.7600000 66.1562317 106.0066691
v 10.7600000 66.2028477 105.9936277
v 10.7600000 66.2505232 105.9829575
v 10.7600000 66.2981987 105.9740656
v 10.7600000 66.3458742 105.9675450
v 10.7600000 66.3946091 105.9639882
v 10.7600000 66.4910195 105.9628026
v 10.7600000 66.4422846 105.9622098
v 10.7600000 66.5397545 105.9657666
v 10.7600000 66.5874300 105.9711017
v 10.7600000 66.6351054 105.9788080
v 10.7600000 66.6827809 105.9888854
v 10.7600000 66.7293970 106.0013340
v 10.7600000 66.7760130 106.0161537
v 10.7600000 66.8215696 106.0327519
v 10.7600000 66.9095044 106.0730616
v 10.7600000 66.8660667 106.0517211
v 10.7600000 66.9518826 106.0961804
v 10.7600000 66.9932013 106.1216704
v 10.7600000 67.0334606 106.1489387
v 10.7600000 65.9930756 108.1430847
v 10.7600000 67.2442922 106.2912084
v 10.7600000 66.2981987 108.3315919
v 10.7600000 67.4614805 106.4228078
v 10.7600000 66.6128569 108.5052794
v 10.7600000 67.6839661 106.5437369
v 10.7600000 66.9349313 108.6629616
v 10.7600000 67.9138679 106.6534031
v 10.7600000 67.2644219 108.8052312
v 10.7600000 68.1480075 106.7518063
v 10.7600000 67.6013286 108.9309027
v 10.7600000 68.3863850 106.8383536
v 10.7600000 67.9424732 109.0399761
v 10.7600000 68.6300597 106.9124524
v 10.7600000 68.2899746 109.1318586
v 10.7600000 68.8758533 106.9746954
v 10.7600000 68.6406542 109.2071429
v 10.7600000 69.1248253 107.0244897
v 10.7600000 68.9945123 109.2652363
v 10.7600000 69.3759162 107.0618355
v 10.7600000 69.3515487 109.3055461
v 10.7600000 69.6291260 107.0867327
v 10.7600000 69.7096446 109.3286649
v 10.7600000 69.8823358 107.0985885
v 10.7600000 70.0677405 109.3340000
v 10.7600000 70.1366051 107.0979957
v 10.7600000 70.4268958 109.3221442
v 10.7600000 70.3898149 107.0849543
v 10.7600000 70.7849917 109.2925047
v 10.7600000 70.6430247 107.0594643
v 10.7600000 71.1399092 109.2450815
v 10.7600000 70.8941156 107.0209330
v 10.7600000 71.4937672 109.1804674
v 10.7600000 71.1430875 106.9705458
v 10.7600000 71.8423280 109.0992551
v 10.7600000 71.3888812 106.9071173
v 10.7600000 72.1877104 109.0002592
v 10.7600000 71.6314964 106.8318329
v 10.7600000 72.5277956 108.8852579
v 10.7600000 71.8698739 106.7446928
v 10.7600000 72.8615240 108.7530657
v 10.7600000 72.1040135 106.6456968
v 10.7600000 73.1878362 108.6048682
v 10.7600000 72.3328558 106.5354379
v 10.7600000 73.5077917 108.4412581
v 10.7600000 72.5553414 106.4133231
v 10.7600000 73.8182121 108.2622355
v 10.7600000 72.7725297 106.2811309
v 10.7600000 74.1201568 108.0678003
v 10.7600000 72.9823019 106.1376757
v 10.7600000 74.4115070 107.8591382
v 10.7600000 73.1835984 105.9841431
v 10.7600000 74.6933221 107.6362491
v 10.7600000 73.3785381 105.8205330
v 10.7600000 74.9634832 107.3997259
v 10.7600000 73.5650023 105.6474383
v 10.7600000 65.8945462 97.8682537
v 10.7600000 65.7451630 97.7449533
v 10.7600000 65.7801251 97.7787423
v 10.7600000 65.8172060 97.8101602
v 10.7600000 65.8553464 97.8397997
v 10.7600000 65.9771837 97.9180480
v 10.7600000 65.9358650 97.8943364
v 10.7600000 65.4018995 97.3394849
v 10.7600000 65.4252075 97.3827585
v 10.7600000 65.4516939 97.4242539
v 10.7600000 75.2219903 107.1507540
v 10.7600000 65.3796510 97.2956184
v 10.7600000 65.4802992 97.4651564
v 10.7600000 65.5110234 97.5036877
v 10.7600000 65.3595213 97.2505664
v 10.7600000 65.5428071 97.5416263
v 10.7600000 66.1106751 97.9773270
v 10.7600000 66.0206214 97.9399813
v 10.7600000 66.0651185 97.9601361
v 10.7600000 65.3415106 97.2043287
v 10.7600000 66.1562317 97.9933324
v 10.7600000 65.3266782 97.1574983
v 10.7600000 65.3023107 97.0614663
v 10.7600000 65.3129053 97.1094823
v 10.7600000 66.2981987 98.0259358
v 10.7600000 66.2028477 98.0063737
v 10.7600000 66.2505232 98.0170440
v 10.7600000 73.7419313 105.4654517
v 10.7600000 65.2948946 97.0128575
v 10.7600000 66.3946091 98.0360133
v 10.7600000 66.3458742 98.0324565
v 10.7600000 65.2853595 96.9144544
v 10.7600000 65.2885378 96.9636559
v 10.7600000 66.5397545 98.0342349
v 10.7600000 66.4422846 98.0377916
v 10.7600000 66.4910195 98.0371988
v 10.7600000 65.2895973 96.7662568
v 10.7600000 65.2853595 96.8154584
v 10.7600000 65.2843000 96.8646600
v 10.7600000 66.5874300 98.0288998
v 10.7600000 75.4677839 106.8887408
v 10.7600000 65.2959540 96.7170553
v 10.7600000 73.9093252 105.2751661
v 10.7600000 66.6827809 98.0111161
v 10.7600000 66.6351054 98.0211935
v 10.7600000 65.3298566 96.5730073
v 10.7600000 65.3160837 96.6204305
v 10.7600000 65.3044296 96.6684465
v 10.7600000 66.7760130 97.9838477
v 10.7600000 66.7293970 97.9986675
v 10.7600000 66.8215696 97.9672496
v 10.7600000 65.3637591 96.4799392
v 10.7600000 65.3457484 96.5261768
v 10.7600000 66.9095044 97.9269399
v 10.7600000 66.8660667 97.9482803
v 10.7600000 65.4061374 96.3910207
v 10.7600000 65.3838888 96.4354799
v 10.7600000 66.9518826 97.9038211
v 10.7600000 65.4315643 96.3483398
v 10.7600000 75.6998046 106.6154645
v 10.7600000 74.0682435 105.0759886
v 10.7600000 66.9932013 97.8783311
v 10.7600000 67.0334606 97.8516555
v 10.7600000 65.4866560 96.2671276
v 10.7600000 65.4580507 96.3068445
v 10.7600000 65.5173802 96.2280034
v 10.7600000 74.2155078 104.8696977
v 10.7600000 65.5502233 96.1912504
v 10.7600000 65.6201473 96.1218940
v 10.7600000 65.5841258 96.1556830
v 10.7600000 65.6974875 96.0602438
v 10.7600000 65.6582877 96.0898833
v 10.7600000 65.5767096 97.5771937
v 10.7600000 74.3532370 104.6562932
v 10.7600000 74.4803716 104.4363681
v 10.7600000 65.9920161 95.8581024
v 10.7600000 67.2442922 97.7087931
v 10.7600000 74.5958522 104.2105151
v 10.7600000 66.2950203 95.6701879
v 10.7600000 67.4614805 97.5771937
v 10.7600000 74.7007383 103.9787341
v 10.7600000 74.7929109 103.7422109
v 10.7600000 66.6075596 95.4970932
v 10.7600000 67.6839661 97.4562645
v 10.7600000 74.8744889 103.5015381
v 10.7600000 66.9285746 95.3400038
v 10.7600000 67.9138679 97.3465984
v 10.7600000 67.2559462 95.1983270
v 10.7600000 68.1480075 97.2481952
v 10.7600000 67.5896746 95.0726555
v 10.7600000 68.3863850 97.1616478
v 10.7600000 67.9297598 94.9635821
v 10.7600000 68.6300597 97.0875491
v 10.7600000 68.2751422 94.8716996
v 10.7600000 68.8758533 97.0253061
v 10.7600000 68.6237030 94.7958225
v 10.7600000 69.1248253 96.9755117
v 10.7600000 68.9754421 94.7377291
v 10.7600000 69.3759162 96.9381660
v 10.7600000 69.3303596 94.6962338
v 10.7600000 69.6291260 96.9132688
v 10.7600000 69.6863366 94.6725222
v 10.7600000 69.8823358 96.9014130
v 10.7600000 70.0433730 94.6660015
v 10.7600000 70.1366051 96.9020058
v 10.7600000 70.4004094 94.6766717
v 10.7600000 70.3898149 96.9150472
v 10.7600000 70.4480849 94.6778573
v 10.7600000 70.4957604 94.6772645
v 10.7600000 70.5444953 94.6743005
v 10.7600000 70.6430247 96.9405371
v 10.7600000 70.5911114 94.6689654
v 10.7600000 70.6387868 94.6612591
v 10.7600000 70.6854029 94.6511817
v 10.7600000 70.8941156 96.9790685
v 10.7600000 70.7320189 94.6387331
v 10.7600000 70.7775755 94.6245062
v 10.7600000 70.8231321 94.6079080
v 10.7600000 71.1430875 97.0294556
v 10.7600000 70.8665697 94.5895315
v 10.7600000 70.9100074 94.5687839
v 10.7600000 70.9523856 94.5456651
v 10.7600000 71.3888812 97.0928842
v 10.7600000 70.9926449 94.5207679
v 10.7600000 71.0329042 94.4940923
v 10.7600000 71.0710446 94.4656384
v 10.7600000 71.6314964 97.1681685
v 10.7600000 77.0516695 99.6916760
v 10.7600000 74.9422941 100.7432857
v 10.7600000 74.9995047 100.9904792
v 10.7600000 77.0866315 99.7266507
v 10.7600000 77.1226530 99.7592541
v 10.7600000 77.0188264 99.6555158
v 10.7600000 77.1607934 99.7906720
v 10.7600000 75.0429423 101.2406366
v 10.7600000 76.9881022 99.6175773
v 10.7600000 74.8744889 100.4984634
v 10.7600000 77.1999932 99.8197187
v 10.7600000 76.9584374 99.5778603
v 10.7600000 77.2413120 99.8469870
v 10.7600000 76.9319511 99.5375506
v 10.7600000 77.2836902 99.8724770
v 10.7600000 75.0747260 101.4925724
v 10.7600000 76.9065241 99.4954625
v 10.7600000 74.7929109 100.2577906
v 10.7600000 77.3260684 99.8955958
v 10.7600000 76.8832161 99.4521888
v 10.7600000 77.3705655 99.9163435
v 10.7600000 76.8620270 99.4077296
v 10.7600000 77.4161221 99.9353128
v 10.7600000 75.0937962 101.7462866
v 10.7600000 76.8440163 99.3620847
v 10.7600000 74.7007383 100.0212673
v 10.7600000 77.4627381 99.9519109
v 10.7600000 77.5093542 99.9661379
v 10.7600000 75.1001529 102.0000007
v 10.7600000 77.5570296 99.9779937
v 10.7600000 77.6047051 99.9874783
v 10.7600000 77.6534401 99.9951846
v 10.7600000 75.0937962 102.2537149
v 10.7600000 76.7084060 99.0354574
v 10.7600000 74.5958522 99.7894864
v 10.7600000 77.7021750 99.9999269
v 10.7600000 76.5579633 98.7153507
v 10.7600000 74.4803716 99.5636334
v 10.7600000 76.3916289 98.4023575
v 10.7600000 74.3532370 99.3437082
v 10.7600000 79.7363291 101.6312853
v 10.7600000 78.0422602 99.9667306
v 10.7600000 77.9945847 99.9785864
v 10.7600000 77.9469092 99.9880711
v 10.7600000 77.8981742 99.9951846
v 10.7600000 77.8494393 99.9999269
v 10.7600000 75.0747260 102.5074291
v 10.7600000 77.8007044 100.0022981
v 10.7600000 77.7509100 100.0022981
v 10.7600000 75.0429423 102.7593649
v 10.7600000 74.9995047 103.0095223
v 10.7600000 74.9422941 103.2567158
v 10.7600000 76.2104620 98.0982562
v 10.7600000 74.2155078 99.1303038
v 10.7600000 73.8054986 95.6903428
v 10.7600000 72.5553414 97.5866783
v 10.7600000 73.8394012 95.7253174
v 10.7600000 72.3328558 97.4645636
v 10.7600000 73.8754226 95.7585136
v 10.7600000 73.7726555 95.6535898
v 10.7600000 73.9125036 95.7899315
v 10.7600000 72.7725297 97.7194633
v 10.7600000 73.7419313 95.6156512
v 10.7600000 72.1040135 97.3543046
v 10.7600000 73.9517034 95.8195710
v 10.7600000 78.0888762 99.9525037
v 10.7600000 73.7133260 95.5759343
v 10.7600000 73.9919627 95.8474322
v 10.7600000 72.9823019 97.8623257
v 10.7600000 73.6868396 95.5350318
v 10.7600000 73.6614127 95.4923509
v 10.7600000 71.8698739 97.2553087
v 10.7600000 73.6391641 95.4490772
v 10.7600000 78.1354922 99.9359056
v 10.7600000 76.0155223 97.8036395
v 10.7600000 74.0682435 98.9240128
v 10.7600000 73.6179750 95.4046179
v 10.7600000 74.2843724 96.0472024
v 10.7600000 73.5999643 95.3589731
v 10.7600000 78.1810488 99.9175291
v 10.7600000 73.5840725 95.3127355
v 10.7600000 75.8057501 97.5179147
v 10.7600000 73.9093252 98.7248354
v 10.7600000 73.5702995 95.2659051
v 10.7600000 71.1081255 94.4354061
v 10.7600000 74.5661875 96.2606069
v 10.7600000 73.1835984 98.0158584
v 10.7600000 78.2255459 99.8961886
v 10.7600000 75.5822051 97.2434529
v 10.7600000 73.7419313 98.5345497
v 10.7600000 73.5586455 95.2184818
v 10.7600000 71.1441470 94.4033954
v 10.7600000 74.8384675 96.4876455
v 10.7600000 73.3785381 98.1794685
v 10.7600000 75.3470060 96.9796613
v 10.7600000 73.5650023 98.3525632
v 10.7600000 75.0980340 96.7277255
v 10.7600000 73.5501699 95.1704659
v 10.7600000 71.1780496 94.3696064
v 10.7600000 78.2689836 99.8730698
v 10.7600000 73.5427537 95.1218571
v 10.7600000 71.2098332 94.3340390
v 10.7600000 78.3103023 99.8481726
v 10.7600000 73.5385159 95.0726555
v 10.7600000 71.2405574 94.2972860
v 10.7600000 73.5363970 95.0240467
v 10.7600000 71.2691627 94.2587547
v 10.7600000 78.3516211 99.8209043
v 10.7600000 73.5374564 94.9748451
v 10.7600000 71.2956491 94.2190377
v 10.7600000 73.5395753 94.9262363
v 10.7600000 71.3210760 94.1781352
v 10.7600000 73.5448726 94.8770347
v 10.7600000 80.0033118 101.2862814
v 10.7600000 78.4289613 99.7604397
v 10.7600000 78.3908209 99.7918576
v 10.7600000 73.5533482 94.8290187
v 10.7600000 78.4649828 99.7278362
v 10.7600000 73.5628833 94.7810027
v 10.7600000 73.5755968 94.7335795
v 10.7600000 73.5893697 94.6867491
v 10.7600000 73.6063210 94.6411043
v 10.7600000 73.6253912 94.5954594
v 10.7600000 73.6476398 94.5515930
v 10.7600000 73.6709478 94.5083193
v 10.7600000 80.2554622 100.9300146
v 10.7600000 78.5931769 99.5796387
v 10.7600000 78.5645716 99.6187629
v 10.7600000 78.5327879 99.6567014
v 10.7600000 78.4999448 99.6934544
v 10.7600000 80.4917207 100.5630775
v 10.7600000 78.6694577 99.4533744
v 10.7600000 78.6461496 99.4966481
v 10.7600000 78.6207227 99.5387362
v 10.7600000 78.6906468 99.4095079
v 10.7600000 80.8819638 99.8724603
v 10.7600000 82.7335280 78.8118299
v 10.7600000 84.9997028 70.4855000
v 10.7600000 82.7843819 78.7282465
v 10.7600000 82.8394735 78.6470343
v 10.7600000 82.8988030 78.5687860
v 10.7600000 82.9613109 78.4935016
v 10.7600000 83.0280566 78.4211812
v 10.7600000 83.0979806 78.3524176
v 10.7600000 83.1710830 78.2872107
v 10.7600000 83.2473638 78.2255605
v 10.7600000 83.3268230 78.1674671
v 10.7600000 83.4094605 78.1135232
v 10.7600000 83.4931574 78.0637288
v 10.7600000 83.5800328 78.0180840
v 10.7600000 83.6700865 77.9771814
v 10.7600000 83.7601402 77.9404285
v 10.7600000 83.8533722 77.9078250
v 10.7600000 83.9476637 77.8799639
v 10.7600000 84.0430147 77.8568450
v 10.7600000 84.1394251 77.8384686
v 10.7600000 84.2368950 77.8254272
v 10.7600000 84.3343649 77.8165353
v 10.7600000 84.4318348 77.8123858
v 10.7600000 84.5303641 77.8129786
v 10.7600000 84.6288935 77.8189065
v 10.7600000 84.7263633 77.8289839
v 10.7600000 84.8227738 77.8443965
v 10.7600000 84.9191842 77.8645513
v 10.7600000 85.0145352 77.8888557
v 10.7600000 85.1077672 77.9179024
v 10.7600000 85.1999398 77.9522843
v 10.7600000 85.2899935 77.9902228
v 10.7600000 85.3789878 78.0329037
v 10.7600000 91.2218835 76.6718576
v 10.7600000 86.0708121 78.4294803
v 10.7600000 86.1545090 78.4804602
v 10.7600000 86.2350276 78.5355897
v 10.7600000 86.3123679 78.5942759
v 10.7600000 86.3875892 78.6571117
v 10.7600000 86.4596321 78.7229114
v 10.7600000 86.5284967 78.7922678
v 10.7600000 86.5941830 78.8651810
v 10.7600000 86.6556314 78.9416509
v 10.7600000 86.7128419 79.0204920
v 10.7600000 86.7668742 79.1017043
v 10.7600000 86.8166686 79.1858805
v 10.7600000 86.8622251 79.2724278
v 10.7600000 86.9035439 79.3607536
v 10.7600000 86.9406248 79.4514504
v 10.7600000 86.9724085 79.5433329
v 10.7600000 87.0010138 79.6369938
v 10.7600000 87.0243218 79.7324330
v 10.7600000 87.0423325 79.8278722
v 10.7600000 87.0561054 79.9250897
v 10.7600000 87.0656405 80.0223073
v 10.7600000 87.0698784 80.1195249
v 10.7600000 87.0698784 80.2173353
v 10.7600000 87.0645811 80.3151456
v 10.7600000 87.0550460 80.4123632
v 10.7600000 87.0402136 80.5089880
v 10.7600000 87.0211434 80.6050200
v 10.7600000 86.9967760 80.6992736
v 10.7600000 86.9681707 80.7929345
v 10.7600000 86.9353275 80.8848169
v 10.7600000 86.8971872 80.9749210
v 10.7600000 91.2632023 76.5853103
v 10.7600000 85.4648037 78.0797341
v 10.7600000 91.3076994 76.5005413
v 10.7600000 91.3574938 76.4181434
v 10.7600000 91.4104665 76.3381168
v 10.7600000 91.4676771 76.2610541
v 10.7600000 91.5280661 76.1863625
v 10.7600000 91.5916334 76.1152277
v 10.7600000 91.6594385 76.0470568
v 10.7600000 91.7304220 75.9818499
v 10.7600000 91.8035244 75.9201997
v 10.7600000 91.8798052 75.8621063
v 10.7600000 91.9592644 75.8081624
v 10.7600000 92.0408424 75.7577753
v 10.7600000 92.1255988 75.7115376
v 10.7600000 92.2114147 75.6694495
v 10.7600000 92.2993495 75.6309182
v 10.7600000 92.3894032 75.5971291
v 10.7600000 92.4805163 75.5680824
v 10.7600000 92.5737484 75.5425924
v 10.7600000 92.6669805 75.5224376
v 10.7600000 92.7623314 75.5064322
v 10.7600000 92.8566230 75.4945764
v 10.7600000 92.9530334 75.4880558
v 10.7600000 93.0483844 75.4856846
v 10.7600000 126.4349977 105.6474383
v 10.7600000 124.7780097 107.1507540
v 10.7600000 125.0365168 107.3997259
v 10.7600000 126.2580687 105.4654517
v 10.7600000 124.5322161 106.8887408
v 10.7600000 126.6214619 105.8205330
v 10.7600000 125.3066779 107.6362491
v 10.7600000 126.0906748 105.2751661
v 10.7600000 124.3001954 106.6154645
v 10.7600000 126.8164016 105.9841431
v 10.7600000 125.5884930 107.8591382
v 10.7600000 125.9317565 105.0759886
v 10.7600000 127.0176981 106.1376757
v 10.7600000 125.8798432 108.0678003
v 10.7600000 125.7844922 104.8696977
v 10.7600000 127.2274703 106.2811309
v 10.7600000 126.1817879 108.2622355
v 10.7600000 125.6467630 104.6562932
v 10.7600000 127.4446586 106.4133231
v 10.7600000 126.4922083 108.4412581
v 10.7600000 125.5196284 104.4363681
v 10.7600000 127.6671442 106.5354379
v 10.7600000 126.8121638 108.6048682
v 10.7600000 125.4041478 104.2105151
v 10.7600000 127.8959865 106.6456968
v 10.7600000 127.1384760 108.7530657
v 10.7600000 125.2992617 103.9787341
v 10.7600000 128.1301261 106.7446928
v 10.7600000 127.4722044 108.8852579
v 10.7600000 125.2070891 103.7422109
v 10.7600000 128.3685036 106.8318329
v 10.7600000 127.8122896 109.0002592
v 10.7600000 125.1255111 103.5015381
v 10.7600000 120.2636709 101.6312853
v 10.7600000 128.6111188 106.9071173
v 10.7600000 128.1576720 109.0992551
v 10.7600000 125.0577059 103.2567158
v 10.7600000 121.5350172 99.7278362
v 10.7600000 121.5000552 99.6934544
v 10.7600000 119.7445378 100.9300146
v 10.7600000 119.9966882 101.2862814
v 10.7600000 121.4672121 99.6567014
v 10.7600000 121.5710387 99.7604397
v 10.7600000 121.4354284 99.6187629
v 10.7600000 121.6091791 99.7918576
v 10.7600000 121.4068231 99.5796387
v 10.7600000 119.5082793 100.5630775
v 10.7600000 121.6483789 99.8209043
v 10.7600000 121.3792773 99.5387362
v 10.7600000 121.6896977 99.8481726
v 10.7600000 121.3538504 99.4966481
v 10.7600000 121.7310164 99.8730698
v 10.7600000 121.3305423 99.4533744
v 10.7600000 121.7744541 99.8961886
v 10.7600000 128.8569125 106.9705458
v 10.7600000 128.5062328 109.1804674
v 10.7600000 121.3093532 99.4095079
v 10.7600000 119.1368024 99.9116798
v 10.7600000 121.8189512 99.9175291
v 10.7600000 121.8645078 99.9359056
v 10.7600000 121.9111238 99.9525037
v 10.7600000 121.9577398 99.9667306
v 10.7600000 125.0004953 103.0095223
v 10.7600000 122.0054153 99.9785864
v 10.7600000 122.0530908 99.9880711
v 10.7600000 129.1058844 107.0209330
v 10.7600000 128.8600908 109.2450815
v 10.7600000 122.1018258 99.9951846
v 10.7600000 122.1505607 99.9999269
v 10.7600000 122.1992956 100.0022981
v 10.7600000 124.9570577 102.7593649
v 10.7600000 122.2490900 100.0022981
v 10.7600000 129.3569753 107.0594643
v 10.7600000 129.2150083 109.2925047
v 10.7600000 122.2978250 99.9999269
v 10.7600000 124.9252740 102.5074291
v 10.7600000 129.6101851 107.0849543
v 10.7600000 129.5731042 109.3221442
v 10.7600000 124.9062038 102.2537149
v 10.7600000 122.3465599 99.9951846
v 10.7600000 129.8633949 107.0979957
v 10.7600000 129.9322595 109.3340000
v 10.7600000 124.8998471 102.0000007
v 10.7600000 122.4906458 99.9661379
v 10.7600000 122.4429704 99.9779937
v 10.7600000 122.3952949 99.9874783
v 10.7600000 130.1176642 107.0985885
v 10.7600000 130.2903554 109.3286649
v 10.7600000 124.9062038 101.7462866
v 10.7600000 122.5838779 99.9353128
v 10.7600000 122.5372619 99.9519109
v 10.7600000 130.3708740 107.0867327
v 10.7600000 130.6484513 109.3055461
v 10.7600000 124.9252740 101.4925724
v 10.7600000 122.7163098 99.8724770
v 10.7600000 122.6739316 99.8955958
v 10.7600000 122.6294345 99.9163435
v 10.7600000 130.6240838 107.0618355
v 10.7600000 131.0054877 109.2652363
v 10.7600000 124.9570577 101.2406366
v 10.7600000 122.8392066 99.7906720
v 10.7600000 122.8000068 99.8197187
v 10.7600000 122.7586880 99.8469870
v 10.7600000 130.8751747 107.0244897
v 10.7600000 131.3593458 109.2071429
v 10.7600000 125.0004953 100.9904792
v 10.7600000 122.9483305 99.6916760
v 10.7600000 122.9133685 99.7266507
v 10.7600000 122.8773470 99.7592541
v 10.7600000 131.1241467 106.9746954
v 10.7600000 131.7100254 109.1318586
v 10.7600000 125.0577059 100.7432857
v 10.7600000 123.0118978 99.6175773
v 10.7600000 122.9811736 99.6555158
v 10.7600000 131.3699403 106.9124524
v 10.7600000 132.0575268 109.0399761
v 10.7600000 125.1255111 100.4984634
v 10.7600000 123.0934759 99.4954625
v 10.7600000 123.0680489 99.5375506
v 10.7600000 123.0415626 99.5778603
v 10.7600000 131.6136150 106.8383536
v 10.7600000 132.3986714 108.9309027
v 10.7600000 125.2070891 100.2577906
v 10.7600000 123.1379730 99.4077296
v 10.7600000 123.1167839 99.4521888
v 10.7600000 131.8519925 106.7518063
v 10.7600000 132.7355781 108.8052312
v 10.7600000 125.2992617 100.0212673
v 10.7600000 132.0861321 106.6534031
v 10.7600000 133.0650687 108.6629616
v 10.7600000 125.4041478 99.7894864
v 10.7600000 132.3160339 106.5437369
v 10.7600000 133.3871431 108.5052794
v 10.7600000 125.5196284 99.5636334
v 10.7600000 132.5385195 106.4228078
v 10.7600000 133.7018013 108.3315919
v 10.7600000 125.6467630 99.3437082
v 10.7600000 132.7557078 106.2912084
v 10.7600000 134.0069244 108.1430847
v 10.7600000 134.4497767 107.8087510
v 10.7600000 134.3798527 107.8781075
v 10.7600000 134.4158742 107.8443184
v 10.7600000 125.7844922 99.1303038
v 10.7600000 134.4826198 107.7719981
v 10.7600000 134.3025125 107.9397577
v 10.7600000 134.3417123 107.9101182
v 10.7600000 132.9665394 106.1489387
v 10.7600000 134.5419493 107.6931570
v 10.7600000 134.5133440 107.7328739
v 10.7600000 134.5938626 107.6089808
v 10.7600000 134.5684357 107.6516617
v 10.7600000 125.9317565 98.9240128
v 10.7600000 133.0904956 106.0730616
v 10.7600000 133.0481174 106.0961804
v 10.7600000 133.0067987 106.1216704
v 10.7600000 133.1784304 106.0327519
v 10.7600000 133.1339333 106.0517211
v 10.7600000 134.6542516 107.4738246
v 10.7600000 134.6161112 107.5645215
v 10.7600000 134.6362409 107.5200623
v 10.7600000 133.2706030 106.0013340
v 10.7600000 133.2239870 106.0161537
v 10.7600000 133.3172191 105.9888854
v 10.7600000 126.0906748 98.7248354
v 10.7600000 134.7040460 107.2829462
v 10.7600000 134.6701434 107.4269942
v 10.7600000 134.6839163 107.3795710
v 10.7600000 134.6955704 107.3315550
v 10.7600000 133.4125700 105.9711017
v 10.7600000 133.3648946 105.9788080
v 10.7600000 134.7104027 107.2337446
v 10.7600000 133.4602455 105.9657666
v 10.7600000 134.7157000 107.1353415
v 10.7600000 134.7146405 107.1845431
v 10.7600000 133.5577154 105.9622098
v 10.7600000 133.5089805 105.9628026
v 10.7600000 133.6053909 105.9639882
v 10.7600000 134.7114622 107.0363455
v 10.7600000 134.7146405 107.0855471
v 10.7600000 133.6541258 105.9675450
v 10.7600000 126.2580687 98.5345497
v 10.7600000 133.7018013 105.9740656
v 10.7600000 134.6976893 106.9385352
v 10.7600000 134.7051054 106.9871439
v 10.7600000 133.7494768 105.9829575
v 10.7600000 133.7971523 105.9936277
v 10.7600000 134.6584894 106.7956727
v 10.7600000 134.6870947 106.8905192
v 10.7600000 134.6733218 106.8425032
v 10.7600000 133.9348815 106.0398653
v 10.7600000 133.8893249 106.0226744
v 10.7600000 133.8437683 106.0066691
v 10.7600000 134.0228163 106.0819534
v 10.7600000 133.9793786 106.0600202
v 10.7600000 134.5747925 106.6172429
v 10.7600000 134.6203490 106.7043831
v 10.7600000 134.5981005 106.6605166
v 10.7600000 134.1054538 106.1317478
v 10.7600000 134.0641350 106.1056650
v 10.7600000 134.5197008 106.5348451
v 10.7600000 134.5483061 106.5757476
v 10.7600000 134.1446536 106.1602017
v 10.7600000 134.1827940 106.1898412
v 10.7600000 134.4571929 106.4583752
v 10.7600000 134.4889766 106.4963137
v 10.7600000 134.4232904 106.4228078
v 10.7600000 134.6404787 106.7494351
v 10.7600000 134.2548370 106.2550482
v 10.7600000 134.2198749 106.2218519
v 10.7600000 126.4349977 98.3525632
v 10.7600000 126.6214619 98.1794685
v 10.7600000 126.8164016 98.0158584
v 10.7600000 127.0176981 97.8623257
v 10.7600000 127.2274703 97.7194633
v 10.7600000 127.4446586 97.5866783
v 10.7600000 127.6671442 97.4645636
v 10.7600000 127.8959865 97.3543046
v 10.7600000 128.1301261 97.2553087
v 10.7600000 128.3685036 97.1681685
v 10.7600000 113.0646725 80.8848169
v 10.7600000 108.7781165 76.6718576
v 10.7600000 113.1028128 80.9749210
v 10.7600000 113.0318293 80.7929345
v 10.7600000 113.0032240 80.6992736
v 10.7600000 112.9788566 80.6050200
v 10.7600000 112.9597864 80.5089880
v 10.7600000 112.9449540 80.4123632
v 10.7600000 112.9354189 80.3151456
v 10.7600000 112.9301216 80.2173353
v 10.7600000 112.9301216 80.1195249
v 10.7600000 112.9343595 80.0223073
v 10.7600000 112.9438946 79.9250897
v 10.7600000 112.9576675 79.8278722
v 10.7600000 112.9756782 79.7324330
v 10.7600000 112.9989862 79.6369938
v 10.7600000 113.0275915 79.5433329
v 10.7600000 113.0593752 79.4514504
v 10.7600000 113.0964561 79.3607536
v 10.7600000 113.1377749 79.2724278
v 10.7600000 113.1833314 79.1858805
v 10.7600000 113.2331258 79.1017043
v 10.7600000 113.2871581 79.0204920
v 10.7600000 113.3443686 78.9416509
v 10.7600000 128.8219504 94.3696064
v 10.7600000 128.8558530 94.4033954
v 10.7600000 128.7901668 94.3340390
v 10.7600000 128.8918745 94.4354061
v 10.7600000 128.7594426 94.2972860
v 10.7600000 128.9289554 94.4656384
v 10.7600000 128.6111188 97.0928842
v 10.7600000 128.7308373 94.2587547
v 10.7600000 128.9670958 94.4940923
v 10.7600000 128.7043509 94.2190377
v 10.7600000 129.0073551 94.5207679
v 10.7600000 128.6789240 94.1781352
v 10.7600000 129.0476144 94.5456651
v 10.7600000 128.8569125 97.0294556
v 10.7600000 129.0899926 94.5687839
v 10.7600000 113.4058170 78.8651810
v 10.7600000 129.1334303 94.5895315
v 10.7600000 129.1768679 94.6079080
v 10.7600000 129.1058844 96.9790685
v 10.7600000 129.2224245 94.6245062
v 10.7600000 129.2679811 94.6387331
v 10.7600000 129.3145971 94.6511817
v 10.7600000 129.3569753 96.9405371
v 10.7600000 113.4715033 78.7922678
v 10.7600000 129.3612132 94.6612591
v 10.7600000 129.4088886 94.6689654
v 10.7600000 129.4555047 94.6743005
v 10.7600000 129.6101851 96.9150472
v 10.7600000 113.5403679 78.7229114
v 10.7600000 129.5042396 94.6772645
v 10.7600000 129.5519151 94.6778573
v 10.7600000 129.5995906 94.6766717
v 10.7600000 129.8633949 96.9020058
v 10.7600000 113.6124108 78.6571117
v 10.7600000 113.6876321 78.5942759
v 10.7600000 133.0904956 97.9269399
v 10.7600000 133.0067987 97.8783311
v 10.7600000 133.0481174 97.9038211
v 10.7600000 113.7649724 78.5355897
v 10.7600000 133.2239870 97.9838477
v 10.7600000 133.1339333 97.9482803
v 10.7600000 133.1784304 97.9672496
v 10.7600000 133.2706030 97.9986675
v 10.7600000 132.9665394 97.8516555
v 10.7600000 129.9566270 94.6660015
v 10.7600000 130.1176642 96.9014130
v 10.7600000 133.3172191 98.0111161
v 10.7600000 113.8454910 78.4804602
v 10.7600000 133.4602455 98.0342349
v 10.7600000 133.3648946 98.0211935
v 10.7600000 133.4125700 98.0288998
v 10.7600000 133.5089805 98.0371988
v 10.7600000 113.9291879 78.4294803
v 10.7600000 108.7367977 76.5853103
v 10.7600000 133.6541258 98.0324565
v 10.7600000 133.5577154 98.0377916
v 10.7600000 133.6053909 98.0360133
v 10.7600000 130.3136634 94.6725222
v 10.7600000 130.3708740 96.9132688
v 10.7600000 133.7494768 98.0170440
v 10.7600000 133.7018013 98.0259358
v 10.7600000 133.7971523 98.0063737
v 10.7600000 133.8437683 97.9933324
v 10.7600000 130.6696404 94.6962338
v 10.7600000 130.6240838 96.9381660
v 10.7600000 133.9348815 97.9601361
v 10.7600000 133.8893249 97.9773270
v 10.7600000 133.9793786 97.9399813
v 10.7600000 134.0228163 97.9180480
v 10.7600000 134.0641350 97.8943364
v 10.7600000 131.0245579 94.7377291
v 10.7600000 130.8751747 96.9755117
v 10.7600000 134.1446536 97.8397997
v 10.7600000 134.1054538 97.8682537
v 10.7600000 134.2198749 97.7787423
v 10.7600000 134.1827940 97.8101602
v 10.7600000 114.5351963 78.0797341
v 10.7600000 108.6425062 76.4181434
v 10.7600000 108.6923006 76.5005413
v 10.7600000 134.2548370 97.7449533
v 10.7600000 131.3762970 94.7958225
v 10.7600000 131.1241467 97.0253061
v 10.7600000 114.6210122 78.0329037
v 10.7600000 131.7248578 94.8716996
v 10.7600000 131.3699403 97.0875491
v 10.7600000 132.0702402 94.9635821
v 10.7600000 131.6136150 97.1616478
v 10.7600000 134.6203490 97.2956184
v 10.7600000 134.5747925 97.3827585
v 10.7600000 134.5981005 97.3394849
v 10.7600000 132.4103254 95.0726555
v 10.7600000 131.8519925 97.2481952
v 10.7600000 134.6584894 97.2043287
v 10.7600000 134.4889766 97.5036877
v 10.7600000 134.5197008 97.4651564
v 10.7600000 134.5483061 97.4242539
v 10.7600000 134.6404787 97.2505664
v 10.7600000 132.7440538 95.1983270
v 10.7600000 132.0861321 97.3465984
v 10.7600000 134.6870947 97.1094823
v 10.7600000 134.6733218 97.1574983
v 10.7600000 134.6976893 97.0614663
v 10.7600000 134.7051054 97.0128575
v 10.7600000 133.0714254 95.3400038
v 10.7600000 132.3160339 97.4562645
v 10.7600000 134.7114622 96.9636559
v 10.7600000 134.7146405 96.9144544
v 10.7600000 133.3924404 95.4970932
v 10.7600000 132.5385195 97.5771937
v 10.7600000 134.7040460 96.7170553
v 10.7600000 134.7146405 96.8154584
v 10.7600000 134.7104027 96.7662568
v 10.7600000 133.7049797 95.6701879
v 10.7600000 132.7557078 97.7087931
v 10.7600000 134.6701434 96.5730073
v 10.7600000 134.6955704 96.6684465
v 10.7600000 134.6839163 96.6204305
v 10.7600000 134.6542516 96.5261768
v 10.7600000 134.0079839 95.8581024
v 10.7600000 134.5938626 96.3910207
v 10.7600000 134.6362409 96.4799392
v 10.7600000 134.6161112 96.4354799
v 10.7600000 134.5419493 96.3068445
v 10.7600000 134.5684357 96.3483398
v 10.7600000 134.3025125 96.0602438
v 10.7600000 134.4232904 97.5771937
v 10.7600000 134.4571929 97.5416263
v 10.7600000 134.5133440 96.2671276
v 10.7600000 134.7157000 96.8646600
v 10.7600000 134.4497767 96.1912504
v 10.7600000 134.4826198 96.2280034
v 10.7600000 134.4158742 96.1556830
v 10.7600000 134.3798527 96.1218940
v 10.7600000 134.3417123 96.0898833
v 10.7600000 115.0002972 70.4855000
v 10.7600000 107.7885853 75.6694495
v 10.7600000 107.8744012 75.7115376
v 10.7600000 116.2398598 77.9404285
v 10.7600000 116.3299135 77.9771814
v 10.7600000 107.9591576 75.7577753
v 10.7600000 116.4199672 78.0180840
v 10.7600000 108.0407356 75.8081624
v 10.7600000 116.5068426 78.0637288
v 10.7600000 108.1201948 75.8621063
v 10.7600000 116.5905395 78.1135232
v 10.7600000 108.1964756 75.9201997
v 10.7600000 116.6731770 78.1674671
v 10.7600000 108.2695780 75.9818499
v 10.7600000 116.7526362 78.2255605
v 10.7600000 108.3405615 76.0470568
v 10.7600000 116.8289170 78.2872107
v 10.7600000 108.4083666 76.1152277
v 10.7600000 116.9020194 78.3524176
v 10.7600000 108.4719339 76.1863625
v 10.7600000 116.9719434 78.4211812
v 10.7600000 108.5323229 76.2610541
v 10.7600000 117.0386891 78.4935016
v 10.7600000 108.5895335 76.3381168
v 10.7600000 117.1011970 78.5687860
v 10.7600000 117.1605265 78.6470343
v 10.7600000 117.2156181 78.7282465
v 10.7600000 114.7100065 77.9902228
v 10.7600000 114.8000602 77.9522843
v 10.7600000 114.8922328 77.9179024
v 10.7600000 114.9854648 77.8888557
v 10.7600000 115.0808158 77.8645513
v 10.7600000 115.1772262 77.8443965
v 10.7600000 115.2736367 77.8289839
v 10.7600000 106.9516156 75.4856846
v 10.7600000 115.3711065 77.8189065
v 10.7600000 107.0469666 75.4880558
v 10.7600000 115.4696359 77.8129786
v 10.7600000 107.1433770 75.4945764
v 10.7600000 115.5681652 77.8123858
v 10.7600000 107.2376686 75.5064322
v 10.7600000 115.6656351 77.8165353
v 10.7600000 107.3330195 75.5224376
v 10.7600000 115.7631050 77.8254272
v 10.7600000 107.4262516 75.5425924
v 10.7600000 115.8605749 77.8384686
v 10.7600000 107.5194837 75.5680824
v 10.7600000 115.9569853 77.8568450
v 10.7600000 107.6105968 75.5971291
v 10.7600000 116.0523363 77.8799639
v 10.7600000 107.7006505 75.6309182
v 10.7600000 116.1466278 77.9078250
v 16.3602670 113.4164116 70.4855000
v 16.4047700 113.3729739 70.4855000
v 16.4472435 113.3274174 70.4855000
v 16.3134447 113.4577304 70.4855000
v 16.4872526 113.2797419 70.4855000
v 16.2647379 113.4958707 70.4855000
v 16.5249424 113.2299475 70.4855000
v 16.2141466 113.5329517 70.4855000
v 16.5600229 113.1780342 70.4855000
v 16.1618158 113.5668542 70.4855000
v 16.5924941 113.1250614 70.4855000
v 16.1077455 113.5975784 70.4855000
v 16.6223560 113.0699697 70.4855000
v 16.0523705 113.6261837 70.4855000
v 16.6493187 113.0138186 70.4855000
v 15.9955459 113.6516107 70.4855000
v 16.6735271 112.9566080 70.4855000
v 15.9375616 113.6749187 70.4855000
v 16.6949813 112.8983380 70.4855000
v 15.8784176 113.6939889 70.4855000
v 16.7132464 112.8390085 70.4855000
v 15.8184039 113.7109402 70.4855000
v 16.7286122 112.7786195 70.4855000
v 15.7576654 113.7247131 70.4855000
v 16.7410788 112.7171711 70.4855000
v 15.6963470 113.7363671 70.4855000
v 16.7503563 112.6557227 70.4855000
v 15.6344488 113.7437833 70.4855000
v 16.7564446 112.5932149 70.4855000
v 15.5722606 113.7480211 70.4855000
v 16.7596338 112.5307070 70.4855000
v 15.5099275 113.7501400 70.4855000
v 16.7596338 112.4692586 70.4855000
v 16.7564446 112.4067507 70.4855000
v 16.7503563 112.3442429 70.4855000
v 16.7410788 112.2827945 70.4855000
v 16.7286122 112.2213461 70.4855000
v 16.7132464 112.1609571 70.4855000
v 16.6949813 112.1016276 70.4855000
v 16.6735271 112.0433576 70.4855000
v 16.6493187 111.9861470 70.4855000
v 16.6223560 111.9299959 70.4855000
v 16.5924941 111.8749042 70.4855000
v 16.5600229 111.8219314 70.4855000
v 16.5249424 111.7700181 70.4855000
v 16.4872526 111.7202237 70.4855000
v 16.4472435 111.6725482 70.4855000
v 14.5327474 111.7202237 70.4855000
v 14.5727565 111.6725482 70.4855000
v 14.4950576 111.7700181 70.4855000
v 14.4599771 111.8219314 70.4855000
v 14.4275059 111.8749042 70.4855000
v 14.3976440 111.9299959 70.4855000
v 14.3706813 111.9861470 70.4855000
v 14.3464729 112.0433576 70.4855000
v 14.3250187 112.1016276 70.4855000
v 14.3067536 112.1609571 70.4855000
v 14.2913878 112.2213461 70.4855000
v 14.2789212 112.2827945 70.4855000
v 14.2696437 112.3442429 70.4855000
v 14.2635554 112.4067507 70.4855000
v 14.2603662 112.4692586 70.4855000
v 14.2603662 112.5307070 70.4855000
v 14.2635554 112.5932149 70.4855000
v 14.2696437 112.6557227 70.4855000
v 14.2789212 112.7171711 70.4855000
v 14.2913878 112.7786195 70.4855000
v 14.3067536 112.8390085 70.4855000
v 14.3250187 112.8983380 70.4855000
v 14.3464729 112.9566080 70.4855000
v 14.3706813 113.0138186 70.4855000
v 14.3976440 113.0699697 70.4855000
v 14.4275059 113.1250614 70.4855000
v 14.4599771 113.1780342 70.4855000
v 14.4950576 113.2299475 70.4855000
v 14.5327474 113.2797419 70.4855000
v 14.5727565 113.3274174 70.4855000
v 14.6152300 113.3729739 70.4855000
v 14.6597330 113.4164116 70.4855000
v 14.7065553 113.4577304 70.4855000
v 14.7552621 113.4958707 70.4855000
v 14.8058534 113.5329517 70.4855000
v 14.8581842 113.5668542 70.4855000
v 14.9122545 113.5975784 70.4855000
v 14.9676295 113.6261837 70.4855000
v 15.0244541 113.6516107 70.4855000
v 15.0824384 113.6749187 70.4855000
v 15.1415824 113.6939889 70.4855000
v 15.2015961 113.7109402 70.4855000
v 15.2623346 113.7247131 70.4855000
v 15.3236530 113.7363671 70.4855000
v 15.3855512 113.7437833 70.4855000
v 15.4477394 113.7480211 70.4855000
v 16.3602670 88.4164460 70.4855000
v 16.3602670 111.5835540 70.4855000
v 16.4047700 111.6269917 70.4855000
v 16.4047700 88.3730083 70.4855000
v 16.4472435 88.3274518 70.4855000
v 16.3134447 88.4577647 70.4855000
v 16.3134447 111.5422353 70.4855000
v 16.4872526 88.2797763 70.4855000
v 16.2647379 88.4959051 70.4855000
v 16.2647379 111.5040949 70.4855000
v 16.5249424 88.2299819 70.4855000
v 16.2141466 88.5329861 70.4855000
v 16.2141466 111.4670139 70.4855000
v 16.5600229 88.1780686 70.4855000
v 16.1618158 88.5668886 70.4855000
v 16.1618158 111.4331114 70.4855000
v 16.5924941 88.1250958 70.4855000
v 16.1077455 88.5976128 70.4855000
v 16.1077455 111.4023872 70.4855000
v 16.6223560 88.0700041 70.4855000
v 16.0523705 88.6262181 70.4855000
v 16.0523705 111.3737819 70.4855000
v 16.6493187 88.0138530 70.4855000
v 15.9955459 88.6516451 70.4855000
v 15.9955459 111.3483549 70.4855000
v 16.6735271 87.9566424 70.4855000
v 15.9375616 88.6749531 70.4855000
v 15.9375616 111.3250469 70.4855000
v 16.6949813 87.8983724 70.4855000
v 15.8784176 88.6940233 70.4855000
v 15.8784176 111.3059767 70.4855000
v 16.7132464 87.8390429 70.4855000
v 15.8184039 88.7109746 70.4855000
v 15.8184039 111.2890254 70.4855000
v 16.7286122 87.7786539 70.4855000
v 15.7576654 88.7247475 70.4855000
v 15.7576654 111.2752525 70.4855000
v 16.7410788 87.7172055 70.4855000
v 15.6963470 88.7364015 70.4855000
v 15.6963470 111.2635985 70.4855000
v 16.7503563 87.6557571 70.4855000
v 15.6344488 88.7438177 70.4855000
v 15.6344488 111.2561823 70.4855000
v 16.7564446 87.5932493 70.4855000
v 15.5722606 88.7480555 70.4855000
v 15.5722606 111.2519445 70.4855000
v 16.7596338 87.5307414 70.4855000
v 15.5099275 88.7501744 70.4855000
v 15.5099275 111.2498256 70.4855000
v 16.7596338 87.4692930 70.4855000
v 15.4477394 88.7480555 70.4855000
v 15.4477394 111.2519445 70.4855000
v 15.3855512 111.2561823 70.4855000
v 16.7564446 87.4067851 70.4855000
v 15.3855512 88.7438177 70.4855000
v 16.7503563 87.3442773 70.4855000
v 15.3236530 88.7364015 70.4855000
v 15.3236530 111.2635985 70.4855000
v 16.7410788 87.2828289 70.4855000
v 15.2623346 88.7247475 70.4855000
v 15.2623346 111.2752525 70.4855000
v 15.2015961 111.2890254 70.4855000
v 16.7286122 87.2213805 70.4855000
v 15.2015961 88.7109746 70.4855000
v 16.7132464 87.1609915 70.4855000
v 15.1415824 88.6940233 70.4855000
v 15.1415824 111.3059767 70.4855000
v 15.0824384 111.3250469 70.4855000
v 16.6949813 87.1016620 70.4855000
v 15.0824384 88.6749531 70.4855000
v 16.6735271 87.0433920 70.4855000
v 15.0244541 88.6516451 70.4855000
v 15.0244541 111.3483549 70.4855000
v 16.6493187 86.9861814 70.4855000
v 14.9676295 88.6262181 70.4855000
v 14.9676295 111.3737819 70.4855000
v 16.6223560 86.9300303 70.4855000
v 14.9122545 88.5976128 70.4855000
v 14.9122545 111.4023872 70.4855000
v 14.8581842 111.4331114 70.4855000
v 16.5924941 86.8749386 70.4855000
v 14.8581842 88.5668886 70.4855000
v 16.5600229 86.8219658 70.4855000
v 14.8058534 88.5329861 70.4855000
v 14.8058534 111.4670139 70.4855000
v 16.5249424 86.7700525 70.4855000
v 14.7552621 88.4959051 70.4855000
v 14.7552621 111.5040949 70.4855000
v 16.4872526 86.7202581 70.4855000
v 14.7065553 88.4577647 70.4855000
v 14.7065553 111.5422353 70.4855000
v 16.4472435 86.6725826 70.4855000
v 14.6597330 88.4164460 70.4855000
v 14.6597330 111.5835540 70.4855000
v 16.4047700 86.6270261 70.4855000
v 14.6152300 88.3730083 70.4855000
v 14.6152300 111.6269917 70.4855000
v 16.3602670 86.5835884 70.4855000
v 14.5727565 88.3274518 70.4855000
v 16.3134447 86.5422696 70.4855000
v 16.2647379 86.5041293 70.4855000
v 16.2141466 86.4670483 70.4855000
v 16.1618158 86.4331458 70.4855000
v 16.1077455 86.4024216 70.4855000
v 16.0523705 86.3738163 70.4855000
v 15.9955459 86.3483893 70.4855000
v 15.9375616 86.3250813 70.4855000
v 15.8784176 86.3060111 70.4855000
v 15.8184039 86.2890598 70.4855000
v 15.7576654 86.2752869 70.4855000
v 15.6963470 86.2636329 70.4855000
v 15.6344488 86.2562167 70.4855000
v 15.5722606 86.2519789 70.4855000
v 15.5099275 86.2498600 70.4855000
v 15.4477394 86.2519789 70.4855000
v 15.3855512 86.2562167 70.4855000
v 15.3236530 86.2636329 70.4855000
v 15.2623346 86.2752869 70.4855000
v 15.2015961 86.2890598 70.4855000
v 15.1415824 86.3060111 70.4855000
v 15.0824384 86.3250813 70.4855000
v 15.0244541 86.3483893 70.4855000
v 14.9676295 86.3738163 70.4855000
v 14.9122545 86.4024216 70.4855000
v 14.8581842 86.4331458 70.4855000
v 14.8058534 86.4670483 70.4855000
v 14.7552621 86.5041293 70.4855000
v 14.7065553 86.5422696 70.4855000
v 14.6597330 86.5835884 70.4855000
v 14.6152300 86.6270261 70.4855000
v 14.5727565 86.6725826 70.4855000
v 14.5327474 86.7202581 70.4855000
v 14.4950576 86.7700525 70.4855000
v 14.4599771 86.8219658 70.4855000
v 14.4275059 86.8749386 70.4855000
v 14.3976440 86.9300303 70.4855000
v 14.3706813 86.9861814 70.4855000
v 14.3464729 87.0433920 70.4855000
v 14.3250187 87.1016620 70.4855000
v 14.3067536 87.1609915 70.4855000
v 14.2913878 87.2213805 70.4855000
v 14.2789212 87.2828289 70.4855000
v 14.2696437 87.3442773 70.4855000
v 14.2635554 87.4067851 70.4855000
v 14.2603662 87.4692930 70.4855000
v 14.2603662 87.5307414 70.4855000
v 14.2635554 87.5932493 70.4855000
v 14.2696437 87.6557571 70.4855000
v 14.2789212 87.7172055 70.4855000
v 14.2913878 87.7786539 70.4855000
v 14.3067536 87.8390429 70.4855000
v 14.3250187 87.8983724 70.4855000
v 14.3464729 87.9566424 70.4855000
v 14.3706813 88.0138530 70.4855000
v 14.3976440 88.0700041 70.4855000
v 14.4275059 88.1250958 70.4855000
v 14.4599771 88.1780686 70.4855000
v 14.4950576 88.2299819 70.4855000
v 14.5327474 88.2797763 70.4855000
v 15.5099275 86.2498600 75.4856846
v 15.4477394 86.2519789 75.4856846
v 15.3855512 86.2562167 75.4856846
v 15.3236530 86.2636329 75.4856846
v 15.2623346 86.2752869 75.4856846
v 15.2015961 86.2890598 75.4856846
v 15.1415824 86.3060111 75.4856846
v 15.0824384 86.3250813 75.4856846
v 15.0244541 86.3483893 75.4856846
v 14.9676295 86.3738163 75.4856846
v 14.9122545 86.4024216 75.4856846
v 14.8581842 86.4331458 75.4856846
v 14.8058534 86.4670483 75.4856846
v 14.7552621 86.5041293 75.4856846
v 14.7065553 86.5422696 75.4856846
v 14.6597330 86.5835884 75.4856846
v 14.6152300 86.6270261 75.4856846
v 14.5727565 86.6725826 75.4856846
v 14.5327474 86.7202581 75.4856846
v 14.4950576 86.7700525 75.4856846
v 14.4599771 86.8219658 75.4856846
v 14.4275059 86.8749386 75.4856846
v 14.3976440 86.9300303 75.4856846
v 14.3706813 86.9861814 75.4856846
v 14.3464729 87.0433920 75.4856846
v 14.3250187 87.1016620 75.4856846
v 14.3067536 87.1609915 75.4856846
v 14.2913878 87.2213805 75.4856846
v 14.2789212 87.2828289 75.4856846
v 14.2696437 87.3442773 75.4856846
v 14.2635554 87.4067851 75.4856846
v 14.2603662 87.4692930 75.4856846
v 14.2603662 87.5307414 75.4856846
v 14.2635554 87.5932493 75.4856846
v 14.2696437 87.6557571 75.4856846
v 14.2789212 87.7172055 75.4856846
v 14.2913878 87.7786539 75.4856846
v 14.3067536 87.8390429 75.4856846
v 14.3250187 87.8983724 75.4856846
v 14.3464729 87.9566424 75.4856846
v 14.3706813 88.0138530 75.4856846
v 14.3976440 88.0700041 75.4856846
v 14.4275059 88.1250958 75.4856846
v 14.4599771 88.1780686 75.4856846
v 14.4950576 88.2299819 75.4856846
v 14.5327474 88.2797763 75.4856846
v 14.5727565 88.3274518 75.4856846
v 14.6152300 88.3730083 75.4856846
v 14.6597330 88.4164460 75.4856846
v 14.7065553 88.4577647 75.4856846
v 14.7552621 88.4959051 75.4856846
v 14.8058534 88.5329861 75.4856846
v 14.8581842 88.5668886 75.4856846
v 14.9122545 88.5976128 75.4856846
v 14.9676295 88.6262181 75.4856846
v 15.0244541 88.6516451 75.4856846
v 15.0824384 88.6749531 75.4856846
v 15.1415824 88.6940233 75.4856846
v 15.2015961 88.7109746 75.4856846
v 15.2623346 88.7247475 75.4856846
v 15.3236530 88.7364015 75.4856846
v 15.3855512 88.7438177 75.4856846
v 15.4477394 88.7480555 75.4856846
v 15.5099275 88.7501744 75.4856846
v 15.5722606 88.7480555 75.4856846
v 15.6344488 88.7438177 75.4856846
v 15.6963470 88.7364015 75.4856846
v 15.7576654 88.7247475 75.4856846
v 15.8184039 88.7109746 75.4856846
v 15.8784176 88.6940233 75.4856846
v 15.9375616 88.6749531 75.4856846
v 15.9955459 88.6516451 75.4856846
v 16.0523705 88.6262181 75.4856846
v 16.1077455 88.5976128 75.4856846
v 16.1618158 88.5668886 75.4856846
v 16.2141466 88.5329861 75.4856846
v 16.2647379 88.4959051 75.4856846
v 16.3134447 88.4577647 75.4856846
v 16.3602670 88.4164460 75.4856846
v 16.4047700 88.3730083 75.4856846
v 16.4472435 88.3274518 75.4856846
v 16.4872526 88.2797763 75.4856846
v 16.5249424 88.2299819 75.4856846
v 16.5600229 88.1780686 75.4856846
v 16.5924941 88.1250958 75.4856846
v 16.6223560 88.0700041 75.4856846
v 16.6493187 88.0138530 75.4856846
v 16.6735271 87.9566424 75.4856846
v 16.6949813 87.8983724 75.4856846
v 16.7132464 87.8390429 75.4856846
v 16.7286122 87.7786539 75.4856846
v 16.7410788 87.7172055 75.4856846
v 16.7503563 87.6557571 75.4856846
v 16.7564446 87.5932493 75.4856846
v 16.7596338 87.5307414 75.4856846
v 16.7596338 87.4692930 75.4856846
v 16.7564446 87.4067851 75.4856846
v 16.7503563 87.3442773 75.4856846
v 16.7410788 87.2828289 75.4856846
v 16.7286122 87.2213805 75.4856846
v 16.7132464 87.1609915 75.4856846
v 16.6949813 87.1016620 75.4856846
v 16.6735271 87.0433920 75.4856846
v 16.6493187 86.9861814 75.4856846
v 16.6223560 86.9300303 75.4856846
v 16.5924941 86.8749386 75.4856846
v 16.5600229 86.8219658 75.4856846
v 16.5249424 86.7700525 75.4856846
v 16.4872526 86.7202581 75.4856846
v 16.4472435 86.6725826 75.4856846
v 16.4047700 86.6270261 75.4856846
v 16.3602670 86.5835884 75.4856846
v 16.3134447 86.5422696 75.4856846
v 16.2647379 86.5041293 75.4856846
v 16.2141466 86.4670483 75.4856846
v 16.1618158 86.4331458 75.4856846
v 16.1077455 86.4024216 75.4856846
v 16.0523705 86.3738163 75.4856846
v 15.9955459 86.3483893 75.4856846
v 15.9375616 86.3250813 75.4856846
v 15.8784176 86.3060111 75.4856846
v 15.8184039 86.2890598 75.4856846
v 15.7576654 86.2752869 75.4856846
v 15.6963470 86.2636329 75.4856846
v 15.6344488 86.2562167 75.4856846
v 15.5722606 86.2519789 75.4856846
v 14.7065553 111.5422353 75.4856846
v 14.6597330 111.5835540 75.4856846
v 14.6152300 111.6269917 75.4856846
v 14.5327474 111.7202237 75.4856846
v 14.5727565 111.6725482 75.4856846
v 14.4599771 111.8219314 75.4856846
v 14.4950576 111.7700181 75.4856846
v 14.3976440 111.9299959 75.4856846
v 14.4275059 111.8749042 75.4856846
v 14.9676295 111.3737819 75.4856846
v 14.9122545 111.4023872 75.4856846
v 14.8581842 111.4331114 75.4856846
v 14.8058534 111.4670139 75.4856846
v 14.7552621 111.5040949 75.4856846
v 14.3464729 112.0433576 75.4856846
v 14.3706813 111.9861470 75.4856846
v 15.1415824 111.3059767 75.4856846
v 15.0824384 111.3250469 75.4856846
v 15.0244541 111.3483549 75.4856846
v 15.2623346 111.2752525 75.4856846
v 15.2015961 111.2890254 75.4856846
v 14.2696437 112.3442429 75.4856846
v 14.3250187 112.1016276 75.4856846
v 14.3067536 112.1609571 75.4856846
v 14.2913878 112.2213461 75.4856846
v 14.2789212 112.2827945 75.4856846
v 15.3855512 111.2561823 75.4856846
v 15.3236530 111.2635985 75.4856846
v 15.5099275 111.2498256 75.4856846
v 15.4477394 111.2519445 75.4856846
v 14.2603662 112.5307070 75.4856846
v 14.2635554 112.4067507 75.4856846
v 14.2603662 112.4692586 75.4856846
v 15.6963470 111.2635985 75.4856846
v 15.6344488 111.2561823 75.4856846
v 15.5722606 111.2519445 75.4856846
v 14.2913878 112.7786195 75.4856846
v 14.2635554 112.5932149 75.4856846
v 14.2696437 112.6557227 75.4856846
v 14.2789212 112.7171711 75.4856846
v 15.8784176 111.3059767 75.4856846
v 15.8184039 111.2890254 75.4856846
v 15.7576654 111.2752525 75.4856846
v 14.3464729 112.9566080 75.4856846
v 14.3067536 112.8390085 75.4856846
v 14.3250187 112.8983380 75.4856846
v 16.0523705 111.3737819 75.4856846
v 15.9955459 111.3483549 75.4856846
v 15.9375616 111.3250469 75.4856846
v 14.3976440 113.0699697 75.4856846
v 14.3706813 113.0138186 75.4856846
v 16.1077455 111.4023872 75.4856846
v 14.4599771 113.1780342 75.4856846
v 14.4275059 113.1250614 75.4856846
v 16.2141466 111.4670139 75.4856846
v 16.1618158 111.4331114 75.4856846
v 14.5327474 113.2797419 75.4856846
v 14.4950576 113.2299475 75.4856846
v 16.3134447 111.5422353 75.4856846
v 16.2647379 111.5040949 75.4856846
v 16.4047700 111.6269917 75.4856846
v 16.3602670 111.5835540 75.4856846
v 14.6597330 113.4164116 75.4856846
v 14.5727565 113.3274174 75.4856846
v 14.6152300 113.3729739 75.4856846
v 14.7552621 113.4958707 75.4856846
v 14.7065553 113.4577304 75.4856846
v 16.5600229 111.8219314 75.4856846
v 16.5249424 111.7700181 75.4856846
v 16.4872526 111.7202237 75.4856846
v 16.4472435 111.6725482 75.4856846
v 14.8581842 113.5668542 75.4856846
v 14.8058534 113.5329517 75.4856846
v 16.5924941 111.8749042 75.4856846
v 14.9676295 113.6261837 75.4856846
v 14.9122545 113.5975784 75.4856846
v 16.6493187 111.9861470 75.4856846
v 16.6223560 111.9299959 75.4856846
v 15.0244541 113.6516107 75.4856846
v 16.6949813 112.1016276 75.4856846
v 16.6735271 112.0433576 75.4856846
v 15.1415824 113.6939889 75.4856846
v 15.0824384 113.6749187 75.4856846
v 15.2015961 113.7109402 75.4856846
v 16.7564446 112.4067507 75.4856846
v 16.7503563 112.3442429 75.4856846
v 16.7410788 112.2827945 75.4856846
v 15.4477394 113.7480211 75.4856846
v 15.3236530 113.7363671 75.4856846
v 15.3855512 113.7437833 75.4856846
v 15.5099275 113.7501400 75.4856846
v 16.7596338 112.5307070 75.4856846
v 16.7596338 112.4692586 75.4856846
v 16.7503563 112.6557227 75.4856846
v 16.7564446 112.5932149 75.4856846
v 15.6963470 113.7363671 75.4856846
v 15.5722606 113.7480211 75.4856846
v 15.6344488 113.7437833 75.4856846
v 16.7410788 112.7171711 75.4856846
v 15.7576654 113.7247131 75.4856846
v 15.8184039 113.7109402 75.4856846
v 16.6949813 112.8983380 75.4856846
v 16.7132464 112.8390085 75.4856846
v 16.7286122 112.7786195 75.4856846
v 16.7286122 112.2213461 75.4856846
v 16.6493187 113.0138186 75.4856846
v 16.6735271 112.9566080 75.4856846
v 16.7132464 112.1609571 75.4856846
v 16.0523705 113.6261837 75.4856846
v 15.2623346 113.7247131 75.4856846
v 15.8784176 113.6939889 75.4856846
v 15.9375616 113.6749187 75.4856846
v 15.9955459 113.6516107 75.4856846
v 16.1077455 113.5975784 75.4856846
v 16.5924941 113.1250614 75.4856846
v 16.6223560 113.0699697 75.4856846
v 16.2647379 113.4958707 75.4856846
v 16.1618158 113.5668542 75.4856846
v 16.2141466 113.5329517 75.4856846
v 16.3602670 113.4164116 75.4856846
v 16.3134447 113.4577304 75.4856846
v 16.4047700 113.3729739 75.4856846
v 16.4472435 113.3274174 75.4856846
v 16.4872526 113.2797419 75.4856846
v 16.5249424 113.2299475 75.4856846
v 16.5600229 113.1780342 75.4856846
f 1 2 3
f 4 5 1
f 6 5 4
f 1 7 2
f 5 7 1
f 7 8 2
f 9 10 8
f 8 10 2
f 11 12 10
f 13 14 12
f 12 14 10
f 15 16 14
f 10 17 2
f 18 17 16
f 14 17 10
f 16 17 14
f 19 20 21
f 22 23 20
f 21 24 17
f 23 24 20
f 20 24 21
f 25 26 24
f 27 28 26
f 26 29 24
f 28 29 26
f 30 29 28
f 31 32 29
f 29 33 24
f 32 33 29
f 34 33 35
f 2 33 34
f 17 33 2
f 36 33 32
f 24 33 17
f 33 37 35
f 38 39 37
f 39 40 37
f 40 41 37
f 41 42 37
f 42 43 37
f 43 44 37
f 44 45 37
f 45 46 37
f 46 47 37
f 47 48 37
f 48 49 37
f 49 50 37
f 50 51 37
f 51 52 37
f 52 53 37
f 53 54 37
f 54 55 37
f 55 56 37
f 56 57 37
f 57 58 37
f 58 59 37
f 60 61 59
f 59 61 37
f 62 63 61
f 61 63 37
f 63 64 37
f 64 65 37
f 65 66 37
f 37 66 35
f 35 66 67
f 67 68 69
f 66 68 67
f 68 70 69
f 69 70 71
f 70 72 71
f 71 72 73
f 72 74 73
f 73 74 75
f 74 76 75
f 75 76 77
f 76 78 77
f 77 78 79
f 79 80 81
f 78 80 79
f 81 82 83
f 80 82 81
f 83 84 85
f 82 84 83
f 85 86 87
f 84 86 85
f 87 88 89
f 86 88 87
f 89 90 91
f 88 90 89
f 91 92 93
f 90 92 91
f 93 94 95
f 92 94 93
f 95 96 97
f 94 96 95
f 97 98 99
f 96 98 97
f 99 100 101
f 98 100 99
f 101 102 103
f 100 102 101
f 103 104 105
f 102 104 103
f 105 106 107
f 104 106 105
f 107 108 109
f 106 108 107
f 109 110 111
f 108 110 109
f 111 112 113
f 110 112 111
f 113 114 115
f 112 114 113
f 115 116 117
f 114 116 115
f 117 118 119
f 116 118 117
f 118 120 119
f 120 121 119
f 120 122 121
f 123 124 125
f 126 127 128
f 129 130 123
f 123 130 124
f 127 131 128
f 129 132 130
f 122 133 121
f 134 135 131
f 136 135 134
f 131 135 128
f 129 137 132
f 138 137 139
f 132 137 138
f 135 140 128
f 141 140 135
f 142 143 144
f 145 146 140
f 142 147 143
f 137 147 142
f 140 148 128
f 146 148 140
f 122 149 133
f 150 151 152
f 147 151 150
f 137 151 147
f 148 153 128
f 154 153 148
f 155 153 154
f 151 156 157
f 137 156 151
f 158 159 153
f 160 159 158
f 149 161 133
f 162 163 164
f 149 165 161
f 162 166 163
f 156 167 162
f 162 167 166
f 159 168 153
f 169 168 159
f 170 168 169
f 171 168 170
f 168 172 153
f 167 173 174
f 137 173 156
f 156 173 167
f 175 176 172
f 177 176 175
f 172 176 153
f 178 179 180
f 173 179 178
f 176 181 153
f 182 183 165
f 165 183 161
f 129 184 137
f 173 184 179
f 137 184 173
f 129 185 184
f 186 187 181
f 181 187 153
f 182 188 183
f 189 190 187
f 191 190 189
f 190 192 187
f 192 193 187
f 194 195 129
f 129 195 185
f 187 195 153
f 193 195 187
f 153 195 128
f 128 195 194
f 188 196 183
f 196 197 183
f 195 198 185
f 185 198 199
f 197 200 183
f 199 201 202
f 198 201 199
f 200 203 183
f 203 204 183
f 202 205 206
f 201 205 202
f 204 207 183
f 206 208 209
f 205 208 206
f 209 210 211
f 208 210 209
f 211 212 213
f 210 212 211
f 213 214 215
f 212 214 213
f 215 216 217
f 214 216 215
f 217 218 219
f 216 218 217
f 218 220 219
f 219 220 221
f 221 222 223
f 220 222 221
f 223 224 225
f 222 224 223
f 225 226 227
f 224 226 225
f 227 228 229
f 226 228 227
f 228 230 229
f 230 231 229
f 229 232 233
f 231 232 229
f 232 234 233
f 234 235 233
f 233 236 237
f 235 236 233
f 236 238 237
f 238 239 237
f 237 240 241
f 239 240 237
f 240 242 241
f 242 243 241
f 241 244 245
f 243 244 241
f 244 246 245
f 246 247 245
f 245 248 249
f 247 248 245
f 250 251 252
f 253 251 250
f 252 254 250
f 253 255 251
f 254 256 250
f 250 256 257
f 253 258 255
f 259 258 253
f 256 260 257
f 259 261 258
f 260 262 257
f 259 263 261
f 262 264 257
f 257 264 265
f 259 266 263
f 267 266 259
f 264 268 265
f 267 269 266
f 268 270 265
f 267 271 269
f 270 272 265
f 265 272 273
f 267 274 271
f 275 274 267
f 272 276 273
f 273 277 278
f 276 277 273
f 277 279 278
f 279 280 278
f 280 281 278
f 278 281 282
f 275 283 274
f 284 283 275
f 281 285 282
f 284 286 283
f 287 286 284
f 287 288 286
f 289 288 287
f 285 290 282
f 291 290 292
f 292 290 293
f 293 290 294
f 294 290 295
f 295 290 296
f 296 290 297
f 297 290 285
f 207 290 183
f 298 290 207
f 299 290 298
f 300 290 299
f 301 290 300
f 282 290 301
f 289 302 288
f 303 302 289
f 304 305 306
f 306 305 307
f 307 308 306
f 304 309 305
f 306 310 311
f 308 310 306
f 312 313 304
f 304 313 309
f 310 314 311
f 291 315 290
f 312 316 313
f 311 317 318
f 314 317 311
f 312 319 316
f 320 321 312
f 312 321 319
f 320 322 321
f 315 323 290
f 303 324 302
f 325 324 303
f 320 326 322
f 317 327 318
f 249 328 320
f 320 328 326
f 323 329 290
f 249 330 328
f 325 331 324
f 332 331 325
f 249 333 330
f 334 333 248
f 248 333 249
f 318 335 336
f 327 335 318
f 329 337 290
f 332 338 331
f 339 338 332
f 334 340 333
f 341 340 334
f 336 342 343
f 335 342 336
f 344 345 339
f 339 345 338
f 343 346 344
f 342 346 343
f 344 346 345
f 341 347 340
f 348 347 341
f 337 349 290
f 348 350 347
f 351 350 348
f 349 352 290
f 351 353 350
f 354 353 351
f 354 355 353
f 356 355 354
f 352 357 290
f 356 358 355
f 359 358 356
f 359 360 358
f 361 360 359
f 361 362 360
f 357 363 290
f 364 363 365
f 365 363 357
f 361 366 362
f 364 367 363
f 361 368 366
f 361 369 368
f 361 370 369
f 361 371 370
f 361 372 371
f 361 373 372
f 361 374 373
f 367 375 363
f 376 375 377
f 377 375 378
f 378 375 379
f 379 375 367
f 380 381 382
f 382 381 383
f 383 381 384
f 384 381 376
f 376 381 375
f 380 385 381
f 361 386 374
f 387 388 389
f 390 388 387
f 391 388 390
f 392 388 391
f 393 388 392
f 394 388 393
f 395 388 394
f 396 388 395
f 397 388 396
f 398 388 397
f 399 388 398
f 400 388 399
f 401 388 400
f 402 388 401
f 403 388 402
f 404 388 403
f 405 388 404
f 406 388 405
f 407 388 406
f 408 388 407
f 409 388 408
f 410 388 409
f 411 388 410
f 412 388 411
f 413 388 412
f 414 388 413
f 415 388 414
f 416 388 415
f 417 388 416
f 418 388 417
f 386 388 418
f 419 420 421
f 422 420 419
f 423 420 422
f 424 420 423
f 425 420 424
f 426 420 425
f 427 420 426
f 428 420 427
f 429 420 428
f 430 420 429
f 431 420 430
f 432 420 431
f 433 420 432
f 434 420 433
f 435 420 434
f 436 420 435
f 437 420 436
f 438 420 437
f 439 420 438
f 440 420 439
f 441 420 440
f 442 420 441
f 443 420 442
f 444 420 443
f 445 420 444
f 446 420 445
f 447 420 446
f 448 420 447
f 449 420 448
f 421 420 450
f 449 451 420
f 452 451 449
f 452 453 451
f 388 454 389
f 452 454 453
f 389 454 452
f 388 455 454
f 388 456 455
f 388 457 456
f 388 458 457
f 388 459 458
f 388 460 459
f 388 461 460
f 388 462 461
f 388 463 462
f 388 464 463
f 388 465 464
f 388 466 465
f 388 467 466
f 388 468 467
f 388 469 468
f 388 470 469
f 388 471 470
f 388 472 471
f 388 473 472
f 388 474 473
f 388 475 474
f 476 477 478
f 476 479 477
f 480 479 476
f 477 481 478
f 478 481 482
f 480 483 479
f 484 483 480
f 481 485 482
f 482 485 486
f 484 487 483
f 485 488 486
f 486 488 489
f 484 490 487
f 489 491 492
f 488 491 489
f 484 493 490
f 491 494 492
f 492 494 495
f 484 496 493
f 494 497 495
f 495 497 498
f 484 499 496
f 497 500 498
f 498 500 501
f 484 502 499
f 500 503 501
f 501 503 504
f 484 505 502
f 503 506 504
f 504 506 507
f 484 508 505
f 509 508 484
f 507 510 511
f 506 510 507
f 509 512 508
f 513 514 515
f 516 514 513
f 513 517 516
f 514 518 515
f 513 519 517
f 518 520 515
f 513 521 519
f 522 521 513
f 520 523 515
f 515 523 509
f 522 524 521
f 523 525 509
f 522 526 524
f 525 527 509
f 522 528 526
f 527 529 509
f 511 530 531
f 510 530 511
f 522 532 528
f 533 532 522
f 529 534 509
f 534 535 509
f 535 536 509
f 536 537 509
f 509 538 512
f 537 539 509
f 539 540 509
f 531 541 542
f 530 541 531
f 540 543 509
f 543 544 509
f 544 545 509
f 509 546 538
f 545 547 509
f 542 548 549
f 541 548 542
f 547 550 509
f 509 551 546
f 549 552 553
f 548 552 549
f 509 554 551
f 555 554 550
f 550 554 509
f 553 556 557
f 552 556 553
f 555 558 554
f 559 558 560
f 560 558 561
f 561 558 555
f 557 562 563
f 556 562 557
f 564 565 566
f 566 565 559
f 559 565 558
f 563 567 568
f 562 567 563
f 569 570 571
f 571 570 572
f 572 570 564
f 564 570 565
f 567 573 568
f 568 573 574
f 575 576 577
f 577 576 578
f 578 576 569
f 569 576 570
f 574 579 580
f 573 579 574
f 581 582 583
f 583 582 584
f 584 582 575
f 575 582 576
f 580 585 586
f 579 585 580
f 587 588 589
f 589 588 581
f 581 588 582
f 586 590 591
f 585 590 586
f 592 593 594
f 594 593 595
f 595 593 587
f 587 593 588
f 591 596 597
f 590 596 591
f 592 598 593
f 599 598 600
f 600 598 601
f 601 598 592
f 596 602 597
f 597 602 603
f 599 604 598
f 605 604 599
f 603 606 607
f 602 606 603
f 608 609 605
f 605 609 604
f 607 610 611
f 606 610 607
f 612 613 608
f 608 613 609
f 611 614 615
f 610 614 611
f 616 617 612
f 612 617 613
f 615 618 619
f 614 618 615
f 620 621 622
f 623 624 616
f 616 624 617
f 621 625 626
f 627 625 620
f 620 625 621
f 619 628 627
f 618 628 619
f 625 629 630
f 631 632 628
f 625 633 629
f 629 633 634
f 627 633 625
f 635 636 623
f 623 636 624
f 632 637 628
f 637 638 628
f 627 639 633
f 633 639 640
f 638 641 628
f 639 642 643
f 641 644 628
f 645 644 641
f 644 646 628
f 639 647 642
f 642 647 648
f 635 649 636
f 650 649 635
f 639 651 647
f 646 652 628
f 653 652 646
f 639 654 651
f 652 655 628
f 639 656 654
f 655 657 628
f 657 658 628
f 659 658 657
f 660 661 662
f 663 661 660
f 664 665 650
f 650 665 649
f 666 667 658
f 658 668 628
f 667 668 658
f 661 669 670
f 663 669 661
f 669 671 672
f 673 674 668
f 675 674 673
f 669 676 671
f 663 676 669
f 663 677 676
f 663 678 677
f 663 679 678
f 680 681 674
f 682 681 680
f 683 681 682
f 663 684 679
f 663 685 684
f 681 686 674
f 687 686 681
f 674 686 668
f 663 688 685
f 668 689 628
f 690 689 686
f 686 689 668
f 663 691 688
f 688 691 692
f 627 691 639
f 656 691 663
f 639 691 656
f 627 693 691
f 689 693 628
f 628 693 627
f 664 694 665
f 664 695 694
f 695 696 694
f 695 697 696
f 697 698 696
f 698 699 700
f 697 699 698
f 699 701 700
f 700 702 703
f 701 702 700
f 702 704 703
f 703 705 706
f 704 705 703
f 705 707 706
f 707 708 706
f 706 709 710
f 708 709 706
f 709 711 710
f 710 712 713
f 711 712 710
f 712 714 713
f 714 715 713
f 715 716 713
f 716 717 713
f 716 718 717
f 718 719 717
f 719 720 717
f 721 722 720
f 723 722 721
f 720 722 717
f 724 725 726
f 724 727 725
f 724 728 727
f 724 729 728
f 724 730 729
f 724 731 730
f 724 732 731
f 724 733 732
f 724 734 733
f 724 735 734
f 724 736 735
f 724 737 736
f 724 738 737
f 724 739 738
f 724 740 739
f 724 741 740
f 724 742 741
f 724 743 742
f 724 744 743
f 724 745 744
f 724 746 745
f 724 747 746
f 748 749 750
f 750 751 752
f 749 751 750
f 753 754 748
f 748 754 749
f 752 755 723
f 751 755 752
f 753 756 754
f 757 756 753
f 722 758 759
f 723 758 722
f 755 758 723
f 757 760 756
f 761 760 757
f 758 762 759
f 763 764 761
f 761 764 760
f 762 765 759
f 766 767 763
f 768 767 766
f 769 767 768
f 770 767 769
f 771 767 770
f 772 767 771
f 773 767 772
f 774 767 773
f 775 767 774
f 763 767 764
f 759 776 777
f 765 776 759
f 776 778 777
f 724 779 747
f 778 780 777
f 780 781 777
f 777 781 782
f 781 783 782
f 783 784 782
f 784 785 782
f 782 785 786
f 724 787 779
f 785 788 786
f 788 789 786
f 789 790 786
f 786 790 791
f 724 792 787
f 790 793 791
f 793 794 791
f 794 795 791
f 791 795 796
f 724 797 792
f 724 798 797
f 799 800 801
f 800 802 803
f 724 804 798
f 799 805 800
f 800 805 802
f 802 805 806
f 795 807 796
f 796 807 808
f 799 809 805
f 805 809 810
f 724 811 804
f 812 813 814
f 815 816 724
f 724 816 811
f 813 817 818
f 812 819 813
f 813 819 817
f 807 820 808
f 808 820 821
f 799 822 809
f 819 822 823
f 809 822 812
f 812 822 819
f 799 824 822
f 825 824 826
f 822 824 825
f 820 827 821
f 821 827 828
f 799 829 824
f 824 829 830
f 831 832 833
f 829 832 831
f 829 834 832
f 827 835 828
f 828 835 836
f 799 837 829
f 829 837 834
f 799 838 837
f 837 838 839
f 840 841 815
f 842 841 840
f 815 841 816
f 799 843 838
f 835 844 836
f 836 844 845
f 842 846 841
f 845 847 848
f 844 847 845
f 849 850 851
f 849 852 850
f 847 853 848
f 848 853 854
f 852 855 856
f 852 857 855
f 852 858 857
f 853 859 854
f 854 859 860
f 849 861 852
f 852 861 858
f 861 862 863
f 859 864 860
f 860 864 865
f 861 866 862
f 849 866 861
f 866 867 868
f 864 869 865
f 865 869 870
f 867 871 872
f 866 871 867
f 869 873 870
f 870 873 874
f 871 875 876
f 875 877 878
f 875 879 877
f 873 880 874
f 874 880 881
f 875 882 879
f 875 883 882
f 880 884 881
f 881 884 799
f 883 885 886
f 871 885 875
f 875 885 883
f 885 887 888
f 871 887 885
f 871 889 887
f 871 890 889
f 799 891 843
f 884 891 799
f 843 891 849
f 890 892 893
f 866 892 871
f 871 892 890
f 894 895 891
f 891 895 849
f 866 896 892
f 895 897 849
f 849 897 866
f 866 897 896
f 775 898 767
f 899 900 898
f 901 900 899
f 902 900 901
f 903 900 902
f 904 900 903
f 905 900 904
f 906 900 905
f 907 900 906
f 908 900 907
f 909 900 908
f 910 900 909
f 911 900 910
f 912 900 911
f 913 900 912
f 914 900 913
f 915 900 914
f 916 900 915
f 917 900 916
f 918 900 917
f 919 900 918
f 920 900 919
f 921 900 920
f 922 900 921
f 923 900 922
f 924 900 923
f 925 900 924
f 926 900 925
f 927 900 926
f 928 900 927
f 929 900 928
f 846 900 929
f 475 900 930
f 931 900 842
f 932 900 931
f 933 900 932
f 934 900 933
f 935 900 934
f 936 900 935
f 937 900 936
f 938 900 937
f 939 900 938
f 940 900 939
f 941 900 940
f 942 900 941
f 943 900 942
f 944 900 943
f 945 900 944
f 946 900 945
f 947 900 946
f 948 900 947
f 949 900 948
f 950 900 949
f 930 900 950
f 842 900 846
f 388 900 475
f 900 767 898
f 361 388 386
f 420 385 450
f 533 724 726
f 380 450 385
f 726 532 533
f 951 952 898
f 951 898 775
f 702 953 704
f 954 953 702
f 704 955 705
f 953 955 704
f 705 956 707
f 955 956 705
f 707 957 708
f 708 957 709
f 956 957 707
f 709 958 711
f 957 958 709
f 711 959 712
f 958 959 711
f 712 960 714
f 959 960 712
f 960 961 714
f 714 961 715
f 961 962 715
f 715 962 716
f 716 963 718
f 962 963 716
f 718 964 719
f 963 964 718
f 719 965 720
f 964 965 719
f 720 966 721
f 965 966 720
f 721 967 723
f 966 967 721
f 723 968 752
f 967 968 723
f 752 969 750
f 968 969 752
f 750 970 748
f 969 970 750
f 748 971 753
f 970 971 748
f 753 972 757
f 971 972 753
f 757 973 761
f 972 973 757
f 761 974 763
f 973 974 761
f 763 975 766
f 974 975 763
f 766 976 768
f 975 976 766
f 768 977 769
f 976 977 768
f 769 978 770
f 977 978 769
f 770 979 771
f 978 979 770
f 771 980 772
f 979 980 771
f 772 981 773
f 980 981 772
f 773 982 774
f 981 982 773
f 774 983 775
f 982 983 774
f 983 951 775
f 984 954 702
f 984 702 701
f 985 701 699
f 985 699 697
f 985 984 701
f 986 985 697
f 987 697 695
f 987 986 697
f 988 695 664
f 988 987 695
f 989 664 650
f 989 988 664
f 990 650 635
f 990 635 623
f 990 989 650
f 991 990 623
f 992 623 616
f 992 991 623
f 993 616 612
f 993 612 608
f 993 992 616
f 994 993 608
f 995 608 605
f 995 605 599
f 995 994 608
f 996 995 599
f 997 998 999
f 1000 1001 997
f 1002 997 999
f 1002 1000 997
f 1003 1004 1002
f 1005 1003 1002
f 1006 1007 1005
f 1008 1009 1006
f 1008 1006 1005
f 1010 1011 1008
f 1012 1008 1005
f 1012 1010 1008
f 1013 1014 1012
f 1013 1005 1002
f 1013 1012 1005
f 1015 1016 1017
f 1015 1017 1018
f 1015 1018 1013
f 1019 1015 1013
f 1020 1021 1019
f 1020 1019 1013
f 1022 1023 1020
f 1024 1025 1022
f 1026 1020 1013
f 1026 1022 1020
f 1026 1024 1022
f 1026 1013 1002
f 1027 1026 1002
f 1027 1002 999
f 1027 1028 1026
f 1029 1027 999
f 1029 999 1030
f 1029 1030 1031
f 1029 1031 1032
f 1033 1029 1032
f 1034 1035 1033
f 1036 1034 1033
f 1037 1036 1033
f 1038 1037 1033
f 1039 1038 1033
f 1040 1039 1033
f 1041 1040 1033
f 1042 1041 1033
f 1043 1042 1033
f 1044 1043 1033
f 1045 1044 1033
f 1046 1045 1033
f 1047 1046 1033
f 1048 1047 1033
f 1049 1048 1033
f 1049 1050 1048
f 1051 1049 1033
f 1052 1051 1033
f 1053 1052 1033
f 1054 1053 1033
f 1055 1054 1033
f 1056 1055 1033
f 1057 1056 1033
f 1058 1057 1033
f 1058 1059 1057
f 1060 1058 1033
f 1061 1060 1033
f 1062 1033 1032
f 1062 1032 1063
f 1062 1061 1033
f 1064 1063 1065
f 1064 1062 1063
f 1066 1065 1067
f 1066 1064 1065
f 1068 1067 1069
f 1068 1066 1067
f 1070 1069 1071
f 1070 1068 1069
f 1072 1071 1073
f 1072 1070 1071
f 1074 1073 1075
f 1074 1072 1073
f 1076 1074 1075
f 1076 1075 1077
f 1078 1076 1077
f 1078 1077 1079
f 1080 1079 1081
f 1080 1078 1079
f 1082 1080 1081
f 1082 1081 1083
f 1084 1082 1083
f 1084 1083 1085
f 1086 1084 1085
f 1086 1085 1087
f 1088 1087 1089
f 1088 1086 1087
f 1090 1088 1089
f 1090 1089 1091
f 1092 1090 1091
f 1092 1091 1093
f 1094 1093 1095
f 1094 1092 1093
f 1096 1095 1097
f 1096 1094 1095
f 1098 1097 1099
f 1098 1096 1097
f 1100 1099 1101
f 1100 1098 1099
f 1102 1101 1103
f 1102 1100 1101
f 1104 1103 1105
f 1104 1102 1103
f 1106 1105 1107
f 1106 1104 1105
f 1108 1107 1109
f 1108 1106 1107
f 1110 1108 1109
f 1110 1109 1111
f 1112 1111 1113
f 1112 1110 1111
f 1114 1113 1115
f 1114 1112 1113
f 1116 1114 1115
f 1117 1116 1115
f 1118 1116 1117
f 1119 1120 1121
f 1119 1121 1122
f 1119 1122 1123
f 1124 1120 1119
f 1124 1119 1125
f 1126 1127 1128
f 1129 1118 1117
f 1130 1128 1131
f 1130 1131 1132
f 1130 1126 1128
f 1133 1130 1132
f 1133 1132 1134
f 1135 1136 1137
f 1138 1133 1134
f 1139 1124 1136
f 1139 1136 1135
f 1140 1138 1134
f 1141 1142 1140
f 1143 1144 1145
f 1146 1118 1129
f 1147 1141 1140
f 1148 1139 1144
f 1148 1120 1124
f 1148 1143 1149
f 1148 1124 1139
f 1148 1144 1143
f 1150 1151 1147
f 1150 1147 1140
f 1152 1148 1153
f 1152 1153 1154
f 1155 1156 1157
f 1158 1120 1148
f 1158 1148 1152
f 1159 1146 1129
f 1160 1157 1150
f 1160 1155 1157
f 1161 1146 1159
f 1162 1158 1163
f 1164 1165 1166
f 1164 1166 1160
f 1167 1162 1168
f 1169 1162 1167
f 1170 1171 1164
f 1170 1164 1160
f 1172 1169 1173
f 1174 1175 1170
f 1174 1170 1160
f 1176 1169 1172
f 1177 1174 1160
f 1177 1160 1150
f 1178 1161 1159
f 1178 1179 1161
f 1180 1169 1176
f 1180 1158 1162
f 1180 1120 1158
f 1180 1162 1169
f 1181 1120 1180
f 1182 1183 1177
f 1184 1177 1150
f 1184 1182 1177
f 1184 1150 1140
f 1185 1179 1178
f 1186 1184 1140
f 1187 1188 1186
f 1189 1186 1140
f 1189 1190 1187
f 1189 1140 1134
f 1189 1187 1186
f 1189 1134 1191
f 1189 1191 1120
f 1189 1120 1181
f 1192 1185 1178
f 1193 1192 1178
f 1194 1189 1181
f 1194 1181 1195
f 1196 1193 1178
f 1197 1194 1195
f 1197 1195 1198
f 1199 1196 1178
f 1200 1199 1178
f 1201 1197 1198
f 1201 1198 1202
f 1203 1200 1178
f 1204 1201 1202
f 1204 1202 1205
f 1206 1204 1205
f 1206 1205 1207
f 1208 1206 1207
f 1208 1207 1209
f 1210 1208 1209
f 1210 1209 1211
f 1212 1211 1213
f 1212 1210 1211
f 1214 1212 1213
f 1214 1213 1215
f 1216 1214 1215
f 1216 1215 1217
f 1218 1216 1217
f 1218 1217 1219
f 1220 1218 1219
f 1220 1219 1221
f 1222 1220 1221
f 1222 1221 1223
f 1224 1222 1223
f 1224 1223 1225
f 1226 1224 1225
f 1227 1226 1225
f 1228 1227 1225
f 1228 1225 1229
f 1230 1228 1229
f 1231 1230 1229
f 1232 1231 1229
f 1232 1229 1233
f 1234 1232 1233
f 1235 1234 1233
f 1236 1235 1233
f 1236 1233 1237
f 1238 1236 1237
f 1239 1238 1237
f 1240 1239 1237
f 1240 1237 1241
f 1242 1240 1241
f 1243 1242 1241
f 1244 1243 1241
f 1244 1241 1245
f 1246 1247 1248
f 1246 1248 1249
f 1250 1249 1248
f 1251 1247 1246
f 1252 1248 1253
f 1252 1250 1248
f 1254 1255 1247
f 1254 1247 1251
f 1256 1252 1253
f 1257 1255 1254
f 1258 1256 1253
f 1259 1255 1257
f 1260 1253 1261
f 1260 1258 1253
f 1262 1263 1255
f 1262 1255 1259
f 1264 1260 1261
f 1265 1263 1262
f 1266 1264 1261
f 1267 1263 1265
f 1268 1261 1269
f 1268 1266 1261
f 1270 1271 1263
f 1270 1263 1267
f 1272 1268 1269
f 1273 1269 1274
f 1273 1272 1269
f 1275 1273 1274
f 1276 1275 1274
f 1277 1276 1274
f 1277 1274 1278
f 1279 1280 1271
f 1279 1271 1270
f 1281 1277 1278
f 1282 1283 1280
f 1282 1280 1279
f 1284 1285 1283
f 1284 1283 1282
f 1286 1203 1178
f 1286 1287 1288
f 1286 1288 1289
f 1286 1289 1290
f 1286 1290 1291
f 1286 1278 1292
f 1286 1291 1293
f 1286 1293 1294
f 1286 1292 1295
f 1286 1294 1281
f 1286 1295 1296
f 1286 1296 1297
f 1286 1297 1203
f 1286 1281 1278
f 1298 1299 1285
f 1298 1285 1284
f 1300 1301 1302
f 1300 1303 1301
f 1304 1302 1301
f 1305 1303 1300
f 1306 1304 1301
f 1306 1301 1307
f 1308 1303 1305
f 1308 1309 1303
f 1310 1306 1307
f 1311 1287 1286
f 1312 1309 1308
f 1313 1307 1314
f 1313 1310 1307
f 1315 1309 1312
f 1316 1309 1315
f 1316 1317 1309
f 1318 1317 1316
f 1319 1311 1286
f 1320 1321 1299
f 1320 1299 1298
f 1322 1317 1318
f 1323 1313 1314
f 1324 1317 1322
f 1324 1245 1317
f 1325 1319 1286
f 1326 1245 1324
f 1327 1328 1321
f 1327 1321 1320
f 1329 1245 1326
f 1329 1244 1245
f 1329 1330 1244
f 1331 1314 1332
f 1331 1323 1314
f 1333 1325 1286
f 1334 1335 1328
f 1334 1328 1327
f 1336 1330 1329
f 1336 1337 1330
f 1338 1332 1339
f 1338 1331 1332
f 1340 1341 1335
f 1340 1335 1334
f 1342 1339 1341
f 1342 1341 1340
f 1342 1338 1339
f 1343 1337 1336
f 1343 1344 1337
f 1345 1333 1286
f 1346 1344 1343
f 1346 1347 1344
f 1348 1345 1286
f 1349 1347 1346
f 1349 1350 1347
f 1351 1350 1349
f 1351 1352 1350
f 1353 1348 1286
f 1354 1352 1351
f 1354 1355 1352
f 1356 1355 1354
f 1356 1357 1355
f 1358 1357 1356
f 1359 1360 1361
f 1359 1361 1353
f 1359 1353 1286
f 1362 1357 1358
f 1363 1360 1359
f 1364 1357 1362
f 1365 1357 1364
f 1366 1357 1365
f 1367 1357 1366
f 1368 1357 1367
f 1369 1357 1368
f 1370 1357 1369
f 1371 1372 1373
f 1371 1373 1374
f 1371 1374 1375
f 1371 1375 1363
f 1371 1363 1359
f 1376 1377 1378
f 1376 1378 1379
f 1376 1379 1372
f 1376 1372 1371
f 1376 1380 1377
f 1381 1380 1376
f 1382 1357 1370
f 1383 1382 1384
f 1383 1384 1385
f 1383 1385 1386
f 1383 1386 1387
f 1383 1387 1388
f 1383 1388 1389
f 1383 1389 1390
f 1383 1390 1391
f 1383 1391 1392
f 1383 1392 1393
f 1383 1393 1394
f 1383 1394 1395
f 1383 1395 1396
f 1383 1396 1397
f 1383 1397 1398
f 1383 1398 1399
f 1383 1399 1400
f 1383 1400 1401
f 1383 1401 1402
f 1383 1402 1403
f 1383 1403 1404
f 1383 1404 1405
f 1383 1405 1406
f 1383 1406 1407
f 1383 1407 1408
f 1383 1408 1409
f 1383 1409 1410
f 1383 1410 1411
f 1383 1411 1412
f 1383 1412 1413
f 1383 1413 1414
f 1415 1416 1417
f 1415 1417 1418
f 1415 1418 1419
f 1415 1419 1420
f 1415 1420 1421
f 1415 1421 1422
f 1415 1422 1423
f 1415 1423 1424
f 1415 1424 1425
f 1415 1425 1426
f 1415 1426 1427
f 1415 1427 1428
f 1415 1428 1429
f 1415 1429 1430
f 1415 1430 1431
f 1415 1431 1432
f 1415 1432 1433
f 1415 1433 1434
f 1415 1434 1435
f 1415 1435 1436
f 1415 1436 1437
f 1415 1437 1438
f 1415 1438 1439
f 1415 1439 1440
f 1415 1440 1441
f 1415 1441 1442
f 1415 1442 1443
f 1415 1443 1444
f 1415 1444 1445
f 1415 1445 1446
f 1447 1416 1415
f 1447 1448 1416
f 1449 1448 1447
f 1450 1383 1414
f 1450 1448 1449
f 1450 1414 1448
f 1451 1383 1450
f 1452 1383 1451
f 1453 1383 1452
f 1454 1383 1453
f 1455 1383 1454
f 1456 1383 1455
f 1457 1383 1456
f 1458 1383 1457
f 1459 1383 1458
f 1460 1383 1459
f 1461 1383 1460
f 1462 1383 1461
f 1463 1383 1462
f 1464 1383 1463
f 1465 1383 1464
f 1466 1383 1465
f 1467 1383 1466
f 1468 1383 1467
f 1469 1383 1468
f 1470 1383 1469
f 1471 1383 1470
f 1472 1473 1474
f 1475 1476 1473
f 1475 1473 1472
f 1477 1474 1478
f 1477 1472 1474
f 1479 1480 1476
f 1479 1476 1475
f 1481 1478 1482
f 1481 1477 1478
f 1483 1480 1479
f 1484 1482 1485
f 1484 1481 1482
f 1486 1480 1483
f 1487 1484 1485
f 1487 1485 1488
f 1489 1480 1486
f 1490 1488 1491
f 1490 1487 1488
f 1492 1480 1489
f 1493 1491 1494
f 1493 1490 1491
f 1495 1480 1492
f 1496 1493 1494
f 1496 1494 1497
f 1498 1480 1495
f 1499 1496 1497
f 1499 1497 1500
f 1501 1480 1498
f 1502 1500 1503
f 1502 1499 1500
f 1504 1505 1480
f 1504 1480 1501
f 1506 1503 1507
f 1506 1502 1503
f 1508 1505 1504
f 1509 1510 1511
f 1509 1511 1512
f 1513 1511 1510
f 1514 1509 1512
f 1515 1511 1513
f 1516 1514 1512
f 1517 1511 1515
f 1517 1518 1511
f 1519 1516 1512
f 1519 1512 1505
f 1520 1518 1517
f 1521 1519 1505
f 1522 1518 1520
f 1523 1521 1505
f 1524 1518 1522
f 1525 1523 1505
f 1526 1507 1527
f 1526 1506 1507
f 1528 1529 1518
f 1528 1518 1524
f 1530 1525 1505
f 1531 1530 1505
f 1532 1531 1505
f 1533 1532 1505
f 1534 1505 1508
f 1535 1533 1505
f 1536 1535 1505
f 1537 1527 1538
f 1537 1526 1527
f 1539 1536 1505
f 1540 1539 1505
f 1541 1540 1505
f 1542 1505 1534
f 1543 1541 1505
f 1544 1537 1538
f 1544 1538 1545
f 1546 1543 1505
f 1547 1505 1542
f 1548 1545 1549
f 1548 1544 1545
f 1550 1551 1546
f 1550 1546 1505
f 1550 1505 1547
f 1552 1549 1553
f 1552 1548 1549
f 1554 1555 1556
f 1554 1556 1557
f 1554 1557 1551
f 1554 1551 1550
f 1558 1553 1559
f 1558 1552 1553
f 1560 1561 1562
f 1560 1562 1555
f 1560 1555 1554
f 1563 1559 1564
f 1563 1558 1559
f 1565 1566 1567
f 1565 1567 1568
f 1565 1568 1561
f 1565 1561 1560
f 1569 1564 1570
f 1569 1563 1564
f 1571 1572 1573
f 1571 1573 1574
f 1571 1574 1566
f 1571 1566 1565
f 1575 1570 1576
f 1575 1569 1570
f 1577 1578 1579
f 1577 1579 1580
f 1577 1580 1572
f 1577 1572 1571
f 1581 1576 1582
f 1581 1575 1576
f 1583 1584 1585
f 1583 1585 1578
f 1583 1578 1577
f 1586 1581 1582
f 1586 1582 1587
f 1588 1589 1590
f 1588 1590 1591
f 1588 1591 1584
f 1588 1584 1583
f 1592 1586 1587
f 1592 1587 1593
f 1594 996 1595
f 1594 1595 1596
f 1594 1596 1589
f 1594 1589 1588
f 1597 1592 1593
f 1597 1593 1598
f 1599 995 996
f 1599 996 1594
f 1600 1598 1601
f 1600 1597 1598
f 1602 994 995
f 1602 995 1599
f 1603 1601 1604
f 1603 1600 1601
f 1605 993 994
f 1605 994 1602
f 1606 1604 1607
f 1606 1603 1604
f 1608 993 1605
f 1608 992 993
f 1609 1606 1607
f 1609 1607 1610
f 1611 1612 1613
f 1614 992 1608
f 1614 991 992
f 1615 1616 1617
f 1615 1617 1612
f 1615 1612 1611
f 1618 1610 1616
f 1618 1609 1610
f 1619 1616 1615
f 1619 1615 1620
f 1621 1616 1619
f 1621 1619 1622
f 1623 991 1614
f 1623 990 991
f 1624 1625 1626
f 1624 1626 1618
f 1627 1628 1624
f 1627 1624 1618
f 1629 1621 1630
f 1629 1630 1631
f 1632 1633 1627
f 1634 1627 1618
f 1634 1632 1627
f 1635 990 1623
f 1635 989 990
f 1636 1637 1638
f 1636 1638 1639
f 1640 1641 1634
f 1640 1634 1618
f 1642 1637 1636
f 1643 1640 1618
f 1644 1637 1642
f 1644 1642 1645
f 1646 1647 1643
f 1646 1643 1618
f 1648 1646 1618
f 1649 1644 1650
f 1651 1648 1618
f 1652 989 1635
f 1652 988 989
f 1653 1651 1618
f 1654 1649 1655
f 1654 1644 1649
f 1656 1653 1618
f 1657 1656 1618
f 1658 1654 1659
f 1658 1659 1660
f 1661 1662 1663
f 1661 1663 1657
f 1664 1665 1661
f 1664 1661 1657
f 1666 1667 1668
f 1669 1670 1664
f 1671 1667 1666
f 1671 1666 1672
f 1673 1669 1664
f 1673 1664 1657
f 1674 1673 1657
f 1675 1671 1676
f 1677 1621 1629
f 1677 1667 1671
f 1677 1616 1621
f 1677 1671 1675
f 1677 1637 1644
f 1677 1629 1637
f 1677 1644 1654
f 1677 1658 1678
f 1677 1678 1667
f 1677 1654 1658
f 1679 1674 1657
f 1679 1680 1674
f 1679 1657 1618
f 1679 1618 1616
f 1679 1616 1677
f 1681 988 1652
f 987 988 1681
f 1682 987 1681
f 986 987 1682
f 1683 986 1682
f 985 986 1683
f 985 1683 1684
f 984 985 1684
f 954 984 1684
f 954 1684 1685
f 953 954 1685
f 955 953 1685
f 955 1685 1686
f 956 955 1686
f 957 956 1686
f 958 957 1686
f 958 1686 1687
f 959 958 1687
f 960 959 1687
f 960 1687 1688
f 961 960 1688
f 962 961 1688
f 963 962 1688
f 1689 963 1688
f 964 963 1689
f 965 964 1689
f 966 965 1689
f 1690 968 967
f 1690 967 966
f 1690 966 1689
f 1691 1692 1693
f 1694 1692 1691
f 1695 1692 1694
f 1696 1692 1695
f 1697 1692 1696
f 1698 1692 1697
f 1699 1692 1698
f 1700 1692 1699
f 1701 1692 1700
f 1702 1692 1701
f 1703 1692 1702
f 1704 1692 1703
f 1705 1692 1704
f 1706 1692 1705
f 1707 1692 1706
f 1708 1692 1707
f 1709 1692 1708
f 1710 1692 1709
f 1711 1692 1710
f 1712 1692 1711
f 1713 1692 1712
f 1714 1692 1713
f 1715 971 970
f 1716 1715 970
f 1716 970 969
f 1717 972 971
f 1717 971 1715
f 1718 969 968
f 1718 1716 969
f 1719 973 972
f 1719 972 1717
f 1720 1718 968
f 1720 968 1690
f 1720 1690 1721
f 1722 974 973
f 1722 973 1719
f 1723 1720 1721
f 1724 975 974
f 1724 974 1722
f 1725 1723 1721
f 1726 975 1724
f 1726 951 983
f 1726 983 982
f 1726 982 981
f 1726 981 980
f 1726 980 979
f 1726 979 978
f 1726 978 977
f 1726 977 976
f 1726 976 975
f 1727 1725 1721
f 1727 1721 1728
f 1729 1727 1728
f 1730 1692 1714
f 1731 1729 1728
f 1732 1731 1728
f 1732 1728 1733
f 1734 1732 1733
f 1735 1734 1733
f 1736 1735 1733
f 1736 1733 1737
f 1738 1692 1730
f 1739 1736 1737
f 1740 1739 1737
f 1741 1740 1737
f 1741 1737 1742
f 1743 1692 1738
f 1744 1741 1742
f 1745 1744 1742
f 1746 1745 1742
f 1746 1742 1747
f 1748 1692 1743
f 1749 1692 1748
f 1750 1751 1752
f 1753 1692 1749
f 1754 1755 1756
f 1757 1755 1754
f 1757 1758 1751
f 1757 1750 1755
f 1757 1751 1750
f 1759 1746 1747
f 1759 1747 1760
f 1761 1758 1757
f 1762 1692 1753
f 1763 1761 1764
f 1763 1764 1765
f 1766 1761 1763
f 1767 1692 1762
f 1767 1768 1692
f 1769 1766 1770
f 1769 1770 1771
f 1772 1759 1760
f 1772 1760 1773
f 1774 1761 1766
f 1774 1766 1769
f 1774 1758 1761
f 1774 1769 1775
f 1776 1758 1774
f 1777 1758 1776
f 1778 1773 1779
f 1778 1772 1773
f 1780 1777 1781
f 1782 1777 1780
f 1783 1777 1782
f 1784 1758 1777
f 1784 1777 1783
f 1785 1778 1779
f 1785 1779 1786
f 1787 1784 1788
f 1789 1787 1790
f 1789 1784 1787
f 1789 1758 1784
f 1791 1792 1793
f 1791 1793 1768
f 1791 1768 1767
f 1794 1758 1789
f 1795 1785 1786
f 1795 1786 1796
f 1797 1792 1791
f 1798 1795 1796
f 1798 1796 1799
f 1800 1798 1799
f 1800 1799 1801
f 1802 1803 1804
f 1805 1800 1801
f 1805 1801 1806
f 1807 1808 1809
f 1807 1809 1810
f 1807 1810 1803
f 1807 1802 1811
f 1807 1803 1802
f 1812 1806 1813
f 1812 1805 1806
f 1814 1807 1815
f 1816 1807 1814
f 1817 1807 1816
f 1818 1813 1819
f 1818 1812 1813
f 1820 1807 1817
f 1820 1808 1807
f 1821 1808 1820
f 1822 1819 1823
f 1822 1818 1819
f 1824 1825 1826
f 1827 1823 1828
f 1827 1822 1823
f 1829 1824 1830
f 1829 1830 1831
f 1832 1825 1824
f 1832 1824 1829
f 1833 1828 1758
f 1833 1827 1828
f 1834 1835 1836
f 1837 1834 1838
f 1839 1840 1841
f 1839 1841 1808
f 1839 1758 1794
f 1839 1794 1840
f 1839 1833 1758
f 1842 1821 1843
f 1842 1843 1825
f 1842 1832 1835
f 1842 1825 1832
f 1842 1835 1834
f 1842 1834 1837
f 1844 1821 1842
f 1844 1842 1845
f 1844 1808 1821
f 1844 1839 1808
f 1846 1839 1844
f 1846 1847 1848
f 1846 1848 1839
f 952 951 1726
f 1849 1850 1851
f 1849 1852 1853
f 1849 1851 1854
f 1849 1853 1855
f 1849 1854 1856
f 1849 1855 1857
f 1849 1856 1858
f 1849 1857 1859
f 1849 1858 1860
f 1849 1859 1861
f 1849 1860 1862
f 1849 1861 1863
f 1849 1862 1864
f 1849 1863 1865
f 1849 1864 1866
f 1849 1865 1867
f 1849 1866 1868
f 1849 1867 1869
f 1849 1868 1870
f 1849 1869 1871
f 1849 1870 1872
f 1849 1871 1873
f 1849 1872 1792
f 1849 1873 1874
f 1849 1874 1875
f 1849 1875 952
f 1849 1792 1797
f 1849 1797 1876
f 1849 1876 1877
f 1849 1877 1878
f 1849 1878 1879
f 1849 1879 1880
f 1849 1880 1881
f 1849 1881 1882
f 1849 1471 1883
f 1849 1882 1884
f 1849 1883 1885
f 1849 1884 1886
f 1849 1885 1887
f 1849 1886 1888
f 1849 1887 1889
f 1849 1888 1890
f 1849 1889 1891
f 1849 1890 1892
f 1849 1383 1471
f 1849 1891 1893
f 1849 1892 1894
f 1849 1893 1895
f 1849 1894 1896
f 1849 1895 1897
f 1849 1896 1898
f 1849 1897 1899
f 1849 1898 1900
f 1849 1899 1850
f 1849 1900 1852
f 1726 1849 952
f 1383 1357 1382
f 1381 1415 1446
f 1692 1529 1693
f 1446 1380 1381
f 1528 1693 1529
f 898 952 899
f 899 1875 901
f 952 1875 899
f 901 1874 902
f 1875 1874 901
f 902 1873 903
f 1874 1873 902
f 903 1871 904
f 1873 1871 903
f 904 1869 905
f 1871 1869 904
f 905 1867 906
f 1869 1867 905
f 906 1865 907
f 1867 1865 906
f 1865 1863 907
f 907 1863 908
f 1863 1861 908
f 908 1861 909
f 909 1859 910
f 1861 1859 909
f 910 1857 911
f 1859 1857 910
f 911 1855 912
f 1857 1855 911
f 912 1853 913
f 1855 1853 912
f 913 1852 914
f 1853 1852 913
f 914 1900 915
f 1852 1900 914
f 915 1898 916
f 1900 1898 915
f 916 1896 917
f 1898 1896 916
f 917 1894 918
f 1896 1894 917
f 918 1892 919
f 1894 1892 918
f 919 1890 920
f 1892 1890 919
f 920 1888 921
f 1890 1888 920
f 921 1886 922
f 1888 1886 921
f 922 1884 923
f 1886 1884 922
f 923 1882 924
f 1884 1882 923
f 924 1881 925
f 1882 1881 924
f 925 1880 926
f 1881 1880 925
f 926 1879 927
f 1880 1879 926
f 927 1878 928
f 1879 1878 927
f 928 1877 929
f 1878 1877 928
f 929 1876 846
f 1877 1876 929
f 846 1797 841
f 1876 1797 846
f 1797 1791 841
f 1791 1767 816
f 1791 816 841
f 816 1767 811
f 811 1762 804
f 1767 1762 811
f 804 1753 798
f 1762 1753 804
f 798 1749 797
f 1753 1749 798
f 797 1748 792
f 1749 1748 797
f 792 1743 787
f 1748 1743 792
f 787 1738 779
f 1743 1738 787
f 779 1730 747
f 1738 1730 779
f 747 1714 746
f 1730 1714 747
f 1714 1713 746
f 746 1713 745
f 1713 1712 745
f 745 1712 744
f 744 1711 743
f 1712 1711 744
f 743 1710 742
f 1711 1710 743
f 742 1709 741
f 1710 1709 742
f 741 1708 740
f 1709 1708 741
f 740 1707 739
f 1708 1707 740
f 739 1706 738
f 1707 1706 739
f 738 1705 737
f 1706 1705 738
f 737 1704 736
f 1705 1704 737
f 736 1703 735
f 1704 1703 736
f 735 1702 734
f 1703 1702 735
f 734 1701 733
f 1702 1701 734
f 733 1700 732
f 1701 1700 733
f 732 1699 731
f 1700 1699 732
f 731 1698 730
f 1699 1698 731
f 730 1697 729
f 1698 1697 730
f 729 1696 728
f 1697 1696 729
f 728 1695 727
f 1696 1695 728
f 727 1694 725
f 1695 1694 727
f 725 1691 726
f 1694 1691 725
f 1691 1693 726
f 726 1528 532
f 1693 1528 726
f 532 1528 528
f 1528 1524 528
f 1524 1522 528
f 528 1522 526
f 1522 1520 526
f 524 1520 521
f 526 1520 524
f 1520 1517 521
f 1517 1515 521
f 521 1515 519
f 1515 1513 519
f 519 1513 517
f 1513 1510 517
f 516 1510 514
f 517 1510 516
f 1510 1509 514
f 1509 1514 514
f 514 1514 518
f 1514 1516 518
f 520 1516 523
f 518 1516 520
f 1516 1519 523
f 1519 1521 523
f 523 1521 525
f 1521 1523 525
f 525 1523 527
f 1523 1525 527
f 527 1525 529
f 1525 1530 529
f 534 1530 535
f 529 1530 534
f 1530 1531 535
f 1531 1532 535
f 535 1532 536
f 1532 1533 536
f 536 1533 537
f 539 1535 540
f 537 1535 539
f 1533 1535 537
f 1535 1536 540
f 540 1539 543
f 1536 1539 540
f 544 1540 545
f 543 1540 544
f 1539 1540 543
f 545 1541 547
f 1540 1541 545
f 1541 1543 547
f 1543 1546 547
f 547 1546 550
f 1546 1551 550
f 550 1551 555
f 1551 1557 555
f 555 1557 561
f 1557 1556 561
f 560 1556 559
f 561 1556 560
f 1556 1555 559
f 1555 1562 559
f 566 1562 564
f 559 1562 566
f 1562 1561 564
f 1561 1568 564
f 564 1568 572
f 1568 1567 572
f 572 1567 571
f 1567 1566 571
f 571 1566 569
f 1566 1574 569
f 578 1574 577
f 569 1574 578
f 1574 1573 577
f 1573 1572 577
f 575 1572 584
f 577 1572 575
f 1572 1580 584
f 584 1580 583
f 1580 1579 583
f 583 1578 581
f 1579 1578 583
f 581 1585 589
f 1578 1585 581
f 589 1584 587
f 1585 1584 589
f 587 1591 595
f 1584 1591 587
f 595 1590 594
f 1591 1590 595
f 594 1589 592
f 1590 1589 594
f 601 1596 600
f 592 1596 601
f 1589 1596 592
f 1596 1595 600
f 600 996 599
f 1595 996 600
f 1382 1370 374
f 1382 374 386
f 374 1370 373
f 373 1369 372
f 1370 1369 373
f 372 1368 371
f 1369 1368 372
f 371 1367 370
f 1368 1367 371
f 370 1366 369
f 1367 1366 370
f 369 1365 368
f 1366 1365 369
f 368 1364 366
f 1365 1364 368
f 366 1362 362
f 1364 1362 366
f 1362 1358 362
f 362 1358 360
f 1358 1356 360
f 360 1356 358
f 358 1354 355
f 1356 1354 358
f 355 1351 353
f 1354 1351 355
f 353 1349 350
f 1351 1349 353
f 350 1346 347
f 1349 1346 350
f 347 1343 340
f 1346 1343 347
f 340 1336 333
f 1343 1336 340
f 333 1329 330
f 1336 1329 333
f 330 1326 328
f 1329 1326 330
f 328 1324 326
f 1326 1324 328
f 326 1322 322
f 1324 1322 326
f 322 1318 321
f 1322 1318 322
f 321 1316 319
f 1318 1316 321
f 319 1315 316
f 1316 1315 319
f 316 1312 313
f 1315 1312 316
f 313 1308 309
f 1312 1308 313
f 309 1305 305
f 1308 1305 309
f 305 1300 307
f 1305 1300 305
f 1300 1302 307
f 307 1304 308
f 1302 1304 307
f 308 1306 310
f 1304 1306 308
f 310 1310 314
f 1306 1310 310
f 314 1313 317
f 1310 1313 314
f 1270 274 283
f 1279 1270 283
f 1282 283 286
f 1282 286 288
f 1282 1279 283
f 1284 1282 288
f 1298 288 302
f 1298 1284 288
f 1320 302 324
f 1320 324 331
f 1320 1298 302
f 1327 1320 331
f 1334 331 338
f 1334 1327 331
f 1340 338 345
f 1340 345 346
f 1340 1334 338
f 1342 1340 346
f 1338 346 342
f 1338 342 335
f 1338 1342 346
f 1331 1338 335
f 1323 335 327
f 1323 1331 335
f 1313 327 317
f 1313 1323 327
f 1270 1267 274
f 274 1267 271
f 1267 1265 271
f 271 1265 269
f 1265 1262 269
f 269 1262 266
f 1262 1259 266
f 266 1259 263
f 1259 1257 263
f 261 1257 258
f 263 1257 261
f 1257 1254 258
f 1254 1251 258
f 258 1251 255
f 1251 1246 255
f 255 1246 251
f 1246 1249 251
f 252 1249 254
f 251 1249 252
f 1249 1250 254
f 1250 1252 254
f 254 1252 256
f 1252 1256 256
f 256 1256 260
f 1256 1258 260
f 260 1258 262
f 1258 1260 262
f 262 1260 264
f 1260 1264 264
f 264 1264 268
f 1264 1266 268
f 268 1266 270
f 1266 1268 270
f 270 1268 272
f 1268 1272 272
f 276 1272 277
f 272 1272 276
f 1272 1273 277
f 279 1275 280
f 277 1275 279
f 1273 1275 277
f 1275 1276 280
f 281 1277 285
f 280 1277 281
f 1276 1277 280
f 1277 1281 285
f 285 1294 297
f 1281 1294 285
f 1294 1293 297
f 297 1293 296
f 1293 1291 296
f 295 1291 294
f 296 1291 295
f 1291 1290 294
f 1290 1289 294
f 293 1289 292
f 294 1289 293
f 1289 1288 292
f 1288 1287 292
f 291 1287 315
f 292 1287 291
f 1287 1311 315
f 1311 1319 315
f 315 1319 323
f 1319 1325 323
f 323 1325 329
f 1325 1333 329
f 329 1333 337
f 1333 1345 337
f 349 1345 352
f 337 1345 349
f 1345 1348 352
f 1348 1353 352
f 352 1353 357
f 1353 1361 357
f 365 1361 364
f 357 1361 365
f 364 1360 367
f 1361 1360 364
f 1360 1363 367
f 367 1375 379
f 1363 1375 367
f 379 1374 378
f 1375 1374 379
f 377 1373 376
f 378 1373 377
f 1374 1373 378
f 1373 1372 376
f 376 1379 384
f 1372 1379 376
f 384 1378 383
f 1379 1378 384
f 382 1377 380
f 383 1377 382
f 1378 1377 383
f 1377 1380 380
f 1380 1446 450
f 1380 450 380
f 450 1446 421
f 421 1445 419
f 1446 1445 421
f 419 1444 422
f 1445 1444 419
f 422 1443 423
f 1444 1443 422
f 423 1442 424
f 1443 1442 423
f 424 1441 425
f 1442 1441 424
f 425 1440 426
f 1441 1440 425
f 426 1439 427
f 1440 1439 426
f 427 1438 428
f 1439 1438 427
f 1438 1437 428
f 428 1437 429
f 1437 1436 429
f 429 1436 430
f 430 1435 431
f 1436 1435 430
f 431 1434 432
f 1435 1434 431
f 432 1433 433
f 1434 1433 432
f 433 1432 434
f 1433 1432 433
f 434 1431 435
f 1432 1431 434
f 435 1430 436
f 1431 1430 435
f 436 1429 437
f 1430 1429 436
f 437 1428 438
f 1429 1428 437
f 438 1427 439
f 1428 1427 438
f 439 1426 440
f 1427 1426 439
f 440 1425 441
f 1426 1425 440
f 441 1424 442
f 1425 1424 441
f 442 1423 443
f 1424 1423 442
f 443 1422 444
f 1423 1422 443
f 444 1421 445
f 1422 1421 444
f 445 1420 446
f 1421 1420 445
f 446 1419 447
f 1420 1419 446
f 447 1418 448
f 1419 1418 447
f 448 1417 449
f 1418 1417 448
f 1417 1416 449
f 1416 1448 452
f 1416 452 449
f 452 1448 389
f 389 1414 387
f 1448 1414 389
f 387 1413 390
f 1414 1413 387
f 390 1412 391
f 1413 1412 390
f 391 1411 392
f 1412 1411 391
f 392 1410 393
f 1411 1410 392
f 393 1409 394
f 1410 1409 393
f 394 1408 395
f 1409 1408 394
f 1408 1407 395
f 395 1407 396
f 1407 1406 396
f 396 1406 397
f 397 1405 398
f 1406 1405 397
f 398 1404 399
f 1405 1404 398
f 399 1403 400
f 1404 1403 399
f 400 1402 401
f 1403 1402 400
f 401 1401 402
f 1402 1401 401
f 402 1400 403
f 1401 1400 402
f 403 1399 404
f 1400 1399 403
f 404 1398 405
f 1399 1398 404
f 405 1397 406
f 1398 1397 405
f 406 1396 407
f 1397 1396 406
f 407 1395 408
f 1396 1395 407
f 408 1394 409
f 1395 1394 408
f 409 1393 410
f 1394 1393 409
f 410 1392 411
f 1393 1392 410
f 411 1391 412
f 1392 1391 411
f 412 1390 413
f 1391 1390 412
f 413 1389 414
f 1390 1389 413
f 414 1388 415
f 1389 1388 414
f 415 1387 416
f 1388 1387 415
f 416 1386 417
f 1387 1386 416
f 417 1385 418
f 1386 1385 417
f 418 1384 386
f 1385 1384 418
f 1384 1382 386
f 894 891 1839
f 894 1839 1848
f 895 1848 1847
f 895 894 1848
f 897 1847 1846
f 897 895 1847
f 896 1846 1844
f 896 897 1846
f 892 1844 1845
f 892 896 1844
f 893 892 1845
f 893 1845 1842
f 890 893 1842
f 890 1842 1837
f 889 890 1837
f 889 1837 1838
f 887 889 1838
f 887 1838 1834
f 888 887 1834
f 888 1834 1836
f 885 888 1836
f 885 1836 1835
f 886 885 1835
f 886 1835 1832
f 883 886 1832
f 883 1832 1829
f 882 883 1829
f 882 1829 1831
f 879 882 1831
f 879 1831 1830
f 877 879 1830
f 877 1830 1824
f 878 877 1824
f 878 1824 1826
f 875 878 1826
f 875 1826 1825
f 876 1825 1843
f 876 875 1825
f 871 1843 1821
f 871 876 1843
f 872 871 1821
f 872 1821 1820
f 867 1820 1817
f 867 872 1820
f 868 867 1817
f 868 1817 1816
f 866 1816 1814
f 866 868 1816
f 862 1814 1815
f 862 866 1814
f 863 1815 1807
f 863 862 1815
f 861 1811 1802
f 861 1807 1811
f 861 863 1807
f 858 1802 1804
f 858 861 1802
f 857 1804 1803
f 857 858 1804
f 855 1803 1810
f 855 857 1803
f 856 855 1810
f 856 1810 1809
f 852 856 1809
f 852 1809 1808
f 850 852 1808
f 850 1808 1841
f 851 850 1841
f 851 1841 1840
f 849 851 1840
f 849 1794 843
f 1840 1794 849
f 1751 1758 799
f 1751 799 801
f 1752 801 800
f 1752 1751 801
f 1750 800 803
f 1750 1752 800
f 1755 803 802
f 1755 1750 803
f 1756 802 806
f 1756 1755 802
f 1754 806 805
f 1754 1756 806
f 1757 805 810
f 1757 1754 805
f 1761 810 809
f 1761 1757 810
f 1764 1761 809
f 1764 809 812
f 1765 1764 812
f 1765 812 814
f 1763 1765 814
f 1763 814 813
f 1766 1763 813
f 1766 813 818
f 1770 1766 818
f 1770 818 817
f 1771 1770 817
f 1771 817 819
f 1769 1771 819
f 1769 819 823
f 1775 1769 823
f 1775 823 822
f 1774 1775 822
f 1774 822 825
f 1776 1774 825
f 1776 825 826
f 1777 826 824
f 1777 1776 826
f 1781 824 830
f 1781 1777 824
f 1780 1781 830
f 1780 830 829
f 1782 829 831
f 1782 1780 829
f 1783 1782 831
f 1783 831 833
f 1784 833 832
f 1784 1783 833
f 1788 832 834
f 1788 1784 832
f 1787 834 837
f 1787 1788 834
f 1790 837 839
f 1790 1787 837
f 1789 839 838
f 1789 1790 839
f 1794 838 843
f 1794 1789 838
f 799 1828 881
f 1758 1828 799
f 881 1823 874
f 1828 1823 881
f 874 1819 870
f 1823 1819 874
f 870 1813 865
f 1819 1813 870
f 865 1806 860
f 1813 1806 865
f 1806 1801 860
f 860 1801 854
f 854 1799 848
f 1801 1799 854
f 848 1796 845
f 1799 1796 848
f 1796 1786 845
f 845 1786 836
f 836 1779 828
f 1786 1779 836
f 828 1773 821
f 1779 1773 828
f 821 1760 808
f 1773 1760 821
f 808 1747 796
f 1760 1747 808
f 796 1742 791
f 1747 1742 796
f 791 1737 786
f 1742 1737 791
f 786 1733 782
f 1737 1733 786
f 782 1728 777
f 1733 1728 782
f 777 1721 759
f 1728 1721 777
f 759 1690 722
f 1721 1690 759
f 722 1689 717
f 1690 1689 722
f 717 1688 713
f 1689 1688 717
f 713 1687 710
f 1688 1687 713
f 710 1686 706
f 1687 1686 710
f 706 1685 703
f 1686 1685 706
f 703 1684 700
f 1685 1684 703
f 700 1683 698
f 1684 1683 700
f 698 1682 696
f 1683 1682 698
f 696 1681 694
f 1682 1681 696
f 694 1652 665
f 1681 1652 694
f 1652 1635 665
f 665 1635 649
f 1635 1623 649
f 649 1623 636
f 1623 1614 636
f 636 1614 624
f 1614 1608 624
f 624 1608 617
f 1608 1605 617
f 617 1605 613
f 1605 1602 613
f 613 1602 609
f 1602 1599 609
f 609 1599 604
f 1599 1594 604
f 604 1594 598
f 1594 1588 598
f 598 1588 593
f 1588 1583 593
f 593 1583 588
f 588 1577 582
f 1583 1577 588
f 582 1571 576
f 1577 1571 582
f 576 1565 570
f 1571 1565 576
f 570 1560 565
f 1565 1560 570
f 565 1554 558
f 1560 1554 565
f 558 1550 554
f 1554 1550 558
f 554 1547 551
f 1550 1547 554
f 551 1542 546
f 1547 1542 551
f 546 1534 538
f 1542 1534 546
f 538 1508 512
f 1534 1508 538
f 512 1504 508
f 1508 1504 512
f 508 1501 505
f 1504 1501 508
f 505 1498 502
f 1501 1498 505
f 502 1495 499
f 1498 1495 502
f 499 1492 496
f 1495 1492 499
f 496 1489 493
f 1492 1489 496
f 1489 1486 493
f 493 1486 490
f 1486 1483 490
f 490 1483 487
f 1483 1479 487
f 487 1479 483
f 1479 1475 483
f 483 1475 479
f 1475 1472 479
f 479 1472 477
f 1472 1477 477
f 477 1477 481
f 1477 1481 481
f 481 1481 485
f 1481 1484 485
f 485 1484 488
f 1484 1487 488
f 488 1487 491
f 1487 1490 491
f 491 1490 494
f 1490 1493 494
f 494 1493 497
f 1493 1496 497
f 497 1496 500
f 1496 1499 500
f 500 1499 503
f 1499 1502 503
f 503 1502 506
f 1502 1506 506
f 506 1506 510
f 1506 1526 510
f 510 1526 530
f 1526 1537 530
f 530 1537 541
f 1537 1544 541
f 541 1544 548
f 1544 1548 548
f 548 1548 552
f 552 1552 556
f 1548 1552 552
f 556 1558 562
f 1552 1558 556
f 562 1563 567
f 1558 1563 562
f 567 1569 573
f 1563 1569 567
f 573 1575 579
f 1569 1575 573
f 579 1581 585
f 1575 1581 579
f 1581 1586 585
f 585 1586 590
f 1586 1592 590
f 590 1592 596
f 1592 1597 596
f 596 1597 602
f 1597 1600 602
f 602 1600 606
f 1600 1603 606
f 606 1603 610
f 1603 1606 610
f 610 1606 614
f 1606 1609 614
f 614 1609 618
f 1609 1618 618
f 618 1618 628
f 631 628 1618
f 631 1618 1626
f 632 1626 1625
f 632 631 1626
f 637 1625 1624
f 637 632 1625
f 638 1624 1628
f 638 637 1624
f 641 1628 1627
f 641 638 1628
f 645 1627 1633
f 645 641 1627
f 644 1633 1632
f 644 645 1633
f 646 1632 1634
f 646 644 1632
f 653 646 1634
f 653 1634 1641
f 652 653 1641
f 652 1641 1640
f 655 652 1640
f 655 1640 1643
f 657 655 1643
f 657 1647 1646
f 657 1643 1647
f 659 657 1646
f 659 1646 1648
f 658 659 1648
f 658 1648 1651
f 666 658 1651
f 666 1651 1653
f 667 666 1653
f 667 1653 1656
f 668 667 1656
f 668 1656 1657
f 673 668 1657
f 673 1657 1663
f 675 1663 1662
f 675 673 1663
f 674 675 1662
f 674 1662 1661
f 680 1661 1665
f 680 674 1661
f 682 1665 1664
f 682 680 1665
f 683 1664 1670
f 683 682 1664
f 681 1670 1669
f 681 683 1670
f 687 1669 1673
f 687 681 1669
f 686 1673 1674
f 686 687 1673
f 690 1674 1680
f 690 686 1674
f 689 1680 1679
f 689 690 1680
f 693 689 1679
f 693 1677 691
f 1679 1677 693
f 1616 627 620
f 1617 620 622
f 1617 1616 620
f 1612 622 621
f 1612 1617 622
f 1613 621 626
f 1613 1612 621
f 1611 626 625
f 1611 1613 626
f 1615 625 630
f 1615 1611 625
f 1620 1615 630
f 1620 630 629
f 1619 1620 629
f 1619 629 634
f 1622 1619 634
f 1622 634 633
f 1621 1622 633
f 1621 633 640
f 1630 1621 640
f 1630 640 639
f 1631 1630 639
f 1631 639 643
f 1629 1631 643
f 1629 643 642
f 1637 1629 642
f 1637 642 648
f 1638 1637 648
f 1638 648 647
f 1639 1638 647
f 1639 647 651
f 1636 1639 651
f 1642 1636 651
f 1642 651 654
f 1645 1642 654
f 1645 654 656
f 1644 656 663
f 1644 1645 656
f 1650 663 660
f 1650 1644 663
f 1649 660 662
f 1649 1650 660
f 1655 662 661
f 1655 1649 662
f 1654 661 670
f 1654 1655 661
f 1659 670 669
f 1659 1654 670
f 1660 669 672
f 1660 1659 669
f 1658 672 671
f 1658 1660 672
f 1678 1658 671
f 1678 671 676
f 1667 676 677
f 1667 1678 676
f 1668 677 678
f 1668 1667 677
f 1666 678 679
f 1666 1668 678
f 1672 679 684
f 1672 1666 679
f 1671 1672 684
f 1671 684 685
f 1676 1671 685
f 1676 685 688
f 1675 1676 688
f 1675 688 692
f 1677 1675 692
f 1677 692 691
f 1833 1839 891
f 1833 891 884
f 1827 884 880
f 1827 880 873
f 1827 1833 884
f 1822 1827 873
f 1818 873 869
f 1818 1822 873
f 1812 869 864
f 1812 864 859
f 1812 1818 869
f 1805 859 853
f 1805 1812 859
f 1800 1805 853
f 1798 853 847
f 1798 1800 853
f 1795 847 844
f 1795 1798 847
f 1785 844 835
f 1785 1795 844
f 1778 835 827
f 1778 827 820
f 1778 1785 835
f 1772 820 807
f 1772 1778 820
f 1759 1772 807
f 1746 807 795
f 1746 1759 807
f 1480 484 480
f 1476 1480 480
f 1473 480 476
f 1473 1476 480
f 1474 476 478
f 1474 1473 476
f 1478 478 482
f 1478 1474 478
f 1482 482 486
f 1482 1478 482
f 1485 486 489
f 1485 1482 486
f 1488 489 492
f 1488 1485 489
f 1491 1488 492
f 1491 492 495
f 1494 1491 495
f 1494 495 498
f 1494 498 501
f 1497 1494 501
f 1500 1497 501
f 1500 501 504
f 1503 1500 504
f 1503 504 507
f 1507 1503 507
f 1507 507 511
f 1527 1507 511
f 1527 511 531
f 1538 1527 531
f 1538 531 542
f 1538 542 549
f 1545 1538 549
f 1549 1545 549
f 1549 549 553
f 1553 1549 553
f 1553 553 557
f 1559 1553 557
f 1559 557 563
f 1564 1559 563
f 1564 563 568
f 1570 568 574
f 1570 1564 568
f 1576 574 580
f 1576 1570 574
f 1582 580 586
f 1582 1576 580
f 1587 586 591
f 1587 1582 586
f 1593 591 597
f 1593 1587 591
f 1598 597 603
f 1598 1593 597
f 1601 603 607
f 1601 1598 603
f 1604 607 611
f 1604 1601 607
f 1607 611 615
f 1607 1604 611
f 1610 615 619
f 1610 619 627
f 1610 1607 615
f 1616 1610 627
f 767 1726 764
f 764 1724 760
f 1726 1724 764
f 760 1722 756
f 1724 1722 760
f 756 1719 754
f 1722 1719 756
f 754 1717 749
f 1719 1717 754
f 749 1715 751
f 1717 1715 749
f 751 1716 755
f 1715 1716 751
f 755 1718 758
f 1716 1718 755
f 758 1720 762
f 1718 1720 758
f 762 1723 765
f 1720 1723 762
f 765 1725 776
f 1723 1725 765
f 776 1727 778
f 1725 1727 776
f 1727 1729 778
f 778 1729 780
f 1729 1731 780
f 780 1731 781
f 1731 1732 781
f 781 1732 783
f 1732 1734 783
f 783 1734 784
f 784 1735 785
f 1734 1735 784
f 785 1736 788
f 1735 1736 785
f 1736 1739 788
f 788 1739 789
f 789 1740 790
f 1739 1740 789
f 790 1741 793
f 1740 1741 790
f 793 1744 794
f 1741 1744 793
f 794 1745 795
f 1744 1745 794
f 1745 1746 795
f 1849 1726 767
f 1849 767 900
f 1901 900 1902
f 1903 1902 900
f 1904 900 1901
f 1905 1903 900
f 1906 900 1904
f 1907 1905 900
f 1908 900 1906
f 1909 1907 900
f 1910 900 1908
f 1911 1909 900
f 1912 900 1910
f 1913 1911 900
f 1914 900 1912
f 1915 1913 900
f 1916 900 1914
f 1917 1915 900
f 1918 900 1916
f 1919 1917 900
f 1920 900 1918
f 1921 1919 900
f 1922 900 1920
f 1923 1921 900
f 1924 900 1922
f 1925 1923 900
f 1926 900 1924
f 1927 1925 900
f 1928 900 1926
f 1929 1927 900
f 1930 900 1928
f 1931 1929 900
f 1932 900 1930
f 1933 1931 900
f 1934 1933 900
f 1935 1934 900
f 1936 1935 900
f 1937 1936 900
f 1938 1937 900
f 1939 1938 900
f 1940 1939 900
f 1941 1940 900
f 1942 1941 900
f 1943 1942 900
f 1944 1943 900
f 1945 1944 900
f 1946 1945 900
f 1947 1946 900
f 1849 900 1932
f 1849 1948 1949
f 1849 1950 1948
f 1849 1951 1950
f 1849 1952 1951
f 1849 1953 1952
f 1849 1954 1953
f 1849 1955 1954
f 1849 1956 1955
f 1849 1957 1956
f 1849 1958 1957
f 1849 1959 1958
f 1849 1960 1959
f 1849 1961 1960
f 1849 1962 1961
f 1849 1963 1962
f 1849 1964 1963
f 1849 1965 1964
f 1849 1966 1965
f 1849 1967 1966
f 1849 1968 1967
f 1849 1969 1968
f 1849 1970 1969
f 1849 1971 1970
f 1849 1972 1971
f 1849 1973 1972
f 1849 1974 1973
f 1849 1975 1974
f 1849 1976 1975
f 1849 1977 1976
f 1849 1978 1977
f 1849 1979 1978
f 1849 1980 1979
f 1849 1981 1980
f 1849 1982 1981
f 1849 1983 1982
f 1849 1984 1983
f 1849 1985 1984
f 1849 1986 1985
f 1849 1987 1986
f 1849 1988 1987
f 1849 1989 1988
f 1849 1990 1989
f 1849 1991 1990
f 1849 1992 1991
f 1849 1993 1992
f 1849 1932 1993
f 1994 1995 1996
f 1994 1996 1997
f 1998 900 388
f 1998 1996 1947
f 1998 1947 900
f 1998 1997 1996
f 1999 2000 1995
f 1999 1995 1994
f 2001 1998 388
f 2002 2003 2000
f 2002 2000 1999
f 2004 2001 388
f 2005 2003 2002
f 2005 2006 2003
f 2007 2004 388
f 2008 2006 2005
f 2008 2009 2006
f 2010 2007 388
f 2011 2012 2009
f 2011 2009 2008
f 2013 2010 388
f 2014 2012 2011
f 2014 2015 2012
f 2016 2013 388
f 2017 2015 2014
f 2017 2018 2015
f 2019 2016 388
f 2020 2018 2017
f 2020 2021 2018
f 2022 2019 388
f 2023 2021 2020
f 2023 2024 2021
f 2025 2022 388
f 2026 2027 2024
f 2026 2024 2023
f 2028 2025 388
f 2029 2027 2026
f 2029 2030 2027
f 2031 2028 388
f 2032 2033 2030
f 2032 2030 2029
f 2034 2031 388
f 2035 2033 2032
f 2035 2036 2033
f 2037 2034 388
f 2038 2039 2036
f 2038 2036 2035
f 2040 2037 388
f 2041 2042 2039
f 2041 2039 2038
f 2043 2040 388
f 2044 2045 2042
f 2044 2046 2045
f 2044 2042 2041
f 2047 2043 388
f 2048 2046 2044
f 2049 2047 388
f 2050 2051 2046
f 2050 2046 2048
f 2052 2049 388
f 2053 2054 2051
f 2053 2055 2054
f 2053 2051 2050
f 2056 2052 388
f 2057 2055 2053
f 2058 2056 388
f 2059 2060 2055
f 2059 2061 2060
f 2059 2055 2057
f 2062 2058 388
f 2063 2061 2059
f 2064 2062 388
f 2065 2066 2061
f 2065 2061 2063
f 2067 2064 388
f 2068 2066 2065
f 2068 2069 2066
f 2070 2067 388
f 2071 2072 2069
f 2071 2073 2072
f 2071 2069 2068
f 2074 2070 388
f 2075 2073 2071
f 2076 2074 388
f 2077 2073 2075
f 2077 2078 2073
f 2079 2076 388
f 2080 2081 2078
f 2080 2078 2077
f 2082 2079 388
f 2083 2081 2080
f 2083 2084 2081
f 2085 2082 388
f 2086 2084 2083
f 2086 2087 2084
f 2088 2085 388
f 2089 2087 2086
f 2089 2090 2087
f 2091 2088 388
f 2092 2090 2089
f 2092 1949 2090
f 2092 1849 1949
f 2093 2091 388
f 2094 2093 388
f 2095 2094 388
f 2096 2095 388
f 2097 2096 388
f 2098 2097 388
f 2099 2098 388
f 2100 2099 388
f 2101 2100 388
f 2102 2101 388
f 2103 2102 388
f 2104 2103 388
f 2105 2104 388
f 2106 2105 388
f 2107 2106 388
f 1383 2107 388
f 1383 2108 2107
f 1383 2109 2108
f 1383 2110 2109
f 1383 2111 2110
f 1383 2112 2111
f 1383 2113 2112
f 1383 2114 2113
f 1383 2115 2114
f 1383 2116 2115
f 1383 2117 2116
f 1383 2118 2117
f 1383 2119 2118
f 1383 2120 2119
f 1383 2121 2120
f 1383 2122 2121
f 1383 2123 2122
f 1383 2124 2123
f 1383 2125 2124
f 1383 2126 2125
f 1383 2127 2126
f 1383 2128 2127
f 1383 2129 2128
f 1383 2130 2129
f 1383 2131 2130
f 1383 2132 2131
f 1383 2133 2132
f 1383 2134 2133
f 1383 2135 2134
f 1383 2136 2135
f 1383 2137 2136
f 1383 2138 2137
f 1383 2139 2138
f 1383 2140 2139
f 1383 2141 2140
f 1383 2142 2141
f 1383 2143 2142
f 1383 2144 2143
f 1383 2145 2144
f 1383 2146 2145
f 1383 2147 2146
f 1383 1849 2092
f 1383 2148 2147
f 1383 2149 2148
f 1383 2150 2149
f 1383 2151 2150
f 1383 2152 2151
f 1383 2092 2152
f 1357 1383 388
f 1357 388 361
f 228 1224 230
f 230 1226 231
f 1224 1226 230
f 231 1227 232
f 1226 1227 231
f 232 1228 234
f 1227 1228 232
f 234 1230 235
f 1228 1230 234
f 235 1231 236
f 1230 1231 235
f 236 1232 238
f 1231 1232 236
f 238 1234 239
f 1232 1234 238
f 239 1235 240
f 1234 1235 239
f 240 1236 242
f 1235 1236 240
f 242 1238 243
f 1236 1238 242
f 243 1239 244
f 1238 1239 243
f 1239 1240 244
f 244 1240 246
f 1240 1242 246
f 246 1242 247
f 1242 1243 247
f 247 1243 248
f 1243 1244 248
f 248 1244 334
f 334 1330 341
f 1244 1330 334
f 341 1337 348
f 1330 1337 341
f 1337 1344 348
f 348 1344 351
f 351 1347 354
f 1344 1347 351
f 354 1350 356
f 1347 1350 354
f 356 1352 359
f 1350 1352 356
f 359 1355 361
f 1352 1355 359
f 1355 1357 361
f 1222 1224 228
f 1222 228 226
f 1220 226 224
f 1220 1222 226
f 1218 224 222
f 1218 1220 224
f 1216 222 220
f 1216 1218 222
f 1214 220 218
f 1214 218 216
f 1214 1216 220
f 1212 1214 216
f 1210 216 214
f 1210 1212 216
f 1208 214 212
f 1208 1210 214
f 1206 212 210
f 1206 1208 212
f 1204 210 208
f 1204 208 205
f 1204 1206 210
f 1201 1204 205
f 1197 205 201
f 1197 1201 205
f 1194 201 198
f 1194 198 195
f 1194 1197 201
f 1189 1194 195
f 1063 1032 35
f 1063 35 67
f 1065 67 69
f 1065 1063 67
f 1067 69 71
f 1067 71 73
f 1067 1065 69
f 1069 73 75
f 1069 1067 73
f 1071 1069 75
f 1073 75 77
f 1073 1071 75
f 1075 77 79
f 1075 79 81
f 1075 1073 77
f 1077 1075 81
f 1079 1077 81
f 1079 81 83
f 1081 1079 83
f 1081 83 85
f 1083 85 87
f 1083 1081 85
f 1085 87 89
f 1085 1083 87
f 1087 89 91
f 1087 91 93
f 1087 1085 89
f 1089 1087 93
f 1091 1089 93
f 1091 93 95
f 1093 95 97
f 1093 1091 95
f 1095 97 99
f 1095 99 101
f 1095 1093 97
f 1097 1095 101
f 1099 101 103
f 1099 1097 101
f 1101 103 105
f 1101 1099 103
f 1103 105 107
f 1103 1101 105
f 1105 107 109
f 1105 1103 107
f 1107 109 111
f 1107 1105 109
f 1109 111 113
f 1109 1107 111
f 1111 113 115
f 1111 1109 113
f 1113 115 117
f 1113 1111 115
f 1115 117 119
f 1115 119 121
f 1115 1113 117
f 1117 1115 121
f 1129 121 133
f 1129 133 161
f 1129 1117 121
f 1159 1129 161
f 1178 161 183
f 1178 1159 161
f 1190 1189 195
f 1190 195 193
f 1187 193 192
f 1187 1190 193
f 1188 192 190
f 1188 1187 192
f 1186 190 191
f 1186 1188 190
f 1184 191 189
f 1184 1186 191
f 1182 1184 189
f 1182 189 187
f 1183 1182 187
f 1183 187 186
f 1177 1183 186
f 1177 186 181
f 1174 1177 181
f 1174 181 176
f 1175 1174 176
f 1175 176 177
f 1170 1175 177
f 1170 177 175
f 1171 1170 175
f 1171 175 172
f 1164 1171 172
f 1164 172 168
f 1165 1164 168
f 1165 168 171
f 1166 1165 171
f 1166 171 170
f 1160 1166 170
f 1160 170 169
f 1155 1160 169
f 1155 169 159
f 1156 1155 159
f 1156 159 160
f 1157 160 158
f 1157 1156 160
f 1150 158 153
f 1150 1157 158
f 1151 1150 153
f 1151 153 155
f 1147 155 154
f 1147 1151 155
f 1141 1147 154
f 1141 154 148
f 1142 148 146
f 1142 1141 148
f 1140 146 145
f 1140 1142 146
f 1138 145 140
f 1138 1140 145
f 1133 140 141
f 1133 1138 140
f 1130 141 135
f 1130 1133 141
f 1126 135 136
f 1126 1130 135
f 1127 136 134
f 1127 1126 136
f 1128 134 131
f 1128 1127 134
f 1131 1128 131
f 1131 131 127
f 1132 1131 127
f 1132 127 126
f 1134 1132 126
f 1134 126 128
f 1191 1134 128
f 1191 128 194
f 129 1191 194
f 1120 1191 129
f 184 185 1181
f 184 1181 1180
f 179 1180 1176
f 179 184 1180
f 180 1176 1172
f 180 179 1176
f 178 1172 1173
f 178 180 1172
f 173 1173 1169
f 173 178 1173
f 174 1169 1167
f 174 173 1169
f 167 1167 1168
f 167 174 1167
f 166 1168 1162
f 166 167 1168
f 163 166 1162
f 163 1162 1163
f 164 163 1163
f 164 1163 1158
f 162 164 1158
f 162 1158 1152
f 156 162 1152
f 156 1152 1154
f 157 156 1154
f 157 1154 1153
f 151 157 1153
f 151 1153 1148
f 152 151 1148
f 152 1148 1149
f 150 152 1149
f 150 1149 1143
f 147 150 1143
f 147 1143 1145
f 143 147 1145
f 143 1145 1144
f 144 1144 1139
f 144 143 1144
f 142 1139 1135
f 142 144 1139
f 137 142 1135
f 137 1135 1137
f 139 1137 1136
f 139 137 1137
f 138 139 1136
f 138 1136 1124
f 132 1124 1125
f 132 138 1124
f 130 1125 1119
f 130 132 1125
f 124 1119 1123
f 124 130 1119
f 125 1123 1122
f 125 124 1123
f 123 1122 1121
f 123 125 1122
f 129 1121 1120
f 129 123 1121
f 1062 1064 66
f 66 1064 68
f 1064 1066 68
f 68 1066 70
f 70 1068 72
f 1066 1068 70
f 72 1070 74
f 1068 1070 72
f 1070 1072 74
f 74 1072 76
f 1072 1074 76
f 76 1074 78
f 1074 1076 78
f 78 1076 80
f 1076 1078 80
f 80 1078 82
f 1078 1080 82
f 82 1080 84
f 1080 1082 84
f 84 1082 86
f 1082 1084 86
f 86 1084 88
f 88 1086 90
f 1084 1086 88
f 90 1088 92
f 1086 1088 90
f 92 1090 94
f 1088 1090 92
f 94 1092 96
f 1090 1092 94
f 96 1094 98
f 1092 1094 96
f 98 1096 100
f 1094 1096 98
f 100 1098 102
f 1096 1098 100
f 102 1100 104
f 1098 1100 102
f 104 1102 106
f 1100 1102 104
f 106 1104 108
f 1102 1104 106
f 108 1106 110
f 1104 1106 108
f 110 1108 112
f 1106 1108 110
f 112 1110 114
f 1108 1110 112
f 114 1112 116
f 1110 1112 114
f 116 1114 118
f 1112 1114 116
f 118 1116 120
f 1114 1116 118
f 120 1118 122
f 1116 1118 120
f 122 1146 149
f 1118 1146 122
f 1146 1161 149
f 149 1161 165
f 1161 1179 165
f 165 1179 182
f 1179 1185 182
f 182 1185 188
f 1185 1192 188
f 188 1192 196
f 1192 1193 196
f 196 1193 197
f 1193 1196 197
f 197 1196 200
f 200 1199 203
f 1196 1199 200
f 203 1200 204
f 1199 1200 203
f 204 1203 207
f 1200 1203 204
f 207 1297 298
f 1203 1297 207
f 298 1296 299
f 1297 1296 298
f 299 1295 300
f 1296 1295 299
f 300 1292 301
f 1295 1292 300
f 301 1278 282
f 1292 1278 301
f 282 1274 278
f 1278 1274 282
f 278 1269 273
f 1274 1269 278
f 273 1261 265
f 1269 1261 273
f 265 1253 257
f 1261 1253 265
f 257 1248 250
f 1253 1248 257
f 250 1247 253
f 1248 1247 250
f 253 1255 259
f 1247 1255 253
f 259 1263 267
f 1255 1263 259
f 267 1271 275
f 1263 1271 267
f 275 1280 284
f 1271 1280 275
f 284 1283 287
f 1280 1283 284
f 287 1285 289
f 1283 1285 287
f 1285 1299 289
f 289 1299 303
f 1299 1321 303
f 303 1321 325
f 1321 1328 325
f 325 1328 332
f 1328 1335 332
f 332 1335 339
f 1335 1341 339
f 339 1341 344
f 1341 1339 344
f 344 1339 343
f 1339 1332 343
f 343 1332 336
f 1332 1314 336
f 336 1314 318
f 1314 1307 318
f 318 1307 311
f 1307 1301 311
f 311 1301 306
f 1301 1303 306
f 306 1303 304
f 1303 1309 304
f 304 1309 312
f 1309 1317 312
f 312 1317 320
f 1317 1245 320
f 320 1245 249
f 1245 1241 249
f 249 1241 245
f 245 1237 241
f 1241 1237 245
f 241 1233 237
f 1237 1233 241
f 237 1229 233
f 1233 1229 237
f 233 1225 229
f 1229 1225 233
f 229 1223 227
f 1225 1223 229
f 227 1221 225
f 1223 1221 227
f 225 1219 223
f 1221 1219 225
f 223 1217 221
f 1219 1217 223
f 221 1215 219
f 1217 1215 221
f 219 1213 217
f 1215 1213 219
f 1213 1211 217
f 217 1211 215
f 1211 1209 215
f 215 1209 213
f 1209 1207 213
f 213 1207 211
f 1207 1205 211
f 211 1205 209
f 1205 1202 209
f 209 1202 206
f 1202 1198 206
f 206 1198 202
f 1198 1195 202
f 202 1195 199
f 1195 1181 199
f 199 1181 185
f 1061 1062 66
f 1061 66 65
f 1060 65 64
f 1060 1061 65
f 1058 64 63
f 1058 1060 64
f 1059 63 62
f 1059 1058 63
f 1057 62 61
f 1057 1059 62
f 1056 61 60
f 1056 1057 61
f 1055 60 59
f 1055 1056 60
f 1054 59 58
f 1054 1055 59
f 1053 1054 58
f 1053 58 57
f 1052 1053 57
f 1052 57 56
f 1051 1052 56
f 1051 56 55
f 1049 1051 55
f 1049 54 53
f 1049 55 54
f 1050 1049 53
f 1050 53 52
f 1048 1050 52
f 1048 52 51
f 1047 1048 51
f 1047 51 50
f 1046 1047 50
f 1046 50 49
f 1045 1046 49
f 1045 49 48
f 1044 1045 48
f 1044 48 47
f 1043 47 46
f 1043 1044 47
f 1042 1043 46
f 1042 46 45
f 1041 45 44
f 1041 1042 45
f 1040 44 43
f 1040 1041 44
f 1039 43 42
f 1039 1040 43
f 1038 42 41
f 1038 1039 42
f 1037 41 40
f 1037 1038 41
f 1036 40 39
f 1036 1037 40
f 1034 39 38
f 1034 1036 39
f 1035 38 37
f 1035 1034 38
f 1033 1035 37
f 1029 1033 33
f 33 1033 37
f 35 1032 1031
f 34 1031 1030
f 34 35 1031
f 2 1030 999
f 2 34 1030
f 3 999 998
f 3 2 999
f 1 998 997
f 1 3 998
f 4 997 1001
f 4 1 997
f 6 4 1001
f 6 1001 1000
f 5 6 1000
f 5 1000 1002
f 7 5 1002
f 7 1002 1004
f 8 7 1004
f 8 1004 1003
f 9 8 1003
f 9 1003 1005
f 10 9 1005
f 10 1005 1007
f 11 10 1007
f 11 1007 1006
f 12 11 1006
f 12 1006 1009
f 13 12 1009
f 13 1009 1008
f 14 13 1008
f 14 1008 1011
f 15 14 1011
f 16 15 1011
f 16 1011 1010
f 18 16 1010
f 18 1010 1012
f 17 1012 1014
f 17 18 1012
f 21 1014 1013
f 21 17 1014
f 19 1013 1018
f 19 21 1013
f 20 1018 1017
f 20 19 1018
f 22 1017 1016
f 22 20 1017
f 23 1016 1015
f 23 22 1016
f 24 1015 1019
f 24 23 1015
f 25 1019 1021
f 25 24 1019
f 26 25 1021
f 26 1021 1020
f 27 1020 1023
f 27 26 1020
f 28 1023 1022
f 28 27 1023
f 30 1022 1025
f 30 28 1022
f 29 1025 1024
f 29 30 1025
f 31 29 1024
f 31 1024 1026
f 32 31 1026
f 32 1026 1028
f 36 32 1028
f 36 1028 1027
f 33 36 1027
f 33 1027 1029
f 1286 1178 183
f 1286 183 290
f 385 1381 1376
f 381 1376 1371
f 381 385 1376
f 375 1371 1359
f 375 381 1371
f 363 1359 1286
f 363 375 1359
f 290 363 1286
f 1415 1381 385
f 1415 385 420
f 475 1471 474
f 474 1470 473
f 1471 1470 474
f 473 1469 472
f 1470 1469 473
f 472 1468 471
f 1469 1468 472
f 471 1467 470
f 1468 1467 471
f 470 1466 469
f 1467 1466 470
f 469 1465 468
f 1466 1465 469
f 468 1464 467
f 1465 1464 468
f 467 1463 466
f 1464 1463 467
f 466 1462 465
f 1463 1462 466
f 465 1461 464
f 1462 1461 465
f 464 1460 463
f 1461 1460 464
f 1460 1459 463
f 463 1459 462
f 1459 1458 462
f 462 1458 461
f 1458 1457 461
f 461 1457 460
f 460 1456 459
f 1457 1456 460
f 459 1455 458
f 1456 1455 459
f 458 1454 457
f 1455 1454 458
f 457 1453 456
f 1454 1453 457
f 456 1452 455
f 1453 1452 456
f 455 1451 454
f 1452 1451 455
f 454 1450 453
f 1451 1450 454
f 453 1449 451
f 1450 1449 453
f 451 1447 420
f 1449 1447 451
f 1447 1415 420
f 1883 1471 475
f 1883 475 930
f 724 1692 815
f 815 1768 840
f 1692 1768 815
f 840 1793 842
f 1768 1793 840
f 842 1792 931
f 1793 1792 842
f 931 1872 932
f 1792 1872 931
f 932 1870 933
f 1872 1870 932
f 933 1868 934
f 1870 1868 933
f 934 1866 935
f 1868 1866 934
f 935 1864 936
f 1866 1864 935
f 936 1862 937
f 1864 1862 936
f 937 1860 938
f 1862 1860 937
f 938 1858 939
f 1860 1858 938
f 1858 1856 939
f 939 1856 940
f 1856 1854 940
f 940 1854 941
f 1854 1851 941
f 941 1851 942
f 942 1850 943
f 1851 1850 942
f 943 1899 944
f 1850 1899 943
f 944 1897 945
f 1899 1897 944
f 945 1895 946
f 1897 1895 945
f 946 1893 947
f 1895 1893 946
f 947 1891 948
f 1893 1891 947
f 948 1889 949
f 1891 1889 948
f 949 1887 950
f 1889 1887 949
f 950 1885 930
f 1887 1885 950
f 1885 1883 930
f 533 1692 724
f 1529 1692 533
f 509 1505 1512
f 515 1512 1511
f 515 509 1512
f 513 1511 1518
f 513 515 1511
f 522 1518 1529
f 522 513 1518
f 533 522 1529
f 1480 1505 509
f 1480 509 484
f 2107 2108 2153
f 2153 2108 2154
f 2154 2109 2155
f 2108 2109 2154
f 2155 2110 2156
f 2156 2110 2157
f 2109 2110 2155
f 2157 2111 2158
f 2110 2111 2157
f 2111 2112 2158
f 2158 2113 2159
f 2159 2113 2160
f 2112 2113 2158
f 2113 2114 2160
f 2160 2115 2161
f 2161 2115 2162
f 2114 2115 2160
f 2115 2116 2162
f 2162 2117 2163
f 2163 2117 2164
f 2116 2117 2162
f 2117 2118 2164
f 2118 2119 2164
f 2164 2119 2165
f 2165 2119 2166
f 2119 2120 2166
f 2120 2121 2166
f 2166 2121 2167
f 2121 2122 2167
f 2167 2122 2168
f 2122 2123 2168
f 2168 2123 2169
f 2123 2124 2169
f 2169 2124 2170
f 2170 2124 2171
f 2124 2125 2171
f 2125 2126 2171
f 2171 2126 2172
f 2172 2126 2173
f 2126 2127 2173
f 2127 2128 2173
f 2173 2128 2174
f 2128 2129 2174
f 2174 2129 2175
f 2175 2130 2176
f 2129 2130 2175
f 2176 2131 2177
f 2130 2131 2176
f 2177 2132 2178
f 2131 2132 2177
f 2178 2133 2179
f 2179 2133 2180
f 2132 2133 2178
f 2133 2134 2180
f 2180 2135 2181
f 2134 2135 2180
f 2181 2136 2182
f 2135 2136 2181
f 2182 2137 2183
f 2136 2137 2182
f 2183 2138 2184
f 2137 2138 2183
f 2184 2139 2185
f 2138 2139 2184
f 2185 2140 2186
f 2139 2140 2185
f 2186 2141 2187
f 2140 2141 2186
f 2187 2142 2188
f 2141 2142 2187
f 2188 2143 2189
f 2142 2143 2188
f 2143 2144 2189
f 2189 2144 2190
f 2190 2144 2191
f 2144 2145 2191
f 2191 2145 2192
f 2145 2146 2192
f 2146 2147 2192
f 2192 2147 2193
f 2147 2148 2193
f 2193 2148 2194
f 2148 2149 2194
f 2194 2149 2195
f 2149 2150 2195
f 2195 2150 2196
f 2150 2151 2196
f 2196 2151 2197
f 2151 2152 2197
f 2197 2152 2198
f 2152 2092 2198
f 2198 2092 2199
f 2092 2089 2199
f 2199 2089 2200
f 2089 2086 2200
f 2200 2086 2201
f 2201 2086 2202
f 2086 2083 2202
f 2202 2083 2203
f 2083 2080 2203
f 2080 2077 2203
f 2203 2077 2204
f 2077 2075 2204
f 2204 2075 2205
f 2075 2071 2205
f 2205 2071 2206
f 2206 2071 2207
f 2071 2068 2207
f 2207 2068 2208
f 2068 2065 2208
f 2065 2063 2208
f 2208 2063 2209
f 2209 2063 2210
f 2063 2059 2210
f 2210 2057 2211
f 2059 2057 2210
f 2211 2057 2212
f 2057 2053 2212
f 2212 2050 2213
f 2213 2050 2214
f 2053 2050 2212
f 2050 2048 2214
f 2048 2044 2214
f 2214 2044 2215
f 2215 2044 2216
f 2044 2041 2216
f 2216 2041 2217
f 2041 2038 2217
f 2038 2035 2217
f 2217 2035 2218
f 2218 2035 2219
f 2035 2032 2219
f 2032 2029 2219
f 2219 2029 2220
f 2029 2026 2220
f 2220 2026 2221
f 2026 2023 2221
f 2221 2023 2222
f 2023 2020 2222
f 2222 2020 2223
f 2223 2020 2224
f 2020 2017 2224
f 2017 2014 2224
f 2224 2014 2225
f 2014 2011 2225
f 2225 2011 2226
f 2226 2008 2227
f 2011 2008 2226
f 2227 2005 2228
f 2008 2005 2227
f 2228 2002 2229
f 2229 2002 2230
f 2005 2002 2228
f 2002 1999 2230
f 2230 1994 2231
f 1999 1994 2230
f 2231 1997 2232
f 1994 1997 2231
f 2232 1998 2233
f 1997 1998 2232
f 2233 2001 2234
f 1998 2001 2233
f 2234 2004 2235
f 2001 2004 2234
f 2235 2007 2236
f 2004 2007 2235
f 2236 2010 2237
f 2007 2010 2236
f 2237 2013 2238
f 2010 2013 2237
f 2238 2016 2239
f 2013 2016 2238
f 2239 2019 2240
f 2016 2019 2239
f 2019 2022 2240
f 2240 2022 2241
f 2022 2025 2241
f 2241 2025 2242
f 2025 2028 2242
f 2242 2028 2243
f 2028 2031 2243
f 2243 2031 2244
f 2244 2034 2245
f 2031 2034 2244
f 2245 2037 2246
f 2034 2037 2245
f 2246 2040 2247
f 2037 2040 2246
f 2247 2043 2248
f 2040 2043 2247
f 2248 2047 2249
f 2043 2047 2248
f 2249 2049 2250
f 2047 2049 2249
f 2250 2052 2251
f 2049 2052 2250
f 2251 2056 2252
f 2052 2056 2251
f 2252 2058 2253
f 2056 2058 2252
f 2253 2062 2254
f 2058 2062 2253
f 2254 2064 2255
f 2062 2064 2254
f 2255 2067 2256
f 2256 2067 2257
f 2064 2067 2255
f 2067 2070 2257
f 2257 2074 2258
f 2070 2074 2257
f 2258 2076 2259
f 2074 2076 2258
f 2259 2079 2260
f 2076 2079 2259
f 2260 2082 2261
f 2079 2082 2260
f 2261 2085 2262
f 2082 2085 2261
f 2262 2088 2263
f 2085 2088 2262
f 2263 2091 2264
f 2088 2091 2263
f 2264 2093 2265
f 2091 2093 2264
f 2093 2094 2265
f 2265 2094 2266
f 2094 2095 2266
f 2266 2095 2267
f 2095 2096 2267
f 2267 2096 2268
f 2096 2097 2268
f 2268 2097 2269
f 2097 2098 2269
f 2269 2098 2270
f 2098 2099 2270
f 2270 2099 2271
f 2099 2100 2271
f 2271 2100 2272
f 2100 2101 2272
f 2272 2101 2273
f 2101 2102 2273
f 2273 2102 2274
f 2102 2103 2274
f 2274 2103 2275
f 2275 2103 2276
f 2103 2104 2276
f 2104 2105 2276
f 2276 2105 2277
f 2105 2106 2277
f 2277 2106 2278
f 2106 2107 2278
f 2278 2107 2153
f 2167 2168 2169
f 2171 2169 2170
f 2171 2167 2169
f 2173 2171 2172
f 2175 2173 2174
f 2162 2163 2164
f 2162 2164 2165
f 2162 2165 2166
f 2177 2175 2176
f 2159 2160 2161
f 2159 2161 2162
f 2157 2158 2159
f 2157 2162 2166
f 2157 2159 2162
f 2182 2177 2178
f 2182 2178 2179
f 2182 2179 2180
f 2182 2180 2181
f 2182 2173 2175
f 2182 2175 2177
f 2155 2156 2157
f 2153 2154 2155
f 2153 2155 2157
f 2185 2182 2183
f 2185 2183 2184
f 2276 2277 2278
f 2276 2278 2153
f 2276 2153 2157
f 2189 2185 2186
f 2189 2186 2187
f 2189 2187 2188
f 2273 2274 2275
f 2273 2275 2276
f 2192 2185 2189
f 2192 2189 2190
f 2192 2190 2191
f 2192 2167 2171
f 2192 2171 2173
f 2192 2182 2185
f 2192 2173 2182
f 2270 2271 2272
f 2194 2192 2193
f 2269 2272 2273
f 2269 2270 2272
f 2196 2192 2194
f 2196 2194 2195
f 2267 2268 2269
f 2198 2192 2196
f 2198 2196 2197
f 2265 2266 2267
f 2265 2269 2273
f 2265 2267 2269
f 2263 2264 2265
f 2201 2198 2199
f 2201 2199 2200
f 2203 2201 2202
f 2203 2198 2201
f 2259 2260 2261
f 2259 2261 2262
f 2205 2203 2204
f 2258 2259 2262
f 2207 2205 2206
f 2207 2203 2205
f 2256 2257 2258
f 2256 2262 2263
f 2256 2258 2262
f 2208 2203 2207
f 2254 2255 2256
f 2254 2256 2263
f 2210 2208 2209
f 2211 2198 2203
f 2211 2203 2208
f 2211 2208 2210
f 2249 2250 2251
f 2215 2213 2214
f 2216 2213 2215
f 2247 2248 2249
f 2245 2246 2247
f 2219 2217 2218
f 2244 2247 2249
f 2244 2249 2251
f 2244 2245 2247
f 2220 2217 2219
f 2221 2217 2220
f 2221 2216 2217
f 2241 2244 2251
f 2241 2242 2243
f 2241 2243 2244
f 2241 2251 2252
f 2239 2241 2252
f 2239 2240 2241
f 2239 2252 2253
f 2225 2213 2216
f 2225 2211 2212
f 2225 2212 2213
f 2225 2221 2222
f 2225 2222 2223
f 2225 2223 2224
f 2225 2216 2221
f 2226 2211 2225
f 2237 2253 2254
f 2237 2239 2253
f 2237 2238 2239
f 2229 2226 2227
f 2229 2227 2228
f 2231 2229 2230
f 2232 2167 2192
f 2232 2276 2157
f 2232 2273 2276
f 2232 2166 2167
f 2232 2265 2273
f 2232 2237 2254
f 2232 2263 2265
f 2232 2192 2198
f 2232 2211 2226
f 2232 2226 2229
f 2232 2198 2211
f 2232 2254 2263
f 2232 2157 2166
f 2232 2229 2231
f 2232 2233 2234
f 2232 2234 2235
f 2232 2235 2236
f 2232 2236 2237
f 2279 2280 2281
f 2282 2281 2283
f 2282 2279 2281
f 2284 2282 2285
f 2286 2284 2287
f 2288 2289 2290
f 2288 2290 2291
f 2288 2291 2292
f 2293 2286 2294
f 2295 2296 2297
f 2295 2297 2288
f 2298 2299 2295
f 2298 2288 2292
f 2298 2295 2288
f 2300 2293 2301
f 2300 2301 2302
f 2300 2302 2303
f 2300 2303 2304
f 2300 2284 2286
f 2300 2286 2293
f 2305 2306 2298
f 2307 2308 2305
f 2307 2305 2298
f 2309 2300 2310
f 2309 2310 2311
f 2312 2313 2314
f 2312 2314 2307
f 2312 2307 2298
f 2315 2309 2316
f 2315 2316 2317
f 2315 2317 2318
f 2319 2320 2321
f 2319 2321 2312
f 2322 2309 2315
f 2322 2315 2323
f 2322 2323 2324
f 2322 2279 2282
f 2322 2282 2284
f 2322 2300 2309
f 2322 2284 2300
f 2325 2326 2327
f 2328 2322 2329
f 2330 2327 2319
f 2330 2325 2327
f 2331 2322 2328
f 2331 2328 2332
f 2333 2334 2330
f 2335 2322 2331
f 2335 2331 2336
f 2337 2338 2333
f 2337 2330 2319
f 2337 2333 2330
f 2339 2340 2337
f 2341 2335 2342
f 2341 2342 2343
f 2344 2341 2345
f 2344 2335 2341
f 2346 2347 2348
f 2346 2348 2349
f 2350 2344 2351
f 2352 2346 2349
f 2353 2350 2354
f 2353 2344 2350
f 2355 2356 2352
f 2355 2349 2339
f 2355 2352 2349
f 2357 2344 2353
f 2358 2359 2355
f 2358 2355 2339
f 2360 2357 2361
f 2362 2335 2344
f 2362 2344 2357
f 2362 2357 2360
f 2363 2364 2365
f 2366 2367 2368
f 2369 2367 2366
f 2370 2371 2363
f 2372 2373 2370
f 2374 2375 2376
f 2377 2370 2363
f 2377 2363 2365
f 2377 2372 2370
f 2378 2375 2374
f 2379 2375 2378
f 2379 2369 2375
f 2380 2377 2365
f 2380 2381 2382
f 2380 2382 2377
f 2380 2365 2383
f 2384 2380 2383
f 2384 2385 2380
f 2384 2383 2386
f 2387 2367 2369
f 2387 2362 2388
f 2387 2388 2367
f 2387 2379 2389
f 2387 2389 2390
f 2387 2390 2391
f 2387 2369 2379
f 2392 2362 2387
f 2393 2386 2358
f 2393 2384 2386
f 2393 2394 2384
f 2395 2392 2396
f 2395 2396 2397
f 2398 2395 2399
f 2400 2279 2322
f 2400 2312 2298
f 2400 2319 2312
f 2400 2292 2279
f 2400 2337 2319
f 2400 2393 2358
f 2400 2339 2337
f 2400 2322 2335
f 2400 2362 2392
f 2400 2392 2395
f 2400 2335 2362
f 2400 2358 2339
f 2400 2298 2292
f 2400 2395 2398
f 2400 2401 2402
f 2400 2402 2403
f 2400 2403 2404
f 2400 2404 2393
f 2042 2045 2307
f 2307 2045 2308
f 2308 2046 2305
f 2045 2046 2308
f 2305 2051 2306
f 2306 2051 2298
f 2046 2051 2305
f 2298 2054 2299
f 2051 2054 2298
f 2054 2055 2299
f 2299 2060 2295
f 2295 2060 2296
f 2055 2060 2299
f 2060 2061 2296
f 2296 2066 2297
f 2297 2066 2288
f 2061 2066 2296
f 2066 2069 2288
f 2288 2072 2289
f 2289 2072 2290
f 2069 2072 2288
f 2072 2073 2290
f 2073 2078 2290
f 2290 2078 2291
f 2291 2078 2292
f 2078 2081 2292
f 2081 2084 2292
f 2292 2084 2279
f 2084 2087 2279
f 2279 2087 2280
f 2087 2090 2280
f 2280 2090 2281
f 2090 1949 2281
f 2281 1949 2283
f 2283 1949 2282
f 1949 1948 2282
f 1948 1950 2282
f 2282 1950 2285
f 2285 1950 2284
f 1950 1951 2284
f 1951 1952 2284
f 2284 1952 2287
f 1952 1953 2287
f 2287 1953 2286
f 2286 1954 2294
f 1953 1954 2286
f 2294 1955 2293
f 1954 1955 2294
f 2293 1956 2301
f 1955 1956 2293
f 2301 1957 2302
f 2302 1957 2303
f 1956 1957 2301
f 1957 1958 2303
f 2303 1959 2304
f 1958 1959 2303
f 2304 1960 2300
f 1959 1960 2304
f 2300 1961 2310
f 1960 1961 2300
f 2310 1962 2311
f 1961 1962 2310
f 2311 1963 2309
f 1962 1963 2311
f 2309 1964 2316
f 1963 1964 2309
f 2316 1965 2317
f 1964 1965 2316
f 2317 1966 2318
f 1965 1966 2317
f 2318 1967 2315
f 1966 1967 2318
f 1967 1968 2315
f 2315 1968 2323
f 2323 1968 2324
f 1968 1969 2324
f 2324 1969 2322
f 1969 1970 2322
f 1970 1971 2322
f 2322 1971 2329
f 1971 1972 2329
f 2329 1972 2328
f 1972 1973 2328
f 2328 1973 2332
f 1973 1974 2332
f 2332 1974 2331
f 1974 1975 2331
f 2331 1975 2336
f 1975 1976 2336
f 2336 1976 2335
f 1976 1977 2335
f 2335 1977 2342
f 1977 1978 2342
f 2342 1978 2343
f 1978 1979 2343
f 2343 1979 2341
f 2341 1979 2345
f 1979 1980 2345
f 2345 1980 2344
f 1980 1981 2344
f 1981 1982 2344
f 2344 1982 2351
f 1982 1983 2351
f 2351 1983 2350
f 1983 1984 2350
f 2350 1984 2354
f 2354 1984 2353
f 1984 1985 2353
f 2353 1985 2357
f 1985 1986 2357
f 1986 1987 2357
f 2357 1987 2361
f 2361 1987 2360
f 1987 1988 2360
f 2360 1989 2362
f 1988 1989 2360
f 2362 1989 2388
f 1989 1990 2388
f 2388 1991 2367
f 2367 1991 2368
f 1990 1991 2388
f 1991 1992 2368
f 1992 1993 2368
f 2368 1993 2366
f 2366 1993 2369
f 1993 1932 2369
f 2369 1932 2375
f 1932 1930 2375
f 1930 1928 2375
f 2375 1928 2376
f 2376 1928 2374
f 1928 1926 2374
f 1926 1924 2374
f 2374 1924 2378
f 1924 1922 2378
f 2378 1922 2379
f 1922 1920 2379
f 2379 1920 2389
f 1920 1918 2389
f 2389 1918 2390
f 2390 1918 2391
f 1918 1916 2391
f 1916 1914 2391
f 2391 1914 2387
f 1914 1912 2387
f 2387 1912 2392
f 2392 1910 2396
f 1912 1910 2392
f 2396 1908 2397
f 1910 1908 2396
f 2397 1906 2395
f 2395 1906 2399
f 1908 1906 2397
f 1906 1904 2399
f 2399 1901 2398
f 1904 1901 2399
f 2398 1902 2400
f 1901 1902 2398
f 2400 1903 2401
f 1902 1903 2400
f 2401 1905 2402
f 1903 1905 2401
f 2402 1907 2403
f 1905 1907 2402
f 2403 1909 2404
f 1907 1909 2403
f 2404 1911 2393
f 1909 1911 2404
f 2393 1913 2394
f 1911 1913 2393
f 2394 1915 2384
f 1913 1915 2394
f 2384 1917 2385
f 1915 1917 2384
f 1917 1919 2385
f 2385 1919 2380
f 1919 1921 2380
f 2380 1921 2381
f 1921 1923 2381
f 2381 1923 2382
f 1923 1925 2382
f 2382 1925 2377
f 2377 1927 2372
f 1925 1927 2377
f 2372 1929 2373
f 1927 1929 2372
f 2373 1931 2370
f 1929 1931 2373
f 2370 1933 2371
f 1931 1933 2370
f 2371 1934 2363
f 1933 1934 2371
f 2363 1935 2364
f 1934 1935 2363
f 2364 1936 2365
f 1935 1936 2364
f 2365 1937 2383
f 1936 1937 2365
f 2383 1938 2386
f 1937 1938 2383
f 2386 1939 2358
f 1938 1939 2386
f 2358 1940 2359
f 1939 1940 2358
f 2359 1941 2355
f 2355 1941 2356
f 1940 1941 2359
f 1941 1942 2356
f 2356 1943 2352
f 1942 1943 2356
f 2352 1944 2346
f 1943 1944 2352
f 2346 1945 2347
f 1944 1945 2346
f 2347 1946 2348
f 1945 1946 2347
f 2348 1947 2349
f 1946 1947 2348
f 2349 1996 2339
f 1947 1996 2349
f 2339 1995 2340
f 1996 1995 2339
f 2340 2000 2337
f 1995 2000 2340
f 2000 2003 2337
f 2337 2003 2338
f 2003 2006 2338
f 2338 2006 2333
f 2006 2009 2333
f 2333 2009 2334
f 2009 2012 2334
f 2334 2012 2330
f 2012 2015 2330
f 2330 2015 2325
f 2015 2018 2325
f 2325 2018 2326
f 2018 2021 2326
f 2326 2021 2327
f 2021 2024 2327
f 2327 2024 2319
f 2024 2027 2319
f 2319 2027 2320
f 2027 2030 2320
f 2320 2030 2321
f 2321 2030 2312
f 2030 2033 2312
f 2033 2036 2312
f 2312 2036 2313
f 2036 2039 2313
f 2313 2039 2314
f 2039 2042 2314
f 2314 2042 2307
