# Full FreeCAD instance transform baked; body-local coordinates in mm
v 90.880166763 109.915286773 87.467008909
v 90.813708462 109.913708499 87.462424268
v 90.813708499 109.913708499 87.000000000
v 90.883492739 109.915448809 87.000000000
v 90.946503662 109.920020771 87.471565563
v 90.953103484 109.920665413 87.000000000
v 91.010953396 109.927672933 87.476013931
v 91.022367672 109.929345342 87.000000000
v 91.075992532 109.938496805 87.480554865
v 91.091113099 109.941467016 87.000000000
v 91.141477841 109.952618030 87.485211162
v 91.159168856 109.957000298 87.000000000
v 91.204218413 109.969274803 87.489783949
v 91.226365743 109.975906571 87.000000000
v 91.270702665 109.990395942 87.494769208
v 91.292536700 109.998138830 87.000000000
v 91.330964119 110.012767948 87.499416363
v 91.357517214 110.023641802 87.000000000
v 91.392667254 110.039029507 87.504306595
v 91.421145734 110.052352084 87.000000000
v 91.453155284 110.068273735 87.509236484
v 91.483264069 110.084198296 87.000000000
v 91.511661036 110.100093133 87.514140008
v 91.543717784 110.119101265 87.000000000
v 91.567497974 110.133962161 87.518934726
v 91.602356580 110.156974215 87.000000000
v 91.621093441 110.169973584 87.523623643
v 91.659034673 110.197722989 87.000000000
v 91.667293600 110.204027061 87.527716386
v 91.713611153 110.241246279 87.000000000
v 91.714968341 110.242386180 87.531999737
v 91.763923204 110.285558534 87.536506277
v 91.765950332 110.287435878 87.000000000
v 91.813888414 110.334096250 87.541280090
v 91.815922088 110.336176954 87.000000000
v 91.853759776 110.376535376 87.545270055
v 91.863402183 110.387348326 87.000000000
v 91.899210957 110.429579242 87.550077920
v 91.908272574 110.440822776 87.000000000
v 91.938795888 110.480534814 87.554558058
v 91.950421707 110.496467358 87.000000000
v 91.978967597 110.537711547 87.559472768
v 91.989744791 110.554143730 87.000000000
v 92.013108285 110.591600303 87.564021593
v 92.026144064 110.613708499 87.000000000
v 92.044751374 110.646975019 87.568621457
v 92.059529031 110.675013579 87.000000000
v 92.073833012 110.703719769 87.573264812
v 92.089816692 110.737906555 87.000000000
v 92.100303171 110.761735536 87.577945466
v 92.116931747 110.802231065 87.000000000
v 92.124112210 110.820918348 87.582647107
v 92.140806784 110.867827189 87.000000000
v 92.145194528 110.881105945 87.587337171
v 92.161382445 110.934531844 87.000000000
v 92.163510490 110.942178420 87.591986490
v 92.178607576 111.002179191 87.000000000
v 92.179029790 111.004034240 87.596557644
v 92.191713620 111.066520254 87.601042418
v 92.192439353 111.070601050 87.000000000
v 92.201543983 111.129554500 87.605457576
v 92.202843388 111.139627312 87.000000000
v 92.208492457 111.192969866 87.609835563
v 92.209793815 111.209086368 87.000000000
v 92.212544055 111.256619132 87.614201765
v 92.213273354 111.278805531 87.000000000
v 92.213692667 111.320368553 87.618580033
v 92.213273354 111.348611467 87.000000000
v 92.211935884 111.384137289 87.622997569
v 92.209793815 111.418330630 87.000000000
v 92.207275936 111.447760591 87.627466174
v 92.202843388 111.487789685 87.000000000
v 92.199724813 111.511088730 87.631986306
v 92.192439353 111.556815948 87.000000000
v 92.189300322 111.573991414 87.636558862
v 92.178607576 111.625237807 87.000000000
v 92.176019020 111.636369377 87.641186542
v 92.161382445 111.692885154 87.000000000
v 92.159906820 111.698091204 87.645859058
v 92.140806784 111.759589809 87.000000000
v 92.141004718 111.759000245 87.650553751
v 92.119346000 111.818991306 87.655251365
v 92.116931747 111.825185933 87.000000000
v 92.094979678 111.877928457 87.659923366
v 92.089816692 111.889510443 87.000000000
v 92.067962440 111.935678804 87.664534570
v 92.059529031 111.952403419 87.000000000
v 92.038331634 111.992161661 87.669053902
v 92.026144064 112.013708499 87.000000000
v 92.006164827 112.047226375 87.673491202
v 91.989744791 112.073273268 87.000000000
v 91.971527402 112.100763406 87.677877277
v 91.950421707 112.130949640 87.000000000
v 91.934464682 112.152699348 87.682246830
v 91.908272574 112.186594222 87.000000000
v 91.895084021 112.202880658 87.686621976
v 91.863402183 112.240068672 87.000000000
v 91.853470854 112.251202147 87.691020346
v 91.815922088 112.291240044 87.000000000
v 91.809713494 112.297565222 87.695459537
v 91.765950332 112.339981120 87.000000000
v 91.763844595 112.341930917 87.699963416
v 91.716011777 112.384151668 87.704527169
v 91.713611153 112.386170719 87.000000000
v 91.666316278 112.424140698 87.709139795
v 91.659034673 112.429694009 87.000000000
v 91.614863434 112.461815872 87.713790153
v 91.602356580 112.470442783 87.000000000
v 91.561762053 112.497100155 87.718467048
v 91.543717784 112.508315733 87.000000000
v 91.507112963 112.529928154 87.723160137
v 91.483264069 112.543218702 87.000000000
v 91.450997225 112.560248942 87.727847452
v 91.421145734 112.575064914 87.000000000
v 91.393580948 112.587972185 87.732487818
v 91.357517214 112.603775196 87.000000000
v 91.334936129 112.613063004 87.737048022
v 91.292536700 112.629278168 87.000000000
v 91.275219424 112.635452982 87.741515959
v 91.226365743 112.651510427 87.000000000
v 91.214553649 112.655097158 87.745920259
v 91.159168856 112.670416700 87.000000000
v 91.153043252 112.671961765 87.750292301
v 91.091113099 112.685949982 87.000000000
v 91.090811167 112.686011027 87.754663009
v 91.028022024 112.697207632 87.759049921
v 91.022367672 112.698071656 87.000000000
v 90.973138628 112.704601050 87.762886413
v 90.953103484 112.706751584 87.000000000
v 90.903515921 112.710825044 87.767783676
v 90.883492739 112.711968189 87.000000000
v 90.813708499 112.713708499 87.149290518
v 90.813708499 112.713708499 87.000000000
v 90.833714022 112.713565587 87.772749647
v 90.753695304 112.712421775 87.153662553
v 90.743924259 112.711968189 87.000000000
v 90.813708499 112.713708499 87.650666975
v 90.693831227 112.708567017 87.158061629
v 90.674313514 112.706751584 87.000000000
v 90.763896865 112.712822111 87.777777390
v 90.749974163 112.712257162 87.655079663
v 90.625447345 112.700993036 87.163120124
v 90.605049326 112.698071656 87.000000000
v 90.694194607 112.708597910 87.782860159
v 90.681338274 112.707436937 87.659811200
v 90.556491547 112.689876906 87.168242103
v 90.536303899 112.685949982 87.000000000
v 90.630799393 112.701708593 87.787540546
v 90.617994600 112.699961229 87.664192259
v 90.492188928 112.676288881 87.173016451
v 90.567759914 112.691935371 87.792242155
v 90.555039123 112.689604639 87.668592528
v 90.468248142 112.670416700 87.000000000
v 90.430568482 112.660261094 87.177566157
v 90.505249924 112.679304824 87.796932380
v 90.492638429 112.676394916 87.673038160
v 90.401051255 112.651510427 87.000000000
v 90.443393289 112.663844292 87.801582031
v 90.430924590 112.660362430 87.677558577
v 90.365136893 112.639899855 87.182367007
v 90.334880298 112.629278168 87.000000000
v 90.382291731 112.645579344 87.806153762
v 90.369989827 112.641531431 87.682164919
v 90.305749112 112.618307004 87.186722355
v 90.269899784 112.603775196 87.000000000
v 90.322097324 112.624555018 87.810639043
v 90.309989775 112.619950225 87.686839037
v 90.244889670 112.592944654 87.191233740
v 90.206271264 112.575064914 87.000000000
v 90.262889993 112.600797851 87.815054538
v 90.251014559 112.595650592 87.691544083
v 90.185227438 112.564712757 87.195749532
v 90.144152929 112.543218702 87.000000000
v 90.204827147 112.574368487 87.819432675
v 90.193229874 112.568701038 87.696245108
v 90.127547722 112.534029570 87.200240934
v 90.083699214 112.508315733 87.000000000
v 90.148043404 112.545329419 87.823798879
v 90.136720024 112.539141729 87.700924080
v 90.072440772 112.501362569 87.204683047
v 90.025060418 112.470442783 87.000000000
v 90.092656854 112.513743729 87.828176995
v 90.081602396 112.507031864 87.705565498
v 90.019464738 112.466607816 87.209130705
v 89.968382325 112.429694009 87.000000000
v 90.038738683 112.479650959 87.832594197
v 90.027999421 112.472441117 87.710152966
v 89.964080197 112.426422122 87.214006614
v 89.913805845 112.386170719 87.000000000
v 89.986428458 112.443136628 87.837062478
v 89.976073395 112.435478453 87.714670165
v 89.912589311 112.385148624 87.218769330
v 89.935849224 112.404287828 87.841582285
v 89.925870079 112.396179585 87.719131305
v 89.865137336 112.343374708 87.223375663
v 89.861466666 112.339981120 87.000000000
v 89.887103884 112.363186440 87.846154508
v 89.877494464 112.354623490 87.723549211
v 89.816729434 112.296578098 87.228315476
v 89.811494910 112.291240044 87.000000000
v 89.840269737 112.319897832 87.850781818
v 89.831048431 112.310894363 87.727936811
v 89.771437361 112.248412129 87.233187269
v 89.764014815 112.240068672 87.000000000
v 89.795445618 112.274510606 87.855454132
v 89.786629900 112.265080993 87.732307096
v 89.730040866 112.200085652 87.237874590
v 89.719144424 112.186594222 87.000000000
v 89.752745685 112.227140434 87.860148756
v 89.744346648 112.217293154 87.736674270
v 89.687194600 112.144952407 87.242971814
v 89.676995291 112.130949640 87.000000000
v 89.712243627 112.177870020 87.864846405
v 89.704306126 112.167656021 87.741069929
v 89.647146881 112.087746211 87.247974010
v 89.637672207 112.073273268 87.000000000
v 89.674030683 112.126810258 87.869518691
v 89.666563132 112.116240435 87.745531457
v 89.613106530 112.033816599 87.252445567
v 89.601272934 112.013708499 87.000000000
v 89.638192840 112.074078765 87.874130358
v 89.631224932 112.063196736 87.750086273
v 89.581561586 111.978399584 87.256852898
v 89.567887967 111.952403419 87.000000000
v 89.604779581 112.019747720 87.878650324
v 89.598324026 112.008575812 87.754720985
v 89.552561339 111.921580086 87.261228327
v 89.537600306 111.889510443 87.000000000
v 89.573881162 111.963961329 87.883088047
v 89.567933465 111.952492160 87.759404132
v 89.526178065 111.863495290 87.265600730
v 89.510485251 111.825185933 87.000000000
v 89.545558340 111.906831770 87.887474345
v 89.540138092 111.895101995 87.764099564
v 89.502474850 111.804286172 87.269988224
v 89.486610214 111.759589809 87.000000000
v 89.519851070 111.848435549 87.891843924
v 89.514983296 111.836501766 87.768783958
v 89.481498610 111.744076759 87.274408626
v 89.466034553 111.692885154 87.000000000
v 89.496836405 111.788943216 87.896218975
v 89.492518082 111.776802288 87.773441056
v 89.463274072 111.682933156 87.278884645
v 89.448809422 111.625237807 87.000000000
v 89.476561172 111.728482078 87.900617135
v 89.472791486 111.716128135 87.778053772
v 89.447853363 111.621018827 87.283423718
v 89.434977645 111.556815948 87.000000000
v 89.459065000 111.667178430 87.905056009
v 89.455865736 111.654682517 87.782600039
v 89.435272174 111.558479983 87.288015630
v 89.444364706 111.605080286 87.909559495
v 89.441750797 111.592514270 87.787088220
v 89.425554818 111.495447736 87.292649723
v 89.424573610 111.487789685 87.000000000
v 89.432511690 111.542389843 87.914122931
v 89.430477964 111.529750166 87.791530073
v 89.418719536 111.432054202 87.297315253
v 89.417623183 111.418330630 87.000000000
v 89.423528833 111.479238515 87.918735305
v 89.422073026 111.466519635 87.795937440
v 89.414778409 111.368431445 87.302001471
v 89.414143644 111.348611467 87.000000000
v 89.417432919 111.415758820 87.923385465
v 89.416555854 111.402953402 87.800322236
v 89.413737796 111.304651639 87.306695760
v 89.414143644 111.278805531 87.000000000
v 89.414234571 111.352083663 87.928062206
v 89.413940360 111.339187043 87.804696585
v 89.415602475 111.240910536 87.311357403
v 89.417623183 111.209086368 87.000000000
v 89.413938462 111.288334415 87.932755093
v 89.414232219 111.275418352 87.809083456
v 89.420368622 111.177311563 87.315953268
v 89.424573610 111.139627312 87.000000000
v 89.416546944 111.224604148 87.937442601
v 89.417428560 111.211716680 87.813521534
v 89.428026680 111.113991952 87.320454183
v 89.434977645 111.070601050 87.000000000
v 89.422052832 111.161083124 87.942083382
v 89.423519567 111.148255375 87.818043539
v 89.438558922 111.051097892 87.324880198
v 89.448809422 111.002179191 87.000000000
v 89.430449270 111.097851445 87.946644232
v 89.432493457 111.085136833 87.822654033
v 89.451943089 110.988754659 87.329260644
v 89.466034553 110.934531844 87.000000000
v 89.441715081 111.035078156 87.951112670
v 89.444336806 111.022467763 87.827324502
v 89.468162997 110.927046669 87.333629262
v 89.486610214 110.867827189 87.000000000
v 89.455826138 110.972892032 87.955517264
v 89.459026341 110.960386761 87.832023302
v 89.487172285 110.866157588 87.338007404
v 89.472758041 110.911400309 87.959889400
v 89.476518997 110.899071047 87.836715691
v 89.508928644 110.806215034 87.342412088
v 89.510485251 110.802231065 87.000000000
v 89.492478852 110.850726496 87.964260060
v 89.496790730 110.838600544 87.841386369
v 89.530016816 110.755017470 87.346272351
v 89.537600306 110.737906555 87.000000000
v 89.514936467 110.791031403 87.968646801
v 89.519801067 110.779102519 87.846019149
v 89.559545297 110.691555206 87.351215760
v 89.567887967 110.675013579 87.000000000
v 89.540081866 110.732438133 87.973066746
v 89.545496733 110.720716962 87.850596902
v 89.592182192 110.629695646 87.356224392
v 89.601272934 110.613708499 87.000000000
v 89.567882432 110.675024361 87.977540293
v 89.576709139 110.658092115 87.855548777
v 89.627861797 110.569552823 87.361291319
v 89.637672207 110.554143730 87.000000000
v 89.598272843 110.618930657 87.982074472
v 89.666518727 110.511240038 87.366409646
v 89.676995291 110.496467358 87.000000000
v 89.631179046 110.564292597 87.986661632
v 89.610999263 110.597125785 87.860436457
v 89.704267858 110.459810685 87.371107493
v 89.719144424 110.440822776 87.000000000
v 89.666530986 110.511222481 87.991294296
v 89.648302920 110.537931510 87.865274974
v 89.744311163 110.410165829 87.375806189
v 89.764014815 110.387348326 87.000000000
v 89.704253774 110.459828992 87.995964920
v 89.688550918 110.480629619 87.870079331
v 89.786559763 110.362411765 87.380475718
v 89.811494910 110.336176954 87.000000000
v 89.744306062 110.410171869 88.000664672
v 89.729345177 110.428182556 87.874627273
v 89.830951155 110.316618607 87.385083726
v 89.861466666 110.287435878 87.000000000
v 89.786566545 110.362404433 88.005360600
v 89.774813142 110.375254216 87.879428732
v 89.820106813 110.327424690 87.884021628
v 89.877371903 110.272903956 87.389602463
v 89.913805845 110.241246279 87.000000000
v 89.830943477 110.316626300 88.010023146
v 89.868516637 110.280939161 87.888797733
v 89.925738378 110.231345775 87.394041972
v 89.968382325 110.197722989 87.000000000
v 89.877373726 110.272902321 88.014618335
v 89.921352599 110.234958784 87.893876727
v 89.975973514 110.192013276 87.398431613
v 90.025060418 110.156974215 87.000000000
v 89.925735592 110.231347944 88.019124754
v 89.971436115 110.195416355 87.898559384
v 90.027935095 110.155019464 87.402799742
v 90.083699214 110.119101265 87.000000000
v 89.975954593 110.192027439 88.023555008
v 90.017201090 110.162371842 87.902717311
v 90.081512668 110.120440160 87.407170209
v 90.027926924 110.155025019 88.027940022
v 90.061281420 110.133092724 87.906613324
v 90.136601842 110.088340564 87.411567556
v 90.144152929 110.084198296 87.000000000
v 90.081517102 110.120437416 88.032306972
v 90.116998986 110.099379110 87.911385087
v 90.193133047 110.058763788 87.416015409
v 90.206271264 110.052352084 87.000000000
v 90.136611321 110.088335306 88.036679748
v 90.175404467 110.067687619 87.916204865
v 90.250937157 110.031800308 87.420514402
v 90.269899784 110.023641802 87.000000000
v 90.193119043 110.058770757 88.041084205
v 90.235808888 110.038548813 87.921009830
v 90.309894043 110.007503649 87.425065471
v 90.334880298 109.998138830 87.000000000
v 90.250936262 110.031800722 88.045539462
v 90.297447334 110.012372817 87.925748694
v 90.369881517 109.985921765 87.429669455
v 90.401051255 109.975906571 87.000000000
v 90.309906080 110.007498977 88.050045958
v 90.359417345 109.989465485 87.930367103
v 90.430831411 109.967081185 87.434326905
v 90.468248142 109.957000298 87.000000000
v 90.369906049 109.985913529 88.054604657
v 90.414505419 109.971830368 87.934366570
v 90.492562486 109.951040079 87.439015067
v 90.536303899 109.941467016 87.000000000
v 90.430817538 109.967085125 88.059216844
v 90.478570244 109.954413686 87.938924289
v 90.554943690 109.937830316 87.443713103
v 90.605049326 109.929345342 87.000000000
v 90.492560654 109.951040510 88.063880085
v 90.545486884 109.939642573 87.943616270
v 90.617881837 109.927471898 87.448400159
v 90.674313514 109.920665413 87.000000000
v 90.554955777 109.937828047 88.068570938
v 90.610144504 109.928586954 87.948121434
v 90.681202016 109.919993309 87.453040025
v 90.743924259 109.915448809 87.000000000
v 90.617880189 109.927472129 88.073269356
v 90.676668804 109.920431742 87.952774071
v 90.749945391 109.915161280 87.457962783
v 90.681221406 109.919991467 88.077951700
v 90.743206386 109.915484822 87.957494413
v 90.749941426 109.915161481 88.082951445
v 90.778449687 109.914152564 87.960031625
v 90.813708499 109.913708499 88.087490542
v 90.813708527 109.913708499 87.962592140
v 90.869718813 109.914829305 88.091402652
v 90.877471494 109.915161296 87.967265378
v 90.925644097 109.918190482 88.095268241
v 90.946200768 109.919991960 87.972340236
v 90.989601216 109.924801817 88.099675407
v 91.009526611 109.927470701 87.977030816
v 91.047744647 109.933408821 88.103701756
v 91.072461690 109.937828142 87.981698263
v 91.114719510 109.946451206 88.108393724
v 91.134873678 109.951044591 87.986325693
v 91.180369415 109.962575716 88.113081251
v 91.196593700 109.967083431 87.990892946
v 91.243146523 109.981198475 88.117679275
v 91.257494965 109.985908020 87.995395421
v 91.307396550 110.003642869 88.122528633
v 91.317492751 110.007491752 87.999847664
v 91.366623057 110.027518301 88.127133694
v 91.376462255 110.031792398 88.004261887
v 91.424768794 110.054103371 88.131786468
v 91.434280246 110.058761870 88.008650389
v 91.482261372 110.083652824 88.136522256
v 91.490826059 110.088346586 88.013025516
v 91.542803689 110.118543153 88.141664069
v 91.545938233 110.120460992 88.017403167
v 91.600426350 110.155660564 88.146704385
v 91.599522874 110.155047303 88.021820922
v 91.651474036 110.192036129 88.026313657
v 91.655540051 110.195084506 88.151639398
v 91.701664107 110.231333870 88.030899173
v 91.702882290 110.232334230 88.155950386
v 91.750032946 110.272893181 88.035554659
v 91.751538557 110.274249199 88.160455311
v 91.796475226 110.316627981 88.040248483
v 91.801259830 110.321366436 88.165188661
v 91.840852407 110.362406561 88.044943943
v 91.846499740 110.368540651 88.169668891
v 91.883109697 110.410170425 88.049622764
v 91.891963327 110.420754610 88.174412867
v 91.923157102 110.459821042 88.054268650
v 91.932615623 110.472253226 88.178929441
v 91.960907704 110.511253521 88.058865148
v 91.972786000 110.528508293 88.183730738
v 91.999507107 110.569476097 88.063828074
v 92.007356599 110.582131955 88.188219084
v 92.033043168 110.625796241 88.068425253
v 92.039445149 110.637269480 88.192766861
v 92.063111322 110.682049747 88.072852637
v 92.068981826 110.693798053 88.197365934
v 92.093069854 110.745171319 88.077661053
v 92.095907115 110.751599300 88.202008238
v 92.119850741 110.809731859 88.082445732
v 92.120167876 110.810554551 88.206685801
v 92.141710754 110.870526798 88.086877342
v 92.141735498 110.870600932 88.211388832
v 92.160520683 110.931482203 88.091291714
v 92.160539558 110.931548665 88.216081767
v 92.176526108 110.993195917 88.095778924
v 92.176542739 110.993266839 88.220732078
v 92.189706370 111.055580708 88.100353979
v 92.189716251 111.055633577 88.225308174
v 92.200034717 111.118517228 88.105003682
v 92.200043798 111.118581769 88.229794300
v 92.207484165 111.181839201 88.109690767
v 92.207492253 111.181925152 88.234208322
v 92.212043669 111.245452395 88.114389464
v 92.212047324 111.245528344 88.238581407
v 92.213701334 111.309223695 88.119075908
v 92.213701536 111.309290894 88.242947296
v 92.212451859 111.373013034 88.123725843
v 92.212448939 111.373083736 88.247334539
v 92.208301555 111.436632664 88.128319567
v 92.208292657 111.436734521 88.251753318
v 92.201257004 111.500012917 88.132860630
v 92.201243742 111.500111906 88.256213569
v 92.191330499 111.563022986 88.137349769
v 92.191319187 111.563085417 88.260725143
v 92.178540499 111.625531545 88.141787799
v 92.178529719 111.625578720 88.265300639
v 92.162926827 111.687352635 88.146179500
v 92.162905792 111.687428508 88.269931652
v 92.144508642 111.748416453 88.150549787
v 92.144485102 111.748488462 88.274601003
v 92.123322630 111.808593160 88.154919713
v 92.123308193 111.808631363 88.279292647
v 92.099428384 111.867716054 88.159311949
v 92.099401678 111.867778033 88.283991563
v 92.072861552 111.925699994 88.163761755
v 92.072832725 111.925759299 88.288663253
v 92.043697225 111.982384605 88.168299882
v 92.043662592 111.982448307 88.293275787
v 92.011977229 112.037691956 88.172923872
v 92.011943382 112.037747977 88.297800093
v 91.977758151 112.091518506 88.177602636
v 91.977722435 112.091571952 88.302239234
v 91.941122460 112.143731240 88.182301430
v 91.941092784 112.143771553 88.306625700
v 91.902156975 112.194208288 88.186990940
v 91.902091999 112.194288722 88.310998494
v 91.860923009 112.242870350 88.191656098
v 91.860839480 112.242964792 88.315380796
v 91.817505481 112.289614036 88.196280025
v 91.817424829 112.289697365 88.319785002
v 91.772028782 112.334307544 88.200842046
v 91.771939854 112.334391255 88.324223311
v 91.724577123 112.376873074 88.205340512
v 91.724480452 112.376955751 88.328707843
v 91.675222954 112.417245363 88.209789607
v 91.675145776 112.417305263 88.333250614
v 91.624066697 112.455339023 88.214201555
v 91.623971625 112.455406204 88.337860773
v 91.571212950 112.491073062 88.218588664
v 91.571126447 112.491128567 88.342516547
v 91.516769660 112.524371543 88.222963288
v 91.516722198 112.524399097 88.347201178
v 91.460901047 112.555135823 88.227342143
v 91.460861254 112.555156569 88.351898857
v 91.403690075 112.583323298 88.231764085
v 91.403639671 112.583346719 88.356586620
v 91.345261668 112.608873056 88.236263358
v 91.345215448 112.608892023 88.361228272
v 91.285752973 112.631727472 88.240854893
v 91.285714627 112.631741206 88.365791468
v 91.225240605 112.651856968 88.245514156
v 91.225193488 112.651871456 88.370262306
v 91.163852899 112.669215378 88.250209449
v 91.163826595 112.669222171 88.374666695
v 91.101773470 112.683751767 88.254904250
v 91.101713069 112.683764476 88.379039802
v 91.039080745 112.695449186 88.259581251
v 91.039008458 112.695460998 88.383407982
v 90.975905542 112.704281083 88.264224156
v 90.975854527 112.704287039 88.387791981
v 90.912384767 112.710226673 88.268816359
v 90.912332544 112.710230374 88.392216480
v 90.842577295 112.713410901 88.273776397
v 90.848613235 112.713273372 88.396691989
v 90.784838311 112.713410854 88.401219242
v 90.772730736 112.713108773 88.278669444
v 90.721139245 112.710644782 88.405798936
v 90.702974926 112.709322422 88.283510359
v 90.657602565 112.704978049 88.410434555
v 90.633440958 112.702054138 88.288313981
v 90.594381771 112.696421742 88.415113750
v 90.567778741 112.691938728 88.292860990
v 90.531632196 112.684997345 88.419811580
v 90.505261814 112.679307507 88.297240556
v 90.469485007 112.670731060 88.424504099
v 90.443372844 112.663838681 88.301664542
v 90.408044479 112.653647582 88.429167671
v 90.382296437 112.645580790 88.306166692
v 90.347449169 112.633785168 88.433764220
v 90.322097321 112.624554987 88.310755475
v 90.287838576 112.611191001 88.438275337
v 90.262908989 112.600805982 88.315414381
v 90.229278833 112.585888507 88.442705546
v 90.204875782 112.574391986 88.320105082
v 90.171941789 112.557949433 88.447088208
v 90.148090030 112.545354629 88.324803385
v 90.115950765 112.527435876 88.451452410
v 90.092671816 112.513752721 88.329485424
v 90.061372031 112.494382006 88.455831200
v 90.038751028 112.479659163 88.334126576
v 90.008367040 112.458883336 88.460240988
v 89.986469848 112.443166942 88.338711398
v 89.957048774 112.421018029 88.464690725
v 89.935891998 112.404322258 88.343243672
v 89.907521692 112.380866208 88.469189325
v 89.887123079 112.363203389 88.347724159
v 89.859867680 112.338495155 88.473747309
v 89.840269094 112.319897214 88.352153651
v 89.814171416 112.293976626 88.478365975
v 89.795462030 112.274528027 88.356540269
v 89.770560248 112.247433138 88.483027240
v 89.752755218 112.227151521 88.360909021
v 89.729124064 112.198963602 88.487714795
v 89.712243296 112.177869598 88.365280858
v 89.689927226 112.148643017 88.492414171
v 89.674033078 112.126813615 88.369680491
v 89.653063365 112.096589633 88.497096237
v 89.638181806 112.074061703 88.374143226
v 89.618621370 112.042931891 88.501727051
v 89.604794220 112.019772423 88.378696908
v 89.586671573 111.987785929 88.506275037
v 89.573899057 111.963995009 88.383332387
v 89.557242624 111.931198174 88.510732839
v 89.545565339 111.906846701 88.388017166
v 89.530425925 111.873338584 88.515129665
v 89.519868973 111.848478791 88.392715408
v 89.506256251 111.814276904 88.519503457
v 89.496858797 111.789005065 88.397402013
v 89.484804996 111.754180952 88.523882555
v 89.476576230 111.728530478 88.402061429
v 89.466119477 111.693187857 88.528280008
v 89.459065731 111.667181230 88.406676779
v 89.450236060 111.631424750 88.532708165
v 89.444380493 111.605154986 88.411226168
v 89.437185231 111.569020228 88.537179315
v 89.432532502 111.542517337 88.415715455
v 89.426991417 111.506103320 88.541705644
v 89.423546182 111.479387428 88.420157424
v 89.419666198 111.442728084 88.546300645
v 89.417442609 111.415895515 88.424564331
v 89.415236120 111.379091738 88.550946404
v 89.414236912 111.352173026 88.428948509
v 89.413709453 111.315334567 88.555625327
v 89.413938144 111.288351989 88.433322344
v 89.415087278 111.251590221 88.560320513
v 89.416544770 111.224638248 88.437705330
v 89.419369050 111.187940865 88.565014779
v 89.422051344 111.161096695 88.442137819
v 89.426542951 111.124574315 88.569671422
v 89.430443275 111.097890700 88.446652736
v 89.436590243 111.061626549 88.574257726
v 89.441702460 111.035141763 88.451257837
v 89.449499437 110.999171328 88.578751071
v 89.455812819 110.972945647 88.455925396
v 89.465239546 110.937368919 88.583169265
v 89.472746411 110.911439090 88.460623256
v 89.483780888 110.876338456 88.587547115
v 89.492453323 110.850799503 88.465316204
v 89.505084834 110.816210617 88.591914606
v 89.514906769 110.791105358 88.469988639
v 89.529098408 110.757132419 88.596292496
v 89.540061684 110.732482393 88.474624238
v 89.555784441 110.699194803 88.600704463
v 89.567861134 110.675065890 88.479205898
v 89.585085766 110.642525714 88.605166847
v 89.598227288 110.619010249 88.483723898
v 89.616929494 110.587264970 88.609680725
v 89.631123193 110.564380603 88.488189905
v 89.651248009 110.533525387 88.614246893
v 89.666483116 110.511290848 88.492612801
v 89.687981519 110.481399199 88.618867567
v 89.706846159 110.456471215 88.497294253
v 89.727070647 110.430975083 88.623538147
v 89.747597770 110.406290225 88.501718891
v 89.768406052 110.382396015 88.628233429
v 89.793032683 110.355470070 88.506396028
v 89.811899362 110.335762425 88.632929541
v 89.838145182 110.309578919 88.510852771
v 89.857464570 110.291163852 88.637603117
v 89.886242250 110.264991892 88.515476774
v 89.905023688 110.248677005 88.642219651
v 89.938591291 110.220927672 88.520398051
v 89.954452456 110.208412559 88.646753812
v 89.989298584 110.182183720 88.525060088
v 90.005689988 110.170421094 88.651202066
v 90.034437379 110.150636427 88.529110489
v 90.058604352 110.134803185 88.655594008
v 90.091597889 110.114310148 88.534100029
v 90.115394145 110.100301285 88.660143544
v 90.151657375 110.080141176 88.539172093
v 90.176852671 110.066946803 88.664938427
v 90.213980086 110.048668627 88.544247987
v 90.239850669 110.036724761 88.669765752
v 90.272987531 110.022344489 88.548888104
v 90.304254343 110.009692879 88.674640423
v 90.337587919 109.997156427 88.553806393
v 90.369943756 109.985900936 88.679577298
v 90.395097674 109.977757520 88.558060154
v 90.430881026 109.967067075 88.684146788
v 90.446101522 109.962832814 88.561746205
v 90.492625664 109.951025193 88.688773760
v 90.511914699 109.946623812 88.566408427
v 90.555022784 109.937815452 88.693440577
v 90.579071907 109.933510802 88.571094554
v 90.617941254 109.927463505 88.698130949
v 90.642056103 109.924271400 88.575458921
v 90.681293386 109.919984623 88.702830634
v 90.711410888 109.917450932 88.580276442
v 90.749972134 109.915160079 88.707877435
v 90.762533236 109.914644136 88.583866117
v 90.813708499 109.913708499 88.712490961
v 90.813708499 109.913708499 88.587515859
v 90.856237709 109.914354625 88.715519142
v 90.877449075 109.915160273 88.592139907
v 90.898742279 109.916293294 88.718505760
v 90.946138189 109.919986009 88.597193008
v 90.968097038 109.922247334 88.723325713
v 91.009479591 109.927464051 88.601891943
v 91.033809822 109.931118380 88.727874495
v 91.072401571 109.937816839 88.606580214
v 91.096882415 109.942645801 88.732271301
v 91.134801982 109.951027703 88.611242873
v 91.158717429 109.956885170 88.736638635
v 91.196549546 109.967070934 88.615863147
v 91.224468787 109.975322633 88.741370568
v 91.257462483 109.985897294 88.620420175
v 91.286138098 109.995827345 88.745917988
v 91.317446964 110.007474170 88.624915009
v 91.348306752 110.019797847 88.750638647
v 91.376403372 110.031766527 88.629361291
v 91.411929947 110.047955328 88.755642611
v 91.434208852 110.058726459 88.633771129
v 91.474127794 110.079266796 88.760713211
v 91.490742508 110.088300323 88.638156713
v 91.534099817 110.113276774 88.765773231
v 91.545886201 110.120429063 88.642530278
v 91.591226596 110.149463848 88.770754145
v 91.599463513 110.155007048 88.646910259
v 91.636338268 110.180888893 88.774798088
v 91.651421181 110.191996655 88.651336728
v 91.683046813 110.216324841 88.779079691
v 91.701628918 110.231305001 88.655842923
v 91.731196595 110.256251363 88.783584710
v 91.749982497 110.272847797 88.660440440
v 91.779120568 110.299815243 88.788153409
v 91.796413142 110.316566793 88.665103149
v 91.824128869 110.344662230 88.792558127
v 91.840819223 110.362370725 88.669799662
v 91.869556423 110.394368972 88.797180750
v 91.883068900 110.410122134 88.674493763
v 91.910357256 110.443443285 88.801550275
v 91.923110340 110.459760295 88.679168676
v 91.950863907 110.497082761 88.806165433
v 91.960858139 110.511182675 88.683808348
v 91.986670867 110.549405347 88.810553026
v 91.996228161 110.564277200 88.688396256
v 92.020271900 110.603634619 88.815017987
v 92.029118145 110.618885045 88.692918920
v 92.051359564 110.659323272 88.819534489
v 92.059495977 110.674948817 88.697388384
v 92.079871731 110.716355385 88.824103316
v 92.087296887 110.732354139 88.701814437
v 92.105761982 110.774637256 88.828727029
v 92.112461205 110.790983472 88.706206957
v 92.128980290 110.834062562 88.833399424
v 92.134926943 110.850694648 88.710575774
v 92.149462331 110.894468893 88.838095324
v 92.154639156 110.911334323 88.714944552
v 92.167167269 110.955728859 88.842790849
v 92.171573307 110.972822645 88.719348263
v 92.182063232 111.017726511 88.847462723
v 92.185691614 111.035028875 88.723818063
v 92.194122560 111.080347849 88.852075388
v 92.196957623 111.097787502 88.728377843
v 92.203315108 111.143433643 88.856605063
v 92.205353596 111.160986659 88.733016241
v 92.209628866 111.206908059 88.861049560
v 92.210865117 111.224526595 88.737703513
v 92.213044687 111.270601156 88.865439512
v 92.213477404 111.288272012 88.742407101
v 92.213543136 111.335225755 88.869863833
v 92.213183604 111.352042089 88.747091853
v 92.210724585 111.405065667 88.874657182
v 92.209986737 111.415723990 88.751741559
v 92.204430089 111.474623807 88.879483269
v 92.203891775 111.479209387 88.756349663
v 92.195369470 111.539569607 88.884059094
v 92.194909311 111.542366230 88.760908027
v 92.183056350 111.605061319 88.765408558
v 92.182387609 111.608186977 88.888990990
v 92.168372274 111.667100864 88.769847878
v 92.167555701 111.670216216 88.893557334
v 92.150873434 111.728425363 88.774246830
v 92.149908982 111.731522154 88.898182054
v 92.130593662 111.788906895 88.778622329
v 92.129492646 111.791946990 88.902847379
v 92.107576053 111.848411098 88.782991342
v 92.106351411 111.851364800 88.907537024
v 92.081886937 111.906771918 88.787378010
v 92.080517821 111.909690162 88.912236480
v 92.053563466 111.963908735 88.791815674
v 92.052058098 111.966770723 88.916913984
v 92.022661142 112.019706760 88.796334013
v 92.021040586 112.022474493 88.921536395
v 91.989259476 112.074024155 88.800945358
v 91.987527588 112.076695226 88.926073110
v 91.953414707 112.126770463 88.805617046
v 91.951557752 112.129367172 88.930521728
v 91.915199152 112.177837151 88.810314031
v 91.913233452 112.180336952 88.934913370
v 91.874719881 112.227083947 88.814999070
v 91.872595739 112.229545799 88.939286802
v 91.832029488 112.274448892 88.819661966
v 91.829765994 112.276842814 88.943667460
v 91.787215354 112.319831832 88.824291628
v 91.784838967 112.322126259 88.948068026
v 91.740369794 112.363136314 88.828876986
v 91.737909548 112.365304000 88.952500823
v 91.691589341 112.404270382 88.833407073
v 91.689076631 112.406288459 88.956978110
v 91.641001839 112.443126835 88.837872097
v 91.638442271 112.444997240 88.961512039
v 91.588718278 112.479624442 88.842285504
v 91.586044720 112.481397133 88.966114517
v 91.534811034 112.513713184 88.846668301
v 91.532053104 112.515366100 88.970765201
v 91.479390810 112.545320072 88.851038062
v 91.476583497 112.546833276 88.975446982
v 91.422609071 112.574359307 88.855412856
v 91.419753129 112.575734610 88.980142969
v 91.364571326 112.600779131 88.859824954
v 91.361634129 112.602032023 88.984834471
v 91.305381625 112.624531800 88.864306087
v 91.302399404 112.625646454 88.989484240
v 91.245168931 112.645565058 88.868882116
v 91.242176717 112.646530688 88.994059727
v 91.184076162 112.663829897 88.873532568
v 91.181029328 112.664662016 88.998542068
v 91.122193342 112.679298884 88.878224128
v 91.119124502 112.679988508 89.002953372
v 91.059689479 112.691929578 88.882921935
v 91.056570191 112.692482668 89.007328782
v 90.996659057 112.701703126 88.887606251
v 90.993513275 112.702114161 89.011696391
v 90.933238432 112.708596525 88.892256006
v 90.930101402 112.708861790 89.016076986
v 90.869609684 112.712592052 88.896850814
v 90.866423321 112.712715712 89.020494891
v 90.805849353 112.713686508 88.901392810
v 90.802636331 112.713664774 89.024963520
v 90.742088715 112.711875407 88.905882898
v 90.738889290 112.711707879 89.029483757
v 90.678459796 112.707160252 88.910322054
v 90.675313557 112.706851314 89.034056385
v 90.615163038 112.699558339 88.914712489
v 90.612006062 112.699102356 89.038684420
v 90.552259520 112.689079195 88.919080821
v 90.549098495 112.688474538 89.043359325
v 90.489881459 112.675742314 88.923450922
v 90.486755920 112.674995447 89.048056013
v 90.428160503 112.659573554 88.927846702
v 90.425108584 112.658695548 89.052750610
v 90.367283031 112.640623967 88.932298358
v 90.364267080 112.639605340 89.057419867
v 90.307324556 112.618919393 88.936831961
v 90.304354160 112.617763072 89.062026976
v 90.248407525 112.594503102 88.941453600
v 90.245516006 112.593222989 89.066550163
v 90.190674255 112.567434287 88.946129948
v 90.187821011 112.566012319 89.070989306
v 90.134215481 112.537754760 88.950830305
v 90.131430926 112.536204848 89.075376329
v 90.079159478 112.505529688 88.955524259
v 90.074195622 112.502456036 89.079924263
v 90.025659278 112.470850885 88.960183631
v 90.015681207 112.463992177 89.084728641
v 89.973781388 112.433763208 88.964802635
v 89.959207847 112.422685021 89.089567190
v 89.923634536 112.394341834 88.969373746
v 89.904884139 112.378620956 89.094454913
v 89.875324016 112.352666902 88.973889524
v 89.852811555 112.331881918 89.099406842
v 89.828990131 112.308861659 88.978342947
v 89.807428824 112.287053870 89.103984649
v 89.784696283 112.262989283 88.982750484
v 89.764133437 112.240203058 89.108617467
v 89.742525222 112.215133188 88.987130253
v 89.723026418 112.191439995 89.113288169
v 89.702566621 112.165391381 88.991499391
v 89.684192245 112.140868115 89.117980569
v 89.664938689 112.113913789 88.995877647
v 89.647682677 112.088552859 89.122679362
v 89.629690785 112.060771286 89.000299282
v 89.613603020 112.034643196 89.127349794
v 89.596894386 112.006069360 89.004794285
v 89.582025912 111.979259404 89.131960225
v 89.566624218 111.949932355 89.009384735
v 89.553003072 111.922495675 89.136482153
v 89.538946523 111.892484708 89.014044073
v 89.526583223 111.864443026 89.140920177
v 89.513906235 111.833818171 89.018738667
v 89.502839266 111.805258956 89.145307018
v 89.491578327 111.774112328 89.023427115
v 89.481799386 111.745006865 89.149681370
v 89.471986665 111.713436212 89.028096618
v 89.463531131 111.683872799 89.154066180
v 89.455174079 111.651915435 89.032735978
v 89.448071461 111.621987908 89.158473570
v 89.441177785 111.589678198 89.037333997
v 89.435450016 111.559481055 89.162915457
v 89.430029038 111.526854281 89.041879557
v 89.425690462 111.496482073 89.167403680
v 89.421754209 111.463586034 89.046361889
v 89.418810352 111.433120219 89.171950009
v 89.416373813 111.400056063 89.050785905
v 89.414818426 111.369444834 89.176562769
v 89.413891197 111.336328279 89.055174797
v 89.413731607 111.305667638 89.181219897
v 89.414314069 111.272534989 89.059546198
v 89.415550157 111.241922507 89.185904306
v 89.417642572 111.208827035 89.063917811
v 89.420269308 111.178330436 89.190599744
v 89.423866390 111.145364920 89.068317125
v 89.427882346 111.114997968 89.195282864
v 89.432975194 111.082243870 89.072777682
v 89.438367893 111.052101500 89.199917523
v 89.444951372 111.019593000 89.077329294
v 89.451700170 110.989774381 89.204472260
v 89.459761771 110.957578955 89.081963681
v 89.467867700 110.928075852 89.208933719
v 89.477387747 110.896279646 89.086648144
v 89.486826073 110.867185236 89.213329338
v 89.497781699 110.835862662 89.091346292
v 89.508550441 110.807188494 89.217696505
v 89.520910879 110.776424309 89.096036072
v 89.532986931 110.748241682 89.222066799
v 89.546729536 110.718087557 89.100696928
v 89.560075759 110.690486475 89.226454419
v 89.575158249 110.661026812 89.105305364
v 89.589758564 110.634041472 89.230872355
v 89.606162890 110.605306215 89.109860826
v 89.621971608 110.579022458 89.235333536
v 89.639681605 110.551041481 89.114364145
v 89.656646342 110.525541511 89.239850787
v 89.675441969 110.498632237 89.118791791
v 89.693753391 110.473648646 89.244438308
v 89.715929074 110.444869967 89.123436289
v 89.733181913 110.423504987 89.249079764
v 89.756690480 110.395714475 89.127813450
v 89.774843740 110.375220348 89.253758761
v 89.802066527 110.345937556 89.132426195
v 89.818651566 110.328892932 89.258459802
v 89.847061771 110.300992298 89.136802518
v 89.864541588 110.284591316 89.263164816
v 89.896395311 110.256099473 89.141449689
v 89.912385117 110.242440017 89.267838893
v 89.948451757 110.213103681 89.146243066
v 89.962109830 110.202501931 89.272445024
v 90.004522758 110.171246927 89.151313443
v 90.013588977 110.164879096 89.276965556
v 90.057362937 110.135599246 89.155989908
v 90.066744675 110.129628665 89.281410950
v 90.113313775 110.101500911 89.160818745
v 90.121467905 110.096825979 89.285811268
v 90.171979533 110.069448095 89.165735013
v 90.177614281 110.066558027 89.290192444
v 90.234831049 110.038992458 89.170831818
v 90.239655147 110.036812720 89.294923802
v 90.299103701 110.011716948 89.175875448
v 90.298339667 110.012019225 89.299917666
v 90.361121526 109.988882043 89.304166648
v 90.364677677 109.987672543 89.180859157
v 90.424852983 109.968795276 89.309070444
v 90.431422735 109.966913186 89.185775950
v 90.487933109 109.952139360 89.313867053
v 90.492674719 109.951013582 89.190170620
v 90.550374475 109.938697518 89.318548227
v 90.556831471 109.937476571 89.194685295
v 90.616234460 109.927705558 89.323393720
v 90.620567870 109.927095100 89.199110802
v 90.680468677 109.920063170 89.328008506
v 90.683723981 109.919755790 89.203466648
v 90.749574236 109.915178272 89.332852307
v 90.748648728 109.915220939 89.207954069
v 90.813708499 109.913708499 89.212504394
v 90.813708505 109.913708499 89.337268327
v 90.869742477 109.914830308 89.341102279
v 90.877475308 109.915161469 89.217057125
v 90.925673084 109.918192820 89.344934419
v 90.946191600 109.919991087 89.222066443
v 90.989577596 109.924798785 89.349345602
v 91.009534419 109.927471792 89.226753201
v 91.047697868 109.933400910 89.353409571
v 91.072441131 109.937824289 89.231446592
v 91.114699076 109.946446758 89.358184967
v 91.134813364 109.951030460 89.236123871
v 91.180312111 109.962560215 89.362984841
v 91.196535365 109.967067016 89.240774820
v 91.242976233 109.981143692 89.367690271
v 91.257477593 109.985902499 89.245388242
v 91.307159253 110.003553511 89.372635545
v 91.317511838 110.007499429 89.249952995
v 91.366381044 110.027414237 89.377314981
v 91.376512118 110.031814554 89.254458075
v 91.424575508 110.054009532 89.382026293
v 91.434286422 110.058765020 89.258898185
v 91.480989761 110.082962500 89.386701092
v 91.490790250 110.088326742 89.263297149
v 91.541468456 110.117729635 89.391808349
v 91.545905154 110.120440664 89.267672564
v 91.599019803 110.154706189 89.396735362
v 91.599513318 110.155040808 89.272042062
v 91.644406985 110.186792023 89.400656797
v 91.651457721 110.192023695 89.276427482
v 91.691368355 110.222968499 89.404776371
v 91.701669277 110.231337869 89.280863557
v 91.739741863 110.263726493 89.409126916
v 91.750046806 110.272905642 89.285381097
v 91.789256117 110.309563620 89.413749923
v 91.796463861 110.316616781 89.289990941
v 91.834342016 110.355424941 89.418165086
v 91.840853484 110.362407717 89.294662125
v 91.879764163 110.406225502 89.422873675
v 91.883115958 110.410177825 89.299359604
v 91.920514892 110.456398982 89.427387962
v 91.923154324 110.459817438 89.304054511
v 91.960860196 110.511185661 89.432208802
v 91.960899452 110.511241730 89.308727624
v 91.996229243 110.564279055 89.436787673
v 91.996256226 110.564321462 89.313356355
v 92.029135589 110.618915893 89.441411576
v 92.029150417 110.618941543 89.317929885
v 92.059512179 110.674980805 89.446069782
v 92.059530874 110.675017041 89.322450975
v 92.087297597 110.732355942 89.450751535
v 92.087332984 110.732433427 89.326920521
v 92.112454647 110.790967222 89.455447232
v 92.112490861 110.791057179 89.331339000
v 92.134913603 110.850656590 89.460120982
v 92.134940622 110.850733571 89.335717714
v 92.154626935 110.911293583 89.464737593
v 92.154655244 110.911387810 89.340083922
v 92.171564953 110.972788402 89.469263398
v 92.171591062 110.972893340 89.344461476
v 92.185681708 111.034978643 89.473706509
v 92.185707900 111.035108826 89.348875656
v 92.196950245 111.097739898 89.478096226
v 92.196970088 111.097866531 89.353358938
v 92.205353139 111.160982487 89.482465248
v 92.205364300 111.161084287 89.357928403
v 92.210865770 111.224536215 89.486839190
v 92.210870244 111.224607030 89.362576719
v 92.213477160 111.288256432 89.491235142
v 92.213478398 111.288326412 89.367266292
v 92.213388700 111.343630944 89.495084143
v 92.213181516 111.352117833 89.371967987
v 92.210142971 111.413562405 89.500010502
v 92.209980577 111.415808061 89.376649332
v 92.203412300 111.483188418 89.505003958
v 92.203883546 111.479278520 89.381293416
v 92.194900344 111.542420508 89.385894149
v 92.193215983 111.552369735 89.510057382
v 92.183047552 111.605102723 89.390443982
v 92.179573105 111.620976940 89.515163878
v 92.166802185 111.673065558 89.395359871
v 92.164158716 111.682875421 89.519855543
v 92.148477239 111.736073908 89.399916495
v 92.145941467 111.744005302 89.524557007
v 92.127856440 111.796425102 89.404307299
v 92.124965758 111.804222931 89.529237191
v 92.104501211 111.855791701 89.408679333
v 92.101266963 111.863429638 89.533866046
v 92.078467853 111.914028446 89.413049876
v 92.074899089 111.921490267 89.538407924
v 92.049820340 111.970997111 89.417447225
v 92.045918579 111.978282302 89.542866866
v 92.018603898 112.026609301 89.421903724
v 92.014359372 112.033734565 89.547266433
v 91.984880151 112.080752801 89.426449082
v 91.980314301 112.087679443 89.551637959
v 91.948744190 112.133277883 89.431079465
v 91.943857468 112.140003479 89.556005474
v 91.910238757 112.184122993 89.435761901
v 91.905067331 112.190598403 89.560392814
v 91.869467801 112.233149768 89.440457049
v 91.863981236 112.239412155 89.564827113
v 91.826514699 112.280260822 89.445136932
v 91.820724269 112.286292391 89.569312405
v 91.781449543 112.325378883 89.449791947
v 91.775388864 112.331142048 89.573849534
v 91.734364948 112.368408203 89.454410904
v 91.728069994 112.373870315 89.578439362
v 91.685358120 112.409257156 89.458982653
v 91.678826353 112.414422400 89.583084544
v 91.634530079 112.447838974 89.463496173
v 91.627791889 112.452685328 89.587766581
v 91.582041794 112.484034961 89.467943724
v 91.575081160 112.488575159 89.592464019
v 91.527952554 112.517807988 89.472347093
v 91.520775468 112.522036393 89.597157472
v 91.472365017 112.549091709 89.476724609
v 91.465019299 112.552980156 89.601813267
v 91.415393747 112.577818805 89.481093922
v 91.407903501 112.581356885 89.606397802
v 91.357209556 112.603905034 89.485475015
v 91.349552515 112.607103961 89.610886972
v 91.297892205 112.627316780 89.489902717
v 91.290098736 112.630163111 89.615304160
v 91.237559869 112.648006091 89.494407857
v 91.229655731 112.650491167 89.619680663
v 91.176361003 112.665922668 89.499007520
v 91.168319447 112.668053794 89.624050145
v 91.114405675 112.681034797 89.503672576
v 91.106264786 112.682799791 89.628430957
v 91.051813552 112.693312057 89.508368767
v 91.043621335 112.694700949 89.632840746
v 90.988739783 112.702723989 89.513064990
v 90.980485002 112.703739288 89.637299788
v 90.925287018 112.709255069 89.517742129
v 90.916972434 112.709894896 89.641824434
v 90.861605699 112.712888937 89.522378091
v 90.853259026 112.713149636 89.646405367
v 90.797851543 112.713618755 89.526958519
v 90.789477989 112.713498691 89.651031536
v 90.734114334 112.711444149 89.531486394
v 90.725762891 112.710943408 89.655691779
v 90.670525520 112.706367355 89.535962595
v 90.662246586 112.705491262 89.660374906
v 90.607225774 112.698397958 89.540387751
v 90.599018385 112.697149193 89.665071305
v 90.544396510 112.687561167 89.544769840
v 90.536235936 112.685936240 89.669746994
v 90.482107810 112.673870658 89.549136327
v 90.474047669 112.671880258 89.674365003
v 90.420490870 112.657352773 89.553511054
v 90.412536908 112.654999648 89.678892571
v 90.359682123 112.638042342 89.557918649
v 90.351870641 112.635338762 89.683336391
v 90.299855024 112.615996868 89.562391507
v 90.292169770 112.612938079 89.687726376
v 90.241083966 112.591245661 89.566949236
v 90.233519716 112.587828202 89.692095819
v 90.183503802 112.563845312 89.571590077
v 90.176080760 112.560075622 89.696469934
v 90.127228507 112.533849983 89.576276197
v 90.119981897 112.529744483 89.700865856
v 90.072360757 112.501312612 89.580978338
v 90.063749413 112.495893500 89.705432276
v 90.019041014 112.466315811 89.585664531
v 90.005701512 112.457004068 89.710359547
v 89.962466448 112.425188171 89.590762918
v 89.954460085 112.419010386 89.714918961
v 89.908027871 112.381295821 89.595807118
v 89.903647531 112.377564278 89.719658490
v 89.855827787 112.334720039 89.600790236
v 89.851738781 112.330868408 89.724754879
v 89.805983590 112.285557533 89.605705087
v 89.806403689 112.285992936 89.729446096
v 89.768337749 112.244944303 89.609547165
v 89.763161627 112.239101005 89.734147258
v 89.727011001 112.196368498 89.613937971
v 89.722113061 112.190303849 89.738827396
v 89.687928380 112.145945932 89.618309786
v 89.683324817 112.139682384 89.743456544
v 89.651186767 112.093800489 89.622679897
v 89.646885375 112.087351942 89.747998948
v 89.616870809 112.040055807 89.627076944
v 89.612871343 112.033423822 89.752458393
v 89.585033977 111.984796764 89.631532590
v 89.581326471 111.977963414 89.756858236
v 89.555740960 111.928133166 89.636076063
v 89.552347409 111.921136125 89.761229867
v 89.529072557 111.870224889 89.640704732
v 89.525993871 111.863063689 89.765597331
v 89.505059324 111.811139234 89.645385218
v 89.502318848 111.803868869 89.769984466
v 89.483763952 111.751027004 89.650080006
v 89.481348060 111.743610513 89.774418432
v 89.465233856 111.690027501 89.654758367
v 89.463148461 111.682473699 89.778903381
v 89.449496329 111.628231830 89.659411274
v 89.447756322 111.620587630 89.783440154
v 89.436586268 111.565768378 89.664027972
v 89.435201183 111.558080346 89.788029618
v 89.426532709 111.502767405 89.668597743
v 89.425500194 111.495030571 89.792674457
v 89.419358579 111.439360005 89.673109993
v 89.418681949 111.431610606 89.797356310
v 89.415083626 111.375745144 89.677557122
v 89.414760128 111.367962084 89.802053708
v 89.413709495 111.311992915 89.681960734
v 89.413740903 111.304183393 89.806747292
v 89.415240737 111.248225620 89.686339332
v 89.415626854 111.240443825 89.811403479
v 89.419676651 111.184575975 89.690710757
v 89.420414137 111.176847447 89.815988652
v 89.427002311 111.121233818 89.695095256
v 89.428093055 111.113532395 89.820478447
v 89.437205597 111.058286367 89.699527387
v 89.438646036 111.050642665 89.824896034
v 89.450267437 110.995858585 89.704036943
v 89.452051974 110.988298742 89.829272642
v 89.467419704 110.929642780 89.708979834
v 89.468291747 110.926598868 89.833642079
v 89.486673861 110.867637802 89.713739682
v 89.487319833 110.865720494 89.838022722
v 89.509094273 110.805789430 89.842432216
v 89.510077859 110.803270321 89.718789850
v 89.533581128 110.746898203 89.846890754
v 89.535003929 110.743695811 89.723541929
v 89.560738653 110.689155490 89.851414938
v 89.563190114 110.684261523 89.728357005
v 89.590492490 110.632722203 89.855995503
v 89.595544753 110.623725265 89.733340435
v 89.622778723 110.577715313 89.860621395
v 89.628370866 110.568742313 89.737939094
v 89.657527956 110.524248956 89.865281445
v 89.665035056 110.513365247 89.742644272
v 89.694665879 110.472433524 89.869964459
v 89.704768272 110.459160867 89.747335247
v 89.734140497 110.422342734 89.874660843
v 89.747907938 110.405925874 89.752064668
v 89.775855715 110.374101349 89.879336869
v 89.794070862 110.354365430 89.756807773
v 89.819710751 110.327823880 89.883955424
v 89.842683734 110.305189334 89.761535322
v 89.865648316 110.283571383 89.888483768
v 89.891498838 110.260366513 89.766087046
v 89.913544426 110.241465335 89.892928125
v 89.941144152 110.218888173 89.770587095
v 89.963302509 110.201588990 89.897318416
v 89.995301703 110.177834164 89.775409870
v 90.014852389 110.164000294 89.901687903
v 90.053218577 110.138270249 89.780481738
v 90.068055605 110.128802638 89.906061926
v 90.113028422 110.101665785 89.785616054
v 90.122790787 110.096074388 89.910457623
v 90.169031694 110.070972804 89.790310707
v 90.171483043 110.069704286 89.914306193
v 90.226433549 110.042839402 89.795004782
v 90.234375733 110.039199345 89.919224306
v 90.262135848 110.026942141 89.797862256
v 90.298660637 110.011892153 89.924209212
v 90.298327885 110.012023890 89.800092712
v 90.358449011 109.989798049 89.805103092
v 90.364206760 109.987832082 89.929253929
v 90.424447200 109.968912680 89.809863255
v 90.430891856 109.967063989 89.934351709
v 90.486955061 109.952373751 89.814304609
v 90.492631223 109.951023873 89.939042731
v 90.552229769 109.938343501 89.818911016
v 90.555034929 109.937813152 89.943743922
v 90.617103396 109.927581982 89.823500626
v 90.617955583 109.927461478 89.948424269
v 90.681350276 109.919979117 89.828096530
v 90.681289148 109.919984986 89.953053948
v 90.747456078 109.915277014 89.832895105
v 90.749965942 109.915160251 89.957955553
v 90.813708491 109.913708499 89.837760946
v 90.813708497 109.913708499 89.962408809
v 90.869438036 109.914818128 89.966251727
v 90.877479477 109.915161659 89.842467913
v 90.925048942 109.918142872 89.970071028
v 90.946175239 109.919989532 89.847540924
v 90.988610202 109.924676644 89.974445751
v 91.009513293 109.927468808 89.852211081
v 91.046439411 109.933188182 89.978461786
v 91.072459201 109.937827663 89.856839372
v 91.113110741 109.946098047 89.983169153
v 91.134854734 109.951040084 89.861407714
v 91.178412800 109.962046207 89.987886166
v 91.196548891 109.967070560 89.865908145
v 91.229004477 109.976723297 89.991623493
v 91.257466277 109.985898352 89.870356049
v 91.286108123 109.995816749 89.995940181
v 91.317480363 110.007487003 89.874764283
v 91.348302771 110.019796229 90.000775251
v 91.376465879 110.031794120 89.879145797
v 91.411884625 110.047933912 90.005869438
v 91.434299821 110.058771679 89.883513592
v 91.474071573 110.079236707 90.010996048
v 91.490818574 110.088342455 89.887883971
v 91.534060751 110.113253323 90.016072246
v 91.545923116 110.120451715 89.892294465
v 91.591172421 110.149427671 90.021010350
v 91.599505349 110.155035416 89.896780530
v 91.636277600 110.180844812 90.024968376
v 91.651434011 110.192006235 89.901360556
v 91.682973567 110.216266565 90.029109126
v 91.701646399 110.231319342 89.906011812
v 91.731090418 110.256158998 90.033452615
v 91.750032453 110.272892736 89.910702589
v 91.780413394 110.301047819 90.038036623
v 91.796450220 110.316603350 89.915396062
v 91.825412368 110.346002261 90.042392386
v 91.840840803 110.362394048 89.920074623
v 91.870788417 110.395785737 90.047015254
v 91.883109602 110.410170306 89.924721159
v 91.911546329 110.444943758 90.051425763
v 91.923162991 110.459828673 89.929317997
v 91.952026434 110.498704035 90.056123433
v 91.960878043 110.511210902 89.933847009
v 91.987769587 110.551094265 90.060614404
v 91.996224498 110.564270997 89.938321194
v 92.021293778 110.605374155 90.065190199
v 92.029127497 110.618901078 89.942752317
v 92.052303600 110.661112247 90.069812350
v 92.059516746 110.674989271 89.947152246
v 92.080735919 110.718190809 90.074469684
v 92.087327133 110.732420575 89.951532908
v 92.106533287 110.776489710 90.079150990
v 92.112491660 110.791059193 89.955907262
v 92.129655890 110.835919358 90.083846763
v 92.134945863 110.850748648 89.960305119
v 92.150050866 110.896348852 90.088526461
v 92.154661499 110.911408794 89.964763128
v 92.167665998 110.957619899 90.093151502
v 92.171581419 110.972854960 89.969311011
v 92.182480677 111.019662162 90.097689251
v 92.185692731 111.035034378 89.973941190
v 92.194451739 111.082302179 90.102140189
v 92.196962006 111.097815619 89.978622770
v 92.203556447 111.145414449 90.106534244
v 92.205360296 111.161047855 89.983322616
v 92.209780240 111.208905228 90.110904261
v 92.210868260 111.224576129 89.988010619
v 92.213105244 111.272612485 90.115277127
v 92.213477993 111.288304823 89.992672431
v 92.213524856 111.336386439 90.119670055
v 92.213181990 111.352100533 89.997291877
v 92.211040759 111.400094674 90.124100156
v 92.209981943 111.415789699 90.001851032
v 92.205653939 111.463668245 90.128588458
v 92.203138893 111.485416013 90.006785323
v 92.197377465 111.526922681 90.133135597
v 92.192828217 111.554600721 90.011659204
v 92.186231006 111.589719484 90.137733988
v 92.179067793 111.623214628 90.016487710
v 92.172239734 111.651928728 90.142376143
v 92.161882610 111.691102949 90.021286143
v 92.155429044 111.713440885 90.147055837
v 92.142454987 111.754653826 90.025837686
v 92.135826556 111.774147271 90.151757358
v 92.120990505 111.814721234 90.030235978
v 92.113486109 111.833879797 90.156448153
v 92.096815656 111.873740747 90.034696137
v 92.088454838 111.892519160 90.161099044
v 92.069988099 111.931577189 90.039243838
v 92.060773015 111.949971386 90.165672917
v 92.040545011 111.988150619 90.043872064
v 92.030509741 112.006091981 90.170160143
v 92.008568449 112.043304131 90.048550334
v 91.997704026 112.060805961 90.174576905
v 91.974104044 112.096959628 90.053247903
v 91.962439892 112.113968640 90.178955588
v 91.937221870 112.149003534 90.057940940
v 91.924800662 112.165456299 90.183321754
v 91.897997483 112.199325459 90.062605576
v 91.884867277 112.215162270 90.187699299
v 91.856555158 112.247770032 90.067216658
v 91.842690723 112.263021733 90.192115398
v 91.812941139 112.294287065 90.071774688
v 91.798376151 112.308911885 90.196582473
v 91.767242191 112.338781000 90.076280535
v 91.752029648 112.352724188 90.201101014
v 91.719550956 112.381158474 90.080735008
v 91.703748314 112.394369959 90.205671973
v 91.669995980 112.421305797 90.085139638
v 91.653609851 112.433782477 90.210298024
v 91.618665565 112.459153460 90.089514518
v 91.601715551 112.470879562 90.214969528
v 91.565649456 112.494633898 90.093882267
v 91.548198465 112.505566075 90.219663829
v 91.511086903 112.527653867 90.098263677
v 91.493151886 112.537782305 90.224361738
v 91.455076293 112.558155103 90.102691279
v 91.436699636 112.567455698 90.229035012
v 91.397742239 112.586070315 90.107198980
v 91.378972554 112.594519396 90.233648415
v 91.339214818 112.611338302 90.111798296
v 91.320047644 112.618936904 90.238170566
v 91.279573086 112.633924460 90.116462901
v 91.260082802 112.640641271 90.242609910
v 91.218947667 112.653776115 90.121159645
v 91.199198368 112.659590224 90.246997128
v 91.157510977 112.670837758 90.125853383
v 91.137476660 112.675756310 90.251366726
v 91.095345434 112.685087587 90.130528234
v 91.075096434 112.689090807 90.255741489
v 91.032580891 112.696493684 90.135167307
v 91.012191996 112.699567223 90.260138970
v 90.969364430 112.705028484 90.139752174
v 90.948894323 112.707166354 90.264576698
v 90.905874725 112.710671574 90.144269178
v 90.885254613 112.711879128 90.269078376
v 90.842176510 112.713419292 90.148732899
v 90.821479138 112.713686868 90.273640198
v 90.778401033 112.713263469 90.153155522
v 90.757701695 112.712587682 90.278251279
v 90.714680496 112.710201926 90.157549328
v 90.694055732 112.708585917 90.282900596
v 90.651147007 112.704238549 90.161926653
v 90.630674110 112.701692056 90.287577067
v 90.587956920 112.695387268 90.166301312
v 90.567674055 112.691920040 90.292270588
v 90.525267940 112.683672746 90.170705537
v 90.505154842 112.679283336 90.296958745
v 90.463170442 112.669113631 90.175176089
v 90.443299506 112.663818560 90.301600931
v 90.401842646 112.651754283 90.179739082
v 90.382185638 112.645544976 90.306163810
v 90.341342876 112.631612409 90.184379953
v 90.321977676 112.624510415 90.310634095
v 90.281801108 112.608727621 90.189067129
v 90.262798942 112.600759039 90.315040038
v 90.223373903 112.583159189 90.193765700
v 90.204756580 112.574334362 90.319412254
v 90.166178204 112.554959679 90.198450231
v 90.147955830 112.545282083 90.323782736
v 90.110312739 112.524177165 90.203105919
v 90.092553638 112.513681751 90.328169050
v 90.055895524 112.490874373 90.207716496
v 90.038663808 112.479601192 90.332588130
v 90.003091583 112.455155104 90.212263669
v 89.986361111 112.443087227 90.337059991
v 89.951960472 112.417062764 90.216754017
v 89.935766603 112.404221266 90.341593431
v 89.902603362 112.376670252 90.221196891
v 89.887006640 112.363100585 90.346180268
v 89.850720232 112.329904172 90.226017479
v 89.840181189 112.319812188 90.350812320
v 89.801199956 112.280572738 90.230807628
v 89.795385941 112.274447367 90.355481334
v 89.757662434 112.232820418 90.235233226
v 89.752671451 112.227054215 90.360181024
v 89.716892877 112.183763379 90.239629454
v 89.712168703 112.177774534 90.364879687
v 89.678403356 112.132904639 90.244085645
v 89.673965814 112.126719347 90.369544150
v 89.642284750 112.080367850 90.248628863
v 89.638141496 112.073999380 90.374141887
v 89.608584989 112.026223289 90.253253220
v 89.604728695 112.019660222 90.378651302
v 89.577397048 111.970621034 90.257929808
v 89.573829076 111.963861574 90.383080938
v 89.548765032 111.913640309 90.262626942
v 89.545508419 111.906724993 90.387461597
v 89.522750985 111.855399178 90.267320782
v 89.519825256 111.848373023 90.391824413
v 89.499411462 111.796018875 90.271987452
v 89.496806105 111.788859264 90.396204953
v 89.478814948 111.735679233 90.276601744
v 89.476528346 111.728376543 90.400614694
v 89.460985366 111.674458156 90.281162488
v 89.459031530 111.667050587 90.405063479
v 89.445958502 111.612472763 90.285671022
v 89.444349414 111.605008700 90.409561077
v 89.433767541 111.549850328 90.290128144
v 89.432504920 111.542349426 90.414119125
v 89.424444266 111.486754491 90.294535199
v 89.423522789 111.479188635 90.418737709
v 89.418004965 111.423306314 90.298911048
v 89.417428434 111.415698492 90.423398754
v 89.414461265 111.359612545 90.303278673
v 89.414232588 111.352012152 90.428086208
v 89.413822579 111.295836585 90.307658830
v 89.413940454 111.288224781 90.432785887
v 89.416089055 111.232100363 90.312083214
v 89.416553993 111.224493685 90.437467736
v 89.421255359 111.168538757 90.316586088
v 89.422065048 111.160971779 90.442098453
v 89.429307308 111.105301827 90.321181148
v 89.430458383 111.097793890 90.446646846
v 89.440234702 111.042471098 90.325843184
v 89.441728359 111.035014237 90.451104824
v 89.454016759 110.980184332 90.330539237
v 89.455843574 110.972823116 90.455501763
v 89.470612836 110.918621153 90.335233527
v 89.472787620 110.911301638 90.459874831
v 89.490000014 110.857862241 90.339909801
v 89.492516752 110.850617976 90.464253507
v 89.512139659 110.798035592 90.344551171
v 89.514983631 110.790913668 90.468650922
v 89.536982085 110.739278592 90.349139525
v 89.540139398 110.732311538 90.473079294
v 89.564450992 110.681762214 90.353659639
v 89.567929641 110.674932006 90.477550778
v 89.594517924 110.625540595 90.358125825
v 89.598294880 110.618892147 90.482077426
v 89.627123113 110.570730800 90.362550268
v 89.631211231 110.564241888 90.486672525
v 89.662201133 110.517447709 90.366945247
v 89.666578824 110.511154155 90.491318191
v 89.702481540 110.462136600 90.371639203
v 89.704318866 110.459744437 90.495997023
v 89.743221104 110.411457573 90.376097737
v 89.744350589 110.410119178 90.500692226
v 89.788688061 110.360118913 90.380838097
v 89.786623686 110.362342752 90.505386494
v 89.831013596 110.316557194 90.510043083
v 89.833860116 110.313759926 90.385385928
v 89.877422631 110.272858474 90.514629483
v 89.883448339 110.267469504 90.390257526
v 89.925796268 110.231298287 90.519122965
v 89.931908405 110.226313175 90.394895813
v 89.976012926 110.191983879 90.523541239
v 89.979003777 110.189756531 90.399280583
v 90.024535903 110.157332002 90.403398527
v 90.027974284 110.154992939 90.527918972
v 90.082238330 110.119995231 90.408446316
v 90.081572903 110.120403213 90.532286482
v 90.136675560 110.088299824 90.536664414
v 90.142909905 110.084876030 90.413557541
v 90.193196310 110.058732546 90.541076267
v 90.200623988 110.055087274 90.418240526
v 90.251013512 110.031766807 90.545538622
v 90.264198594 110.026059843 90.423209315
v 90.309983228 110.007469226 90.550052523
v 90.329106983 110.000254397 90.428109401
v 90.369983005 109.985887816 90.554618696
v 90.395227643 109.977716753 90.432955643
v 90.430907799 109.967059462 90.559239191
v 90.462439056 109.958492731 90.437762900
v 90.492659126 109.951017263 90.563909743
v 90.526591580 109.943466227 90.442272697
v 90.555061735 109.937808066 90.568605070
v 90.590554021 109.931607892 90.446736234
v 90.617984292 109.927457401 90.573301232
v 90.657170287 109.922487528 90.451393899
v 90.681304330 109.919983583 90.577974922
v 90.720450665 109.916817983 90.455874863
v 90.749977291 109.915159807 90.582958353
v 90.767051272 109.914486143 90.459220799
v 90.813708499 109.913708499 90.587483752
v 90.813708502 109.913708499 90.462609041
v 90.870192954 109.914848424 90.591419876
v 90.877449064 109.915160246 90.467284170
v 90.926568227 109.918264952 90.595311763
v 90.946097979 109.919982135 90.472352889
v 90.991004237 109.924980222 90.599749295
v 91.009445395 109.927459185 90.477046391
v 91.049624006 109.933728830 90.603808477
v 91.072401810 109.937816871 90.481712218
v 91.117123639 109.946982678 90.608547777
v 91.134775203 109.951021349 90.486325186
v 91.183224441 109.963353631 90.613282739
v 91.196491468 109.967054353 90.490884796
v 91.234433915 109.978421890 90.617031394
v 91.257429147 109.985886176 90.495392209
v 91.292231200 109.998027669 90.621364742
v 91.317461927 110.007480153 90.499848235
v 91.357192279 110.023504883 90.626387607
v 91.376431229 110.031779034 90.504254294
v 91.416469308 110.050110707 90.631119368
v 91.434228200 110.058736253 90.508629736
v 91.479020846 110.081897041 90.636268376
v 91.490753421 110.088306452 90.512997412
v 91.539344218 110.116439606 90.641388856
v 91.545860543 110.120413322 90.517378103
v 91.596744633 110.153167931 90.646396925
v 91.599447052 110.154995884 90.521803809
v 91.642036265 110.185048625 90.650431347
v 91.651397826 110.191979213 90.526308671
v 91.688930051 110.221011269 90.654675521
v 91.701593381 110.231275853 90.530905506
v 91.741314422 110.265115514 90.659491045
v 91.749967589 110.272834388 90.535568633
v 91.789424779 110.309727554 90.664027973
v 91.796412300 110.316565963 90.540264994
v 91.834553169 110.355649941 90.668443637
v 91.840794988 110.362344576 90.544959075
v 91.879972921 110.406470593 90.673118658
v 91.883057640 110.410108820 90.549634786
v 91.920664049 110.456591153 90.677564835
v 91.923110089 110.459759962 90.554275229
v 91.960858897 110.511183718 90.558862138
v 91.960966231 110.511336751 90.682280149
v 91.996198098 110.564229490 90.563380926
v 91.996307200 110.564401662 90.686746630
v 92.029094844 110.618843934 90.567846047
v 92.029186915 110.619005488 90.691267123
v 92.059479169 110.674915749 90.572269703
v 92.059572030 110.675097465 90.695855915
v 92.087285895 110.732329903 90.576664192
v 92.087369768 110.732514093 90.700497591
v 92.112455199 110.790968525 90.581041872
v 92.112517603 110.791123689 90.705174057
v 92.134925550 110.850690678 90.585416357
v 92.134964758 110.850802573 90.709868412
v 92.154640948 110.911340307 90.589819019
v 92.154680676 110.911472723 90.714564356
v 92.171575873 110.972832867 90.594286930
v 92.171607542 110.972959051 90.719226050
v 92.185683386 111.034988370 90.598846964
v 92.185711450 111.035126546 90.723820528
v 92.196951542 111.097748589 90.603485905
v 92.196974492 111.097895638 90.728322746
v 92.205352902 111.160980452 90.608172139
v 92.205367912 111.161117300 90.732746697
v 92.210864696 111.224520201 90.612870893
v 92.210873551 111.224658960 90.737126703
v 92.213476736 111.288235860 90.617556061
v 92.213479697 111.288397813 90.741494309
v 92.213184199 111.352019716 90.622212901
v 92.213180062 111.352171042 90.745870280
v 92.209985677 111.415738117 90.626825112
v 92.209975888 111.415872046 90.750277668
v 92.203892907 111.479200022 90.631374426
v 92.203871801 111.479377246 90.754735142
v 92.194916187 111.542325239 90.635866454
v 92.194883658 111.542521456 90.759244028
v 92.183070853 111.604993583 90.640310724
v 92.183032234 111.605174796 90.763805132
v 92.168378945 111.667075234 90.644716162
v 92.168341604 111.667218262 90.768419873
v 92.150871816 111.728430414 90.649091750
v 92.150828562 111.728569960 90.773086815
v 92.130599666 111.788890218 90.653456697
v 92.130543743 111.789045316 90.777780757
v 92.107589375 111.848378758 90.657843664
v 92.107531766 111.848518217 90.782477827
v 92.081890738 111.906763175 90.662282374
v 92.081842683 111.906865891 90.787154246
v 92.053577398 111.963881777 90.666804780
v 92.053513414 111.964003764 90.791778079
v 92.022683240 112.019668908 90.671411168
v 92.022621721 112.019774292 90.796320705
v 91.989283248 112.073987438 90.676080003
v 91.989208277 112.074103314 90.800776356
v 91.953444408 112.126728918 90.680774491
v 91.953352150 112.126858153 90.805172292
v 91.915230435 112.177797349 90.685471305
v 91.913482314 112.180021122 90.809723168
v 91.874719663 112.227084282 90.690146498
v 91.868854190 112.233853936 90.814515922
v 91.832018834 112.274460353 90.694774905
v 91.821629287 112.285354499 90.819339682
v 91.787218019 112.319829463 90.699348026
v 91.771914969 112.334414454 90.824209480
v 91.740385826 112.363122285 90.703868790
v 91.719804421 112.380943371 90.829140173
v 91.691617285 112.404247905 90.708337902
v 91.670261543 112.421100426 90.833703127
v 91.641025594 112.443109419 90.712756185
v 91.618923167 112.458972363 90.838325396
v 91.588736433 112.479612329 90.717137066
v 91.565924875 112.494458472 90.842989078
v 91.534823466 112.513705671 90.721504749
v 91.511378836 112.527486113 90.847677889
v 91.479412902 112.545308127 90.725879901
v 91.455365266 112.558006129 90.852377389
v 91.422633760 112.574347235 90.730290772
v 91.398024601 112.585940668 90.857056798
v 91.364586580 112.600772344 90.734772391
v 91.339493826 112.611225278 90.861682685
v 91.305431853 112.624512886 90.739347131
v 91.279898892 112.633809449 90.866223539
v 91.245231980 112.645544631 90.743996303
v 91.219288222 112.653673082 90.870675826
v 91.184114310 112.663819433 90.748687538
v 91.157846830 112.670752643 90.875069521
v 91.122259439 112.679283944 90.753383800
v 91.095645349 112.685026020 90.879443012
v 91.059750515 112.691918675 90.758065748
v 91.032867637 112.696448459 90.883822976
v 90.996716071 112.701695608 90.762716747
v 90.969653111 112.704996405 90.888222226
v 90.933289563 112.708592142 90.767319866
v 90.906133132 112.710654588 90.892653095
v 90.869679271 112.712589333 90.771854727
v 90.842439506 112.713413784 90.897127850
v 90.805935970 112.713687155 90.776332841
v 90.778703421 112.713270810 90.901658654
v 90.742190725 112.711880855 90.780766236
v 90.714977045 112.710222762 90.906258131
v 90.678575607 112.707171670 90.785167043
v 90.651465567 112.704275719 90.910906829
v 90.615222636 112.699566893 90.789547460
v 90.588305738 112.695444209 90.915587477
v 90.552272522 112.689081622 90.793920155
v 90.525629575 112.683748839 90.920283186
v 90.489910649 112.675749228 90.798311449
v 90.463517497 112.669203338 90.924975924
v 90.428209321 112.659587537 90.802759415
v 90.402154446 112.651850218 90.929628589
v 90.367349270 112.640646116 90.807295385
v 90.341670736 112.631729876 90.934208599
v 90.307398055 112.618947838 90.811917001
v 90.282133069 112.608863918 90.938695443
v 90.248474387 112.594532608 90.816593870
v 90.223701417 112.583311444 90.943109543
v 90.190713851 112.567453954 90.821293502
v 90.166482244 112.555118255 90.947485921
v 90.134271849 112.537786037 90.825983239
v 90.110605552 112.524347291 90.951853460
v 90.079225977 112.505570659 90.830648676
v 90.056203967 112.491072886 90.956232919
v 90.025692526 112.470873494 90.835273779
v 90.003356770 112.455343337 90.960648362
v 89.973806601 112.433782106 90.839840899
v 89.952189754 112.417241738 90.965114420
v 89.923685094 112.394383588 90.844345476
v 89.902824572 112.376859784 90.969632039
v 89.875396221 112.352732293 90.848799949
v 89.855361579 112.334282480 90.974201997
v 89.829041265 112.308912324 90.853214233
v 89.809876791 112.289578321 90.978826999
v 89.784717681 112.263012404 90.857598322
v 89.766459014 112.242831003 90.983500151
v 89.742553308 112.215166518 90.861962826
v 89.725226089 112.194166442 90.988196294
v 89.702615071 112.165454585 90.866339297
v 89.686262773 112.143688135 90.992891548
v 89.664974400 112.113964689 90.870760574
v 89.649640369 112.091490861 90.997562662
v 89.629712935 112.060805884 90.875257846
v 89.615428379 112.037673227 91.002173670
v 89.596930345 112.006132442 90.879846886
v 89.583712242 111.982370788 91.006701429
v 89.566657831 111.949998234 90.884506664
v 89.554530568 111.925648809 91.011144354
v 89.538993281 111.892587308 90.889186416
v 89.527964519 111.867660148 91.015533482
v 89.513963281 111.833959526 90.893865802
v 89.503769531 111.807732691 91.019957680
v 89.491621970 111.774235808 90.898532514
v 89.480745102 111.741737310 91.024751524
v 89.472018378 111.713540767 90.903174143
v 89.461057331 111.674728027 91.029578415
v 89.455195898 111.652001771 90.907778280
v 89.445636180 111.610993557 91.034155168
v 89.441191892 111.589747923 90.912332600
v 89.432513597 111.542402003 91.039088432
v 89.430037459 111.526908990 90.916824963
v 89.423531066 111.479258202 91.043656230
v 89.421765774 111.463693617 90.921249580
v 89.417432598 111.415755481 91.048281993
v 89.416379982 111.400156085 90.925636091
v 89.414233776 111.352055294 91.052948012
v 89.413892699 111.336420756 90.930005857
v 89.413939248 111.288291183 91.057638001
v 89.414311558 111.272620678 90.934379690
v 89.416550174 111.224553491 91.062337403
v 89.417634997 111.208927089 90.938780720
v 89.422060804 111.161010461 91.067014056
v 89.423854299 111.145465136 90.943242322
v 89.430456047 111.097808854 91.071634935
v 89.432959031 111.082341001 90.947789474
v 89.441717478 111.035067801 91.076169648
v 89.444925025 111.019715637 90.952422950
v 89.455832486 110.972867293 91.080616702
v 89.459734215 110.957683726 90.957106330
v 89.472762481 110.911385525 91.085007471
v 89.477357840 110.896375397 90.961807122
v 89.492491146 110.850691370 91.089380887
v 89.497741937 110.835972166 90.966489140
v 89.514960453 110.790971412 91.093761844
v 89.520860685 110.776545108 90.971142440
v 89.540119900 110.732354180 91.098162973
v 89.546667998 110.718218481 90.975757143
v 89.567915055 110.674960218 91.102596599
v 89.575111947 110.661114757 90.980323408
v 89.598286100 110.618907292 91.107074977
v 89.606135020 110.605353861 90.984831507
v 89.631168380 110.564309490 91.111610256
v 89.639634926 110.551113363 90.989275849
v 89.666538844 110.511211291 91.116214001
v 89.675384132 110.498712929 90.993654924
v 89.704284351 110.459789287 91.120865531
v 89.715851991 110.444967374 90.998271085
v 89.744323242 110.410151555 91.125547795
v 89.756642546 110.395769691 91.002647296
v 89.786570650 110.362400011 91.130243972
v 89.802038806 110.345966181 91.007282619
v 89.830972156 110.316598035 91.134934923
v 89.847021136 110.301030753 91.011707350
v 89.877396566 110.272881922 91.139583437
v 89.896347618 110.256140991 91.016434740
v 89.925742392 110.231342483 91.144156973
v 89.944500049 110.216221977 91.020961178
v 89.975960062 110.192023360 91.148637419
v 89.995011267 110.178043566 91.025600543
v 90.027911652 110.155035416 91.153047565
v 90.049114604 110.140935650 91.030431802
v 90.081508291 110.120442868 91.157422589
v 90.105492884 110.106053547 91.035302717
v 90.136622659 110.088329046 91.161790254
v 90.164593082 110.073285628 91.040240546
v 90.193126149 110.058767241 91.166171360
v 90.225804184 110.043130562 91.045185503
v 90.250941109 110.031798635 91.170590325
v 90.288354663 110.016016980 91.050071414
v 90.309922850 110.007492519 91.175060053
v 90.349545125 109.992893462 91.054695883
v 90.369934549 109.985903973 91.179581408
v 90.410274947 109.973096156 91.059149090
v 90.430851719 109.967075384 91.184155169
v 90.474971498 109.955305984 91.063779900
v 90.492583508 109.951035114 91.188784468
v 90.542562377 109.940216657 91.068530320
v 90.554998493 109.937819967 91.193460091
v 90.609798802 109.928637771 91.073203259
v 90.617934954 109.927464342 91.198156986
v 90.676421468 109.920455864 91.077825724
v 90.681260557 109.919987725 91.202851276
v 90.744966648 109.915397032 91.082623007
v 90.749959747 109.915160642 91.207891904
v 90.813708498 109.913708499 91.087524378
v 90.813708499 109.913708499 91.212495999
v 90.870721123 109.914869852 91.216533293
v 90.877449677 109.915160303 91.092158014
v 90.927657821 109.918353506 91.220504872
v 90.946137634 109.919985957 91.097215782
v 90.992711907 109.925199302 91.225007768
v 91.009461966 109.927461563 91.101913814
v 91.059468437 109.935447981 91.229631243
v 91.072396661 109.937815908 91.106602257
v 91.128078329 109.949460832 91.234434047
v 91.134808551 109.951029242 91.111260365
v 91.195848208 109.966871639 91.239270075
v 91.196511418 109.967060052 91.115865203
v 91.257435120 109.985888150 91.120417079
v 91.262641891 109.987639467 91.244154359
v 91.317453625 110.007476908 91.124916870
v 91.328334868 110.011725488 91.249101930
v 91.376442431 110.031783960 91.129365549
v 91.389867706 110.037761570 91.253894007
v 91.434227517 110.058735905 91.133763736
v 91.450141513 110.066730954 91.258750817
v 91.490730333 110.088293648 91.138134412
v 91.508382309 110.098213423 91.263600772
v 91.545843729 110.120402970 91.142502362
v 91.563991631 110.131729133 91.268380089
v 91.599450797 110.154998422 91.146891468
v 91.608026089 110.160860042 91.272269212
v 91.651401769 110.191982021 91.151329947
v 91.653733441 110.193727207 91.276397233
v 91.701609266 110.231288763 91.155847321
v 91.700988659 110.230780099 91.280755339
v 91.749615214 110.272517536 91.285326478
v 91.749985387 110.272850395 91.160453785
v 91.796405684 110.316559431 91.165122325
v 91.797887852 110.318022305 91.289960102
v 91.840802018 110.362352143 91.169820425
v 91.843098317 110.364837274 91.294445251
v 91.883076904 110.410131597 91.174518286
v 91.888577242 110.416681571 91.299172675
v 91.923104900 110.459753179 91.179184402
v 91.929242114 110.467785773 91.303659028
v 91.960840866 110.511157918 91.183811588
v 91.969421993 110.523564821 91.308407384
v 91.996204979 110.564240587 91.188392298
v 92.004204020 110.577012487 91.312848666
v 92.029122138 110.618892197 91.192919060
v 92.036507295 110.631972949 91.317336109
v 92.059506933 110.674970433 91.197384343
v 92.066267603 110.688332060 91.321881448
v 92.087298803 110.732358450 91.201799016
v 92.093459104 110.746048069 91.326493415
v 92.112455717 110.790969782 91.206182704
v 92.117987769 110.804930022 91.331150005
v 92.134923093 110.850683664 91.210552534
v 92.139803984 110.864853576 91.335834132
v 92.154637621 110.911328639 91.214926429
v 92.158867166 110.925703138 91.340529455
v 92.171569805 110.972807526 91.219337613
v 92.175145124 110.987379956 91.345213060
v 92.185686526 111.035003340 91.223816525
v 92.188592215 111.049710825 91.349848677
v 92.196957097 111.097784171 91.228389825
v 92.199183218 111.112562277 91.354404840
v 92.205354107 111.160991451 91.233038594
v 92.206906881 111.175874312 91.358867566
v 92.210865912 111.224539206 91.237729635
v 92.211738502 111.239464930 91.363263924
v 92.213476550 111.288226870 91.242420416
v 92.213669410 111.303243569 91.367631206
v 92.213185098 111.351983774 91.247094343
v 92.212692200 111.367047569 91.372001339
v 92.209989999 111.415677447 91.251740234
v 92.208810135 111.430722004 91.376388605
v 92.203895819 111.479174563 91.256346885
v 92.202033731 111.494135116 91.380805992
v 92.194913291 111.542342003 91.260903159
v 92.192379536 111.557155772 91.385266432
v 92.183059856 111.605044845 91.265398085
v 92.179869941 111.619654496 91.389782750
v 92.168376462 111.667084813 91.269830684
v 92.164514017 111.681573220 91.394369285
v 92.150878253 111.728409829 91.274224849
v 92.146355008 111.742722810 91.399010061
v 92.130599091 111.788891850 91.278598196
v 92.125434532 111.802967951 91.403688611
v 92.107581767 111.848397248 91.282968354
v 92.101798047 111.862183946 91.408389344
v 92.081892802 111.906759243 91.287359586
v 92.075478571 111.920286017 91.413094578
v 92.053569306 111.963897413 91.291806249
v 92.046550264 111.977109721 91.417769353
v 92.022666920 112.019696839 91.296339115
v 92.015057218 112.032569807 91.422376804
v 91.989272641 112.074003798 91.300960184
v 91.981079661 112.086524661 91.426898559
v 91.953425585 112.126755215 91.305637861
v 91.944669649 112.138891439 91.431344871
v 91.915214926 112.177817046 91.310336105
v 91.905899142 112.189562199 91.435745644
v 91.874717803 112.227086428 91.315029007
v 91.864871053 112.238401658 91.440126942
v 91.832008325 112.274471458 91.319696901
v 91.820272657 112.286759723 91.444649918
v 91.787203538 112.319843425 91.324316631
v 91.772069555 112.334269172 91.449907295
v 91.740381519 112.363126100 91.328882007
v 91.743170244 112.360656880 91.452136871
v 91.713594049 112.386185131 91.454993465
v 91.691624583 112.404242084 91.333395077
v 91.663713889 112.426134239 91.459686097
v 91.641031801 112.443104875 91.337856745
v 91.612114254 112.463729526 91.464379317
v 91.588731092 112.479615879 91.342267375
v 91.553547765 112.502252928 91.469512095
v 91.534840352 112.513695568 91.346642601
v 91.493110351 112.537805437 91.474582534
v 91.479437788 112.545294717 91.351009006
v 91.432925484 112.569324050 91.479403996
v 91.422638545 112.574344931 91.355390438
v 91.374277455 112.596581230 91.483902832
v 91.364582205 112.600774296 91.359813157
v 91.312957676 112.621665019 91.488453253
v 91.305408202 112.624521891 91.364309044
v 91.247786291 112.644714323 91.493179364
v 91.245200647 112.645554784 91.368892769
v 91.181500805 112.664533784 91.497920956
v 91.184118396 112.663818319 91.373549029
v 91.122246794 112.679286815 91.378242400
v 91.114987328 112.680906784 91.502648788
v 91.059716281 112.691924800 91.382943316
v 91.049046687 112.693786735 91.507338095
v 90.996712955 112.701696041 91.387618576
v 90.983350733 112.703392433 91.512041576
v 90.927281328 112.709094221 91.392695035
v 90.919644558 112.709694648 91.516638601
v 90.857571069 112.713021243 91.397715673
v 90.851115454 112.713208569 91.521620295
v 90.787711980 112.713467117 91.402673746
v 90.785356908 112.713421337 91.526433732
v 90.720858645 112.710626136 91.531184236
v 90.717881677 112.710425109 91.407562596
v 90.662716233 112.705542353 91.411394624
v 90.652671678 112.704415923 91.536232880
v 90.599479387 112.697220693 91.415778472
v 90.588387103 112.695457487 91.540991546
v 90.536668965 112.686023732 91.420148335
v 90.521187113 112.682807229 91.545933508
v 90.474464338 112.671984561 91.424522113
v 90.459134864 112.668063784 91.550443662
v 90.412964826 112.655127641 91.428932959
v 90.397828726 112.650512363 91.554876199
v 90.352287588 112.635484207 91.433411315
v 90.337389901 112.630188880 91.559260911
v 90.292561372 112.613095151 91.437983969
v 90.277902358 112.607119442 91.563632347
v 90.233937233 112.588018224 91.442632332
v 90.219544301 112.581371332 91.568010841
v 90.176494506 112.560287148 91.447323211
v 90.162436154 112.553000399 91.572414234
v 90.120413821 112.529990704 91.452014111
v 90.106687516 112.522063302 91.576860955
v 90.065756420 112.497164218 91.456688200
v 90.052359406 112.488590409 91.581372798
v 90.012636957 112.461874028 91.461334305
v 89.999624330 112.452684700 91.585942230
v 89.961167703 112.424192176 91.465941230
v 89.948591159 112.414422703 91.590558658
v 89.911457603 112.384195901 91.470497850
v 89.899365420 112.373886119 91.595211365
v 89.863613595 112.341969010 91.474993199
v 89.852048452 112.331161164 91.599889595
v 89.817785473 112.297648251 91.479426116
v 89.806711453 112.286311681 91.604584324
v 89.774010134 112.251273138 91.483820485
v 89.763459536 112.239439082 91.609265037
v 89.732380340 112.202938201 91.488193916
v 89.722402890 112.190664637 91.613894149
v 89.692988956 112.152748306 91.492564034
v 89.683589503 112.140044744 91.618438274
v 89.655945614 112.100846170 91.496955007
v 89.647129595 112.087720469 91.622894396
v 89.621300391 112.047304677 91.501401204
v 89.613095033 112.033797104 91.627291727
v 89.589123631 111.992230349 91.505933400
v 89.581540068 111.978359518 91.631661892
v 89.559503084 111.935776640 91.510553980
v 89.552540089 111.921536080 91.636033639
v 89.532472902 111.878009256 91.515231402
v 89.526166255 111.863467627 91.640424267
v 89.508102573 111.819072878 91.519929646
v 89.505431923 111.812118408 91.644266101
v 89.486441489 111.759087291 91.524622653
v 89.482151467 111.746092465 91.649180532
v 89.467530591 111.698162709 91.529290792
v 89.462214274 111.679034999 91.654163270
v 89.451420562 111.636464840 91.533910933
v 89.445658052 111.611093881 91.659207130
v 89.438137391 111.574101112 91.538476667
v 89.432512697 111.542396467 91.664305217
v 89.427705360 111.511181158 91.542990086
v 89.423530503 111.479253486 91.668991191
v 89.420148210 111.447834337 91.547452095
v 89.417432592 111.415755603 91.673693340
v 89.415485299 111.384220351 91.551863061
v 89.414234046 111.352065609 91.678379659
v 89.413724846 111.320482441 91.556238421
v 89.413939078 111.288299388 91.683020905
v 89.414869145 111.256712342 91.560604794
v 89.416548196 111.224582311 91.687579221
v 89.418918160 111.193043981 91.564986032
v 89.422055233 111.161060967 91.692052594
v 89.425862462 111.129633574 91.569408348
v 89.430455033 111.097815270 91.696460503
v 89.435683064 111.066633105 91.573903664
v 89.441725889 111.035026186 91.700835362
v 89.448365332 111.004131311 91.578486738
v 89.455841240 110.972832266 91.705201825
v 89.463874458 110.942294879 91.583142448
v 89.472769099 110.911363446 91.709583736
v 89.482190066 110.881205689 91.587835639
v 89.492491909 110.850689303 91.714008558
v 89.503275488 110.820996286 91.592536579
v 89.514955494 110.790984087 91.718484427
v 89.527067134 110.761844343 91.597212107
v 89.540108573 110.732379506 91.723011964
v 89.556182405 110.698380764 91.602288774
v 89.567897236 110.674995466 91.727592049
v 89.588423654 110.636451435 91.607309665
v 89.598282730 110.618913424 91.732227660
v 89.623733113 110.576173016 91.612268047
v 89.631193013 110.564270639 91.736904608
v 89.662026289 110.517700864 91.617157247
v 89.666549077 110.511196658 91.741600774
v 89.694409535 110.472774511 91.620989508
v 89.704293047 110.459777967 91.746297043
v 89.735059806 110.421230433 91.625501278
v 89.744331653 110.410141591 91.750962417
v 89.780531045 110.368962846 91.630246154
v 89.786585904 110.362383517 91.755562606
v 89.825769233 110.321752575 91.634733867
v 89.830980942 110.316589086 91.760068349
v 89.875496328 110.274594129 91.639484604
v 89.877407748 110.272871621 91.764496454
v 89.924168622 110.232635447 91.644015102
v 89.925772642 110.231317665 91.768877749
v 89.971526126 110.195348607 91.648353033
v 89.976011318 110.191985041 91.773247066
v 90.026652845 110.155890122 91.653306283
v 90.027974873 110.154992477 91.777624472
v 90.081553597 110.120415040 91.782027617
v 90.084294752 110.118737547 91.658354168
v 90.136642891 110.088317883 91.786474755
v 90.144837253 110.083825943 91.663491864
v 90.193185623 110.058737869 91.790987862
v 90.202340318 110.054252802 91.668221690
v 90.251005062 110.031770667 91.795559269
v 90.260506624 110.027641856 91.672866414
v 90.309979708 110.007470772 91.800177955
v 90.319764202 110.003739452 91.677461186
v 90.369985282 109.985887164 91.804832772
v 90.384059357 109.981266527 91.682296986
v 90.430895722 109.967062915 91.809512529
v 90.446868115 109.962624421 91.686880400
v 90.492610672 109.951028718 91.814207607
v 90.512541637 109.946485522 91.691557659
v 90.555007760 109.937818270 91.818890269
v 90.579551147 109.933429387 91.696245410
v 90.617916936 109.927466939 91.823521100
v 90.637733200 109.924812284 91.700273171
v 90.681263767 109.919987330 91.828067251
v 90.701716009 109.918195009 91.704687570
v 90.749955409 109.915160722 91.832877121
v 90.757665744 109.914830585 91.708567151
v 90.813708493 109.913708499 91.837271320
v 90.813708499 109.913708499 91.712501119
v 90.881385710 109.915345244 91.717350551
v 90.880843099 109.915319075 91.841871208
v 90.947008265 109.920068959 91.722146429
v 90.947788576 109.920143764 91.846473187
v 91.010350242 109.927587283 91.726837574
v 91.012845479 109.927943521 91.850990223
v 91.073264909 109.937979437 91.731535833
v 91.074231561 109.938162156 91.855319745
v 91.135657109 109.951229478 91.736221298
v 91.142537425 109.952873614 91.860245417
v 91.197391559 109.967310594 91.740872775
v 91.205423587 109.969625395 91.864896114
v 91.258290830 109.986174437 91.745469528
v 91.259495221 109.986578404 91.868988837
v 91.318282703 110.007796916 91.750013473
v 91.320405437 110.008619136 91.873709517
v 91.377242874 110.032135596 91.754505374
v 91.381105481 110.033841058 91.878537682
v 91.435048543 110.059142219 91.758946068
v 91.440626626 110.061920305 91.883388469
v 91.491518354 110.088729365 91.763337469
v 91.498196971 110.092448681 91.888176065
v 91.546598697 110.120866480 91.767705985
v 91.553220827 110.124960592 91.892825023
v 91.600172926 110.155488411 91.772075353
v 91.606095785 110.159532265 91.897337516
v 91.652127238 110.192524295 91.776469344
v 91.661443763 110.199551883 91.902124029
v 91.702305430 110.231860148 91.780917938
v 91.708960879 110.237361334 91.906315536
v 91.750645925 110.273444854 91.785447634
v 91.757758939 110.279895710 91.910753820
v 91.797050523 110.317195343 91.790065316
v 91.807576553 110.327693093 91.915481626
v 91.841405177 110.363003728 91.794738601
v 91.852854528 110.375531791 91.920014037
v 91.883641258 110.410799920 91.799436644
v 91.898328506 110.428496923 91.924868441
v 91.923663497 110.460479390 91.804129458
v 91.938921750 110.480704699 91.929524732
v 91.964903052 110.516995764 91.809239481
v 91.978957672 110.537696586 91.934490449
v 92.003252328 110.575477109 91.814296971
v 92.013077838 110.591549797 91.939092138
v 92.038640477 110.635813447 91.819295677
v 92.044731517 110.646938436 91.943747742
v 92.070995477 110.697892405 91.824229253
v 92.073823127 110.703699393 91.948435006
v 92.094363325 110.748090860 91.828082840
v 92.100292723 110.761711186 91.953133042
v 92.118791949 110.806996215 91.832482691
v 92.124100461 110.820887132 91.957821332
v 92.140518689 110.866970557 91.836859608
v 92.145180606 110.881063117 91.962463956
v 92.159495429 110.927887849 91.841231252
v 92.163504902 110.942157789 91.967027848
v 92.175667799 110.989567248 91.845620133
v 92.179025894 111.004016607 91.971498335
v 92.189015691 111.051924531 91.850060142
v 92.191711715 111.066509372 91.975903690
v 92.199511487 111.114836331 91.854580565
v 92.201541376 111.129534878 91.980276712
v 92.207534853 111.182376507 91.859505702
v 92.208490941 111.192952281 91.984647160
v 92.212107472 111.246773377 91.864243446
v 92.212543362 111.256601917 91.989032874
v 92.213708020 111.314858578 91.869266173
v 92.213692751 111.320351339 91.993451485
v 92.212182507 111.379056173 91.873990251
v 92.211936402 111.384126647 91.997925309
v 92.207603656 111.444307402 91.878775569
v 92.207275560 111.447763353 92.002463425
v 92.199721910 111.511107940 92.007055395
v 92.199581269 111.512093220 91.883727023
v 92.189293242 111.574028169 92.011690130
v 92.189125835 111.574911682 91.888295372
v 92.176013452 111.636392667 92.016356450
v 92.175275657 111.639491976 91.892969010
v 92.159912315 111.698071965 92.021043165
v 92.157247047 111.707287295 91.897859805
v 92.141007795 111.758991078 92.025739129
v 92.135853886 111.774068900 91.902694827
v 92.119353298 111.818972446 92.030404875
v 92.111136892 111.839711904 91.907499044
v 92.094989244 111.877906809 92.035006036
v 92.083378182 111.903571954 91.912260505
v 92.067962419 111.935679411 92.039512419
v 92.054637415 111.961856187 91.916729831
v 92.038337567 111.992151059 92.043941686
v 92.024003561 112.017403019 91.921153046
v 92.006175005 112.047209466 92.048323783
v 91.989147188 112.074197858 91.925892219
v 91.971516506 112.100779452 92.052692772
v 91.950377805 112.131010701 91.930873167
v 91.934462833 112.152701866 92.057070263
v 91.910718788 112.183517983 91.935692705
v 91.895094329 112.202868090 92.061473364
v 91.867710436 112.235163927 91.940633534
v 91.859088539 112.244933808 92.065331562
v 91.822482544 112.284468532 91.945544796
v 91.811312338 112.295944028 92.070264288
v 91.797617820 112.309661555 91.948131185
v 91.761090488 112.344469125 92.075262209
v 91.772079271 112.334260048 91.950091393
v 91.724658355 112.376803246 91.955076187
v 91.708521090 112.390421321 92.080318523
v 91.671328350 112.420274514 91.959807523
v 91.653701286 112.433713911 92.085426485
v 91.620035148 112.458189798 91.964188691
v 91.601805414 112.470818374 92.090123075
v 91.567054403 112.493738142 91.968589026
v 91.548284661 112.505512964 92.094822096
v 91.512525816 112.526826218 91.973034440
v 91.493257468 112.537723696 92.099493480
v 91.456565001 112.557386852 91.977555020
v 91.436806331 112.567402769 92.104105392
v 91.399256286 112.585374252 91.982161114
v 91.379073910 112.594474787 92.108628293
v 91.340746091 112.610717125 91.986835161
v 91.320169387 112.618889471 92.113071054
v 91.281122022 112.633376866 91.991540165
v 91.260177973 112.640609054 92.117462362
v 91.220549219 112.653290758 91.996241440
v 91.199274790 112.659568357 92.121830992
v 91.152959048 112.671982795 92.001384726
v 91.137588419 112.675729742 92.126200790
v 91.084505352 112.687269224 92.006480393
v 91.075244947 112.689062521 92.130595836
v 91.020842493 112.698300710 92.011113387
v 91.012310964 112.699550183 92.135041202
v 90.957603407 112.706294119 92.015618147
v 90.948981870 112.707157927 92.139537658
v 90.894048352 112.711401674 92.020069493
v 90.885388484 112.711872332 92.144086141
v 90.830308277 112.713610316 92.024480116
v 90.821661886 112.713685909 92.148687491
v 90.766515194 112.712912958 92.028862799
v 90.757875800 112.712594734 92.153342818
v 90.702801118 112.709308571 92.033230382
v 90.694219015 112.708599981 92.158029953
v 90.639348187 112.702808379 92.037598982
v 90.630826714 112.701712192 92.162727988
v 90.576264724 112.693426025 92.042005881
v 90.567793816 112.691941413 92.167416455
v 90.513676038 112.681180811 92.046486265
v 90.505294859 112.679314967 92.172059487
v 90.451740697 112.666106116 92.051060738
v 90.443414670 112.663850245 92.176624000
v 90.390530515 112.648219793 92.055708036
v 90.382309724 112.645585277 92.181095004
v 90.330176876 112.627556728 92.060397144
v 90.322108495 112.624559257 92.185500670
v 90.270859782 112.604179438 92.065091062
v 90.262908993 112.600805978 92.189873783
v 90.212653760 112.578118701 92.069770970
v 90.204843848 112.574376560 92.194244190
v 90.155681624 112.549427163 92.074419971
v 90.148059379 112.545338064 92.198629744
v 90.100065522 112.518164271 92.079021047
v 90.092672450 112.513753102 92.203048084
v 90.040760567 112.480992396 92.083999292
v 90.038748328 112.479657348 92.207521501
v 89.986427020 112.443135439 92.212059270
v 89.983417140 112.440924789 92.088909385
v 89.935834906 112.404276089 92.216650962
v 89.928140947 112.398037912 92.093765733
v 89.887076571 112.363162157 92.221285479
v 89.875037793 112.352408314 92.098582740
v 89.840252741 112.319881318 92.225951625
v 89.826819468 112.306709029 92.103131853
v 89.795459506 112.274525327 92.230638199
v 89.782618008 112.260731417 92.107509509
v 89.752752460 112.227148306 92.235334162
v 89.740547484 112.212777705 92.111927275
v 89.712256238 112.177886093 92.240000227
v 89.700733817 112.162994974 92.116418157
v 89.674044951 112.126830307 92.244601912
v 89.663217596 112.111437009 92.120996757
v 89.638192493 112.074078687 92.249108903
v 89.628079545 112.058211017 92.125648950
v 89.604785827 112.019758519 92.253538553
v 89.595411559 112.003456778 92.130337207
v 89.573890657 111.963979026 92.257920838
v 89.565262474 111.947256182 92.135036082
v 89.545550276 111.906814550 92.262289841
v 89.537697510 111.889725864 92.139721811
v 89.519849959 111.848432937 92.266667212
v 89.512778981 111.830992180 92.144370211
v 89.496842052 111.788958803 92.271070081
v 89.490577226 111.771227656 92.148962123
v 89.476571855 111.728516402 92.275515528
v 89.471114997 111.710499222 92.153501258
v 89.459060762 111.667162266 92.280023406
v 89.454434516 111.648931297 92.157988448
v 89.444366507 111.605089024 92.284587595
v 89.440572668 111.586651701 92.162424594
v 89.432517547 111.542425874 92.289200672
v 89.429568905 111.523845648 92.166814971
v 89.423536410 111.479303133 92.293855120
v 89.421434357 111.460585113 92.171184596
v 89.417436346 111.415806895 92.298545535
v 89.416188597 111.397003896 92.175554591
v 89.414234992 111.352100239 92.303246857
v 89.413845281 111.333278012 92.179947881
v 89.413938466 111.288334024 92.307928089
v 89.414406669 111.269500048 92.184399796
v 89.416546230 111.224614674 92.312559482
v 89.417869562 111.205849041 92.188940656
v 89.422052500 111.161084907 92.317104751
v 89.425023720 111.136072406 92.194033469
v 89.430444809 111.097880808 92.321566681
v 89.435664855 111.066735391 92.199185765
v 89.441714913 111.035080337 92.325967893
v 89.449766376 110.998015823 92.204353420
v 89.455831309 110.972871800 92.330340022
v 89.466266535 110.933708345 92.209228548
v 89.472761875 110.911387433 92.334707213
v 89.484974609 110.872725242 92.213880393
v 89.492468731 110.850755498 92.339093345
v 89.506445506 110.812646154 92.218484580
v 89.514933690 110.791038361 92.343525710
v 89.530605006 110.753667653 92.223020306
v 89.540090186 110.732419776 92.348008989
v 89.557431256 110.695834596 92.227499018
v 89.567883137 110.675022878 92.352544048
v 89.586871353 110.639266964 92.231932875
v 89.598253265 110.618964950 92.357131806
v 89.618866556 110.584083057 92.236334147
v 89.631162734 110.564318408 92.361775072
v 89.653352674 110.530398522 92.240715169
v 89.666524370 110.511231984 92.366456045
v 89.693520125 110.473959724 92.245462701
v 89.704257510 110.459824138 92.371153254
v 89.734193907 110.422278053 92.249995003
v 89.744303744 110.410174622 92.375847466
v 89.779681897 110.369892316 92.254845238
v 89.786557124 110.362414617 92.380505372
v 89.824924647 110.322594735 92.259522489
v 89.830946789 110.316622977 92.385093349
v 89.874664345 110.275346291 92.264512971
v 89.877378668 110.272897715 92.389585929
v 89.923352160 110.233307837 92.269239723
v 89.925746089 110.231339244 92.394005411
v 89.970714469 110.195960291 92.273683411
v 89.975951828 110.192029507 92.398382550
v 90.016516970 110.162845501 92.277837259
v 90.027926712 110.155025160 92.402751903
v 90.060633571 110.133505918 92.281711763
v 90.081517813 110.120436968 92.407131961
v 90.116396282 110.099725109 92.286440025
v 90.136612366 110.088334723 92.411540302
v 90.174853756 110.067969882 92.291203536
v 90.193120094 110.058770242 92.415996590
v 90.237784300 110.037655366 92.296135698
v 90.250948571 110.031795406 92.420518520
v 90.302133634 110.010523391 92.301006529
v 90.309933327 110.007488629 92.425097162
v 90.367782510 109.986625204 92.305830868
v 90.369950433 109.985898832 92.429721574
v 90.430873555 109.967069258 92.434380699
v 90.434592111 109.966017596 92.310623674
v 90.492574974 109.951037139 92.439063447
v 90.501322598 109.949005213 92.315339735
v 90.554968393 109.937825671 92.443760315
v 90.563814839 109.936191471 92.319736220
v 90.617898291 109.927469573 92.448437575
v 90.630848236 109.925701935 92.324479405
v 90.681210620 109.919992490 92.453058178
v 90.697303915 109.918556135 92.329249924
v 90.749947053 109.915161181 92.457950632
v 90.755461316 109.914920715 92.333479514
v 90.813708499 109.913708499 92.462392317
v 90.813708499 109.913708499 92.337754562
v 90.877461604 109.915160836 92.342452079
v 90.881310427 109.915341597 92.467043989
v 90.946160866 109.919988154 92.347518629
v 90.948781668 109.920239700 92.471676452
v 91.009523354 109.927470228 92.352183547
v 91.014321366 109.928156399 92.476206168
v 91.072433454 109.937822786 92.356796878
v 91.080451805 109.939354797 92.480837510
v 91.134815288 109.951030760 92.361356813
v 91.147022643 109.953965258 92.485593969
v 91.196546701 109.967070074 92.365864545
v 91.210757968 109.971191544 92.490266235
v 91.257499839 109.985909849 92.370320878
v 91.265515388 109.988615815 92.494382506
v 91.317514158 110.007500291 92.374727209
v 91.327145598 110.011256036 92.499134728
v 91.376477867 110.031799503 92.379102760
v 91.388509205 110.037148995 92.503999911
v 91.434290056 110.058766854 92.383470409
v 91.448694262 110.065993352 92.508909862
v 91.490801307 110.088332914 92.387850926
v 91.506845249 110.097336237 92.513778998
v 91.545905953 110.120441184 92.392276242
v 91.562347348 110.130686983 92.518525880
v 91.599486037 110.155022320 92.396780525
v 91.606300795 110.159673203 92.522343179
v 91.651417641 110.191994012 92.401376843
v 91.651971650 110.192407964 92.526353485
v 91.701632733 110.231308133 92.406039647
v 91.699181805 110.229302197 92.530551217
v 91.747736735 110.270832063 92.534964003
v 91.750019411 110.272881004 92.410735922
v 91.796439181 110.316592469 92.415430062
v 91.797394118 110.317534515 92.539634621
v 91.840831480 110.362383977 92.420105930
v 91.842601774 110.364298847 92.544089610
v 91.883101745 110.410161003 92.424746637
v 91.888045344 110.416044507 92.548834548
v 91.923151758 110.459814060 92.429333982
v 91.928707557 110.467081390 92.553369368
v 91.960868165 110.511196735 92.433853181
v 91.968920659 110.522832372 92.558199174
v 91.996216029 110.564257588 92.438318639
v 92.003723402 110.576236783 92.562736573
v 92.029120395 110.618888624 92.442742541
v 92.036086698 110.631219283 92.567339191
v 92.059510921 110.674977900 92.447137169
v 92.065905248 110.687606846 92.571989109
v 92.087322483 110.732410391 92.451514865
v 92.093118260 110.745280267 92.576670285
v 92.112487178 110.791048054 92.455889229
v 92.117676191 110.804131952 92.581367678
v 92.134942032 110.850737714 92.460291602
v 92.139535459 110.864061005 92.586058789
v 92.154657671 110.911396037 92.464759014
v 92.158635674 110.924901486 92.590708230
v 92.171578927 110.972845034 92.469318491
v 92.174939375 110.986522765 92.595284738
v 92.185691297 111.035027320 92.473957022
v 92.188428031 111.048857209 92.599768206
v 92.196961320 111.097811223 92.478643038
v 92.199063705 111.111740807 92.604180144
v 92.205358894 111.161035092 92.483341878
v 92.206825803 111.175057164 92.608555682
v 92.210867594 111.224565712 92.488027157
v 92.211697098 111.238687006 92.612931093
v 92.213477845 111.288296639 92.492684202
v 92.213663499 111.302453856 92.617321562
v 92.213182157 111.352094429 92.497296738
v 92.212723392 111.366225677 92.621739316
v 92.209983476 111.415768863 92.501846504
v 92.208881218 111.429870309 92.626196527
v 92.203156117 111.485276608 92.506764697
v 92.202147412 111.493256517 92.630705281
v 92.192871906 111.554350416 92.511624594
v 92.192528838 111.556307900 92.635280286
v 92.179147760 111.622861614 92.516441042
v 92.180045604 111.618868924 92.639912656
v 92.164729143 111.680782317 92.644583250
v 92.162011314 111.690642878 92.521229570
v 92.146613581 111.741918772 92.649275282
v 92.142603873 111.754204917 92.525783905
v 92.125723618 111.802192199 92.653973581
v 92.121159005 111.814281345 92.530188482
v 92.102114496 111.861440170 92.658644978
v 92.097007297 111.873301490 92.534659438
v 92.075842533 111.919528340 92.663255938
v 92.070198390 111.931149417 92.539218398
v 92.046950272 111.976365823 92.667777573
v 92.040773584 111.987734671 92.543855913
v 92.015490098 112.031845661 92.672214907
v 92.008814467 112.042901085 92.548538045
v 91.981542594 112.085824765 92.676600395
v 91.974366863 112.096570117 92.553236360
v 91.945154979 112.138225869 92.680968888
v 91.937500881 112.148628109 92.557927013
v 91.906429123 112.188900860 92.685341462
v 91.898292637 112.198963971 92.562586071
v 91.865445595 112.237748044 92.689739382
v 91.856866606 112.247422204 92.567190004
v 91.822253427 112.284706563 92.694186338
v 91.813266628 112.293955274 92.571741138
v 91.776979260 112.329636465 92.698684600
v 91.767580830 112.338465881 92.576240199
v 91.729718030 112.372446739 92.703234926
v 91.719901811 112.380860636 92.580688010
v 91.680568523 112.413050895 92.707837976
v 91.670369184 112.421017174 92.585086723
v 91.629579379 112.451405637 92.712496254
v 91.619049544 112.458883522 92.589459486
v 91.576907383 112.487389722 92.717186625
v 91.566043394 112.494382970 92.593827889
v 91.522665283 112.520928604 92.721885058
v 91.511499593 112.527416694 92.598212864
v 91.466967928 112.551954082 92.726567638
v 91.455498135 112.557937602 92.602649049
v 91.409894935 112.580421515 92.731206294
v 91.398180301 112.585869147 92.607169072
v 91.351603106 112.606252316 92.735766570
v 91.339658220 112.611158647 92.611778790
v 91.292185867 112.629405808 92.740238895
v 91.280021256 112.633766229 92.616449552
v 91.231756303 112.649835755 92.744644295
v 91.219404866 112.653637771 92.621147646
v 91.170472872 112.667488093 92.749015286
v 91.157971907 112.670720906 92.625839905
v 91.108447787 112.682331441 92.753381755
v 91.095809244 112.684992254 92.630511066
v 91.045783224 112.694339335 92.757773140
v 91.033046765 112.696419865 92.635144238
v 90.982655273 112.703477290 92.762199455
v 90.969842311 112.704974951 92.639720114
v 90.919194590 112.709728879 92.766669662
v 90.906352398 112.710639995 92.644229449
v 90.855532213 112.713083646 92.771192636
v 90.842652810 112.713409531 92.648687075
v 90.791737841 112.713536090 92.775779855
v 90.778874927 112.713275336 92.653105204
v 90.727994276 112.711082124 92.780419331
v 90.715150992 112.710235193 92.657496138
v 90.664443386 112.705728580 92.785094214
v 90.651613050 112.704292943 92.661872233
v 90.601218039 112.697488757 92.789788182
v 90.588429127 112.695464339 92.666248217
v 90.538398884 112.686371828 92.794484864
v 90.525734623 112.683770922 92.670659177
v 90.476171484 112.672409629 92.799148219
v 90.463635165 112.669233734 92.675140998
v 90.414669320 112.655635373 92.803746351
v 90.402297871 112.651894321 92.679715897
v 90.353977958 112.636072983 92.808253064
v 90.341788145 112.631771918 92.684364602
v 90.294228660 112.613762610 92.812679933
v 90.282236047 112.608906180 92.689055479
v 90.235565076 112.588757589 92.817060440
v 90.223809023 112.583361442 92.693752641
v 90.178056384 112.561084411 92.821434671
v 90.166601797 112.555180565 92.698434336
v 90.121885173 112.530828515 92.825820344
v 90.110724153 112.524416142 92.703085070
v 90.067166417 112.498054603 92.830229829
v 90.056294438 112.491131083 92.707688535
v 90.014012312 112.462832774 92.834675452
v 90.003481895 112.455432202 92.712227411
v 89.962531392 112.425237959 92.839169461
v 89.952335913 112.417355893 92.716711096
v 89.912810748 112.385334946 92.843725462
v 89.902963208 112.376978574 92.721148469
v 89.864924757 112.343178939 92.848345345
v 89.855467270 112.334381702 92.725548504
v 89.819018990 112.298895153 92.853007819
v 89.809962709 112.289666692 92.729920392
v 89.775188320 112.252577940 92.857696001
v 89.766560278 112.242945076 92.734286945
v 89.733505360 112.204304467 92.862394650
v 89.725320882 112.194283537 92.738680117
v 89.694061063 112.154178377 92.867076413
v 89.686341519 112.143795099 92.743130656
v 89.656954756 112.102328039 92.871706017
v 89.649719536 112.091609432 92.747667428
v 89.622258043 112.048858695 92.876251604
v 89.615500933 112.037793185 92.752286254
v 89.590011277 111.993829887 92.880707454
v 89.583776824 111.982489592 92.756960720
v 89.560309340 111.937399567 92.885103112
v 89.554598252 111.925788179 92.761657175
v 89.533196959 111.879650385 92.889473884
v 89.528025252 111.867801173 92.766352092
v 89.508748879 111.820739492 92.893843358
v 89.504115566 111.808649255 92.771021564
v 89.487015362 111.760793865 92.898232549
v 89.482936821 111.748503652 92.775640339
v 89.468022985 111.699882779 92.902666489
v 89.464519299 111.687458001 92.780204955
v 89.451828991 111.638184064 92.907151482
v 89.448896930 111.625621192 92.784717312
v 89.438465449 111.575828137 92.911688333
v 89.436104117 111.563120174 92.789178173
v 89.427957706 111.512943947 92.916277795
v 89.426173390 111.500112205 92.793588665
v 89.420319642 111.449603814 92.920923621
v 89.419124076 111.436730142 92.797965968
v 89.415575441 111.385986385 92.925608039
v 89.414967754 111.373074579 92.802333482
v 89.413734420 111.322235223 92.930306630
v 89.413715428 111.309304321 92.806711908
v 89.414798110 111.258483998 92.934995530
v 89.415368624 111.245549927 92.811131877
v 89.418764756 111.194830255 92.939649810
v 89.419923469 111.181938662 92.815627999
v 89.425624500 111.131436798 92.944231483
v 89.427366519 111.118629253 92.820216888
v 89.435360609 111.068439068 92.948725470
v 89.437688647 111.055698101 92.824875085
v 89.447964589 111.005904047 92.953144283
v 89.450870835 110.993281437 92.829569917
v 89.464318420 110.940685142 92.957758176
v 89.466873477 110.931562718 92.834264871
v 89.484625874 110.873777396 92.962544445
v 89.485674736 110.870621272 92.838943009
v 89.507237238 110.810585419 92.843587485
v 89.508240893 110.807986722 92.967353648
v 89.531514462 110.751588862 92.848180666
v 89.535090938 110.743500254 92.972202787
v 89.558428274 110.693811778 92.852705356
v 89.565122657 110.680436379 92.977106720
v 89.587952300 110.637304448 92.857175231
v 89.598282695 110.618913482 92.982080304
v 89.620027941 110.582184432 92.861602412
v 89.631199540 110.564260335 92.986684005
v 89.654590899 110.528567199 92.865999123
v 89.666564389 110.511174783 92.991334889
v 89.694749858 110.472321772 92.870740909
v 89.704301331 110.459767211 92.996016670
v 89.735442242 110.420768481 92.875243455
v 89.744337691 110.410134443 93.000713910
v 89.780928995 110.368527832 92.880029045
v 89.786608404 110.362359251 93.005404668
v 89.826182960 110.321340971 92.884619491
v 89.830995025 110.316575495 93.010053122
v 89.875920505 110.274211660 92.889537798
v 89.877400494 110.272878388 93.014627661
v 89.924576294 110.232300195 92.894221789
v 89.925775837 110.231315048 93.019109127
v 89.971902421 110.195065335 92.898650431
v 89.975991756 110.191999689 93.023519869
v 90.017691847 110.162032555 92.902809918
v 90.027964377 110.154999647 93.027895768
v 90.061776041 110.132777698 92.906697938
v 90.081583434 110.120396604 93.032271869
v 90.117469503 110.099109287 92.911453704
v 90.136707217 110.088282053 93.036662883
v 90.175849906 110.067459561 92.916259441
v 90.193220366 110.058720361 93.041081160
v 90.236268770 110.038340499 92.921047244
v 90.251004552 110.031770606 93.045538992
v 90.297870102 110.012205055 92.925758400
v 90.309939439 110.007486144 93.050048585
v 90.358001536 109.989951841 92.930222585
v 90.369955701 109.985896972 93.054624766
v 90.424309038 109.968952628 92.935023557
v 90.430905539 109.967060118 93.059258127
v 90.486855328 109.952397726 92.939462869
v 90.492636087 109.951022741 93.063929405
v 90.552180025 109.938352961 92.944038812
v 90.555017378 109.937816461 93.068621715
v 90.615239119 109.927847790 92.948442303
v 90.617961799 109.927460603 93.073319783
v 90.680120940 109.920096514 92.953002987
v 90.681300235 109.919983975 93.077990355
v 90.746846603 109.915306018 92.957771241
v 90.749958882 109.915160685 93.082963274
v 90.813708536 109.913708499 92.962626892
v 90.813708501 109.913708499 93.087475331
v 90.865090603 109.914651718 93.091050044
v 90.877475842 109.915161500 92.967309897
v 90.916406668 109.917480335 93.094590044
v 90.946154121 109.919987565 92.972380206
v 90.986037051 109.924355090 93.099383786
v 91.009494174 109.927466150 92.977068491
v 91.049233256 109.933662078 93.103760538
v 91.072442557 109.937824544 92.981728840
v 91.116647495 109.946877140 93.108493262
v 91.134851101 109.951039239 92.986339029
v 91.182696831 109.963209437 93.113231253
v 91.196531068 109.967065448 92.990877169
v 91.233835954 109.978233636 93.116984372
v 91.257434126 109.985887462 92.995358027
v 91.291521927 109.997769868 93.121318397
v 91.317434365 110.007469005 92.999794706
v 91.356357073 110.023153370 93.126333350
v 91.376406460 110.031767685 93.004200427
v 91.415580012 110.049686847 93.131064017
v 91.434226715 110.058735212 93.008588483
v 91.478045219 110.081370530 93.136211464
v 91.490774060 110.088317768 93.012972198
v 91.538254168 110.115779589 93.141320421
v 91.545924830 110.120452766 93.017365464
v 91.595585251 110.152386517 93.146314124
v 91.599503189 110.155033955 93.021799258
v 91.650467488 110.191284983 93.151196792
v 91.651453552 110.192020829 93.026316167
v 91.701603594 110.231284188 93.155825688
v 91.701644064 110.231317419 93.030922479
v 91.750013137 110.272875351 93.035592371
v 91.754336928 110.276781229 93.160689906
v 91.796455351 110.316608390 93.040292630
v 91.802671014 110.322773004 93.165284327
v 91.840852540 110.362406689 93.044987872
v 91.848873267 110.371140779 93.169863798
v 91.883099485 110.410158299 93.049652961
v 91.894627423 110.423981375 93.174657154
v 91.923137869 110.459796016 93.054281377
v 91.937654832 110.478996022 93.179483248
v 91.960882851 110.511217968 93.058864163
v 91.975508395 110.532541884 93.184059072
v 91.996254276 110.564318420 93.063392449
v 92.013016912 110.591448566 93.188990975
v 92.029157829 110.618954597 93.067857815
v 92.044666861 110.646819070 93.193557319
v 92.059532107 110.675019466 93.072272883
v 92.073769767 110.703589182 93.198182038
v 92.087329748 110.732426286 93.076656889
v 92.100250554 110.761612931 93.202847363
v 92.112490753 110.791056936 93.081026704
v 92.124055619 110.820767913 93.207537008
v 92.134941946 110.850736898 93.085400232
v 92.145150208 110.880969578 93.212236464
v 92.154653690 110.911381677 93.089811366
v 92.163478306 110.942061535 93.216913968
v 92.171585535 110.972870895 93.094289735
v 92.178999376 111.003900781 93.221536379
v 92.185701109 111.035075625 93.098862199
v 92.191686108 111.066367217 93.226073095
v 92.196964952 111.097834504 93.103510506
v 92.201521664 111.129386459 93.230521713
v 92.205362162 111.161064853 93.108201393
v 92.208475676 111.192776618 93.234913355
v 92.210867987 111.224572090 93.112893411
v 92.212537842 111.256466751 93.239286787
v 92.213477396 111.288275613 93.117567726
v 92.213693345 111.320263770 93.243667446
v 92.213183339 111.352048005 93.122213666
v 92.211941612 111.384028647 93.248068011
v 92.209984315 111.415755967 93.126820198
v 92.207288746 111.447629264 93.252500808
v 92.203884980 111.479266099 93.131376353
v 92.199746884 111.510934082 93.256978095
v 92.194896660 111.542442559 93.135871320
v 92.189334018 111.573813176 93.261512024
v 92.183051017 111.605086569 93.140304222
v 92.176055298 111.636216150 93.266114501
v 92.168360924 111.667144419 93.144698652
v 92.159950471 111.697938267 93.270765185
v 92.150854384 111.728486669 93.149072116
v 92.141055641 111.758848413 93.275446967
v 92.130568349 111.788977097 93.153442144
v 92.119412420 111.818819646 93.280142953
v 92.107561276 111.848447344 93.157833236
v 92.095047318 111.877774832 93.284834456
v 92.081866707 111.906814924 93.162279530
v 92.068032261 111.935537975 93.289484225
v 92.053534942 111.963962597 93.166811636
v 92.038428062 111.991987197 93.294059712
v 92.022646256 112.019732220 93.171432230
v 92.006265290 112.047062640 93.298542053
v 91.989236605 112.074059517 93.176109640
v 91.971630328 112.100611946 93.302953358
v 91.953387650 112.126808384 93.180808036
v 91.934583046 112.152541175 93.307328768
v 91.915174293 112.177868837 93.185500967
v 91.895209752 112.202727667 93.311696376
v 91.874665157 112.227147588 93.190169027
v 91.853603563 112.251054897 93.316076972
v 91.831969994 112.274512123 93.194789238
v 91.809822437 112.297454937 93.320494876
v 91.787165849 112.319879943 93.199354884
v 91.763973407 112.341811980 93.324963505
v 91.740330238 112.363171365 93.203868196
v 91.716164234 112.384023325 93.329483742
v 91.691558190 112.404295470 93.208330159
v 91.666494978 112.424003633 93.334056369
v 91.640971610 112.443148972 93.212741219
v 91.615041279 112.461691856 93.338684405
v 91.588687423 112.479644938 93.217116536
v 91.561908400 112.497007711 93.343359309
v 91.534780133 112.513731749 93.221482864
v 91.507235550 112.529858315 93.348055997
v 91.479361662 112.545335830 93.225864118
v 91.451138532 112.560176713 93.352750594
v 91.422566823 112.574379643 93.230286506
v 91.393718842 112.587909435 93.357419851
v 91.364534746 112.600794662 93.234781976
v 91.335092145 112.613000331 93.362026961
v 91.305346775 112.624544799 93.239365107
v 91.275402138 112.635388877 93.366550149
v 91.245160626 112.645567755 93.244020909
v 91.214717314 112.655048104 93.370989292
v 91.184057195 112.663835108 93.248714101
v 91.153206096 112.671921072 93.375376314
v 91.122166754 112.679304891 93.253415070
v 91.088380706 112.686499518 93.379924249
v 91.059670505 112.691932987 93.258090860
v 91.019395221 112.698516454 93.384728625
v 90.996658806 112.701703198 93.262728963
v 90.949951231 112.707063518 93.389567174
v 90.933252441 112.708595354 93.267322533
v 90.880187035 112.712129345 93.394454896
v 90.869582744 112.712593088 93.271864109
v 90.810232693 112.713704201 93.399406824
v 90.805794507 112.713686139 93.276346071
v 90.746463195 112.712092590 93.403984631
v 90.742061778 112.711874039 93.280771675
v 90.682830628 112.707577561 93.408617448
v 90.678459031 112.707160223 93.285161813
v 90.619484286 112.700170520 93.413288150
v 90.615118533 112.699551941 93.289533612
v 90.556556556 112.689889038 93.417980550
v 90.552196404 112.689067251 93.293904397
v 90.494129967 112.676745388 93.422679343
v 90.489840015 112.675732729 93.298302793
v 90.432383259 112.660776077 93.427349775
v 90.428147394 112.659569966 93.302761083
v 90.371451720 112.642019059 93.431960207
v 90.367243004 112.640610365 93.307308902
v 90.311437530 112.620507594 93.436482136
v 90.307294821 112.618907787 93.311940963
v 90.252438512 112.596274675 93.440920159
v 90.248373986 112.594488296 93.316624261
v 90.194615623 112.569385213 93.445307001
v 90.190643559 112.567419002 93.321319012
v 90.138032811 112.539866127 93.449681352
v 90.134212886 112.537753226 93.325998410
v 90.082866672 112.507806802 93.454066162
v 90.079177344 112.505540563 93.330652724
v 90.029233929 112.473277541 93.458473553
v 90.025652992 112.470846468 93.335270741
v 89.977244399 112.436351989 93.462915439
v 89.973753038 112.433741867 93.339841289
v 89.927004213 112.397108591 93.467403662
v 89.923586932 112.394302593 93.344353329
v 89.878614647 112.355629556 93.471949991
v 89.875312714 112.352656733 93.348799374
v 89.832115850 112.311944867 93.476562751
v 89.828976026 112.308847738 93.353201901
v 89.787665090 112.266197279 93.481219878
v 89.784669685 112.262960415 93.357578989
v 89.745354202 112.218484203 93.485904287
v 89.742487888 112.215088779 93.361948297
v 89.705262538 112.168897105 93.490599725
v 89.702555200 112.165376777 93.366330107
v 89.667458137 112.117518246 93.495282845
v 89.664924154 112.113892912 93.370759262
v 89.632046167 112.064490849 93.499917505
v 89.629670989 112.060739433 93.375266603
v 89.599099120 112.009929770 93.504472243
v 89.596882844 112.006048966 93.379868164
v 89.568649182 111.953886047 93.508933701
v 89.566616166 111.949916571 93.384534368
v 89.540786736 111.896520804 93.513329320
v 89.538932233 111.892453231 93.389230822
v 89.515552513 111.837913713 93.517696487
v 89.513898757 111.833799470 93.393926840
v 89.493014066 111.778215412 93.522066781
v 89.491557136 111.774051598 93.398603293
v 89.473224801 111.717570102 93.526454401
v 89.471961626 111.713352557 93.403237987
v 89.456223360 111.656104191 93.530872338
v 89.455157176 111.651848224 93.407817193
v 89.442042541 111.593945712 93.535333518
v 89.441167343 111.589626879 93.412343873
v 89.430709095 111.531223292 93.539850769
v 89.430023157 111.526816281 93.416818902
v 89.422235848 111.467993501 93.544438290
v 89.421751002 111.463556231 93.421242875
v 89.416652295 111.404449667 93.549079746
v 89.416371973 111.400026129 93.425624343
v 89.413969338 111.340732197 93.553758742
v 89.413890723 111.336298526 93.429990756
v 89.414190560 111.276972442 93.558459784
v 89.414314889 111.272507029 93.434365953
v 89.417316396 111.213264015 93.563164805
v 89.417645140 111.208793363 93.438774658
v 89.423338274 111.149785839 93.567838883
v 89.423869710 111.145338280 93.443249327
v 89.432246549 111.086633161 93.572445067
v 89.432979046 111.082221506 93.447809030
v 89.444018663 111.023967225 93.576965529
v 89.444952153 111.019589345 93.452451095
v 89.458636737 110.961883930 93.581410895
v 89.459765883 110.957563288 93.457137609
v 89.476073258 110.900511128 93.585811189
v 89.477394701 110.896257381 93.461839412
v 89.496282353 110.840011863 93.590192374
v 89.497793822 110.835829234 93.466524552
v 89.521146152 110.775858463 93.594923762
v 89.523265046 110.770794337 93.471614274
v 89.546953225 110.717611966 93.599911966
v 89.551941952 110.707123573 93.476649769
v 89.565707287 110.679285204 93.602859168
v 89.583772080 110.644936169 93.481624284
v 89.585599008 110.641587333 93.605916931
v 89.618691345 110.584370416 93.486530774
v 89.620567371 110.581305788 93.610917400
v 89.648469600 110.537681155 93.490372048
v 89.656604432 110.525603439 93.615669351
v 89.688516120 110.480676548 93.495166509
v 89.693959041 110.473374785 93.620251299
v 89.729129993 110.428446123 93.499699481
v 89.733308514 110.423351407 93.624766985
v 89.774609399 110.375479584 93.504486324
v 89.778221687 110.371494584 93.629595699
v 89.819878051 110.327654826 93.509040341
v 89.823262335 110.324255924 93.634177755
v 89.869711201 110.279847132 93.513893060
v 89.871579567 110.278144401 93.638883588
v 89.918544348 110.237287977 93.518545124
v 89.924239633 110.232577147 93.643810804
v 89.969930584 110.196551918 93.523331750
v 89.979177179 110.189627812 93.648768238
v 90.025128537 110.156927776 93.528331731
v 90.035653019 110.149822909 93.653705606
v 90.082805411 110.119647971 93.533382465
v 90.092931835 110.113508099 93.658578639
v 90.143394244 110.084611875 93.538504674
v 90.140736077 110.086065246 93.662535262
v 90.192796892 110.058930404 93.666723538
v 90.200978249 110.054914885 93.543210999
v 90.249465097 110.032448209 93.671162787
v 90.259262115 110.028177840 93.547823749
v 90.298032285 110.012141691 93.674885049
v 90.318675716 110.004150355 93.552377883
v 90.363896292 109.987938119 93.679835186
v 90.383148067 109.981560698 93.557161819
v 90.427781378 109.967952582 93.684552984
v 90.435508619 109.965760063 93.560949378
v 90.489212409 109.951834141 93.689033175
v 90.503124145 109.948594044 93.565745512
v 90.554729827 109.937870572 93.693771133
v 90.565256773 109.935930669 93.570088833
v 90.617151367 109.927575282 93.698265638
v 90.626950544 109.926220922 93.574371630
v 90.680518500 109.920058470 93.702826969
v 90.694800565 109.918767084 93.579092819
v 90.749608251 109.915176722 93.707801104
v 90.754186990 109.914974282 93.583271437
v 90.813708499 109.913708499 93.712416748
v 90.813708496 109.913708499 93.587534493
v 90.863311822 109.914587509 93.715986376
v 90.877453620 109.915160482 93.592177158
v 90.912880459 109.917225431 93.719544390
v 90.946150188 109.919987150 93.597239634
v 90.980214158 109.923645237 93.724352023
v 91.009477001 109.927463687 93.601937573
v 91.035337496 109.931362437 93.728274458
v 91.072413875 109.937819144 93.606623092
v 91.098879095 109.943059820 93.732807493
v 91.134825198 109.951033162 93.611275149
v 91.161223101 109.957525014 93.737293669
v 91.196529932 109.967065308 93.615872612
v 91.227566436 109.976277526 93.742142292
v 91.257455585 109.985894989 93.620417260
v 91.284534890 109.995253907 93.746392494
v 91.317476039 110.007485560 93.624909948
v 91.348536213 110.019892705 93.751277361
v 91.376466671 110.031794602 93.629351620
v 91.412122740 110.048046462 93.756257626
v 91.434241700 110.058742914 93.633743777
v 91.474350985 110.079386213 93.761268110
v 91.490746506 110.088302583 93.638112680
v 91.534332619 110.113416572 93.766215825
v 91.545861561 110.120413915 93.642482158
v 91.591345102 110.149543325 93.771021579
v 91.599469971 110.155011425 93.646876061
v 91.636317208 110.180874184 93.774903805
v 91.651410758 110.191988714 93.651323938
v 91.682871372 110.216186646 93.779028874
v 91.701619300 110.231297022 93.655853153
v 91.730852175 110.255953379 93.783419665
v 91.749994197 110.272858319 93.660470939
v 91.780043842 110.300695667 93.788103405
v 91.796416378 110.316569970 93.665145347
v 91.824964795 110.345534785 93.792580892
v 91.840814120 110.362365210 93.669845234
v 91.870356837 110.395289056 93.797348467
v 91.883086857 110.410143374 93.674540285
v 91.911187610 110.444490665 93.801900120
v 91.926809349 110.464587439 93.679643381
v 91.951687003 110.498230055 93.806724336
v 91.965343419 110.517632426 93.684389490
v 91.987449400 110.550601355 93.811288020
v 92.000410120 110.570916924 93.688956854
v 92.020983067 110.604844416 93.815878396
v 92.035987465 110.631041574 93.693893574
v 92.052003589 110.660542879 93.820453178
v 92.066646590 110.689091625 93.698468751
v 92.080472551 110.717630619 93.825001479
v 92.093791001 110.746796749 93.702869443
v 92.106327646 110.775995166 93.829525383
v 92.118286171 110.805695549 93.707245748
v 92.129490002 110.835463279 93.834030554
v 92.140077409 110.865662093 93.711614772
v 92.149913654 110.895911011 93.838524892
v 92.159103311 110.926521854 93.715999244
v 92.167557999 110.957211272 93.843016323
v 92.175339635 110.988191484 93.720433032
v 92.182388231 111.019234811 93.847512778
v 92.188752723 111.050548032 93.724946069
v 92.194375616 111.081851265 93.852022181
v 92.199309757 111.113435807 93.729552948
v 92.203497616 111.144930222 93.856552432
v 92.206992611 111.176743613 93.734222066
v 92.209737855 111.208342272 93.861111394
v 92.211785018 111.240346163 93.738918417
v 92.213089457 111.272081138 93.865697611
v 92.213675234 111.304065532 93.743604024
v 92.213532293 111.335905221 93.870255446
v 92.212662218 111.367821354 93.748268429
v 92.211066479 111.399669139 93.874787014
v 92.208745929 111.431480709 93.752900447
v 92.205699283 111.463239975 93.879299247
v 92.201932479 111.494910190 93.757488903
v 92.197444171 111.526484475 93.883799114
v 92.192234126 111.557976970 93.762022728
v 92.186320750 111.589270129 93.888293614
v 92.179675237 111.620522632 93.766491758
v 92.172354555 111.651466228 93.892789760
v 92.164288797 111.682399424 93.770907433
v 92.155576688 111.712944871 93.897294576
v 92.146095160 111.743529279 93.775291481
v 92.136001335 111.773645099 93.901821067
v 92.125129716 111.803784414 93.779661538
v 92.113668641 111.833423610 93.906383266
v 92.101447288 111.863007258 93.784035568
v 92.088641602 111.892107885 93.910968246
v 92.075098367 111.921076799 93.788444594
v 92.060974455 111.949576341 93.915560564
v 92.046127843 111.977894297 93.792920967
v 92.030727104 112.005709888 93.920144753
v 92.014597382 112.033337493 93.797491707
v 91.997964600 112.060392869 93.924705425
v 91.980584646 112.087271717 93.802138787
v 91.962729320 112.113552959 93.929231306
v 91.944137751 112.139619939 93.806828970
v 91.925096141 112.165070681 93.933723496
v 91.905356706 112.190238119 93.811526926
v 91.885165271 112.214808081 93.938196521
v 91.864300058 112.239050255 93.816212610
v 91.843021924 112.262662612 93.942667779
v 91.821054475 112.285950286 93.820864986
v 91.798745253 112.308546473 93.947155684
v 91.775747442 112.330802991 93.825462819
v 91.752395085 112.352393962 93.951676231
v 91.728433594 112.373556692 93.830007829
v 91.704107554 112.394073951 93.956223282
v 91.679208865 112.414121703 93.834500866
v 91.653984531 112.433501420 93.960791511
v 91.628173359 112.452412583 93.838942872
v 91.602131441 112.470596248 93.965375569
v 91.575490119 112.488310065 93.843335260
v 91.548574885 112.505333986 93.969960467
v 91.521211021 112.521781470 93.847704239
v 91.493501048 112.537588203 93.974510891
v 91.465448444 112.552754549 93.852073635
v 91.437027064 112.567292465 93.979034006
v 91.408318396 112.581162273 93.856467293
v 91.379271802 112.594386652 93.983537995
v 91.349994458 112.606920671 93.860914680
v 91.320357431 112.618815899 93.988031081
v 91.290551819 112.629998986 93.865443354
v 91.260408447 112.640531077 93.992521515
v 91.230109201 112.650349984 93.870060784
v 91.199550644 112.659489115 93.997017553
v 91.168815759 112.667923716 93.874735189
v 91.137910064 112.675653181 94.001527443
v 91.106765437 112.682692663 93.879435343
v 91.075532659 112.689007790 94.006066392
v 91.044096481 112.694621743 93.884130830
v 91.012594231 112.699509576 94.010638914
v 90.974827101 112.704406480 93.889244085
v 90.949258658 112.707131043 94.015229290
v 90.905183242 112.710716899 93.894305214
v 90.885658490 112.711858495 94.019821280
v 90.835295266 112.713542082 93.899307323
v 90.821926672 112.713684417 94.024398657
v 90.765297008 112.712871225 93.904243403
v 90.758195470 112.712607461 94.028945318
v 90.710006501 112.709862500 93.908098654
v 90.694479771 112.708622275 94.033467550
v 90.646534890 112.703691638 93.912499403
v 90.631027065 112.701738403 94.037973921
v 90.583391719 112.694633637 93.916875575
v 90.567968665 112.691972211 94.042471186
v 90.520713786 112.682706007 93.921244199
v 90.505435730 112.679346240 94.046966085
v 90.458681664 112.667945073 93.925628409
v 90.443558932 112.663889196 94.051465360
v 90.397379680 112.650372654 93.930061583
v 90.382467405 112.645635759 94.055975746
v 90.336930516 112.630022606 93.934573039
v 90.322287718 112.624626231 94.060503964
v 90.277481528 112.606944995 93.939178371
v 90.263142938 112.600906054 94.065056708
v 90.219145083 112.581184077 93.943845558
v 90.205082039 112.574491517 94.069641613
v 90.162028502 112.552786049 93.948540888
v 90.148246321 112.545438894 94.074208650
v 90.106299458 112.521836119 93.953225263
v 90.092806290 112.513833089 94.078745064
v 90.052023409 112.488372540 93.957887709
v 90.038876091 112.479741587 94.083258710
v 89.999314459 112.452463142 93.962517475
v 89.986567556 112.443237653 94.087757489
v 89.948284026 112.414181300 93.967103822
v 89.935989260 112.404399816 94.092249339
v 89.899039930 112.373605382 93.971636107
v 89.887245645 112.363311216 94.096742212
v 89.851705890 112.330837312 93.976104479
v 89.840436276 112.320058845 94.101244064
v 89.806391974 112.285980869 93.980520171
v 89.795655212 112.274732695 94.105762834
v 89.763155110 112.239093662 93.984905008
v 89.752925000 112.227348642 94.110315974
v 89.722087057 112.190271470 93.989276818
v 89.712407473 112.178078751 94.114893093
v 89.683293484 112.139639626 93.993653943
v 89.674185836 112.127027638 94.119481810
v 89.646856402 112.087308494 93.998067171
v 89.638338221 112.074303467 94.124069741
v 89.612835874 112.033364837 94.002548066
v 89.604887609 112.019932346 94.128643987
v 89.578620985 111.972919264 94.007535384
v 89.573955344 111.964102335 94.133180189
v 89.548954065 111.914038591 94.012353245
v 89.545606189 111.906933835 94.137687627
v 89.520698835 111.850482199 94.017478413
v 89.519897266 111.848546810 94.142176909
v 89.496975023 111.789326872 94.022309885
v 89.496880420 111.789064510 94.146658693
v 89.476601756 111.728612494 94.151143652
v 89.475785218 111.725971808 94.027207649
v 89.459101310 111.667317592 94.155642447
v 89.456924676 111.658871370 94.032278759
v 89.444412889 111.605306853 94.160165699
v 89.442362177 111.595504804 94.036959979
v 89.432557231 111.542665218 94.164726542
v 89.430384805 111.529151192 94.041751029
v 89.423560012 111.479501226 94.169317737
v 89.421528631 111.461476149 94.046526823
v 89.417451186 111.416009900 94.173912710
v 89.415906065 111.392120802 94.051337094
v 89.414241158 111.352324535 94.178491590
v 89.413791016 111.328910594 94.055676024
v 89.413934157 111.288573025 94.183034977
v 89.414555686 111.265011412 94.060045226
v 89.416533850 111.224809124 94.187543222
v 89.418228505 111.201300381 94.064417321
v 89.422034903 111.161246017 94.192027410
v 89.425328501 111.133705719 94.069119148
v 89.430423673 111.098015831 94.196501510
v 89.435232502 111.069159671 94.073722366
v 89.441680375 111.035250219 94.200979522
v 89.448605966 111.003071848 94.078566644
v 89.455779266 110.973079289 94.205475426
v 89.465320836 110.937077693 94.083533554
v 89.472700622 110.911591766 94.210005684
v 89.483714738 110.876539463 94.088179824
v 89.492413788 110.850912442 94.214571078
v 89.506964332 110.811294477 94.093271060
v 89.514865287 110.791208573 94.219155598
v 89.526089010 110.764130365 94.096999026
v 89.540005933 110.732604628 94.223745994
v 89.546947665 110.717623784 94.100092688
v 89.567784782 110.675214888 94.228329622
v 89.575615298 110.660160296 94.104705105
v 89.598186675 110.619081428 94.232889698
v 89.609487117 110.599670051 94.109567995
v 89.631107612 110.564405430 94.237414200
v 89.643263566 110.545555731 94.114049289
v 89.666477831 110.511298722 94.241913730
v 89.679162840 110.493460885 94.118518325
v 89.704221715 110.459870959 94.246398958
v 89.719747010 110.440067690 94.123303809
v 89.744258288 110.410228672 94.250880592
v 89.760587745 110.391246207 94.127878167
v 89.786501854 110.362474386 94.255369347
v 89.806037300 110.341803794 94.132716885
v 89.830862751 110.316705847 94.259875914
v 89.851060974 110.297190040 94.137269648
v 89.877248205 110.273015389 94.264410933
v 89.900301624 110.252724148 94.141996335
v 89.925626026 110.231437954 94.268987551
v 89.948262102 110.213253109 94.146392917
v 89.975852923 110.192103366 94.273582574
v 89.994735272 110.178242941 94.150494316
v 90.027805096 110.155107668 94.278173039
v 90.039573948 110.147211707 94.154329766
v 90.081372215 110.120526373 94.282739095
v 90.096341776 110.111467139 94.159046686
v 90.136486862 110.088404099 94.287266166
v 90.155977549 110.077832392 94.163869927
v 90.193028362 110.058815547 94.291763481
v 90.217874224 110.046829837 94.168768132
v 90.250844534 110.031840953 94.296244530
v 90.281257484 110.018912794 94.173702246
v 90.309814065 110.007534442 94.300721567
v 90.345075559 109.994472650 94.178605566
v 90.369813072 109.985944565 94.305206861
v 90.401806315 109.975673864 94.182907443
v 90.430716116 109.967113936 94.309712657
v 90.467861898 109.957098684 94.187845073
v 90.492426356 109.951072162 94.314253099
v 90.529999393 109.942756587 94.192415921
v 90.554843780 109.937849087 94.318829131
v 90.593323443 109.931163535 94.196998772
v 90.617782741 109.927485865 94.323420410
v 90.659155947 109.922265434 94.201697130
v 90.681111589 109.920001889 94.328010840
v 90.728592523 109.916298232 94.206602211
v 90.749900862 109.915163331 94.332956795
v 90.771129218 109.914356125 94.209591252
v 90.813708499 109.913708499 94.337495020
v 90.813708499 109.913708499 94.212577595
v 90.856357160 109.914358249 94.340505419
v 90.877493711 109.915162303 94.217058975
v 90.898939180 109.916305257 94.343504757
v 90.946298874 109.920001283 94.221936089
v 90.968398128 109.922280701 94.348400018
v 91.009668885 109.927490787 94.226494254
v 91.034192280 109.931179232 94.353062253
v 91.072581277 109.937850598 94.231076750
v 91.097425476 109.942758131 94.357589575
v 91.134973514 109.951068092 94.235669746
v 91.159533776 109.957093247 94.362103486
v 91.196715054 109.967117984 94.240256996
v 91.225677150 109.975694355 94.367008776
v 91.257671598 109.985967268 94.244821694
v 91.282456787 109.994513623 94.371305683
v 91.317644094 110.007550367 94.249345287
v 91.346272703 110.018959313 94.376226689
v 91.376587710 110.031847648 94.253841297
v 91.409704558 110.046905940 94.381211442
v 91.434379714 110.058811088 94.258321839
v 91.471793843 110.078020951 94.386177235
v 91.490898765 110.088386679 94.262799080
v 91.531611843 110.111787131 94.391043921
v 91.546025925 110.120514766 94.267285191
v 91.588521246 110.147661567 94.395779340
v 91.599645027 110.155130157 94.271792369
v 91.633449388 110.178796554 94.399615562
v 91.651571722 110.192109082 94.276334292
v 91.679994004 110.213913215 94.403706776
v 91.701776223 110.231425836 94.280912457
v 91.728004888 110.253490452 94.408083393
v 91.750151967 110.273000249 94.285507089
v 91.777271746 110.298058008 94.412782585
v 91.796595939 110.316746974 94.290098323
v 91.822290247 110.342748730 94.417306983
v 91.840954508 110.362516771 94.294656965
v 91.867710629 110.392253350 94.422130433
v 91.883177588 110.410250778 94.299179215
v 91.908515102 110.441126933 94.426714415
v 91.923195467 110.459871057 94.303677316
v 91.949053078 110.494567048 94.431540067
v 91.960923626 110.511276609 94.308161930
v 91.984913085 110.546714476 94.436073291
v 91.996281387 110.564361528 94.312643760
v 92.018658855 110.600900932 94.440613560
v 92.029192669 110.619015752 94.317133518
v 92.049892227 110.656555961 94.445126350
v 92.059586640 110.675125937 94.321641899
v 92.078550382 110.713563310 94.449621164
v 92.087398234 110.732576409 94.326179546
v 92.104575363 110.771802815 94.454107547
v 92.112563134 110.791236850 94.330754020
v 92.127914635 110.831151318 94.458595068
v 92.135004259 110.850915446 94.335341610
v 92.148521522 110.891483660 94.463093292
v 92.154710019 110.911570727 94.339931302
v 92.166355483 110.952673728 94.467611760
v 92.171636935 110.973076283 94.344509793
v 92.181382230 111.014595500 94.472159961
v 92.185747146 111.035302405 94.349063645
v 92.193588273 111.077209447 94.476747012
v 92.196996474 111.098036277 94.353575712
v 92.202929554 111.140316391 94.481337546
v 92.205380815 111.161234252 94.358060907
v 92.209384866 111.203765595 94.485911732
v 92.210880461 111.224765995 94.362533965
v 92.212943195 111.267423967 94.490453832
v 92.213481597 111.288499217 94.367009677
v 92.213599136 111.331207468 94.494954063
v 92.213176533 111.352300725 94.371502838
v 92.211348321 111.394967343 94.499432082
v 92.209963770 111.416037511 94.376028193
v 92.206196718 111.458541668 94.503905402
v 92.203854220 111.479524386 94.380590515
v 92.198157373 111.521798278 94.508387898
v 92.194862020 111.542651802 94.385175982
v 92.187243468 111.584635962 94.512895501
v 92.183001044 111.605321255 94.389769754
v 92.173465468 111.646966476 94.517436967
v 92.168293784 111.667401475 94.394354759
v 92.156864661 111.708589498 94.521999139
v 92.150775268 111.728741603 94.398913027
v 92.137477494 111.769377935 94.526572949
v 92.130491710 111.789189372 94.403438195
v 92.115346613 111.829205333 94.531149225
v 92.107470453 111.848666532 94.407939873
v 92.090520625 111.887946921 94.535718760
v 92.081757028 111.907049009 94.412424586
v 92.063053709 111.945480613 94.540272394
v 92.053406447 111.964207536 94.416900215
v 92.033005088 112.001687940 94.544801079
v 92.022523496 112.019942279 94.421396610
v 92.000438385 112.056454875 94.549295958
v 91.989127038 112.074228484 94.425926020
v 91.965363982 112.109754784 94.553771352
v 91.953283544 112.126953609 94.430479756
v 91.927904688 112.161391780 94.558255835
v 91.915065527 112.178006712 94.435048949
v 91.888142934 112.211255560 94.562757141
v 91.874551143 112.227279426 94.439624616
v 91.846162919 112.259244267 94.567282106
v 91.831823655 112.274666875 94.444197737
v 91.802015507 112.305297767 94.571840799
v 91.786970751 112.320068516 94.448759325
v 91.755814587 112.349293453 94.576425659
v 91.740083762 112.363388866 94.453300502
v 91.707670017 112.391128050 94.581019148
v 91.691329735 112.404479345 94.457805272
v 91.656219646 112.431820746 94.585736129
v 91.640758885 112.443304809 94.462283946
v 91.599384565 112.472463497 94.590731424
v 91.588458294 112.479797234 94.466754307
v 91.545762070 112.507064161 94.595252634
v 91.534535793 112.513878546 94.471232698
v 91.490631999 112.539177724 94.599743829
v 91.479102902 112.545475651 94.475735451
v 91.434110419 112.568739065 94.604219337
v 91.422300620 112.574508014 94.480272657
v 91.376316597 112.595688361 94.608693528
v 91.364299820 112.600894408 94.484824408
v 91.317372028 112.619971562 94.613180766
v 91.305139246 112.624621242 94.489387802
v 91.257399408 112.641540711 94.617695359
v 91.244940614 112.645637080 94.493956267
v 91.196416851 112.660383847 94.622251789
v 91.183829474 112.663895522 94.498523111
v 91.134652607 112.676424677 94.626828055
v 91.121934277 112.679355734 94.503081588
v 91.072237916 112.689631185 94.631412059
v 91.059385366 112.691982861 94.507624954
v 91.009303149 112.699978119 94.635992037
v 90.996313909 112.701748277 94.512146537
v 90.945979809 112.707446236 94.640556228
v 90.932850815 112.708629681 94.516639788
v 90.877415483 112.712258341 94.645446598
v 90.869248767 112.712606343 94.521122980
v 90.813704332 112.713708499 94.649940866
v 90.805527546 112.713684396 94.525639334
v 90.749966135 112.712256660 94.654412266
v 90.741804830 112.711860385 94.530182021
v 90.681317858 112.707434727 94.659243614
v 90.678212645 112.707135693 94.534742993
v 90.617969661 112.699957520 94.663737747
v 90.614884143 112.699517819 94.539314074
v 90.555012641 112.689599647 94.668259327
v 90.551952548 112.689020443 94.543887024
v 90.492641628 112.676395560 94.672809662
v 90.489550076 112.675663352 94.548453609
v 90.430918997 112.660360695 94.677385250
v 90.427806898 112.659472200 94.553005672
v 90.369974116 112.641526171 94.681974953
v 90.366883278 112.640489282 94.557531794
v 90.309937524 112.619930077 94.686566823
v 90.306936314 112.618768665 94.562025841
v 90.251019518 112.595652816 94.691122105
v 90.248024661 112.594334082 94.566503961
v 90.193252212 112.568712136 94.695642040
v 90.190271654 112.567234139 94.570978551
v 90.136755192 112.539161184 94.700137966
v 90.133810374 112.537529794 94.575462831
v 90.081646976 112.507059235 94.704621289
v 90.078827885 112.505325275 94.579976437
v 90.028044003 112.472471381 94.709103452
v 90.025353797 112.470642686 94.584522785
v 89.976059648 112.435468076 94.713595899
v 89.973499000 112.433551143 94.589091443
v 89.925803335 112.396124529 94.718110043
v 89.923372626 112.394125763 94.593671792
v 89.877398795 112.354537071 94.722654809
v 89.875081087 112.352447243 94.598253102
v 89.830980750 112.310827376 94.727224952
v 89.828727167 112.308601296 94.602824613
v 89.786588482 112.265036173 94.731812798
v 89.784409199 112.262677950 94.607375620
v 89.744316805 112.217257814 94.736404695
v 89.742220363 112.214770750 94.611895555
v 89.704260088 112.167596228 94.740984971
v 89.702292730 112.165033944 94.616377356
v 89.666535604 112.116201262 94.745520872
v 89.664680469 112.113542628 94.620845807
v 89.631181032 112.063127722 94.750021751
v 89.629443003 112.060377954 94.625322702
v 89.598271179 112.008483501 94.754502436
v 89.596655998 112.005650127 94.629827327
v 89.567876300 111.952380662 94.758977876
v 89.566401810 111.949496237 94.634373716
v 89.540108698 111.895037463 94.763470995
v 89.538747269 111.892045723 94.638951131
v 89.514972640 111.836474565 94.767998949
v 89.513730579 111.833379063 94.643544433
v 89.492521568 111.776810550 94.772552732
v 89.491406192 111.773617884 94.648135667
v 89.472804289 111.716168254 94.777123134
v 89.471825016 111.712893581 94.652706202
v 89.455864375 111.654673915 94.781700808
v 89.455051111 111.651421604 94.657236671
v 89.441739683 111.592456215 94.786276344
v 89.441088519 111.589233839 94.661740870
v 89.430462024 111.529645255 94.790840347
v 89.429968079 111.526457072 94.666229123
v 89.422056978 111.466371491 94.795383510
v 89.421715213 111.463221213 94.670711800
v 89.416544739 111.402778337 94.799896221
v 89.416349511 111.399658314 94.675199294
v 89.413938286 111.339074112 94.804377236
v 89.413884474 111.335901529 94.679701985
v 89.414235430 111.275300025 94.808848620
v 89.414327406 111.272084031 94.684230217
v 89.417437881 111.211588963 94.813326126
v 89.417679469 111.208337935 94.688794270
v 89.423541004 111.148075349 94.817825476
v 89.423928072 111.144858450 94.693384828
v 89.432519108 111.084981550 94.822356459
v 89.433058354 111.081749232 94.697971654
v 89.444362802 111.022345115 94.826920250
v 89.445056328 111.019105080 94.702546673
v 89.459050029 110.960295548 94.831503468
v 89.459899103 110.957057253 94.707100036
v 89.476552525 110.898962574 94.836092567
v 89.477551430 110.895755979 94.711621159
v 89.496835903 110.838475083 94.840673923
v 89.497966879 110.835352906 94.716111272
v 89.519859885 110.778960089 94.845233939
v 89.521118049 110.775926000 94.720586992
v 89.545577494 110.720544309 94.849759151
v 89.546958977 110.717599716 94.725061771
v 89.573897302 110.663425293 94.854245950
v 89.575433525 110.660504777 94.729549345
v 89.604797021 110.607639722 94.858718265
v 89.606438096 110.604837413 94.734065217
v 89.638214356 110.553304943 94.863192321
v 89.639952748 110.550624452 94.738613077
v 89.674004221 110.500643828 94.867674954
v 89.675629935 110.498370105 94.743147929
v 89.714535247 110.446634021 94.872461960
v 89.715982579 110.444802761 94.747965022
v 89.755355338 110.397254159 94.877033152
v 89.756626347 110.395788637 94.752537230
v 89.800811151 110.347251597 94.881878208
v 89.801894878 110.346117118 94.757349952
v 89.845897512 110.302104874 94.886467929
v 89.846808768 110.301233825 94.761873692
v 89.895327001 110.257027198 94.891272282
v 89.896124624 110.256334472 94.766589242
v 89.943487674 110.217024732 94.895733354
v 89.944290815 110.216387670 94.770981726
v 89.990163291 110.181554666 94.899886419
v 89.990996986 110.180948156 94.775090427
v 90.035202309 110.150124939 94.903762294
v 90.036089252 110.149531318 94.778949551
v 90.092227282 110.113932119 94.908517921
v 90.093216023 110.113337461 94.783727525
v 90.152133498 110.079886194 94.913367651
v 90.153242839 110.079291566 94.788652078
v 90.214307248 110.048513748 94.918278780
v 90.215420852 110.047986536 94.793648066
v 90.277966759 110.020270922 94.923211422
v 90.278941171 110.019867639 94.798643906
v 90.342156778 109.995513146 94.928116332
v 90.341055112 109.995907668 94.803427330
v 90.399248756 109.976463870 94.932434535
v 90.402744269 109.975385460 94.808081102
v 90.465712074 109.957648552 94.937406610
v 90.468597848 109.956911297 94.812944526
v 90.528218672 109.943126288 94.942024623
v 90.530550823 109.942642576 94.817428073
v 90.591970003 109.931380012 94.946671651
v 90.593647754 109.931111903 94.821930088
v 90.648346195 109.923508737 94.825801398
v 90.658266506 109.922364605 94.951421860
v 90.715162714 109.917181111 94.830516461
v 90.728138290 109.916326039 94.956359411
v 90.764425484 109.914576202 94.833999634
v 90.770913158 109.914362741 94.959362878
v 90.813708499 109.913708499 94.837506674
v 90.813708499 109.913708499 94.962363259
v 88.761163258 113.218192165 87.000000000
v 88.858645408 113.318135677 87.000000000
v 88.960988154 113.413095867 87.000000000
v 88.668784058 113.113513806 87.000000000
v 89.067937054 113.502836650 87.000000000
v 88.581737479 113.004360848 87.000000000
v 89.179226217 113.587134915 87.000000000
v 88.500239931 112.891004662 87.000000000
v 89.294578960 113.665781084 87.000000000
v 88.424494030 112.773727068 87.000000000
v 89.413708499 113.738579630 87.000000000
v 88.354688094 112.652819639 87.000000000
v 89.536318658 113.805349564 87.000000000
v 88.290995669 112.528582969 87.000000000
v 89.662104610 113.865924885 87.000000000
v 88.233575106 112.401325929 87.000000000
v 89.790753631 113.920154995 87.000000000
v 88.182569161 112.271364900 87.000000000
v 89.921945878 113.967905068 87.000000000
v 88.138104643 112.139022987 87.000000000
v 90.055355188 114.009056390 87.000000000
v 88.100292098 112.004629213 87.000000000
v 90.190649884 114.043506653 87.000000000
v 88.069225533 111.868517700 87.000000000
v 90.327493602 114.071170207 87.000000000
v 88.044982186 111.731026844 87.000000000
v 90.465546126 114.091978277 87.000000000
v 88.027622328 111.592498469 87.000000000
v 90.604464237 114.105879131 87.000000000
v 88.017189120 111.453276979 87.000000000
v 90.743902562 114.112838209 87.000000000
v 88.013708499 111.313708499 87.000000000
v 90.883514436 114.112838209 87.000000000
v 88.017189120 111.174140019 87.000000000
v 91.022952761 114.105879131 87.000000000
v 88.027622328 111.034918529 87.000000000
v 91.161870872 114.091978277 87.000000000
v 88.044982186 110.896390154 87.000000000
v 91.299923396 114.071170207 87.000000000
v 88.069225533 110.758899298 87.000000000
v 91.436767114 114.043506653 87.000000000
v 88.100292098 110.622787785 87.000000000
v 91.572061810 114.009056390 87.000000000
v 88.138104643 110.488394011 87.000000000
v 91.705471120 113.967905068 87.000000000
v 88.182569161 110.356052098 87.000000000
v 91.836663367 113.920154995 87.000000000
v 88.233575106 110.226091069 87.000000000
v 91.965312388 113.865924885 87.000000000
v 88.290995669 110.098834029 87.000000000
v 92.091098340 113.805349564 87.000000000
v 88.354688094 109.974597359 87.000000000
v 92.213708499 113.738579630 87.000000000
v 88.424494030 109.853689930 87.000000000
v 92.332838038 113.665781084 87.000000000
v 88.500239931 109.736412336 87.000000000
v 92.448190781 113.587134915 87.000000000
v 88.581737479 109.623056150 87.000000000
v 92.559479944 113.502836650 87.000000000
v 88.668784058 109.513903192 87.000000000
v 92.666428844 113.413095867 87.000000000
v 88.761163258 109.409224833 87.000000000
v 92.768771590 113.318135677 87.000000000
v 88.858645408 109.309281321 87.000000000
v 92.866253740 113.218192165 87.000000000
v 88.960988154 109.214321131 87.000000000
v 92.958632940 113.113513806 87.000000000
v 89.067937054 109.124580348 87.000000000
v 93.045679519 113.004360848 87.000000000
v 89.179226217 109.040282083 87.000000000
v 93.127177067 112.891004662 87.000000000
v 89.294578960 108.961635914 87.000000000
v 93.202922968 112.773727068 87.000000000
v 89.413708499 108.888837368 87.000000000
v 93.272728904 112.652819639 87.000000000
v 89.536318658 108.822067434 87.000000000
v 93.336421329 112.528582969 87.000000000
v 89.662104610 108.761492113 87.000000000
v 93.393841892 112.401325929 87.000000000
v 89.790753631 108.707262003 87.000000000
v 93.444847837 112.271364900 87.000000000
v 89.921945878 108.659511930 87.000000000
v 93.489312355 112.139022987 87.000000000
v 90.055355188 108.618360608 87.000000000
v 93.527124900 112.004629213 87.000000000
v 90.190649884 108.583910345 87.000000000
v 93.558191465 111.868517700 87.000000000
v 90.327493602 108.556246791 87.000000000
v 93.582434812 111.731026844 87.000000000
v 90.465546126 108.535438720 87.000000000
v 93.599794670 111.592498469 87.000000000
v 90.604464237 108.521537867 87.000000000
v 93.610227878 111.453276979 87.000000000
v 90.743902562 108.514578789 87.000000000
v 93.613708499 111.313708499 87.000000000
v 90.883514436 108.514578789 87.000000000
v 93.610227878 111.174140019 87.000000000
v 91.022952761 108.521537867 87.000000000
v 93.599794670 111.034918529 87.000000000
v 91.161870872 108.535438720 87.000000000
v 93.582434812 110.896390154 87.000000000
v 91.299923396 108.556246791 87.000000000
v 93.558191465 110.758899298 87.000000000
v 91.436767114 108.583910345 87.000000000
v 93.527124900 110.622787785 87.000000000
v 91.572061810 108.618360608 87.000000000
v 93.489312355 110.488394011 87.000000000
v 91.705471120 108.659511930 87.000000000
v 93.444847837 110.356052098 87.000000000
v 91.836663367 108.707262003 87.000000000
v 93.393841892 110.226091069 87.000000000
v 91.965312388 108.761492113 87.000000000
v 93.336421329 110.098834029 87.000000000
v 92.091098340 108.822067434 87.000000000
v 93.272728904 109.974597359 87.000000000
v 92.213708499 108.888837368 87.000000000
v 93.202922968 109.853689930 87.000000000
v 92.332838038 108.961635914 87.000000000
v 93.127177067 109.736412336 87.000000000
v 92.448190781 109.040282083 87.000000000
v 93.045679519 109.623056150 87.000000000
v 92.559479944 109.124580348 87.000000000
v 92.958632940 109.513903192 87.000000000
v 92.666428844 109.214321131 87.000000000
v 92.866253740 109.409224833 87.000000000
v 92.768771590 109.309281321 87.000000000
v 88.017189120 111.453276979 86.800000000
v 88.013708499 111.313708499 86.800000000
v 88.027622328 111.592498469 86.800000000
v 88.044982186 111.731026844 86.800000000
v 88.069225533 111.868517700 86.800000000
v 88.100292098 112.004629213 86.800000000
v 88.138104643 112.139022987 86.800000000
v 88.182569161 112.271364900 86.800000000
v 88.233575106 112.401325929 86.800000000
v 88.290995669 112.528582969 86.800000000
v 88.354688094 112.652819639 86.800000000
v 88.424494030 112.773727068 86.800000000
v 88.500239931 112.891004662 86.800000000
v 88.581737479 113.004360848 86.800000000
v 88.668784058 113.113513806 86.800000000
v 88.761163258 113.218192165 86.800000000
v 88.858645408 113.318135677 86.800000000
v 88.960988154 113.413095867 86.800000000
v 89.067937054 113.502836650 86.800000000
v 89.179226217 113.587134915 86.800000000
v 89.294578960 113.665781084 86.800000000
v 89.413708499 113.738579630 86.800000000
v 89.536318658 113.805349564 86.800000000
v 89.662104610 113.865924885 86.800000000
v 89.790753631 113.920154995 86.800000000
v 89.921945878 113.967905068 86.800000000
v 90.055355188 114.009056390 86.800000000
v 90.190649884 114.043506653 86.800000000
v 90.327493602 114.071170207 86.800000000
v 90.465546126 114.091978277 86.800000000
v 90.604464237 114.105879131 86.800000000
v 90.743902562 114.112838209 86.800000000
v 90.883514436 114.112838209 86.800000000
v 91.022952761 114.105879131 86.800000000
v 91.161870872 114.091978277 86.800000000
v 91.299923396 114.071170207 86.800000000
v 91.436767114 114.043506653 86.800000000
v 91.572061810 114.009056390 86.800000000
v 91.705471120 113.967905068 86.800000000
v 91.836663367 113.920154995 86.800000000
v 91.965312388 113.865924885 86.800000000
v 92.091098340 113.805349564 86.800000000
v 92.213708499 113.738579630 86.800000000
v 92.332838038 113.665781084 86.800000000
v 92.448190781 113.587134915 86.800000000
v 92.559479944 113.502836650 86.800000000
v 92.666428844 113.413095867 86.800000000
v 92.768771590 113.318135677 86.800000000
v 92.866253740 113.218192165 86.800000000
v 92.958632940 113.113513806 86.800000000
v 93.045679519 113.004360848 86.800000000
v 93.127177067 112.891004662 86.800000000
v 93.202922968 112.773727068 86.800000000
v 93.272728904 112.652819639 86.800000000
v 93.336421329 112.528582969 86.800000000
v 93.393841892 112.401325929 86.800000000
v 93.444847837 112.271364900 86.800000000
v 93.489312355 112.139022987 86.800000000
v 93.527124900 112.004629213 86.800000000
v 93.558191465 111.868517700 86.800000000
v 93.582434812 111.731026844 86.800000000
v 93.599794670 111.592498469 86.800000000
v 93.610227878 111.453276979 86.800000000
v 93.613708499 111.313708499 86.800000000
v 93.610227878 111.174140019 86.800000000
v 93.599794670 111.034918529 86.800000000
v 93.582434812 110.896390154 86.800000000
v 93.558191465 110.758899298 86.800000000
v 93.527124900 110.622787785 86.800000000
v 93.489312355 110.488394011 86.800000000
v 93.444847837 110.356052098 86.800000000
v 93.393841892 110.226091069 86.800000000
v 93.336421329 110.098834029 86.800000000
v 93.272728904 109.974597359 86.800000000
v 93.202922968 109.853689930 86.800000000
v 93.127177067 109.736412336 86.800000000
v 93.045679519 109.623056150 86.800000000
v 92.958632940 109.513903192 86.800000000
v 92.866253740 109.409224833 86.800000000
v 92.768771590 109.309281321 86.800000000
v 92.666428844 109.214321131 86.800000000
v 92.559479944 109.124580348 86.800000000
v 92.448190781 109.040282083 86.800000000
v 92.332838038 108.961635914 86.800000000
v 92.213708499 108.888837368 86.800000000
v 92.091098340 108.822067434 86.800000000
v 91.965312388 108.761492113 86.800000000
v 91.836663367 108.707262003 86.800000000
v 91.705471120 108.659511930 86.800000000
v 91.572061810 108.618360608 86.800000000
v 91.436767114 108.583910345 86.800000000
v 91.299923396 108.556246791 86.800000000
v 91.161870872 108.535438720 86.800000000
v 91.022952761 108.521537867 86.800000000
v 90.883514436 108.514578789 86.800000000
v 90.743902562 108.514578789 86.800000000
v 90.604464237 108.521537867 86.800000000
v 90.465546126 108.535438720 86.800000000
v 90.327493602 108.556246791 86.800000000
v 90.190649884 108.583910345 86.800000000
v 90.055355188 108.618360608 86.800000000
v 89.921945878 108.659511930 86.800000000
v 89.790753631 108.707262003 86.800000000
v 89.662104610 108.761492113 86.800000000
v 89.536318658 108.822067434 86.800000000
v 89.413708499 108.888837368 86.800000000
v 89.294578960 108.961635914 86.800000000
v 89.179226217 109.040282083 86.800000000
v 89.067937054 109.124580348 86.800000000
v 88.960988154 109.214321131 86.800000000
v 88.858645408 109.309281321 86.800000000
v 88.761163258 109.409224833 86.800000000
v 88.668784058 109.513903192 86.800000000
v 88.581737479 109.623056150 86.800000000
v 88.500239931 109.736412336 86.800000000
v 88.424494030 109.853689930 86.800000000
v 88.354688094 109.974597359 86.800000000
v 88.290995669 110.098834029 86.800000000
v 88.233575106 110.226091069 86.800000000
v 88.182569161 110.356052098 86.800000000
v 88.138104643 110.488394011 86.800000000
v 88.100292098 110.622787785 86.800000000
v 88.069225533 110.758899298 86.800000000
v 88.044982186 110.896390154 86.800000000
v 88.027622328 111.034918529 86.800000000
v 88.017189120 111.174140019 86.800000000
v 88.056896039 111.313708499 86.691553481
v 89.237443977 111.313708499 85.448702866
v 89.345355653 111.386990943 85.400000000
v 89.343528103 111.313708499 85.400000000
v 89.345355653 111.240426055 85.400000000
v 88.092032475 111.581070804 86.641395850
v 88.105193551 111.313708499 86.585284193
v 88.116306884 111.578686221 86.589161216
v 88.158491676 111.313708499 86.481432756
v 88.123462459 111.643503757 86.589161216
v 88.148980360 111.640375536 86.537324272
v 88.216669737 111.313708499 86.380234315
v 88.157558757 111.704036511 86.537324272
v 88.184290346 111.700108236 86.485933751
v 88.194237218 111.762612484 86.485933751
v 88.222148477 111.757829277 86.435038291
v 88.233413424 111.819182472 86.435038291
v 88.262466161 111.813491107 86.384686287
v 88.275002688 111.873702185 86.384686287
v 88.934745823 111.313708499 85.624262214
v 89.099954356 111.523796343 85.528668486
v 89.032821178 111.313708499 85.560961063
v 89.056067614 111.571998332 85.558292109
v 89.133796774 111.313708499 85.502397080
v 89.145601861 111.477574011 85.500329948
v 89.350833760 111.460091195 85.400000000
v 88.936082052 111.727879747 85.654733968
v 88.983060950 111.717517032 85.621341154
v 88.974020926 111.674099137 85.621341154
v 89.021875614 111.664724511 85.589188041
v 89.014052903 111.622119045 85.589188041
v 89.062716625 111.613779447 85.558292109
v 89.105471340 111.564738328 85.528668486
v 89.372678123 111.605019074 85.400000000
v 89.150026958 111.517657980 85.500329948
v 89.359948804 111.532827517 85.400000000
v 88.092032475 111.046346194 86.641395850
v 88.116306884 111.048730777 86.589161216
v 88.276340302 110.822621788 86.359729104
v 88.419112797 111.313708499 86.094815213
v 88.372576906 111.093471111 86.166100924
v 88.347127992 111.313708499 86.186706447
v 88.279596002 111.313708499 86.281918008
v 88.575779179 111.313708499 85.921817995
v 88.408780854 111.096737409 86.119578736
v 88.495387428 111.313708499 86.006452371
v 88.748177027 111.313708499 85.764492300
v 88.692419702 111.122327131 85.819758225
v 88.660106024 111.313708499 85.841103719
v 88.573120693 110.899082270 85.963656944
v 88.736832205 111.126334000 85.781064774
v 88.839792773 111.313708499 85.692157203
v 88.949508349 110.952907918 85.637883782
v 89.145601861 111.149842987 85.500329948
v 89.350833760 111.167325803 85.400000000
v 89.359948804 111.094589481 85.400000000
v 88.192982380 112.005071846 86.589161216
v 88.321645781 111.551279428 86.237368391
v 88.210792331 112.069364564 86.589161216
v 88.356068073 111.547997915 86.189664386
v 88.230077638 112.132878957 86.589161216
v 88.358906805 111.576075871 86.189664386
v 88.250824324 112.195645783 86.589161216
v 88.695865938 111.540061931 85.819758225
v 88.740206289 111.535322867 85.781064774
v 89.215959108 111.820293677 85.500329948
v 89.388990071 111.676486388 85.400000000
v 89.408844093 111.747051778 85.400000000
v 89.204880283 111.867336946 85.514337875
v 89.228789116 111.859109461 85.500329948
v 89.432190830 111.816539809 85.400000000
v 89.458972237 111.884777721 85.400000000
v 89.980737237 113.886297644 86.576162792
v 90.286926638 113.843906989 86.359729104
v 89.750733948 113.669443762 86.359729104
v 90.043591100 113.905807113 86.576162792
v 90.107165311 113.923852701 86.576162792
v 90.171555313 113.940435611 86.576162792
v 90.236853523 113.955543916 86.576162792
v 90.303148016 113.969152723 86.576162792
v 90.346850127 113.855646104 86.359729104
v 90.334463236 113.974982632 86.576162792
v 90.366053955 113.980478351 86.576162792
v 90.407213295 113.865994763 86.359729104
v 90.433179553 113.990881216 86.576162792
v 90.468105494 113.874950793 86.359729104
v 90.464969882 113.995207597 86.576162792
v 90.497155952 113.999197378 86.576162792
v 90.529611782 113.882500546 86.359729104
v 90.061448513 113.637024996 86.154393759
v 90.564744774 114.006304476 86.576162792
v 90.591811815 113.888619252 86.359729104
v 90.597181601 114.009106825 86.576162792
v 90.630123891 114.011550734 86.576162792
v 90.654774026 113.893271128 86.359729104
v 90.697458113 114.015289866 86.576162792
v 90.718331244 113.896402191 86.359729104
v 90.730566960 114.016511399 86.576162792
v 90.763872312 114.017330586 86.576162792
v 90.781993047 113.897968094 86.359729104
v 90.830274544 114.017739120 86.576162792
v 90.845419064 113.897968154 86.359729104
v 90.863536997 114.017330728 86.576162792
v 90.909082062 113.896402327 86.359729104
v 90.896842961 114.016511617 86.576162792
v 90.963900271 114.013615621 86.576162792
v 91.086731488 114.003971401 86.576162792
v 91.144054825 113.876963233 86.359729104
v 90.568066194 113.743390471 86.154393759
v 90.349262176 113.544501685 85.963656944
v 90.813708499 113.592337172 85.963656944
v 89.876518633 113.390683169 85.963656944
v 90.167885046 113.308301207 85.790633074
v 90.595862553 113.746040255 86.154393759
v 90.426682751 113.172641077 85.637883782
v 90.032742883 113.044463238 85.637883782
v 91.154469910 113.996232999 86.576162792
v 90.623859761 113.748385497 86.154393759
v 91.188481694 113.991693018 86.576162792
v 91.209172749 113.867727205 86.359729104
v 90.652118132 113.750424154 86.154393759
v 90.680696751 113.752151138 86.154393759
v 91.255586126 113.981441656 86.576162792
v 91.273462301 113.856940688 86.359729104
v 90.709653316 113.753558320 86.154393759
v 91.289241069 113.975648545 86.576162792
v 90.739041769 113.754634452 86.154393759
v 91.322320565 113.969526603 86.576162792
v 91.336755065 113.844681793 86.359729104
v 90.768807311 113.755363371 86.154393759
v 90.798743025 113.755730338 86.154393759
v 91.388614830 113.955968658 86.576162792
v 91.399122954 113.830987475 86.359729104
v 90.828671670 113.755730353 86.154393759
v 91.421252933 113.948655519 86.576162792
v 90.858607955 113.755363403 86.154393759
v 91.486589517 113.932732586 86.576162792
v 90.968213967 113.750883645 86.154393759
v 91.228334728 113.554296305 85.963656944
v 91.612728555 113.897044130 86.576162792
v 91.640119761 113.762473076 86.359729104
v 91.676991178 113.876285142 86.576162792
v 90.604983118 113.200995699 85.637883782
v 90.602821884 113.399617136 85.790633074
v 90.650681378 113.205491102 85.637883782
v 90.515057155 113.188868928 85.637883782
v 90.559794552 113.195448908 85.637883782
v 90.470708437 113.181265785 85.637883782
v 91.709064822 113.865255694 86.576162792
v 91.701377730 113.740938785 86.359729104
v 90.276591287 112.682260835 85.400000000
v 90.293488851 112.920380277 85.507293496
v 90.345475670 112.707332700 85.400000000
v 90.626685364 113.401892004 85.790633074
v 90.650721274 113.403905420 85.790633074
v 90.696939609 113.208908828 85.637883782
v 91.772248219 113.842197700 86.576162792
v 91.761643201 113.718042778 86.359729104
v 90.332743284 112.932564622 85.507293496
v 90.415524152 112.728939795 85.400000000
v 90.674981396 113.405655629 85.790633074
v 91.803747051 113.830031153 86.576162792
v 91.191811669 113.726327951 86.154393759
v 90.699516454 113.407138264 85.790633074
v 90.743634990 113.211209214 85.637883782
v 91.834847728 113.817571656 86.576162792
v 91.821008227 113.693782192 86.359729104
v 90.372447599 112.943834722 85.507293496
v 91.222691308 113.721285640 86.154393759
v 90.724375983 113.408346345 85.790633074
v 91.253103071 113.715921445 86.154393759
v 90.749606292 113.409270217 85.790633074
v 90.790407210 113.212359681 85.637883782
v 91.896802763 113.791401549 86.576162792
v 91.879555131 113.668145689 86.359729104
v 90.412661405 112.954191328 85.507293496
v 90.486562584 112.747028403 85.400000000
v 91.282992453 113.710261691 86.154393759
v 90.775160336 113.409896001 85.790633074
v 91.927388811 113.777805128 86.576162792
v 91.312417074 113.704311851 86.154393759
v 90.800860475 113.410211047 85.790633074
v 90.837006198 113.212359725 85.637883782
v 90.453442418 112.963626993 85.507293496
v 90.826554545 113.410211059 85.790633074
v 91.988246952 113.749384064 86.576162792
v 90.852255175 113.409896029 85.790633074
v 90.883779295 113.211209314 85.637883782
v 90.494845644 112.972126168 85.507293496
v 90.558414352 112.761553551 85.400000000
v 90.514403093 112.975767150 85.507293496
v 91.426257137 113.677704860 86.154393759
v 91.652459658 113.432350781 85.963656944
v 90.534132600 112.979199418 85.507293496
v 92.109778260 113.686946626 86.576162792
v 92.111664779 113.548593959 86.359729104
v 90.946353139 113.406050107 85.790633074
v 91.056413389 113.196927444 85.637883782
v 90.576054881 112.985696370 85.507293496
v 90.630900822 112.772479128 85.400000000
v 92.168610878 113.653857122 86.576162792
v 90.595909052 112.988398346 85.507293496
v 92.197785302 113.636721077 86.576162792
v 92.167233053 113.515383953 86.359729104
v 90.616010377 112.990890104 85.507293496
v 92.255277877 113.601487720 86.576162792
v 92.221795960 113.480894054 86.359729104
v 90.658221957 112.995328735 85.507293496
v 90.703841780 112.779777972 85.400000000
v 92.283750750 113.583296967 86.576162792
v 91.653716054 113.606759291 86.154393759
v 92.311897989 113.564815846 86.576162792
v 92.275367648 113.445129635 86.359729104
v 90.678479888 112.997078900 85.507293496
v 91.682579870 113.595978678 86.154393759
v 90.699053499 112.998605207 85.507293496
v 91.711019557 113.584947697 86.154393759
v 92.367591592 113.526738857 86.576162792
v 92.327961357 113.408091894 86.359729104
v 91.138314220 113.384968775 85.790633074
v 91.104255419 113.190141750 85.637883782
v 91.739098911 113.573652572 86.154393759
v 92.395023649 113.507221305 86.576162792
v 90.741106072 113.000940425 85.507293496
v 90.777055885 112.783431936 85.400000000
v 91.164824729 113.380639896 85.790633074
v 91.151488845 113.182216914 85.637883782
v 91.766876692 113.562077914 86.154393759
v 91.190933561 113.376034676 85.790633074
v 90.761783704 113.001703315 85.507293496
v 92.449226893 113.467109441 86.576162792
v 91.216593923 113.371175714 85.790633074
v 91.197989932 113.173210325 85.637883782
v 90.782584059 113.002214926 85.507293496
v 91.241855283 113.366067711 85.790633074
v 91.243811515 113.163149132 85.637883782
v 90.824054573 113.002470070 85.507293496
v 90.850361113 112.783431936 85.400000000
v 91.878320964 113.511501694 86.154393759
v 92.060596333 113.220910470 85.963656944
v 90.844828137 113.002215014 85.507293496
v 92.558151857 113.379857914 86.576162792
v 92.535719293 113.240903962 86.359729104
v 90.865628875 113.001703451 85.507293496
v 91.339588227 113.343225318 85.790633074
v 91.420871464 113.112811718 85.637883782
v 92.609213475 113.335642701 86.576162792
v 92.634340985 113.313046736 86.576162792
v 92.583355407 113.197256573 86.359729104
v 90.907508506 112.999894800 85.507293496
v 90.923575218 112.779777972 85.400000000
v 92.683686873 113.266971644 86.576162792
v 92.629835964 113.152481067 86.359729104
v 92.707930449 113.243469945 86.576162792
v 92.731867683 113.219678431 86.576162792
v 92.675164156 113.106579482 86.359729104
v 92.095456693 113.392365805 86.154393759
v 90.984220892 112.993871648 85.507293496
v 90.996516176 112.772479128 85.400000000
v 92.121451670 113.376110601 86.154393759
v 92.778838882 113.171211826 86.576162792
v 92.719340360 113.059552345 86.359729104
v 92.147126790 113.359604462 86.154393759
v 91.026525903 112.989038746 85.507293496
v 91.534864204 113.282317768 85.790633074
v 91.465877591 113.096990511 85.637883782
v 92.801871500 113.146537982 86.576162792
v 92.172506488 113.342837044 86.154393759
v 91.047767450 112.986203370 85.507293496
v 91.069002646 112.761553551 85.400000000
v 91.559644106 113.273062493 85.790633074
v 91.510154531 113.080168853 85.637883782
v 92.197614651 113.325796567 86.154393759
v 92.846985207 113.096358735 86.576162792
v 91.584059890 113.263592275 85.790633074
v 91.608166323 113.253895287 85.790633074
v 91.553769916 113.062344641 85.637883782
v 91.089676511 112.979801036 85.507293496
v 91.632013853 113.243958315 85.790633074
v 91.596784228 113.043509546 85.637883782
v 91.110695198 112.976183036 85.507293496
v 91.131354499 112.972359669 85.507293496
v 91.140854414 112.747028403 85.400000000
v 92.299268679 113.251956569 86.154393759
v 92.424942285 112.924942285 85.963656944
v 92.936332958 112.988976071 86.576162792
v 92.889199299 112.853754428 86.359729104
v 91.172757583 112.963892258 85.507293496
v 92.977386065 112.935607208 86.576162792
v 91.727689984 113.200538076 85.790633074
v 91.767314797 112.955675091 85.637883782
v 91.193141218 112.959324948 85.507293496
v 92.997385511 112.908578633 86.576162792
v 92.926820508 112.801714266 86.359729104
v 91.233946198 112.949380520 85.507293496
v 91.211892846 112.728939795 85.400000000
v 93.036398740 112.853742306 86.576162792
v 92.963141922 112.748748389 86.359729104
v 93.055359733 112.826009984 86.576162792
v 93.074012158 112.797987248 86.576162792
v 92.998162506 112.694854479 86.359729104
v 92.491331162 113.088328692 86.154393759
v 92.513390023 113.067212804 86.154393759
v 91.312724433 112.927091833 85.507293496
v 91.281941328 112.707332700 85.400000000
v 93.110194007 112.741367542 86.576162792
v 93.031905418 112.639983718 86.359729104
v 92.535153426 113.045852256 86.154393759
v 93.127804736 112.712641894 86.576162792
v 91.914103390 113.098258608 85.790633074
v 91.808140714 112.931275755 85.637883782
v 92.556637707 113.024232514 86.154393759
v 91.352858685 112.914127119 85.507293496
v 91.936420362 113.084303336 85.790633074
v 91.848227990 112.905936084 85.637883782
v 92.577857958 113.002338511 86.154393759
v 91.372889796 112.907238844 85.507293496
v 91.350825711 112.682260835 85.400000000
v 93.161868671 112.654678238 86.576162792
v 91.958462735 113.070132635 85.790633074
v 91.980251484 113.055737623 85.790633074
v 91.887587019 112.879660026 85.637883782
v 91.412350034 112.892838322 85.507293496
v 92.001807117 113.041108186 85.790633074
v 91.926227529 112.852448460 85.637883782
v 91.432022156 112.885239888 85.507293496
v 92.662834757 112.908834422 86.154393759
v 92.720910470 112.560596333 85.963656944
v 91.451445614 112.877458497 85.507293496
v 91.418374735 112.653786534 85.400000000
v 93.226783772 112.534005087 86.576162792
v 93.154613426 112.408956256 86.359729104
v 91.490138698 112.861114351 85.507293496
v 93.256276823 112.473844705 86.576162792
v 92.089078216 112.977715738 85.790633074
v 92.078866935 112.729615767 85.637883782
v 91.509240753 112.852622911 85.507293496
v 93.270417865 112.443591291 86.576162792
v 93.180894248 112.350933235 86.359729104
v 91.547248788 112.834872964 85.507293496
v 91.484420464 112.621980587 85.400000000
v 93.297757331 112.382145410 86.576162792
v 93.205873686 112.291946324 86.359729104
v 93.310806345 112.351281814 86.576162792
v 93.323602297 112.319933701 86.576162792
v 93.229563218 112.231885771 86.359729104
v 92.817217122 112.710006399 86.154393759
v 92.834374961 112.685058812 86.154393759
v 91.623149334 112.795878603 85.507293496
v 91.548798697 112.586922070 85.400000000
v 93.347920248 112.257014835 86.576162792
v 93.251959432 112.170642519 86.359729104
v 92.851240489 112.659872686 86.154393759
v 93.359617847 112.224972253 86.576162792
v 92.253965965 112.837239410 85.790633074
v 92.113865108 112.697548103 85.637883782
v 92.867824405 112.634428936 86.154393759
v 91.659892359 112.775213052 85.507293496
v 92.272903739 112.819111188 85.790633074
v 92.148014295 112.664651614 85.637883782
v 92.884149551 112.608686676 86.154393759
v 91.678112806 112.764510994 85.507293496
v 91.611349380 112.548698143 85.400000000
v 93.381704643 112.160733788 86.576162792
v 92.291587860 112.800772923 85.790633074
v 92.310032351 112.782212137 85.790633074
v 92.181316842 112.630927797 85.637883782
v 91.714018928 112.742506531 85.507293496
v 92.328250169 112.763415895 85.790633074
v 92.213773025 112.596377038 85.637883782
v 91.731801231 112.731145771 85.507293496
v 92.947421102 112.501549044 86.154393759
v 92.932350781 112.152459658 85.963656944
v 91.749380165 112.719603665 85.507293496
v 91.671917002 112.507403837 85.400000000
v 93.419903609 112.034682203 86.576162792
v 93.323668289 111.929748576 86.359729104
v 91.784162766 112.695823256 85.507293496
v 93.437172082 111.969067073 86.576162792
v 92.401203684 112.683141609 85.790633074
v 92.338568102 112.445177655 85.637883782
v 91.801295043 112.683633863 85.507293496
v 93.445147368 111.936272161 86.576162792
v 93.338222401 111.867091807 86.359729104
v 91.835146862 112.658582603 85.507293496
v 91.730350983 112.463141817 85.400000000
v 93.460012040 111.869706343 86.576162792
v 93.351316415 111.803554994 86.359729104
v 93.466776948 111.836474069 86.576162792
v 93.473177767 111.802870277 86.576162792
v 93.362862585 111.739404369 86.359729104
v 93.056096055 112.280865508 86.154393759
v 93.067791649 112.253284883 86.154393759
v 91.903174307 112.604090976 85.507293496
v 91.786506045 112.416022125 85.400000000
v 93.079236375 112.225343334 86.154393759
v 93.484638526 111.735832682 86.576162792
v 93.372797940 111.674907552 86.359729104
v 92.533742639 112.512445570 85.790633074
v 92.366208341 112.406943835 85.637883782
v 93.090448217 112.196970003 86.154393759
v 91.935064071 112.576477031 85.507293496
v 93.489751184 111.702104664 86.576162792
v 92.548472831 112.491027792 85.790633074
v 92.392893622 112.368029895 85.637883782
v 93.101441094 112.168093778 86.154393759
v 91.950757079 112.562365062 85.507293496
v 91.840242580 112.366161907 85.400000000
v 92.562952073 112.469405226 85.790633074
v 93.498647182 111.634894276 86.576162792
v 92.577189547 112.447561488 85.790633074
v 92.418623187 112.328434129 85.637883782
v 91.981575309 112.533589558 85.507293496
v 92.591204863 112.425461475 85.790633074
v 92.443414047 112.288120673 85.637883782
v 91.996716269 112.518911926 85.507293496
v 92.011665908 112.504053294 85.507293496
v 91.891426990 112.313685124 85.400000000
v 93.140667614 112.054624087 86.154393759
v 93.054296305 111.728334728 85.963656944
v 93.510549456 111.511458056 86.576162792
v 93.395115681 111.439169602 86.359729104
v 92.041001063 112.473784207 85.507293496
v 92.645524184 112.333482642 85.790633074
v 92.533567415 112.118385185 85.637883782
v 92.055385737 112.458374529 85.507293496
v 93.514596902 111.445077698 86.576162792
v 93.515999625 111.412088915 86.576162792
v 93.397405906 111.376248355 86.359729104
v 92.083560822 112.427035837 85.507293496
v 91.939932021 112.258722241 85.400000000
v 93.517592876 111.346347624 86.576162792
v 93.398162702 111.313708499 86.359729104
v 93.517789865 111.313708499 86.576162792
v 93.201252804 111.826862299 86.154393759
v 92.139361614 112.359971613 85.507293496
v 91.985637084 112.201409906 85.400000000
v 93.517592876 111.281069374 86.576162792
v 93.397405906 111.251168643 86.359729104
v 93.207414186 111.797307211 86.154393759
v 93.213277658 111.767318996 86.154393759
v 92.738822824 112.144023405 85.790633074
v 92.552875891 112.075755770 85.637883782
v 92.165000713 112.326640894 85.507293496
v 93.515999625 111.215328083 86.576162792
v 93.395115681 111.188247396 86.359729104
v 93.218811170 111.737000090 86.154393759
v 92.748863620 112.120345136 85.790633074
v 92.571228242 112.032418185 85.637883782
v 92.177491065 112.309760604 85.507293496
v 92.028428547 112.141890605 85.400000000
v 93.514596902 111.182339300 86.576162792
v 93.223987756 111.706453372 86.154393759
v 92.758689043 112.096357009 85.790633074
v 92.201856190 112.275513402 85.507293496
v 92.768314532 112.071998193 85.790633074
v 92.588632901 111.988291797 85.637883782
v 93.510549456 111.115958942 86.576162792
v 93.372797940 110.952509446 86.359729104
v 92.213697992 112.258193599 85.507293496
v 92.777752037 112.047207637 85.790633074
v 92.605087362 111.943296483 85.637883782
v 92.225347083 112.240692422 85.507293496
v 92.068200025 112.080312313 85.400000000
v 93.239649545 111.593895345 86.154393759
v 93.092337172 111.313708499 85.963656944
v 92.247943912 112.205331438 85.507293496
v 93.498647182 110.992522722 86.576162792
v 92.258942427 112.187391267 85.507293496
v 92.811428435 111.949792662 85.790633074
v 92.657771739 111.766312108 85.637883782
v 92.280216544 112.151190939 85.507293496
v 92.104852639 112.016828122 85.400000000
v 93.489751184 110.925312334 86.576162792
v 93.484638526 110.891584316 86.576162792
v 93.362862585 110.888012629 86.359729104
v 93.473177767 110.824546721 86.576162792
v 93.351316415 110.823862004 86.359729104
v 93.255063277 111.372712528 86.154393759
v 92.320758292 112.075826342 85.507293496
v 92.138295266 111.951595866 85.400000000
v 93.466776948 110.790942929 86.576162792
v 93.255598292 111.343185035 86.154393759
v 93.460012040 110.757710655 86.576162792
v 93.338222401 110.760325191 86.359729104
v 92.339177733 112.038254081 85.507293496
v 93.255776195 111.313708499 86.154393759
v 92.863441486 111.754256668 85.790633074
v 92.668464620 111.720278286 85.637883782
v 92.348009308 112.019359768 85.507293496
v 92.168444761 111.884777721 85.400000000
v 93.255598292 111.284231963 86.154393759
v 92.868731100 111.728883300 85.790633074
v 92.678084770 111.673597895 85.637883782
v 93.445147368 110.691144837 86.576162792
v 93.323668289 110.697668422 86.359729104
v 93.255063277 111.254704470 86.154393759
v 92.873764955 111.703138088 85.790633074
v 93.437172082 110.658349925 86.576162792
v 92.365083759 111.980984669 85.507293496
v 92.878515536 111.677108975 85.790633074
v 92.686567722 111.626466539 85.637883782
v 92.373233324 111.961709275 85.507293496
v 92.882959691 111.650884282 85.790633074
v 92.693867211 111.579080836 85.637883782
v 93.419903609 110.592734795 86.576162792
v 93.251959432 110.456774479 86.359729104
v 92.381224843 111.942131284 85.507293496
v 92.195226168 111.816539809 85.400000000
v 92.396412253 111.902836254 85.507293496
v 92.403717811 111.882824542 85.507293496
v 92.896405510 111.554251981 85.790633074
v 92.710264017 111.405884560 85.637883782
v 93.381704643 110.466683210 86.576162792
v 92.417511787 111.842705377 85.507293496
v 92.218572905 111.747051778 85.400000000
v 93.239649545 111.033521653 86.154393759
v 93.054296305 110.899082270 85.963656944
v 93.359617847 110.402444745 86.576162792
v 93.347920248 110.370402162 86.576162792
v 93.229563218 110.395531227 86.359729104
v 93.323602297 110.307483297 86.576162792
v 93.205873686 110.335470674 86.359729104
v 92.441368376 111.763981760 85.507293496
v 92.238426927 111.676486388 85.400000000
v 93.223987756 110.920963626 86.154393759
v 93.310806345 110.276135184 86.576162792
v 93.218811170 110.890416908 86.154393759
v 93.297757331 110.245271588 86.576162792
v 93.180894248 110.276483763 86.359729104
v 92.452153141 111.723002819 85.507293496
v 93.213277658 110.860098002 86.154393759
v 92.909638368 111.364364105 85.790633074
v 92.711946642 111.359656426 85.637883782
v 92.457133985 111.702521251 85.507293496
v 92.254738875 111.605019074 85.400000000
v 93.207414186 110.830109787 86.154393759
v 92.910097684 111.339014429 85.790633074
v 92.712502658 111.313708499 85.637883782
v 93.270417865 110.183825707 86.576162792
v 93.154613426 110.218460742 86.359729104
v 93.201252804 110.800554699 86.154393759
v 92.910250415 111.313708499 85.790633074
v 93.256276823 110.153572293 86.576162792
v 92.466417492 111.660948573 85.507293496
v 92.910097684 111.288402569 85.790633074
v 92.711946642 111.267760572 85.637883782
v 92.470642413 111.640193857 85.507293496
v 93.226783772 110.093411911 86.576162792
v 93.031905418 109.987433280 86.359729104
v 92.909638368 111.263052893 85.790633074
v 92.710264017 111.221532438 85.637883782
v 92.474639949 111.619207115 85.507293496
v 92.267468194 111.532827517 85.400000000
v 92.481797593 111.577339795 85.507293496
v 92.484990626 111.556275470 85.507293496
v 93.161868671 109.972738760 86.576162792
v 93.140667614 110.572792911 86.154393759
v 92.932350781 110.474957340 85.963656944
v 93.127804736 109.914775104 86.576162792
v 92.490546488 111.514300235 85.507293496
v 92.276583238 111.460091195 85.400000000
v 93.110194007 109.886049455 86.576162792
v 92.998162506 109.932562519 86.359729104
v 92.896405510 111.073165017 85.790633074
v 92.693867211 111.048336162 85.637883782
v 93.074012158 109.829429750 86.576162792
v 92.963141922 109.878668609 86.359729104
v 93.101441094 110.459323220 86.154393759
v 93.055359733 109.801407014 86.576162792
v 92.497979873 111.437210004 85.507293496
v 92.282061345 111.386990943 85.400000000
v 93.090448217 110.430446995 86.154393759
v 93.036398740 109.773674692 86.576162792
v 92.926820508 109.825702732 86.359729104
v 93.079236375 110.402073664 86.154393759
v 92.882959691 110.976532716 85.790633074
v 92.686567722 111.000950459 85.637883782
v 92.500507645 111.395753152 85.507293496
v 92.997385511 109.718838365 86.576162792
v 92.889199299 109.773662570 86.359729104
v 93.067791649 110.374132115 86.154393759
v 92.878515536 110.950308022 85.790633074
v 92.678084770 110.953819102 85.637883782
v 92.501383694 111.375150505 85.507293496
v 92.977386065 109.691809790 86.576162792
v 93.056096055 110.346551490 86.154393759
v 92.873764955 110.924278910 85.790633074
v 92.868731100 110.898533698 85.790633074
v 92.668464620 110.907138712 85.637883782
v 92.502378735 111.334092772 85.507293496
v 92.283888895 111.313708499 85.400000000
v 92.936332958 109.638440926 86.576162792
v 92.719340360 109.567864653 86.359729104
v 92.863441486 110.873160330 85.790633074
v 92.657771739 110.861104890 85.637883782
v 92.502501762 111.313708499 85.507293496
v 92.502378735 111.293324226 85.507293496
v 92.846985207 109.531058263 86.576162792
v 92.501383694 111.252266493 85.507293496
v 92.282061345 111.240426055 85.400000000
v 92.500507645 111.231663846 85.507293496
v 92.801871500 109.480879016 86.576162792
v 92.947421102 110.125867954 86.154393759
v 92.720910470 110.066820665 85.963656944
v 92.778838882 109.456205172 86.576162792
v 92.675164156 109.520837516 86.359729104
v 92.497979873 111.190206994 85.507293496
v 92.276583238 111.167325803 85.400000000
v 92.811428435 110.677624336 85.790633074
v 92.605087362 110.684120515 85.637883782
v 92.731867683 109.407738567 86.576162792
v 92.629835964 109.474935931 86.359729104
v 92.707930449 109.383947053 86.576162792
v 92.884149551 110.018730322 86.154393759
v 92.683686873 109.360445354 86.576162792
v 92.583355407 109.430160425 86.359729104
v 92.867824405 109.992988062 86.154393759
v 92.490546488 111.113116763 85.507293496
v 92.267468194 111.094589481 85.400000000
v 92.851240489 109.967544312 86.154393759
v 92.634340985 109.314370262 86.576162792
v 92.535719293 109.386513036 86.359729104
v 92.777752037 110.580209361 85.790633074
v 92.588632901 110.639125201 85.637883782
v 92.834374961 109.942358186 86.154393759
v 92.484990626 111.071141528 85.507293496
v 92.609213475 109.291774297 86.576162792
v 92.768314532 110.555418805 85.790633074
v 92.571228242 110.594998813 85.637883782
v 92.817217122 109.917410598 86.154393759
v 92.481797593 111.050077203 85.507293496
v 92.758689043 110.531059989 85.790633074
v 92.558151857 109.247559084 86.576162792
v 92.327961357 109.219325104 86.359729104
v 92.748863620 110.507071862 85.790633074
v 92.552875891 110.551661228 85.637883782
v 92.738822824 110.483393593 85.790633074
v 92.533567415 110.509031813 85.637883782
v 92.474639949 111.008209883 85.507293496
v 92.254738875 111.022397924 85.400000000
v 92.470642413 110.987223141 85.507293496
v 92.466417492 110.966468425 85.507293496
v 92.449226893 109.160307557 86.576162792
v 92.457133985 110.924895747 85.507293496
v 92.238426927 110.950930610 85.400000000
v 92.395023649 109.120195693 86.576162792
v 92.662834757 109.718582576 86.154393759
v 92.424942285 109.702474713 85.963656944
v 92.452153141 110.904414179 85.507293496
v 92.367591592 109.100678141 86.576162792
v 92.275367648 109.182287363 86.359729104
v 92.441368376 110.863435238 85.507293496
v 92.218572905 110.880365220 85.400000000
v 92.311897989 109.062601152 86.576162792
v 92.221795960 109.146522944 86.359729104
v 92.645524184 110.293934356 85.790633074
v 92.443414047 110.339296325 85.637883782
v 92.283750750 109.044120031 86.576162792
v 92.577857958 109.625078487 86.154393759
v 92.255277877 109.025929278 86.576162792
v 92.167233053 109.112033045 86.359729104
v 92.556637707 109.603184484 86.154393759
v 92.535153426 109.581564742 86.154393759
v 92.417511787 110.784711621 85.507293496
v 92.195226168 110.810877189 85.400000000
v 92.197785302 108.990695921 86.576162792
v 92.111664779 109.078823039 86.359729104
v 92.591204863 110.201955523 85.790633074
v 92.418623187 110.298982868 85.637883782
v 92.513390023 109.560204194 86.154393759
v 92.168610878 108.973559876 86.576162792
v 92.577189547 110.179855510 85.790633074
v 92.392893622 110.259387103 85.637883782
v 92.491331162 109.539088305 86.154393759
v 92.403717811 110.744592456 85.507293496
v 92.562952073 110.158011772 85.790633074
v 92.396412253 110.724580744 85.507293496
v 92.109778260 108.940470372 86.576162792
v 91.879555131 108.959271309 86.359729104
v 92.548472831 110.136389206 85.790633074
v 92.366208341 110.220473163 85.637883782
v 92.533742639 110.114971428 85.790633074
v 92.338568102 110.182239343 85.637883782
v 92.381224843 110.685285714 85.507293496
v 92.168444761 110.742639277 85.400000000
v 92.373233324 110.665707723 85.507293496
v 92.365083759 110.646432329 85.507293496
v 91.988246952 108.878032934 86.576162792
v 92.348009308 110.608057230 85.507293496
v 92.138295266 110.675821132 85.400000000
v 91.927388811 108.849611870 86.576162792
v 92.299268679 109.375460429 86.154393759
v 92.060596333 109.406506528 85.963656944
v 92.339177733 110.589162917 85.507293496
v 91.896802763 108.836015449 86.576162792
v 91.821008227 108.933634806 86.359729104
v 92.320758292 110.551590656 85.507293496
v 92.104852639 110.610588875 85.400000000
v 91.834847728 108.809845342 86.576162792
v 91.761643201 108.909374220 86.359729104
v 92.401203684 109.944275389 85.790633074
v 92.213773025 110.031039959 85.637883782
v 91.803747051 108.797385845 86.576162792
v 92.197614651 109.301620431 86.154393759
v 91.772248219 108.785219298 86.576162792
v 91.701377730 108.886478213 86.359729104
v 92.172506488 109.284579953 86.154393759
v 92.147126790 109.267812536 86.154393759
v 92.280216544 110.476226059 85.507293496
v 92.068200025 110.547104685 85.400000000
v 91.709064822 108.762161304 86.576162792
v 91.640119761 108.864943922 86.359729104
v 92.328250169 109.864001103 85.790633074
v 92.181316842 109.996489201 85.637883782
v 92.121451670 109.251306397 86.154393759
v 91.676991178 108.751131856 86.576162792
v 92.310032351 109.845204861 85.790633074
v 92.148014295 109.962765383 85.637883782
v 92.095456693 109.235051193 86.154393759
v 92.258942427 110.440025731 85.507293496
v 92.291587860 109.826644075 85.790633074
v 92.247943912 110.422085560 85.507293496
v 91.612728555 108.730372868 86.576162792
v 91.399122954 108.796429523 86.359729104
v 92.272903739 109.808305810 85.790633074
v 92.113865108 109.929868895 85.637883782
v 92.253965965 109.790177588 85.790633074
v 92.078866935 109.897801231 85.637883782
v 92.225347083 110.386724576 85.507293496
v 92.028428547 110.485526393 85.400000000
v 92.213697992 110.369223399 85.507293496
v 92.201856190 110.351903596 85.507293496
v 91.486589517 108.694684412 86.576162792
v 92.177491065 110.317656394 85.507293496
v 91.985637084 110.426007092 85.400000000
v 91.421252933 108.678761479 86.576162792
v 91.878320964 109.115915304 86.154393759
v 91.652459658 109.195066217 85.963656944
v 92.165000713 110.300776104 85.507293496
v 91.388614830 108.671448340 86.576162792
v 91.336755065 108.782735205 86.359729104
v 92.139361614 110.267445385 85.507293496
v 91.939932021 110.368694757 85.400000000
v 92.089078216 109.649701260 85.790633074
v 91.926227529 109.774968538 85.637883782
v 91.322320565 108.657890395 86.576162792
v 91.273462301 108.770476310 86.359729104
v 91.289241069 108.651768453 86.576162792
v 91.766876692 109.065339084 86.154393759
v 91.255586126 108.645975342 86.576162792
v 91.209172749 108.759689793 86.359729104
v 91.739098911 109.053764426 86.154393759
v 91.711019557 109.042469301 86.154393759
v 92.083560822 110.200381161 85.507293496
v 91.891426990 110.313731874 85.400000000
v 92.001807117 109.586308812 85.790633074
v 91.887587019 109.747756972 85.637883782
v 91.682579870 109.031438320 86.154393759
v 91.188481694 108.635723980 86.576162792
v 91.144054825 108.750453765 86.359729104
v 91.980251484 109.571679375 85.790633074
v 91.848227990 109.721480914 85.637883782
v 92.055385737 110.169042469 85.507293496
v 91.653716054 109.020657707 86.154393759
v 91.154469910 108.631183999 86.576162792
v 91.958462735 109.557284363 85.790633074
v 92.041001063 110.153632791 85.507293496
v 91.936420362 109.543113662 85.790633074
v 91.808140714 109.696141243 85.637883782
v 91.086731488 108.623445597 86.576162792
v 90.909082062 108.731014671 86.359729104
v 91.914103390 109.529158390 85.790633074
v 91.767314797 109.671741907 85.637883782
v 92.011665908 110.123363704 85.507293496
v 91.840242580 110.261255091 85.400000000
v 91.996716269 110.108505072 85.507293496
v 91.981575309 110.093827440 85.507293496
v 90.963900271 108.613801377 86.576162792
v 91.950757079 110.065051936 85.507293496
v 91.786506045 110.211394873 85.400000000
v 91.935064071 110.050939967 85.507293496
v 91.426257137 108.949712138 86.154393759
v 91.228334728 109.073120693 85.963656944
v 90.896842961 108.610905381 86.576162792
v 91.903174307 110.023326022 85.507293496
v 91.730350983 110.164275181 85.400000000
v 90.863536997 108.610086270 86.576162792
v 90.845419064 108.729448844 86.359729104
v 91.727689984 109.426878922 85.790633074
v 91.596784228 109.583907452 85.637883782
v 90.830274544 108.609677878 86.576162792
v 90.781993047 108.729448904 86.359729104
v 91.312417074 108.923105147 86.154393759
v 90.763872312 108.610086412 86.576162792
v 90.718331244 108.731014807 86.359729104
v 91.282992453 108.917155307 86.154393759
v 91.835146862 109.968834395 85.507293496
v 91.671917002 110.120013161 85.400000000
v 90.730566960 108.610905598 86.576162792
v 91.253103071 108.911495553 86.154393759
v 91.632013853 109.383458683 85.790633074
v 91.553769916 109.565072357 85.637883782
v 91.222691308 108.906131358 86.154393759
v 91.801295043 109.943783135 85.507293496
v 91.608166323 109.373521711 85.790633074
v 91.510154531 109.547248145 85.637883782
v 91.191811669 108.901089047 86.154393759
v 90.663510896 108.613801702 86.576162792
v 91.784162766 109.931593742 85.507293496
v 91.584059890 109.363824723 85.790633074
v 91.559644106 109.354354505 85.790633074
v 91.465877591 109.530426487 85.637883782
v 91.749380165 109.907813333 85.507293496
v 91.611349380 110.078718855 85.400000000
v 91.534864204 109.345099230 85.790633074
v 91.420871464 109.514605280 85.637883782
v 91.731801231 109.896271227 85.507293496
v 90.540679601 108.623446197 86.576162792
v 90.483358385 108.750454253 86.359729104
v 91.714018928 109.884910467 85.507293496
v 91.678112806 109.862906004 85.507293496
v 91.548798697 110.040494928 85.400000000
v 90.472943808 108.631184415 86.576162792
v 91.659892359 109.852203946 85.507293496
v 90.438933350 108.635724253 86.576162792
v 90.418243001 108.759689986 86.359729104
v 90.968213967 108.876533353 86.154393759
v 90.813708499 109.035079826 85.963656944
v 91.623149334 109.831538395 85.507293496
v 91.484420464 110.005436411 85.400000000
v 90.371832873 108.645975010 86.576162792
v 90.353957240 108.770475850 86.359729104
v 91.339588227 109.284191680 85.790633074
v 91.243811515 109.464267866 85.637883782
v 90.338179920 108.651767740 86.576162792
v 90.305102637 108.657889207 86.576162792
v 90.290668708 108.782733805 86.359729104
v 90.858607955 108.872053595 86.154393759
v 91.547248788 109.792544034 85.507293496
v 91.418374735 109.973630464 85.400000000
v 90.828671670 108.871686645 86.154393759
v 90.238812811 108.671446025 86.576162792
v 90.228304142 108.796427175 86.359729104
v 90.798743025 108.871686660 86.154393759
v 91.241855283 109.261349287 85.790633074
v 91.197989932 109.454206673 85.637883782
v 90.206176449 108.678758624 86.576162792
v 91.509240753 109.774794087 85.507293496
v 90.768807311 108.872053627 86.154393759
v 91.216593923 109.256241284 85.790633074
v 91.151488845 109.445200084 85.637883782
v 91.490138698 109.766302647 85.507293496
v 91.190933561 109.251382322 85.790633074
v 90.140843343 108.694680337 86.576162792
v 91.164824729 109.246777102 85.790633074
v 91.104255419 109.437275248 85.637883782
v 91.451445614 109.749958501 85.507293496
v 91.350825711 109.945156163 85.400000000
v 91.138314220 109.242448223 85.790633074
v 91.056413389 109.430489554 85.637883782
v 91.432022156 109.742177110 85.507293496
v 90.659201272 108.876533465 86.154393759
v 90.399082270 109.073120693 85.963656944
v 91.412350034 109.734578676 85.507293496
v 90.014704288 108.730367967 86.576162792
v 89.987307312 108.864940522 86.359729104
v 91.372889796 109.720178154 85.507293496
v 91.281941328 109.920084298 85.400000000
v 89.950442715 108.751126165 86.576162792
v 91.352858685 109.713289878 85.507293496
v 89.918369588 108.762155194 86.576162792
v 89.926050343 108.886474163 86.359729104
v 91.312724433 109.700325165 85.507293496
v 91.211892846 109.898477203 85.400000000
v 89.855183441 108.785213740 86.576162792
v 89.865782263 108.909370882 86.359729104
v 90.946353139 109.221366891 85.790633074
v 90.883779295 109.416207684 85.637883782
v 89.823683234 108.797380617 86.576162792
v 90.435603529 108.901089329 86.154393759
v 89.792578614 108.809841531 86.576162792
v 89.806409738 108.933634397 86.359729104
v 90.404725099 108.906131458 86.154393759
v 91.233946198 109.678036478 85.507293496
v 91.140854414 109.880388595 85.400000000
v 90.374315129 108.911495333 86.154393759
v 89.730615749 108.836014787 86.576162792
v 89.747850050 108.959276659 86.359729104
v 90.344427743 108.917154681 86.154393759
v 90.852255175 109.217520969 85.790633074
v 90.837006198 109.415057273 85.637883782
v 89.700023009 108.849614210 86.576162792
v 91.193141218 109.668092050 85.507293496
v 90.315004688 108.923104153 86.154393759
v 90.826554545 109.217205939 85.790633074
v 91.172757583 109.663524740 85.507293496
v 90.800860475 109.217205951 85.790633074
v 90.790407210 109.415057317 85.637883782
v 89.639151629 108.878041815 86.576162792
v 90.775160336 109.217520997 85.790633074
v 90.743634990 109.416207784 85.637883782
v 91.131354499 109.655057329 85.507293496
v 91.069002646 109.865863447 85.400000000
v 91.110695198 109.651233962 85.507293496
v 90.201164636 108.949710901 86.154393759
v 89.974957340 109.195066217 85.963656944
v 91.089676511 109.647615962 85.507293496
v 89.517620651 108.940480249 86.576162792
v 89.515740822 109.078829658 86.359729104
v 90.681062349 109.221366987 85.790633074
v 90.571000825 109.430489913 85.637883782
v 91.047767450 109.641213628 85.507293496
v 90.996516176 109.854937870 85.400000000
v 89.458773805 108.973578586 86.576162792
v 91.026525903 109.638378252 85.507293496
v 89.429592398 108.990719335 86.576162792
v 89.460159073 109.112048335 86.359729104
v 89.372089903 109.025960292 86.576162792
v 89.405586620 109.146545308 86.359729104
v 90.984220892 109.633545350 85.507293496
v 90.923575218 109.847639026 85.400000000
v 89.343612189 109.044155047 86.576162792
v 89.973705688 109.020655969 86.154393759
v 89.315464635 109.062637341 86.576162792
v 89.352014114 109.182311527 86.359729104
v 89.944842349 109.031436332 86.154393759
v 89.916401440 109.042467721 86.154393759
v 89.259770473 109.100716713 86.576162792
v 89.299432795 109.219341622 86.359729104
v 90.907508506 109.627522198 85.507293496
v 90.850361113 109.843985062 85.400000000
v 90.489101233 109.242448465 85.790633074
v 90.523160662 109.437275390 85.637883782
v 89.888318545 109.053764238 86.154393759
v 89.232345050 109.120230512 86.576162792
v 90.462591762 109.246777188 85.790633074
v 90.475930022 109.445199746 85.637883782
v 89.860534689 109.065341465 86.154393759
v 90.436484469 109.251382134 85.790633074
v 90.865628875 109.625713547 85.507293496
v 89.178154809 109.160334365 86.576162792
v 90.410825820 109.256240746 85.790633074
v 90.429432044 109.454205645 85.637883782
v 90.844828137 109.625201984 85.507293496
v 90.385565804 109.261348433 85.790633074
v 90.383612902 109.464266141 85.637883782
v 90.824054573 109.624946928 85.507293496
v 90.777055885 109.843985062 85.400000000
v 89.749090493 109.115917988 86.154393759
v 89.566820665 109.406506528 85.963656944
v 90.782584059 109.625202072 85.507293496
v 89.069231179 109.247587759 86.576162792
v 89.091676565 109.386531926 86.359729104
v 90.761783704 109.625713683 85.507293496
v 90.287832870 109.284190618 85.790633074
v 90.206552936 109.514602782 85.637883782
v 89.018199185 109.291778149 86.576162792
v 88.993086028 109.314361142 86.576162792
v 89.044067883 109.430154513 86.359729104
v 90.719904850 109.627522400 85.507293496
v 90.703841780 109.847639026 85.400000000
v 88.943783397 109.360394355 86.576162792
v 88.997628117 109.474889429 86.359729104
v 88.919560668 109.383874302 86.576162792
v 88.895643966 109.407643316 86.576162792
v 88.952339086 109.520747977 86.359729104
v 89.531954988 109.235054471 86.154393759
v 90.643192416 109.633545724 85.507293496
v 90.630900822 109.854937870 85.400000000
v 89.505953661 109.251313796 86.154393759
v 88.848712133 109.456063400 86.576162792
v 88.908185062 109.567746313 86.359729104
v 89.480273960 109.267823126 86.154393759
v 90.600889047 109.638378512 85.507293496
v 90.092556868 109.345097737 85.790633074
v 90.161547543 109.530423511 85.637883782
v 88.825690555 109.480721678 86.576162792
v 89.454893755 109.284591174 86.154393759
v 90.579648328 109.641213799 85.507293496
v 90.558414352 109.865863447 85.400000000
v 90.067777374 109.354352798 85.790633074
v 90.117268686 109.547245692 85.637883782
v 89.429791395 109.301627964 86.154393759
v 88.780597761 109.530868977 86.576162792
v 90.043360542 109.363823366 85.790633074
v 90.019251068 109.373521550 85.790633074
v 90.073647792 109.565072056 85.637883782
v 90.537741737 109.647615755 85.507293496
v 89.995398323 109.383460727 85.790633074
v 90.030624088 109.583911383 85.637883782
v 90.516724292 109.651233517 85.507293496
v 90.496066373 109.655056587 85.507293496
v 90.486562584 109.880388595 85.400000000
v 89.328137726 109.375468548 86.154393759
v 89.202474713 109.702474713 85.963656944
v 88.691239645 109.638243788 86.576162792
v 88.738312873 109.773534314 86.359729104
v 90.454666062 109.663523293 85.507293496
v 88.650176227 109.691615979 86.576162792
v 89.899722257 109.426881227 85.790633074
v 89.860093828 109.671746770 85.637883782
v 90.434283514 109.668090267 85.507293496
v 88.630171718 109.718646380 86.576162792
v 88.700683588 109.825579052 86.359729104
v 90.393480707 109.678033933 85.507293496
v 90.415524152 109.898477203 85.400000000
v 88.591108968 109.773543781 86.576162792
v 88.664317561 109.878604976 86.359729104
v 88.572124456 109.801307423 86.576162792
v 88.553424400 109.829399964 86.576162792
v 88.629209263 109.932634057 86.359729104
v 89.136076097 109.539097512 86.154393759
v 89.114029905 109.560201354 86.154393759
v 90.314702461 109.700322104 85.507293496
v 90.345475670 109.920084298 85.400000000
v 88.517152923 109.886162169 86.576162792
v 88.595355280 109.987694728 86.359729104
v 89.092285749 109.581542703 86.154393759
v 88.499484077 109.914987168 86.576162792
v 89.713309044 109.529161205 85.790633074
v 89.819258010 109.696152477 85.637883782
v 89.070820435 109.603142562 86.154393759
v 90.274568864 109.713286324 85.507293496
v 89.690986619 109.543120013 85.790633074
v 89.779163721 109.721497344 85.637883782
v 89.049611494 109.625023690 86.154393759
v 90.254538076 109.720174338 85.507293496
v 90.276591287 109.945156163 85.400000000
v 88.465311904 109.973152843 86.576162792
v 89.668940314 109.557293455 85.790633074
v 89.647151129 109.571689007 85.790633074
v 89.739804091 109.747774726 85.637883782
v 90.215076120 109.734575205 85.507293496
v 89.625600478 109.586315279 85.790633074
v 89.701172684 109.774980674 85.637883782
v 90.195403141 109.742173845 85.507293496
v 88.964631729 109.718525210 86.154393759
v 88.906506528 110.066820665 85.963656944
v 90.175977219 109.749956121 85.507293496
v 90.209042263 109.973630464 85.400000000
v 88.400419680 110.093834279 86.576162792
v 88.472676444 110.218732498 86.359729104
v 90.137279245 109.766302234 85.507293496
v 88.370849526 110.154184428 86.576162792
v 89.538329688 109.649708231 85.790633074
v 89.548534531 109.897815109 85.637883782
v 90.118173011 109.774795548 85.507293496
v 88.356673700 110.184533566 86.576162792
v 88.446324227 110.276936956 86.359729104
v 90.080156708 109.792549581 85.507293496
v 90.142996534 110.005436411 85.400000000
v 88.329314138 110.246075278 86.576162792
v 88.421321198 110.336014004 86.359729104
v 88.316256927 110.276986897 86.576162792
v 88.303489383 110.308295139 86.576162792
v 88.397677033 110.395996408 86.359729104
v 88.810242916 109.917348843 86.154393759
v 88.793082109 109.942299144 86.154393759
v 90.004256368 109.831544564 85.507293496
v 90.078618301 110.040494928 85.400000000
v 88.279224817 110.371133038 86.576162792
v 88.375407944 110.456915683 86.359729104
v 88.776196426 109.967514167 86.154393759
v 88.267598082 110.403006693 86.576162792
v 89.373442672 109.790185492 85.790633074
v 89.513556513 109.929864551 85.637883782
v 88.759570949 109.993021725 86.154393759
v 89.967504457 109.852215631 85.507293496
v 89.354515774 109.808303372 85.790633074
v 89.479437294 109.962731219 85.637883782
v 88.743190955 110.018852627 86.154393759
v 89.949279649 109.862920628 85.507293496
v 90.016067618 110.078718855 85.400000000
v 88.245639117 110.466905284 86.576162792
v 89.335848177 109.826625154 85.790633074
v 89.317419969 109.845168870 85.790633074
v 89.446163520 109.996423416 85.637883782
v 89.913367332 109.884929836 85.507293496
v 89.299211860 109.863954059 85.790633074
v 89.413723632 110.030953015 85.637883782
v 89.895582005 109.896293096 85.507293496
v 88.679926185 110.125993186 86.154393759
v 88.695066217 110.474957340 85.963656944
v 89.878002874 109.907835934 85.507293496
v 89.955499996 110.120013161 85.400000000
v 88.207451808 110.592957436 86.576162792
v 88.303713905 110.697810240 86.359729104
v 89.843219925 109.931617832 85.507293496
v 88.190352884 110.657917870 86.576162792
v 89.226255800 109.944226139 85.790633074
v 89.288918820 110.182145114 85.637883782
v 89.826091791 109.943804881 85.507293496
v 88.182449323 110.690385803 86.576162792
v 88.289300555 110.759842037 86.359729104
v 89.792248092 109.968851138 85.507293496
v 89.897066015 110.164275181 85.400000000
v 88.167731586 110.756158310 86.576162792
v 88.571265122 110.346680924 86.154393759
v 88.559535735 110.374347131 86.154393759
v 89.724221480 110.023343930 85.507293496
v 89.840910953 110.211394873 85.400000000
v 88.548077230 110.402330651 86.154393759
v 89.093711310 110.114918411 85.790633074
v 89.261272648 110.220382295 85.637883782
v 88.536883632 110.430666510 86.154393759
v 89.692350218 110.050942372 85.507293496
v 89.078978568 110.136338517 85.790633074
v 89.234554589 110.259340352 85.637883782
v 88.525951059 110.459389750 86.154393759
v 89.676666174 110.065046240 85.507293496
v 89.787174418 110.261255091 85.400000000
v 89.064482024 110.157985891 85.790633074
v 89.050208870 110.179884410 85.790633074
v 89.208760582 110.299035427 85.637883782
v 89.645874959 110.093795589 85.507293496
v 89.036146465 110.202060523 85.790633074
v 89.183888117 110.339488410 85.637883782
v 89.630747018 110.108459637 85.507293496
v 89.615810203 110.123304216 85.507293496
v 89.735990008 110.313731874 85.400000000
v 88.486728081 110.572859820 86.154393759
v 89.586499634 110.153544250 85.507293496
v 88.981832966 110.294041869 85.790633074
v 89.093756182 110.509231471 85.637883782
v 89.572121854 110.168944205 85.507293496
v 89.543959829 110.200262945 85.507293496
v 89.687484977 110.368694757 85.400000000
v 88.426149818 110.800621590 86.154393759
v 89.488152565 110.267322266 85.507293496
v 89.641779914 110.426007092 85.400000000
v 88.420048874 110.829881845 86.154393759
v 88.414250129 110.859512329 86.154393759
v 88.888546251 110.483504713 85.790633074
v 89.074395253 110.551994188 85.637883782
v 89.462507026 110.300655063 85.507293496
v 89.450013512 110.317536493 85.507293496
v 89.598988451 110.485526393 85.400000000
v 88.878476444 110.507256456 85.790633074
v 89.056025569 110.595397997 85.637883782
v 88.868639191 110.531280615 85.790633074
v 89.425617460 110.351821837 85.507293496
v 88.859029364 110.555607261 85.790633074
v 89.038654242 110.639466968 85.637883782
v 89.413760969 110.369161201 85.507293496
v 88.849643631 110.580266478 85.790633074
v 89.022293179 110.684224257 85.637883782
v 89.402082131 110.386705974 85.507293496
v 89.559216973 110.547104685 85.400000000
v 89.379429327 110.422155954 85.507293496
v 89.368394515 110.440158173 85.507293496
v 88.815970274 110.677681778 85.790633074
v 88.969619689 110.861209083 85.637883782
v 89.347052799 110.476484668 85.507293496
v 89.522564359 110.610588875 85.400000000
v 89.306525339 110.551854440 85.507293496
v 89.489121732 110.675821132 85.400000000
v 89.288057745 110.589545216 85.507293496
v 88.763963170 110.873217757 85.790633074
v 88.959030225 110.906783740 85.637883782
v 89.279204446 110.608499313 85.507293496
v 89.458972237 110.742639277 85.400000000
v 88.758725443 110.898338007 85.790633074
v 88.753747157 110.923776102 85.790633074
v 89.262117444 110.646934261 85.507293496
v 89.253962760 110.666239648 85.507293496
v 89.245988983 110.685792738 85.507293496
v 89.432190830 110.810877189 85.400000000
v 89.230834914 110.725037201 85.507293496
v 89.223573612 110.744943412 85.507293496
v 89.209859471 110.784850314 85.507293496
v 89.408844093 110.880365220 85.400000000
v 89.186010163 110.863574286 85.507293496
v 89.388990071 110.950930610 85.400000000
v 89.175331287 110.904144345 85.507293496
v 89.170395237 110.924421704 85.507293496
v 89.372678123 111.022397924 85.400000000
v 89.161203497 110.965498932 85.507293496
v 88.517881323 111.559084793 85.996111700
v 88.568797669 111.808896199 85.985232983
v 88.411504465 111.843592303 86.177858029
v 88.496049939 112.111258975 86.166100924
v 88.362640303 112.157167773 86.372188838
v 88.485245487 112.435164485 86.359729104
v 88.377467441 112.487073549 86.576162792
v 88.384800677 112.502179293 86.576162792
v 88.499360042 112.464010523 86.359729104
v 88.399771236 112.532299047 86.576162792
v 88.528749502 112.521336715 86.359729104
v 88.430924589 112.592143822 86.576162792
v 88.544021925 112.549801691 86.359729104
v 88.438964475 112.607016991 86.576162792
v 88.447044884 112.621744954 86.576162792
v 88.559561990 112.577918545 86.359729104
v 88.463501135 112.651087047 86.576162792
v 88.591767921 112.633702284 86.359729104
v 88.497588573 112.709288852 86.576162792
v 88.608429837 112.661354427 86.359729104
v 88.506353649 112.723733191 86.576162792
v 88.515162972 112.738048520 86.576162792
v 88.625360086 112.688675679 86.359729104
v 88.533067069 112.766543900 86.576162792
v 88.660306800 112.742786751 86.359729104
v 88.570007668 112.822967461 86.576162792
v 88.678317899 112.769562376 86.359729104
v 88.579476635 112.836949784 86.576162792
v 88.588994559 112.850817447 86.576162792
v 88.696599078 112.796021295 86.359729104
v 88.608304543 112.878396783 86.576162792
v 88.734203024 112.848329138 86.359729104
v 88.648009152 112.932906564 86.576162792
v 88.753519068 112.874164534 86.359729104
v 88.658158656 112.946393683 86.576162792
v 88.668362620 112.959778697 86.576162792
v 88.773107627 112.899694504 86.359729104
v 88.689032042 112.986372837 86.576162792
v 88.813276691 112.950069127 86.359729104
v 88.744609268 111.770115264 85.809980265
v 88.820694108 111.999542730 85.800271725
v 88.649480422 112.058460622 85.974414532
v 88.760778880 112.302459532 85.963656944
v 88.613528555 112.373379602 86.154393759
v 88.731402567 113.038834013 86.576162792
v 88.833849183 112.974901027 86.359729104
v 88.620151234 112.387021665 86.154393759
v 88.742207028 113.051792988 86.576162792
v 88.753072910 113.064661670 86.576162792
v 88.854698605 112.999437944 86.359729104
v 88.633671210 112.414222946 86.154393759
v 88.786008913 112.353219449 85.963656944
v 88.775052251 113.090204133 86.576162792
v 88.897334951 113.047754621 86.359729104
v 88.647556503 112.441307790 86.154393759
v 88.812600141 112.403531405 85.963656944
v 88.661805940 112.468269024 86.154393759
v 88.669066796 112.481701048 86.154393759
v 88.819984689 113.140487469 86.576162792
v 88.919112650 113.071522509 86.359729104
v 88.676364248 112.495001936 86.154393759
v 88.831417102 113.152886807 86.576162792
v 88.842919280 113.165206781 86.576162792
v 88.941173565 113.095004782 86.359729104
v 88.691225961 112.521500908 86.154393759
v 88.840333887 112.452980753 85.963656944
v 88.866156073 113.189633759 86.576162792
v 88.986173867 113.141144051 86.359729104
v 88.706441992 112.547856990 86.154393759
v 88.869386489 112.501883801 85.963656944
v 88.722010475 112.574063213 86.154393759
v 88.729926254 112.587107959 86.154393759
v 88.913540754 113.237615611 86.576162792
v 89.009102896 113.163790157 86.359729104
v 88.737881991 112.600036195 86.154393759
v 88.925572745 113.249425268 86.576162792
v 88.937684101 113.261165429 86.576162792
v 89.032323095 113.186158650 86.359729104
v 88.754051260 112.625770497 86.154393759
v 88.899560170 112.549906219 85.963656944
v 88.962122943 113.284415723 86.576162792
v 89.079578553 113.230006194 86.359729104
v 88.770562267 112.651336289 86.154393759
v 88.931004506 112.597287208 85.963656944
v 88.787412476 112.676726862 86.154393759
v 88.795963942 112.689354359 86.154393759
v 89.011844544 113.329977906 86.576162792
v 89.103602409 113.251475432 86.359729104
v 88.804559620 112.701878306 86.154393759
v 89.024446377 113.341169249 86.576162792
v 89.037137989 113.352299497 86.576162792
v 89.127926247 113.272672951 86.359729104
v 88.821998551 112.726785324 86.154393759
v 88.963547413 112.643765860 85.963656944
v 89.062719910 113.374313992 86.576162792
v 89.177321358 113.314118619 86.359729104
v 88.839765056 112.751499135 86.154393759
v 88.997306915 112.689511506 85.963656944
v 88.857855957 112.776013346 86.154393759
v 88.867022019 112.788193622 86.154393759
v 89.114656159 113.417342778 86.576162792
v 89.202380279 113.334358120 86.359729104
v 88.876237263 112.800281686 86.154393759
v 89.127796398 113.427888345 86.576162792
v 89.141035632 113.438378241 86.576162792
v 89.227745012 113.354326872 86.359729104
v 88.894903908 112.824298971 86.154393759
v 89.032140772 112.734329864 85.963656944
v 89.167694235 113.459097293 86.576162792
v 89.279150084 113.393259892 86.359729104
v 89.006895307 111.935467349 85.646270586
v 89.102990637 112.137640327 85.637883782
v 88.913882387 112.848099380 86.154393759
v 89.068131348 112.778327575 85.963656944
v 88.924829873 112.223447769 85.790633074
v 88.933168914 112.871676887 86.154393759
v 88.930515514 112.235159631 85.790633074
v 89.113360577 112.158833463 85.637883782
v 88.942926470 112.883380194 86.154393759
v 89.221708022 113.499478504 86.576162792
v 89.305177231 113.412216764 86.359729104
v 88.952739496 112.895001957 86.154393759
v 89.105172709 112.821373608 85.963656944
v 88.942122563 112.258512229 85.790633074
v 89.235351534 113.509350848 86.576162792
v 89.249102898 113.519171114 86.576162792
v 89.331514675 113.430901214 86.359729104
v 88.972589135 112.918069467 86.154393759
v 88.954043239 112.281764865 85.790633074
v 89.134952964 112.200950920 85.637883782
v 89.276766133 113.538537526 86.576162792
v 89.384789369 113.467215788 86.359729104
v 88.992733361 112.940897541 86.154393759
v 89.143305355 112.863515572 85.963656944
v 88.966276537 112.304911380 85.790633074
v 89.146173587 112.221864090 85.637883782
v 88.972510061 112.316442920 85.790633074
v 89.013167816 112.963480568 86.154393759
v 88.978775005 112.327861878 85.790633074
v 89.157590847 112.242521495 85.637883782
v 89.023492478 112.974678465 86.154393759
v 89.332709295 113.576162342 86.576162792
v 89.411712706 113.484839845 86.359729104
v 89.033880145 112.985804686 86.154393759
v 89.182465804 112.904681754 85.963656944
v 88.991533948 112.350611537 85.790633074
v 89.346818239 113.585335449 86.576162792
v 89.361044247 113.594458947 86.576162792
v 89.438950893 113.502188577 86.359729104
v 89.054865394 113.007864797 86.154393759
v 89.004597077 112.373238522 85.790633074
v 89.181252490 112.283505715 85.637883782
v 89.389636170 113.612419885 86.576162792
v 89.493947686 113.535787463 86.359729104
v 89.076126546 113.029664089 86.154393759
v 89.222646809 112.944864938 85.963656944
v 89.017962791 112.395736852 85.790633074
v 89.193493972 112.303821697 85.637883782
v 89.024758574 112.406935910 85.790633074
v 89.097658707 113.051197417 86.154393759
v 89.031588662 112.418034942 85.790633074
v 89.205932597 112.323894576 85.637883782
v 89.108524850 113.061862770 86.154393759
v 89.447353164 113.647188546 86.576162792
v 89.521691784 113.552032947 86.359729104
v 89.119462669 113.072465360 86.154393759
v 89.263832984 112.984048140 85.963656944
v 89.045470157 112.440128123 85.790633074
v 89.461887940 113.655638731 86.576162792
v 89.476549204 113.664040615 86.576162792
v 89.549755142 113.567998950 86.359729104
v 89.141533494 113.093462803 86.154393759
v 89.059645037 112.462076636 85.790633074
v 89.231607890 112.363649889 85.637883782
v 89.505990170 113.680547912 86.576162792
v 89.606319707 113.598794018 86.359729104
v 89.163860164 113.114179299 86.154393759
v 89.305963937 113.022174174 85.963656944
v 89.074111127 112.483874721 85.790633074
v 89.244840614 112.383321896 85.637883782
v 89.081452654 112.494715566 85.790633074
v 89.186437289 113.134610210 86.154393759
v 89.088832138 112.505467512 85.790633074
v 89.258271765 112.402761219 85.637883782
v 89.197818059 113.144717160 86.154393759
v 89.565318480 113.712370291 86.576162792
v 89.634805944 113.613619865 86.359729104
v 89.209279910 113.154768936 86.154393759
v 89.349076463 113.059274776 85.963656944
v 89.103803652 112.526850461 85.790633074
v 89.580237839 113.720076336 86.576162792
v 89.595293171 113.727734208 86.576162792
v 89.663615500 113.628160836 86.359729104
v 89.232383054 113.174650322 86.154393759
v 89.119056391 112.548067539 85.790633074
v 89.285899321 112.441191704 85.637883782
v 89.625500051 113.742744670 86.576162792
v 89.721587147 113.656073645 86.359729104
v 89.255720666 113.194231974 86.154393759
v 89.393053152 113.095249128 85.963656944
v 89.134587628 112.569113257 85.790633074
v 89.300090787 112.460172925 85.637883782
v 89.142456793 112.579570158 85.790633074
v 89.279286907 113.213509807 86.154393759
v 89.150368181 112.589947894 85.790633074
v 89.314482468 112.478929751 85.637883782
v 89.291153915 113.223033555 86.154393759
v 89.686270660 113.771540868 86.576162792
v 89.303110325 113.232507026 86.154393759
v 89.166393701 112.610566996 85.790633074
v 89.701531827 113.778484165 86.576162792
v 89.327185826 113.251218492 86.154393759
v 89.437980141 113.130166622 85.963656944
v 89.182686933 112.630999909 85.790633074
v 89.343994611 112.515939903 85.637883782
v 89.292190864 112.046515956 85.507293496
v 89.489121732 111.951595866 85.400000000
v 89.351473100 113.269612962 86.154393759
v 89.483685859 113.163894545 85.963656944
v 89.199244628 112.651241458 85.790633074
v 89.359109187 112.534183858 85.637883782
v 89.296770726 112.055950021 85.507293496
v 89.207621597 112.661288875 85.790633074
v 89.375965913 113.287686940 86.154393759
v 89.216046188 112.671266286 85.790633074
v 89.374427222 112.552211089 85.637883782
v 89.306120363 112.074760860 85.507293496
v 89.522564359 112.016828122 85.400000000
v 89.388287428 113.296602697 86.154393759
v 89.400706345 113.305471422 86.154393759
v 89.233087320 112.691069997 85.790633074
v 89.405752074 112.587709270 85.637883782
v 89.425689133 113.322961313 86.154393759
v 89.530305895 113.196532544 85.963656944
v 89.250381360 112.710668148 85.790633074
v 89.325576720 112.112136012 85.507293496
v 89.330597910 112.121424826 85.507293496
v 89.450859759 113.340118611 86.154393759
v 89.577614701 113.227923939 85.963656944
v 89.267924563 112.730055925 85.790633074
v 89.421752112 112.605171498 85.637883782
v 89.335644407 112.130622953 85.507293496
v 89.276788399 112.739669442 85.790633074
v 89.476211647 113.356940449 86.154393759
v 89.285706325 112.749221426 85.790633074
v 89.437960230 112.622423884 85.637883782
v 89.345921911 112.148948115 85.507293496
v 89.559216973 112.080312313 85.400000000
v 89.488953496 113.365224722 86.154393759
v 89.501801067 113.373464193 86.154393759
v 89.303722392 112.768160273 85.790633074
v 89.471021877 112.656322328 85.637883782
v 89.527622557 113.389684795 86.154393759
v 89.625799808 113.258193410 85.963656944
v 89.321975324 112.786875204 85.790633074
v 89.367210706 112.185297175 85.507293496
v 89.372684803 112.194318169 85.507293496
v 89.553606829 113.405558974 86.154393759
v 89.674579653 113.287165896 85.963656944
v 89.340460920 112.805361802 85.790633074
v 89.487867795 112.672960384 85.637883782
v 89.378186532 112.203258592 85.507293496
v 89.349789624 112.814518125 85.790633074
v 89.579747026 113.421084525 86.154393759
v 89.359179861 112.823620565 85.790633074
v 89.504927637 112.689394478 85.637883782
v 89.389368267 112.221054953 85.507293496
v 89.598988451 112.141890605 85.400000000
v 89.592873446 113.428715923 86.154393759
v 89.606114098 113.436303701 86.154393759
v 89.378127907 112.841647100 85.790633074
v 89.539646142 112.721609195 85.637883782
v 89.632702363 113.451211513 86.154393759
v 89.724195619 113.314985669 85.963656944
v 89.397295598 112.859432439 85.790633074
v 89.412438961 112.256293437 85.507293496
v 89.418352662 112.265025886 85.507293496
v 89.659427361 113.465760934 86.154393759
v 89.774308706 113.341465067 85.963656944
v 89.416678308 112.876972600 85.790633074
v 89.557296429 112.737382608 85.637883782
v 89.424296937 112.273686726 85.507293496
v 89.426448823 112.885649528 85.790633074
v 89.686282019 113.479950443 86.154393759
v 89.436288948 112.894279088 85.790633074
v 89.575167111 112.752956390 85.637883782
v 89.436356697 112.290910985 85.507293496
v 89.641779914 112.201409906 85.400000000
v 89.699755757 113.486909806 86.154393759
v 89.713352293 113.493825663 86.154393759
v 89.456123251 112.911347476 85.790633074
v 89.611457616 112.783406452 85.637883782
v 89.740632259 113.507381677 86.154393759
v 89.825215445 113.366762349 85.963656944
v 89.476158847 112.928158540 85.790633074
v 89.461153612 112.324954247 85.507293496
v 89.467492332 112.333377424 85.507293496
v 89.768022056 113.520569277 86.154393759
v 89.496390724 112.944708770 85.790633074
v 89.629868364 112.798276380 85.637883782
v 89.473865064 112.341736832 85.507293496
v 89.506578680 112.952885012 85.790633074
v 89.795514461 113.533387649 86.154393759
v 89.516843389 112.961018091 85.790633074
v 89.648503790 112.812947388 85.637883782
v 89.486773840 112.358345802 85.507293496
v 89.687484977 112.258722241 85.400000000
v 89.809296887 113.539658171 86.154393759
v 89.537512471 112.977082090 85.790633074
v 89.686271011 112.841551413 85.637883782
v 89.558363362 112.992873945 85.790633074
v 89.513235712 112.391109639 85.507293496
v 89.519983476 112.399202971 85.507293496
v 89.579390711 113.008390653 85.790633074
v 89.705393112 112.855478995 85.637883782
v 89.526769599 112.407239912 85.507293496
v 89.589968867 113.016044928 85.790633074
v 89.600630643 113.023658826 85.790633074
v 89.724743187 112.869206429 85.637883782
v 89.622078641 113.038674089 85.790633074
v 89.554427051 112.438978653 85.507293496
v 89.735990008 112.313685124 85.400000000
v 89.643687899 113.053403818 85.790633074
v 89.763884015 112.895886685 85.637883782
v 89.568558342 112.454595772 85.507293496
v 89.575698283 112.462339592 85.507293496
v 89.665452774 113.067845551 85.790633074
v 89.783664546 112.908835050 85.637883782
v 89.582881795 112.470033846 85.507293496
v 89.676391791 113.074957690 85.790633074
v 89.687421571 113.082031366 85.790633074
v 89.803676397 112.921581134 85.637883782
v 89.709589605 113.095956931 85.790633074
v 89.612096971 112.500364481 85.507293496
v 89.787174418 112.366161907 85.400000000
v 89.731897387 113.109585088 85.790633074
v 89.844082447 112.946266179 85.637883782
v 89.626987372 112.515255690 85.507293496
v 89.634501771 112.522631233 85.507293496
v 89.754339033 113.122913943 85.790633074
v 89.864465989 112.958201709 85.637883782
v 89.642065736 112.529963373 85.507293496
v 89.765608209 113.129465583 85.790633074
v 89.776975454 113.135979774 85.790633074
v 89.885084092 112.969931905 85.637883782
v 89.799801771 113.148778294 85.790633074
v 89.672768484 112.558810329 85.507293496
v 89.840910953 112.416022125 85.400000000
v 89.822745475 113.161269131 85.790633074
v 89.926641982 112.992556990 85.637883782
v 89.688381523 112.572939169 85.507293496
v 89.696251807 112.579928553 85.507293496
v 89.845800493 113.173450981 85.790633074
v 89.947570773 113.003449515 85.637883782
v 89.704178162 112.586879782 85.507293496
v 89.857367846 113.179425670 85.790633074
v 89.869040621 113.185363009 85.790633074
v 89.968737106 113.014132741 85.637883782
v 89.892460771 113.197000996 85.790633074
v 89.736293913 112.614170145 85.507293496
v 89.897066015 112.463141817 85.400000000
v 89.915975212 113.208322695 85.790633074
v 90.011328777 113.034640235 85.637883782
v 89.752590967 112.627501583 85.507293496
v 89.760797505 112.634087658 85.507293496
v 89.939577744 113.219327408 85.790633074
v 89.769065869 112.640638965 85.507293496
v 89.951410108 113.224710720 85.790633074
v 89.802510777 112.666299291 85.507293496
v 89.955499996 112.507403837 85.400000000
v 89.819448595 112.678798213 85.507293496
v 89.827969445 112.684963837 85.507293496
v 89.836557652 112.691096936 85.507293496
v 89.853834308 112.703191936 85.507293496
v 90.016067618 112.548698143 85.400000000
v 89.888772767 112.726689948 85.507293496
v 89.897584295 112.732418874 85.507293496
v 89.906468934 112.738116817 85.507293496
v 89.924325589 112.749334050 85.507293496
v 90.078618301 112.586922070 85.400000000
v 89.960371867 112.771048294 85.507293496
v 89.969449343 112.776325729 85.507293496
v 89.978605814 112.781572999 85.507293496
v 89.996992726 112.791882383 85.507293496
v 90.142996534 112.621980587 85.400000000
v 90.034045328 112.811756570 85.507293496
v 90.043362989 112.816569264 85.507293496
v 90.052765569 112.821351873 85.507293496
v 90.071630821 112.830726430 85.507293496
v 90.209042263 112.653786534 85.400000000
v 90.109584189 112.848710662 85.507293496
v 90.119115320 112.853046994 85.507293496
v 91.787987078 111.876208499 85.400000000
v 90.813708499 112.438708499 85.400000000
v 91.787987078 110.751208499 85.400000000
v 89.839429920 111.876208499 85.400000000
v 90.813708499 110.188708499 85.400000000
v 89.839429920 110.751208499 85.400000000
v 89.839429920 111.876208499 86.200000000
v 90.813708499 112.438708499 86.200000000
v 89.839429920 110.751208499 86.200000000
v 90.813708499 110.188708499 86.200000000
v 91.787987078 110.751208499 86.200000000
v 91.787987078 111.876208499 86.200000000
v 90.881893349 109.915369926 94.842392911
v 90.882954279 109.915421951 94.967233135
v 90.947964278 109.920160782 94.847154130
v 90.950114759 109.920369363 94.971992093
v 91.011296238 109.927721860 94.851740509
v 91.013462540 109.928032133 94.976524721
v 91.074233959 109.938162619 94.856318473
v 91.076411314 109.938576677 94.981082269
v 91.136645541 109.951463404 94.860876387
v 91.138830860 109.951983325 94.985665554
v 91.198400495 109.967598523 94.865402721
v 91.200490498 109.968197568 94.990255142
v 91.259283650 109.986507371 94.869890640
v 91.261363882 109.987207605 94.994838895
v 91.319259097 110.008174634 94.874363243
v 91.321323011 110.008975771 94.999400527
v 91.378201200 110.032557437 94.878836717
v 91.380241541 110.033458402 95.003923769
v 91.435986070 110.059606977 94.883327256
v 91.437942859 110.060579812 95.008405940
v 91.492434072 110.089236491 94.887847717
v 91.494358383 110.090305122 95.012877946
v 91.547465873 110.121399667 94.892402851
v 91.549375919 110.122577308 95.017354532
v 91.600991291 110.156044436 94.896981459
v 91.602879758 110.157331082 95.021849856
v 91.652897847 110.193100843 94.901570100
v 91.654714710 110.194463871 95.026372158
v 91.703075708 110.232493337 94.906155229
v 91.709700198 110.237976864 95.031375757
v 91.751418606 110.274141326 94.910723299
v 91.758549052 110.280618228 95.036020686
v 91.797824666 110.317959848 94.915260855
v 91.809127677 110.329259672 95.041055507
v 91.842149144 110.363808569 94.919757451
v 91.849365089 110.371681779 95.045248196
v 91.884336128 110.411623935 94.924232910
v 91.895121389 110.424582220 95.050250462
v 91.924312518 110.461324326 94.928704812
v 91.937557804 110.478865642 95.055152863
v 91.961993126 110.512807491 94.933189033
v 91.973094197 110.528963442 95.059492235
v 91.997274752 110.565931216 94.937698062
v 92.004422910 110.577366749 95.063539737
v 92.030075775 110.620563410 94.942233822
v 92.031933484 110.623833354 95.067339496
v 92.060364990 110.676647864 94.946792454
v 92.063255845 110.682336216 95.072027122
v 92.088077879 110.734070098 94.951364857
v 92.092295120 110.743431707 95.076825634
v 92.113154450 110.792711308 94.955941780
v 92.118590517 110.806478351 95.081691503
v 92.135539878 110.852449213 94.960513889
v 92.141761278 110.870678444 95.086573148
v 92.155185012 110.913159008 94.965071849
v 92.161540041 110.935092429 95.091411428
v 92.172046742 110.974714380 94.969606397
v 92.176297459 110.992225458 95.095651261
v 92.186088211 111.036988557 94.974108415
v 92.190238764 111.058435289 95.100474228
v 92.197265175 111.099766682 94.978580971
v 92.201245788 111.127321454 95.105411763
v 92.205572105 111.162989961 94.983060505
v 92.208551348 111.193653270 95.110113557
v 92.210992326 111.226540898 94.987562673
v 92.212743342 111.261733106 95.114909794
v 92.213512607 111.290288656 94.992102064
v 92.213593696 111.331637809 95.119828349
v 92.213126566 111.354069834 94.996681141
v 92.210834272 111.401581341 95.124871028
v 92.209837211 111.417749324 95.001270920
v 92.205080964 111.468894400 95.124997550
v 92.203649650 111.481230087 95.005858861
v 92.195974057 111.535838930 95.124997550
v 92.194574612 111.544378727 95.010431439
v 92.183648088 111.602266156 95.124997550
v 92.182634066 111.607038994 95.014974680
v 92.168131764 111.668021380 95.124997550
v 92.167867878 111.669028204 95.019487287
v 92.150290881 111.730297849 95.023983950
v 92.149461220 111.732951470 95.124997550
v 92.129937010 111.790721235 95.028473327
v 92.127679935 111.796905215 95.124997550
v 92.105009543 111.854578315 95.033300476
v 92.102838634 111.859733677 95.124997550
v 92.078473497 111.914015455 95.037894111
v 92.074995169 111.921290539 95.124997550
v 92.047495703 111.975349423 95.042764414
v 92.044214383 111.981432447 95.124997550
v 92.015489520 112.031846599 95.047396177
v 92.010567958 112.040019339 95.124997550
v 91.979088047 112.089524527 95.052298657
v 91.974134251 112.096914777 95.124997550
v 91.942454194 112.141919306 95.056894176
v 91.934998111 112.151986261 95.124997550
v 91.905984767 112.189455342 95.061185572
v 91.893250678 112.205105539 95.124997550
v 91.869973168 112.232569174 95.065191185
v 91.848989176 112.256148906 95.124997550
v 91.834649533 112.271664346 95.068928765
v 91.802316681 112.304997489 95.124997550
v 91.789206816 112.317901289 95.073500216
v 91.753341887 112.351537529 95.124997550
v 91.740756353 112.362795095 95.078140103
v 91.702178847 112.395660643 95.124997550
v 91.689768186 112.405734129 95.082819923
v 91.648946710 112.437264074 95.124997550
v 91.636873415 112.446139509 95.087505552
v 91.593769447 112.476250936 95.124997550
v 91.584400950 112.482482800 95.092025107
v 91.536775554 112.512530435 95.124997550
v 91.525621214 112.519187776 95.096977134
v 91.478097761 112.546018082 95.124997550
v 91.469418148 112.550658252 95.101607574
v 91.417872719 112.576635890 95.124997550
v 91.410021830 112.580361539 95.106378528
v 91.356240682 112.604312555 95.124997550
v 91.351951332 112.606107052 95.110932379
v 91.293345180 112.628983624 95.124997550
v 91.291461246 112.629668920 95.115569686
v 91.229332685 112.650591641 95.124997550
v 91.228410981 112.650877781 95.120297095
v 91.164352273 112.669086285 95.124997550
v 90.813708499 112.415124829 87.399978746
v 90.747234407 112.413299271 87.405976292
v 90.700672486 112.409655766 87.410188287
v 90.318283032 112.297523232 87.446421160
v 90.375083679 112.324345745 87.440748048
v 90.010907300 112.068288039 87.481165158
v 90.056932563 112.114104033 87.475313169
v 89.820602840 111.790707113 87.511723876
v 89.795186540 111.733213569 87.517400153
v 89.713133917 111.363704546 87.551720336
v 89.717972603 111.426517290 87.546031357
v 89.770257194 110.960930755 87.588693113
v 89.751655477 111.020980922 87.583017134
v 89.913500862 110.678829814 87.617335575
v 89.951186296 110.628193521 87.623036065
v 90.204120636 110.396056987 87.654188755
v 90.551715011 110.243704519 87.688599221
v 90.951003534 110.220586465 87.724976315
v 90.884011778 110.214028329 87.718897826
v 91.268905122 110.310668117 87.754863335
v 91.325822846 110.338286650 87.760575679
v 91.597252049 110.539226637 87.791218250
v 91.640013618 110.585310711 87.796895087
v 91.839888188 110.912485223 87.831634512
v 91.814341602 110.853006499 87.825798818
v 91.912476869 111.233471493 87.861513666
v 91.915076825 111.296319335 87.867193417
v 91.874590602 111.610207084 87.895843887
v 91.855067322 111.673533298 87.901813160
v 91.665408926 112.012220441 87.937090958
v 91.704644565 111.961761540 87.931318230
v 91.431771456 112.225506482 87.965729928
v 91.378585633 112.259602835 87.971434943
v 91.059641299 112.387615585 88.002620553
v 90.618343848 112.398025029 88.042717951
v 90.680766562 112.407237340 88.037019233
v 90.298835165 112.287743785 88.073417705
v 89.990104964 112.045359054 88.108984274
v 89.783378749 111.703364641 88.145299360
v 89.807078641 111.761517480 88.139628415
v 89.714893938 111.391438307 88.174195467
v 89.711988841 111.326604957 88.180044630
v 89.759524115 110.993633043 88.210586736
v 89.779681928 110.934071626 88.216264686
v 89.964036765 110.612353537 88.249861726
v 89.930321304 110.655686214 88.244918547
v 90.257525363 110.362875319 88.284866447
v 90.202909460 110.396755679 88.279059216
v 90.612435641 110.230579215 88.319209338
v 90.550636291 110.244100207 88.313497458
v 90.946475297 110.219901065 88.349568038
v 91.011257060 110.229992029 88.355463902
v 91.355243755 110.354342481 88.388602374
v 91.299172582 110.324990683 88.382888168
v 91.661763330 110.610537838 88.424932609
v 91.617377142 110.559875392 88.418854763
v 91.852913934 110.947897860 88.460067638
v 91.830045305 110.888969500 88.454359837
v 91.914868877 111.279760269 88.490699142
v 91.914823659 111.342678187 88.496380182
v 91.859584290 111.659869971 88.525499369
v 91.837730671 111.720573401 88.531321778
v 91.671842971 112.004551991 88.561188255
v 91.630834217 112.052328231 88.566873081
v 91.392338282 112.251096348 88.594958963
v 91.345329248 112.278783304 88.599864488
v 90.994919877 112.400278234 88.633576530
v 91.057088379 112.388264386 88.627857803
v 90.616202763 112.397507714 88.667915732
v 90.242384822 112.255529188 88.704256199
v 90.300070269 112.288491972 88.698275342
v 89.994702235 112.050281429 88.733377495
v 89.953642055 112.002195073 88.739087034
v 89.787468791 111.714762682 88.769233277
v 89.765071255 111.651107918 88.775316427
v 89.713004333 111.265730219 88.810568738
v 89.712258019 111.328871500 88.804866186
v 89.779268182 110.934821462 88.841189366
v 89.972197656 110.602619025 88.875991261
v 90.280606426 110.349689036 88.912267271
v 90.638724635 110.226019029 88.946618986
v 90.982996567 110.225040646 88.977859200
v 91.044700580 110.236641943 88.983529199
v 91.395835376 110.378399543 89.017863726
v 91.341164022 110.346726751 89.012158460
v 91.650230208 110.596683906 89.048291143
v 91.692077051 110.648999586 89.054326013
v 91.847019447 110.932089038 89.083544803
v 91.867383963 110.991906650 89.089250881
v 91.912796937 111.387257698 89.125424465
v 91.915483146 111.319772517 89.119337833
v 91.845122674 111.700517130 89.154425387
v 91.821448721 111.759045487 89.160127065
v 91.639298539 112.043098416 89.190744128
v 90.959437803 112.405624796 89.261816993
v 90.580879682 112.390512165 89.296167230
v 90.206383189 112.232713007 89.333102644
v 90.259638666 112.265993292 89.327431431
v 89.930930681 111.972786060 89.367442408
v 89.970341601 112.022229955 89.361733339
v 89.752210926 111.607917721 89.404368624
v 89.770548843 111.668043206 89.398692423
v 89.712338933 111.294102270 89.433006375
v 89.715083576 111.230987954 89.438711129
v 89.791266947 110.903275223 89.469260098
v 89.808605101 110.862882598 89.473221258
v 90.023558920 110.546025511 89.507923351
v 89.979189753 110.594819277 89.501967841
v 90.360950057 110.309508236 89.545393929
v 90.312303650 110.332683943 89.540534973
v 90.408031346 110.289085506 89.550001679
v 90.466410146 112.567725552 87.259760802
v 90.492993491 112.471739009 87.343334832
v 90.636950361 112.401398813 87.415991238
v 90.574497532 112.389504674 87.421742591
v 90.540325499 112.381346745 87.424923217
v 90.506260675 112.372017332 87.428121105
v 90.472615588 112.361600344 87.431308807
v 90.439331871 112.350088975 87.434493292
v 90.056756906 112.370898651 87.294698302
v 90.114696442 112.289977879 87.378272332
v 90.262763687 112.267350350 87.452125107
v 90.208810278 112.233954673 87.457850771
v 90.156706996 112.197491337 87.463588303
v 90.106578597 112.158019136 87.469343914
v 89.738414208 112.046454773 87.329635802
v 89.820720729 111.990367991 87.413209832
v 89.968279160 112.020512430 87.486946679
v 89.928910623 111.970742485 87.492688139
v 89.888789046 111.912923657 87.499062278
v 89.852521373 111.852553681 87.505435845
v 89.552846439 111.631541172 87.364573302
v 89.649356920 111.607213226 87.448147332
v 89.772940115 111.674042295 87.523105920
v 89.753994688 111.613477373 87.528831976
v 89.738462513 111.551822244 87.534568447
v 89.726433418 111.489393628 87.540305088
v 89.519559313 111.178235995 87.399510802
v 89.735129291 111.088465525 87.576740061
v 89.618617699 111.188605501 87.483084832
v 89.711997008 111.294223803 87.557998873
v 89.715295568 111.225148106 87.564249376
v 89.723009592 111.156541480 87.570490292
v 89.646016363 110.741658571 87.434448302
v 89.735395316 110.785445132 87.518022332
v 89.792375521 110.901615052 87.594406476
v 89.817888552 110.843446907 87.600137543
v 89.846678943 110.786730592 87.605876272
v 89.878604434 110.731763591 87.611612361
v 89.913471056 110.374162086 87.469385802
v 89.982378157 110.446078024 87.552959832
v 89.995852613 110.575166283 87.629300924
v 90.043518947 110.525407385 87.635529350
v 90.094053578 110.479035964 87.641728963
v 90.147548701 110.435945600 87.647936409
v 90.292056720 110.122645120 87.504323302
v 90.331985644 110.213812983 87.587897332
v 90.257802566 110.362838848 87.659887829
v 90.314119571 110.332225822 87.665672434
v 90.371585693 110.305080841 87.671406638
v 90.430544034 110.281196663 87.677146044
v 90.490690452 110.260703081 87.682880298
v 90.733636184 110.014953965 87.539260802
v 90.739765180 110.114364860 87.622834832
v 90.613309116 110.230278474 87.694293120
v 90.682074907 110.219608023 87.700581793
v 90.749493193 110.213499469 87.706709352
v 90.816817055 110.211653404 87.712811804
v 91.185099330 110.067585732 87.574198302
v 91.156671868 110.162968020 87.657772332
v 91.017662661 110.231280567 87.731057069
v 91.083779047 110.246032072 87.737152513
v 91.150273621 110.265119429 87.743391490
v 91.210288897 110.286236062 87.749131917
v 91.591714749 110.270693068 87.609135802
v 91.532163621 110.350528860 87.692709832
v 91.380765021 110.368945223 87.766259588
v 91.439218027 110.406400055 87.772534411
v 91.494623498 110.447185301 87.778754087
v 91.547157447 110.491352659 87.784957816
v 91.902290671 110.602553620 87.644073302
v 91.818967053 110.656987726 87.727647332
v 91.680324902 110.634013234 87.802601364
v 91.717969030 110.685107862 87.808327855
v 91.752740514 110.738343492 87.814064652
v 91.784782462 110.794038939 87.819859111
v 92.081415170 111.020289498 87.679010802
v 91.984380780 111.042748742 87.762584832
v 91.861588669 110.972590484 87.837407860
v 91.879547353 111.033395369 87.843146516
v 91.895224227 111.102008918 87.849521505
v 91.905460311 111.164487551 87.855249180
v 92.104049677 111.474246020 87.713948302
v 92.005282768 111.461957956 87.797522332
v 91.914112131 111.359558695 87.872901881
v 91.909565320 111.422876006 87.878629784
v 91.901443668 111.485947039 87.884367206
v 91.889780208 111.548443916 87.890103880
v 91.970869219 111.908816878 87.748885802
v 91.882296375 111.863265347 87.832459832
v 91.832355441 111.734078533 87.907641210
v 91.806417836 111.792361734 87.913403225
v 91.773681639 111.854969106 87.919798201
v 91.740830405 111.909223011 87.925544096
v 91.694844995 112.269925565 87.783823302
v 91.627399943 112.196733602 87.867397332
v 91.623797678 112.059861550 87.942800108
v 91.579402455 112.105246158 87.948528672
v 91.532438819 112.148131106 87.954266683
v 91.483143929 112.188287578 87.960003860
v 91.312419293 112.515566419 87.818760802
v 91.274246347 112.423572306 87.902334832
v 91.317906350 112.293533056 87.977716182
v 91.255627367 112.323308733 87.983955273
v 91.191907575 112.348873197 87.990161107
v 91.126624147 112.370296731 87.996370531
v 90.868431062 112.612845923 87.853698302
v 90.864242419 112.513405720 87.937272332
v 90.997762932 112.399698595 88.008313057
v 90.934351542 112.408412127 88.014089695
v 90.871022391 112.413490431 88.019822014
v 90.807428718 112.414993174 88.025561254
v 90.743900843 112.412905247 88.031297070
v 90.417834816 112.553248309 87.888635802
v 90.448136274 112.458369902 87.972209832
v 90.550159604 112.383697292 88.049013816
v 90.484855134 112.365575767 88.055146821
v 90.421190723 112.343509298 88.061251966
v 90.359168730 112.317545999 88.067339125
v 90.016106538 112.340637766 87.923573302
v 90.077157585 112.262033261 88.007147332
v 90.240281776 112.254185304 88.079498082
v 90.183659668 112.217004446 88.085593245
v 90.128526465 112.175875174 88.091795285
v 90.079844685 112.134914757 88.097535559
v 90.033625362 112.091333892 88.103268614
v 89.710692551 112.004020553 87.958510802
v 89.795120977 111.951181824 88.042084832
v 89.949493882 111.997226481 88.114672979
v 89.907984903 111.941482013 88.120954379
v 89.870496960 111.883690124 88.127181879
v 89.836995521 111.823912236 88.133376135
v 89.541438531 111.582188917 87.993448302
v 89.638822211 111.561638553 88.077022332
v 89.762889112 111.643611728 88.151001235
v 89.745732826 111.582544548 88.156724958
v 89.732014070 111.520468813 88.162460713
v 89.721748445 111.457271423 88.168235439
v 89.525817256 111.127936974 88.028385802
v 89.624396638 111.142156531 88.111959832
v 89.712911288 111.262592881 88.185826977
v 89.717584995 111.199293957 88.191571072
v 89.727151547 111.129537392 88.197948730
v 89.741284131 111.060500220 88.204324760
v 89.669177572 110.696617288 88.063323302
v 89.756783690 110.743851456 88.146897332
v 89.803308494 110.875420865 88.221971821
v 89.830307958 110.817979100 88.227698911
v 89.860557485 110.762046026 88.233436063
v 89.893908781 110.707915799 88.239173019
v 89.950745525 110.339814346 88.098260802
v 90.016799517 110.414359371 88.181834832
v 89.998838598 110.571898833 88.254666871
v 90.043304609 110.525595959 88.260459768
v 90.095528478 110.477712632 88.266870449
v 90.150708875 110.433493311 88.273278168
v 90.338840508 110.103232148 88.133198302
v 90.375188448 110.195885943 88.216772332
v 90.313020182 110.332700033 88.290568400
v 90.370370067 110.305591506 88.296292469
v 90.429291332 110.281703506 88.302028832
v 90.489483604 110.261169708 88.307767265
v 90.784278093 110.012820815 88.168135802
v 90.786530792 110.112394988 88.251709832
v 90.680658829 110.219884869 88.325452905
v 90.747840778 110.213629195 88.331569493
v 90.814602697 110.211602998 88.337625641
v 90.880859066 110.213725531 88.343624139
v 91.233348667 110.082995399 88.203073302
v 91.201228044 110.177198181 88.286647332
v 91.059498481 110.240077300 88.359898261
v 91.121499222 110.256293955 88.365681133
v 91.181997862 110.275840605 88.371417333
v 91.241325514 110.298777801 88.377156456
v 91.631745663 110.301784533 88.238010802
v 91.569130439 110.379240483 88.321584832
v 91.409264104 110.386678398 88.394289530
v 91.466462046 110.425815146 88.400554210
v 91.519711077 110.467447645 88.406675592
v 91.570016064 110.512152320 88.412772542
v 91.929161422 110.645488938 88.272948302
v 91.843781029 110.696636636 88.356522332
v 91.703109592 110.664013691 88.431018113
v 91.741314480 110.720096287 88.437127450
v 91.774185316 110.774904534 88.442893369
v 91.803759097 110.831206075 88.448631741
v 92.091880854 111.069884082 88.307885802
v 91.994045386 111.088547196 88.391459832
v 91.872262738 111.007695772 88.465745773
v 91.889550545 111.074838888 88.472012558
v 91.902338809 111.142326355 88.478222259
v 91.910759651 111.210520680 88.484432844
v 92.096818425 111.524377726 88.342823302
v 91.998605020 111.508252418 88.426397332
v 91.911200851 111.405832990 88.502089534
v 91.903996524 111.468909260 88.507817857
v 91.893207056 111.531718906 88.513566930
v 91.878100392 111.596999454 88.519598127
v 91.946814276 111.953432043 88.377760802
v 91.860082676 111.904465523 88.461334832
v 91.812594187 111.779235823 88.537095130
v 91.784209895 111.835939856 88.542839663
v 91.748794822 111.896859544 88.549221831
v 91.713822422 111.949257033 88.554916558
v 91.656935769 112.303516752 88.412698302
v 91.592392412 112.227753610 88.496272332
v 91.586962614 112.097946278 88.572585175
v 91.540431386 112.141164111 88.578315147
v 91.491468790 112.181749399 88.584052996
v 91.440320910 112.219487488 88.589788727
v 91.265233497 112.534077333 88.447635802
v 91.230672305 112.440666335 88.531209832
v 91.298104167 112.303523268 88.604669139
v 91.239496333 112.330232882 88.610491850
v 91.179875039 112.353184561 88.616281794
v 91.119100328 112.372507770 88.622065096
v 90.817793472 112.613991514 88.482573302
v 90.817480795 112.514463624 88.566147332
v 90.932357962 112.408708246 88.639275086
v 90.869141721 112.413614277 88.644996839
v 90.805589429 112.414953047 88.650732061
v 90.742028689 112.412705809 88.656470570
v 90.678789202 112.406879442 88.662202049
v 90.369860167 112.536890241 88.517510802
v 90.403833762 112.443263933 88.601084832
v 90.549026539 112.383330094 88.674127390
v 90.483897791 112.365273073 88.680251892
v 90.420741276 112.343409081 88.686304645
v 90.359488875 112.317798398 88.692304206
v 89.976716981 112.308795332 88.552448302
v 90.040783033 112.232628151 88.636022332
v 90.184959452 112.217981297 88.710446580
v 90.133975490 112.180194821 88.716172816
v 90.085100917 112.139510837 88.721910232
v 90.038595504 112.096132239 88.727648558
v 89.684644564 111.960538882 88.587385802
v 89.813680143 111.776703655 88.763156187
v 89.771066788 111.911028382 88.670959832
v 89.915609840 111.952118193 88.744767773
v 89.877591063 111.895233303 88.750956329
v 89.843712389 111.836871211 88.757068610
v 89.531947565 111.532435532 88.622323302
v 89.630057715 111.515693454 88.705897332
v 89.746492849 111.585842996 88.781426680
v 89.731601077 111.518293093 88.787665328
v 89.721577891 111.455477652 88.793404381
v 89.715118689 111.392227920 88.799141435
v 89.534029390 111.077919836 88.657260802
v 89.631980190 111.095967867 88.740834832
v 89.717341144 111.203113175 88.816239892
v 89.726327841 111.134474719 88.822497226
v 89.739608013 111.067218729 88.828694805
v 89.757245546 111.000692518 88.834915178
v 89.694079074 110.652510679 88.692198302
v 89.779779150 110.703120910 88.775772332
v 89.802780366 110.876391472 88.846875757
v 89.829692622 110.819093638 88.852588689
v 89.859888969 110.763223801 88.858318715
v 89.893577686 110.708521483 88.864111624
v 89.931724932 110.653869400 88.870108808
v 89.989329419 110.306944353 88.727135802
v 90.052430074 110.384005354 88.810709832
v 90.015003247 110.554556959 88.881803059
v 90.060132722 110.509562149 88.887570710
v 90.107583069 110.467553363 88.893312690
v 90.163166945 110.424216270 88.899694078
v 90.220700157 110.385081811 88.905982453
v 90.386343869 110.085656351 88.762073302
v 90.419055747 110.179655455 88.845647332
v 90.336731786 110.320913554 88.917961204
v 90.394662869 110.295234033 88.923679670
v 90.454116046 110.272797466 88.929413062
v 90.514789527 110.253731486 88.935151253
v 90.576317145 110.238145700 88.940879205
v 90.834964659 110.012661578 88.797010802
v 90.833337643 110.112247939 88.880584832
v 90.707752416 110.216888059 88.952908721
v 90.776553698 110.212254479 88.959140375
v 90.845267817 110.212070242 88.965351371
v 90.914035381 110.216323916 88.971578687
v 91.280961514 110.100272377 88.831948302
v 91.245196449 110.193152723 88.915522332
v 91.106012791 110.251809588 88.989230511
v 91.166626674 110.270492444 88.994954058
v 91.226229637 110.292612860 89.000690054
v 91.284509982 110.318067035 89.006428292
v 91.670535321 110.334411450 88.866885802
v 91.604951011 110.409370030 88.950459832
v 91.452931799 110.416179892 89.024059315
v 91.506848976 110.456931379 89.030182174
v 91.557665377 110.500619325 89.036248350
v 91.605442687 110.547213519 89.042276677
v 91.954339582 110.689438218 88.901823302
v 91.867031970 110.737221895 88.985397332
v 91.732203421 110.705954994 89.060613868
v 91.765627843 110.759929256 89.066342234
v 91.796011905 110.815801712 89.072080370
v 91.823189934 110.873287121 89.077817986
v 92.100407091 111.119848635 88.936760802
v 92.001918998 111.134687299 89.020334832
v 91.884194433 111.052441728 89.094926917
v 91.898387203 111.118808676 89.101067659
v 91.908309024 111.185511912 89.107175936
v 91.913996319 111.252506517 89.113260951
v 92.087640178 111.574189758 88.971698302
v 91.990129305 111.554251676 89.055272332
v 91.905970443 111.454865005 89.131543998
v 91.896048035 111.517056791 89.137225244
v 91.882520626 111.579212865 89.142964392
v 91.865516429 111.640472123 89.148701204
v 91.921040005 111.997076519 89.006635802
v 91.836281251 111.944769309 89.090209832
v 91.794622430 111.815775859 89.165797070
v 91.761275059 111.876418290 89.172052858
v 91.724440188 111.934199461 89.178247649
v 91.683790090 111.989754266 89.184469289
v 91.338581012 112.282377811 89.225557401
v 91.617747347 112.335606063 89.041573302
v 91.556203599 112.257386701 89.125147332
v 91.596131210 112.088966908 89.196430741
v 91.550211914 112.132541498 89.202143573
v 91.501756500 112.173588986 89.207873220
v 91.450257613 112.212436251 89.213688714
v 91.394896460 112.249404679 89.219678282
v 91.217362575 112.550736510 89.076510802
v 91.186465580 112.456050365 89.160084832
v 91.281235852 112.311543455 89.231368092
v 91.222829905 112.337013548 89.237135736
v 91.163339103 112.358862507 89.242878110
v 91.095779407 112.378991134 89.249259790
v 91.028131467 112.394456534 89.255530896
v 90.767148615 112.613164050 89.111448302
v 90.770712460 112.513699497 89.195022332
v 90.896678470 112.412004564 89.267511801
v 90.833367189 112.414843127 89.273230860
v 90.769822029 112.414106956 89.278964542
v 90.706370781 112.409787201 89.284702705
v 90.643409485 112.401920842 89.290428844
v 90.322558996 112.518676167 89.146385802
v 90.360153176 112.426444024 89.229959832
v 90.513253058 112.373893799 89.302457544
v 90.447456470 112.353157098 89.308691865
v 90.383342444 112.328294791 89.314907784
v 90.320775668 112.299264848 89.321142233
v 89.938601432 112.275443216 89.181323302
v 90.005584972 112.201828914 89.264897332
v 90.154794065 112.196255583 89.338804878
v 90.105138305 112.156780599 89.344529037
v 90.057678786 112.114474472 89.350265324
v 90.012667909 112.069547564 89.356003527
v 89.660309772 111.916075738 89.216260802
v 89.748594660 111.869968591 89.299834832
v 89.891016924 111.915981849 89.373714891
v 89.855001899 111.857047550 89.379957661
v 89.822900619 111.796042946 89.386189184
v 89.794737918 111.733023781 89.392427937
v 89.524386593 111.482349435 89.251198302
v 89.623075483 111.469441109 89.334772332
v 89.737214761 111.546466611 89.410077713
v 89.725667372 111.484040588 89.415805982
v 89.717642829 111.420953601 89.421543706
v 89.713191717 111.357531568 89.427280593
v 89.544183257 111.028260473 89.286135802
v 89.641356847 111.050109593 89.369709832
v 89.722318842 111.161618692 89.445012935
v 89.733619418 111.094737827 89.451151995
v 89.749012407 111.029131083 89.457255478
v 89.768456179 110.964778050 89.463337750
v 89.720735055 110.609410422 89.321073302
v 89.804394796 110.663319686 89.404647332
v 89.837177889 110.804418033 89.479080990
v 89.868310975 110.748932028 89.484818168
v 89.903111991 110.694400991 89.490654439
v 89.937718346 110.646232482 89.496005901
v 90.029164190 110.275601981 89.356010802
v 90.089215762 110.355062029 89.439584832
v 90.054274412 110.515434241 89.511839560
v 90.101999221 110.472376995 89.517649662
v 90.154032307 110.430869058 89.523674624
v 90.206832108 110.393802648 89.529515457
v 90.262659207 110.359473664 89.535442228
v 90.492993487 112.471739024 87.510415181
v 90.466410144 112.567725560 87.593989205
v 90.114696433 112.289977892 87.545352681
v 90.056756901 112.370898657 87.628926705
v 89.820720716 111.990367999 87.580290181
v 89.738414201 112.046454777 87.663864205
v 89.649356905 111.607213230 87.615227681
v 89.552846431 111.631541174 87.698801705
v 89.618617684 111.188605499 87.650165181
v 89.519559305 111.178235994 87.733739205
v 89.735395302 110.785445125 87.685102681
v 89.646016356 110.741658567 87.768676705
v 89.982378146 110.446078012 87.720040181
v 89.913471051 110.374162081 87.803614205
v 90.331985637 110.213812969 87.754977681
v 90.292056717 110.122645112 87.838551705
v 90.739765179 110.114364844 87.789915181
v 90.733636184 110.014953957 87.873489205
v 91.156671872 110.162968005 87.824852681
v 91.185099332 110.067585724 87.908426705
v 91.532163630 110.350528847 87.859790181
v 91.591714754 110.270693061 87.943364205
v 91.818967066 110.656987718 87.894727681
v 91.902290678 110.602553615 87.978301705
v 91.984380795 111.042748739 87.929665181
v 92.081415178 111.020289496 88.013239205
v 92.005282783 111.461957958 87.964602681
v 92.104049685 111.474246021 88.048176705
v 91.882296389 111.863265354 87.999540181
v 91.970869226 111.908816881 88.083114205
v 91.627399953 112.196733613 88.034477681
v 91.694845001 112.269925571 88.118051705
v 91.274246353 112.423572320 88.069415181
v 91.312419296 112.515566426 88.152989205
v 90.864242420 112.513405736 88.104352681
v 90.868431063 112.612845931 88.187926705
v 90.448136270 112.458369917 88.139290181
v 90.417834813 112.553248317 88.222864205
v 90.077157576 112.262033273 88.174227681
v 90.016106533 112.340637772 88.257801705
v 89.795120964 111.951181832 88.209165181
v 89.710692544 112.004020557 88.292739205
v 89.638822196 111.561638556 88.244102681
v 89.541438523 111.582188919 88.327676705
v 89.624396623 111.142156529 88.279040181
v 89.525817247 111.127936973 88.362614205
v 89.756783676 110.743851448 88.313977681
v 89.669177564 110.696617284 88.397551705
v 90.016799507 110.414359360 88.348915181
v 89.950745520 110.339814340 88.432489205
v 90.375188442 110.195885929 88.383852681
v 90.338840505 110.103232140 88.467426705
v 90.786530792 110.112394973 88.418790181
v 90.784278093 110.012820807 88.502364205
v 91.201228049 110.177198166 88.453727681
v 91.233348669 110.082995391 88.537301705
v 91.569130448 110.379240471 88.488665181
v 91.631745668 110.301784527 88.572239205
v 91.843781042 110.696636628 88.523602681
v 91.929161429 110.645488934 88.607176705
v 91.994045401 111.088547193 88.558540181
v 92.091880862 111.069884081 88.642114205
v 91.998605035 111.508252421 88.593477681
v 92.096818433 111.524377727 88.677051705
v 91.860082689 111.904465531 88.628415181
v 91.946814283 111.953432047 88.711989205
v 91.592392422 112.227753622 88.663352681
v 91.656935774 112.303516758 88.746926705
v 91.230672311 112.440666349 88.698290181
v 91.265233499 112.534077341 88.781864205
v 90.817480795 112.514463640 88.733227681
v 90.817793472 112.613991522 88.816801705
v 90.403833756 112.443263948 88.768165181
v 90.369860164 112.536890248 88.851739205
v 90.040783023 112.232628162 88.803102681
v 89.976716976 112.308795338 88.886676705
v 89.771066775 111.911028389 88.838040181
v 89.684644557 111.960538886 88.921614205
v 89.630057699 111.515693456 88.872977681
v 89.531947557 111.532435533 88.956551705
v 89.631980175 111.095967864 88.907915181
v 89.534029382 111.077919834 88.991489205
v 89.779779137 110.703120902 88.942852681
v 89.694079067 110.652510675 89.026426705
v 90.052430064 110.384005342 88.977790181
v 89.989329413 110.306944346 89.061364205
v 90.419055742 110.179655441 89.012727681
v 90.386343866 110.085656344 89.096301705
v 90.833337644 110.112247924 89.047665181
v 90.834964659 110.012661570 89.131239205
v 91.245196455 110.193152709 89.082602681
v 91.280961517 110.100272370 89.166176705
v 91.604951021 110.409370018 89.117540181
v 91.670535327 110.334411443 89.201114205
v 91.867031984 110.737221887 89.152477681
v 91.954339589 110.689438214 89.236051705
v 92.001919013 111.134687297 89.187415181
v 92.100407099 111.119848634 89.270989205
v 91.990129320 111.554251679 89.222352681
v 92.087640186 111.574189760 89.305926705
v 91.836281264 111.944769317 89.257290181
v 91.921040012 111.997076523 89.340864205
v 91.556203609 112.257386713 89.292227681
v 91.617747352 112.335606069 89.375801705
v 91.186465585 112.456050379 89.327165181
v 91.217362578 112.550736518 89.410739205
v 90.770712459 112.513699513 89.362102681
v 90.767148615 112.613164058 89.445676705
v 90.360153170 112.426444038 89.397040181
v 90.322558993 112.518676174 89.480614205
v 90.005584962 112.201828925 89.431977681
v 89.938601427 112.275443222 89.515551705
v 89.748594647 111.869968598 89.466915181
v 89.660309765 111.916075742 89.550489205
v 89.623075468 111.469441111 89.501852681
v 89.524386585 111.482349436 89.585426705
v 89.641356832 111.050109590 89.536790181
v 89.544183249 111.028260472 89.620364205
v 89.804394783 110.663319678 89.571727681
v 89.720735048 110.609410417 89.655301705
v 90.089215753 110.355062017 89.606665181
v 90.029164185 110.275601975 89.690239205
v 90.470730871 110.266863222 89.555976547
v 90.515364289 110.253110413 89.560188537
v 90.912179816 110.216602669 89.596421407
v 90.849493877 110.212573284 89.590748293
v 91.282357374 110.316588495 89.631165402
v 91.222698280 110.290932761 89.625313417
v 91.606277949 110.548721482 89.667400387
v 91.561481777 110.504621584 89.661724109
v 91.818593161 110.862077180 89.701720570
v 91.790971494 110.805456560 89.696031592
v 91.913751261 111.257595493 89.738693347
v 91.908940905 111.194914494 89.733017367
v 91.884414222 111.572617762 89.767335809
v 91.868015515 111.633571079 89.773036298
v 91.718297548 111.942517127 89.804188986
v 91.088457391 112.380609963 89.874976545
v 91.153159011 112.362046404 89.868898056
v 90.696630649 112.409154382 89.910575924
v 90.759718446 112.413880787 89.904863581
v 90.313568118 112.295137595 89.946895333
v 90.370291448 112.322244045 89.941218494
v 90.052937065 112.110414083 89.975799069
v 90.007289017 112.064516404 89.981634760
v 89.796082462 111.735314719 90.017193664
v 89.821635539 111.792792136 90.011513913
v 89.713017078 111.362498892 90.051813405
v 89.718176554 111.428565039 90.045844140
v 89.746773533 111.039136875 90.081318471
v 89.764678882 110.977777854 90.087091195
v 89.940293689 110.642181241 90.121435180
v 89.903394351 110.693462137 90.115730167
v 90.596193011 110.233617432 90.192718190
v 90.534762540 110.248031224 90.187019473
v 90.933861788 110.218536158 90.223417929
v 91.584801651 110.526782907 90.289628651
v 91.628244646 110.572127653 90.295299597
v 91.833315034 110.896150051 90.330044867
v 91.806747356 110.836938941 90.324195708
v 91.914875803 111.286037993 90.366264923
v 91.911692191 111.223238578 90.360586971
v 91.861898487 111.653029308 90.399861961
v 91.877294605 111.600328249 90.394918791
v 91.680857986 111.993028135 90.434866674
v 91.719166483 111.941421618 90.429059444
v 91.399571628 112.246684501 90.469209565
v 91.452053872 112.211363268 90.463497686
v 91.028972858 112.394045509 90.505464110
v 91.092920168 112.379580232 90.499568248
v 90.663365169 112.405056515 90.538602626
v 90.726303916 112.411706108 90.532888422
v 90.284059082 112.279688544 90.574932852
v 90.343978336 112.310453801 90.568855007
v 89.982141660 112.036385448 90.610067904
v 90.025097216 112.082757251 90.604360105
v 89.802371497 111.750634245 90.640699407
v 89.779252057 111.692117921 90.646380447
v 89.713847068 111.376865371 90.675499629
v 89.711819798 111.312379928 90.681322036
v 89.761519629 110.987276171 90.711188507
v 89.782061153 110.927758653 90.716873334
v 89.964153897 110.612105335 90.749864715
v 89.930638201 110.655153052 90.744959198
v 90.245231466 110.370148644 90.783576745
v 90.191851239 110.404204430 90.777858025
v 90.598373919 110.233310290 90.817915947
v 90.998206755 110.227707887 90.854256406
v 90.932437780 110.218295158 90.848275547
v 91.359931412 110.356959526 90.889087260
v 91.304052931 110.327365103 90.883377721
v 91.664503241 110.613975174 90.925316640
v 91.620245759 110.563035451 90.919233491
v 91.854780157 110.953123701 90.960568963
v 91.832230345 110.894141648 90.954866413
v 91.914984459 111.285188352 90.991189589
v 91.857894197 111.665084348 91.025991487
v 91.664251978 112.013785009 91.062267487
v 91.376807553 112.260601952 91.096619199
v 91.057071498 112.388245878 91.127859413
v 90.995429793 112.400173898 91.133529413
v 90.616768489 112.397631556 91.167863939
v 90.679260105 112.406954434 91.162158676
v 90.299882628 112.288324214 91.198291348
v 90.241715788 112.255087049 91.204326220
v 89.993442088 112.048914565 91.233545030
v 89.952487426 112.000794152 91.239251106
v 89.787071180 111.713658423 91.269338045
v 89.764725935 111.649923370 91.275424678
v 89.712795947 111.270616056 91.310127291
v 89.712330045 111.333749295 91.304425614
v 89.777588806 110.939456538 91.340744352
v 89.969105044 110.606279058 91.375557630
v 90.276253733 110.352115764 91.411817211
v 90.633791744 110.226811367 91.446167446
v 91.040079514 110.235668859 91.483102860
v 90.978312542 110.224330144 91.477431646
v 91.391873968 110.375942742 91.517442625
v 91.337029192 110.344478988 91.511733556
v 91.692359793 110.649398291 91.554368842
v 91.653176057 110.600245566 91.548692639
v 91.844954415 110.926498993 91.583006593
v 91.865636306 110.986191604 91.588711346
v 91.915441161 111.318935973 91.619260288
v 91.914189993 111.362874525 91.623221433
v 91.830973565 111.736609573 91.657923443
v 91.854264805 111.674909041 91.651967945
v 91.604343353 112.080718865 91.695393938
v 91.641042020 112.041262790 91.690534993
v 91.568086457 112.117039144 91.700001679
v 90.577651222 110.237330020 89.565991486
v 90.685602304 110.118935850 89.660415203
v 90.640096930 110.225398652 89.571742837
v 90.709979487 110.216538487 89.578121350
v 90.780280678 110.212288998 89.584493535
v 90.674983868 110.019903818 89.743989250
v 91.104244755 110.148672643 89.695352703
v 90.974907771 110.224218826 89.602125355
v 91.037366132 110.235407921 89.607851020
v 91.099233555 110.250130328 89.613588552
v 91.160372457 110.268377325 89.619344168
v 91.128326655 110.052105428 89.778926750
v 91.339579291 110.345316797 89.636946921
v 91.487870229 110.319023201 89.730290203
v 91.394504676 110.377099325 89.642688379
v 91.453093203 110.416088316 89.649062518
v 91.509037606 110.458868023 89.655436086
v 91.543749987 110.236575962 89.813864250
v 91.648744450 110.595548194 89.673106156
v 91.788248956 110.612188276 89.765227703
v 91.688654787 110.644885856 89.678832212
v 91.725792887 110.696493659 89.684568683
v 91.759958636 110.750110190 89.690305324
v 91.869026434 110.554040835 89.848801750
v 91.845227641 110.926260264 89.707999105
v 91.970929349 110.990084048 89.800165203
v 91.867589019 110.991699549 89.714249608
v 91.885672325 111.058328142 89.720490523
v 91.899463985 111.126085163 89.726740294
v 92.066848796 110.963259541 89.883739250
v 92.010765499 111.407921801 89.835102703
v 91.915021581 111.320888152 89.744406710
v 91.912713140 111.384363500 89.750137778
v 91.906823033 111.447695433 89.755876507
v 91.897374019 111.510554989 89.761612596
v 92.109986875 111.415730930 89.918676750
v 91.906056022 111.814377821 89.870040203
v 91.846006312 111.699317231 89.779301153
v 91.820004605 111.763128953 89.785529577
v 91.790089008 111.824846973 89.791729190
v 91.756212975 111.884604179 89.797936637
v 91.996598264 111.855877181 89.953614250
v 91.666501657 112.159031506 89.904977703
v 91.680613626 111.993164152 89.809888063
v 91.639520671 112.042359027 89.815672670
v 91.596082644 112.088752385 89.821406875
v 91.550056815 112.132663238 89.827146281
v 91.501678188 112.173858945 89.832880535
v 91.451196495 112.212128322 89.838599456
v 91.737187774 112.229098438 89.988551750
v 91.398870130 112.247285713 89.844293354
v 91.323967117 112.401609700 89.939915203
v 91.338861308 112.282521067 89.850582025
v 91.278426023 112.313018832 89.856709583
v 91.216509406 112.339518675 89.862812035
v 91.366261313 112.491783396 90.023489250
v 90.918445051 112.509893216 89.974852703
v 91.022542499 112.395205549 89.881057300
v 90.955638615 112.405828862 89.887152744
v 90.886786810 112.412560028 89.893391737
v 90.823212463 112.415019221 89.899132164
v 90.927126429 112.609042291 90.058426750
v 90.500275883 112.473731290 90.009790203
v 90.634260571 112.400874174 89.916259832
v 90.566124352 112.387567373 89.922534653
v 90.499595667 112.370042164 89.928754327
v 90.434491776 112.348315260 89.934958058
v 90.474296155 112.569882984 90.093364250
v 90.258159102 112.264694566 89.952601611
v 90.120797750 112.294372421 90.044727703
v 90.204349366 112.231045575 89.958328103
v 90.152422402 112.194348447 89.964064900
v 90.102127708 112.154359369 89.969859367
v 90.063363928 112.375657459 90.128301750
v 89.824991844 111.996593743 90.079665203
v 89.964986337 112.016620340 89.987408105
v 89.925905140 111.966696333 89.993146760
v 89.886070967 111.908672013 89.999521749
v 89.853553911 111.854348915 90.005249424
v 89.743039333 112.053196573 90.163239250
v 89.651236456 111.614517395 90.114602703
v 89.773699591 111.676161054 90.022902130
v 89.754618599 111.615616261 90.028630034
v 89.738952075 111.553984478 90.034367456
v 89.726790005 111.491582718 90.040104129
v 89.554881750 111.639450771 90.198176750
v 89.617855207 111.196116894 90.149540203
v 89.711846026 111.297844601 90.057641452
v 89.714506881 111.234106014 90.063403464
v 89.721897090 111.163844181 90.069798440
v 89.732469356 111.101306847 90.075544336
v 89.518733604 111.186369988 90.233114250
v 89.732094069 110.792232303 90.184477703
v 89.785830325 110.918164188 90.092800347
v 89.810400911 110.859623726 90.098528911
v 89.838279728 110.802461907 90.104266923
v 89.869330504 110.746978780 90.110004099
v 89.642441469 110.749008307 90.268051750
v 90.133812843 110.446507959 90.146370763
v 89.976943090 110.451318488 90.219415203
v 90.081000263 110.490459369 90.140161338
v 90.189716543 110.405747383 90.152620788
v 89.984221414 110.588296321 90.127716416
v 90.031165896 110.537685303 90.133955505
v 89.907585478 110.379836909 90.302989250
v 90.242801652 110.371734043 90.158313295
v 90.325085228 110.216860971 90.254352703
v 90.298552510 110.340289230 90.164089935
v 90.355565089 110.312254658 90.169822255
v 90.414139853 110.287447189 90.175561495
v 90.473975241 110.266002469 90.181297311
v 90.284584338 110.125945733 90.337926750
v 90.664863518 110.221838900 90.199014053
v 90.732230987 110.114853088 90.289290203
v 90.732252946 110.214647862 90.205147047
v 90.799569825 110.211728470 90.211252192
v 90.866794139 110.213036873 90.217339350
v 90.725477499 110.015482646 90.372864250
v 91.000657039 110.228183257 90.229498307
v 91.149434602 110.160835918 90.324227703
v 91.066990110 110.241909305 90.235593471
v 91.133392452 110.259854635 90.241795523
v 91.193734113 110.280017851 90.247535797
v 91.252750878 110.303523982 90.253268852
v 91.310139514 110.330249510 90.258984511
v 91.177262188 110.065276890 90.407801750
v 91.526097668 110.346033681 90.359165203
v 91.365617439 110.360052233 90.264673215
v 91.424732314 110.396601785 90.270954613
v 91.480862217 110.436535214 90.277182110
v 91.534016693 110.479782731 90.283376369
v 91.585146012 110.265825281 90.442739250
v 91.814821038 110.650684452 90.394102703
v 91.669291838 110.620141875 90.301001474
v 91.707723564 110.670605150 90.306725197
v 91.743330421 110.723271585 90.312460952
v 91.776139581 110.778252152 90.318235685
v 91.897801016 110.595727872 90.477676750
v 91.856021626 110.956006578 90.335827212
v 91.982655234 111.035398579 90.429040203
v 91.874977860 111.016580967 90.341571306
v 91.891762042 111.084960699 90.347948964
v 91.904036011 111.154352422 90.354324994
v 92.079546613 111.012330092 90.512614250
v 91.914499014 111.349267622 90.371972059
v 92.006190745 111.454468210 90.463977703
v 91.910541122 111.412614788 90.377699150
v 91.903006012 111.475755624 90.383436301
v 91.891923280 111.538362037 90.389173257
v 92.105032930 111.466135468 90.547551750
v 91.885728265 111.856540427 90.498915203
v 91.844432828 111.703454458 90.404667101
v 91.820134474 111.762874719 90.410459996
v 91.789204835 111.826620311 90.416870676
v 91.754177470 111.888047577 90.423278395
v 91.974585585 111.901534551 90.582489250
v 91.632932088 112.191603660 90.533852703
v 91.640368354 112.041513330 90.440568628
v 91.597024985 112.087830011 90.446292698
v 91.551035037 112.131730775 90.452029061
v 91.502628581 112.172980760 90.457767494
v 91.700835699 112.264370425 90.617426750
v 91.281210707 112.420656811 90.568790203
v 91.340076177 112.281742295 90.475453123
v 91.279914806 112.312289853 90.481569708
v 91.218586996 112.338750321 90.487625855
v 91.156201991 112.361167293 90.493624350
v 91.319960919 112.512409280 90.652364250
v 90.980406463 112.402427215 90.509898470
v 90.871779293 112.513064570 90.603727703
v 90.916789379 112.410173260 90.515681387
v 90.853343550 112.414270121 90.521417586
v 90.789738350 112.414783462 90.527156710
v 90.876592651 112.612476512 90.687301750
v 90.455335550 112.460644291 90.638665203
v 90.601234716 112.394877402 90.544289781
v 90.533646317 112.379544783 90.550554456
v 90.468810740 112.360437981 90.556675836
v 90.405581522 112.337390970 90.562772786
v 90.425630818 112.555711232 90.722239250
v 90.083130560 112.266642430 90.673602703
v 90.225930599 112.245188381 90.581018357
v 90.169763296 112.207108120 90.587127695
v 90.119024400 112.168248981 90.592893637
v 90.070801526 112.126787841 90.598632009
v 90.022574589 112.345628992 90.757176750
v 89.942138660 111.987909432 90.615746038
v 89.799146384 111.957569195 90.708540203
v 89.901348000 111.931845318 90.622012820
v 89.864614153 111.873804656 90.628222519
v 89.831680795 111.813498981 90.634433106
v 89.715051601 112.010937368 90.792114250
v 89.640403141 111.569015648 90.743477703
v 89.759371780 111.632064361 90.652089801
v 89.742850428 111.570765387 90.657818124
v 89.729760602 111.508394494 90.663567203
v 89.719775236 111.442137092 90.669598393
v 89.543150485 111.590177486 90.827051750
v 89.623342187 111.149632529 90.778415203
v 89.713596199 111.248583659 90.687095387
v 89.719113265 111.185412655 90.692839918
v 89.729615517 111.115733832 90.699222086
v 89.742843379 111.054141764 90.704916808
v 89.524675387 111.136032639 90.861989250
v 89.897661097 110.702205545 90.739788983
v 89.753224022 110.750503495 90.813352703
v 89.863997178 110.756122246 90.734053251
v 89.806058966 110.869193900 90.722585430
v 89.833413208 110.811881750 90.728315402
v 89.665322836 110.703820693 90.896926750
v 89.998955346 110.571718098 90.754669363
v 90.011164479 110.419384186 90.848290203
v 90.043615154 110.525309269 90.760492072
v 90.090600646 110.482021391 90.766282015
v 90.139994289 110.441682574 90.772065318
v 89.944643401 110.345255645 90.931864250
v 90.300296846 110.339280152 90.789275302
v 90.368173648 110.198663254 90.883227703
v 90.357267857 110.311447307 90.794997056
v 90.415864505 110.286807514 90.800732278
v 90.475789095 110.265498803 90.806470787
v 90.536732544 110.247636146 90.812202266
v 90.331244261 110.106239648 90.966801750
v 90.666051906 110.221763242 90.824127602
v 90.778983302 110.112589420 90.918165203
v 90.733254301 110.214576893 90.830252101
v 90.800024402 110.211656199 90.836304852
v 90.866403353 110.212920040 90.842304412
v 90.776105008 110.013031347 91.001739250
v 91.065421996 110.241479530 90.860446806
v 91.194079550 110.174785733 90.953102703
v 91.126735786 110.257844197 90.866173043
v 91.187154946 110.277679414 90.871910459
v 91.246363258 110.300892162 90.877648785
v 91.225607655 110.080382973 91.036676750
v 91.413727313 110.389519354 90.894767996
v 91.563244157 110.374512471 90.988040203
v 91.470016830 110.428414008 90.900956544
v 91.523000841 110.470206247 90.907068824
v 91.573073169 110.515093126 90.913156401
v 91.625371490 110.296664614 91.071614250
v 91.839883581 110.690176700 91.022977703
v 91.705802521 110.667817895 90.931426895
v 91.744515268 110.725142373 90.937665555
v 91.776958375 110.779856986 90.943404609
v 91.806247641 110.836287370 90.949141662
v 91.924940937 110.638493544 91.106551750
v 91.992607408 111.081135405 91.057915203
v 91.873798622 111.012940070 90.966240116
v 91.890710343 111.080066734 90.972497448
v 91.903121174 111.147488533 90.978695024
v 91.911211990 111.215835890 90.984915399
v 92.090323700 111.061857942 91.141489250
v 91.914632756 111.348170608 90.996875981
v 91.999804020 111.500803709 91.092852703
v 91.910702972 111.411351851 91.002588915
v 91.903194037 111.474414317 91.008318941
v 91.892008166 111.537676972 91.014111859
v 91.876658393 111.602534036 91.020109037
v 92.098116824 111.516311613 91.176426750
v 91.863773869 111.897879363 91.127790203
v 91.835787263 111.725529037 91.031803283
v 91.810390506 111.783977346 91.037570933
v 91.781736629 111.840503691 91.043312912
v 91.746009356 111.901259211 91.049694299
v 91.706922600 111.958824748 91.055982667
v 91.950811439 111.946299979 91.211364250
v 91.598120145 112.222843017 91.162727703
v 91.622660789 112.061200819 91.067961422
v 91.578250988 112.106402799 91.073679888
v 91.531232179 112.149149868 91.079413281
v 91.481837972 112.189212259 91.085151472
v 91.430368484 112.226353265 91.090879422
v 91.663138271 112.298199143 91.246301750
v 91.237744928 112.438024285 91.197665203
v 91.315988432 112.294502389 91.102908932
v 91.253724301 112.324137881 91.109140584
v 91.189903297 112.349604396 91.115351581
v 91.124398892 112.370964321 91.121578898
v 91.272892359 112.531216305 91.281239250
v 90.825025243 112.514416261 91.232602703
v 90.932839528 112.408641777 91.139230726
v 90.869604529 112.413584221 91.144954274
v 90.806044021 112.414958358 91.150690270
v 90.742486026 112.412745955 91.156428509
v 90.825963263 112.613940241 91.316176750
v 90.549773768 112.383522735 91.174059525
v 90.410938997 112.445816978 91.267540203
v 90.484641284 112.365481064 91.180182382
v 90.421310845 112.343567673 91.186248556
v 90.359736218 112.317833359 91.192276883
v 90.377554335 112.539654917 91.351114250
v 90.046571950 112.237466452 91.302477703
v 90.183440447 112.216902507 91.210614095
v 90.132494033 112.179022739 91.216342461
v 90.083675713 112.138258853 91.222080598
v 90.037244530 112.094815069 91.227818213
v 89.982985718 112.314034682 91.386051750
v 89.774840379 111.917567680 91.337415203
v 89.914573122 111.950698333 91.244927142
v 89.876945910 111.894216631 91.251067873
v 89.843165870 111.835849931 91.257176149
v 89.813215730 111.775653493 91.263261163
v 89.688730925 111.967620217 91.420989250
v 89.631350205 111.523126500 91.372352703
v 89.746185271 111.584550632 91.281544212
v 89.732516670 111.523073314 91.287225472
v 89.722213101 111.460302263 91.292964620
v 89.715472309 111.397085170 91.298701431
v 89.533347172 111.540484689 91.455926750
v 89.630635379 111.103397127 91.407290203
v 89.755858745 111.005433077 91.334469512
v 89.738514171 111.072050911 91.328247869
v 89.716854701 111.207994100 91.315797294
v 89.725536491 111.139334250 91.322053081
v 89.532573095 111.085964887 91.490864250
v 89.800839592 110.880918178 91.346430966
v 89.775962862 110.709629352 91.442227703
v 89.827493530 110.823499578 91.352143799
v 89.857435773 110.767497024 91.357873447
v 89.891017788 110.712419709 91.363688952
v 89.928882391 110.657667673 91.369678514
v 89.689946448 110.659558583 91.525801750
v 90.011686728 110.558051488 91.381368318
v 90.046603615 110.388806895 91.477165203
v 90.056615129 110.512869449 91.387135961
v 90.103885231 110.470654891 91.392878335
v 90.159290909 110.427069510 91.399260014
v 90.216495197 110.387787455 91.405531113
v 89.983020007 110.312143870 91.560739250
v 90.411939041 110.182157148 91.512102703
v 90.332257411 110.323080870 91.417512020
v 90.390077871 110.297135325 91.423231080
v 90.449431722 110.274427393 91.428964762
v 90.510017450 110.255085969 91.434702926
v 90.571453201 110.239222461 91.440429063
v 90.378637270 110.088365388 91.595676750
v 90.702787009 110.217367867 91.452457756
v 90.825788307 110.112148280 91.547040203
v 90.771596814 110.212427177 91.458692077
v 90.840360954 110.211941769 91.464907995
v 90.909220712 110.215900912 91.471142446
v 90.826789575 110.012553642 91.630614250
v 91.101466721 110.250575026 91.488805096
v 91.238143836 110.190464869 91.581977703
v 91.162167158 110.268998566 91.494529256
v 91.221867783 110.290862924 91.500265543
v 91.280256481 110.316065422 91.506003746
v 91.273324332 110.097361718 91.665551750
v 91.449895768 110.414064847 91.523715106
v 91.599253331 110.404416358 91.616915203
v 91.505076756 110.455602674 91.529957876
v 91.557380964 110.500506166 91.536189398
v 91.606764782 110.548732636 91.542428152
v 91.664365384 110.329047167 91.700489250
v 91.728924432 110.701013718 91.560077932
v 91.863402120 110.730610713 91.651852703
v 91.762641361 110.754805168 91.565806201
v 91.793326142 110.810508001 91.571543925
v 91.820811764 110.867837809 91.577280812
v 91.950408875 110.682279042 91.735426750
v 92.000770769 111.127225129 91.686790203
v 91.884445498 111.053353000 91.595013149
v 91.898558827 111.119697286 91.601152208
v 91.908398092 111.186363443 91.607255690
v 91.914009515 111.253355121 91.613337962
v 92.099163705 111.111767940 91.770364250
v 91.991568779 111.546871576 91.721727703
v 91.909145841 111.427751604 91.629081144
v 91.900624726 111.490801843 91.634818305
v 91.888341716 111.554314487 91.640654565
v 91.873897511 111.611839753 91.646006016
v 92.089198983 111.566197942 91.805301750
v 91.813676420 111.776359650 91.661839644
v 91.840226148 111.938331902 91.756665203
v 91.785153457 111.833961796 91.667649735
v 91.752054450 111.891709394 91.673674682
v 91.716607547 111.945609628 91.679515501
v 91.677338233 111.998079102 91.685442259
v 91.925311900 111.990105539 91.840239250
v 91.517970482 112.160782136 91.705976547
v 91.481534126 112.189999831 91.710188537
v 91.126023777 112.370021412 91.746421407
v 91.185791005 112.350691606 91.740748293
v 90.745034151 112.413328390 91.781165402
v 90.809948279 112.415220511 91.775313417
v 90.358406565 112.316739714 91.817400387
v 90.416291247 112.341252191 91.811724109
v 90.045646947 112.103547397 91.851720570
v 90.092172364 112.146023703 91.846031592
v 89.811571181 111.770833803 91.888693347
v 89.839118152 111.827342311 91.883017367
v 89.722880638 111.467133819 91.917335809
v 89.715689357 111.404424092 91.923036298
v 89.890256755 110.713053857 91.988599456
v 90.165500815 110.422870418 92.024976545
v 90.112176473 110.463948634 92.018898056
v 90.519304205 110.252089444 92.060575924
v 90.458906749 110.270919111 92.054863581
v 90.917439117 110.217084849 92.096895333
v 90.854720549 110.212763159 92.091218494
v 91.287107547 110.318762152 92.131634760
v 91.227769003 110.292891737 92.125799069
v 91.604669659 110.547095820 92.167193664
v 91.559752160 110.503061384 92.161513913
v 91.790026828 110.803625381 92.195844140
v 91.819144559 110.863152802 92.201813405
v 91.912735888 111.239875355 92.237091195
v 91.906796099 111.176233781 92.231318471
v 91.888425103 111.555289993 92.265730167
v 91.872994723 111.616553316 92.271435180
v 91.728124327 111.928202635 92.302620788
v 91.413557326 112.237878984 92.342718190
v 91.465367862 112.201863314 92.337019473
v 91.105152625 112.376205366 92.373417929
v 90.714174015 112.410853987 92.408984511
v 90.329366060 112.303063687 92.445299597
v 90.386450850 112.329231732 92.439628651
v 90.019415835 112.077286724 92.480044867
v 90.065914901 112.122559608 92.474195708
v 89.800055225 111.744802606 92.516264923
v 89.826133280 111.802020060 92.510586971
v 89.714213774 111.384080460 92.549861961
v 89.719299380 111.438748354 92.544918791
v 89.740758345 111.063396917 92.579059444
v 89.757379059 111.001312092 92.584866674
v 89.925535364 110.661919953 92.619209565
v 89.889741221 110.714080807 92.613497686
v 90.215862181 110.388480646 92.655464110
v 90.161730499 110.425470696 92.649568248
v 90.551742192 110.243653704 92.688602626
v 90.490775347 110.260640367 92.682888422
v 90.950563101 110.220586012 92.724932852
v 90.883526141 110.214038949 92.718855007
v 91.263834999 110.308357877 92.754360105
v 91.320844664 110.335660294 92.760067904
v 91.593182768 110.535167232 92.790699407
v 91.636219976 110.581063501 92.796380447
v 91.838707783 110.909311488 92.831322036
v 91.813084200 110.850100727 92.825499629
v 91.912176724 111.229881045 92.861188507
v 91.914987558 111.292780873 92.866873334
v 91.861881742 111.653300715 92.899864715
v 91.877196927 111.600938010 92.894959198
v 91.689612627 111.981737911 92.933576745
v 91.726707536 111.930423070 92.927858025
v 91.411642635 112.238967403 92.967915947
v 91.041949848 112.391364670 93.004256406
v 91.106565352 112.375905230 92.998275547
v 90.658046066 112.404349262 93.039087260
v 90.720894998 112.411295220 93.033377721
v 90.280248571 112.277502525 93.075316640
v 90.340150300 112.308572816 93.069233490
v 90.021163696 112.078754791 93.104866413
v 89.978484668 112.032215804 93.110568963
v 89.800266973 111.745632582 93.141189589
v 89.713499113 111.371397890 93.175991487
v 89.765177820 110.975899760 93.212267487
v 89.941577511 110.640599819 93.246619199
v 90.191871713 110.404216806 93.277859413
v 90.244793724 110.370434588 93.283529413
v 90.597799999 110.233403875 93.317863939
v 90.536264783 110.247740381 93.312158676
v 90.998989314 110.227872298 93.354326220
v 90.932671737 110.218381805 93.348291348
v 91.305725515 110.328170981 93.383545030
v 91.361518503 110.357835793 93.389251106
v 91.621020351 110.563914060 93.419338045
v 91.665258872 110.614947580 93.425424678
v 91.830366779 110.889630588 93.454425614
v 91.853174489 110.948501898 93.460127291
v 91.914839561 111.280258073 93.490744352
v 91.859423078 111.660540489 93.525557630
v 91.381104387 112.258048120 93.596167446
v 91.000086912 112.399377136 93.633102860
v 91.061690450 112.387181667 93.627431646
v 90.621358440 112.398457953 93.667442625
v 90.683934404 112.407522503 93.661733556
v 90.241308085 112.254821624 93.704368842
v 90.295834526 112.286098177 93.698692639
v 89.956217770 112.005466460 93.738711346
v 89.997421621 112.053353735 93.733006593
v 89.787418946 111.714422782 93.769260305
v 89.772407360 111.673109045 93.773221461
v 89.712199111 111.294983875 93.807923570
v 89.713256871 111.360925847 93.801968054
v 89.796237262 110.891617593 93.845393429
v 89.776639976 110.941814618 93.840534301
v 89.816579806 110.844495755 93.850001664
v 91.429430351 112.227601419 91.715991486
v 91.372643774 112.377420978 91.810415203
v 91.375762029 112.261682723 91.721742837
v 91.314048515 112.295646181 91.728121350
v 91.250248462 112.325476850 91.734493535
v 91.418972669 112.465589726 91.893989250
v 90.972453023 112.503884972 91.845352703
v 91.064897105 112.386031789 91.752125355
v 91.002705809 112.398620887 91.757851020
v 90.939763254 112.407707257 91.763588552
v 90.876200573 112.413248359 91.769344168
v 90.985611002 112.602536037 91.928926750
v 90.681254964 112.407682283 91.786946921
v 90.553056855 112.486718985 91.880290203
v 90.618486704 112.398351019 91.792688379
v 90.549659664 112.383667847 91.799062518
v 90.481895614 112.364486789 91.805436086
v 90.531452023 112.583947200 91.963864250
v 90.301684148 112.288834299 91.823106156
v 90.165850516 112.324717776 91.915227703
v 90.246414050 112.257653277 91.828832212
v 90.192885819 112.223341002 91.834568683
v 90.141381747 112.186066863 91.840305324
v 90.112151017 112.408518073 91.998801750
v 89.997255464 112.053676280 91.857999105
v 89.856885870 112.040608312 91.950165203
v 89.952374574 112.001064144 91.864249608
v 89.911033520 111.945771354 91.870490523
v 89.873267336 111.887849517 91.876740294
v 89.777576983 112.100859411 92.033739250
v 89.666030819 111.666777259 91.985102703
v 89.787090485 111.712453412 91.894406710
v 89.765869985 111.652585733 91.900137778
v 89.748032429 111.591532898 91.905876507
v 89.733677754 111.529609146 91.911612596
v 89.570902384 111.696042339 92.068676750
v 89.613760788 111.250317880 92.020040203
v 89.741162977 111.062058462 91.954188986
v 89.711950224 111.335192738 91.929301153
v 89.712635338 111.266290232 91.935529577
v 89.717730238 111.197893603 91.941729190
v 89.727229283 111.129862158 91.947936637
v 89.514299807 111.245063573 92.103614250
v 89.757556188 111.001095672 91.959888063
v 89.709617319 110.841681145 92.054977703
v 89.777653610 110.940228108 91.965672670
v 89.800962732 110.881102050 91.971406875
v 89.827591802 110.823331534 91.977146281
v 89.857407961 110.767219374 91.982880535
v 89.618101672 110.802555853 92.138551750
v 89.925966280 110.661102721 91.994293354
v 89.938798891 110.490042269 92.089915203
v 89.968790072 110.606250997 92.000582025
v 90.013754403 110.555647180 92.006709583
v 90.061567775 110.508215222 92.012812035
v 89.866279591 110.421770418 92.173489250
v 90.275981952 110.240080172 92.124852703
v 90.221413939 110.385034895 92.031057300
v 90.279708894 110.350528626 92.037152744
v 90.341247776 110.318924107 92.043391737
v 90.399452420 110.293234329 92.049132164
v 90.231411002 110.151089522 92.208426750
v 90.678097904 110.119764343 92.159790203
v 90.580342585 110.236828230 92.066259832
v 90.648592599 110.224117966 92.072534653
v 90.716900866 110.215921650 92.078754327
v 90.785431140 110.212156474 92.084958058
v 90.666857445 110.020800983 92.243364250
v 91.096954153 110.146832784 92.194727703
v 90.980163944 110.224992642 92.102601611
v 91.042581991 110.236469997 92.108328103
v 91.104371575 110.251474534 92.114064900
v 91.165855361 110.270140726 92.119859367
v 91.120431751 110.050113067 92.278301750
v 91.344071301 110.347722131 92.137408105
v 91.481607171 110.314806980 92.229665203
v 91.398786332 110.379753551 92.143146760
v 91.457183386 110.419039262 92.149521749
v 91.507414647 110.457577274 92.155249424
v 91.536967798 110.232010268 92.313239250
v 91.783812529 110.606088960 92.264602703
v 91.647256642 110.593855822 92.172902130
v 91.687285725 110.643124765 92.178630034
v 91.724540263 110.694661316 92.184367456
v 91.758819890 110.748203848 92.190104129
v 91.864222282 110.547435960 92.348176750
v 91.968873127 110.982819451 92.299540203
v 91.844034208 110.922835748 92.207641452
v 91.865023946 110.983077914 92.213403464
v 91.884017809 111.051126231 92.219798440
v 91.897209493 111.113163884 92.225544336
v 92.064622139 110.955392798 92.383114250
v 92.011336354 111.400395976 92.334477703
v 91.915015028 111.303089105 92.242800347
v 91.913720056 111.366563686 92.248528911
v 91.908841657 111.429974279 92.254266923
v 91.900396077 111.492991738 92.260004099
v 92.110605048 111.407581307 92.418051750
v 91.765097303 111.869724885 92.296370763
v 91.909180237 111.807504561 92.369415203
v 91.798021605 111.809418290 92.290161338
v 91.851988119 111.682825122 92.277716416
v 91.826971402 111.747163473 92.283955505
v 91.999981439 111.848434212 92.452989250
v 91.691288186 111.979369371 92.308313295
v 91.671795433 112.153657316 92.404352703
v 91.651027958 112.029129278 92.314089935
v 91.608339216 112.076182894 92.319822255
v 91.563010016 112.120811104 92.325561495
v 91.515270807 112.162776776 92.331297311
v 91.742920339 112.223278795 92.487926750
v 91.354045070 112.274109686 92.349014053
v 91.330792485 112.398382197 92.439290203
v 91.294035162 112.305603446 92.355147047
v 91.232520211 112.333098824 92.361252192
v 91.169534969 112.356629223 92.367339350
v 91.373652420 112.488288373 92.522864250
v 91.039496636 112.391824692 92.379498307
v 90.925958966 112.509211337 92.474227703
v 90.972768812 112.403481367 92.385593471
v 90.904423359 112.411240553 92.391795523
v 90.840896527 112.414706517 92.397535797
v 90.777370942 112.414576588 92.403268852
v 90.935263156 112.608303893 92.557801750
v 90.651620830 112.403566902 92.414673215
v 90.507570660 112.475677735 92.509165203
v 90.583202422 112.391345625 92.420954613
v 90.516313683 112.374879258 92.427182110
v 90.450971428 112.354236201 92.433376369
v 90.482195580 112.571990765 92.592739250
v 90.273526131 112.273531671 92.451001474
v 90.126973031 112.298706773 92.544102703
v 90.219216446 112.240759767 92.456725197
v 90.166722220 112.204899512 92.462460952
v 90.115977338 112.165857731 92.468235685
v 90.070051065 112.380351076 92.627676750
v 89.976269122 112.029992387 92.485827212
v 89.829302027 112.002792513 92.579040203
v 89.936345142 111.980650001 92.491571306
v 89.895567346 111.923250803 92.497948964
v 89.858610501 111.863250360 92.504324994
v 89.747706777 112.059909145 92.662614250
v 89.777129176 111.685874478 92.521972059
v 89.653149441 111.621815422 92.613977703
v 89.757489484 111.625518776 92.527699150
v 89.741251760 111.564038053 92.533436301
v 89.728509265 111.501748256 92.539173257
v 89.556953298 111.647353716 92.697551750
v 89.617139968 111.203632933 92.648915203
v 89.711890197 111.330766804 92.554667101
v 89.712608179 111.266574422 92.560459996
v 89.717899513 111.195919309 92.566870676
v 89.727854248 111.125911249 92.573278395
v 89.517959079 111.194509016 92.732489250
v 89.728838906 110.799038539 92.683852703
v 89.777176776 110.941326470 92.590568628
v 89.800426114 110.882306551 92.596292698
v 89.827025537 110.824558624 92.602029061
v 89.856847589 110.768385752 92.607767494
v 89.638916492 110.756378697 92.767426750
v 89.971541087 110.456593028 92.718790203
v 89.967947201 110.607422304 92.625453123
v 90.012638523 110.556873025 92.631569708
v 90.059918931 110.509694432 92.637625855
v 90.109670804 110.465886206 92.643624350
v 89.901735714 110.385548645 92.802364250
v 90.318203223 110.219952711 92.753727703
v 90.257932561 110.362809050 92.659898470
v 90.314230721 110.332187950 92.665681387
v 90.371713006 110.305022817 92.671417586
v 90.430662652 110.281130889 92.677156710
v 90.277131899 110.129293741 92.837301750
v 90.724700015 110.115388688 92.788665203
v 90.613256808 110.230246259 92.694289781
v 90.681743225 110.219621219 92.700554456
v 90.749059503 110.213518706 92.706675836
v 90.816332714 110.211671047 92.712772786
v 90.717322301 110.016062640 92.872239250
v 91.142184311 110.158749260 92.823602703
v 91.017309954 110.231264931 92.731018357
v 91.083551271 110.245994499 92.737127695
v 91.145032107 110.263446579 92.742893637
v 91.205131465 110.284244148 92.748632009
v 91.169410936 110.063017273 92.907176750
v 91.520003566 110.341576739 92.858540203
v 91.375883725 110.366006068 92.765746038
v 91.434448497 110.403117119 92.772012820
v 91.489968958 110.443559331 92.778222519
v 91.542789619 110.487506552 92.784433106
v 91.578546784 110.260998912 92.942114250
v 91.810635401 110.644407405 92.893477703
v 91.676811380 110.629581472 92.802089801
v 91.714738201 110.680493901 92.807818124
v 91.749869071 110.733666204 92.813567203
v 91.783544205 110.791594920 92.819598393
v 91.893268442 110.588930535 92.977051750
v 91.980883499 111.028059412 92.928415203
v 91.860541100 110.969281696 92.837095387
v 91.878666259 111.030047577 92.842839918
v 91.894551998 111.098699445 92.849222086
v 91.904926596 111.160835802 92.854916808
v 92.077628023 111.004382598 93.011989250
v 91.890537085 111.545050027 92.889788983
v 92.007051620 111.446972894 92.963352703
v 91.901988943 111.482527031 92.884053251
v 91.914234079 111.356067187 92.872585430
v 91.909898757 111.419424445 92.878315402
v 92.105965161 111.458018882 93.046926750
v 91.844391707 111.703663086 92.904669363
v 91.889117795 111.849794058 92.998290203
v 91.819952297 111.763253296 92.910492072
v 91.792201622 111.820797861 92.916282015
v 91.761126283 111.876486957 92.922065318
v 91.978256066 111.894228990 93.081864250
v 91.649777581 112.030709628 92.939275302
v 91.638431859 112.186439031 93.033227703
v 91.607053229 112.077560381 92.944997056
v 91.561641955 112.122040745 92.950732278
v 91.513769740 112.163912797 92.956470787
v 91.463681637 112.202955855 92.962202266
v 91.706791333 112.258777712 93.116801750
v 91.288156594 112.417697577 93.068165203
v 91.352967986 112.274617506 92.974127602
v 91.293130251 112.306038056 92.980252101
v 91.232124160 112.333333361 92.986304852
v 91.169941322 112.356593994 92.992304412
v 91.327482535 112.509204762 93.151739250
v 90.974385018 112.403303701 93.010446806
v 90.879313874 112.512676029 93.103102703
v 90.911352662 112.410659329 93.016173043
v 90.847874517 112.414458787 93.021910459
v 90.784278838 112.414672153 93.027648785
v 90.884751756 112.612055765 93.186676750
v 90.462548987 112.462873360 93.138040203
v 90.596041830 112.393879493 93.044767996
v 90.529387084 112.378437710 93.050956544
v 90.464739047 112.359084985 93.057068824
v 90.401659011 112.335783074 93.063156401
v 90.433442161 112.558125064 93.221614250
v 90.089132402 112.271213947 93.172977703
v 90.222028644 112.242644108 93.081426895
v 90.164931894 112.203596269 93.087665555
v 90.114625264 112.164667013 93.093404609
v 90.066619383 112.122981466 93.099141662
v 90.029073911 112.350579431 93.256551750
v 89.803211881 111.963931126 93.207915203
v 89.938781873 111.983601114 93.116240116
v 89.898346779 111.927413940 93.122497448
v 89.861987861 111.869295469 93.128695024
v 89.829304871 111.808726131 93.134915399
v 89.719454077 112.017826625 93.291489250
v 89.777408664 111.686943690 93.146875981
v 89.642030433 111.576382655 93.242852703
v 89.757803917 111.626752606 93.152588915
v 89.741570707 111.565354384 93.158318941
v 89.728682530 111.502416462 93.164111859
v 89.719078911 111.436463261 93.170109037
v 89.544912659 111.598155128 93.326426750
v 89.622334771 111.157115011 93.277790203
v 89.711802446 111.307059734 93.181803283
v 89.713899496 111.243366701 93.187570933
v 89.719732461 111.180261639 93.193312912
v 89.730585241 111.110620499 93.199694299
v 89.745735901 111.042708621 93.205982667
v 89.523584468 111.144135327 93.361364250
v 89.749706258 110.757177788 93.312727703
v 89.786393406 110.916502916 93.217961422
v 89.811044635 110.858126840 93.223679888
v 89.839025373 110.801072843 93.229413281
v 89.870202995 110.745640553 93.235151472
v 89.904385600 110.692160537 93.240879422
v 89.661513493 110.711048203 93.396301750
v 90.005561152 110.424444339 93.347665203
v 89.985646116 110.586690978 93.252908932
v 90.032628288 110.536215639 93.259140584
v 90.082592708 110.489043394 93.265351581
v 90.135634051 110.445069658 93.271578898
v 89.938575627 110.350735222 93.431239250
v 90.361176449 110.201484627 93.382602703
v 90.299871446 110.339520341 93.289230726
v 90.356846426 110.311646616 93.294954274
v 90.415437639 110.286970792 93.300690270
v 90.475346808 110.265630575 93.306428509
v 90.323667080 110.109294878 93.466176750
v 90.665283918 110.221859523 93.324059525
v 90.771437183 110.112831313 93.417540203
v 90.732484153 110.214657378 93.330182382
v 90.799434163 110.211718444 93.336248556
v 90.866158236 110.212978473 93.342276883
v 90.767933408 110.013293290 93.501114250
v 91.186916041 110.172418276 93.452477703
v 91.067229023 110.241922803 93.360614095
v 91.128542274 110.258387895 93.366342461
v 91.188938587 110.278317975 93.372080598
v 91.248101933 110.301618526 93.377818213
v 91.217850379 110.077819283 93.536051750
v 91.557328257 110.369821570 93.487415203
v 91.415211833 110.390456521 93.394927142
v 91.470989031 110.429120379 93.401067872
v 91.523883133 110.470953101 93.407176149
v 91.573889856 110.515896953 93.413261163
v 91.618965235 110.291584894 93.570989250
v 91.835945531 110.683741448 93.522352703
v 91.706562856 110.668904342 93.431544212
v 91.741902910 110.721032758 93.437225472
v 91.774590491 110.775602809 93.442964620
v 91.804129685 110.831899124 93.448701431
v 91.920676471 110.631524889 93.605926750
v 91.910756078 111.210915270 93.484469512
v 91.991122847 111.073732805 93.557290203
v 91.902358995 111.142590610 93.478247869
v 91.872453434 111.008220448 93.465797294
v 91.889656687 111.075254742 93.472053081
v 92.088716088 111.053841756 93.640864250
v 91.914770935 111.343244850 93.496430966
v 92.000956357 111.493347437 93.592227703
v 91.911125927 111.406443282 93.502143799
v 91.903902249 111.469535615 93.507873447
v 91.892953793 111.533107571 93.513688952
v 91.877903744 111.597953618 93.519678514
v 92.099364675 111.508237307 93.675801750
v 91.837585382 111.721056713 93.531368318
v 91.867423572 111.891270120 93.627165203
v 91.812444630 111.779605158 93.537135961
v 91.784034215 111.836256547 93.542878335
v 91.748564167 111.897177400 93.549260014
v 91.709837655 111.954759234 93.555531113
v 91.667407198 112.009924518 93.561817211
v 91.954763656 111.939142911 93.710739250
v 91.603816128 112.217897136 93.662102703
v 91.626024753 112.057536808 93.567512020
v 91.581815840 112.102945497 93.573231080
v 91.534989373 112.145908408 93.578964762
v 91.485778241 112.186194703 93.584702926
v 91.434496471 112.223560228 93.590429063
v 91.669306382 112.292843309 93.745676750
v 91.244800796 112.435337810 93.697040203
v 91.320430597 112.292227316 93.602457756
v 91.258271648 112.322151631 93.608692077
v 91.194515057 112.347916720 93.614907995
v 91.129033416 112.369584570 93.621142446
v 91.280533072 112.528307154 93.780614250
v 90.937523204 112.408115870 93.638805096
v 90.832572061 112.514319082 93.731977703
v 90.874303208 112.413331417 93.644529256
v 90.810746164 112.414979718 93.650265543
v 90.747180068 112.413041341 93.656003746
v 90.834135620 112.613835007 93.815551750
v 90.553377452 112.384372166 93.673715106
v 90.418060148 112.448325290 93.766915203
v 90.486780373 112.366064748 93.679957876
v 90.421619073 112.343569000 93.686189398
v 90.357949813 112.316908559 93.692428152
v 90.385265742 112.542371138 93.850489250
v 90.052380665 112.242277104 93.801852703
v 90.188310237 112.220291155 93.710077932
v 90.137159076 112.182689160 93.715806201
v 90.088123507 112.142193796 93.721543925
v 90.041463513 112.099008022 93.727280812
v 89.989275904 112.319244078 93.885426750
v 89.914005666 111.949945498 93.745013149
v 89.778655020 111.924083119 93.836790203
v 89.876460465 111.893455604 93.751152208
v 89.842770698 111.835093054 93.757255690
v 89.812892047 111.774871470 93.763337962
v 89.692861753 111.974675705 93.920364250
v 89.753214421 111.610930817 93.779081187
v 89.632728653 111.530518241 93.871727703
v 89.737926802 111.549171184 93.784818364
v 89.725966699 111.485596747 93.790654641
v 89.718220144 111.426793663 93.796006108
v 89.534839876 111.548489115 93.955301750
v 89.713648673 111.251657563 93.811839782
v 89.629337315 111.110834697 93.906665203
v 89.718963862 111.187601424 93.817649788
v 89.728479508 111.121728561 93.823674374
v 89.741594285 111.058567283 93.829514928
v 89.758789853 110.995327714 93.835441546
v 89.531167438 111.094018941 93.990239250
v 89.845189477 110.788132654 93.855701616
v 89.734427994 111.536147610 95.036029631
v 89.536492548 111.623511195 95.210746601
v 89.748908860 111.597273618 95.030358057
v 89.712828556 111.266042868 95.060556917
v 89.513918873 111.283573726 95.224894007
v 89.711847194 111.328855129 95.054885021
v 89.767976646 110.965672908 95.088161861
v 89.580252980 110.950292869 95.239122775
v 89.749329015 111.027872052 95.082287012
v 89.560072873 111.015115121 95.236294624
v 89.876243287 110.734586323 95.111297724
v 89.729851751 110.648703333 95.253391076
v 89.844721163 110.788880906 95.105629638
v 89.693561066 110.705731499 95.250491932
v 90.032424881 110.536630296 95.134103592
v 89.903300571 110.442527579 95.264889481
v 89.989222619 110.582717626 95.128401210
v 90.078051846 110.493207317 95.139790450
v 89.952910990 110.397377823 95.267748103
v 90.241378618 110.371885963 95.158230217
v 90.172400557 110.245776462 95.279288413
v 90.114522996 110.279210244 95.276372904
v 90.231980959 110.215504220 95.282215349
v 90.299602877 110.338948590 95.164276050
v 90.466175485 110.268067628 95.180579440
v 90.483355910 110.127743177 95.293881956
v 90.418927780 110.144552549 95.290985309
v 90.526376978 110.249891832 95.186256608
v 90.548875731 110.114388243 95.296795545
v 90.594133169 110.233817151 95.192544690
v 90.801400569 110.211842435 95.211391583
v 90.747037080 110.096122035 95.305595273
v 90.731799256 110.214770110 95.205101394
v 90.813708520 110.097290976 95.308580348
v 90.856749912 110.099990436 95.310516784
v 90.864307167 110.212989653 95.217071578
v 90.899192397 110.104156943 95.312429188
v 90.929087544 110.217896192 95.222927411
v 91.037565675 110.234663914 95.232796823
v 91.016875537 110.123686358 95.317759064
v 90.984242166 110.225045968 95.227923379
v 91.101177012 110.249763041 95.238695114
v 91.082231800 110.139784004 95.320759435
v 91.163076809 110.268425088 95.244545097
v 91.147532662 110.159828273 95.323808209
v 91.192860402 110.176189981 95.325964671
v 91.223427599 110.290604455 95.250371409
v 91.243833369 110.197121574 95.328439482
v 91.282307667 110.316273912 95.256187871
v 91.300901857 110.223937098 95.331287031
v 91.339381190 110.345223083 95.261968538
v 91.357360240 110.254255968 95.334202469
v 91.393779491 110.376867930 95.267649752
v 91.412324706 110.287730526 95.337153222
v 91.446468847 110.411661754 95.273348965
v 91.464881165 110.323756509 95.340067439
v 91.502042916 110.351847707 95.342190626
v 91.540418927 110.383378756 95.344450808
v 91.497179279 110.449443795 95.279056703
v 91.579848921 110.418743302 95.346860401
v 91.545650604 110.490030638 95.284763206
v 91.620114350 110.458372849 95.349433937
v 91.591638248 110.533219940 95.290458734
v 91.660924886 110.502738537 95.352188562
v 91.634918298 110.578795137 95.296133865
v 91.701902028 110.552352415 95.355144650
v 91.679245800 110.631508668 95.302356781
v 91.742545403 110.607746159 95.358324714
v 91.719861504 110.686499780 95.308538837
v 91.778150961 110.662684819 95.361375532
v 91.756998086 110.743992047 95.314725106
v 91.812408048 110.722940193 95.364620683
v 91.790564411 110.803834602 95.320918851
v 91.841028680 110.780802276 95.367650919
v 91.866361243 110.840091753 95.370679377
v 91.820436910 110.865802862 95.327120648
v 91.888317432 110.900576936 95.373698142
v 91.846460311 110.929564350 95.333327243
v 91.906826147 110.962026195 95.376699562
v 91.868124564 110.993566816 95.339427332
v 91.921965455 111.024839037 95.379717591
v 91.885996464 111.059471586 95.345602380
v 91.933507737 111.088304746 95.382758991
v 91.898599833 111.120022908 95.351195901
v 91.941415217 111.152242387 95.385820701
v 91.907047328 111.175550502 95.356271048
v 91.945671166 111.216533028 95.388899818
v 91.912237802 111.226391239 95.360883231
v 91.946259938 111.281018300 95.391991961
v 91.915337684 111.288107661 95.366453711
v 91.943174101 111.345490985 95.395090879
v 91.914826612 111.354187729 95.372408330
v 91.936423896 111.409684617 95.398188018
v 91.910651960 111.417483478 95.378131706
v 91.926184983 111.472560042 95.401236395
v 91.902314657 111.484148737 95.384195840
v 91.912473189 111.534512632 95.404263853
v 91.890522732 111.547635644 95.390024963
v 91.895346773 111.595379919 95.407283822
v 91.876002254 111.606863777 95.395530983
v 91.874887676 111.654935180 95.410306552
v 91.855762373 111.672384432 95.401724132
v 91.848233088 111.719592016 95.413699271
v 91.833315954 111.731904257 95.407469449
v 91.820763041 111.776270623 95.416788948
v 91.810197294 111.784225802 95.412635161
v 91.790020245 111.831438409 95.419904511
v 91.784430325 111.835191447 95.417791612
v 91.756210526 111.884771223 95.422888430
v 89.848244044 110.598646529 93.953042108
v 89.865978055 110.751424314 93.859510450
v 89.899537845 110.698261928 93.865188006
v 89.940193223 110.641775260 93.871473980
v 89.984154770 110.588284588 93.877726892
v 90.031729766 110.537351777 93.884019757
v 89.768366219 110.539485785 94.036449036
v 90.077440103 110.493948804 93.889709736
v 90.061813970 110.376952101 93.978602325
v 90.125661486 110.453100913 93.895413782
v 90.176593124 110.414711553 93.901167544
v 90.230337277 110.378863951 93.906988588
v 89.999605880 110.299449440 94.062009253
v 90.324477908 110.216398760 94.004162543
v 90.285672608 110.346451770 93.912770316
v 90.342485621 110.317492997 93.918527513
v 90.400706595 110.291987035 93.924273645
v 90.460299235 110.269927247 93.930021200
v 90.521253362 110.251308991 93.935781939
v 90.284001352 110.125612698 94.087569471
v 90.619450022 110.128320122 94.029722761
v 90.583786503 110.236092137 93.941587308
v 90.647313697 110.224465695 93.947407052
v 90.711160982 110.216562041 93.953208248
v 90.775036192 110.212393020 93.958987724
v 90.603378022 110.030246863 94.113129688
v 90.838736575 110.211944905 93.964745845
v 90.927104684 110.117641385 94.055282978
v 90.902124717 110.215193995 93.970485353
v 90.965084532 110.222113247 93.976208370
v 91.033506932 110.233881781 93.982477524
v 90.936486532 110.018684620 94.138689906
v 91.227270838 110.185949697 94.080843196
v 91.094706761 110.248239153 93.988152530
v 91.155218624 110.266112705 93.993847878
v 91.214738974 110.287429618 93.999554225
v 91.272965513 110.312092260 94.005261864
v 91.329603874 110.339979817 94.010961017
v 91.261486971 110.092644428 94.164250124
v 91.389922222 110.374318907 94.017231442
v 91.500435512 110.327888412 94.106403413
v 91.446684209 110.411506302 94.023377519
v 91.500609518 110.451826022 94.029478247
v 91.551627799 110.495133853 94.035530543
v 91.557251960 110.246326461 94.189810341
v 91.599619518 110.541217250 94.041528514
v 91.728248197 110.534931905 94.131963631
v 91.644405973 110.589743911 94.047463707
v 91.675933027 110.627659330 94.051895896
v 91.716908696 110.682506884 94.058074245
v 91.751475725 110.735004620 94.063749107
v 91.803912756 110.470499724 94.215370559
v 91.786198156 110.795380282 94.070038250
v 91.896350151 110.792822438 94.157523849
v 91.816970907 110.857769687 94.076320428
v 91.843724913 110.922031136 94.082606349
v 91.866393686 110.988023655 94.088906756
v 91.985922647 110.749726863 94.240930777
v 91.992953729 111.085112496 94.183084066
v 91.883457321 111.049585688 94.094669544
v 91.895581087 111.104536199 94.099725571
v 91.904676416 111.158363877 94.104633718
v 91.912079104 111.223748865 94.110567495
v 92.090518734 111.066199577 94.266490994
v 92.012563901 111.392327580 94.208644284
v 91.915516820 111.288606399 94.116442363
v 91.915101591 111.353066294 94.122282763
v 91.910897439 111.417177922 94.128101241
v 91.902992446 111.480602942 94.133875657
v 91.891655525 111.542325898 94.139541461
v 92.111751356 111.398832140 94.292051212
v 91.953000838 111.694350645 94.234204502
v 91.876767489 111.603568529 94.145230741
v 91.858383593 111.664026580 94.150934343
v 91.836584126 111.723394048 94.156642646
v 91.811473415 111.781369907 94.162345863
v 92.047260336 111.725843121 94.317611429
v 91.819052895 111.971521451 94.259764719
v 91.783177585 111.837664671 94.168034336
v 91.748725620 111.897061524 94.174241615
v 91.711212253 111.953361128 94.180372380
v 91.670585447 112.006842596 94.186457902
v 91.902230192 112.025945690 94.343171647
v 91.618711322 112.205249831 94.285324937
v 91.627031829 112.057392401 94.192489492
v 91.580837663 112.104833572 94.198453398
v 91.544611296 112.138326028 94.202884303
v 91.507273267 112.169917426 94.207277277
v 91.453565724 112.210822286 94.213368842
v 91.685313334 112.279011617 94.368731865
v 91.365810776 112.380769093 94.310885154
v 91.395605830 112.249524360 94.219661783
v 91.335436788 112.284388185 94.225941552
v 91.273193383 112.315341816 94.232219139
v 91.209012636 112.342313872 94.238505493
v 91.411489029 112.469052488 94.394292082
v 91.088570365 112.380736043 94.249920295
v 91.076449018 112.485818947 94.336445372
v 91.149707008 112.363126729 94.244179867
v 91.033643893 112.393449128 94.254987332
v 90.979972272 112.403087203 94.259889598
v 90.914811313 112.411139506 94.265808777
v 91.098186889 112.582793655 94.419852300
v 90.850132133 112.415224508 94.271669575
v 90.769932821 112.514341218 94.362005590
v 90.785760689 112.415457283 94.277501262
v 90.721621892 112.411898800 94.283319272
v 90.657890787 112.404607957 94.289115453
v 90.766311034 112.613675719 94.445412518
v 90.595955787 112.393880814 94.294790081
v 90.466307599 112.463572882 94.387565807
v 90.534498640 112.379602678 94.300485215
v 90.473826720 112.361828270 94.306191511
v 90.414247588 112.340637148 94.311899260
v 90.356062234 112.316132479 94.317598685
v 90.437565341 112.558707059 94.470972735
v 90.299558596 112.288438595 94.323280246
v 90.185364329 112.337729416 94.413126025
v 90.239521034 112.254377579 94.329516899
v 90.182453404 112.217065413 94.335685077
v 90.127841635 112.176268792 94.341849859
v 90.133378193 112.422451918 94.496532953
v 90.075795841 112.132090569 94.348014668
v 89.945917337 112.144258909 94.438686243
v 90.026483197 112.084690659 94.354180467
v 89.980143141 112.034323680 94.360344609
v 89.937036184 111.981301417 94.366508941
v 89.874120524 112.212974603 94.522093171
v 89.763128796 111.896561415 94.464246460
v 89.896998430 111.925301181 94.372732180
v 89.860773748 111.867259000 94.378919667
v 89.828351202 111.807222387 94.385085327
v 89.799745344 111.745264437 94.391243438
v 89.676208949 111.944783826 94.547653388
v 89.774995484 111.681499827 94.397408727
v 89.649721256 111.610371916 94.489806678
v 89.754163650 111.616107490 94.403596499
v 89.740248147 111.562378471 94.408591953
v 89.729097889 111.508545827 94.413531943
v 89.720797601 111.455369901 94.418377116
v 89.553418622 111.634916402 94.573213606
v 89.714282520 111.390638315 94.424251715
v 89.612310935 111.304813138 94.515366895
v 89.711664136 111.326216130 94.430088549
v 89.712861053 111.261980794 94.435909691
v 89.717832586 111.197868067 94.441728344
v 89.726406841 111.134878761 94.447467860
v 89.512913153 111.304077179 94.598773823
v 89.738468099 111.072971089 94.453161061
v 89.654241729 110.999841816 94.540927113
v 89.754053837 111.011709506 94.458866573
v 89.773096396 110.951404065 94.464574711
v 89.795504149 110.892359698 94.470275690
v 89.558313098 110.973874015 94.624334041
v 89.821163623 110.834869611 94.475959930
v 89.771874599 110.715362981 94.566487331
v 89.853322688 110.773155292 94.482244593
v 89.888859777 110.714398542 94.488450076
v 89.928102977 110.657883466 94.494668287
v 89.685678337 110.665858788 94.649894259
v 89.958310890 110.470399294 94.592047548
v 89.970946670 110.603773277 94.500901547
v 90.017242096 110.552273165 94.507149815
v 90.066780322 110.503632624 94.513410056
v 90.119272654 110.458145832 94.519675506
v 89.887539460 110.400627998 94.675454476
v 90.200596453 110.280495620 94.617607766
v 90.173698667 110.416594686 94.525866758
v 90.230048081 110.378859512 94.532010128
v 90.288148030 110.344975526 94.538099654
v 90.347859758 110.314936197 94.544137317
v 90.149870549 110.195012620 94.701014694
v 90.408976479 110.288749804 94.550124800
v 90.483372354 110.158826031 94.643167984
v 90.471184902 110.266425175 94.556066050
v 90.536315258 110.247324946 94.562178975
v 90.590802640 110.234511002 94.567207581
v 90.644037145 110.224765235 94.572074780
v 90.456041950 110.063276682 94.726574912
v 90.787716041 110.112559205 94.668728201
v 90.708719797 110.216563708 94.577956451
v 90.773090619 110.212303862 94.583793393
v 90.837375506 110.211879329 94.589618490
v 90.901684133 110.215243159 94.595449736
v 90.785565552 110.013181964 94.752135129
v 91.093776288 110.145617099 94.694288419
v 90.965690423 110.222335135 94.601266406
v 91.027891886 110.232867756 94.606960928
v 91.089525915 110.246938552 94.612667026
v 91.150280635 110.264486986 94.618374996
v 91.209849159 110.285428519 94.624075056
v 91.116947732 110.048974908 94.777695347
v 91.381550791 110.254940174 94.719848637
v 91.267936224 110.309656638 94.629757652
v 91.330422652 110.340288880 94.636042225
v 91.390399197 110.374617423 94.642283086
v 91.448434866 110.412921079 94.648561820
v 91.428531296 110.167342841 94.803255564
v 91.631824601 110.434185032 94.745408854
v 91.498784025 110.450676321 94.654242980
v 91.547069080 110.491359759 94.659942052
v 91.593040720 110.534780381 94.665649575
v 91.636461866 110.580725712 94.671355789
v 91.681157740 110.634073754 94.677642236
v 91.699511541 110.361417545 94.828815782
v 91.828683265 110.670854348 94.770969072
v 91.721552223 110.688868963 94.683807224
v 91.758063599 110.745425254 94.689906666
v 91.790709939 110.803608338 94.695940906
v 91.819494565 110.863224843 94.701909433
v 91.912657332 110.617667728 94.854376000
v 91.958512303 110.949978192 94.796529289
v 91.844421056 110.923990942 94.707813052
v 91.860714788 110.970402725 94.712234582
v 91.879181446 111.032762221 94.718091211
v 91.891879203 111.085884119 94.723000604
v 92.053227792 110.919884919 94.879936217
v 92.013596617 111.252850141 94.822089507
v 91.903621677 111.150449582 94.728910514
v 91.911367376 111.214703056 94.734756381
v 91.915250674 111.278866175 94.740575898
v 91.915338314 111.343041956 94.746389597
v 91.911660570 111.407293642 94.752210979
v 92.112869514 111.247815017 94.905496435
v 91.904296249 111.471052536 94.758001918
v 91.989439500 111.559741218 94.847649725
v 91.893320414 111.534076938 94.763770122
v 91.878770419 111.596277600 94.769532002
v 91.860723168 111.657355012 94.775281339
v 92.086713755 111.580096766 94.931056653
v 91.888518410 111.850568714 94.873209942
v 91.839260243 111.717076402 94.781014872
v 91.814460510 111.775264295 94.786731755
v 91.786396919 111.831781574 94.792432695
v 91.751863510 111.891853538 94.798689834
v 91.717364754 111.944291275 94.804356772
v 91.977442945 111.894985913 94.956616870
v 91.716616139 112.105941595 94.898770160
v 91.679785183 111.994899161 94.810046785
v 91.639294607 112.043418452 94.815750703
v 91.596086503 112.089598682 94.821458901
v 91.550374459 112.133203447 94.827161590
v 91.791318318 112.171487102 94.982177088
v 91.442840746 112.218582638 94.839586672
v 91.485762647 112.309589243 94.924330378
v 91.497321362 112.178061361 94.833437748
v 91.386434465 112.255334076 94.845685654
v 91.328254111 112.288308010 94.851732947
v 91.541365133 112.391983564 95.007737305
v 91.268526021 112.317476151 94.857724697
v 91.210526241 112.447468246 94.949890595
v 91.207597359 112.342799570 94.863655835
v 91.161138745 112.359351533 94.868090865
v 91.100393022 112.377647187 94.873811903
v 91.037851305 112.392627414 94.879607748
v 91.243357007 112.541270004 95.033297523
v 91.161961504 112.669651009 95.125087833
v 91.114506465 112.679026122 95.126937237
v 90.909381436 112.511323597 94.975450813
v 90.974957352 112.403866425 94.885370070
v 90.911813674 112.411381032 94.891112768
v 90.848480174 112.415189849 94.896848950
v 90.784985956 112.415305734 94.902591068
v 90.917296949 112.610408436 95.058857741
v 90.797239868 112.699329617 95.139276391
v 90.744886799 112.695638659 95.141351739
v 90.864183480 112.701150112 95.136637910
v 90.931774477 112.699688714 95.133997381
v 91.001364317 112.694708560 95.131305176
v 91.066761459 112.686798512 95.128783243
v 90.721337789 112.411730994 94.908351040
v 90.601918326 112.496087629 95.001011030
v 90.656641598 112.404322626 94.914220702
v 90.592629103 112.393190508 94.920072628
v 90.529752240 112.378442421 94.925896073
v 90.468238143 112.360173087 94.931692029
v 90.426089329 112.628603456 95.154170757
v 90.376264009 112.610704144 95.156237687
v 90.584395838 112.593911918 95.084417958
v 90.487145905 112.647640277 95.151677522
v 90.548963447 112.663810126 95.149183419
v 90.617559361 112.678247438 95.146432634
v 90.685276161 112.688994741 95.143725365
v 90.308283085 112.403653629 95.026571248
v 90.408224304 112.338462904 94.937463934
v 90.349790674 112.313374063 94.943216720
v 90.293034787 112.284977916 94.948951135
v 90.232856575 112.250142171 94.955229635
v 90.095669123 112.464182746 95.168835167
v 90.266466648 112.493830378 95.109978176
v 90.149097545 112.498797927 95.166270968
v 90.206130877 112.531987536 95.163631988
v 90.266358960 112.563155813 95.160942461
v 90.323052202 112.589119705 95.158487027
v 90.180382799 112.215402805 94.960910677
v 90.048026483 112.239238907 95.052131466
v 90.129797268 112.177618747 94.966609718
v 90.081360071 112.136966016 94.972317294
v 90.035320312 112.093642742 94.978023649
v 89.991910505 112.047865126 94.983719039
v 89.884767254 112.286481526 95.179889475
v 89.837826976 112.235368277 95.182661090
v 90.041116873 112.424981224 95.171533959
v 89.984677684 112.315812784 95.135538394
v 89.934400919 112.335232055 95.177112400
v 89.986573262 112.381452086 95.174327870
v 89.947475498 111.994995196 94.989960020
v 89.837761584 112.014395915 95.077691683
v 89.907206072 111.940521260 94.996096202
v 89.870659354 111.884073892 95.002187457
v 89.837859631 111.825828383 95.008229748
v 89.679074752 112.009906791 95.193796201
v 89.646991912 111.948791101 95.196623974
v 89.793720544 112.182064796 95.185429320
v 89.757016491 112.072367378 95.161098611
v 89.714300843 112.069281309 95.190984630
v 89.752573189 112.126745555 95.188196335
v 89.691948887 111.743279046 95.103251901
v 89.808853887 111.766050872 95.014216007
v 89.783701901 111.705157201 95.020136601
v 89.767274671 111.658783369 95.024563333
v 89.551710431 111.690499114 95.207950608
v 89.618140276 111.886109412 95.199460663
v 89.570436076 111.756777095 95.205131310
v 89.599139961 111.778819620 95.186658829
v 89.592598726 111.822042965 95.202298899
v 89.619376346 111.444115336 95.128812119
v 89.722497700 111.467556069 95.042316468
v 89.714965004 111.398407118 95.048597966
v 89.511260273 111.351713904 95.222043628
v 89.512189084 111.419907971 95.219201507
v 89.516706439 111.488025418 95.216369847
v 89.524809694 111.555936170 95.213550831
v 89.625678315 111.136339472 95.154372336
v 89.717506110 111.202035486 95.066344896
v 89.724651800 111.145739460 95.071440299
v 89.734243694 111.091924712 95.076353165
v 89.543293881 111.081072773 95.233459243
v 89.529974879 111.147975476 95.230610719
v 89.520159953 111.215617751 95.227750436
v 89.790134092 110.905118322 95.094005989
v 89.709547281 110.840144101 95.179932554
v 89.815764221 110.846122102 95.099833186
v 89.660503255 110.764347692 95.247628304
v 89.630544444 110.824746760 95.244783176
v 89.603767971 110.886781074 95.241950144
v 89.866335816 110.575223240 95.205492771
v 89.856020305 110.490397995 95.262027766
v 89.811242970 110.540833054 95.259159626
v 89.769134611 110.593662389 95.256281795
v 89.910941947 110.681950001 95.116988558
v 89.948661570 110.631240116 95.122692935
v 90.084978693 110.358518411 95.231052989
v 90.058539133 110.315698923 95.273476660
v 90.004675017 110.355088947 95.270607039
v 90.130671511 110.448831030 95.146011646
v 90.184997929 110.408530462 95.152139366
v 90.351747353 110.204895014 95.256613207
v 90.355449919 110.164815298 95.288071693
v 90.293065439 110.188489315 95.285145760
v 90.359343554 110.309798158 95.170263634
v 90.420075051 110.284537113 95.176173477
v 90.681125455 110.098565908 95.302662319
v 90.648677731 110.123666449 95.282173424
v 90.614824834 110.104660159 95.299720918
v 90.662658333 110.222102204 95.198822683
v 90.967257349 110.114001407 95.315504510
v 90.956506966 110.121028978 95.307733642
v 90.813708499 110.222291343 95.433580934
v 90.813708499 110.288709601 95.499999308
v 90.762616521 110.289983755 95.499999308
v 90.711651566 110.293803051 95.499999308
v 91.674734144 111.869817821 95.499999308
v 91.701383583 111.826207948 95.499999308
v 91.645944060 111.912045120 95.499999308
v 91.725826122 111.781323920 95.499999308
v 91.748000993 111.735277326 95.499999308
v 91.767853065 111.688182646 95.499999308
v 91.785332984 111.640156964 95.499999308
v 91.800397291 111.591319680 95.499999308
v 91.813008534 111.541792211 95.499999308
v 91.823135360 111.491697690 95.499999308
v 91.830752592 111.441160659 95.499999308
v 91.835841292 111.390306763 95.499999308
v 91.838388809 111.339262431 95.499999308
v 91.838388809 111.288154567 95.499999308
v 91.835841292 111.237110235 95.499999308
v 92.075838071 111.609696018 95.228506141
v 92.115437960 111.557394184 95.200472608
v 91.830752592 111.186256339 95.499999308
v 92.152284109 111.502975023 95.172878478
v 91.823135360 111.135719308 95.499999308
v 92.182505166 111.453287231 95.148853848
v 91.813008534 111.085624787 95.499999308
v 91.800397291 111.036097318 95.499999308
v 91.785332984 110.987260033 95.499999308
v 91.767853065 110.939234352 95.499999308
v 91.748000993 110.892139672 95.499999308
v 90.864800477 110.289983755 95.499999308
v 90.915765432 110.293803051 95.499999308
v 90.699205549 110.169423838 95.374998722
v 90.660940340 110.300157992 95.499999308
v 90.585840580 110.186510858 95.374998722
v 90.610608921 110.309032779 95.499999308
v 90.560782438 110.320405349 95.499999308
v 90.474740265 110.214800474 95.374998722
v 90.511584770 110.334247426 95.499999308
v 90.463138229 110.350524598 95.499999308
v 90.367008769 110.254011532 95.374998722
v 90.415563261 110.369196397 95.499999308
v 90.368978145 110.390216402 95.499999308
v 90.263716775 110.303754335 95.374998722
v 90.323498698 110.413532354 95.499999308
v 90.279237990 110.439086286 95.499999308
v 90.165890846 110.363534516 95.374998722
v 90.236306060 110.466814666 95.499999308
v 90.194809644 110.496648558 95.499999308
v 90.074503220 110.432757952 95.374998722
v 90.154851908 110.528513789 95.499999308
v 90.116532192 110.562331138 95.499999308
v 89.990462148 110.510736671 95.374998722
v 90.079945767 110.598016530 95.499999308
v 90.045183592 110.635481245 95.499999308
v 89.914602869 110.596695685 95.374998722
v 90.012332091 110.674632139 95.499999308
v 89.981472938 110.715371878 95.499999308
v 89.847679305 110.689780694 95.374998722
v 89.952682854 110.757599176 95.499999308
v 89.926033415 110.801209050 95.499999308
v 89.790356573 110.789066578 95.374998722
v 89.901590876 110.846093078 95.499999308
v 89.879416005 110.892139672 95.499999308
v 89.743204372 110.893566589 95.374998722
v 89.859563933 110.939234352 95.499999308
v 89.842084014 110.987260033 95.499999308
v 89.706691322 111.002242160 95.374998722
v 89.827019707 111.036097318 95.499999308
v 89.814408464 111.085624787 95.499999308
v 89.681180307 111.114013222 95.374998722
v 89.804281638 111.135719308 95.499999308
v 89.796664406 111.186256339 95.499999308
v 89.586362938 110.968387002 95.249998136
v 89.666924865 111.227768946 95.374998722
v 89.791575706 111.237110235 95.499999308
v 89.789028189 111.288154567 95.499999308
v 89.558078976 111.092307136 95.249998136
v 89.664066674 111.342378776 95.374998722
v 89.789028189 111.339262431 95.499999308
v 89.791575706 111.390306763 95.499999308
v 89.542274024 111.218427657 95.249998136
v 89.672634140 111.456703668 95.374998722
v 89.796664406 111.441160659 95.499999308
v 89.804281638 111.491697690 95.499999308
v 89.539105159 111.345495122 95.249998136
v 89.692542116 111.569607410 95.374998722
v 89.814408464 111.541792211 95.499999308
v 89.827019707 111.591319680 95.499999308
v 89.548603875 111.472246677 95.249998136
v 89.723592747 111.679967913 95.374998722
v 89.842084014 111.640156964 95.499999308
v 89.859563933 111.688182646 95.499999308
v 89.570675769 111.597422608 95.249998136
v 89.765477439 111.786688365 95.374998722
v 89.879416005 111.735277326 95.499999308
v 89.901590876 111.781323920 95.499999308
v 89.605101481 111.719778861 95.249998136
v 89.817779921 111.888708132 95.374998722
v 89.926033415 111.826207948 95.499999308
v 89.952682854 111.869817821 95.499999308
v 89.651538872 111.838099404 95.249998136
v 89.879980389 111.985013293 95.374998722
v 89.981472938 111.912045120 95.499999308
v 90.012332091 111.952784859 95.499999308
v 89.709526427 111.951208315 95.249998136
v 89.951460666 112.074646726 95.374998722
v 90.045183592 111.991935753 95.499999308
v 90.079945767 112.029400468 95.499999308
v 89.778487840 112.057981467 95.249998136
v 90.031510350 112.156717613 95.374998722
v 90.116532192 112.065085860 95.499999308
v 90.154851908 112.098903209 95.499999308
v 89.857737741 112.157357699 95.249998136
v 90.119333871 112.230410297 95.374998722
v 90.194809644 112.130768440 95.499999308
v 90.236306060 112.160602332 95.499999308
v 89.946488508 112.248349366 95.249998136
v 90.214058398 112.294992386 95.374998722
v 90.279237990 112.188330712 95.499999308
v 90.323498698 112.213884644 95.499999308
v 90.043858098 112.330052153 95.249998136
v 90.314742518 112.349822035 95.374998722
v 90.368978145 112.237200596 95.499999308
v 90.415563261 112.258220601 95.499999308
v 90.148878806 112.401654060 95.249998136
v 90.420385585 112.394354322 95.374998722
v 90.463138229 112.276892400 95.499999308
v 90.511584770 112.293169572 95.499999308
v 90.260506891 112.462443475 95.249998136
v 90.529937673 112.428146666 95.374998722
v 90.560782438 112.307011649 95.499999308
v 90.610608921 112.318384219 95.499999308
v 90.377632942 112.511816245 95.249998136
v 90.642310002 112.450863223 95.374998722
v 90.660940340 112.327259006 95.499999308
v 90.711651566 112.333613947 95.499999308
v 90.499092908 112.549281683 95.249998136
v 90.756385767 112.462278225 95.374998722
v 90.762616521 112.337433242 95.499999308
v 90.813708499 112.338707397 95.499999308
v 90.623679664 112.574467439 95.249998136
v 90.871031231 112.462278225 95.374998722
v 90.864800477 112.337433242 95.499999308
v 90.915765432 112.333613947 95.499999308
v 90.750155013 112.587123207 95.249998136
v 90.985106996 112.450863223 95.374998722
v 90.966476658 112.327259006 95.499999308
v 91.016808077 112.318384219 95.499999308
v 90.877261985 112.587123207 95.249998136
v 91.097479325 112.428146666 95.374998722
v 91.066634560 112.307011649 95.499999308
v 91.115832228 112.293169572 95.499999308
v 91.003737334 112.574467439 95.249998136
v 91.207031413 112.394354322 95.374998722
v 91.164278769 112.276892400 95.499999308
v 91.211853737 112.258220601 95.499999308
v 91.128324090 112.549281683 95.249998136
v 91.312674480 112.349822035 95.374998722
v 91.258438853 112.237200596 95.499999308
v 91.303918300 112.213884644 95.499999308
v 91.249784056 112.511816245 95.249998136
v 91.413358600 112.294992386 95.374998722
v 91.348179008 112.188330712 95.499999308
v 91.391110938 112.160602332 95.499999308
v 91.366910107 112.462443475 95.249998136
v 91.508083127 112.230410297 95.374998722
v 91.432607354 112.130768440 95.499999308
v 91.472565090 112.098903209 95.499999308
v 91.478538192 112.401654060 95.249998136
v 91.595906648 112.156717613 95.374998722
v 91.510884806 112.065085860 95.499999308
v 91.547471231 112.029400468 95.499999308
v 91.583558900 112.330052153 95.249998136
v 91.675956332 112.074646726 95.374998722
v 91.582233406 111.991935753 95.499999308
v 91.615084907 111.952784859 95.499999308
v 91.680928490 112.248349366 95.249998136
v 91.747436609 111.985013293 95.374998722
v 91.769679257 112.157357699 95.249998136
v 91.809637077 111.888708132 95.374998722
v 91.809090713 111.852721466 95.392922646
v 91.859563486 111.817949469 95.363861795
v 91.848929158 112.057981467 95.249998136
v 91.917890571 111.951208315 95.249998136
v 91.975878126 111.838099404 95.249998136
v 91.905435791 111.782441983 95.336871488
v 91.952980591 111.741283188 95.308132102
v 92.022315517 111.719778861 95.249998136
v 91.997159193 111.698554152 95.280529677
v 92.036704251 111.656139070 95.254907325
v 91.837060425 110.789066578 95.374998722
v 91.725826122 110.846093078 95.499999308
v 91.701383583 110.801209050 95.499999308
v 91.779737693 110.689780694 95.374998722
v 91.674734144 110.757599176 95.499999308
v 91.645944060 110.715371878 95.499999308
v 91.712814129 110.596695685 95.374998722
v 91.615084907 110.674632139 95.499999308
v 91.582233406 110.635481245 95.499999308
v 91.636954850 110.510736671 95.374998722
v 91.547471231 110.598016530 95.499999308
v 91.510884806 110.562331138 95.499999308
v 91.552913778 110.432757952 95.374998722
v 91.472565090 110.528513789 95.499999308
v 91.432607354 110.496648558 95.499999308
v 91.461526152 110.363534516 95.374998722
v 91.391110938 110.466814666 95.499999308
v 91.348179008 110.439086286 95.499999308
v 91.363700223 110.303754335 95.374998722
v 91.303918300 110.413532354 95.499999308
v 91.258438853 110.390216402 95.499999308
v 91.260408229 110.254011532 95.374998722
v 91.211853737 110.369196397 95.499999308
v 91.164278769 110.350524598 95.499999308
v 91.152676733 110.214800474 95.374998722
v 91.115832228 110.334247426 95.499999308
v 91.066634560 110.320405349 95.499999308
v 91.041576418 110.186510858 95.374998722
v 91.016808077 110.309032779 95.499999308
v 90.966476658 110.300157992 95.499999308
v 90.928211449 110.169423838 95.374998722
v 89.768345526 110.539470460 93.702852769
v 89.848233772 110.598638921 93.786270578
v 89.999589765 110.299429363 93.728412987
v 90.061805970 110.376942134 93.811830796
v 90.283990867 110.125589180 93.753973205
v 90.324472703 110.216387085 93.837391013
v 90.603373859 110.030221456 93.779533422
v 90.619447955 110.128307510 93.862951231
v 90.936488962 110.018658985 93.805093640
v 90.927105891 110.117628660 93.888511449
v 91.261495835 110.092620258 93.830653858
v 91.227275238 110.185937698 93.914071666
v 91.557266678 110.246305332 93.856214075
v 91.500442819 110.327877923 93.939631884
v 91.803932357 110.470483033 93.881774293
v 91.728257927 110.534923619 93.965192101
v 91.985945851 110.749715699 93.907334511
v 91.896361670 110.792816896 93.990752319
v 92.090544008 111.066194677 93.932894728
v 91.992966276 111.085110064 94.016312537
v 92.111777051 111.398833825 93.958454946
v 92.012576656 111.392328416 94.041872754
v 92.047284754 111.725851280 93.984015163
v 91.953012960 111.694354695 94.067432972
v 91.902251740 112.025959789 94.009575381
v 91.819063592 111.971528450 94.092993190
v 91.685330587 112.279030725 94.035135599
v 91.618719887 112.205259316 94.118553407
v 91.411500862 112.469075358 94.060695816
v 91.365816650 112.380780446 94.144113625
v 91.098192520 112.582818776 94.086256034
v 91.076451814 112.485831418 94.169673842
v 90.766310096 112.613701452 94.111816252
v 90.769932355 112.514353992 94.195234060
v 90.437557895 112.558731704 94.137376469
v 90.466303903 112.463585116 94.220794278
v 90.133364726 112.422473865 94.162936687
v 90.185357643 112.337740311 94.246354495
v 89.874101924 112.212992404 94.188496904
v 89.945908104 112.144267745 94.271914713
v 89.676186433 111.944796318 94.214057122
v 89.763117618 111.896567616 94.297474931
v 89.553393675 111.634922761 94.239617340
v 89.649708872 111.610375073 94.323035148
v 89.512887404 111.304076989 94.265177557
v 89.612298152 111.304813043 94.348595366
v 89.558288247 110.973867288 94.290737775
v 89.654229393 110.999838476 94.374155583
v 89.685656008 110.665845964 94.316297993
v 89.771863514 110.715356615 94.399715801
v 89.887521126 110.400609924 94.341858210
v 89.958301789 110.470390321 94.425276019
v 90.149857409 110.194990475 94.367418428
v 90.200589930 110.280484627 94.450836236
v 90.456034871 110.063251929 94.392978645
v 90.483368839 110.158813743 94.476396454
v 90.785564995 110.013156220 94.418538863
v 90.787715764 110.112546425 94.501956672
v 91.116953735 110.048949872 94.444099081
v 91.093779268 110.145604671 94.527516889
v 91.428543466 110.167320148 94.469659298
v 91.381556832 110.254928909 94.553077107
v 91.699529076 110.361398695 94.495219516
v 91.631833305 110.434175674 94.578637325
v 91.912679086 110.617653950 94.520779734
v 91.828694064 110.670847509 94.604197542
v 92.053252328 110.919877123 94.546339951
v 91.958524483 110.949974322 94.629757760
v 92.112895231 111.247813713 94.571900169
v 92.013609383 111.252849494 94.655317977
v 92.086738954 111.580102039 94.597460386
v 91.989452009 111.559743835 94.680878195
v 91.977465982 111.894997419 94.623020604
v 91.888529845 111.850574426 94.706438413
v 91.791337670 112.171504081 94.648580822
v 91.716625746 112.105950024 94.731998630
v 91.541379537 112.392004909 94.674141039
v 91.485769798 112.309599839 94.757558848
v 91.243365512 112.541294304 94.699701257
v 91.210530463 112.447480309 94.783119066
v 90.917298999 112.610434104 94.725261475
v 90.909382454 112.511336340 94.808679283
v 90.584391299 112.593937259 94.750821692
v 90.601916072 112.496100209 94.834239501
v 90.266455816 112.493853739 94.776381910
v 90.308277707 112.403665225 94.859799718
v 89.984661273 112.315832621 94.801942128
v 90.048018337 112.239248754 94.885359936
v 89.756995574 112.072382395 94.827502345
v 89.837751200 112.014403370 94.910920154
v 89.599115919 111.778828827 94.853062563
v 89.691936952 111.743283616 94.936480371
v 89.520537525 111.454907357 94.878622780
v 89.619363639 111.444116724 94.962040589
v 89.527361022 111.121661021 94.904182998
v 89.625665674 111.136337585 94.987600807
v 89.618170696 110.800953540 94.929743216
v 89.709535533 110.840139062 95.013161024
v 89.787934511 110.514108740 94.955303433
v 89.866325737 110.575215383 95.038721242
v 90.024671520 110.279470164 94.980863651
v 90.084970939 110.358508248 95.064281459
v 90.313517038 110.113133423 95.006423869
v 90.351742438 110.204883217 95.089841677
v 90.635020353 110.025182662 95.031984086
v 90.648675976 110.123653787 95.115401895
v 90.968324476 110.022326923 95.057544304
v 90.956508485 110.121016288 95.140962112
v 91.291533337 110.103786307 95.083104521
v 91.255017228 110.196250421 95.166522330
v 91.583185866 110.265150168 95.108664739
v 91.524381223 110.345282608 95.192082548
v 91.824600090 110.494973817 95.134224957
v 91.747346200 110.557542781 95.217642765
v 91.999256031 110.778865813 95.159785174
v 91.908654666 110.819739314 95.243202983
v 92.096502610 111.097681749 95.185345392
v 91.998469511 111.114190846 95.268763200
v 92.109026284 111.430769656 95.210905610
v 92.010036108 111.421823662 95.294323418
v 91.943509358 111.722384373 95.319883636
v 91.418972665 112.465589719 91.559760757
v 91.372643767 112.377420965 91.643334810
v 90.985611001 112.602536029 91.594698257
v 90.972453021 112.503884957 91.678272310
v 90.531452025 112.583947192 91.629635757
v 90.553056858 112.486718970 91.713209810
v 90.112151021 112.408518066 91.664573257
v 90.165850524 112.324717763 91.748147310
v 89.777576990 112.100859406 91.699510757
v 89.856885883 112.040608302 91.783084810
v 89.570902391 111.696042336 91.734448257
v 89.666030833 111.666777254 91.818022310
v 89.514299815 111.245063573 91.769385757
v 89.613760803 111.250317880 91.852959810
v 89.618101679 110.802555856 91.804323257
v 89.709617333 110.841681151 91.887897310
v 89.866279597 110.421770424 91.839260757
v 89.938798902 110.490042280 91.922834810
v 90.231411005 110.151089530 91.874198257
v 90.275981959 110.240080186 91.957772310
v 90.666857446 110.020800991 91.909135757
v 90.678097906 110.119764359 91.992709810
v 91.120431749 110.050113075 91.944073257
v 91.096954149 110.146832799 92.027647310
v 91.536967793 110.232010275 91.979010757
v 91.481607163 110.314806993 92.062584810
v 91.864222276 110.547435965 92.013948257
v 91.783812517 110.606088969 92.097522310
v 92.064622131 110.955392800 92.048885757
v 91.968873112 110.982819455 92.132459810
v 92.110605040 111.407581307 92.083823257
v 92.011336339 111.400395975 92.167397310
v 91.999981431 111.848434209 92.118760757
v 91.909180223 111.807504555 92.202334810
v 91.742920333 112.223278789 92.153698257
v 91.671795422 112.153657306 92.237272310
v 91.373652416 112.488288366 92.188635757
v 91.330792478 112.398382183 92.272209810
v 90.935263155 112.608303885 92.223573257
v 90.925958964 112.509211322 92.307147310
v 90.482195582 112.571990757 92.258510757
v 90.507570664 112.475677720 92.342084810
v 90.070051069 112.380351069 92.293448257
v 90.126973040 112.298706760 92.377022310
v 89.747706783 112.059909140 92.328385757
v 89.829302039 112.002792504 92.411959810
v 89.556953305 111.647353714 92.363323257
v 89.653149456 111.621815418 92.446897310
v 89.517959087 111.194509016 92.398260757
v 89.617139983 111.203632934 92.481834810
v 89.638916499 110.756378701 92.433198257
v 89.728838919 110.799038545 92.516772310
v 89.901735720 110.385548650 92.468135757
v 89.971541098 110.456593039 92.551709810
v 90.277131903 110.129293748 92.503073257
v 90.318203229 110.219952725 92.586647310
v 90.717322301 110.016062648 92.538010757
v 90.724700016 110.115388703 92.621584810
v 91.169410933 110.063017280 92.572948257
v 91.142184306 110.158749275 92.656522310
v 91.578546779 110.260998919 92.607885757
v 91.520003557 110.341576751 92.691459810
v 91.893268435 110.588930540 92.642823257
v 91.810635389 110.644407414 92.726397310
v 92.077628015 111.004382600 92.677760757
v 91.980883484 111.028059415 92.761334810
v 92.105965153 111.458018881 92.712698257
v 92.007051604 111.446972893 92.796272310
v 91.978256058 111.894228987 92.747635757
v 91.889117781 111.849794051 92.831209810
v 91.706791328 112.258777706 92.782573257
v 91.638431849 112.186439020 92.866147310
v 91.327482532 112.509204755 92.817510757
v 91.288156588 112.417697563 92.901084810
v 90.884751756 112.612055757 92.852448257
v 90.879313873 112.512676013 92.936022310
v 90.433442163 112.558125056 92.887385757
v 90.462548991 112.462873345 92.970959810
v 90.029073915 112.350579424 92.922323257
v 90.089132411 112.271213934 93.005897310
v 89.719454083 112.017826620 92.957260757
v 89.803211894 111.963931118 93.040834810
v 89.544912667 111.598155126 92.992198257
v 89.642030448 111.576382652 93.075772310
v 89.523584476 111.144135328 93.027135757
v 89.622334786 111.157115013 93.110709810
v 89.661513500 110.711048206 93.062073257
v 89.749706271 110.757177795 93.145647310
v 89.938575632 110.350735228 93.097010757
v 90.005561163 110.424444350 93.180584810
v 90.323667083 110.109294886 93.131948257
v 90.361176455 110.201484641 93.215522310
v 90.767933409 110.013293298 93.166885757
v 90.771437184 110.112831328 93.250459810
v 91.217850376 110.077819291 93.201823257
v 91.186916036 110.172418291 93.285397310
v 91.618965230 110.291584900 93.236760757
v 91.557328248 110.369821582 93.320334810
v 91.920676464 110.631524893 93.271698257
v 91.835945517 110.683741456 93.355272310
v 92.088716080 111.053841758 93.306635757
v 91.991122832 111.073732808 93.390209810
v 92.099364667 111.508237305 93.341573257
v 92.000956341 111.493347435 93.425147310
v 91.954763649 111.939142907 93.376510757
v 91.867423558 111.891270113 93.460084810
v 91.669306377 112.292843303 93.411448257
v 91.603816118 112.217897124 93.495022310
v 91.280533069 112.528307147 93.446385757
v 91.244800790 112.435337796 93.529959810
v 90.834135620 112.613834999 93.481323257
v 90.832572061 112.514319067 93.564897310
v 90.385265744 112.542371130 93.516260757
v 90.418060153 112.448325276 93.599834810
v 89.989275909 112.319244072 93.551198257
v 90.052380674 112.242277092 93.634772310
v 89.692861760 111.974675701 93.586135757
v 89.778655033 111.924083111 93.669709810
v 89.534839884 111.548489114 93.621073257
v 89.632728668 111.530518238 93.704647310
v 89.531167446 111.094018942 93.656010757
v 89.629337330 111.110834699 93.739584810
v 90.674983869 110.019903826 89.409760756
v 90.685602305 110.118935865 89.493334810
v 91.128326653 110.052105435 89.444698256
v 91.104244751 110.148672658 89.528272310
v 91.543749983 110.236575969 89.479635756
v 91.487870221 110.319023214 89.563209810
v 91.869026428 110.554040839 89.514573256
v 91.788248944 110.612188285 89.598147310
v 92.066848789 110.963259543 89.549510756
v 91.970929334 110.990084052 89.633084810
v 92.109986868 111.415730930 89.584448256
v 92.010765484 111.407921800 89.668022310
v 91.996598257 111.855877177 89.619385756
v 91.906056008 111.814377814 89.702959810
v 91.737187769 112.229098433 89.654323256
v 91.666501647 112.159031495 89.737897310
v 91.366261309 112.491783390 89.689260756
v 91.323967111 112.401609686 89.772834810
v 90.927126428 112.609042284 89.724198256
v 90.918445049 112.509893201 89.807772310
v 90.474296157 112.569882977 89.759135756
v 90.500275887 112.473731275 89.842709810
v 90.063363933 112.375657453 89.794073256
v 90.120797759 112.294372408 89.877647310
v 89.743039339 112.053196569 89.829010756
v 89.824991856 111.996593734 89.912584810
v 89.554881757 111.639450769 89.863948256
v 89.651236471 111.614517391 89.947522310
v 89.518733611 111.186369989 89.898885756
v 89.617855223 111.196116895 89.982459810
v 89.642441476 110.749008311 89.933823256
v 89.732094083 110.792232309 90.017397310
v 89.907585483 110.379836915 89.968760756
v 89.976943101 110.451318499 90.052334810
v 90.284584341 110.125945740 90.003698256
v 90.325085234 110.216860984 90.087272310
v 90.725477499 110.015482653 90.038635756
v 90.732230989 110.114853103 90.122209810
v 91.177262186 110.065276897 90.073573256
v 91.149434598 110.160835933 90.157147310
v 91.585146008 110.265825287 90.108510756
v 91.526097659 110.346033694 90.192084810
v 91.897801010 110.595727876 90.143448256
v 91.814821025 110.650684460 90.227022310
v 92.079546606 111.012330094 90.178385756
v 91.982655219 111.035398582 90.261959810
v 92.105032922 111.466135467 90.213323256
v 92.006190730 111.454468209 90.296897310
v 91.974585578 111.901534548 90.248260756
v 91.885728251 111.856540420 90.331834810
v 91.700835694 112.264370420 90.283198256
v 91.632932078 112.191603649 90.366772310
v 91.319960916 112.512409273 90.318135756
v 91.281210701 112.420656797 90.401709810
v 90.876592651 112.612476504 90.353073256
v 90.871779292 112.513064555 90.436647310
v 90.425630821 112.555711225 90.388010756
v 90.455335555 112.460644276 90.471584810
v 90.022574594 112.345628986 90.422948256
v 90.083130569 112.266642418 90.506522310
v 89.715051607 112.010937364 90.457885756
v 89.799146397 111.957569187 90.541459810
v 89.543150493 111.590177485 90.492823256
v 89.640403156 111.569015645 90.576397310
v 89.524675394 111.136032640 90.527760756
v 89.623342202 111.149632531 90.611334810
v 89.665322843 110.703820696 90.562698256
v 89.753224035 110.750503502 90.646272310
v 89.944643406 110.345255650 90.597635756
v 90.011164489 110.419384197 90.681209810
v 90.331244264 110.106239655 90.632573256
v 90.368173654 110.198663268 90.716147310
v 90.776105008 110.013031355 90.667510756
v 90.778983302 110.112589435 90.751084810
v 91.225607653 110.080382981 90.702448256
v 91.194079545 110.174785748 90.786022310
v 91.625371485 110.296664620 90.737385756
v 91.563244147 110.374512483 90.820959810
v 91.924940931 110.638493548 90.772323256
v 91.839883568 110.690176708 90.855897310
v 92.090323693 111.061857944 90.807260756
v 91.992607393 111.081135408 90.890834810
v 92.098116817 111.516311611 90.842198256
v 91.999804005 111.500803707 90.925772310
v 91.950811432 111.946299975 90.877135756
v 91.863773856 111.897879356 90.960709810
v 91.663138266 112.298199137 90.912073256
v 91.598120135 112.222843005 90.995647310
v 91.272892356 112.531216298 90.947010756
v 91.237744923 112.438024271 91.030584810
v 90.825963263 112.613940234 90.981948256
v 90.825025243 112.514416246 91.065522310
v 90.377554337 112.539654910 91.016885756
v 90.410939003 112.445816964 91.100459810
v 89.982985722 112.314034676 91.051823256
v 90.046571959 112.237466441 91.135397310
v 89.688730932 111.967620213 91.086760756
v 89.774840393 111.917567673 91.170334810
v 89.533347179 111.540484688 91.121698256
v 89.631350220 111.523126497 91.205272310
v 89.532573103 111.085964889 91.156635756
v 89.630635394 111.103397129 91.240209810
v 89.689946454 110.659558587 91.191573256
v 89.775962875 110.709629360 91.275147310
v 89.983020012 110.312143876 91.226510756
v 90.046603625 110.388806906 91.310084810
v 90.378637273 110.088365396 91.261448256
v 90.411939047 110.182157163 91.345022310
v 90.826789575 110.012553650 91.296385756
v 90.825788307 110.112148296 91.379959810
v 91.273324329 110.097361725 91.331323256
v 91.238143831 110.190464884 91.414897310
v 91.664365379 110.329047173 91.366260756
v 91.599253321 110.404416370 91.449834810
v 91.950408869 110.682279046 91.401198256
v 91.863402106 110.730610720 91.484772310
v 92.099163697 111.111767941 91.436135756
v 92.000770754 111.127225131 91.519709810
v 92.089198975 111.566197941 91.471073256
v 91.991568764 111.546871573 91.554647310
v 91.925311893 111.990105535 91.506010756
v 91.840226135 111.938331894 91.589584810
f 1 2 3
f 1 3 4
f 5 1 4
f 5 4 6
f 7 5 6
f 7 6 8
f 9 7 8
f 9 8 10
f 11 9 10
f 11 10 12
f 13 11 12
f 13 12 14
f 15 13 14
f 15 14 16
f 17 15 16
f 17 16 18
f 19 17 18
f 19 18 20
f 21 19 20
f 21 20 22
f 23 21 22
f 23 22 24
f 25 24 26
f 25 23 24
f 27 26 28
f 27 25 26
f 29 28 30
f 29 27 28
f 31 29 30
f 32 30 33
f 32 31 30
f 34 33 35
f 34 32 33
f 36 35 37
f 36 34 35
f 38 37 39
f 38 36 37
f 40 39 41
f 40 38 39
f 42 41 43
f 42 40 41
f 44 43 45
f 44 42 43
f 46 45 47
f 46 44 45
f 48 47 49
f 48 46 47
f 50 48 49
f 50 49 51
f 52 50 51
f 52 51 53
f 54 52 53
f 54 53 55
f 56 54 55
f 56 55 57
f 58 56 57
f 59 58 57
f 59 57 60
f 61 59 60
f 61 60 62
f 63 61 62
f 63 62 64
f 65 63 64
f 65 64 66
f 67 65 66
f 67 66 68
f 69 67 68
f 69 68 70
f 71 69 70
f 71 70 72
f 73 71 72
f 73 72 74
f 75 73 74
f 75 74 76
f 77 75 76
f 77 76 78
f 79 77 78
f 79 78 80
f 81 79 80
f 82 81 80
f 82 80 83
f 84 82 83
f 84 83 85
f 86 84 85
f 86 85 87
f 88 86 87
f 88 87 89
f 90 88 89
f 90 89 91
f 92 91 93
f 92 90 91
f 94 93 95
f 94 92 93
f 96 95 97
f 96 94 95
f 98 97 99
f 98 96 97
f 100 99 101
f 100 98 99
f 102 100 101
f 103 102 101
f 103 101 104
f 105 103 104
f 105 104 106
f 107 105 106
f 107 106 108
f 109 107 108
f 109 108 110
f 111 109 110
f 111 110 112
f 113 111 112
f 113 112 114
f 115 113 114
f 115 114 116
f 117 115 116
f 117 116 118
f 119 117 118
f 119 118 120
f 121 119 120
f 121 120 122
f 123 121 122
f 123 122 124
f 125 123 124
f 126 125 124
f 126 124 127
f 128 126 127
f 128 127 129
f 130 128 129
f 130 129 131
f 132 131 133
f 134 131 132
f 134 130 131
f 135 133 136
f 135 132 133
f 137 134 132
f 138 136 139
f 138 135 136
f 140 137 141
f 140 134 137
f 142 139 143
f 142 138 139
f 144 141 145
f 144 140 141
f 146 143 147
f 146 142 143
f 148 145 149
f 148 144 145
f 150 146 147
f 151 149 152
f 151 148 149
f 153 150 147
f 154 150 153
f 155 152 156
f 155 151 152
f 157 154 153
f 158 155 156
f 158 156 159
f 160 154 157
f 161 160 157
f 162 158 159
f 162 159 163
f 164 160 161
f 165 164 161
f 166 162 163
f 166 163 167
f 168 164 165
f 169 168 165
f 170 166 167
f 170 167 171
f 172 168 169
f 173 172 169
f 174 171 175
f 174 170 171
f 176 172 173
f 177 176 173
f 178 175 179
f 178 174 175
f 180 176 177
f 181 180 177
f 182 179 183
f 182 178 179
f 184 180 181
f 185 184 181
f 186 183 187
f 186 182 183
f 188 184 185
f 189 188 185
f 190 187 191
f 190 186 187
f 192 188 189
f 193 191 194
f 193 190 191
f 195 189 196
f 195 192 189
f 197 194 198
f 197 193 194
f 199 196 200
f 199 195 196
f 201 198 202
f 201 197 198
f 203 200 204
f 203 199 200
f 205 201 202
f 205 202 206
f 207 203 204
f 207 204 208
f 209 205 206
f 209 206 210
f 211 207 208
f 211 208 212
f 213 209 210
f 213 210 214
f 215 211 212
f 215 212 216
f 217 213 214
f 217 214 218
f 219 216 220
f 219 215 216
f 221 217 218
f 221 218 222
f 223 220 224
f 223 219 220
f 225 221 222
f 225 222 226
f 227 223 224
f 228 227 224
f 229 225 226
f 229 226 230
f 231 227 228
f 232 231 228
f 233 230 234
f 233 229 230
f 235 231 232
f 236 235 232
f 237 234 238
f 237 233 234
f 239 235 236
f 240 239 236
f 241 238 242
f 241 237 238
f 243 239 240
f 244 243 240
f 245 242 246
f 245 241 242
f 247 243 244
f 248 247 244
f 249 246 250
f 249 245 246
f 251 247 248
f 252 250 253
f 252 249 250
f 254 251 248
f 254 248 255
f 256 252 253
f 256 253 257
f 258 254 255
f 258 255 259
f 260 256 257
f 260 257 261
f 262 258 259
f 262 259 263
f 264 260 261
f 264 261 265
f 266 262 263
f 266 263 267
f 268 264 265
f 268 265 269
f 270 266 267
f 270 267 271
f 272 268 269
f 272 269 273
f 274 270 271
f 274 271 275
f 276 272 273
f 276 273 277
f 278 274 275
f 279 278 275
f 280 276 277
f 280 277 281
f 282 278 279
f 283 282 279
f 284 280 281
f 284 281 285
f 286 282 283
f 287 286 283
f 288 284 285
f 288 285 289
f 290 286 287
f 291 290 287
f 292 289 293
f 292 288 289
f 294 290 291
f 295 293 296
f 295 292 293
f 297 291 298
f 297 294 291
f 299 296 300
f 299 295 296
f 301 298 302
f 301 297 298
f 303 299 300
f 303 300 304
f 305 301 302
f 305 302 306
f 307 303 304
f 307 304 308
f 309 305 306
f 309 306 310
f 311 307 308
f 312 311 308
f 313 309 310
f 313 310 314
f 315 311 312
f 316 313 314
f 316 314 317
f 318 315 319
f 320 316 317
f 320 317 321
f 322 318 323
f 324 320 321
f 324 321 325
f 326 322 327
f 328 325 329
f 328 324 325
f 330 326 331
f 332 329 333
f 332 328 329
f 334 330 335
f 336 334 335
f 337 333 338
f 337 332 333
f 339 334 336
f 340 339 336
f 341 337 338
f 342 341 338
f 343 339 340
f 344 343 340
f 345 341 342
f 346 345 342
f 347 343 344
f 348 347 344
f 349 345 346
f 350 349 346
f 351 347 348
f 352 351 348
f 353 349 350
f 354 351 352
f 355 354 352
f 356 353 350
f 356 350 357
f 358 354 355
f 359 358 355
f 360 356 357
f 360 357 361
f 362 358 359
f 363 362 359
f 364 360 361
f 364 361 365
f 366 362 363
f 367 366 363
f 368 364 365
f 368 365 369
f 370 366 367
f 371 370 367
f 372 368 369
f 372 369 373
f 374 370 371
f 375 374 371
f 376 372 373
f 376 373 377
f 378 374 375
f 379 378 375
f 380 376 377
f 380 377 381
f 382 378 379
f 383 382 379
f 384 381 385
f 384 380 381
f 386 382 383
f 387 386 383
f 388 385 389
f 388 384 385
f 390 386 387
f 391 390 387
f 392 388 389
f 393 392 389
f 394 390 391
f 395 394 391
f 396 392 393
f 3 396 393
f 397 394 395
f 398 397 395
f 2 396 3
f 399 397 398
f 400 399 398
f 401 400 402
f 401 399 400
f 312 319 315
f 319 323 318
f 323 327 322
f 327 331 326
f 331 335 330
f 403 401 402
f 403 402 404
f 405 404 406
f 405 403 404
f 407 406 408
f 407 405 406
f 409 407 408
f 410 409 408
f 411 410 412
f 411 409 410
f 413 411 412
f 413 412 414
f 415 413 414
f 415 414 416
f 417 415 416
f 417 416 418
f 419 417 418
f 419 418 420
f 421 419 420
f 421 420 422
f 423 421 422
f 423 422 424
f 425 423 424
f 425 424 426
f 427 425 426
f 427 426 428
f 429 427 428
f 430 427 429
f 431 430 429
f 432 430 431
f 433 432 431
f 434 432 433
f 435 434 433
f 436 434 435
f 437 436 435
f 438 436 437
f 439 438 437
f 440 438 439
f 441 440 439
f 442 440 441
f 443 442 441
f 444 442 443
f 445 444 443
f 446 444 445
f 447 446 445
f 448 446 447
f 449 448 447
f 450 448 449
f 451 450 449
f 452 450 451
f 453 452 451
f 454 452 453
f 455 454 453
f 456 454 455
f 457 456 455
f 458 456 457
f 459 458 457
f 460 458 459
f 461 460 459
f 462 460 461
f 463 462 461
f 464 462 463
f 465 464 463
f 466 464 465
f 467 466 465
f 468 466 467
f 469 468 467
f 470 468 469
f 471 470 469
f 472 470 471
f 473 472 471
f 474 472 473
f 475 474 473
f 476 474 475
f 477 476 475
f 478 476 477
f 479 478 477
f 480 478 479
f 481 480 479
f 482 480 481
f 483 482 481
f 484 482 483
f 485 484 483
f 486 484 485
f 487 486 485
f 488 486 487
f 489 488 487
f 490 488 489
f 491 490 489
f 492 490 491
f 493 492 491
f 494 492 493
f 495 494 493
f 496 494 495
f 497 496 495
f 498 496 497
f 499 498 497
f 500 498 499
f 501 500 499
f 502 500 501
f 503 502 501
f 504 502 503
f 505 504 503
f 506 504 505
f 507 506 505
f 508 506 507
f 509 508 507
f 510 508 509
f 511 510 509
f 512 510 511
f 513 512 511
f 514 512 513
f 515 514 513
f 516 514 515
f 517 516 515
f 518 516 517
f 519 518 517
f 520 518 519
f 521 520 519
f 522 520 521
f 523 522 521
f 524 522 523
f 525 524 523
f 526 524 525
f 527 526 525
f 528 526 527
f 529 528 527
f 530 528 529
f 531 530 529
f 532 530 531
f 533 532 531
f 534 532 533
f 535 534 533
f 536 534 535
f 537 536 535
f 538 536 537
f 539 537 540
f 539 538 537
f 541 540 542
f 541 539 540
f 543 542 544
f 543 541 542
f 545 543 544
f 546 545 544
f 547 545 546
f 548 547 546
f 549 547 548
f 550 549 548
f 551 549 550
f 552 551 550
f 553 551 552
f 554 553 552
f 555 553 554
f 556 555 554
f 557 555 556
f 558 557 556
f 559 557 558
f 560 559 558
f 561 559 560
f 562 561 560
f 563 561 562
f 564 563 562
f 565 563 564
f 566 565 564
f 567 565 566
f 568 567 566
f 569 567 568
f 570 569 568
f 571 569 570
f 572 571 570
f 573 571 572
f 574 573 572
f 575 573 574
f 576 575 574
f 577 575 576
f 578 577 576
f 579 577 578
f 580 579 578
f 581 579 580
f 582 581 580
f 583 581 582
f 584 583 582
f 585 583 584
f 586 585 584
f 587 585 586
f 588 587 586
f 589 587 588
f 590 589 588
f 591 589 590
f 592 591 590
f 593 591 592
f 594 593 592
f 595 593 594
f 596 595 594
f 597 595 596
f 598 597 596
f 599 597 598
f 600 599 598
f 601 599 600
f 602 601 600
f 603 601 602
f 604 603 602
f 605 603 604
f 606 605 604
f 607 605 606
f 608 607 606
f 609 607 608
f 610 609 608
f 611 609 610
f 612 611 610
f 613 611 612
f 614 613 612
f 615 613 614
f 616 615 614
f 617 615 616
f 618 617 616
f 619 617 618
f 620 619 618
f 621 619 620
f 622 621 620
f 623 621 622
f 624 623 622
f 625 623 624
f 626 625 624
f 627 625 626
f 628 627 626
f 629 627 628
f 630 629 628
f 631 629 630
f 632 631 630
f 633 631 632
f 634 633 632
f 635 633 634
f 636 635 634
f 637 635 636
f 638 637 636
f 639 637 638
f 640 639 638
f 641 639 640
f 642 641 640
f 643 641 642
f 644 643 642
f 645 643 644
f 646 645 644
f 647 645 646
f 648 647 646
f 649 647 648
f 650 649 648
f 651 649 650
f 652 651 650
f 653 651 652
f 654 653 652
f 655 653 654
f 656 655 654
f 657 655 656
f 658 657 656
f 659 657 658
f 660 659 658
f 661 659 660
f 662 661 660
f 663 662 664
f 663 661 662
f 665 664 666
f 665 663 664
f 667 665 666
f 668 667 666
f 669 667 668
f 670 669 668
f 671 669 670
f 672 671 670
f 673 671 672
f 673 672 674
f 675 673 674
f 675 674 676
f 677 675 676
f 677 676 678
f 679 677 678
f 680 679 678
f 681 679 680
f 682 681 680
f 683 681 682
f 684 683 682
f 685 683 684
f 686 685 684
f 687 685 686
f 688 687 686
f 689 687 688
f 690 689 688
f 691 689 690
f 692 691 690
f 693 691 692
f 694 693 692
f 695 693 694
f 696 695 694
f 697 695 696
f 697 696 698
f 699 697 698
f 699 698 700
f 701 699 700
f 701 700 702
f 703 701 702
f 703 702 704
f 705 703 704
f 706 705 704
f 707 705 706
f 708 707 706
f 709 707 708
f 710 709 708
f 711 709 710
f 712 711 710
f 713 712 714
f 713 711 712
f 715 714 716
f 715 713 714
f 717 716 718
f 717 715 716
f 719 718 720
f 719 717 718
f 721 720 722
f 721 719 720
f 723 722 724
f 723 721 722
f 725 724 726
f 725 723 724
f 727 726 728
f 727 725 726
f 729 728 730
f 729 727 728
f 731 730 732
f 731 729 730
f 733 732 734
f 733 731 732
f 735 734 736
f 735 733 734
f 737 736 738
f 737 735 736
f 739 737 738
f 739 738 740
f 741 739 740
f 741 740 742
f 743 741 742
f 743 742 744
f 745 743 744
f 745 744 746
f 747 745 746
f 747 746 748
f 749 747 748
f 749 748 750
f 751 749 750
f 751 750 752
f 753 751 752
f 754 751 753
f 755 754 753
f 756 754 755
f 757 756 755
f 758 756 757
f 759 758 757
f 760 758 759
f 761 760 759
f 762 760 761
f 763 762 761
f 764 762 763
f 765 764 763
f 766 764 765
f 767 766 765
f 768 766 767
f 769 768 767
f 770 768 769
f 771 770 769
f 772 770 771
f 773 772 771
f 774 772 773
f 775 774 773
f 776 774 775
f 777 776 775
f 778 776 777
f 779 778 777
f 780 778 779
f 781 780 779
f 782 780 781
f 783 782 781
f 784 782 783
f 785 784 783
f 786 784 785
f 787 786 785
f 788 786 787
f 789 788 787
f 790 788 789
f 791 790 789
f 792 790 791
f 793 792 791
f 794 792 793
f 795 794 793
f 796 794 795
f 797 796 795
f 798 796 797
f 799 798 797
f 800 798 799
f 801 800 799
f 802 800 801
f 803 802 801
f 804 802 803
f 805 804 803
f 806 804 805
f 807 806 805
f 808 806 807
f 809 808 807
f 810 808 809
f 811 810 809
f 812 810 811
f 813 812 811
f 814 812 813
f 815 814 813
f 816 814 815
f 817 816 815
f 818 816 817
f 819 818 817
f 820 818 819
f 821 820 819
f 822 820 821
f 823 822 821
f 824 822 823
f 825 824 823
f 826 824 825
f 827 826 825
f 828 826 827
f 829 828 827
f 830 828 829
f 831 830 829
f 832 830 831
f 833 832 831
f 834 832 833
f 835 834 833
f 836 834 835
f 837 836 835
f 838 836 837
f 839 838 837
f 840 838 839
f 841 840 839
f 842 840 841
f 843 842 841
f 844 842 843
f 845 844 843
f 846 844 845
f 847 846 845
f 848 846 847
f 849 848 847
f 850 848 849
f 851 850 849
f 852 850 851
f 853 852 851
f 854 852 853
f 855 854 853
f 856 854 855
f 857 856 855
f 858 856 857
f 859 858 857
f 860 858 859
f 861 860 859
f 862 860 861
f 863 862 861
f 864 862 863
f 865 864 863
f 866 864 865
f 867 866 865
f 868 866 867
f 869 868 867
f 870 868 869
f 871 870 869
f 872 870 871
f 873 872 871
f 874 872 873
f 875 874 873
f 876 874 875
f 877 876 875
f 878 876 877
f 879 878 877
f 880 878 879
f 881 880 879
f 882 880 881
f 883 882 881
f 884 882 883
f 885 884 883
f 886 884 885
f 887 886 885
f 888 886 887
f 889 888 887
f 890 888 889
f 891 890 889
f 892 890 891
f 893 892 891
f 894 892 893
f 895 894 893
f 896 894 895
f 897 896 895
f 898 896 897
f 899 898 897
f 900 898 899
f 901 900 899
f 902 900 901
f 903 902 901
f 904 902 903
f 905 904 903
f 906 904 905
f 907 906 905
f 908 906 907
f 909 908 907
f 910 908 909
f 911 910 909
f 912 910 911
f 913 912 911
f 914 912 913
f 915 914 913
f 916 914 915
f 917 916 915
f 918 916 917
f 919 918 917
f 920 918 919
f 921 920 919
f 922 920 921
f 923 922 921
f 924 922 923
f 925 924 923
f 926 924 925
f 927 926 925
f 928 926 927
f 929 928 927
f 930 928 929
f 931 930 929
f 932 930 931
f 933 932 931
f 934 932 933
f 935 933 936
f 935 934 933
f 937 936 938
f 937 935 936
f 939 938 940
f 939 937 938
f 941 939 940
f 941 940 942
f 943 941 942
f 943 942 944
f 945 943 944
f 945 944 946
f 947 945 946
f 947 946 948
f 949 947 948
f 950 947 949
f 951 950 949
f 951 949 952
f 953 952 954
f 953 951 952
f 955 954 956
f 955 953 954
f 957 955 956
f 958 957 956
f 959 958 960
f 959 957 958
f 961 959 960
f 961 960 962
f 963 961 962
f 963 962 964
f 965 963 964
f 965 964 966
f 967 965 966
f 967 966 968
f 969 967 968
f 969 968 970
f 971 969 970
f 971 970 972
f 973 971 972
f 973 972 974
f 975 973 974
f 975 974 976
f 977 975 976
f 977 976 978
f 979 977 978
f 979 978 980
f 981 979 980
f 981 980 982
f 983 981 982
f 983 982 984
f 985 983 984
f 985 984 986
f 987 985 986
f 987 986 988
f 989 987 988
f 989 988 990
f 991 989 990
f 991 990 992
f 993 991 992
f 993 992 994
f 995 993 994
f 995 994 996
f 997 996 998
f 997 995 996
f 999 998 1000
f 999 997 998
f 1001 1000 1002
f 1001 999 1000
f 1003 1002 1004
f 1003 1001 1002
f 1005 1004 1006
f 1005 1003 1004
f 1007 1006 1008
f 1007 1005 1006
f 1009 1008 1010
f 1009 1007 1008
f 1011 1010 1012
f 1011 1009 1010
f 1013 1012 1014
f 1013 1011 1012
f 1015 1013 1014
f 1015 1014 1016
f 1017 1015 1016
f 1017 1016 1018
f 1019 1017 1018
f 1019 1018 1020
f 1021 1019 1020
f 1021 1020 1022
f 1023 1021 1022
f 1023 1022 1024
f 1025 1023 1024
f 1026 1023 1025
f 1027 1026 1025
f 1028 1026 1027
f 1029 1028 1027
f 1030 1028 1029
f 1031 1030 1029
f 1032 1030 1031
f 1033 1032 1031
f 1034 1032 1033
f 1035 1034 1033
f 1036 1034 1035
f 1037 1036 1035
f 1038 1036 1037
f 1039 1038 1037
f 1040 1038 1039
f 1041 1040 1039
f 1042 1040 1041
f 1043 1042 1041
f 1044 1042 1043
f 1045 1044 1043
f 1046 1044 1045
f 1047 1046 1045
f 1048 1046 1047
f 1049 1048 1047
f 1050 1048 1049
f 1051 1050 1049
f 1052 1050 1051
f 1053 1052 1051
f 1054 1052 1053
f 1055 1054 1053
f 1056 1054 1055
f 1057 1056 1055
f 1058 1056 1057
f 1059 1058 1057
f 1060 1058 1059
f 1061 1060 1059
f 1062 1060 1061
f 1063 1062 1061
f 1064 1062 1063
f 1065 1064 1063
f 1066 1064 1065
f 1067 1066 1065
f 1068 1066 1067
f 1069 1068 1067
f 1070 1068 1069
f 1071 1070 1069
f 1072 1070 1071
f 1073 1072 1071
f 1074 1072 1073
f 1075 1074 1073
f 1076 1074 1075
f 1077 1076 1075
f 1078 1076 1077
f 1079 1078 1077
f 1080 1078 1079
f 1081 1080 1079
f 1082 1080 1081
f 1083 1082 1081
f 1084 1082 1083
f 1085 1084 1083
f 1086 1084 1085
f 1087 1086 1085
f 1088 1086 1087
f 1089 1088 1087
f 1090 1088 1089
f 1091 1090 1089
f 1092 1090 1091
f 1093 1092 1091
f 1094 1092 1093
f 1095 1094 1093
f 1096 1094 1095
f 1097 1096 1095
f 1098 1096 1097
f 1099 1098 1097
f 1100 1098 1099
f 1101 1100 1099
f 1102 1100 1101
f 1103 1102 1101
f 1104 1102 1103
f 1105 1104 1103
f 1106 1104 1105
f 1107 1106 1105
f 1108 1106 1107
f 1109 1108 1107
f 1110 1108 1109
f 1111 1110 1109
f 1112 1110 1111
f 1113 1112 1111
f 1114 1112 1113
f 1115 1114 1113
f 1116 1114 1115
f 1117 1116 1115
f 1118 1116 1117
f 1119 1118 1117
f 1120 1118 1119
f 1121 1120 1119
f 1122 1120 1121
f 1123 1122 1121
f 1124 1122 1123
f 1125 1124 1123
f 1126 1124 1125
f 1127 1126 1125
f 1128 1126 1127
f 1129 1128 1127
f 1130 1128 1129
f 1131 1130 1129
f 1132 1130 1131
f 1133 1132 1131
f 1134 1132 1133
f 1135 1134 1133
f 1136 1134 1135
f 1137 1136 1135
f 1138 1136 1137
f 1139 1138 1137
f 1140 1138 1139
f 1141 1140 1139
f 1142 1140 1141
f 1143 1142 1141
f 1144 1142 1143
f 1145 1144 1143
f 1146 1144 1145
f 1147 1146 1145
f 1148 1146 1147
f 1149 1148 1147
f 1150 1148 1149
f 1151 1150 1149
f 1152 1150 1151
f 1153 1152 1151
f 1154 1152 1153
f 1155 1154 1153
f 1156 1154 1155
f 1157 1156 1155
f 1158 1156 1157
f 1159 1158 1157
f 1160 1158 1159
f 1161 1160 1159
f 1162 1160 1161
f 1163 1162 1161
f 1164 1162 1163
f 1165 1164 1163
f 1166 1164 1165
f 1167 1166 1165
f 1168 1166 1167
f 1169 1168 1167
f 1170 1168 1169
f 1171 1170 1169
f 1171 1169 1172
f 1173 1171 1172
f 1173 1172 1174
f 1175 1173 1174
f 1175 1174 1176
f 1177 1175 1176
f 1177 1176 1178
f 1179 1177 1178
f 1179 1178 1180
f 1181 1179 1180
f 1181 1180 1182
f 1183 1181 1182
f 1183 1182 1184
f 1185 1183 1184
f 1185 1184 1186
f 1187 1185 1186
f 1188 1187 1186
f 1189 1187 1188
f 1190 1189 1188
f 1191 1189 1190
f 1192 1191 1190
f 1193 1191 1192
f 1194 1193 1192
f 1195 1193 1194
f 1196 1195 1194
f 1197 1195 1196
f 1198 1197 1196
f 1199 1197 1198
f 1200 1199 1198
f 1201 1199 1200
f 1202 1201 1200
f 1203 1201 1202
f 1204 1203 1202
f 1205 1203 1204
f 1206 1205 1204
f 1207 1206 1208
f 1207 1205 1206
f 1209 1207 1208
f 1210 1207 1209
f 1211 1210 1209
f 1212 1210 1211
f 1213 1212 1211
f 1214 1212 1213
f 1215 1214 1213
f 1216 1214 1215
f 1217 1216 1215
f 1218 1216 1217
f 1219 1218 1217
f 1220 1218 1219
f 1221 1220 1219
f 1222 1220 1221
f 1223 1222 1221
f 1224 1222 1223
f 1225 1224 1223
f 1225 1223 1226
f 1227 1226 1228
f 1227 1225 1226
f 1229 1228 1230
f 1229 1227 1228
f 1231 1229 1230
f 1232 1231 1230
f 1233 1232 1234
f 1233 1231 1232
f 1235 1233 1234
f 1235 1234 1236
f 1237 1235 1236
f 1238 1237 1236
f 1239 1237 1238
f 1240 1239 1238
f 1241 1239 1240
f 1242 1241 1240
f 1243 1241 1242
f 1244 1243 1242
f 1245 1243 1244
f 1245 1244 1246
f 1247 1245 1246
f 1247 1246 1248
f 1249 1247 1248
f 1249 1248 1250
f 1251 1249 1250
f 1251 1250 1252
f 1253 1251 1252
f 1254 1253 1252
f 1255 1253 1254
f 1256 1255 1254
f 1257 1255 1256
f 1257 1256 1258
f 1259 1257 1258
f 1259 1258 1260
f 1261 1259 1260
f 1261 1260 1262
f 1263 1261 1262
f 1263 1262 1264
f 1265 1264 1266
f 1265 1263 1264
f 1267 1266 1268
f 1267 1265 1266
f 1269 1268 1270
f 1269 1267 1268
f 1271 1270 1272
f 1271 1269 1270
f 1273 1272 1274
f 1273 1271 1272
f 1275 1274 1276
f 1275 1273 1274
f 1277 1276 1278
f 1277 1275 1276
f 1279 1278 1280
f 1279 1277 1278
f 1281 1280 1282
f 1281 1279 1280
f 1283 1282 1284
f 1283 1281 1282
f 1285 1283 1284
f 1285 1284 1286
f 1287 1285 1286
f 1287 1286 1288
f 1289 1287 1288
f 1289 1288 1290
f 1291 1289 1290
f 1291 1290 1292
f 1293 1291 1292
f 1293 1292 1294
f 1295 1293 1294
f 1295 1294 1296
f 1297 1295 1296
f 1297 1296 1298
f 1299 1297 1298
f 1300 1299 1298
f 1301 1299 1300
f 1302 1301 1300
f 1303 1301 1302
f 1304 1303 1302
f 1305 1303 1304
f 1306 1305 1304
f 1307 1305 1306
f 1308 1307 1306
f 1309 1307 1308
f 1310 1309 1308
f 1311 1309 1310
f 1312 1311 1310
f 1313 1311 1312
f 1314 1313 1312
f 1315 1313 1314
f 1316 1315 1314
f 1317 1315 1316
f 1318 1317 1316
f 1319 1317 1318
f 1320 1319 1318
f 1321 1319 1320
f 1322 1321 1320
f 1323 1321 1322
f 1324 1323 1322
f 1325 1323 1324
f 1326 1325 1324
f 1327 1325 1326
f 1328 1327 1326
f 1329 1327 1328
f 1330 1329 1328
f 1331 1329 1330
f 1332 1331 1330
f 1333 1331 1332
f 1334 1333 1332
f 1335 1333 1334
f 1336 1335 1334
f 1337 1335 1336
f 1338 1337 1336
f 1339 1337 1338
f 1340 1339 1338
f 1341 1339 1340
f 1342 1341 1340
f 1343 1341 1342
f 1344 1343 1342
f 1345 1343 1344
f 1346 1345 1344
f 1347 1345 1346
f 1348 1347 1346
f 1349 1347 1348
f 1350 1349 1348
f 1351 1349 1350
f 1352 1351 1350
f 1353 1351 1352
f 1354 1353 1352
f 1355 1353 1354
f 1356 1355 1354
f 1357 1355 1356
f 1358 1357 1356
f 1359 1357 1358
f 1360 1359 1358
f 1361 1359 1360
f 1362 1361 1360
f 1363 1361 1362
f 1364 1363 1362
f 1365 1363 1364
f 1366 1365 1364
f 1367 1365 1366
f 1368 1367 1366
f 1369 1367 1368
f 1370 1369 1368
f 1371 1369 1370
f 1372 1371 1370
f 1373 1371 1372
f 1374 1373 1372
f 1375 1373 1374
f 1376 1375 1374
f 1377 1375 1376
f 1378 1377 1376
f 1379 1377 1378
f 1380 1379 1378
f 1381 1379 1380
f 1382 1381 1380
f 1383 1381 1382
f 1384 1383 1382
f 1385 1383 1384
f 1386 1385 1384
f 1387 1385 1386
f 1388 1387 1386
f 1389 1387 1388
f 1390 1389 1388
f 1391 1389 1390
f 1392 1391 1390
f 1393 1391 1392
f 1394 1393 1392
f 1395 1393 1394
f 1396 1395 1394
f 1397 1395 1396
f 1398 1397 1396
f 1399 1397 1398
f 1400 1399 1398
f 1401 1399 1400
f 1402 1401 1400
f 1403 1401 1402
f 1404 1403 1402
f 1405 1403 1404
f 1406 1405 1404
f 1407 1405 1406
f 1408 1407 1406
f 1409 1407 1408
f 1410 1409 1408
f 1411 1409 1410
f 1412 1411 1410
f 1413 1411 1412
f 1414 1413 1412
f 1415 1413 1414
f 1416 1415 1414
f 1417 1415 1416
f 1418 1417 1416
f 1419 1417 1418
f 1420 1419 1418
f 1421 1419 1420
f 1422 1421 1420
f 1423 1421 1422
f 1424 1423 1422
f 1425 1423 1424
f 1426 1425 1424
f 1427 1425 1426
f 1428 1427 1426
f 1429 1427 1428
f 1430 1429 1428
f 1431 1429 1430
f 1432 1431 1430
f 1433 1431 1432
f 1434 1433 1432
f 1435 1433 1434
f 1436 1435 1434
f 1437 1435 1436
f 1438 1437 1436
f 1439 1437 1438
f 1440 1439 1438
f 1441 1439 1440
f 1442 1441 1440
f 1443 1441 1442
f 1444 1443 1442
f 1445 1443 1444
f 1446 1445 1444
f 1447 1445 1446
f 1448 1447 1446
f 1449 1447 1448
f 1450 1449 1448
f 1451 1449 1450
f 1452 1451 1450
f 1453 1451 1452
f 1454 1453 1452
f 1455 1453 1454
f 1456 1455 1454
f 1457 1455 1456
f 1458 1457 1456
f 1459 1457 1458
f 1460 1459 1458
f 1461 1459 1460
f 1462 1461 1460
f 1463 1461 1462
f 1464 1463 1462
f 1464 1462 1465
f 1466 1464 1465
f 1466 1465 1467
f 1468 1467 1469
f 1468 1466 1467
f 1470 1469 1471
f 1470 1468 1469
f 1472 1470 1471
f 1473 1470 1472
f 1474 1473 1472
f 1475 1473 1474
f 1476 1474 1477
f 1476 1475 1474
f 1478 1477 1479
f 1478 1476 1477
f 1480 1479 1481
f 1480 1478 1479
f 1482 1481 1483
f 1482 1480 1481
f 1484 1482 1483
f 1485 1484 1483
f 1486 1484 1485
f 1487 1486 1485
f 1488 1486 1487
f 1489 1488 1487
f 1490 1488 1489
f 1491 1490 1489
f 1492 1490 1491
f 1493 1492 1491
f 1494 1492 1493
f 1495 1494 1493
f 1496 1494 1495
f 1496 1495 1497
f 1498 1496 1497
f 1498 1497 1499
f 1500 1498 1499
f 1500 1499 1501
f 1502 1501 1503
f 1502 1500 1501
f 1504 1503 1505
f 1504 1502 1503
f 1506 1505 1507
f 1506 1504 1505
f 1508 1507 1509
f 1508 1506 1507
f 1510 1508 1509
f 1510 1509 1511
f 1512 1510 1511
f 1513 1512 1511
f 1514 1512 1513
f 1515 1514 1513
f 1516 1514 1515
f 1516 1515 1517
f 1518 1516 1517
f 1518 1517 1519
f 1520 1518 1519
f 1520 1519 1521
f 1522 1520 1521
f 1522 1521 1523
f 1524 1522 1523
f 1524 1523 1525
f 1526 1524 1525
f 1526 1525 1527
f 1528 1526 1527
f 1528 1527 1529
f 1530 1528 1529
f 1530 1529 1531
f 1532 1530 1531
f 1532 1531 1533
f 1534 1532 1533
f 1534 1533 1535
f 1536 1534 1535
f 1536 1535 1537
f 1538 1536 1537
f 1538 1537 1539
f 1540 1538 1539
f 1541 1538 1540
f 1542 1541 1540
f 1543 1541 1542
f 1544 1543 1542
f 1545 1543 1544
f 1546 1545 1544
f 1547 1545 1546
f 1548 1547 1546
f 1549 1547 1548
f 1550 1549 1548
f 1551 1549 1550
f 1552 1551 1550
f 1553 1551 1552
f 1554 1553 1552
f 1555 1553 1554
f 1556 1555 1554
f 1557 1555 1556
f 1558 1557 1556
f 1559 1557 1558
f 1560 1559 1558
f 1561 1559 1560
f 1562 1561 1560
f 1563 1561 1562
f 1564 1563 1562
f 1565 1563 1564
f 1566 1565 1564
f 1567 1565 1566
f 1568 1567 1566
f 1569 1567 1568
f 1570 1569 1568
f 1571 1569 1570
f 1572 1571 1570
f 1573 1571 1572
f 1574 1573 1572
f 1575 1573 1574
f 1576 1575 1574
f 1577 1575 1576
f 1578 1577 1576
f 1579 1577 1578
f 1580 1579 1578
f 1581 1579 1580
f 1582 1581 1580
f 1583 1581 1582
f 1584 1583 1582
f 1585 1583 1584
f 1586 1585 1584
f 1587 1585 1586
f 1588 1587 1586
f 1589 1587 1588
f 1590 1589 1588
f 1591 1589 1590
f 1592 1591 1590
f 1593 1591 1592
f 1594 1593 1592
f 1595 1593 1594
f 1596 1595 1594
f 1597 1595 1596
f 1598 1597 1596
f 1599 1597 1598
f 1600 1599 1598
f 1601 1599 1600
f 1602 1601 1600
f 1603 1601 1602
f 1604 1603 1602
f 1605 1603 1604
f 1606 1605 1604
f 1607 1605 1606
f 1608 1607 1606
f 1609 1607 1608
f 1610 1609 1608
f 1611 1609 1610
f 1612 1611 1610
f 1613 1611 1612
f 1614 1613 1612
f 1615 1613 1614
f 1616 1615 1614
f 1617 1615 1616
f 1618 1617 1616
f 1619 1617 1618
f 1620 1619 1618
f 1621 1619 1620
f 1622 1621 1620
f 1623 1621 1622
f 1624 1623 1622
f 1625 1623 1624
f 1626 1625 1624
f 1627 1625 1626
f 1628 1627 1626
f 1629 1627 1628
f 1630 1629 1628
f 1631 1629 1630
f 1632 1631 1630
f 1633 1631 1632
f 1634 1633 1632
f 1635 1633 1634
f 1636 1635 1634
f 1637 1635 1636
f 1638 1637 1636
f 1639 1637 1638
f 1640 1639 1638
f 1641 1639 1640
f 1642 1641 1640
f 1643 1641 1642
f 1644 1643 1642
f 1645 1643 1644
f 1646 1645 1644
f 1647 1645 1646
f 1648 1647 1646
f 1649 1647 1648
f 1650 1649 1648
f 1651 1649 1650
f 1652 1651 1650
f 1653 1651 1652
f 1654 1653 1652
f 1655 1653 1654
f 1656 1655 1654
f 1657 1655 1656
f 1658 1657 1656
f 1659 1657 1658
f 1660 1659 1658
f 1661 1659 1660
f 1662 1661 1660
f 1663 1661 1662
f 1664 1663 1662
f 1665 1663 1664
f 1666 1665 1664
f 1667 1665 1666
f 1668 1667 1666
f 1669 1667 1668
f 1670 1669 1668
f 1671 1669 1670
f 1672 1671 1670
f 1673 1671 1672
f 1674 1673 1672
f 1675 1673 1674
f 1676 1675 1674
f 1677 1675 1676
f 1678 1677 1676
f 1679 1677 1678
f 1680 1679 1678
f 1681 1679 1680
f 1682 1681 1680
f 1683 1681 1682
f 1684 1683 1682
f 1685 1683 1684
f 1686 1685 1684
f 1687 1685 1686
f 1688 1687 1686
f 1689 1687 1688
f 1690 1689 1688
f 1691 1689 1690
f 1692 1691 1690
f 1693 1692 1694
f 1693 1691 1692
f 1695 1694 1696
f 1695 1693 1694
f 1697 1696 1698
f 1697 1695 1696
f 1699 1698 1700
f 1699 1697 1698
f 1701 1700 1702
f 1701 1699 1700
f 1703 1702 1704
f 1703 1701 1702
f 1705 1704 1706
f 1705 1703 1704
f 1707 1706 1708
f 1707 1705 1706
f 1709 1708 1710
f 1709 1707 1708
f 1711 1710 1712
f 1711 1709 1710
f 1713 1711 1712
f 1713 1712 1714
f 1715 1713 1714
f 1715 1714 1716
f 1717 1715 1716
f 1717 1716 1718
f 1719 1717 1718
f 1719 1718 1720
f 1721 1719 1720
f 1721 1720 1722
f 1723 1721 1722
f 1723 1722 1724
f 1725 1723 1724
f 1725 1724 1726
f 1727 1725 1726
f 1727 1726 1728
f 1729 1727 1728
f 1729 1728 1730
f 1731 1729 1730
f 1731 1730 1732
f 1733 1731 1732
f 1733 1732 1734
f 1735 1733 1734
f 1735 1734 1736
f 1737 1735 1736
f 1737 1736 1738
f 1739 1737 1738
f 1739 1738 1740
f 1741 1739 1740
f 1742 1741 1740
f 1743 1741 1742
f 1744 1743 1742
f 1745 1744 1746
f 1745 1743 1744
f 1747 1745 1746
f 1748 1747 1746
f 1749 1747 1748
f 1750 1749 1748
f 1751 1749 1750
f 1752 1751 1750
f 1753 1751 1752
f 1754 1753 1752
f 1755 1753 1754
f 1756 1755 1754
f 1757 1755 1756
f 1758 1757 1756
f 1759 1757 1758
f 1760 1759 1758
f 1761 1759 1760
f 1762 1761 1760
f 1763 1761 1762
f 1764 1763 1762
f 1765 1763 1764
f 1766 1765 1764
f 1767 1765 1766
f 1768 1767 1766
f 1769 1767 1768
f 1770 1769 1768
f 1771 1769 1770
f 1772 1771 1770
f 1773 1771 1772
f 1774 1773 1772
f 1774 1772 1775
f 1776 1775 1777
f 1776 1774 1775
f 1778 1777 1779
f 1778 1776 1777
f 1780 1779 1781
f 1780 1778 1779
f 1782 1781 1783
f 1782 1780 1781
f 1784 1782 1783
f 1784 1783 1785
f 1786 1784 1785
f 1787 1784 1786
f 1788 1787 1786
f 1789 1787 1788
f 1790 1789 1788
f 1791 1789 1790
f 1792 1791 1790
f 1793 1791 1792
f 1794 1793 1792
f 1795 1793 1794
f 1796 1795 1794
f 1797 1795 1796
f 1798 1797 1796
f 1799 1797 1798
f 1800 1799 1798
f 1801 1799 1800
f 1802 1801 1800
f 1803 1801 1802
f 1804 1803 1802
f 1804 1802 1805
f 1806 1804 1805
f 1807 1804 1806
f 1808 1807 1806
f 1809 1807 1808
f 1810 1809 1808
f 1811 1809 1810
f 1812 1811 1810
f 1813 1811 1812
f 1814 1813 1812
f 1815 1813 1814
f 1816 1815 1814
f 1817 1815 1816
f 1818 1817 1816
f 1819 1817 1818
f 1820 1819 1818
f 1821 1819 1820
f 1822 1821 1820
f 1823 1821 1822
f 1824 1823 1822
f 1825 1823 1824
f 1826 1825 1824
f 1827 1825 1826
f 1828 1827 1826
f 1829 1827 1828
f 1830 1829 1828
f 1831 1829 1830
f 1832 1831 1830
f 1833 1831 1832
f 1834 1833 1832
f 1835 1833 1834
f 1836 1835 1834
f 1837 1835 1836
f 1838 1837 1836
f 1839 1837 1838
f 1840 1839 1838
f 1841 1839 1840
f 1842 1841 1840
f 1843 1841 1842
f 1844 1843 1842
f 1845 1843 1844
f 1846 1845 1844
f 1847 1845 1846
f 1848 1847 1846
f 1849 1847 1848
f 1850 1849 1848
f 1851 1849 1850
f 1852 1851 1850
f 1853 1851 1852
f 1854 1853 1852
f 1855 1853 1854
f 1856 1855 1854
f 1857 1855 1856
f 1858 1857 1856
f 1859 1857 1858
f 1860 1859 1858
f 1861 1859 1860
f 1862 1861 1860
f 1863 1861 1862
f 1864 1863 1862
f 1865 1863 1864
f 1866 1865 1864
f 1867 1865 1866
f 1868 1867 1866
f 1869 1867 1868
f 1870 1869 1868
f 1871 1869 1870
f 1872 1871 1870
f 1873 1871 1872
f 1874 1873 1872
f 1875 1873 1874
f 1876 1875 1874
f 1877 1875 1876
f 1878 1877 1876
f 1879 1877 1878
f 1880 1879 1878
f 1881 1880 1878
f 1882 1880 1881
f 1883 1882 1881
f 1884 1882 1883
f 1885 1884 1883
f 1886 1884 1885
f 1887 1886 1885
f 1888 1886 1887
f 1888 1887 1889
f 1890 1888 1889
f 1890 1889 1891
f 1892 1891 1893
f 1892 1890 1891
f 1894 1893 1895
f 1894 1892 1893
f 1896 1895 1897
f 1896 1894 1895
f 1898 1897 1899
f 1898 1896 1897
f 1900 1898 1899
f 1901 1898 1900
f 1902 1901 1900
f 1903 1901 1902
f 1904 1903 1902
f 1905 1903 1904
f 1906 1905 1904
f 1907 1905 1906
f 1908 1907 1906
f 1909 1907 1908
f 1910 1909 1908
f 1911 1909 1910
f 1912 1910 1913
f 1912 1911 1910
f 1914 1912 1913
f 1915 1912 1914
f 1916 1915 1914
f 1917 1915 1916
f 1918 1917 1916
f 1919 1917 1918
f 1920 1919 1918
f 1921 1919 1920
f 1922 1921 1920
f 1923 1921 1922
f 1924 1923 1922
f 1925 1923 1924
f 1926 1925 1924
f 1927 1925 1926
f 1928 1927 1926
f 1929 1927 1928
f 1930 1929 1928
f 1931 1929 1930
f 1932 1931 1930
f 1933 1931 1932
f 1934 1933 1932
f 1935 1933 1934
f 1936 1935 1934
f 1937 1935 1936
f 1938 1937 1936
f 1939 1937 1938
f 1940 1939 1938
f 1941 1939 1940
f 1942 1941 1940
f 1943 1941 1942
f 1944 1943 1942
f 1945 1943 1944
f 1946 1945 1944
f 1947 1945 1946
f 1948 1947 1946
f 1949 1947 1948
f 1950 1949 1948
f 1951 1949 1950
f 1952 1951 1950
f 1953 1951 1952
f 1954 1953 1952
f 1955 1953 1954
f 1956 1955 1954
f 1957 1955 1956
f 1958 1957 1956
f 1959 1957 1958
f 1960 1959 1958
f 1961 1959 1960
f 1962 1961 1960
f 1963 1961 1962
f 1964 1963 1962
f 1965 1963 1964
f 1966 1965 1964
f 1967 1965 1966
f 1968 1967 1966
f 1969 1967 1968
f 1970 1969 1968
f 1971 1969 1970
f 1972 1971 1970
f 1973 1971 1972
f 1974 1973 1972
f 1975 1973 1974
f 1976 1975 1974
f 1977 1975 1976
f 1978 1977 1976
f 1979 1977 1978
f 1980 1979 1978
f 1981 1979 1980
f 1982 1981 1980
f 1983 1981 1982
f 1984 1983 1982
f 1985 1983 1984
f 1986 1985 1984
f 1987 1985 1986
f 1988 1987 1986
f 1989 1987 1988
f 1990 1989 1988
f 1991 1989 1990
f 1992 1991 1990
f 1993 1991 1992
f 1994 1993 1992
f 1995 1993 1994
f 1996 1995 1994
f 1997 1995 1996
f 1998 1997 1996
f 1999 1997 1998
f 2000 1999 1998
f 2001 1999 2000
f 2002 2001 2000
f 2003 2001 2002
f 2004 2003 2002
f 2005 2003 2004
f 2006 2005 2004
f 2007 2005 2006
f 2008 2007 2006
f 2009 2007 2008
f 2010 2009 2008
f 2011 2009 2010
f 2012 2011 2010
f 2013 2011 2012
f 2014 2013 2012
f 2015 2013 2014
f 2016 2015 2014
f 2017 2015 2016
f 2018 2017 2016
f 2019 2017 2018
f 2020 2019 2018
f 2021 2019 2020
f 2022 2021 2020
f 2022 2020 2023
f 2024 2022 2023
f 2024 2023 2025
f 2026 2024 2025
f 2026 2025 2027
f 2028 2027 2029
f 2028 2026 2027
f 2030 2029 2031
f 2030 2028 2029
f 2032 2031 2033
f 2032 2030 2031
f 2034 2033 2035
f 2034 2032 2033
f 2036 2034 2035
f 2036 2035 2037
f 2038 2036 2037
f 2039 2038 2037
f 2040 2038 2039
f 2040 2039 2041
f 2042 2040 2041
f 2042 2041 2043
f 2044 2042 2043
f 2044 2043 2045
f 2046 2044 2045
f 2046 2045 2047
f 2048 2046 2047
f 2049 2046 2048
f 2050 2049 2048
f 2051 2049 2050
f 2052 2051 2050
f 2053 2051 2052
f 2054 2053 2052
f 2055 2053 2054
f 2056 2055 2054
f 2057 2055 2056
f 2058 2057 2056
f 2059 2057 2058
f 2060 2059 2058
f 2061 2059 2060
f 2062 2061 2060
f 2063 2061 2062
f 2064 2063 2062
f 2065 2063 2064
f 2066 2065 2064
f 2067 2065 2066
f 2068 2067 2066
f 2069 2067 2068
f 2070 2069 2068
f 2071 2069 2070
f 2072 2071 2070
f 2073 2071 2072
f 2074 2073 2072
f 2075 2073 2074
f 2076 2075 2074
f 2077 2075 2076
f 2078 2077 2076
f 2079 2077 2078
f 2080 2079 2078
f 2081 2079 2080
f 2082 2081 2080
f 2083 2081 2082
f 2084 2083 2082
f 2085 2083 2084
f 2086 2085 2084
f 2087 2085 2086
f 2088 2087 2086
f 2089 2087 2088
f 2090 2089 2088
f 2091 2089 2090
f 2092 2091 2090
f 2093 2091 2092
f 2094 2093 2092
f 2095 2093 2094
f 2096 2095 2094
f 2097 2095 2096
f 2098 2097 2096
f 2099 2097 2098
f 2100 2099 2098
f 2101 2099 2100
f 2102 2101 2100
f 2103 2101 2102
f 2104 2103 2102
f 2105 2103 2104
f 2106 2105 2104
f 2107 2105 2106
f 2108 2107 2106
f 2109 2107 2108
f 2110 2109 2108
f 2111 2109 2110
f 2112 2111 2110
f 2113 2111 2112
f 2114 2113 2112
f 2115 2113 2114
f 2116 2115 2114
f 2117 2115 2116
f 2118 2117 2116
f 2119 2117 2118
f 2120 2119 2118
f 2120 2118 2121
f 2122 2120 2121
f 2122 2121 2123
f 2124 2122 2123
f 2124 2123 2125
f 2126 2124 2125
f 2126 2125 2127
f 2128 2126 2127
f 2128 2127 2129
f 2130 2128 2129
f 2131 2130 2129
f 2132 2130 2131
f 2133 2132 2131
f 2134 2132 2133
f 2135 2134 2133
f 2136 2134 2135
f 2137 2136 2135
f 2138 2136 2137
f 2139 2138 2137
f 2140 2138 2139
f 2141 2140 2139
f 2142 2140 2141
f 2143 2142 2141
f 2144 2142 2143
f 2145 2144 2143
f 2146 2144 2145
f 2147 2146 2145
f 2148 2147 2149
f 2148 2146 2147
f 2150 2149 2151
f 2150 2148 2149
f 2152 2150 2151
f 2153 2150 2152
f 2154 2153 2152
f 2155 2153 2154
f 2156 2155 2154
f 2157 2155 2156
f 2158 2157 2156
f 2159 2157 2158
f 2160 2159 2158
f 2161 2159 2160
f 2162 2161 2160
f 2163 2161 2162
f 2164 2163 2162
f 2165 2163 2164
f 2166 2165 2164
f 2167 2165 2166
f 2168 2167 2166
f 2169 2167 2168
f 2170 2169 2168
f 2171 2169 2170
f 2172 2171 2170
f 2173 2171 2172
f 2174 2173 2172
f 2175 2173 2174
f 2176 2175 2174
f 2177 2175 2176
f 2178 2177 2176
f 2179 2177 2178
f 2180 2179 2178
f 2181 2179 2180
f 2182 2181 2180
f 2183 2181 2182
f 2184 2183 2182
f 2185 2183 2184
f 2186 2185 2184
f 2187 2185 2186
f 2188 2187 2186
f 2189 2187 2188
f 2190 2189 2188
f 2191 2189 2190
f 2192 2191 2190
f 2193 2191 2192
f 2194 2193 2192
f 2195 2193 2194
f 2196 2195 2194
f 2197 2195 2196
f 2198 2197 2196
f 2199 2197 2198
f 2200 2199 2198
f 2201 2199 2200
f 2202 2201 2200
f 2203 2201 2202
f 2204 2203 2202
f 2205 2203 2204
f 2206 2205 2204
f 2207 2205 2206
f 2208 2207 2206
f 2209 2207 2208
f 2210 2209 2208
f 2210 2208 2211
f 2212 2210 2211
f 2212 2211 2213
f 2214 2212 2213
f 2214 2213 2215
f 2216 2214 2215
f 2216 2215 2217
f 2218 2216 2217
f 2218 2217 2219
f 2220 2218 2219
f 2220 2219 2221
f 2222 2220 2221
f 2222 2221 2223
f 2224 2222 2223
f 2224 2223 2225
f 2226 2224 2225
f 2226 2225 2227
f 2228 2226 2227
f 2228 2227 2229
f 2230 2228 2229
f 2230 2229 2231
f 2232 2231 2233
f 2232 2230 2231
f 2234 2233 2235
f 2234 2232 2233
f 2236 2235 2237
f 2236 2234 2235
f 2238 2237 2239
f 2238 2236 2237
f 2240 2239 2241
f 2240 2238 2239
f 2242 2241 2243
f 2242 2240 2241
f 2244 2243 2245
f 2244 2242 2243
f 2246 2245 2247
f 2246 2244 2245
f 2248 2247 2249
f 2248 2246 2247
f 2250 2249 2251
f 2250 2248 2249
f 2252 2251 2253
f 2252 2250 2251
f 2254 2253 2255
f 2254 2252 2253
f 2256 2254 2255
f 2257 2256 2255
f 2258 2256 2257
f 2259 2258 2257
f 2260 2258 2259
f 2261 2260 2259
f 2262 2260 2261
f 2263 2262 2261
f 2264 2262 2263
f 2265 2264 2263
f 2266 2264 2265
f 2267 2266 2265
f 2268 2266 2267
f 2269 2268 2267
f 2270 2268 2269
f 2271 2270 2269
f 2272 2270 2271
f 2273 2272 2271
f 2274 2272 2273
f 2275 2274 2273
f 2276 2274 2275
f 2277 2276 2275
f 2278 2276 2277
f 2279 2278 2277
f 2280 2278 2279
f 2281 2280 2279
f 2282 2280 2281
f 2283 2282 2281
f 2284 2282 2283
f 2285 2284 2283
f 2286 2284 2285
f 2287 2286 2285
f 2288 2286 2287
f 2289 2288 2287
f 2290 2288 2289
f 2291 2290 2289
f 2292 2290 2291
f 2293 2292 2291
f 2294 2292 2293
f 2295 2294 2293
f 2296 2294 2295
f 2297 2296 2295
f 2298 2296 2297
f 2299 2298 2297
f 2300 2298 2299
f 2301 2300 2299
f 2302 2300 2301
f 2303 2302 2301
f 2304 2302 2303
f 2305 2304 2303
f 2306 2304 2305
f 2307 2305 2308
f 2307 2306 2305
f 2309 2308 2310
f 2309 2307 2308
f 2311 2309 2310
f 2311 2310 2312
f 2313 2312 2314
f 2313 2311 2312
f 2315 2313 2314
f 2315 2314 2316
f 2317 2315 2316
f 2317 2316 2318
f 2319 2317 2318
f 2319 2318 2320
f 2321 2319 2320
f 2322 2319 2321
f 2323 2322 2321
f 2324 2322 2323
f 2325 2324 2323
f 2326 2324 2325
f 2327 2326 2325
f 2328 2326 2327
f 2329 2328 2327
f 2330 2328 2329
f 2331 2330 2329
f 2332 2330 2331
f 2333 2332 2331
f 2334 2332 2333
f 2335 2334 2333
f 2336 2334 2335
f 2337 2336 2335
f 2338 2336 2337
f 2339 2338 2337
f 2340 2338 2339
f 2341 2340 2339
f 2342 2340 2341
f 2343 2342 2341
f 2344 2342 2343
f 2345 2344 2343
f 2346 2344 2345
f 2347 2346 2345
f 2348 2346 2347
f 2349 2348 2347
f 2350 2348 2349
f 2351 2350 2349
f 2351 2349 2352
f 2353 2351 2352
f 2354 2351 2353
f 2355 2354 2353
f 2356 2354 2355
f 2357 2356 2355
f 2358 2356 2357
f 2359 2358 2357
f 2360 2358 2359
f 2361 2360 2359
f 2362 2360 2361
f 2363 2362 2361
f 2364 2362 2363
f 2365 2364 2363
f 2366 2364 2365
f 2367 2366 2365
f 2368 2366 2367
f 2369 2368 2367
f 2370 2368 2369
f 2371 2370 2369
f 2372 2370 2371
f 2373 2372 2371
f 2374 2372 2373
f 2375 2374 2373
f 2376 2374 2375
f 2377 2376 2375
f 2378 2376 2377
f 2379 2378 2377
f 2380 2378 2379
f 2381 2380 2379
f 2382 2380 2381
f 2383 2382 2381
f 2384 2382 2383
f 2385 2384 2383
f 2386 2384 2385
f 2387 2386 2385
f 2388 2386 2387
f 2389 2388 2387
f 2390 2388 2389
f 2391 2390 2389
f 2392 2390 2391
f 2393 2392 2391
f 2394 2392 2393
f 2395 2394 2393
f 2396 2394 2395
f 2397 2396 2395
f 2398 2396 2397
f 2399 2398 2397
f 2399 2397 2400
f 2401 2399 2400
f 2401 2400 2402
f 2403 2401 2402
f 2403 2402 2404
f 2405 2403 2404
f 2405 2404 2406
f 2407 2405 2406
f 2407 2406 2408
f 2409 2407 2408
f 2409 2408 2410
f 2411 2409 2410
f 2411 2410 2412
f 2413 2411 2412
f 2413 2412 2414
f 2415 2413 2414
f 2415 2414 2416
f 2417 2415 2416
f 2417 2416 2418
f 2419 2417 2418
f 2419 2418 2420
f 2421 2419 2420
f 2421 2420 2422
f 2423 2421 2422
f 2423 2422 2424
f 2425 2423 2424
f 2425 2424 2426
f 2427 2425 2426
f 2427 2426 2428
f 2429 2428 2430
f 2429 2427 2428
f 2431 2430 2432
f 2431 2429 2430
f 2433 2431 2432
f 2433 2432 2434
f 2435 2433 2434
f 2435 2434 2436
f 2437 2435 2436
f 2437 2436 2438
f 2439 2437 2438
f 2439 2438 2440
f 2441 2439 2440
f 2441 2440 2442
f 2443 2441 2442
f 2443 2442 2444
f 2445 2444 2446
f 2445 2443 2444
f 2447 2446 2448
f 2447 2445 2446
f 2449 2448 2450
f 2449 2447 2448
f 2451 2450 2452
f 2451 2449 2450
f 2453 2452 2454
f 2453 2451 2452
f 2455 2454 2456
f 2455 2453 2454
f 2457 2456 2458
f 2457 2455 2456
f 2459 2458 2460
f 2459 2457 2458
f 2461 2460 2462
f 2461 2459 2460
f 2463 2462 2464
f 2463 2461 2462
f 2465 2464 2466
f 2465 2463 2464
f 2467 2466 2468
f 2467 2465 2466
f 2469 2468 2470
f 2469 2467 2468
f 2471 2470 2472
f 2471 2469 2470
f 2473 2472 2474
f 2473 2471 2472
f 2475 2474 2476
f 2475 2473 2474
f 2477 2476 2478
f 2477 2475 2476
f 2479 2478 2480
f 2479 2477 2478
f 2481 2480 2482
f 2481 2479 2480
f 2483 2482 2484
f 2483 2481 2482
f 2485 2483 2484
f 2485 2484 2486
f 2487 2485 2486
f 2487 2486 2488
f 2489 2487 2488
f 2489 2488 2490
f 2491 2489 2490
f 2491 2490 2492
f 2493 2491 2492
f 2493 2492 2494
f 2495 2494 2496
f 2495 2493 2494
f 2497 2496 2498
f 2497 2495 2496
f 2499 2498 2500
f 2499 2497 2498
f 2501 2500 2502
f 2501 2499 2500
f 2503 2502 2504
f 2503 2501 2502
f 2505 2504 2506
f 2505 2503 2504
f 2507 2506 2508
f 2507 2505 2506
f 2509 2508 2510
f 2509 2507 2508
f 2511 2510 2512
f 2511 2509 2510
f 2513 2512 2514
f 2513 2511 2512
f 2515 2514 2516
f 2515 2513 2514
f 2517 2516 2518
f 2517 2515 2516
f 2519 2518 2520
f 2519 2517 2518
f 2521 2520 2522
f 2521 2519 2520
f 2523 2522 2524
f 2523 2521 2522
f 2525 2524 2526
f 2525 2523 2524
f 2527 2526 2528
f 2527 2525 2526
f 2529 2528 2530
f 2529 2527 2528
f 2531 2530 2532
f 2531 2529 2530
f 2533 2532 2534
f 2533 2531 2532
f 2535 2533 2534
f 2535 2534 2536
f 2537 2535 2536
f 2537 2536 2538
f 2539 2537 2538
f 2539 2538 2540
f 2541 2539 2540
f 2542 2539 2541
f 2543 2542 2541
f 2544 2542 2543
f 2545 2544 2543
f 2546 2544 2545
f 2547 2546 2545
f 2548 2546 2547
f 2549 2548 2547
f 2550 2548 2549
f 2551 2550 2549
f 2552 2550 2551
f 2553 2552 2551
f 2554 2552 2553
f 2555 2554 2553
f 2556 2554 2555
f 2557 2556 2555
f 2558 2556 2557
f 2559 2558 2557
f 2560 2558 2559
f 2561 2560 2559
f 2562 2560 2561
f 2563 2562 2561
f 2564 2562 2563
f 2565 2564 2563
f 2566 2564 2565
f 2567 2566 2565
f 2568 2566 2567
f 2569 2568 2567
f 2570 2568 2569
f 2571 2570 2569
f 2572 2570 2571
f 2573 2572 2571
f 2574 2572 2573
f 2575 2574 2573
f 2576 2574 2575
f 2577 2576 2575
f 2578 2576 2577
f 2579 2578 2577
f 2580 2578 2579
f 2581 2580 2579
f 2582 2580 2581
f 2583 2582 2581
f 2584 2582 2583
f 2585 2584 2583
f 2586 2584 2585
f 2587 2586 2585
f 2588 2586 2587
f 2589 2588 2587
f 2590 2588 2589
f 2591 2590 2589
f 2592 2590 2591
f 2593 2592 2591
f 2594 2592 2593
f 2595 2594 2593
f 2595 2593 2596
f 2597 2595 2596
f 2598 2597 2596
f 2599 2597 2598
f 2600 2599 2598
f 2601 2599 2600
f 2602 2601 2600
f 2603 2602 2604
f 2603 2601 2602
f 2605 2603 2604
f 2605 2604 2606
f 2607 2605 2606
f 2608 2607 2606
f 2609 2607 2608
f 2610 2609 2608
f 2611 2609 2610
f 2611 2610 2612
f 2613 2611 2612
f 2613 2612 2614
f 2615 2613 2614
f 2615 2614 2616
f 2617 2616 2618
f 2617 2615 2616
f 2619 2618 2620
f 2619 2617 2618
f 2621 2620 2622
f 2621 2619 2620
f 2623 2622 2624
f 2623 2621 2622
f 2625 2623 2624
f 2626 2623 2625
f 2627 2626 2625
f 2628 2626 2627
f 2629 2628 2627
f 2630 2628 2629
f 2631 2630 2629
f 2632 2630 2631
f 2633 2632 2631
f 2634 2632 2633
f 2635 2634 2633
f 2636 2634 2635
f 2637 2636 2635
f 2638 2636 2637
f 2639 2638 2637
f 2640 2638 2639
f 2641 2640 2639
f 2642 2640 2641
f 2643 2642 2641
f 2644 2642 2643
f 2645 2644 2643
f 2646 2644 2645
f 2647 2646 2645
f 2648 2646 2647
f 2649 2648 2647
f 2650 2648 2649
f 2651 2650 2649
f 2652 2650 2651
f 2653 2652 2651
f 2654 2652 2653
f 2655 2654 2653
f 2656 2654 2655
f 2657 2656 2655
f 2658 2656 2657
f 2659 2658 2657
f 2660 2658 2659
f 2661 2660 2659
f 2662 2660 2661
f 2663 2662 2661
f 2664 2662 2663
f 2665 2664 2663
f 2666 2664 2665
f 2667 2666 2665
f 2668 2666 2667
f 2669 2668 2667
f 2670 2668 2669
f 2671 2670 2669
f 2672 2670 2671
f 2673 2672 2671
f 2674 2672 2673
f 2675 2674 2673
f 2676 2674 2675
f 2677 2676 2675
f 2678 2676 2677
f 2679 2678 2677
f 2680 2678 2679
f 2681 2680 2679
f 2682 2680 2681
f 2683 2682 2681
f 2684 2682 2683
f 2685 2684 2683
f 2686 2684 2685
f 2687 2686 2685
f 2688 2686 2687
f 2689 2688 2687
f 2690 2688 2689
f 2691 2690 2689
f 2692 2690 2691
f 2693 2692 2691
f 2694 2692 2693
f 2695 2694 2693
f 2696 2694 2695
f 2697 2696 2695
f 2698 2696 2697
f 2699 2698 2697
f 2700 2698 2699
f 2701 2700 2699
f 2702 2700 2701
f 2703 2702 2701
f 2704 2702 2703
f 2705 2704 2703
f 2706 2704 2705
f 2707 2706 2705
f 2708 2706 2707
f 2709 2708 2707
f 2710 2708 2709
f 2711 2710 2709
f 2712 2710 2711
f 2713 2712 2711
f 2714 2712 2713
f 2715 2714 2713
f 2716 2714 2715
f 2717 2716 2715
f 2718 2716 2717
f 2719 2718 2717
f 2720 2718 2719
f 2721 2720 2719
f 2722 2720 2721
f 2723 2722 2721
f 2724 2722 2723
f 2725 2724 2723
f 2726 2724 2725
f 2726 2725 2727
f 2728 2726 2727
f 2728 2727 2729
f 2730 2728 2729
f 2730 2729 2731
f 2732 2730 2731
f 2732 2731 2733
f 2734 2732 2733
f 2734 2733 2735
f 2736 2734 2735
f 2736 2735 2737
f 2738 2736 2737
f 2738 2737 2739
f 2740 2738 2739
f 2740 2739 2741
f 2742 2740 2741
f 2742 2741 2743
f 2744 2742 2743
f 2744 2743 2745
f 2746 2744 2745
f 2746 2745 2747
f 2748 2746 2747
f 2748 2747 2749
f 2750 2748 2749
f 2750 2749 2751
f 2752 2751 2753
f 2752 2750 2751
f 2754 2753 2755
f 2754 2752 2753
f 2756 2754 2755
f 2756 2755 2757
f 2758 2757 2759
f 2758 2756 2757
f 2760 2758 2759
f 2760 2759 2761
f 2762 2760 2761
f 2762 2761 2763
f 2764 2762 2763
f 2764 2763 2765
f 2766 2764 2765
f 2766 2765 2767
f 2768 2766 2767
f 2768 2767 2769
f 2770 2769 2771
f 2770 2768 2769
f 2772 2771 2773
f 2772 2770 2771
f 2774 2773 2775
f 2774 2772 2773
f 2776 2775 2777
f 2776 2774 2775
f 2778 2777 2779
f 2778 2776 2777
f 2780 2779 2781
f 2780 2778 2779
f 2782 2781 2783
f 2782 2780 2781
f 2784 2783 2785
f 2784 2782 2783
f 2786 2785 2787
f 2786 2784 2785
f 2788 2787 2789
f 2788 2786 2787
f 2790 2789 2791
f 2790 2788 2789
f 2792 2791 2793
f 2792 2790 2791
f 2794 2793 2795
f 2794 2792 2793
f 2796 2795 2797
f 2796 2794 2795
f 2798 2797 2799
f 2798 2796 2797
f 2800 2799 2801
f 2800 2798 2799
f 2802 2801 2803
f 2802 2800 2801
f 2804 2803 2805
f 2804 2802 2803
f 2806 2805 2807
f 2806 2804 2805
f 2808 2806 2807
f 2808 2807 2809
f 2810 2808 2809
f 2810 2809 2811
f 2812 2810 2811
f 2812 2811 2813
f 2814 2812 2813
f 2814 2813 2815
f 2816 2814 2815
f 2816 2815 2817
f 2818 2816 2817
f 2818 2817 2819
f 2820 2818 2819
f 2821 2820 2819
f 2822 2820 2821
f 2823 2822 2821
f 2824 2822 2823
f 2825 2824 2823
f 2826 2824 2825
f 2827 2826 2825
f 2828 2826 2827
f 2829 2828 2827
f 2830 2828 2829
f 2831 2830 2829
f 2832 2830 2831
f 2833 2832 2831
f 2834 2832 2833
f 2835 2834 2833
f 2836 2834 2835
f 2837 2836 2835
f 2838 2836 2837
f 2839 2838 2837
f 2840 2838 2839
f 2841 2840 2839
f 2842 2840 2841
f 2843 2842 2841
f 2844 2842 2843
f 2845 2844 2843
f 2846 2844 2845
f 2847 2845 2848
f 2847 2846 2845
f 2849 2848 2850
f 2849 2847 2848
f 2851 2850 2852
f 2851 2849 2850
f 2853 2852 2854
f 2853 2851 2852
f 2855 2854 2856
f 2855 2853 2854
f 2857 2856 2858
f 2857 2855 2856
f 2859 2858 2860
f 2859 2857 2858
f 2861 2859 2860
f 2861 2860 2862
f 2863 2861 2862
f 2863 2862 2864
f 2865 2863 2864
f 2865 2864 2866
f 2867 2865 2866
f 2867 2866 2868
f 2869 2867 2868
f 2869 2868 2870
f 2871 2869 2870
f 2872 2871 2870
f 2873 2871 2872
f 2874 2873 2872
f 2875 2873 2874
f 2876 2875 2874
f 2877 2875 2876
f 2878 2877 2876
f 2879 2877 2878
f 2880 2879 2878
f 2881 2879 2880
f 2882 2881 2880
f 2883 2881 2882
f 2884 2883 2882
f 2885 2883 2884
f 2886 2885 2884
f 2887 2885 2886
f 2888 2887 2886
f 2889 2887 2888
f 2889 2888 2890
f 2891 2889 2890
f 2891 2890 2892
f 2893 2891 2892
f 2893 2892 2894
f 2895 2893 2894
f 2895 2894 2896
f 2897 2895 2896
f 2898 2897 2896
f 2899 2897 2898
f 2900 2899 2898
f 2901 2899 2900
f 2902 2901 2900
f 2903 2901 2902
f 2904 2903 2902
f 2905 2903 2904
f 2905 2904 2906
f 2907 2905 2906
f 2908 2907 2906
f 2909 2907 2908
f 2910 2909 2908
f 2911 2909 2910
f 2912 2911 2910
f 2913 2911 2912
f 2914 2913 2912
f 2915 2913 2914
f 2916 2915 2914
f 2917 2915 2916
f 2918 2917 2916
f 2919 2917 2918
f 2920 2919 2918
f 2921 2919 2920
f 2922 2921 2920
f 2923 2921 2922
f 2924 2923 2922
f 2925 2923 2924
f 2926 2925 2924
f 2927 2925 2926
f 2928 2927 2926
f 2929 2927 2928
f 2930 2929 2928
f 2931 2929 2930
f 2932 2931 2930
f 2933 2931 2932
f 2934 2933 2932
f 2935 2933 2934
f 2936 2935 2934
f 2937 2935 2936
f 2938 2937 2936
f 2939 2937 2938
f 2940 2939 2938
f 2941 2939 2940
f 2942 2941 2940
f 2943 2941 2942
f 2944 2943 2942
f 2945 2943 2944
f 2946 2945 2944
f 2947 2945 2946
f 2948 2947 2946
f 2949 2947 2948
f 2950 2949 2948
f 2951 2949 2950
f 2952 2951 2950
f 2953 2951 2952
f 2954 2953 2952
f 2955 2953 2954
f 2956 2955 2954
f 2957 2955 2956
f 2958 2957 2956
f 2959 2957 2958
f 2960 2959 2958
f 2961 2959 2960
f 2962 2961 2960
f 2963 2961 2962
f 2964 2963 2962
f 2965 2963 2964
f 2966 2965 2964
f 2967 2965 2966
f 2968 2967 2966
f 2969 2967 2968
f 2970 2969 2968
f 2971 2969 2970
f 2972 2971 2970
f 2973 2971 2972
f 2974 2973 2972
f 2975 2973 2974
f 2976 2975 2974
f 2977 2975 2976
f 2978 2977 2976
f 2979 2977 2978
f 2980 2979 2978
f 2981 2979 2980
f 2982 2981 2980
f 2983 2981 2982
f 2984 2983 2982
f 2985 2983 2984
f 2986 2985 2984
f 2987 2985 2986
f 2988 2987 2986
f 2989 2987 2988
f 2990 2989 2988
f 2991 2989 2990
f 2992 2991 2990
f 2993 2991 2992
f 2994 2993 2992
f 2995 2993 2994
f 2996 2995 2994
f 2997 2995 2996
f 2998 2997 2996
f 2999 2997 2998
f 3000 2999 2998
f 3001 2999 3000
f 3002 3001 3000
f 3003 3001 3002
f 3004 3003 3002
f 3005 3003 3004
f 3006 3005 3004
f 3007 3005 3006
f 3008 3007 3006
f 3009 3007 3008
f 3010 3009 3008
f 3011 3009 3010
f 3012 3011 3010
f 3013 3011 3012
f 3014 3013 3012
f 3015 3013 3014
f 3016 3015 3014
f 3017 3015 3016
f 3018 3017 3016
f 3019 3017 3018
f 3020 3019 3018
f 3021 3019 3020
f 3022 3021 3020
f 3023 3021 3022
f 3024 3023 3022
f 3025 3023 3024
f 3026 3025 3024
f 3027 3025 3026
f 3028 3027 3026
f 3029 3027 3028
f 3030 3029 3028
f 3031 3029 3030
f 3032 3031 3030
f 3033 3031 3032
f 3034 3033 3032
f 3035 3033 3034
f 3036 3035 3034
f 3037 3035 3036
f 3038 3037 3036
f 3039 3037 3038
f 3040 3039 3038
f 3041 3039 3040
f 3042 3041 3040
f 3043 3041 3042
f 3044 3043 3042
f 3045 3043 3044
f 3046 3045 3044
f 3047 3045 3046
f 3048 3047 3046
f 3049 3047 3048
f 3050 3049 3048
f 3051 3049 3050
f 3052 3051 3050
f 3053 3051 3052
f 3054 3053 3052
f 3055 3053 3054
f 3056 3055 3054
f 3057 3055 3056
f 3058 3057 3056
f 3059 3057 3058
f 3060 3058 3061
f 3060 3059 3058
f 3062 3061 3063
f 3062 3060 3061
f 3064 3063 3065
f 3064 3062 3063
f 3066 3065 3067
f 3066 3064 3065
f 3068 3067 3069
f 3068 3066 3067
f 3070 3068 3069
f 3071 3070 3069
f 3072 3071 3073
f 3072 3070 3071
f 3074 3073 3075
f 3074 3072 3073
f 3076 3075 3077
f 3076 3074 3075
f 3078 3076 3077
f 3079 3078 3077
f 3080 3078 3079
f 3081 3080 3079
f 3082 3080 3081
f 3083 3082 3081
f 3084 3082 3083
f 3085 3084 3083
f 3086 3084 3085
f 3087 3086 3085
f 3088 3086 3087
f 3089 3088 3087
f 3090 3088 3089
f 3091 3090 3089
f 3092 3090 3091
f 3092 3091 3093
f 3094 3093 3095
f 3094 3092 3093
f 3096 3095 3097
f 3096 3094 3095
f 3098 3097 3099
f 3098 3096 3097
f 3100 3099 3101
f 3100 3098 3099
f 3102 3100 3101
f 3103 3102 3101
f 3104 3102 3103
f 3105 3104 3103
f 3106 3104 3105
f 3107 3106 3105
f 3108 3106 3107
f 3109 3108 3107
f 3110 3108 3109
f 3111 3110 3109
f 3112 3110 3111
f 3113 3112 3111
f 3114 3113 3115
f 3114 3112 3113
f 3116 3115 3117
f 3116 3114 3115
f 3118 3117 3119
f 3118 3116 3117
f 3120 3119 3121
f 3120 3118 3119
f 3122 3120 3121
f 3123 3122 3121
f 3124 3122 3123
f 3125 3124 3123
f 3126 3124 3125
f 3127 3126 3125
f 3128 3126 3127
f 3129 3128 3127
f 3130 3128 3129
f 3131 3130 3129
f 3132 3130 3131
f 3133 3132 3131
f 3134 3132 3133
f 3135 3134 3133
f 3136 3134 3135
f 3137 3136 3135
f 3138 3136 3137
f 3139 3138 3137
f 3140 3138 3139
f 3140 3139 3141
f 3142 3140 3141
f 3142 3141 3143
f 3144 3142 3143
f 3144 3143 3145
f 3146 3144 3145
f 3147 3146 3145
f 3148 3146 3147
f 3149 3148 3147
f 3150 3148 3149
f 3151 3150 3149
f 3152 3150 3151
f 3153 3152 3151
f 3154 3152 3153
f 3155 3154 3153
f 3156 3154 3155
f 3157 3156 3155
f 3158 3156 3157
f 3159 3158 3157
f 3160 3158 3159
f 3161 3160 3159
f 3162 3160 3161
f 3163 3162 3161
f 3164 3162 3163
f 3164 3163 3165
f 3166 3164 3165
f 3166 3165 3167
f 3168 3166 3167
f 3168 3167 3169
f 3170 3168 3169
f 3170 3169 3171
f 3172 3170 3171
f 3173 3172 3171
f 3174 3172 3173
f 3175 3174 3173
f 3176 3174 3175
f 3177 3176 3175
f 3178 3176 3177
f 3179 3178 3177
f 3180 3178 3179
f 3181 3180 3179
f 3182 3180 3181
f 3183 3182 3181
f 3184 3183 3185
f 3184 3182 3183
f 3186 3185 3187
f 3186 3184 3185
f 3188 3187 3189
f 3188 3186 3187
f 3190 3189 3191
f 3190 3188 3189
f 3192 3191 3193
f 3192 3190 3191
f 3194 3193 3195
f 3194 3192 3193
f 3196 3195 3197
f 3196 3194 3195
f 3198 3197 3199
f 3198 3196 3197
f 3200 3199 3201
f 3200 3198 3199
f 3202 3201 3203
f 3202 3200 3201
f 3204 3202 3203
f 3204 3203 3205
f 3206 3204 3205
f 3206 3205 3207
f 3208 3206 3207
f 3208 3207 3209
f 3210 3208 3209
f 3210 3209 3211
f 3212 3210 3211
f 3212 3211 3213
f 3214 3212 3213
f 3214 3213 3215
f 3216 3214 3215
f 3216 3215 3217
f 3218 3216 3217
f 3218 3217 3219
f 3220 3218 3219
f 3220 3219 3221
f 3222 3220 3221
f 3222 3221 3223
f 3224 3222 3223
f 3224 3223 3225
f 3226 3224 3225
f 3226 3225 3227
f 3228 3226 3227
f 3228 3227 3229
f 3230 3228 3229
f 3230 3229 3231
f 3232 3230 3231
f 3232 3231 3233
f 3234 3232 3233
f 3234 3233 3235
f 3236 3234 3235
f 3236 3235 3237
f 3238 3236 3237
f 3238 3237 3239
f 3240 3238 3239
f 3240 3239 3241
f 3242 3240 3241
f 3242 3241 3243
f 3244 3242 3243
f 3244 3243 3245
f 3246 3244 3245
f 3246 3245 3247
f 3248 3246 3247
f 3248 3247 3249
f 3250 3249 3251
f 3250 3248 3249
f 3252 3251 3253
f 3252 3250 3251
f 3254 3252 3253
f 3254 3253 3255
f 3256 3254 3255
f 3256 3255 3257
f 3258 3256 3257
f 3258 3257 3259
f 3260 3258 3259
f 3260 3259 3261
f 3262 3260 3261
f 3262 3261 3263
f 3264 3262 3263
f 3264 3263 3265
f 3266 3265 3267
f 3266 3264 3265
f 3268 3267 3269
f 3268 3266 3267
f 3270 3269 3271
f 3270 3268 3269
f 3272 3271 3273
f 3272 3270 3271
f 3274 3273 3275
f 3274 3272 3273
f 3276 3275 3277
f 3276 3274 3275
f 3278 3277 3279
f 3278 3276 3277
f 3280 3279 3281
f 3280 3278 3279
f 3282 3281 3283
f 3282 3280 3281
f 3284 3283 3285
f 3284 3282 3283
f 3286 3285 3287
f 3286 3284 3285
f 3288 3287 3289
f 3288 3286 3287
f 3290 3289 3291
f 3290 3288 3289
f 3292 3291 3293
f 3292 3290 3291
f 3294 3293 3295
f 3294 3292 3293
f 3296 3295 3297
f 3296 3294 3295
f 3298 3297 3299
f 3298 3296 3297
f 3300 3299 3301
f 3300 3298 3299
f 3302 3301 3303
f 3302 3300 3301
f 3304 3303 3305
f 3304 3302 3303
f 3306 3305 3307
f 3306 3304 3305
f 3308 3306 3307
f 3308 3307 3309
f 3310 3308 3309
f 3310 3309 3311
f 3312 3310 3311
f 3312 3311 3313
f 3314 3312 3313
f 3314 3313 3315
f 3316 3314 3315
f 3316 3315 3317
f 3318 3317 3319
f 3318 3316 3317
f 3320 3319 3321
f 3320 3318 3319
f 3322 3321 3323
f 3322 3320 3321
f 3324 3323 3325
f 3324 3322 3323
f 3326 3325 3327
f 3326 3324 3325
f 3328 3327 3329
f 3328 3326 3327
f 3330 3329 3331
f 3330 3328 3329
f 3332 3331 3333
f 3332 3330 3331
f 3334 3333 3335
f 3334 3332 3333
f 3336 3335 3337
f 3336 3334 3335
f 3338 3337 3339
f 3338 3336 3337
f 3340 3339 3341
f 3340 3338 3339
f 3342 3341 3343
f 3342 3340 3341
f 3344 3343 3345
f 3344 3342 3343
f 3346 3345 3347
f 3346 3344 3345
f 3348 3347 3349
f 3348 3346 3347
f 3350 3349 3351
f 3350 3348 3349
f 3352 3351 3353
f 3352 3350 3351
f 3354 3353 3355
f 3354 3352 3353
f 3356 3354 3355
f 3356 3355 3357
f 3358 3356 3357
f 3358 3357 3359
f 3360 3358 3359
f 3360 3359 3361
f 3362 3360 3361
f 3362 3361 3363
f 3364 3362 3363
f 3364 3363 3365
f 3366 3364 3365
f 3366 3365 3367
f 3368 3366 3367
f 3368 3367 3369
f 3370 3368 3369
f 3370 3369 3371
f 3372 3370 3371
f 3372 3371 3373
f 3374 3372 3373
f 3374 3373 3375
f 3376 3374 3375
f 3376 3375 3377
f 3378 3376 3377
f 3378 3377 3379
f 3380 3378 3379
f 3380 3379 3381
f 3382 3380 3381
f 3382 3381 3383
f 3384 3382 3383
f 3384 3383 3385
f 3386 3385 3387
f 3386 3384 3385
f 3388 3387 3389
f 3388 3386 3387
f 3390 3389 3391
f 3390 3388 3389
f 3392 3391 3393
f 3392 3390 3391
f 3394 3393 3395
f 3394 3392 3393
f 3396 3395 3397
f 3396 3394 3395
f 3398 3397 3399
f 3398 3396 3397
f 3400 3399 3401
f 3400 3398 3399
f 3402 3401 3403
f 3402 3400 3401
f 3404 3403 3405
f 3404 3402 3403
f 3406 3404 3405
f 3406 3405 3407
f 3408 3406 3407
f 3408 3407 3409
f 3410 3408 3409
f 3410 3409 3411
f 3412 3410 3411
f 3413 3410 3412
f 3414 3413 3412
f 3415 3413 3414
f 3416 3415 3414
f 3417 3415 3416
f 3418 3417 3416
f 3419 3417 3418
f 3420 200 3421
f 200 196 3421
f 3421 196 3422
f 3420 204 200
f 3423 204 3420
f 3422 189 3424
f 196 189 3422
f 3425 208 3423
f 3423 208 204
f 3424 185 3426
f 189 185 3424
f 3427 212 3425
f 3425 212 208
f 3426 181 3428
f 185 181 3426
f 3429 216 3427
f 3427 216 212
f 3428 177 3430
f 181 177 3428
f 3431 220 3429
f 3429 220 216
f 3430 173 3432
f 177 173 3430
f 3431 224 220
f 3433 224 3431
f 173 169 3432
f 3432 169 3434
f 3435 228 3433
f 3433 228 224
f 3434 165 3436
f 169 165 3434
f 3437 232 3435
f 3435 232 228
f 3436 161 3438
f 165 161 3436
f 3439 236 3437
f 3437 236 232
f 3438 157 3440
f 161 157 3438
f 3441 240 3439
f 3439 240 236
f 3440 153 3442
f 157 153 3440
f 3443 244 3441
f 3441 244 240
f 3442 147 3444
f 153 147 3442
f 3445 248 3443
f 3443 248 244
f 3444 143 3446
f 147 143 3444
f 3447 255 3445
f 3445 255 248
f 143 139 3446
f 3446 139 3448
f 3449 259 3447
f 3447 259 255
f 3448 136 3450
f 139 136 3448
f 3449 263 259
f 3451 263 3449
f 3450 133 3452
f 136 133 3450
f 3453 267 3451
f 3451 267 263
f 133 131 3452
f 3452 131 3454
f 3453 271 267
f 3455 271 3453
f 131 129 3454
f 3454 129 3456
f 3457 275 3455
f 3455 275 271
f 3456 127 3458
f 129 127 3456
f 3459 279 3457
f 3457 279 275
f 3458 124 3460
f 127 124 3458
f 3459 283 279
f 3461 283 3459
f 3460 122 3462
f 124 122 3460
f 3463 287 3461
f 3461 287 283
f 122 120 3462
f 3462 120 3464
f 3465 291 3463
f 3463 291 287
f 3464 118 3466
f 120 118 3464
f 3467 298 3465
f 3465 298 291
f 118 116 3466
f 3466 116 3468
f 3469 302 3467
f 3467 302 298
f 3468 114 3470
f 116 114 3468
f 3471 306 3469
f 3469 306 302
f 114 112 3470
f 3470 112 3472
f 3473 310 3471
f 3471 310 306
f 3472 110 3474
f 112 110 3472
f 3475 314 3473
f 3473 314 310
f 110 108 3474
f 3474 108 3476
f 3477 317 3475
f 3475 317 314
f 3476 106 3478
f 108 106 3476
f 3479 321 3477
f 3477 321 317
f 3478 104 3480
f 106 104 3478
f 3481 325 3479
f 3479 325 321
f 104 101 3480
f 101 3482 3480
f 3481 329 325
f 101 99 3482
f 3481 3483 329
f 3483 333 329
f 99 3484 3482
f 97 3484 99
f 333 3485 338
f 3483 3485 333
f 97 3486 3484
f 95 3486 97
f 3485 3487 338
f 338 3487 342
f 95 3488 3486
f 93 3488 95
f 3487 3489 342
f 342 3489 346
f 93 3490 3488
f 91 3490 93
f 346 3491 350
f 3489 3491 346
f 91 3492 3490
f 89 3492 91
f 3491 3493 350
f 350 3493 357
f 89 3494 3492
f 87 3494 89
f 357 3495 361
f 3493 3495 357
f 85 3496 87
f 87 3496 3494
f 361 3497 365
f 3495 3497 361
f 83 3498 85
f 85 3498 3496
f 365 3499 369
f 3497 3499 365
f 83 3500 3498
f 80 3500 83
f 369 3501 373
f 3499 3501 369
f 80 3502 3500
f 78 3502 80
f 373 3503 377
f 3501 3503 373
f 78 3504 3502
f 76 3504 78
f 377 3505 381
f 3503 3505 377
f 74 3506 76
f 76 3506 3504
f 381 3507 385
f 3505 3507 381
f 72 3508 74
f 74 3508 3506
f 385 3509 389
f 3507 3509 385
f 70 3510 72
f 72 3510 3508
f 389 3511 393
f 3509 3511 389
f 68 3512 70
f 70 3512 3510
f 393 3513 3
f 3511 3513 393
f 66 3514 68
f 68 3514 3512
f 3 3515 4
f 3513 3515 3
f 64 3516 66
f 66 3516 3514
f 4 3517 6
f 3515 3517 4
f 62 3518 64
f 64 3518 3516
f 6 3519 8
f 3517 3519 6
f 60 3520 62
f 62 3520 3518
f 3519 3521 8
f 8 3521 10
f 60 3522 3520
f 57 3522 60
f 10 3523 12
f 3521 3523 10
f 57 3524 3522
f 55 3524 57
f 12 3525 14
f 3523 3525 12
f 55 3526 3524
f 53 3526 55
f 3525 3527 14
f 14 3527 16
f 53 3528 3526
f 51 3528 53
f 3527 3529 16
f 16 3529 18
f 51 3530 3528
f 49 3530 51
f 18 3531 20
f 3529 3531 18
f 49 3532 3530
f 47 3532 49
f 3531 3533 20
f 20 3533 22
f 47 3534 3532
f 45 3534 47
f 3533 3535 22
f 22 3535 24
f 45 3536 3534
f 43 3536 45
f 3535 3537 24
f 24 3537 26
f 43 3538 3536
f 41 3538 43
f 26 3539 28
f 3537 3539 26
f 41 3540 3538
f 39 3540 41
f 3539 3541 28
f 28 3541 30
f 39 3542 3540
f 37 3542 39
f 30 3543 33
f 3541 3543 30
f 35 3544 37
f 37 3544 3542
f 33 3545 35
f 3543 3545 33
f 35 3545 3544
f 3546 3547 3451
f 3546 3451 3449
f 3548 3449 3447
f 3548 3546 3449
f 3549 3447 3445
f 3549 3548 3447
f 3550 3445 3443
f 3550 3549 3445
f 3551 3443 3441
f 3551 3550 3443
f 3552 3441 3439
f 3552 3551 3441
f 3553 3439 3437
f 3553 3552 3439
f 3554 3437 3435
f 3554 3553 3437
f 3555 3435 3433
f 3555 3554 3435
f 3556 3433 3431
f 3556 3431 3429
f 3556 3555 3433
f 3557 3556 3429
f 3558 3557 3429
f 3558 3429 3427
f 3559 3558 3427
f 3559 3427 3425
f 3560 3559 3425
f 3560 3425 3423
f 3561 3560 3423
f 3561 3423 3420
f 3562 3561 3420
f 3562 3420 3421
f 3563 3562 3421
f 3563 3421 3422
f 3564 3563 3422
f 3564 3422 3424
f 3565 3564 3424
f 3565 3424 3426
f 3566 3565 3426
f 3566 3426 3428
f 3566 3428 3430
f 3567 3566 3430
f 3568 3567 3430
f 3568 3430 3432
f 3569 3432 3434
f 3569 3568 3432
f 3570 3434 3436
f 3570 3569 3434
f 3571 3436 3438
f 3571 3570 3436
f 3572 3438 3440
f 3572 3571 3438
f 3573 3440 3442
f 3573 3442 3444
f 3573 3572 3440
f 3574 3444 3446
f 3574 3573 3444
f 3575 3574 3446
f 3576 3446 3448
f 3576 3448 3450
f 3576 3575 3446
f 3577 3450 3452
f 3577 3576 3450
f 3578 3577 3452
f 3579 3452 3454
f 3579 3578 3452
f 3580 3454 3456
f 3580 3579 3454
f 3581 3456 3458
f 3581 3458 3460
f 3581 3580 3456
f 3582 3460 3462
f 3582 3581 3460
f 3583 3582 3462
f 3584 3583 3462
f 3584 3462 3464
f 3584 3464 3466
f 3585 3584 3466
f 3586 3585 3466
f 3586 3466 3468
f 3586 3468 3470
f 3587 3586 3470
f 3588 3587 3470
f 3588 3470 3472
f 3588 3472 3474
f 3589 3588 3474
f 3590 3589 3474
f 3590 3474 3476
f 3591 3590 3476
f 3591 3476 3478
f 3592 3591 3478
f 3592 3478 3480
f 3593 3592 3480
f 3593 3480 3482
f 3594 3593 3482
f 3594 3482 3484
f 3595 3594 3484
f 3595 3484 3486
f 3596 3595 3486
f 3596 3486 3488
f 3597 3596 3488
f 3597 3488 3490
f 3598 3597 3490
f 3598 3490 3492
f 3598 3492 3494
f 3599 3598 3494
f 3600 3599 3494
f 3600 3494 3496
f 3600 3496 3498
f 3601 3600 3498
f 3602 3601 3498
f 3602 3498 3500
f 3603 3602 3500
f 3603 3500 3502
f 3604 3502 3504
f 3604 3603 3502
f 3605 3504 3506
f 3605 3506 3508
f 3605 3604 3504
f 3606 3605 3508
f 3607 3508 3510
f 3607 3510 3512
f 3607 3606 3508
f 3608 3607 3512
f 3609 3608 3512
f 3609 3512 3514
f 3609 3514 3516
f 3610 3609 3516
f 3611 3610 3516
f 3611 3516 3518
f 3612 3611 3518
f 3612 3518 3520
f 3613 3612 3520
f 3613 3520 3522
f 3614 3613 3522
f 3614 3522 3524
f 3614 3524 3526
f 3615 3614 3526
f 3616 3615 3526
f 3616 3526 3528
f 3616 3528 3530
f 3617 3616 3530
f 3618 3617 3530
f 3618 3530 3532
f 3618 3532 3534
f 3619 3618 3534
f 3620 3619 3534
f 3620 3534 3536
f 3621 3536 3538
f 3621 3538 3540
f 3621 3620 3536
f 3622 3540 3542
f 3622 3621 3540
f 3623 3622 3542
f 3624 3542 3544
f 3624 3544 3545
f 3624 3623 3542
f 3625 3624 3545
f 3626 3545 3543
f 3626 3543 3541
f 3626 3625 3545
f 3627 3626 3541
f 3628 3541 3539
f 3628 3627 3541
f 3629 3539 3537
f 3629 3628 3539
f 3630 3537 3535
f 3630 3629 3537
f 3631 3535 3533
f 3631 3630 3535
f 3632 3533 3531
f 3632 3631 3533
f 3633 3531 3529
f 3633 3632 3531
f 3634 3633 3529
f 3634 3529 3527
f 3635 3634 3527
f 3635 3527 3525
f 3636 3635 3525
f 3636 3525 3523
f 3637 3636 3523
f 3637 3523 3521
f 3638 3521 3519
f 3638 3637 3521
f 3639 3519 3517
f 3639 3638 3519
f 3640 3517 3515
f 3640 3639 3517
f 3641 3515 3513
f 3641 3640 3515
f 3642 3513 3511
f 3642 3641 3513
f 3643 3511 3509
f 3643 3642 3511
f 3644 3509 3507
f 3644 3643 3509
f 3645 3507 3505
f 3645 3644 3507
f 3646 3505 3503
f 3646 3645 3505
f 3647 3503 3501
f 3647 3646 3503
f 3648 3501 3499
f 3648 3647 3501
f 3649 3499 3497
f 3649 3648 3499
f 3650 3497 3495
f 3650 3649 3497
f 3651 3495 3493
f 3651 3650 3495
f 3652 3493 3491
f 3652 3651 3493
f 3653 3491 3489
f 3653 3652 3491
f 3654 3489 3487
f 3654 3653 3489
f 3655 3487 3485
f 3655 3654 3487
f 3656 3485 3483
f 3656 3655 3485
f 3657 3483 3481
f 3657 3656 3483
f 3658 3657 3481
f 3658 3481 3479
f 3659 3658 3479
f 3659 3479 3477
f 3660 3659 3477
f 3660 3477 3475
f 3661 3660 3475
f 3661 3475 3473
f 3661 3473 3471
f 3662 3661 3471
f 3663 3662 3471
f 3663 3471 3469
f 3664 3663 3469
f 3664 3469 3467
f 3664 3467 3465
f 3665 3664 3465
f 3666 3665 3465
f 3666 3465 3463
f 3667 3666 3463
f 3667 3463 3461
f 3668 3667 3461
f 3668 3461 3459
f 3668 3459 3457
f 3669 3668 3457
f 3670 3669 3457
f 3670 3457 3455
f 3671 3455 3453
f 3671 3670 3455
f 3671 3453 3451
f 3547 3671 3451
f 3547 3546 3672
f 3673 3674 3675
f 3547 3672 3671
f 3673 3675 3676
f 3548 3677 3546
f 3549 3677 3548
f 3672 3677 3678
f 3546 3677 3672
f 3677 3679 3678
f 3678 3679 3680
f 3550 3681 3549
f 3549 3681 3677
f 3677 3681 3679
f 3679 3682 3680
f 3680 3682 3683
f 3681 3682 3679
f 3681 3684 3682
f 3550 3684 3681
f 3684 3685 3682
f 3682 3685 3683
f 3684 3686 3685
f 3686 3687 3685
f 3686 3688 3687
f 3688 3689 3687
f 3688 3690 3689
f 3691 3692 3693
f 3694 3692 3691
f 3695 3696 3673
f 3693 3696 3695
f 3673 3696 3674
f 3692 3696 3693
f 3674 3696 3697
f 3698 3699 3700
f 3699 3701 3700
f 3700 3701 3702
f 3701 3703 3702
f 3702 3703 3694
f 3694 3704 3692
f 3705 3704 3703
f 3703 3704 3694
f 3704 3706 3692
f 3696 3706 3697
f 3705 3706 3704
f 3707 3706 3705
f 3697 3706 3707
f 3692 3706 3696
f 3678 3708 3672
f 3670 3708 3669
f 3671 3708 3670
f 3672 3708 3671
f 3683 3709 3680
f 3680 3709 3678
f 3678 3709 3708
f 3683 3710 3709
f 3711 3712 3713
f 3713 3712 3714
f 3714 3712 3683
f 3683 3712 3710
f 3715 3716 3717
f 3717 3716 3711
f 3711 3716 3712
f 3718 3719 3720
f 3720 3719 3715
f 3716 3719 3721
f 3715 3719 3716
f 3691 3722 3723
f 3723 3722 3718
f 3718 3722 3719
f 3691 3724 3722
f 3673 3725 3695
f 3695 3725 3693
f 3693 3725 3691
f 3691 3725 3724
f 3676 3725 3673
f 3726 3725 3676
f 3727 3725 3726
f 3684 3728 3686
f 3686 3728 3688
f 3551 3728 3550
f 3688 3728 3690
f 3550 3728 3684
f 3685 3729 3683
f 3687 3729 3685
f 3714 3729 3713
f 3683 3729 3714
f 3689 3729 3687
f 3551 3730 3728
f 3552 3730 3551
f 3728 3730 3690
f 3729 3731 3713
f 3713 3731 3711
f 3552 3732 3730
f 3689 3733 3729
f 3729 3733 3731
f 3552 3734 3732
f 3553 3734 3552
f 3554 3734 3553
f 3720 3735 3718
f 3715 3735 3720
f 3735 3736 3718
f 3723 3736 3691
f 3700 3736 3698
f 3718 3736 3723
f 3702 3736 3700
f 3694 3736 3702
f 3691 3736 3694
f 3699 3737 3701
f 3701 3737 3703
f 3738 3737 3739
f 3705 3737 3738
f 3703 3737 3705
f 3740 3741 3737
f 3737 3741 3739
f 3742 3741 3743
f 3739 3741 3742
f 3571 3744 3570
f 3745 3746 3744
f 3572 3747 3571
f 3744 3747 3745
f 3571 3747 3744
f 3572 3748 3747
f 3747 3748 3745
f 3573 3749 3572
f 3748 3749 3745
f 3572 3749 3748
f 3573 3750 3749
f 3749 3750 3745
f 3574 3751 3573
f 3573 3751 3750
f 3750 3751 3745
f 3745 3751 3752
f 3574 3753 3751
f 3751 3753 3752
f 3752 3754 3755
f 3574 3754 3753
f 3753 3754 3752
f 3754 3756 3755
f 3575 3756 3574
f 3755 3756 3757
f 3574 3756 3754
f 3756 3758 3757
f 3575 3758 3756
f 3758 3759 3757
f 3757 3759 3760
f 3575 3759 3758
f 3745 3761 3746
f 3575 3762 3759
f 3759 3762 3760
f 3576 3762 3575
f 3760 3762 3763
f 3762 3764 3763
f 3576 3764 3762
f 3763 3765 3766
f 3576 3765 3764
f 3764 3765 3763
f 3576 3767 3765
f 3766 3767 3768
f 3765 3767 3766
f 3577 3767 3576
f 3767 3769 3768
f 3577 3769 3767
f 3769 3770 3768
f 3768 3770 3771
f 3577 3770 3769
f 3771 3772 3773
f 3770 3772 3771
f 3578 3772 3577
f 3577 3772 3770
f 3772 3774 3773
f 3773 3774 3775
f 3578 3774 3772
f 3578 3776 3774
f 3774 3776 3775
f 3579 3777 3578
f 3578 3777 3776
f 3776 3777 3775
f 3579 3778 3777
f 3580 3778 3579
f 3775 3778 3779
f 3777 3778 3775
f 3760 3780 3757
f 3763 3780 3760
f 3755 3780 3752
f 3757 3780 3755
f 3745 3780 3761
f 3752 3780 3745
f 3780 3781 3761
f 3782 3781 3780
f 3761 3781 3783
f 3781 3784 3783
f 3763 3785 3780
f 3780 3785 3782
f 3786 3787 3784
f 3778 3788 3779
f 3580 3788 3778
f 3766 3789 3763
f 3785 3789 3782
f 3763 3789 3785
f 3580 3790 3788
f 3779 3790 3791
f 3581 3790 3580
f 3788 3790 3779
f 3766 3792 3789
f 3789 3792 3782
f 3766 3793 3792
f 3792 3793 3782
f 3768 3793 3766
f 3581 3794 3790
f 3791 3794 3795
f 3790 3794 3791
f 3793 3796 3782
f 3768 3796 3793
f 3794 3797 3795
f 3581 3797 3794
f 3796 3798 3782
f 3768 3798 3796
f 3771 3798 3768
f 3797 3799 3795
f 3581 3799 3797
f 3795 3799 3800
f 3582 3799 3581
f 3798 3801 3782
f 3771 3801 3798
f 3773 3802 3771
f 3771 3802 3801
f 3801 3802 3782
f 3800 3803 3804
f 3799 3803 3800
f 3582 3803 3799
f 3802 3805 3782
f 3773 3805 3802
f 3803 3806 3804
f 3582 3806 3803
f 3805 3807 3782
f 3773 3807 3805
f 3775 3807 3773
f 3806 3808 3804
f 3583 3808 3582
f 3582 3808 3806
f 3782 3809 3810
f 3807 3809 3782
f 3775 3809 3807
f 3779 3809 3775
f 3808 3811 3804
f 3584 3811 3583
f 3804 3811 3812
f 3583 3811 3808
f 3584 3813 3811
f 3811 3813 3812
f 3814 3815 3816
f 3817 3815 3818
f 3781 3815 3784
f 3784 3815 3786
f 3818 3815 3814
f 3782 3815 3781
f 3819 3815 3817
f 3786 3815 3819
f 3812 3820 3821
f 3584 3820 3813
f 3585 3820 3584
f 3813 3820 3812
f 3822 3823 3824
f 3786 3823 3787
f 3815 3825 3816
f 3782 3825 3815
f 3816 3826 3827
f 3825 3826 3816
f 3782 3826 3825
f 3821 3828 3829
f 3585 3828 3820
f 3820 3828 3821
f 3786 3830 3823
f 3824 3830 3831
f 3823 3830 3824
f 3782 3832 3826
f 3826 3832 3827
f 3585 3833 3828
f 3828 3833 3829
f 3791 3834 3779
f 3809 3834 3810
f 3779 3834 3809
f 3827 3835 3836
f 3782 3835 3832
f 3832 3835 3827
f 3586 3837 3585
f 3829 3837 3838
f 3833 3837 3829
f 3585 3837 3833
f 3786 3839 3830
f 3830 3839 3831
f 3791 3840 3834
f 3795 3840 3791
f 3834 3840 3810
f 3835 3841 3836
f 3782 3841 3835
f 3795 3842 3840
f 3840 3842 3810
f 3841 3843 3836
f 3782 3843 3841
f 3836 3843 3844
f 3837 3845 3838
f 3838 3845 3846
f 3586 3845 3837
f 3786 3847 3839
f 3839 3847 3831
f 3831 3847 3848
f 3795 3849 3842
f 3842 3849 3810
f 3800 3849 3795
f 3782 3850 3843
f 3843 3850 3844
f 3586 3851 3845
f 3845 3851 3846
f 3804 3852 3800
f 3800 3852 3849
f 3849 3852 3810
f 3782 3853 3850
f 3850 3853 3844
f 3844 3853 3854
f 3786 3855 3847
f 3847 3855 3848
f 3782 3856 3853
f 3853 3856 3854
f 3586 3857 3851
f 3587 3857 3586
f 3851 3857 3846
f 3782 3858 3856
f 3856 3858 3854
f 3854 3858 3859
f 3855 3860 3848
f 3848 3860 3861
f 3819 3860 3786
f 3786 3860 3855
f 3860 3862 3861
f 3819 3862 3860
f 3810 3863 3864
f 3804 3863 3852
f 3852 3863 3810
f 3812 3863 3804
f 3862 3865 3861
f 3819 3865 3862
f 3817 3865 3819
f 3857 3866 3846
f 3587 3866 3857
f 3588 3866 3587
f 3846 3866 3867
f 3810 3868 3782
f 3782 3868 3858
f 3858 3868 3859
f 3859 3868 3869
f 3818 3870 3817
f 3817 3870 3865
f 3861 3870 3871
f 3865 3870 3861
f 3866 3872 3867
f 3588 3872 3866
f 3870 3873 3871
f 3818 3873 3870
f 3588 3874 3872
f 3589 3874 3588
f 3872 3874 3867
f 3867 3874 3875
f 3818 3876 3873
f 3814 3876 3818
f 3873 3876 3871
f 3589 3877 3874
f 3875 3877 3878
f 3874 3877 3875
f 3816 3879 3814
f 3871 3879 3880
f 3814 3879 3876
f 3876 3879 3871
f 3589 3881 3877
f 3877 3881 3878
f 3821 3882 3812
f 3863 3882 3864
f 3812 3882 3863
f 3881 3883 3878
f 3590 3883 3589
f 3589 3883 3881
f 3878 3883 3884
f 3879 3885 3880
f 3816 3885 3879
f 3829 3886 3821
f 3882 3886 3864
f 3821 3886 3882
f 3827 3887 3816
f 3816 3887 3885
f 3885 3887 3880
f 3829 3888 3886
f 3886 3888 3864
f 3884 3889 3890
f 3883 3889 3884
f 3590 3889 3883
f 3810 3891 3868
f 3868 3891 3869
f 3869 3891 3892
f 3888 3893 3864
f 3829 3893 3888
f 3838 3893 3829
f 3889 3894 3890
f 3590 3894 3889
f 3887 3895 3880
f 3827 3895 3887
f 3880 3895 3896
f 3836 3895 3827
f 3892 3897 3898
f 3891 3897 3892
f 3810 3897 3891
f 3893 3899 3864
f 3838 3899 3893
f 3846 3899 3838
f 3810 3900 3897
f 3897 3900 3898
f 3895 3901 3896
f 3836 3901 3895
f 3894 3902 3890
f 3591 3902 3590
f 3590 3902 3894
f 3810 3903 3900
f 3898 3903 3904
f 3900 3903 3898
f 3901 3905 3896
f 3836 3905 3901
f 3844 3905 3836
f 3904 3906 3907
f 3810 3906 3903
f 3903 3906 3904
f 3905 3908 3896
f 3896 3908 3909
f 3844 3908 3905
f 3854 3908 3844
f 3899 3910 3864
f 3846 3910 3899
f 3864 3910 3911
f 3867 3910 3846
f 3908 3912 3909
f 3854 3912 3908
f 3859 3912 3854
f 3890 3913 3914
f 3902 3913 3890
f 3591 3913 3902
f 3592 3913 3591
f 3912 3915 3909
f 3859 3915 3912
f 3864 3916 3810
f 3906 3916 3907
f 3810 3916 3906
f 3907 3916 3917
f 3913 3918 3914
f 3592 3918 3913
f 3918 3919 3914
f 3593 3919 3592
f 3592 3919 3918
f 3914 3919 3920
f 3915 3921 3909
f 3909 3921 3922
f 3859 3921 3915
f 3920 3923 3924
f 3919 3923 3920
f 3593 3923 3919
f 3923 3925 3924
f 3593 3925 3923
f 3924 3926 3927
f 3594 3926 3593
f 3925 3926 3924
f 3593 3926 3925
f 3867 3928 3910
f 3910 3928 3911
f 3875 3928 3867
f 3922 3929 3930
f 3859 3929 3921
f 3869 3929 3859
f 3921 3929 3922
f 3878 3931 3875
f 3928 3931 3911
f 3875 3931 3928
f 3926 3932 3927
f 3594 3932 3926
f 3927 3932 3933
f 3878 3934 3931
f 3931 3934 3911
f 3869 3935 3929
f 3929 3935 3930
f 3917 3936 3937
f 3864 3936 3916
f 3916 3936 3917
f 3932 3938 3933
f 3594 3938 3932
f 3934 3939 3911
f 3878 3939 3934
f 3884 3939 3878
f 3930 3940 3941
f 3935 3940 3930
f 3869 3940 3935
f 3892 3940 3869
f 3864 3942 3936
f 3937 3942 3943
f 3936 3942 3937
f 3890 3944 3884
f 3884 3944 3939
f 3939 3944 3911
f 3938 3945 3933
f 3595 3945 3594
f 3594 3945 3938
f 3864 3946 3942
f 3942 3946 3943
f 3943 3947 3948
f 3946 3947 3943
f 3864 3947 3946
f 3898 3949 3892
f 3940 3949 3941
f 3892 3949 3940
f 3947 3950 3948
f 3948 3950 3951
f 3864 3950 3947
f 3898 3952 3949
f 3949 3952 3941
f 3898 3953 3952
f 3904 3953 3898
f 3952 3953 3941
f 3941 3953 3954
f 3890 3955 3944
f 3914 3955 3890
f 3911 3955 3956
f 3944 3955 3911
f 3945 3957 3933
f 3595 3957 3945
f 3933 3957 3958
f 3596 3957 3595
f 3907 3959 3904
f 3904 3959 3953
f 3953 3959 3954
f 3957 3960 3958
f 3596 3960 3957
f 3951 3961 3962
f 3950 3961 3951
f 3864 3961 3950
f 3911 3961 3864
f 3907 3963 3959
f 3959 3963 3954
f 3958 3964 3965
f 3960 3964 3958
f 3596 3964 3960
f 3597 3964 3596
f 3907 3966 3963
f 3954 3966 3967
f 3963 3966 3954
f 3965 3968 3969
f 3964 3968 3965
f 3597 3968 3964
f 3968 3970 3969
f 3597 3970 3968
f 3969 3971 3972
f 3970 3971 3969
f 3598 3971 3597
f 3597 3971 3970
f 3914 3973 3955
f 3955 3973 3956
f 3920 3973 3914
f 3924 3974 3920
f 3920 3974 3973
f 3973 3974 3956
f 3967 3975 3976
f 3907 3975 3966
f 3966 3975 3967
f 3917 3975 3907
f 3971 3977 3972
f 3972 3977 3978
f 3598 3977 3971
f 3924 3979 3974
f 3974 3979 3956
f 3977 3980 3978
f 3598 3980 3977
f 3961 3981 3962
f 3962 3981 3982
f 3911 3981 3961
f 3927 3983 3924
f 3924 3983 3979
f 3979 3983 3956
f 3975 3984 3976
f 3917 3984 3975
f 3981 3985 3982
f 3911 3985 3981
f 3982 3985 3986
f 3983 3987 3956
f 3933 3987 3927
f 3927 3987 3983
f 3984 3988 3976
f 3937 3988 3917
f 3917 3988 3984
f 3976 3988 3989
f 3599 3990 3598
f 3980 3990 3978
f 3598 3990 3980
f 3985 3991 3986
f 3911 3991 3985
f 3911 3992 3991
f 3991 3992 3986
f 3986 3992 3993
f 3988 3994 3989
f 3943 3994 3937
f 3937 3994 3988
f 3911 3995 3992
f 3992 3995 3993
f 3993 3995 3996
f 3994 3997 3989
f 3943 3997 3994
f 3933 3998 3987
f 3958 3998 3933
f 3956 3998 3999
f 3987 3998 3956
f 3948 4000 3943
f 3997 4000 3989
f 3943 4000 3997
f 3989 4000 4001
f 3990 4002 3978
f 3978 4002 4003
f 3600 4002 3599
f 3599 4002 3990
f 3951 4004 3948
f 3948 4004 4000
f 4000 4004 4001
f 4002 4005 4003
f 3600 4005 4002
f 3911 4006 3995
f 3956 4006 3911
f 3995 4006 3996
f 3996 4006 4007
f 3951 4008 4004
f 4004 4008 4001
f 3600 4009 4005
f 4005 4009 4003
f 4003 4009 4010
f 3601 4009 3600
f 4001 4011 4012
f 3951 4011 4008
f 4008 4011 4001
f 4010 4013 4014
f 4009 4013 4010
f 3601 4013 4009
f 3601 4015 4013
f 4013 4015 4014
f 3601 4016 4015
f 4015 4016 4014
f 3602 4016 3601
f 4014 4016 4017
f 3998 4018 3999
f 3958 4018 3998
f 3965 4018 3958
f 4018 4019 3999
f 3969 4019 3965
f 3965 4019 4018
f 3962 4020 3951
f 4012 4020 4021
f 3951 4020 4011
f 4011 4020 4012
f 3602 4022 4016
f 4016 4022 4017
f 4017 4022 4023
f 4019 4024 3999
f 3969 4024 4019
f 3602 4025 4022
f 4022 4025 4023
f 4006 4026 4007
f 3956 4026 4006
f 4007 4026 4027
f 3972 4028 3969
f 4024 4028 3999
f 3969 4028 4024
f 3962 4029 4020
f 4020 4029 4021
f 3956 4030 4026
f 4026 4030 4027
f 4027 4030 4031
f 3978 4032 3972
f 3972 4032 4028
f 4028 4032 3999
f 4029 4033 4021
f 3982 4033 3962
f 4021 4033 4034
f 3962 4033 4029
f 4025 4035 4023
f 3603 4035 3602
f 3602 4035 4025
f 4030 4036 4031
f 3956 4036 4030
f 3956 4037 4036
f 4036 4037 4031
f 4031 4037 4038
f 3986 4039 3982
f 4033 4039 4034
f 3982 4039 4033
f 3956 4040 4037
f 4037 4040 4038
f 4038 4040 4041
f 4039 4042 4034
f 3986 4042 4039
f 4032 4043 3999
f 4003 4043 3978
f 3999 4043 4044
f 3978 4043 4032
f 4042 4045 4034
f 3986 4045 4042
f 4034 4045 4046
f 3993 4045 3986
f 4023 4047 4048
f 3604 4047 3603
f 4035 4047 4023
f 3603 4047 4035
f 3993 4049 4045
f 3996 4049 3993
f 4045 4049 4046
f 3604 4050 4047
f 4047 4050 4048
f 3956 4051 4040
f 4040 4051 4041
f 3999 4051 3956
f 4041 4051 4052
f 4049 4053 4046
f 3996 4053 4049
f 4048 4054 4055
f 4050 4054 4048
f 3604 4054 4050
f 3605 4054 3604
f 4053 4056 4046
f 4046 4056 4057
f 3996 4056 4053
f 4055 4058 4059
f 4054 4058 4055
f 3605 4058 4054
f 4058 4060 4059
f 3605 4060 4058
f 4059 4061 4062
f 4060 4061 4059
f 3605 4061 4060
f 3606 4061 3605
f 4043 4063 4044
f 4003 4063 4043
f 4010 4063 4003
f 4010 4064 4063
f 4014 4064 4010
f 4063 4064 4044
f 4057 4065 4066
f 4056 4065 4057
f 3996 4065 4056
f 4007 4065 3996
f 4014 4067 4064
f 4064 4067 4044
f 4062 4068 4069
f 4061 4068 4062
f 3606 4068 4061
f 3999 4070 4051
f 4051 4070 4052
f 4052 4070 4071
f 4014 4072 4067
f 4067 4072 4044
f 4017 4072 4014
f 4007 4073 4065
f 4065 4073 4066
f 4068 4074 4069
f 3606 4074 4068
f 3999 4075 4070
f 4071 4075 4076
f 4070 4075 4071
f 4072 4077 4044
f 4017 4077 4072
f 4023 4077 4017
f 4066 4078 4079
f 4007 4078 4073
f 4073 4078 4066
f 4027 4078 4007
f 3999 4080 4075
f 4075 4080 4076
f 4074 4081 4069
f 3607 4081 3606
f 3606 4081 4074
f 4076 4082 4083
f 3999 4082 4080
f 4080 4082 4076
f 4027 4084 4078
f 4078 4084 4079
f 4031 4084 4027
f 3999 4085 4082
f 4083 4085 4086
f 4082 4085 4083
f 4031 4087 4084
f 4084 4087 4079
f 4087 4088 4079
f 4079 4088 4089
f 4038 4088 4031
f 4031 4088 4087
f 4048 4090 4023
f 4023 4090 4077
f 4044 4090 4091
f 4077 4090 4044
f 3607 4092 4081
f 4069 4092 4093
f 4081 4092 4069
f 3608 4092 3607
f 4088 4094 4089
f 4038 4094 4088
f 4041 4094 4038
f 4085 4095 4086
f 3999 4095 4085
f 4086 4095 4096
f 4044 4095 3999
f 4041 4097 4094
f 4094 4097 4089
f 3608 4098 4092
f 4092 4098 4093
f 3608 4099 4098
f 4098 4099 4093
f 4093 4099 4100
f 4041 4101 4097
f 4097 4101 4089
f 4089 4101 4102
f 4100 4103 4104
f 4099 4103 4100
f 3608 4103 4099
f 3609 4103 3608
f 4103 4105 4104
f 3609 4105 4103
f 4055 4106 4048
f 4090 4106 4091
f 4048 4106 4090
f 4101 4107 4102
f 4041 4107 4101
f 4102 4107 4108
f 4052 4107 4041
f 3609 4109 4105
f 4104 4109 4110
f 4105 4109 4104
f 4059 4111 4055
f 4055 4111 4106
f 4106 4111 4091
f 4059 4112 4111
f 4111 4112 4091
f 4044 4113 4095
f 4096 4113 4114
f 4095 4113 4096
f 4107 4115 4108
f 4052 4115 4107
f 4110 4116 4117
f 4109 4116 4110
f 3609 4116 4109
f 3610 4116 3609
f 4062 4118 4059
f 4059 4118 4112
f 4112 4118 4091
f 4044 4119 4113
f 4114 4119 4120
f 4113 4119 4114
f 4115 4121 4108
f 4108 4121 4122
f 4052 4121 4115
f 4071 4121 4052
f 4116 4123 4117
f 3610 4123 4116
f 4069 4124 4062
f 4062 4124 4118
f 4118 4124 4091
f 4044 4125 4119
f 4119 4125 4120
f 4076 4126 4071
f 4121 4126 4122
f 4071 4126 4121
f 4120 4127 4128
f 4044 4127 4125
f 4125 4127 4120
f 4117 4129 4130
f 4123 4129 4117
f 3611 4129 3610
f 3610 4129 4123
f 4076 4131 4126
f 4126 4131 4122
f 4128 4132 4133
f 4044 4132 4127
f 4127 4132 4128
f 4131 4134 4122
f 4083 4134 4076
f 4122 4134 4135
f 4076 4134 4131
f 4093 4136 4069
f 4091 4136 4137
f 4069 4136 4124
f 4124 4136 4091
f 4134 4138 4135
f 4086 4138 4083
f 4083 4138 4134
f 3612 4139 3611
f 4129 4139 4130
f 3611 4139 4129
f 4138 4140 4135
f 4086 4140 4138
f 4044 4141 4132
f 4133 4141 4142
f 4091 4141 4044
f 4132 4141 4133
f 4140 4143 4135
f 4135 4143 4144
f 4086 4143 4140
f 4139 4145 4130
f 3612 4145 4139
f 4145 4146 4130
f 3612 4146 4145
f 4130 4146 4147
f 4147 4148 4149
f 4146 4148 4147
f 3613 4148 3612
f 3612 4148 4146
f 4136 4150 4137
f 4100 4150 4093
f 4093 4150 4136
f 4096 4151 4086
f 4086 4151 4143
f 4143 4151 4144
f 4144 4151 4152
f 4148 4153 4149
f 3613 4153 4148
f 4104 4154 4100
f 4150 4154 4137
f 4100 4154 4150
f 4153 4155 4149
f 4149 4155 4156
f 3613 4155 4153
f 4096 4157 4151
f 4151 4157 4152
f 4104 4158 4154
f 4154 4158 4137
f 4091 4159 4141
f 4142 4159 4160
f 4141 4159 4142
f 4157 4161 4152
f 4152 4161 4162
f 4096 4161 4157
f 4114 4161 4096
f 4110 4163 4104
f 4104 4163 4158
f 4158 4163 4137
f 4091 4164 4159
f 4160 4164 4165
f 4159 4164 4160
f 3613 4166 4155
f 4155 4166 4156
f 4156 4166 4167
f 3614 4166 3613
f 4117 4168 4110
f 4110 4168 4163
f 4163 4168 4137
f 4091 4169 4164
f 4164 4169 4165
f 3614 4170 4166
f 4166 4170 4167
f 4161 4171 4162
f 4120 4171 4114
f 4114 4171 4161
f 4169 4172 4165
f 4091 4172 4169
f 4165 4172 4173
f 4120 4174 4171
f 4171 4174 4162
f 4091 4175 4172
f 4172 4175 4173
f 4173 4175 4176
f 4167 4177 4178
f 4170 4177 4167
f 3614 4177 4170
f 3615 4177 3614
f 4162 4179 4180
f 4128 4179 4120
f 4120 4179 4174
f 4174 4179 4162
f 4133 4181 4128
f 4179 4181 4180
f 4128 4181 4179
f 4181 4182 4180
f 4133 4182 4181
f 4137 4183 4091
f 4091 4183 4175
f 4175 4183 4176
f 4176 4183 4184
f 4177 4185 4178
f 3616 4185 3615
f 3615 4185 4177
f 4133 4186 4182
f 4180 4186 4187
f 4182 4186 4180
f 4117 4188 4168
f 4130 4188 4117
f 4137 4188 4189
f 4168 4188 4137
f 4185 4190 4178
f 3616 4190 4185
f 4190 4191 4178
f 3616 4191 4190
f 4178 4191 4192
f 4191 4193 4192
f 3616 4193 4191
f 4192 4193 4194
f 3617 4193 3616
f 4133 4195 4186
f 4187 4195 4196
f 4186 4195 4187
f 4142 4195 4133
f 4130 4197 4188
f 4147 4197 4130
f 4188 4197 4189
f 4193 4198 4194
f 3617 4198 4193
f 4197 4199 4189
f 4149 4199 4147
f 4147 4199 4197
f 4194 4200 4201
f 4198 4200 4194
f 3617 4200 4198
f 4142 4202 4195
f 4195 4202 4196
f 4199 4203 4189
f 4149 4203 4199
f 4184 4204 4205
f 4137 4204 4183
f 4183 4204 4184
f 4196 4206 4207
f 4202 4206 4196
f 4142 4206 4202
f 4160 4206 4142
f 4203 4208 4189
f 4149 4208 4203
f 4156 4208 4149
f 4204 4209 4205
f 4137 4209 4204
f 4205 4209 4210
f 3617 4211 4200
f 4201 4211 4212
f 4200 4211 4201
f 3618 4211 3617
f 4208 4213 4189
f 4156 4213 4208
f 4167 4213 4156
f 4209 4214 4210
f 4137 4214 4209
f 4211 4215 4212
f 3618 4215 4211
f 4206 4216 4207
f 4165 4216 4160
f 4160 4216 4206
f 4214 4217 4210
f 4210 4217 4218
f 4137 4217 4214
f 4216 4219 4207
f 4165 4219 4216
f 4212 4220 4221
f 4215 4220 4212
f 3618 4220 4215
f 3619 4220 3618
f 4218 4222 4223
f 4217 4222 4218
f 4137 4222 4217
f 4207 4224 4225
f 4219 4224 4207
f 4165 4224 4219
f 4173 4224 4165
f 4224 4226 4225
f 4173 4226 4224
f 4176 4226 4173
f 4226 4227 4225
f 4176 4227 4226
f 4220 4228 4221
f 3620 4228 3619
f 3619 4228 4220
f 4189 4229 4230
f 4213 4229 4189
f 4167 4229 4213
f 4178 4229 4167
f 4228 4231 4221
f 3620 4231 4228
f 4225 4232 4233
f 4227 4232 4225
f 4176 4232 4227
f 3620 4234 4231
f 4221 4234 4235
f 4231 4234 4221
f 4223 4236 4237
f 4189 4236 4137
f 4222 4236 4223
f 4137 4236 4222
f 3620 4238 4234
f 3621 4238 3620
f 4234 4238 4235
f 4235 4238 4239
f 4229 4240 4230
f 4192 4240 4178
f 4178 4240 4229
f 4238 4241 4239
f 3621 4241 4238
f 4176 4242 4232
f 4233 4242 4243
f 4232 4242 4233
f 4184 4242 4176
f 4240 4244 4230
f 4192 4244 4240
f 4194 4244 4192
f 4241 4245 4239
f 4239 4245 4246
f 3621 4245 4241
f 4194 4247 4244
f 4244 4247 4230
f 4237 4248 4249
f 4236 4248 4237
f 4189 4248 4236
f 4242 4250 4243
f 4184 4250 4242
f 3621 4251 4245
f 4245 4251 4246
f 4246 4251 4252
f 3622 4251 3621
f 4201 4253 4194
f 4194 4253 4247
f 4247 4253 4230
f 4189 4254 4248
f 4248 4254 4249
f 4249 4254 4255
f 4205 4256 4184
f 4184 4256 4250
f 4250 4256 4243
f 4251 4257 4252
f 3622 4257 4251
f 4212 4258 4201
f 4201 4258 4253
f 4253 4258 4230
f 4189 4259 4254
f 4254 4259 4255
f 4189 4260 4259
f 4255 4260 4261
f 4259 4260 4255
f 4243 4262 4263
f 4205 4262 4256
f 4256 4262 4243
f 4210 4262 4205
f 4257 4264 4252
f 4252 4264 4265
f 3622 4264 4257
f 3623 4264 3622
f 4261 4266 4267
f 4260 4266 4261
f 4189 4266 4260
f 4210 4268 4262
f 4262 4268 4263
f 4218 4269 4210
f 4210 4269 4268
f 4268 4269 4263
f 4264 4270 4265
f 3623 4270 4264
f 3624 4270 3623
f 4223 4271 4218
f 4263 4271 4272
f 4218 4271 4269
f 4269 4271 4263
f 4271 4273 4272
f 4223 4273 4271
f 4270 4274 4265
f 3624 4274 4270
f 4221 4275 4212
f 4212 4275 4258
f 4230 4275 4276
f 4258 4275 4230
f 4265 4277 4278
f 4274 4277 4265
f 3624 4277 4274
f 4272 4279 4280
f 4237 4279 4223
f 4273 4279 4272
f 4223 4279 4273
f 4230 4281 4189
f 4189 4281 4266
f 4267 4281 4282
f 4266 4281 4267
f 4278 4283 4284
f 4277 4283 4278
f 3624 4283 4277
f 3625 4283 3624
f 3625 4285 4283
f 4283 4285 4284
f 4235 4286 4221
f 4275 4286 4276
f 4221 4286 4275
f 4284 4287 4288
f 4285 4287 4284
f 3625 4287 4285
f 4235 4289 4286
f 4286 4289 4276
f 4239 4289 4235
f 4280 4290 4291
f 4237 4290 4279
f 4279 4290 4280
f 4289 4292 4276
f 4239 4292 4289
f 4287 4293 4288
f 4288 4293 4294
f 3625 4293 4287
f 3626 4293 3625
f 4282 4295 4296
f 4281 4295 4282
f 4230 4295 4281
f 4239 4297 4292
f 4292 4297 4276
f 4246 4297 4239
f 4290 4298 4291
f 4237 4298 4290
f 4293 4299 4294
f 3626 4299 4293
f 4295 4300 4296
f 4296 4300 4301
f 4230 4300 4295
f 4297 4302 4276
f 4246 4302 4297
f 4252 4302 4246
f 4298 4303 4291
f 4237 4303 4298
f 4249 4303 4237
f 4230 4304 4300
f 4300 4304 4301
f 3626 4305 4299
f 4299 4305 4294
f 4294 4305 4306
f 3627 4305 3626
f 4230 4307 4304
f 4304 4307 4301
f 4301 4307 4308
f 4230 4309 4307
f 4307 4309 4308
f 4308 4309 4310
f 4291 4311 4312
f 4249 4311 4303
f 4255 4311 4249
f 4303 4311 4291
f 4311 4313 4312
f 4255 4313 4311
f 4261 4314 4255
f 4313 4314 4312
f 4255 4314 4313
f 4305 4315 4306
f 3627 4315 4305
f 3628 4315 3627
f 4312 4316 4317
f 4267 4316 4261
f 4314 4316 4312
f 4261 4316 4314
f 4315 4318 4306
f 3628 4318 4315
f 4276 4319 4320
f 4302 4319 4276
f 4252 4319 4302
f 4265 4319 4252
f 4316 4321 4317
f 4267 4321 4316
f 4318 4322 4306
f 3628 4322 4318
f 4306 4322 4323
f 4317 4324 4325
f 4321 4324 4317
f 4282 4324 4267
f 4267 4324 4321
f 3628 4326 4322
f 4322 4326 4323
f 4323 4326 4327
f 3629 4326 3628
f 4276 4328 4230
f 4230 4328 4309
f 4309 4328 4310
f 4310 4328 4329
f 3629 4330 4326
f 4326 4330 4327
f 4319 4331 4320
f 4278 4331 4265
f 4265 4331 4319
f 3629 4332 4330
f 4330 4332 4327
f 4327 4332 4333
f 4284 4334 4278
f 4331 4334 4320
f 4278 4334 4331
f 4284 4335 4334
f 4334 4335 4320
f 4325 4336 4337
f 4324 4336 4325
f 4282 4336 4324
f 3630 4338 3629
f 3629 4338 4332
f 4333 4338 4339
f 4332 4338 4333
f 4276 4340 4328
f 4328 4340 4329
f 4329 4340 4341
f 4335 4342 4320
f 4284 4342 4335
f 4288 4342 4284
f 4338 4343 4339
f 3630 4343 4338
f 4341 4344 4345
f 4340 4344 4341
f 4276 4344 4340
f 4342 4346 4320
f 4288 4346 4342
f 4294 4346 4288
f 4282 4347 4336
f 4336 4347 4337
f 4344 4348 4345
f 4276 4348 4344
f 4347 4349 4337
f 4282 4349 4347
f 4296 4349 4282
f 3631 4350 3630
f 4339 4350 4351
f 4343 4350 4339
f 3630 4350 4343
f 4276 4352 4348
f 4345 4352 4353
f 4348 4352 4345
f 4276 4354 4352
f 4352 4354 4353
f 4353 4354 4355
f 4337 4356 4357
f 4349 4356 4337
f 4301 4356 4296
f 4296 4356 4349
f 4301 4358 4356
f 4356 4358 4357
f 4358 4359 4357
f 4301 4359 4358
f 4308 4359 4301
f 3632 4360 3631
f 4350 4360 4351
f 3631 4360 4350
f 4357 4361 4362
f 4359 4361 4357
f 4308 4361 4359
f 4310 4361 4308
f 3632 4363 4360
f 4360 4363 4351
f 4294 4364 4346
f 4320 4364 4365
f 4346 4364 4320
f 4306 4364 4294
f 4361 4366 4362
f 4310 4366 4361
f 4351 4367 4368
f 4363 4367 4351
f 3632 4367 4363
f 4362 4369 4370
f 4366 4369 4362
f 4310 4369 4366
f 4329 4369 4310
f 3633 4371 3632
f 4368 4371 4372
f 4367 4371 4368
f 3632 4371 4367
f 4320 4373 4276
f 4355 4373 4374
f 4276 4373 4354
f 4354 4373 4355
f 3633 4375 4371
f 4371 4375 4372
f 4323 4376 4306
f 4364 4376 4365
f 4306 4376 4364
f 4372 4377 4378
f 3633 4377 4375
f 4375 4377 4372
f 4376 4379 4365
f 4327 4379 4323
f 4323 4379 4376
f 4379 4380 4365
f 4327 4380 4379
f 4370 4381 4382
f 4329 4381 4369
f 4369 4381 4370
f 3634 4383 3633
f 4378 4383 4384
f 4377 4383 4378
f 3633 4383 4377
f 4320 4385 4373
f 4374 4385 4386
f 4373 4385 4374
f 4380 4387 4365
f 4327 4387 4380
f 4333 4387 4327
f 3634 4388 4383
f 4383 4388 4384
f 4386 4389 4390
f 4320 4389 4385
f 4385 4389 4386
f 4333 4391 4387
f 4387 4391 4365
f 4339 4391 4333
f 4381 4392 4382
f 4329 4392 4381
f 4320 4393 4389
f 4389 4393 4390
f 4329 4394 4392
f 4392 4394 4382
f 4341 4394 4329
f 3635 4395 3634
f 3634 4395 4388
f 4384 4395 4396
f 4388 4395 4384
f 4393 4397 4390
f 4320 4397 4393
f 4390 4397 4398
f 4320 4399 4397
f 4397 4399 4398
f 4398 4399 4400
f 4345 4401 4341
f 4394 4401 4382
f 4382 4401 4402
f 4341 4401 4394
f 4401 4403 4402
f 4345 4403 4401
f 4403 4404 4402
f 4345 4404 4403
f 4353 4404 4345
f 3636 4405 3635
f 3635 4405 4395
f 4395 4405 4396
f 4404 4406 4402
f 4402 4406 4407
f 4353 4406 4404
f 4355 4406 4353
f 3636 4408 4405
f 4405 4408 4396
f 4351 4409 4339
f 4339 4409 4391
f 4391 4409 4365
f 4365 4409 4410
f 4406 4411 4407
f 4355 4411 4406
f 4396 4412 4413
f 3636 4412 4408
f 4408 4412 4396
f 4407 4414 4415
f 4374 4414 4355
f 4355 4414 4411
f 4411 4414 4407
f 4320 4416 4399
f 4365 4416 4320
f 4399 4416 4400
f 4400 4416 4417
f 3637 4418 3636
f 3636 4418 4412
f 4413 4418 4419
f 4412 4418 4413
f 3637 4420 4418
f 4418 4420 4419
f 4368 4421 4351
f 4409 4421 4410
f 4351 4421 4409
f 3637 4422 4420
f 4419 4422 4423
f 4420 4422 4419
f 4372 4424 4368
f 4368 4424 4421
f 4421 4424 4410
f 4372 4425 4424
f 4424 4425 4410
f 4414 4426 4415
f 4415 4426 4427
f 4374 4426 4414
f 4417 4428 4429
f 4365 4428 4416
f 4416 4428 4417
f 4372 4430 4425
f 4378 4430 4372
f 4425 4430 4410
f 3638 4431 3637
f 4423 4431 4432
f 3637 4431 4422
f 4422 4431 4423
f 4429 4433 4434
f 4365 4433 4428
f 4428 4433 4429
f 4426 4435 4427
f 4374 4435 4426
f 4378 4436 4430
f 4384 4436 4378
f 4430 4436 4410
f 3638 4437 4431
f 4431 4437 4432
f 4365 4438 4433
f 4433 4438 4434
f 4374 4439 4435
f 4386 4439 4374
f 4435 4439 4427
f 4438 4440 4434
f 4434 4440 4441
f 4365 4440 4438
f 4437 4442 4432
f 3639 4442 3638
f 3638 4442 4437
f 4432 4442 4443
f 4365 4444 4440
f 4440 4444 4441
f 4441 4444 4445
f 4390 4446 4386
f 4427 4446 4447
f 4439 4446 4427
f 4386 4446 4439
f 4390 4448 4446
f 4446 4448 4447
f 4448 4449 4447
f 4398 4449 4390
f 4390 4449 4448
f 3640 4450 3639
f 4442 4450 4443
f 3639 4450 4442
f 4447 4451 4452
f 4449 4451 4447
f 4398 4451 4449
f 4400 4451 4398
f 4451 4453 4452
f 4400 4453 4451
f 4436 4454 4410
f 4396 4454 4384
f 4410 4454 4455
f 4384 4454 4436
f 3640 4456 4450
f 4450 4456 4443
f 4452 4457 4458
f 4453 4457 4452
f 4400 4457 4453
f 4417 4457 4400
f 4456 4459 4443
f 3640 4459 4456
f 4443 4459 4460
f 4365 4461 4444
f 4444 4461 4445
f 4410 4461 4365
f 4445 4461 4462
f 3641 4463 3640
f 3640 4463 4459
f 4460 4463 4464
f 4459 4463 4460
f 4413 4465 4396
f 4454 4465 4455
f 4396 4465 4454
f 3641 4466 4463
f 4463 4466 4464
f 4464 4466 4467
f 4413 4468 4465
f 4419 4468 4413
f 4465 4468 4455
f 4458 4469 4470
f 4457 4469 4458
f 4417 4469 4457
f 3641 4471 4466
f 4466 4471 4467
f 4419 4472 4468
f 4468 4472 4455
f 4410 4473 4461
f 4461 4473 4462
f 4462 4473 4474
f 4423 4475 4419
f 4419 4475 4472
f 4472 4475 4455
f 4469 4476 4470
f 4417 4476 4469
f 4410 4477 4473
f 4474 4477 4478
f 4473 4477 4474
f 4432 4479 4423
f 4423 4479 4475
f 4475 4479 4455
f 3642 4480 3641
f 3641 4480 4471
f 4471 4480 4467
f 4429 4481 4417
f 4417 4481 4476
f 4476 4481 4470
f 4477 4482 4478
f 4410 4482 4477
f 4482 4483 4478
f 4478 4483 4484
f 4410 4483 4482
f 4470 4485 4486
f 4434 4485 4429
f 4481 4485 4470
f 4429 4485 4481
f 4483 4487 4484
f 4484 4487 4488
f 4410 4487 4483
f 4434 4489 4485
f 4485 4489 4486
f 3643 4490 3642
f 3642 4490 4480
f 4480 4490 4467
f 4467 4490 4491
f 4441 4492 4434
f 4489 4492 4486
f 4434 4492 4489
f 4486 4493 4494
f 4492 4493 4486
f 4445 4493 4441
f 4441 4493 4492
f 3643 4495 4490
f 4490 4495 4491
f 4445 4496 4493
f 4493 4496 4494
f 4491 4497 4498
f 4495 4497 4491
f 3644 4497 3643
f 3643 4497 4495
f 4443 4499 4432
f 4432 4499 4479
f 4455 4499 4500
f 4479 4499 4455
f 4494 4501 4502
f 4445 4501 4496
f 4496 4501 4494
f 4462 4501 4445
f 4498 4503 4504
f 4497 4503 4498
f 3644 4503 4497
f 4410 4505 4487
f 4487 4505 4488
f 4455 4505 4410
f 4488 4505 4506
f 3644 4507 4503
f 4503 4507 4504
f 4504 4508 4509
f 4507 4508 4504
f 3645 4508 3644
f 3644 4508 4507
f 4499 4510 4500
f 4460 4510 4443
f 4443 4510 4499
f 4501 4511 4502
f 4462 4511 4501
f 4502 4511 4512
f 4460 4513 4510
f 4510 4513 4500
f 4509 4514 4515
f 3645 4514 4508
f 4508 4514 4509
f 4513 4516 4500
f 4460 4516 4513
f 4464 4516 4460
f 4455 4517 4505
f 4505 4517 4506
f 4506 4517 4518
f 4514 4519 4515
f 3645 4519 4514
f 4511 4520 4512
f 4462 4520 4511
f 4516 4521 4500
f 4467 4521 4464
f 4464 4521 4516
f 4455 4522 4517
f 4518 4522 4523
f 4517 4522 4518
f 4462 4524 4520
f 4520 4524 4512
f 4474 4524 4462
f 4455 4525 4522
f 4522 4525 4523
f 3646 4526 3645
f 3645 4526 4519
f 4519 4526 4515
f 4455 4527 4525
f 4525 4527 4523
f 4523 4527 4528
f 4474 4529 4524
f 4478 4529 4474
f 4524 4529 4512
f 4512 4529 4530
f 4455 4531 4527
f 4528 4531 4532
f 4527 4531 4528
f 4478 4533 4529
f 4529 4533 4530
f 4467 4534 4521
f 4521 4534 4500
f 4500 4534 4535
f 4491 4534 4467
f 4478 4536 4533
f 4484 4536 4478
f 4533 4536 4530
f 4515 4537 4538
f 3647 4537 3646
f 3646 4537 4526
f 4526 4537 4515
f 4536 4539 4530
f 4488 4539 4484
f 4484 4539 4536
f 4530 4539 4540
f 3647 4541 4537
f 4537 4541 4538
f 4488 4542 4539
f 4539 4542 4540
f 3647 4543 4541
f 3648 4543 3647
f 4538 4543 4544
f 4541 4543 4538
f 4488 4545 4542
f 4506 4545 4488
f 4540 4545 4546
f 4542 4545 4540
f 3648 4547 4543
f 4543 4547 4544
f 4544 4547 4548
f 4532 4549 4550
f 4531 4549 4532
f 4500 4549 4455
f 4455 4549 4531
f 3648 4551 4547
f 4547 4551 4548
f 4498 4552 4491
f 4491 4552 4534
f 4534 4552 4535
f 4551 4553 4548
f 3649 4553 3648
f 3648 4553 4551
f 4548 4553 4554
f 4504 4555 4498
f 4552 4555 4535
f 4498 4555 4552
f 4506 4556 4545
f 4545 4556 4546
f 4546 4556 4557
f 4504 4558 4555
f 4555 4558 4535
f 3649 4559 4553
f 4553 4559 4554
f 4554 4559 4560
f 4509 4561 4504
f 4504 4561 4558
f 4558 4561 4535
f 4550 4562 4563
f 4500 4562 4549
f 4549 4562 4550
f 3649 4564 4559
f 4559 4564 4560
f 4506 4565 4556
f 4556 4565 4557
f 4515 4566 4509
f 4509 4566 4561
f 4561 4566 4535
f 4500 4567 4562
f 4562 4567 4563
f 4506 4568 4565
f 4565 4568 4557
f 4518 4568 4506
f 4563 4569 4570
f 4567 4569 4563
f 4500 4569 4567
f 3650 4571 3649
f 4564 4571 4560
f 3649 4571 4564
f 4570 4572 4573
f 4569 4572 4570
f 4500 4572 4569
f 4568 4574 4557
f 4523 4574 4518
f 4518 4574 4568
f 4557 4574 4575
f 4523 4576 4574
f 4574 4576 4575
f 4538 4577 4515
f 4515 4577 4566
f 4566 4577 4535
f 4535 4577 4578
f 4523 4579 4576
f 4576 4579 4575
f 4528 4579 4523
f 3651 4580 3650
f 4560 4580 4581
f 3650 4580 4571
f 4571 4580 4560
f 4573 4582 4583
f 4572 4582 4573
f 4500 4582 4572
f 4535 4582 4500
f 4532 4584 4528
f 4579 4584 4575
f 4528 4584 4579
f 4575 4584 4585
f 4580 4586 4581
f 3651 4586 4580
f 4532 4587 4584
f 4584 4587 4585
f 3652 4588 3651
f 4581 4588 4589
f 4586 4588 4581
f 3651 4588 4586
f 4589 4590 4591
f 3652 4590 4588
f 4588 4590 4589
f 4587 4592 4585
f 4550 4592 4532
f 4532 4592 4587
f 4585 4592 4593
f 3652 4594 4590
f 4590 4594 4591
f 4577 4595 4578
f 4544 4595 4538
f 4538 4595 4577
f 4594 4596 4591
f 3653 4596 3652
f 3652 4596 4594
f 4591 4596 4597
f 4548 4598 4544
f 4544 4598 4595
f 4595 4598 4578
f 4548 4599 4598
f 4598 4599 4578
f 3653 4600 4596
f 4596 4600 4597
f 4597 4600 4601
f 4592 4602 4593
f 4593 4602 4603
f 4550 4602 4592
f 4583 4604 4605
f 4582 4604 4583
f 4535 4604 4582
f 4599 4606 4578
f 4548 4606 4599
f 4554 4606 4548
f 3653 4607 4600
f 4600 4607 4601
f 4535 4608 4604
f 4605 4608 4609
f 4604 4608 4605
f 4606 4610 4578
f 4554 4610 4606
f 4560 4610 4554
f 4535 4611 4608
f 4608 4611 4609
f 4550 4612 4602
f 4602 4612 4603
f 3654 4613 3653
f 3653 4613 4607
f 4607 4613 4601
f 4611 4614 4609
f 4535 4614 4611
f 4609 4614 4615
f 4563 4616 4550
f 4550 4616 4612
f 4612 4616 4603
f 4535 4617 4614
f 4614 4617 4615
f 4615 4617 4618
f 4570 4619 4563
f 4563 4619 4616
f 4616 4619 4603
f 4603 4619 4620
f 4578 4621 4622
f 4610 4621 4578
f 4560 4621 4610
f 4581 4621 4560
f 4573 4623 4570
f 4570 4623 4619
f 4619 4623 4620
f 3655 4624 3654
f 3654 4624 4613
f 4601 4624 4625
f 4613 4624 4601
f 4573 4626 4623
f 4623 4626 4620
f 4535 4627 4617
f 4617 4627 4618
f 4578 4627 4535
f 4618 4627 4628
f 3655 4629 4624
f 4624 4629 4625
f 3656 4630 3655
f 3655 4630 4629
f 4629 4630 4625
f 4625 4630 4631
f 4573 4632 4626
f 4626 4632 4620
f 4620 4632 4633
f 3656 4634 4630
f 4631 4634 4635
f 4630 4634 4631
f 3656 4636 4634
f 4634 4636 4635
f 3657 4637 3656
f 3656 4637 4636
f 4635 4637 4638
f 4636 4637 4635
f 4621 4639 4622
f 4589 4639 4581
f 4581 4639 4621
f 4583 4640 4573
f 4573 4640 4632
f 4633 4640 4641
f 4632 4640 4633
f 4589 4642 4639
f 4591 4642 4589
f 4639 4642 4622
f 4638 4643 4644
f 3657 4643 4637
f 4637 4643 4638
f 4642 4645 4622
f 4591 4645 4642
f 4640 4646 4641
f 4583 4646 4640
f 4578 4647 4627
f 4627 4647 4628
f 4628 4647 4648
f 3657 4649 4643
f 4643 4649 4644
f 4645 4650 4622
f 4591 4650 4645
f 4597 4650 4591
f 4583 4651 4646
f 4605 4651 4583
f 4646 4651 4641
f 4641 4651 4652
f 4647 4653 4648
f 4578 4653 4647
f 4648 4653 4654
f 4650 4655 4622
f 4597 4655 4650
f 4601 4655 4597
f 4649 4656 4644
f 3658 4656 3657
f 3657 4656 4649
f 4653 4657 4654
f 4578 4657 4653
f 4578 4658 4657
f 4657 4658 4654
f 4654 4658 4659
f 4605 4660 4651
f 4651 4660 4652
f 4609 4660 4605
f 4578 4661 4658
f 4658 4661 4659
f 4659 4661 4662
f 4609 4663 4660
f 4660 4663 4652
f 4609 4664 4663
f 4615 4664 4609
f 4663 4664 4652
f 4652 4664 4665
f 4622 4666 4667
f 4655 4666 4622
f 4601 4666 4655
f 4625 4666 4601
f 4644 4668 4669
f 4656 4668 4644
f 3659 4668 3658
f 3658 4668 4656
f 4615 4670 4664
f 4664 4670 4665
f 4618 4670 4615
f 3659 4671 4668
f 4668 4671 4669
f 4622 4672 4578
f 4578 4672 4661
f 4661 4672 4662
f 4662 4672 4673
f 4670 4674 4665
f 4618 4674 4670
f 4669 4675 4676
f 4671 4675 4669
f 3659 4675 4671
f 3660 4675 3659
f 4618 4677 4674
f 4674 4677 4665
f 4665 4677 4678
f 4676 4679 4680
f 4675 4679 4676
f 3660 4679 4675
f 4679 4681 4680
f 3660 4681 4679
f 4680 4682 4683
f 4681 4682 4680
f 3661 4682 3660
f 3660 4682 4681
f 4666 4684 4667
f 4625 4684 4666
f 4631 4684 4625
f 4684 4685 4667
f 4635 4685 4631
f 4631 4685 4684
f 4618 4686 4677
f 4628 4686 4618
f 4677 4686 4678
f 4678 4686 4687
f 4683 4688 4689
f 4682 4688 4683
f 3661 4688 4682
f 4685 4690 4667
f 4635 4690 4685
f 3661 4691 4688
f 4688 4691 4689
f 4622 4692 4672
f 4673 4692 4693
f 4672 4692 4673
f 4690 4694 4667
f 4635 4694 4690
f 4638 4694 4635
f 4628 4695 4686
f 4686 4695 4687
f 4692 4696 4693
f 4693 4696 4697
f 4622 4696 4692
f 4644 4698 4638
f 4638 4698 4694
f 4694 4698 4667
f 4628 4699 4695
f 4695 4699 4687
f 4687 4699 4700
f 4648 4699 4628
f 3662 4701 3661
f 4691 4701 4689
f 3661 4701 4691
f 4622 4702 4696
f 4696 4702 4697
f 4622 4703 4702
f 4702 4703 4697
f 4697 4703 4704
f 4699 4705 4700
f 4648 4705 4699
f 4654 4705 4648
f 4622 4706 4703
f 4703 4706 4704
f 4704 4706 4707
f 4705 4708 4700
f 4654 4708 4705
f 4669 4709 4644
f 4644 4709 4698
f 4698 4709 4667
f 4667 4709 4710
f 4708 4711 4700
f 4654 4711 4708
f 4659 4711 4654
f 4700 4711 4712
f 4701 4713 4689
f 3662 4713 4701
f 4689 4713 4714
f 3663 4713 3662
f 4659 4715 4711
f 4711 4715 4712
f 4662 4715 4659
f 4713 4716 4714
f 3663 4716 4713
f 4667 4717 4622
f 4622 4717 4706
f 4707 4717 4718
f 4706 4717 4707
f 4715 4719 4712
f 4662 4719 4715
f 3664 4720 3663
f 4716 4720 4714
f 3663 4720 4716
f 4714 4720 4721
f 4719 4722 4712
f 4662 4722 4719
f 4712 4722 4723
f 4721 4724 4725
f 3664 4724 4720
f 4720 4724 4721
f 3664 4726 4724
f 4724 4726 4725
f 3665 4727 3664
f 4725 4727 4728
f 3664 4727 4726
f 4726 4727 4725
f 4676 4729 4669
f 4669 4729 4709
f 4709 4729 4710
f 4680 4730 4676
f 4676 4730 4729
f 4729 4730 4710
f 4662 4731 4722
f 4722 4731 4723
f 4673 4731 4662
f 4723 4731 4732
f 4728 4733 4734
f 3665 4733 4727
f 4727 4733 4728
f 4680 4735 4730
f 4730 4735 4710
f 3665 4736 4733
f 4733 4736 4734
f 4667 4737 4717
f 4717 4737 4718
f 4718 4737 4738
f 4680 4739 4735
f 4683 4739 4680
f 4735 4739 4710
f 4673 4740 4731
f 4731 4740 4732
f 4737 4741 4738
f 4738 4741 4742
f 4667 4741 4737
f 4739 4743 4710
f 4683 4743 4739
f 4689 4743 4683
f 4740 4744 4732
f 4693 4744 4673
f 4673 4744 4740
f 4732 4744 4745
f 3666 4746 3665
f 3665 4746 4736
f 4736 4746 4734
f 4667 4747 4741
f 4741 4747 4742
f 4667 4748 4747
f 4742 4748 4749
f 4747 4748 4742
f 4744 4750 4745
f 4697 4750 4693
f 4693 4750 4744
f 4667 4751 4748
f 4749 4751 4752
f 4748 4751 4749
f 4750 4753 4745
f 4697 4753 4750
f 4743 4754 4710
f 4689 4754 4743
f 4714 4754 4689
f 4710 4754 4755
f 4697 4756 4753
f 4753 4756 4745
f 4704 4756 4697
f 4745 4756 4757
f 4746 4758 4734
f 3667 4758 3666
f 3666 4758 4746
f 4734 4758 4759
f 4707 4760 4704
f 4704 4760 4756
f 4756 4760 4757
f 3667 4761 4758
f 4758 4761 4759
f 4667 4762 4751
f 4751 4762 4752
f 4752 4762 4763
f 4710 4762 4667
f 4707 4764 4760
f 4760 4764 4757
f 3668 4765 3667
f 3667 4765 4761
f 4761 4765 4759
f 4759 4765 4766
f 4707 4767 4764
f 4764 4767 4757
f 4757 4767 4768
f 3708 4769 3669
f 3669 4769 3668
f 3668 4769 4765
f 4765 4769 4766
f 3709 4769 3708
f 4766 4769 3710
f 3710 4769 3709
f 4754 4770 4755
f 4714 4770 4754
f 4721 4770 4714
f 4770 4771 4755
f 4725 4771 4721
f 4721 4771 4770
f 4718 4772 4707
f 4707 4772 4767
f 4767 4772 4768
f 4768 4772 4773
f 4725 4774 4771
f 4771 4774 4755
f 4710 4775 4762
f 4763 4775 4776
f 4762 4775 4763
f 4728 4777 4725
f 4725 4777 4774
f 4774 4777 4755
f 4718 4778 4772
f 4772 4778 4773
f 4775 4779 4776
f 4710 4779 4775
f 4776 4779 4780
f 4734 4781 4728
f 4728 4781 4777
f 4777 4781 4755
f 4718 4782 4778
f 4773 4782 4783
f 4738 4782 4718
f 4778 4782 4773
f 4710 4784 4779
f 4779 4784 4780
f 4710 4785 4784
f 4784 4785 4780
f 4780 4785 4786
f 4742 4787 4738
f 4738 4787 4782
f 4782 4787 4783
f 4710 4788 4785
f 4786 4788 4789
f 4785 4788 4786
f 4787 4790 4783
f 4742 4790 4787
f 4749 4791 4742
f 4790 4791 4783
f 4783 4791 4792
f 4742 4791 4790
f 4755 4793 3721
f 4759 4793 4734
f 4781 4793 4755
f 4734 4793 4781
f 4749 4794 4791
f 4791 4794 4792
f 4752 4794 4749
f 4788 4795 4789
f 4755 4795 4710
f 4789 4795 4796
f 4710 4795 4788
f 4752 4797 4794
f 4794 4797 4792
f 4752 4798 4797
f 4797 4798 4792
f 4792 4798 4799
f 4759 4800 4793
f 4766 4800 4759
f 4793 4800 3721
f 4752 4801 4798
f 4798 4801 4799
f 4763 4801 4752
f 4799 4801 4802
f 4766 4803 4800
f 4800 4803 3721
f 3710 4803 4766
f 3712 4804 3710
f 3721 4804 3716
f 3716 4804 3712
f 3710 4804 4803
f 4803 4804 3721
f 4755 4805 4795
f 4795 4805 4796
f 4796 4805 4806
f 4801 4807 4802
f 4763 4807 4801
f 4776 4808 4763
f 4802 4808 4809
f 4763 4808 4807
f 4807 4808 4802
f 4805 4810 4806
f 4755 4810 4805
f 4806 4810 4811
f 4755 4812 4810
f 4810 4812 4811
f 4808 4813 4809
f 4776 4813 4808
f 4780 4813 4776
f 4812 4814 4811
f 4811 4814 4815
f 4755 4814 4812
f 4813 4816 4809
f 4780 4816 4813
f 4814 4817 4815
f 4755 4817 4814
f 4815 4817 4818
f 4816 4819 4809
f 4780 4819 4816
f 4809 4819 4820
f 4786 4819 4780
f 4819 4821 4820
f 4786 4821 4819
f 4789 4821 4786
f 4821 4822 4820
f 4789 4822 4821
f 3721 4823 4755
f 4818 4823 4824
f 4755 4823 4817
f 4817 4823 4818
f 4822 4825 4820
f 4820 4825 4826
f 4789 4825 4822
f 4826 4827 4828
f 4825 4827 4826
f 4789 4827 4825
f 4796 4827 4789
f 4827 4829 4828
f 4796 4829 4827
f 3721 4830 4823
f 4824 4830 4831
f 4823 4830 4824
f 4828 4832 4833
f 4796 4832 4829
f 4806 4832 4796
f 4829 4832 4828
f 3721 4834 4830
f 4831 4834 3724
f 4830 4834 4831
f 3719 4835 3721
f 3724 4835 3722
f 3721 4835 4834
f 3722 4835 3719
f 4834 4835 3724
f 4832 4836 4833
f 4806 4836 4832
f 4811 4836 4806
f 4811 4837 4836
f 4836 4837 4833
f 4837 4838 4833
f 4815 4838 4811
f 4811 4838 4837
f 4833 4838 4839
f 4838 4840 4839
f 4815 4840 4838
f 4818 4840 4815
f 4840 4841 4839
f 4818 4841 4840
f 4818 4842 4841
f 4841 4842 4839
f 4839 4842 4843
f 4818 4844 4842
f 4842 4844 4843
f 4824 4844 4818
f 4843 4844 4845
f 4824 4846 4844
f 4844 4846 4845
f 4831 4847 4824
f 4846 4847 4845
f 4824 4847 4846
f 4845 4847 4848
f 4831 4849 4847
f 4847 4849 4848
f 3724 4849 4831
f 3727 4849 3725
f 3725 4849 3724
f 4848 4849 3727
f 3733 4850 3731
f 3731 4850 3711
f 3717 4850 3715
f 3711 4850 3717
f 3735 4850 4851
f 3715 4850 3735
f 4850 4852 4851
f 3689 4852 3733
f 3690 4852 3689
f 3733 4852 4850
f 4851 4852 4853
f 3732 4854 3730
f 3690 4854 4852
f 4852 4854 4853
f 3730 4854 3690
f 3734 4854 3732
f 4853 4854 4855
f 3555 4856 3554
f 3734 4856 4854
f 4854 4856 4855
f 3554 4856 3734
f 4856 4857 4855
f 3555 4857 4856
f 4855 4857 4858
f 3556 4859 3555
f 3555 4859 4857
f 4858 4859 4860
f 4857 4859 4858
f 3556 4861 4859
f 4859 4861 4860
f 4860 4861 4862
f 4861 4863 4862
f 3556 4863 4861
f 4863 4864 4862
f 3556 4864 4863
f 4862 4864 4865
f 3557 4866 3556
f 3556 4866 4864
f 4865 4866 4867
f 4864 4866 4865
f 4867 4868 4869
f 4866 4868 4867
f 3557 4868 4866
f 4868 4870 4869
f 3557 4870 4868
f 3557 4871 4870
f 4870 4871 4869
f 4869 4871 4872
f 3558 4873 3557
f 3557 4873 4871
f 4871 4873 4872
f 4872 4873 4874
f 3558 4875 4873
f 4873 4875 4874
f 4874 4875 4876
f 3558 4877 4875
f 4875 4877 4876
f 3558 4878 4877
f 4877 4878 4876
f 4876 4878 4879
f 3558 4880 4878
f 4879 4880 4881
f 3559 4880 3558
f 4878 4880 4879
f 4881 4882 4883
f 4880 4882 4881
f 3559 4882 4880
f 4882 4884 4883
f 3559 4884 4882
f 3559 4885 4884
f 4883 4885 4886
f 4884 4885 4883
f 4885 4887 4886
f 3560 4887 3559
f 3559 4887 4885
f 4886 4887 4888
f 3698 4889 4890
f 3735 4889 3736
f 4851 4889 3735
f 3736 4889 3698
f 4889 4891 4890
f 4890 4891 4892
f 4853 4891 4851
f 4851 4891 4889
f 4891 4893 4892
f 4855 4893 4853
f 4853 4893 4891
f 4888 4894 4895
f 3560 4894 4887
f 4887 4894 4888
f 4893 4896 4892
f 4858 4896 4855
f 4855 4896 4893
f 3560 4897 4894
f 4894 4897 4895
f 4895 4898 4899
f 4897 4898 4895
f 3560 4898 4897
f 4896 4900 4892
f 4892 4900 4901
f 4858 4900 4896
f 4898 4902 4899
f 4899 4902 4903
f 3561 4902 3560
f 3560 4902 4898
f 4858 4904 4900
f 4901 4904 4905
f 4860 4904 4858
f 4900 4904 4901
f 4860 4906 4904
f 4862 4906 4860
f 4904 4906 4905
f 4862 4907 4906
f 4906 4907 4905
f 4903 4908 4909
f 4902 4908 4903
f 3561 4908 4902
f 4907 4910 4905
f 4862 4910 4907
f 4865 4910 4862
f 4908 4911 4909
f 3561 4911 4908
f 4909 4912 4913
f 4911 4912 4909
f 3561 4912 4911
f 4905 4914 4915
f 4865 4914 4910
f 4910 4914 4905
f 4913 4916 4917
f 3562 4916 3561
f 4912 4916 4913
f 3561 4916 4912
f 4914 4918 4915
f 4865 4918 4914
f 4867 4918 4865
f 4915 4918 4919
f 4869 4920 4867
f 4867 4920 4918
f 4918 4920 4919
f 4869 4921 4920
f 4920 4921 4919
f 4917 4922 4923
f 3562 4922 4916
f 4916 4922 4917
f 4869 4924 4921
f 4921 4924 4919
f 4872 4924 4869
f 4922 4925 4923
f 3562 4925 4922
f 4923 4926 4927
f 4925 4926 4923
f 3562 4926 4925
f 4924 4928 4919
f 4872 4928 4924
f 4919 4928 4929
f 4927 4930 4931
f 3563 4930 3562
f 3562 4930 4926
f 4926 4930 4927
f 4929 4932 4933
f 4928 4932 4929
f 4872 4932 4928
f 4874 4932 4872
f 4932 4934 4933
f 4874 4934 4932
f 4876 4934 4874
f 4934 4935 4933
f 4876 4935 4934
f 4931 4936 4937
f 4930 4936 4931
f 3563 4936 4930
f 4935 4938 4933
f 4876 4938 4935
f 4879 4938 4876
f 3563 4939 4936
f 4936 4939 4937
f 4939 4940 4937
f 4937 4940 4941
f 3563 4940 4939
f 4879 4942 4938
f 4938 4942 4933
f 4933 4942 4943
f 4941 4944 4945
f 3564 4944 3563
f 3563 4944 4940
f 4940 4944 4941
f 4943 4946 4947
f 4881 4946 4879
f 4942 4946 4943
f 4879 4946 4942
f 4883 4948 4881
f 4946 4948 4947
f 4881 4948 4946
f 4948 4949 4947
f 4883 4949 4948
f 4945 4950 4951
f 3564 4950 4944
f 4944 4950 4945
f 4886 4952 4883
f 4883 4952 4949
f 4949 4952 4947
f 3564 4953 4950
f 4950 4953 4951
f 3564 4954 4953
f 4951 4954 4955
f 4953 4954 4951
f 4886 4956 4952
f 4952 4956 4947
f 4947 4956 4957
f 4955 4958 4959
f 3564 4958 4954
f 3565 4958 3564
f 4954 4958 4955
f 3699 4960 3737
f 3698 4960 3699
f 3737 4960 3740
f 4890 4960 3698
f 3740 4960 4961
f 4886 4962 4956
f 4956 4962 4957
f 4957 4962 4963
f 4888 4962 4886
f 4890 4964 4960
f 4960 4964 4961
f 4892 4964 4890
f 4962 4965 4963
f 4888 4965 4962
f 4895 4965 4888
f 4901 4966 4892
f 4961 4966 4967
f 4892 4966 4964
f 4964 4966 4961
f 4895 4968 4965
f 4965 4968 4963
f 4958 4969 4959
f 3565 4969 4958
f 4959 4969 4970
f 4899 4971 4895
f 4895 4971 4968
f 4963 4971 4972
f 4968 4971 4963
f 4966 4973 4967
f 4901 4973 4966
f 3565 4974 4969
f 4969 4974 4970
f 4974 4975 4970
f 3565 4975 4974
f 4970 4975 4976
f 4899 4977 4971
f 4971 4977 4972
f 4967 4978 4979
f 4973 4978 4967
f 4901 4978 4973
f 3566 4980 3565
f 3565 4980 4975
f 4975 4980 4976
f 4976 4980 4981
f 4903 4982 4899
f 4899 4982 4977
f 4972 4982 4983
f 4977 4982 4972
f 4901 4984 4978
f 4905 4984 4901
f 4978 4984 4979
f 4979 4984 4985
f 4905 4986 4984
f 4984 4986 4985
f 4903 4987 4982
f 4909 4987 4903
f 4982 4987 4983
f 4915 4988 4905
f 4905 4988 4986
f 4985 4988 4989
f 4986 4988 4985
f 4909 4990 4987
f 4987 4990 4983
f 3566 4991 4980
f 4980 4991 4981
f 4981 4991 4992
f 4913 4993 4909
f 4909 4993 4990
f 4983 4993 4994
f 4990 4993 4983
f 4915 4995 4988
f 4988 4995 4989
f 3566 4996 4991
f 4991 4996 4992
f 4992 4997 4998
f 3566 4997 4996
f 4996 4997 4992
f 4913 4999 4993
f 4993 4999 4994
f 4915 5000 4995
f 4989 5000 5001
f 4995 5000 4989
f 4998 5002 5003
f 3566 5002 4997
f 3567 5002 3566
f 4997 5002 4998
f 4999 5004 4994
f 4994 5004 5005
f 4917 5004 4913
f 4913 5004 4999
f 5000 5006 5001
f 4915 5006 5000
f 5001 5006 5007
f 4919 5006 4915
f 4919 5008 5006
f 5006 5008 5007
f 5004 5009 5005
f 4923 5009 4917
f 4917 5009 5004
f 4919 5010 5008
f 5007 5010 5011
f 5008 5010 5007
f 4929 5010 4919
f 5009 5012 5005
f 4923 5012 5009
f 3567 5013 5002
f 5003 5013 5014
f 5002 5013 5003
f 5005 5015 5016
f 4923 5015 5012
f 4927 5015 4923
f 5012 5015 5005
f 4929 5017 5010
f 5010 5017 5011
f 3567 5018 5013
f 5013 5018 5014
f 5018 5019 5014
f 5014 5019 5020
f 3567 5019 5018
f 5015 5021 5016
f 4927 5021 5015
f 5011 5022 5023
f 5017 5022 5011
f 4929 5022 5017
f 5020 5024 5025
f 5019 5024 5020
f 3568 5024 3567
f 3567 5024 5019
f 5016 5026 5027
f 4931 5026 4927
f 5021 5026 5016
f 4927 5026 5021
f 5023 5028 5029
f 4929 5028 5022
f 4933 5028 4929
f 5022 5028 5023
f 4933 5030 5028
f 5028 5030 5029
f 4931 5031 5026
f 4937 5031 4931
f 5026 5031 5027
f 4933 5032 5030
f 5030 5032 5029
f 5029 5032 5033
f 4943 5032 4933
f 4937 5034 5031
f 5031 5034 5027
f 5025 5035 5036
f 5024 5035 5025
f 3568 5035 5024
f 4937 5037 5034
f 4941 5037 4937
f 5027 5037 5038
f 5034 5037 5027
f 4943 5039 5032
f 5032 5039 5033
f 5035 5040 5036
f 3568 5040 5035
f 5036 5041 5042
f 5040 5041 5036
f 3568 5041 5040
f 4941 5043 5037
f 5037 5043 5038
f 5033 5044 5045
f 5039 5044 5033
f 4943 5044 5039
f 5041 5046 5042
f 5042 5046 5047
f 3569 5046 3568
f 3568 5046 5041
f 4945 5048 4941
f 5043 5048 5038
f 4941 5048 5043
f 5038 5048 5049
f 4947 5050 4943
f 4943 5050 5044
f 5044 5050 5045
f 5045 5050 5051
f 4947 5052 5050
f 5050 5052 5051
f 4951 5053 4945
f 4945 5053 5048
f 5048 5053 5049
f 4947 5054 5052
f 5051 5054 5055
f 4957 5054 4947
f 5052 5054 5051
f 5053 5056 5049
f 4951 5056 5053
f 5046 5057 5047
f 5047 5057 3746
f 3569 5057 5046
f 4955 5058 4951
f 5056 5058 5049
f 4951 5058 5056
f 5054 5059 5055
f 4957 5059 5054
f 5057 5060 3746
f 3569 5060 5057
f 3744 5060 3570
f 3746 5060 3744
f 3570 5060 3569
f 4955 5061 5058
f 5049 5061 5062
f 5058 5061 5049
f 5055 5063 5064
f 4957 5063 5059
f 5059 5063 5055
f 3740 5065 3741
f 3741 5065 3743
f 3743 5065 5066
f 4961 5065 3740
f 4959 5067 4955
f 4955 5067 5061
f 5061 5067 5062
f 5062 5067 5068
f 4957 5069 5063
f 5064 5069 5070
f 4963 5069 4957
f 5063 5069 5064
f 4961 5071 5065
f 5065 5071 5066
f 4967 5071 4961
f 5069 5072 5070
f 4963 5072 5069
f 5067 5073 5068
f 4970 5073 4959
f 4959 5073 5067
f 4963 5074 5072
f 5072 5074 5070
f 5070 5074 5075
f 5071 5076 5066
f 4979 5076 4967
f 5066 5076 5077
f 4967 5076 5071
f 5073 5078 5068
f 4970 5078 5073
f 4970 5079 5078
f 5078 5079 5068
f 4976 5079 4970
f 5075 5080 5081
f 4972 5080 4963
f 5074 5080 5075
f 4963 5080 5074
f 5068 5082 5083
f 4976 5082 5079
f 5079 5082 5068
f 5080 5084 5081
f 4972 5084 5080
f 4979 5085 5076
f 5076 5085 5077
f 4985 5085 4979
f 5085 5086 5077
f 4985 5086 5085
f 5083 5087 5088
f 5082 5087 5083
f 4976 5087 5082
f 4981 5087 4976
f 4983 5089 4972
f 4972 5089 5084
f 5084 5089 5081
f 5081 5089 5090
f 5086 5091 5077
f 4985 5091 5086
f 4989 5091 4985
f 4983 5092 5089
f 5089 5092 5090
f 5087 5093 5088
f 4981 5093 5087
f 4992 5093 4981
f 5090 5094 5095
f 4983 5094 5092
f 5092 5094 5090
f 5091 5096 5077
f 5077 5096 5097
f 5001 5096 4989
f 4989 5096 5091
f 4992 5098 5093
f 5093 5098 5088
f 4998 5099 4992
f 4992 5099 5098
f 5098 5099 5088
f 4994 5100 4983
f 5094 5100 5095
f 4983 5100 5094
f 5095 5100 5101
f 5088 5102 5103
f 4998 5102 5099
f 5099 5102 5088
f 5100 5104 5101
f 4994 5104 5100
f 5096 5105 5097
f 5001 5105 5096
f 5007 5105 5001
f 5105 5106 5097
f 5007 5106 5105
f 5102 5107 5103
f 5003 5107 4998
f 4998 5107 5102
f 5103 5107 5108
f 5005 5109 4994
f 5101 5109 5110
f 5104 5109 5101
f 4994 5109 5104
f 5011 5111 5007
f 5106 5111 5097
f 5007 5111 5106
f 5005 5112 5109
f 5109 5112 5110
f 5107 5113 5108
f 5014 5113 5003
f 5003 5113 5107
f 5005 5114 5112
f 5112 5114 5110
f 5110 5114 5115
f 5023 5116 5011
f 5011 5116 5111
f 5097 5116 5117
f 5111 5116 5097
f 5113 5118 5108
f 5014 5118 5113
f 5118 5119 5108
f 5014 5119 5118
f 5020 5119 5014
f 5016 5120 5005
f 5115 5120 5121
f 5114 5120 5115
f 5005 5120 5114
f 5020 5122 5119
f 5108 5122 5123
f 5119 5122 5108
f 5016 5124 5120
f 5120 5124 5121
f 5029 5125 5023
f 5023 5125 5116
f 5116 5125 5117
f 5029 5126 5125
f 5125 5126 5117
f 5123 5127 5128
f 5025 5127 5020
f 5020 5127 5122
f 5122 5127 5123
f 5027 5129 5016
f 5016 5129 5124
f 5124 5129 5121
f 5121 5129 5130
f 5029 5131 5126
f 5126 5131 5117
f 5033 5131 5029
f 5027 5132 5129
f 5129 5132 5130
f 5025 5133 5127
f 5036 5133 5025
f 5127 5133 5128
f 5027 5134 5132
f 5132 5134 5130
f 5130 5134 5135
f 5045 5136 5033
f 5131 5136 5117
f 5033 5136 5131
f 5117 5136 5137
f 5133 5138 5128
f 5036 5138 5133
f 5042 5139 5036
f 5138 5139 5128
f 5036 5139 5138
f 5038 5140 5027
f 5027 5140 5134
f 5135 5140 5141
f 5134 5140 5135
f 5128 5142 5143
f 5042 5142 5139
f 5139 5142 5128
f 5038 5144 5140
f 5140 5144 5141
f 5051 5145 5045
f 5045 5145 5136
f 5136 5145 5137
f 5051 5146 5145
f 5145 5146 5137
f 5047 5147 5042
f 5142 5147 5143
f 5143 5147 3783
f 5042 5147 5142
f 5141 5148 5149
f 5144 5148 5141
f 5049 5148 5038
f 5038 5148 5144
f 5055 5150 5051
f 5051 5150 5146
f 5146 5150 5137
f 5148 5151 5149
f 5049 5151 5148
f 3746 5152 5047
f 5047 5152 5147
f 5147 5152 3783
f 5151 5153 5149
f 5149 5153 5154
f 5049 5153 5151
f 5064 5155 5055
f 5137 5155 5156
f 5150 5155 5137
f 5055 5155 5150
f 5152 5157 3783
f 3761 5157 3746
f 3783 5157 3761
f 3746 5157 5152
f 5154 5158 5159
f 5062 5158 5049
f 5153 5158 5154
f 5049 5158 5153
f 5158 5160 5159
f 5062 5160 5158
f 5070 5161 5064
f 5155 5161 5156
f 5064 5161 5155
f 5161 5162 5156
f 5070 5162 5161
f 5159 5163 5164
f 5160 5163 5159
f 5062 5163 5160
f 5068 5163 5062
f 5162 5165 5156
f 5075 5165 5070
f 5070 5165 5162
f 5068 5166 5163
f 5163 5166 5164
f 5068 5167 5166
f 5166 5167 5164
f 5164 5167 5168
f 5167 5169 5168
f 5068 5169 5167
f 5083 5169 5068
f 5165 5170 5156
f 5081 5170 5075
f 5156 5170 5171
f 5075 5170 5165
f 5168 5172 5173
f 5169 5172 5168
f 5083 5172 5169
f 5170 5174 5171
f 5090 5174 5081
f 5081 5174 5170
f 5090 5175 5174
f 5174 5175 5171
f 5083 5176 5172
f 5088 5176 5083
f 5173 5176 5177
f 5172 5176 5173
f 5090 5178 5175
f 5175 5178 5171
f 5095 5178 5090
f 5176 5179 5177
f 5088 5179 5176
f 5088 5180 5179
f 5179 5180 5177
f 5103 5180 5088
f 5177 5180 5181
f 5103 5182 5180
f 5180 5182 5181
f 5178 5183 5171
f 5095 5183 5178
f 5171 5183 5184
f 5101 5183 5095
f 5181 5185 5186
f 5103 5185 5182
f 5182 5185 5181
f 5101 5187 5183
f 5110 5187 5101
f 5183 5187 5184
f 5110 5188 5187
f 5187 5188 5184
f 5103 5189 5185
f 5186 5189 5190
f 5185 5189 5186
f 5108 5189 5103
f 5110 5191 5188
f 5188 5191 5184
f 5115 5191 5110
f 5189 5192 5190
f 5108 5192 5189
f 5192 5193 5190
f 5190 5193 5194
f 5108 5193 5192
f 5108 5195 5193
f 5123 5195 5108
f 5193 5195 5194
f 5121 5196 5115
f 5184 5196 5197
f 5115 5196 5191
f 5191 5196 5184
f 5123 5198 5195
f 5194 5198 5199
f 5195 5198 5194
f 5196 5200 5197
f 5130 5200 5121
f 5121 5200 5196
f 5200 5201 5197
f 5130 5201 5200
f 5198 5202 5199
f 5128 5202 5123
f 5123 5202 5198
f 5199 5202 5203
f 5130 5204 5201
f 5201 5204 5197
f 5135 5204 5130
f 5202 5205 5203
f 5128 5205 5202
f 5205 5206 5203
f 5203 5206 5207
f 5128 5206 5205
f 5128 5208 5206
f 5143 5208 5128
f 5206 5208 5207
f 5135 5209 5204
f 5204 5209 5197
f 5197 5209 5210
f 5141 5209 5135
f 5207 5211 5212
f 5208 5211 5207
f 5143 5211 5208
f 5149 5213 5141
f 5141 5213 5209
f 5209 5213 5210
f 5213 5214 5210
f 5149 5214 5213
f 5143 5215 5211
f 5211 5215 5212
f 3783 5215 5143
f 5212 5215 3787
f 5214 5216 5210
f 5154 5216 5149
f 5149 5216 5214
f 5215 5217 3787
f 3783 5217 5215
f 3787 5217 3784
f 3784 5217 3783
f 5159 5218 5154
f 5154 5218 5216
f 5210 5218 5219
f 5216 5218 5210
f 5164 5220 5159
f 5159 5220 5218
f 5218 5220 5219
f 5220 5221 5219
f 5164 5221 5220
f 5168 5222 5164
f 5221 5222 5219
f 5164 5222 5221
f 5173 5223 5168
f 5222 5223 5219
f 5168 5223 5222
f 5219 5223 5224
f 5177 5225 5173
f 5173 5225 5223
f 5223 5225 5224
f 5225 5226 5224
f 5177 5226 5225
f 5177 5227 5226
f 5181 5227 5177
f 5226 5227 5224
f 5186 5228 5181
f 5224 5228 5229
f 5181 5228 5227
f 5227 5228 5224
f 5190 5230 5186
f 5186 5230 5228
f 5228 5230 5229
f 5190 5231 5230
f 5230 5231 5229
f 5190 5232 5231
f 5194 5232 5190
f 5231 5232 5229
f 5229 5233 5234
f 5232 5233 5229
f 5194 5233 5232
f 5199 5233 5194
f 5233 5235 5234
f 5199 5235 5233
f 5203 5235 5199
f 5235 5236 5234
f 5203 5236 5235
f 5236 5237 5234
f 5203 5237 5236
f 5207 5237 5203
f 5212 5238 5207
f 5234 5238 5239
f 5207 5238 5237
f 5237 5238 5234
f 5212 5240 5238
f 5238 5240 5239
f 3787 5240 5212
f 3823 5241 3787
f 5239 5241 3822
f 3787 5241 5240
f 5240 5241 5239
f 3822 5241 3823
f 4243 5242 4233
f 4233 5242 4225
f 4225 5242 4207
f 4207 5242 4196
f 4196 5242 4187
f 4187 5242 4180
f 4180 5242 4162
f 4162 5242 4152
f 4152 5242 4144
f 4144 5242 4135
f 4135 5242 4122
f 4122 5242 4108
f 4108 5242 4102
f 4102 5242 4089
f 4089 5242 4079
f 4079 5242 4066
f 4066 5242 4057
f 4057 5242 4046
f 4046 5242 4034
f 4034 5242 4021
f 4243 4263 5242
f 5242 5243 4021
f 4021 5243 4012
f 4012 5243 4001
f 4001 5243 3989
f 3989 5243 3976
f 3976 5243 3967
f 3967 5243 3954
f 3954 5243 3941
f 3941 5243 3930
f 3930 5243 3922
f 3922 5243 3909
f 3909 5243 3896
f 3896 5243 3880
f 3880 5243 3871
f 3871 5243 3861
f 5243 3848 3861
f 5243 3831 3848
f 5243 3824 3831
f 5243 3822 3824
f 5243 5239 3822
f 5243 5234 5239
f 5243 5229 5234
f 4263 5244 5242
f 4382 5244 4370
f 4370 5244 4362
f 4362 5244 4357
f 4357 5244 4337
f 4337 5244 4325
f 4325 5244 4317
f 4317 5244 4312
f 4312 5244 4291
f 4291 5244 4280
f 4280 5244 4272
f 4272 5244 4263
f 4382 4402 5244
f 4402 4407 5244
f 4407 4415 5244
f 4415 4427 5244
f 4427 4447 5244
f 4447 4452 5244
f 4452 4458 5244
f 4458 4470 5244
f 5229 5245 5224
f 5224 5245 5219
f 5219 5245 5210
f 5210 5245 5197
f 5197 5245 5184
f 5184 5245 5171
f 5171 5245 5156
f 5156 5245 5137
f 5137 5245 5117
f 5243 5245 5229
f 4470 4486 5244
f 5245 5097 5117
f 4486 4494 5244
f 5245 5077 5097
f 5245 5066 5077
f 5245 3743 5066
f 5245 3742 3743
f 5245 3739 3742
f 5245 3738 3739
f 4557 5246 4546
f 4546 5246 4540
f 4540 5246 4530
f 4530 5246 4512
f 4512 5246 4502
f 4502 5246 4494
f 4494 5246 5244
f 5245 3705 3738
f 4557 4575 5246
f 5245 3707 3705
f 4575 4585 5246
f 5245 3697 3707
f 4585 4593 5246
f 5245 3674 3697
f 4593 4603 5246
f 5245 3675 3674
f 4603 4620 5246
f 5245 5247 3675
f 5247 3676 3675
f 4620 4633 5246
f 5247 3726 3676
f 4633 4641 5246
f 5247 3727 3726
f 4641 4652 5246
f 5247 4848 3727
f 4652 4665 5246
f 5247 4845 4848
f 4665 4678 5246
f 5247 4843 4845
f 4678 4687 5246
f 5247 4839 4843
f 4687 4700 5246
f 5247 4833 4839
f 4700 4712 5246
f 5247 4828 4833
f 4712 4723 5246
f 5247 4826 4828
f 5246 4732 5247
f 4723 4732 5246
f 5247 4820 4826
f 4732 4745 5247
f 5247 4809 4820
f 4745 4757 5247
f 5247 4802 4809
f 4757 4768 5247
f 5247 4799 4802
f 4768 4773 5247
f 5247 4792 4799
f 4773 4783 5247
f 5247 4783 4792
f 5245 5243 5248
f 5248 5243 5249
f 5247 5245 5250
f 5250 5245 5248
f 5246 5247 5251
f 5251 5247 5250
f 5244 5246 5252
f 5252 5246 5251
f 5242 5244 5253
f 5253 5244 5252
f 5243 5242 5249
f 5249 5242 5253
f 5251 5249 5253
f 5251 5253 5252
f 5250 5248 5249
f 5250 5249 5251
f 5254 3419 3418
f 5255 3419 5254
f 5256 5255 5254
f 5257 5255 5256
f 5258 5257 5256
f 5259 5257 5258
f 5260 5259 5258
f 5261 5259 5260
f 5262 5261 5260
f 5263 5261 5262
f 5264 5263 5262
f 5265 5263 5264
f 5266 5265 5264
f 5267 5265 5266
f 5268 5267 5266
f 5269 5267 5268
f 5270 5269 5268
f 5271 5269 5270
f 5272 5271 5270
f 5273 5271 5272
f 5274 5273 5272
f 5275 5273 5274
f 5276 5275 5274
f 5277 5275 5276
f 5278 5277 5276
f 5279 5277 5278
f 5280 5279 5278
f 5281 5279 5280
f 5282 5281 5280
f 5283 5282 5284
f 5283 5281 5282
f 5285 5284 5286
f 5285 5283 5284
f 5287 5286 5288
f 5287 5285 5286
f 5289 5287 5288
f 5289 5288 5290
f 5291 5289 5290
f 5291 5290 5292
f 5293 5291 5292
f 5293 5292 5294
f 5295 5293 5294
f 5295 5294 5296
f 5297 5295 5296
f 5297 5296 5298
f 5299 5297 5298
f 5300 5299 5298
f 5301 5299 5300
f 5301 5300 5302
f 5303 5301 5302
f 5303 5302 5304
f 5305 5303 5304
f 5305 5304 5306
f 5307 5305 5306
f 5307 5306 5308
f 5309 5307 5308
f 5309 5308 5310
f 5311 5309 5310
f 5311 5310 5312
f 5313 5311 5312
f 5313 5312 5314
f 5315 5313 5314
f 5315 5314 5316
f 5317 5315 5316
f 5317 5316 5318
f 5319 5317 5318
f 5319 5318 5320
f 5321 5319 5320
f 5321 5320 5322
f 5323 5321 5322
f 5323 5322 5324
f 5325 5323 5324
f 5325 5324 5326
f 5327 5326 5328
f 5327 5325 5326
f 5329 5328 5330
f 5329 5327 5328
f 5331 5330 5332
f 5331 5329 5330
f 5333 5331 5332
f 5334 5331 5333
f 5335 5334 5333
f 5336 5334 5335
f 5337 5336 5335
f 5338 5336 5337
f 5339 5338 5337
f 5340 5338 5339
f 5341 5340 5339
f 5342 5340 5341
f 5343 5342 5341
f 5344 5342 5343
f 5345 5344 5343
f 5346 5344 5345
f 5347 5346 5345
f 5348 5346 5347
f 5349 5348 5347
f 5350 5348 5349
f 5351 5350 5349
f 5352 5350 5351
f 5352 5351 5353
f 5354 5352 5353
f 5354 5353 5355
f 5356 5354 5355
f 5356 5355 5357
f 5358 5356 5357
f 5358 5357 5359
f 5360 5358 5359
f 5360 5359 5361
f 5362 5360 5361
f 5362 5361 5363
f 5364 5362 5363
f 5364 5363 5365
f 5366 5364 5365
f 5366 5365 5367
f 5368 5366 5367
f 5368 5367 5369
f 5370 5368 5369
f 5370 5369 5371
f 5372 5370 5371
f 5372 5371 5373
f 5374 5372 5373
f 5374 5373 5375
f 5376 5374 5375
f 135 5377 132
f 135 5378 5377
f 138 5378 135
f 138 5379 5378
f 142 5379 138
f 172 5380 168
f 168 5380 5381
f 199 5382 5383
f 203 5382 199
f 231 5384 227
f 231 5385 5384
f 258 5386 5387
f 262 5386 258
f 290 5388 5389
f 320 5390 316
f 320 5391 5390
f 353 5392 349
f 380 5393 376
f 5 5394 5395
f 7 5394 5
f 21 5396 19
f 21 5397 5396
f 36 5398 34
f 36 5399 5398
f 52 5400 50
f 50 5400 5401
f 65 5402 63
f 65 5403 5402
f 81 5404 79
f 81 5405 5404
f 96 5406 94
f 94 5406 5407
f 109 5408 107
f 109 5409 5408
f 125 5410 123
f 148 5411 5412
f 151 5411 148
f 178 5413 174
f 209 5414 205
f 241 5415 237
f 237 5415 5416
f 268 5417 264
f 268 5418 5417
f 299 5419 295
f 299 5420 5419
f 326 5421 5422
f 330 5421 326
f 358 5423 5424
f 386 5425 5426
f 390 5425 386
f 409 5427 407
f 409 5428 5427
f 423 5429 5430
f 425 5429 423
f 438 5431 5432
f 440 5431 438
f 456 5433 454
f 454 5433 5434
f 470 5435 468
f 470 5436 5435
f 486 5437 484
f 486 5438 5437
f 502 5439 500
f 502 5440 5439
f 516 5441 514
f 516 5442 5441
f 532 5443 530
f 530 5443 5444
f 547 5445 545
f 561 5446 5447
f 577 5448 575
f 577 5449 5448
f 593 5450 591
f 593 5451 5450
f 607 5452 5453
f 609 5452 607
f 623 5454 621
f 639 5455 637
f 655 5456 653
f 669 5457 667
f 685 5458 683
f 685 5459 5458
f 699 5460 5461
f 715 5462 713
f 715 5463 5462
f 731 5464 729
f 731 5465 5464
f 745 5466 5467
f 747 5466 745
f 762 5468 760
f 762 5469 5468
f 778 5470 776
f 808 5471 806
f 824 5472 822
f 838 5473 5474
f 840 5473 838
f 854 5475 852
f 852 5475 5476
f 870 5477 868
f 868 5477 5478
f 884 5479 882
f 884 5480 5479
f 900 5481 898
f 900 5482 5481
f 916 5483 914
f 914 5483 5484
f 932 5485 930
f 930 5485 5486
f 934 5487 932
f 932 5487 5485
f 168 5488 164
f 164 5488 160
f 160 5488 154
f 154 5488 150
f 142 5488 5379
f 150 5488 146
f 146 5488 142
f 5488 5489 5379
f 5379 5489 5490
f 5490 5489 5491
f 5491 5489 5492
f 5492 5489 5493
f 5493 5489 5494
f 5494 5489 5495
f 5495 5489 5381
f 168 5489 5488
f 5381 5489 168
f 199 5496 195
f 195 5496 192
f 192 5496 188
f 188 5496 184
f 184 5496 180
f 180 5496 176
f 176 5496 172
f 5383 5497 199
f 172 5497 5380
f 5380 5497 5498
f 5498 5497 5499
f 5499 5497 5500
f 5500 5497 5501
f 5501 5497 5383
f 5496 5497 172
f 199 5497 5496
f 203 5502 5382
f 227 5502 223
f 223 5502 219
f 219 5502 215
f 215 5502 211
f 211 5502 207
f 207 5502 203
f 227 5503 5502
f 5502 5503 5382
f 5384 5503 227
f 5382 5503 5504
f 5504 5503 5505
f 5505 5503 5506
f 5506 5503 5507
f 5507 5503 5384
f 258 5508 254
f 254 5508 251
f 251 5508 247
f 247 5508 243
f 243 5508 239
f 239 5508 235
f 235 5508 231
f 5508 5509 231
f 5387 5509 258
f 258 5509 5508
f 231 5509 5385
f 5385 5509 5510
f 5510 5509 5511
f 5511 5509 5512
f 5512 5509 5513
f 5513 5509 5387
f 290 5514 286
f 286 5514 282
f 282 5514 278
f 278 5514 274
f 274 5514 270
f 270 5514 266
f 266 5514 262
f 5389 5514 290
f 5515 5516 5389
f 5514 5516 262
f 5389 5516 5514
f 262 5516 5386
f 5386 5516 5517
f 5517 5516 5518
f 5518 5516 5519
f 5519 5516 5515
f 316 5520 313
f 313 5520 309
f 309 5520 305
f 305 5520 301
f 301 5520 297
f 297 5520 294
f 294 5520 290
f 290 5521 5388
f 5388 5521 5522
f 5522 5521 5523
f 5523 5521 5524
f 5524 5521 5525
f 5525 5521 5390
f 5390 5521 316
f 316 5521 5520
f 5520 5521 290
f 349 5526 345
f 345 5526 341
f 341 5526 337
f 337 5526 332
f 332 5526 328
f 328 5526 324
f 324 5526 320
f 5391 5527 5528
f 5528 5527 5529
f 5529 5527 5530
f 5530 5527 5531
f 5531 5527 5392
f 320 5527 5391
f 5392 5527 349
f 5526 5527 320
f 349 5527 5526
f 376 5532 372
f 372 5532 368
f 368 5532 364
f 364 5532 360
f 360 5532 356
f 356 5532 353
f 5532 5533 353
f 5392 5533 5534
f 5534 5533 5535
f 5535 5533 5536
f 5536 5533 5537
f 5537 5533 5538
f 5538 5533 5393
f 353 5533 5392
f 376 5533 5532
f 5393 5533 376
f 2 5539 396
f 396 5539 392
f 392 5539 388
f 388 5539 384
f 384 5539 380
f 5 5539 1
f 1 5539 2
f 5395 5540 5
f 5539 5540 380
f 5393 5540 5541
f 5541 5540 5542
f 5542 5540 5543
f 5 5540 5539
f 5543 5540 5544
f 5544 5540 5395
f 380 5540 5393
f 19 5545 17
f 17 5545 15
f 15 5545 13
f 13 5545 11
f 11 5545 9
f 9 5545 7
f 7 5546 5394
f 5394 5546 5547
f 5547 5546 5548
f 5548 5546 5549
f 5549 5546 5550
f 5550 5546 5396
f 19 5546 5545
f 5396 5546 19
f 5545 5546 7
f 34 5551 32
f 32 5551 31
f 31 5551 29
f 29 5551 27
f 27 5551 25
f 25 5551 23
f 23 5551 21
f 21 5552 5397
f 5397 5552 5553
f 5553 5552 5554
f 5554 5552 5555
f 5555 5552 5556
f 5556 5552 5398
f 34 5552 5551
f 5398 5552 34
f 5551 5552 21
f 50 5557 48
f 48 5557 46
f 46 5557 44
f 44 5557 42
f 42 5557 40
f 40 5557 38
f 38 5557 36
f 5401 5557 50
f 5399 5558 5559
f 5559 5558 5560
f 5560 5558 5561
f 5561 5558 5562
f 5562 5558 5401
f 36 5558 5399
f 5557 5558 36
f 5401 5558 5557
f 63 5563 61
f 61 5563 59
f 59 5563 58
f 58 5563 56
f 52 5563 5400
f 56 5563 54
f 54 5563 52
f 5563 5564 5400
f 5400 5564 5565
f 5565 5564 5566
f 5566 5564 5567
f 5567 5564 5568
f 5568 5564 5402
f 63 5564 5563
f 5402 5564 63
f 79 5569 77
f 77 5569 75
f 75 5569 73
f 73 5569 71
f 71 5569 69
f 69 5569 67
f 67 5569 65
f 5569 5570 65
f 5404 5570 79
f 79 5570 5569
f 5403 5570 5571
f 5571 5570 5572
f 5572 5570 5573
f 5573 5570 5574
f 5574 5570 5404
f 65 5570 5403
f 94 5575 92
f 92 5575 90
f 90 5575 88
f 88 5575 86
f 86 5575 84
f 84 5575 82
f 82 5575 81
f 5575 5576 81
f 5405 5576 5577
f 5577 5576 5578
f 5578 5576 5579
f 5579 5576 5580
f 5580 5576 5407
f 5407 5576 94
f 94 5576 5575
f 81 5576 5405
f 107 5581 105
f 105 5581 103
f 103 5581 102
f 102 5581 100
f 100 5581 98
f 98 5581 96
f 5408 5581 107
f 5408 5582 5581
f 96 5582 5406
f 5406 5582 5583
f 5583 5582 5584
f 5584 5582 5585
f 5585 5582 5586
f 5586 5582 5408
f 5581 5582 96
f 123 5587 121
f 121 5587 119
f 119 5587 117
f 117 5587 115
f 115 5587 113
f 113 5587 111
f 111 5587 109
f 123 5588 5587
f 5409 5588 5589
f 5589 5588 5590
f 5590 5588 5591
f 5591 5588 5592
f 5592 5588 5410
f 5587 5588 109
f 109 5588 5409
f 5410 5588 123
f 148 5593 144
f 144 5593 140
f 140 5593 134
f 134 5593 130
f 130 5593 128
f 128 5593 126
f 126 5593 125
f 5412 5594 148
f 125 5594 5410
f 5593 5594 125
f 148 5594 5593
f 5410 5594 5595
f 5595 5594 5596
f 5596 5594 5597
f 5597 5594 5598
f 5598 5594 5599
f 5599 5594 5412
f 174 5600 170
f 170 5600 166
f 166 5600 162
f 162 5600 158
f 158 5600 155
f 155 5600 151
f 5600 5601 151
f 174 5601 5600
f 5413 5601 174
f 151 5601 5411
f 5411 5601 5602
f 5602 5601 5603
f 5603 5601 5604
f 5604 5601 5605
f 5605 5601 5413
f 205 5606 201
f 201 5606 197
f 197 5606 193
f 193 5606 190
f 190 5606 186
f 186 5606 182
f 182 5606 178
f 5606 5607 178
f 178 5607 5413
f 205 5607 5606
f 5413 5607 5608
f 5608 5607 5609
f 5609 5607 5610
f 5414 5607 205
f 5610 5607 5611
f 5611 5607 5612
f 5612 5607 5414
f 237 5613 233
f 233 5613 229
f 229 5613 225
f 225 5613 221
f 221 5613 217
f 217 5613 213
f 213 5613 209
f 5416 5614 237
f 5613 5614 209
f 237 5614 5613
f 209 5614 5414
f 5414 5614 5615
f 5615 5614 5616
f 5616 5614 5617
f 5617 5614 5618
f 5618 5614 5416
f 264 5619 260
f 260 5619 256
f 256 5619 252
f 252 5619 249
f 249 5619 245
f 245 5619 241
f 5619 5620 241
f 241 5620 5415
f 5417 5620 264
f 264 5620 5619
f 5415 5620 5621
f 5621 5620 5622
f 5622 5620 5623
f 5623 5620 5624
f 5624 5620 5417
f 268 5625 5418
f 295 5625 292
f 292 5625 288
f 288 5625 284
f 284 5625 280
f 280 5625 276
f 276 5625 272
f 272 5625 268
f 5418 5626 5627
f 5627 5626 5628
f 5628 5626 5629
f 5629 5626 5630
f 5630 5626 5419
f 295 5626 5625
f 5419 5626 295
f 5625 5626 5418
f 326 5631 322
f 322 5631 318
f 318 5631 315
f 315 5631 311
f 311 5631 307
f 307 5631 303
f 303 5631 299
f 5422 5632 326
f 5420 5632 5633
f 5633 5632 5634
f 5634 5632 5635
f 5635 5632 5636
f 5636 5632 5422
f 5631 5632 299
f 299 5632 5420
f 326 5632 5631
f 358 5637 354
f 354 5637 351
f 351 5637 347
f 347 5637 343
f 343 5637 339
f 339 5637 334
f 334 5637 330
f 330 5638 5421
f 5421 5638 5639
f 358 5638 5637
f 5639 5638 5640
f 5640 5638 5641
f 5641 5638 5642
f 5642 5638 5424
f 5424 5638 358
f 5637 5638 330
f 358 5643 5423
f 386 5643 382
f 382 5643 378
f 378 5643 374
f 374 5643 370
f 370 5643 366
f 366 5643 362
f 362 5643 358
f 386 5644 5643
f 5423 5644 5645
f 5645 5644 5646
f 5646 5644 5647
f 5647 5644 5648
f 5648 5644 5426
f 5426 5644 386
f 5643 5644 5423
f 407 5649 405
f 405 5649 403
f 403 5649 401
f 401 5649 399
f 399 5649 397
f 397 5649 394
f 394 5649 390
f 407 5650 5649
f 5425 5650 5651
f 5651 5650 5652
f 5652 5650 5653
f 5653 5650 5654
f 5654 5650 5427
f 5649 5650 390
f 390 5650 5425
f 5427 5650 407
f 423 5655 421
f 421 5655 419
f 419 5655 417
f 417 5655 415
f 415 5655 413
f 413 5655 411
f 411 5655 409
f 5430 5656 423
f 5428 5656 5657
f 5657 5656 5658
f 409 5656 5428
f 5658 5656 5659
f 5659 5656 5660
f 5660 5656 5430
f 5655 5656 409
f 423 5656 5655
f 425 5661 5429
f 438 5661 436
f 436 5661 434
f 434 5661 432
f 432 5661 430
f 430 5661 427
f 427 5661 425
f 5661 5662 5429
f 5429 5662 5663
f 5663 5662 5664
f 5664 5662 5665
f 5665 5662 5666
f 5432 5662 438
f 5666 5662 5432
f 438 5662 5661
f 454 5667 452
f 452 5667 450
f 450 5667 448
f 448 5667 446
f 446 5667 444
f 444 5667 442
f 442 5667 440
f 5667 5668 440
f 5431 5668 5669
f 5669 5668 5670
f 5670 5668 5671
f 5671 5668 5672
f 440 5668 5431
f 5672 5668 5434
f 5434 5668 454
f 454 5668 5667
f 468 5673 466
f 466 5673 464
f 464 5673 462
f 462 5673 460
f 460 5673 458
f 458 5673 456
f 456 5673 5433
f 5433 5674 5675
f 5675 5674 5676
f 5676 5674 5677
f 5677 5674 5678
f 5678 5674 5435
f 5435 5674 468
f 5673 5674 5433
f 468 5674 5673
f 484 5679 482
f 482 5679 480
f 480 5679 478
f 478 5679 476
f 476 5679 474
f 474 5679 472
f 472 5679 470
f 5679 5680 470
f 5437 5680 484
f 5436 5680 5681
f 5681 5680 5682
f 5682 5680 5683
f 5683 5680 5684
f 5684 5680 5437
f 470 5680 5436
f 484 5680 5679
f 500 5685 498
f 498 5685 496
f 496 5685 494
f 494 5685 492
f 492 5685 490
f 490 5685 488
f 488 5685 486
f 5685 5686 486
f 486 5686 5438
f 5439 5686 500
f 5438 5686 5687
f 5687 5686 5688
f 5688 5686 5689
f 5689 5686 5690
f 5690 5686 5439
f 500 5686 5685
f 514 5691 512
f 512 5691 510
f 510 5691 508
f 508 5691 506
f 506 5691 504
f 504 5691 502
f 5441 5691 514
f 5441 5692 5691
f 5691 5692 502
f 502 5692 5440
f 5440 5692 5693
f 5693 5692 5694
f 5694 5692 5695
f 5695 5692 5696
f 5696 5692 5441
f 530 5697 528
f 528 5697 526
f 526 5697 524
f 524 5697 522
f 522 5697 520
f 520 5697 518
f 518 5697 516
f 516 5697 5442
f 5444 5698 530
f 5697 5698 5442
f 5442 5698 5699
f 5699 5698 5700
f 5700 5698 5701
f 5701 5698 5702
f 5702 5698 5444
f 530 5698 5697
f 545 5703 543
f 543 5703 541
f 541 5703 539
f 539 5703 538
f 538 5703 536
f 536 5703 534
f 534 5703 532
f 5445 5704 545
f 5703 5704 532
f 5443 5704 5705
f 5705 5704 5706
f 5706 5704 5707
f 5707 5704 5708
f 5708 5704 5709
f 5709 5704 5445
f 545 5704 5703
f 532 5704 5443
f 561 5710 559
f 559 5710 557
f 557 5710 555
f 555 5710 553
f 553 5710 551
f 551 5710 549
f 549 5710 547
f 561 5711 5710
f 547 5711 5445
f 5447 5711 561
f 5445 5711 5712
f 5712 5711 5713
f 5713 5711 5714
f 5714 5711 5715
f 5710 5711 547
f 5715 5711 5447
f 561 5716 5446
f 575 5716 573
f 573 5716 571
f 571 5716 569
f 569 5716 567
f 567 5716 565
f 565 5716 563
f 563 5716 561
f 5716 5717 5446
f 575 5717 5716
f 5448 5717 575
f 5446 5717 5718
f 5718 5717 5719
f 5719 5717 5720
f 5720 5717 5721
f 5721 5717 5448
f 591 5722 589
f 589 5722 587
f 587 5722 585
f 585 5722 583
f 583 5722 581
f 581 5722 579
f 579 5722 577
f 5723 5724 5450
f 5722 5724 577
f 5450 5724 591
f 591 5724 5722
f 577 5724 5449
f 5449 5724 5725
f 5725 5724 5726
f 5726 5724 5727
f 5727 5724 5723
f 607 5728 605
f 605 5728 603
f 603 5728 601
f 601 5728 599
f 599 5728 597
f 597 5728 595
f 595 5728 593
f 5451 5729 5730
f 5730 5729 5731
f 5731 5729 5732
f 5732 5729 5733
f 5733 5729 5453
f 593 5729 5451
f 5728 5729 593
f 607 5729 5728
f 5453 5729 607
f 621 5734 619
f 619 5734 617
f 617 5734 615
f 615 5734 613
f 613 5734 611
f 611 5734 609
f 621 5735 5734
f 5452 5735 5736
f 5736 5735 5737
f 5737 5735 5738
f 5738 5735 5739
f 5739 5735 5454
f 609 5735 5452
f 5734 5735 609
f 5454 5735 621
f 637 5740 635
f 635 5740 633
f 633 5740 631
f 631 5740 629
f 629 5740 627
f 627 5740 625
f 625 5740 623
f 5454 5741 5742
f 5742 5741 5743
f 5743 5741 5744
f 5744 5741 5745
f 5745 5741 5746
f 5746 5741 5455
f 637 5741 5740
f 623 5741 5454
f 5740 5741 623
f 5455 5741 637
f 653 5747 651
f 651 5747 649
f 649 5747 647
f 647 5747 645
f 645 5747 643
f 643 5747 641
f 641 5747 639
f 5456 5748 653
f 653 5748 5747
f 5455 5748 5749
f 5749 5748 5750
f 5750 5748 5751
f 5751 5748 5752
f 5752 5748 5753
f 5753 5748 5456
f 5747 5748 639
f 639 5748 5455
f 667 5754 665
f 665 5754 663
f 663 5754 661
f 661 5754 659
f 659 5754 657
f 657 5754 655
f 655 5755 5456
f 5456 5755 5756
f 5756 5755 5757
f 5757 5755 5758
f 5758 5755 5759
f 5759 5755 5760
f 5760 5755 5457
f 5457 5755 667
f 5754 5755 655
f 667 5755 5754
f 683 5761 681
f 681 5761 679
f 679 5761 677
f 677 5761 675
f 675 5761 673
f 673 5761 671
f 671 5761 669
f 683 5762 5761
f 5457 5762 5763
f 5763 5762 5764
f 5764 5762 5765
f 5765 5762 5766
f 5766 5762 5458
f 5761 5762 669
f 5458 5762 683
f 669 5762 5457
f 699 5767 697
f 697 5767 695
f 695 5767 693
f 693 5767 691
f 691 5767 689
f 689 5767 687
f 687 5767 685
f 5459 5768 5769
f 5769 5768 5770
f 699 5768 5767
f 5770 5768 5771
f 5771 5768 5772
f 5772 5768 5461
f 685 5768 5459
f 5767 5768 685
f 5461 5768 699
f 699 5773 5460
f 713 5773 711
f 711 5773 709
f 709 5773 707
f 707 5773 705
f 705 5773 703
f 703 5773 701
f 701 5773 699
f 713 5774 5773
f 5462 5774 713
f 5460 5774 5775
f 5775 5774 5776
f 5776 5774 5777
f 5777 5774 5778
f 5778 5774 5462
f 5773 5774 5460
f 729 5779 727
f 727 5779 725
f 725 5779 723
f 723 5779 721
f 721 5779 719
f 719 5779 717
f 717 5779 715
f 715 5780 5463
f 5779 5780 715
f 729 5780 5779
f 5463 5780 5781
f 5781 5780 5782
f 5782 5780 5783
f 5464 5780 729
f 5783 5780 5784
f 5784 5780 5464
f 733 5785 731
f 745 5785 743
f 743 5785 741
f 741 5785 739
f 739 5785 737
f 737 5785 735
f 735 5785 733
f 5785 5786 731
f 731 5786 5465
f 5465 5786 5787
f 5787 5786 5788
f 5788 5786 5789
f 5789 5786 5790
f 5790 5786 5467
f 5467 5786 745
f 745 5786 5785
f 760 5791 758
f 758 5791 756
f 756 5791 754
f 754 5791 751
f 751 5791 749
f 749 5791 747
f 5791 5792 747
f 760 5792 5791
f 5468 5792 760
f 5466 5792 5793
f 5793 5792 5794
f 5794 5792 5795
f 5795 5792 5796
f 5796 5792 5468
f 747 5792 5466
f 776 5797 774
f 774 5797 772
f 772 5797 770
f 770 5797 768
f 768 5797 766
f 766 5797 764
f 764 5797 762
f 762 5798 5469
f 776 5798 5797
f 5797 5798 762
f 5470 5798 776
f 5469 5798 5799
f 5799 5798 5800
f 5800 5798 5801
f 5801 5798 5802
f 5802 5798 5470
f 5803 5804 792
f 792 5804 790
f 790 5804 788
f 788 5804 786
f 786 5804 784
f 784 5804 782
f 782 5804 780
f 780 5804 778
f 5804 5805 778
f 5803 5805 5804
f 778 5805 5470
f 5470 5805 5806
f 5806 5805 5807
f 5807 5805 5808
f 5808 5805 5809
f 5809 5805 5810
f 5810 5805 5803
f 806 5811 804
f 804 5811 802
f 802 5811 800
f 800 5811 798
f 798 5811 796
f 796 5811 794
f 794 5811 792
f 806 5812 5811
f 792 5812 5803
f 5803 5812 5813
f 5813 5812 5814
f 5814 5812 5815
f 5815 5812 5816
f 5816 5812 5817
f 5817 5812 5471
f 5471 5812 806
f 5811 5812 792
f 822 5818 820
f 820 5818 818
f 818 5818 816
f 816 5818 814
f 814 5818 812
f 812 5818 810
f 810 5818 808
f 5472 5819 822
f 5818 5819 808
f 822 5819 5818
f 5471 5819 5820
f 5820 5819 5821
f 5821 5819 5822
f 5822 5819 5823
f 5823 5819 5824
f 5824 5819 5472
f 808 5819 5471
f 838 5825 836
f 836 5825 834
f 834 5825 832
f 832 5825 830
f 830 5825 828
f 828 5825 826
f 826 5825 824
f 5825 5826 824
f 824 5826 5472
f 5474 5826 838
f 5472 5826 5827
f 5827 5826 5828
f 5828 5826 5829
f 5829 5826 5830
f 838 5826 5825
f 5830 5826 5474
f 852 5831 850
f 850 5831 848
f 848 5831 846
f 846 5831 844
f 840 5831 5473
f 844 5831 842
f 842 5831 840
f 852 5832 5831
f 5476 5832 852
f 5473 5832 5833
f 5833 5832 5834
f 5831 5832 5473
f 5834 5832 5835
f 5835 5832 5836
f 5836 5832 5476
f 868 5837 866
f 866 5837 864
f 864 5837 862
f 862 5837 860
f 860 5837 858
f 858 5837 856
f 856 5837 854
f 5478 5837 868
f 5475 5838 5839
f 5839 5838 5840
f 5840 5838 5841
f 5841 5838 5842
f 5842 5838 5478
f 5837 5838 854
f 5478 5838 5837
f 854 5838 5475
f 5479 5843 882
f 882 5843 880
f 880 5843 878
f 878 5843 876
f 876 5843 874
f 870 5843 5477
f 874 5843 872
f 872 5843 870
f 5479 5844 5843
f 5477 5844 5845
f 5845 5844 5846
f 5843 5844 5477
f 5846 5844 5847
f 5847 5844 5848
f 5848 5844 5479
f 884 5849 5480
f 898 5849 896
f 896 5849 894
f 894 5849 892
f 892 5849 890
f 890 5849 888
f 888 5849 886
f 886 5849 884
f 5480 5850 5851
f 5851 5850 5852
f 898 5850 5849
f 5852 5850 5853
f 5853 5850 5854
f 5854 5850 5481
f 5849 5850 5480
f 5481 5850 898
f 914 5855 912
f 912 5855 910
f 910 5855 908
f 908 5855 906
f 906 5855 904
f 904 5855 902
f 902 5855 900
f 5482 5856 5857
f 5857 5856 5858
f 5858 5856 5859
f 5859 5856 5860
f 5860 5856 5484
f 900 5856 5482
f 914 5856 5855
f 5484 5856 914
f 5855 5856 900
f 930 5861 928
f 928 5861 926
f 926 5861 924
f 924 5861 922
f 922 5861 920
f 920 5861 918
f 918 5861 916
f 916 5861 5483
f 5486 5861 930
f 5486 5862 5861
f 5483 5862 5863
f 5863 5862 5864
f 5864 5862 5865
f 5865 5862 5866
f 5866 5862 5867
f 5867 5862 5486
f 5861 5862 5483
f 5377 137 132
f 5378 141 5377
f 5377 141 137
f 5379 145 5378
f 5378 145 141
f 5380 175 5381
f 5381 175 171
f 5382 202 5383
f 5382 206 202
f 5385 234 5384
f 5385 238 234
f 5386 265 5387
f 5387 265 261
f 5388 296 5389
f 5389 296 293
f 5391 327 5390
f 5390 327 323
f 5392 355 352
f 5393 387 383
f 5394 406 5395
f 5394 408 406
f 5397 422 5396
f 5397 424 422
f 5398 437 435
f 5399 437 5398
f 5400 451 5401
f 5400 453 451
f 5402 467 465
f 5403 467 5402
f 5404 483 481
f 5405 483 5404
f 5407 499 497
f 5406 499 5407
f 5409 513 5408
f 5409 515 513
f 5410 529 527
f 5411 544 5412
f 5411 546 544
f 5413 560 558
f 5414 576 574
f 5415 590 5416
f 5415 592 590
f 5418 606 5417
f 5417 606 604
f 5420 622 5419
f 5419 622 620
f 5421 636 5422
f 5421 638 636
f 5424 652 650
f 5423 652 5424
f 5425 666 5426
f 5425 668 666
f 5428 682 5427
f 5428 684 682
f 5429 698 5430
f 5432 714 712
f 5431 714 5432
f 5433 728 5434
f 5433 730 728
f 5436 744 5435
f 5436 746 744
f 5437 759 757
f 5438 759 5437
f 5439 775 773
f 5440 775 5439
f 5442 789 5441
f 5442 791 789
f 5443 805 5444
f 5444 805 803
f 5445 821 819
f 5446 835 5447
f 5446 837 835
f 5449 851 5448
f 5449 853 851
f 5450 867 865
f 5451 867 5450
f 5453 883 881
f 5452 883 5453
f 5454 899 897
f 5455 913 911
f 5456 929 927
f 5457 944 942
f 5459 958 5458
f 5459 960 958
f 5460 972 5461
f 5460 974 972
f 5463 988 5462
f 5463 990 988
f 5465 1004 5464
f 5465 1006 1004
f 5467 1020 1018
f 5466 1020 5467
f 5468 1035 1033
f 5469 1035 5468
f 5470 1051 1049
f 5803 1065 1063
f 5471 1081 1079
f 5472 1097 1095
f 5473 1111 5474
f 5473 1113 1111
f 5475 1125 5476
f 5475 1127 1125
f 5477 1141 5478
f 5477 1143 1141
f 5479 1157 1155
f 5480 1157 5479
f 5482 1174 5481
f 5481 1174 1172
f 5483 1188 5484
f 5484 1188 1186
f 5485 1204 5486
f 5486 1204 1202
f 5485 1206 1204
f 5487 1206 5485
f 5487 1208 1206
f 5490 5868 5379
f 5491 5868 5490
f 5492 5868 5491
f 5493 5868 5492
f 5494 5868 5493
f 5495 5868 5494
f 5381 5868 5495
f 171 5868 5381
f 5868 5869 5379
f 5379 5869 145
f 145 5869 149
f 149 5869 152
f 152 5869 156
f 156 5869 159
f 159 5869 163
f 163 5869 167
f 167 5869 171
f 171 5869 5868
f 202 5870 5383
f 5498 5870 5380
f 5499 5870 5498
f 5500 5870 5499
f 5501 5870 5500
f 5383 5870 5501
f 202 5871 5870
f 5870 5871 5380
f 175 5871 179
f 179 5871 183
f 183 5871 187
f 187 5871 191
f 191 5871 194
f 194 5871 198
f 198 5871 202
f 5380 5871 175
f 5382 5872 206
f 5504 5872 5382
f 5505 5872 5504
f 5506 5872 5505
f 5507 5872 5506
f 5384 5872 5507
f 234 5873 5384
f 5872 5873 206
f 5384 5873 5872
f 206 5873 210
f 210 5873 214
f 214 5873 218
f 218 5873 222
f 222 5873 226
f 226 5873 230
f 230 5873 234
f 5510 5874 5385
f 5511 5874 5510
f 5512 5874 5511
f 5513 5874 5512
f 5387 5874 5513
f 5385 5875 238
f 5874 5875 5385
f 261 5875 5387
f 5387 5875 5874
f 238 5875 242
f 242 5875 246
f 246 5875 250
f 250 5875 253
f 253 5875 257
f 257 5875 261
f 5517 5876 5386
f 5518 5876 5517
f 5519 5876 5518
f 5515 5876 5519
f 5389 5876 5515
f 293 5876 5389
f 269 5877 273
f 273 5877 277
f 277 5877 281
f 281 5877 285
f 5876 5877 5386
f 285 5877 289
f 289 5877 293
f 5386 5877 265
f 293 5877 5876
f 265 5877 269
f 5522 5878 5388
f 5523 5878 5522
f 5524 5878 5523
f 5525 5878 5524
f 5390 5878 5525
f 5388 5878 296
f 296 5879 300
f 300 5879 304
f 304 5879 308
f 308 5879 312
f 312 5879 319
f 319 5879 323
f 5390 5879 5878
f 5878 5879 296
f 323 5879 5390
f 5391 5880 327
f 5528 5880 5391
f 5529 5880 5528
f 5530 5880 5529
f 5531 5880 5530
f 5392 5880 5531
f 352 5880 5392
f 352 5881 5880
f 327 5881 331
f 331 5881 335
f 335 5881 336
f 336 5881 340
f 340 5881 344
f 344 5881 348
f 348 5881 352
f 5880 5881 327
f 5534 5882 5392
f 5535 5882 5534
f 5536 5882 5535
f 5392 5882 355
f 5537 5882 5536
f 5538 5882 5537
f 5393 5882 5538
f 383 5882 5393
f 383 5883 5882
f 355 5883 359
f 359 5883 363
f 363 5883 367
f 367 5883 371
f 371 5883 375
f 375 5883 379
f 379 5883 383
f 5882 5883 355
f 5541 5884 5393
f 5542 5884 5541
f 5543 5884 5542
f 5544 5884 5543
f 5395 5884 5544
f 5393 5884 387
f 406 5884 5395
f 406 5885 5884
f 387 5885 391
f 391 5885 395
f 395 5885 398
f 398 5885 400
f 400 5885 402
f 402 5885 404
f 404 5885 406
f 5884 5885 387
f 5394 5886 408
f 422 5886 5396
f 5547 5886 5394
f 5548 5886 5547
f 5549 5886 5548
f 5550 5886 5549
f 5396 5886 5550
f 422 5887 5886
f 408 5887 410
f 410 5887 412
f 412 5887 414
f 414 5887 416
f 416 5887 418
f 418 5887 420
f 420 5887 422
f 5886 5887 408
f 5553 5888 5397
f 5554 5888 5553
f 5555 5888 5554
f 5556 5888 5555
f 5398 5888 5556
f 5398 5889 5888
f 5397 5889 424
f 424 5889 426
f 426 5889 428
f 428 5889 429
f 429 5889 431
f 431 5889 433
f 433 5889 435
f 435 5889 5398
f 5888 5889 5397
f 5399 5890 437
f 5559 5890 5399
f 5560 5890 5559
f 5561 5890 5560
f 5562 5890 5561
f 5401 5890 5562
f 451 5890 5401
f 5890 5891 437
f 451 5891 5890
f 437 5891 439
f 439 5891 441
f 441 5891 443
f 443 5891 445
f 445 5891 447
f 447 5891 449
f 449 5891 451
f 5565 5892 5400
f 5566 5892 5565
f 5567 5892 5566
f 5568 5892 5567
f 5402 5892 5568
f 5400 5892 453
f 465 5893 5402
f 5402 5893 5892
f 5892 5893 453
f 453 5893 455
f 455 5893 457
f 457 5893 459
f 459 5893 461
f 461 5893 463
f 463 5893 465
f 5403 5894 467
f 481 5894 5404
f 5571 5894 5403
f 5572 5894 5571
f 5573 5894 5572
f 5574 5894 5573
f 5404 5894 5574
f 5894 5895 467
f 481 5895 5894
f 467 5895 469
f 469 5895 471
f 471 5895 473
f 473 5895 475
f 475 5895 477
f 477 5895 479
f 479 5895 481
f 5405 5896 483
f 497 5896 5407
f 5577 5896 5405
f 5578 5896 5577
f 5579 5896 5578
f 5580 5896 5579
f 5407 5896 5580
f 5896 5897 483
f 497 5897 5896
f 483 5897 485
f 485 5897 487
f 487 5897 489
f 489 5897 491
f 491 5897 493
f 493 5897 495
f 495 5897 497
f 5406 5898 499
f 5583 5898 5406
f 5584 5898 5583
f 5585 5898 5584
f 5586 5898 5585
f 5408 5898 5586
f 5898 5899 499
f 5408 5899 5898
f 499 5899 501
f 501 5899 503
f 503 5899 505
f 505 5899 507
f 507 5899 509
f 509 5899 511
f 511 5899 513
f 513 5899 5408
f 5590 5900 5589
f 5591 5900 5590
f 5592 5900 5591
f 5410 5900 5592
f 527 5900 5410
f 5589 5900 5409
f 5900 5901 5409
f 515 5901 517
f 517 5901 519
f 519 5901 521
f 521 5901 523
f 523 5901 525
f 525 5901 527
f 5409 5901 515
f 527 5901 5900
f 5410 5902 529
f 5595 5902 5410
f 5596 5902 5595
f 5597 5902 5596
f 5598 5902 5597
f 5599 5902 5598
f 5412 5902 5599
f 544 5902 5412
f 533 5903 535
f 535 5903 537
f 537 5903 540
f 540 5903 542
f 542 5903 544
f 5902 5903 529
f 544 5903 5902
f 529 5903 531
f 531 5903 533
f 5602 5904 5411
f 5603 5904 5602
f 5604 5904 5603
f 5605 5904 5604
f 5413 5904 5605
f 5411 5904 546
f 558 5904 5413
f 546 5905 548
f 548 5905 550
f 550 5905 552
f 552 5905 554
f 554 5905 556
f 556 5905 558
f 5904 5905 546
f 558 5905 5904
f 5608 5906 5413
f 5609 5906 5608
f 5610 5906 5609
f 5611 5906 5610
f 5612 5906 5611
f 5414 5906 5612
f 5413 5906 560
f 574 5906 5414
f 5906 5907 560
f 560 5907 562
f 562 5907 564
f 564 5907 566
f 566 5907 568
f 568 5907 570
f 570 5907 572
f 572 5907 574
f 574 5907 5906
f 5615 5908 5414
f 590 5908 5416
f 5616 5908 5615
f 5617 5908 5616
f 5618 5908 5617
f 5416 5908 5618
f 5414 5908 576
f 590 5909 5908
f 576 5909 578
f 578 5909 580
f 580 5909 582
f 582 5909 584
f 584 5909 586
f 586 5909 588
f 588 5909 590
f 5908 5909 576
f 5415 5910 592
f 5621 5910 5415
f 5622 5910 5621
f 5623 5910 5622
f 5624 5910 5623
f 5417 5910 5624
f 604 5910 5417
f 604 5911 5910
f 592 5911 594
f 594 5911 596
f 596 5911 598
f 598 5911 600
f 600 5911 602
f 602 5911 604
f 5910 5911 592
f 5627 5912 5418
f 5628 5912 5627
f 5629 5912 5628
f 5630 5912 5629
f 5419 5912 5630
f 620 5912 5419
f 606 5913 608
f 608 5913 610
f 610 5913 612
f 612 5913 614
f 614 5913 616
f 616 5913 618
f 618 5913 620
f 5418 5913 606
f 5912 5913 5418
f 620 5913 5912
f 5633 5914 5420
f 5634 5914 5633
f 5635 5914 5634
f 5636 5914 5635
f 5422 5914 5636
f 5420 5914 622
f 636 5914 5422
f 622 5915 624
f 624 5915 626
f 626 5915 628
f 628 5915 630
f 5914 5915 622
f 630 5915 632
f 632 5915 634
f 634 5915 636
f 636 5915 5914
f 5421 5916 638
f 650 5916 5424
f 5639 5916 5421
f 5640 5916 5639
f 5641 5916 5640
f 5642 5916 5641
f 5424 5916 5642
f 5916 5917 638
f 650 5917 5916
f 638 5917 640
f 640 5917 642
f 642 5917 644
f 644 5917 646
f 646 5917 648
f 648 5917 650
f 5423 5918 652
f 666 5918 5426
f 5645 5918 5423
f 5646 5918 5645
f 5647 5918 5646
f 5648 5918 5647
f 5426 5918 5648
f 652 5919 654
f 654 5919 656
f 656 5919 658
f 658 5919 660
f 660 5919 662
f 662 5919 664
f 664 5919 666
f 5918 5919 652
f 666 5919 5918
f 5651 5920 5425
f 5652 5920 5651
f 5653 5920 5652
f 5425 5920 668
f 5654 5920 5653
f 5427 5920 5654
f 682 5920 5427
f 682 5921 5920
f 668 5921 670
f 670 5921 672
f 672 5921 674
f 674 5921 676
f 676 5921 678
f 678 5921 680
f 680 5921 682
f 5920 5921 668
f 698 5922 5430
f 5657 5922 5428
f 5658 5922 5657
f 5659 5922 5658
f 5660 5922 5659
f 5430 5922 5660
f 5428 5922 684
f 698 5923 5922
f 684 5923 686
f 686 5923 688
f 688 5923 690
f 690 5923 692
f 692 5923 694
f 5922 5923 684
f 694 5923 696
f 696 5923 698
f 712 5924 5432
f 5663 5924 5429
f 5664 5924 5663
f 5665 5924 5664
f 5666 5924 5665
f 5432 5924 5666
f 5429 5925 698
f 5924 5925 5429
f 712 5925 5924
f 698 5925 700
f 700 5925 702
f 702 5925 704
f 704 5925 706
f 706 5925 708
f 708 5925 710
f 710 5925 712
f 5431 5926 714
f 728 5926 5434
f 5669 5926 5431
f 5670 5926 5669
f 5671 5926 5670
f 5672 5926 5671
f 5434 5926 5672
f 5926 5927 714
f 728 5927 5926
f 714 5927 716
f 716 5927 718
f 718 5927 720
f 720 5927 722
f 722 5927 724
f 724 5927 726
f 726 5927 728
f 5433 5928 730
f 5675 5928 5433
f 5676 5928 5675
f 5677 5928 5676
f 5678 5928 5677
f 5435 5928 5678
f 736 5929 738
f 738 5929 740
f 740 5929 742
f 742 5929 744
f 5435 5929 5928
f 5928 5929 730
f 744 5929 5435
f 730 5929 732
f 732 5929 734
f 734 5929 736
f 757 5930 5437
f 5681 5930 5436
f 5682 5930 5681
f 5683 5930 5682
f 5684 5930 5683
f 5437 5930 5684
f 5436 5930 746
f 757 5931 5930
f 746 5931 748
f 748 5931 750
f 750 5931 752
f 752 5931 753
f 753 5931 755
f 755 5931 757
f 5930 5931 746
f 5438 5932 759
f 773 5932 5439
f 5687 5932 5438
f 5688 5932 5687
f 5689 5932 5688
f 5690 5932 5689
f 5439 5932 5690
f 759 5933 761
f 761 5933 763
f 763 5933 765
f 765 5933 767
f 767 5933 769
f 769 5933 771
f 771 5933 773
f 5932 5933 759
f 773 5933 5932
f 5694 5934 5693
f 5695 5934 5694
f 5696 5934 5695
f 5441 5934 5696
f 5440 5934 775
f 789 5934 5441
f 5693 5934 5440
f 775 5935 777
f 777 5935 779
f 779 5935 781
f 781 5935 783
f 783 5935 785
f 785 5935 787
f 787 5935 789
f 5934 5935 775
f 789 5935 5934
f 5699 5936 5442
f 5700 5936 5699
f 5701 5936 5700
f 5702 5936 5701
f 5444 5936 5702
f 803 5936 5444
f 5442 5936 791
f 791 5937 793
f 793 5937 795
f 795 5937 797
f 797 5937 799
f 799 5937 801
f 801 5937 803
f 5936 5937 791
f 803 5937 5936
f 5443 5938 805
f 5705 5938 5443
f 5706 5938 5705
f 5707 5938 5706
f 5708 5938 5707
f 5709 5938 5708
f 5445 5938 5709
f 819 5938 5445
f 819 5939 5938
f 805 5939 807
f 807 5939 809
f 809 5939 811
f 811 5939 813
f 813 5939 815
f 815 5939 817
f 817 5939 819
f 5938 5939 805
f 5712 5940 5445
f 5713 5940 5712
f 5714 5940 5713
f 5715 5940 5714
f 5447 5940 5715
f 5445 5940 821
f 835 5940 5447
f 821 5941 823
f 823 5941 825
f 825 5941 827
f 827 5941 829
f 829 5941 831
f 831 5941 833
f 833 5941 835
f 5940 5941 821
f 835 5941 5940
f 5718 5942 5446
f 5719 5942 5718
f 5720 5942 5719
f 5721 5942 5720
f 5448 5942 5721
f 5446 5942 837
f 851 5942 5448
f 837 5943 839
f 839 5943 841
f 841 5943 843
f 843 5943 845
f 845 5943 847
f 847 5943 849
f 849 5943 851
f 5942 5943 837
f 851 5943 5942
f 865 5944 5450
f 5725 5944 5449
f 5726 5944 5725
f 5727 5944 5726
f 5723 5944 5727
f 5450 5944 5723
f 853 5945 855
f 855 5945 857
f 857 5945 859
f 859 5945 861
f 861 5945 863
f 863 5945 865
f 5449 5945 853
f 5944 5945 5449
f 865 5945 5944
f 5451 5946 867
f 881 5946 5453
f 5730 5946 5451
f 5731 5946 5730
f 5732 5946 5731
f 5733 5946 5732
f 5453 5946 5733
f 5946 5947 867
f 881 5947 5946
f 867 5947 869
f 869 5947 871
f 871 5947 873
f 873 5947 875
f 875 5947 877
f 877 5947 879
f 879 5947 881
f 5452 5948 883
f 5736 5948 5452
f 5737 5948 5736
f 5738 5948 5737
f 5739 5948 5738
f 5454 5948 5739
f 897 5948 5454
f 883 5949 885
f 885 5949 887
f 887 5949 889
f 889 5949 891
f 897 5949 5948
f 891 5949 893
f 893 5949 895
f 895 5949 897
f 5948 5949 883
f 5742 5950 5454
f 5743 5950 5742
f 5744 5950 5743
f 5745 5950 5744
f 5746 5950 5745
f 5455 5950 5746
f 5454 5950 899
f 911 5950 5455
f 911 5951 5950
f 899 5951 901
f 901 5951 903
f 903 5951 905
f 905 5951 907
f 907 5951 909
f 909 5951 911
f 5950 5951 899
f 927 5952 5456
f 5749 5952 5455
f 5750 5952 5749
f 5751 5952 5750
f 5752 5952 5751
f 5753 5952 5752
f 5456 5952 5753
f 5455 5952 913
f 927 5953 5952
f 5952 5953 913
f 913 5953 915
f 915 5953 917
f 917 5953 919
f 919 5953 921
f 921 5953 923
f 923 5953 925
f 925 5953 927
f 5456 5954 929
f 942 5954 5457
f 5756 5954 5456
f 5757 5954 5756
f 5758 5954 5757
f 5759 5954 5758
f 5760 5954 5759
f 5457 5954 5760
f 938 5955 940
f 940 5955 942
f 942 5955 5954
f 5954 5955 929
f 929 5955 931
f 931 5955 933
f 933 5955 936
f 936 5955 938
f 5457 5956 944
f 5763 5956 5457
f 5764 5956 5763
f 5765 5956 5764
f 5766 5956 5765
f 5458 5956 5766
f 958 5956 5458
f 944 5957 946
f 946 5957 948
f 948 5957 949
f 949 5957 952
f 952 5957 954
f 954 5957 956
f 956 5957 958
f 958 5957 5956
f 5956 5957 944
f 5769 5958 5459
f 5770 5958 5769
f 5771 5958 5770
f 5772 5958 5771
f 5461 5958 5772
f 972 5958 5461
f 972 5959 5958
f 960 5959 962
f 962 5959 964
f 964 5959 966
f 966 5959 968
f 968 5959 970
f 970 5959 972
f 5958 5959 5459
f 5459 5959 960
f 988 5960 5462
f 5775 5960 5460
f 5776 5960 5775
f 5777 5960 5776
f 5778 5960 5777
f 5462 5960 5778
f 5460 5960 974
f 5960 5961 974
f 988 5961 5960
f 974 5961 976
f 976 5961 978
f 978 5961 980
f 980 5961 982
f 982 5961 984
f 984 5961 986
f 986 5961 988
f 5463 5962 990
f 1004 5962 5464
f 5781 5962 5463
f 5782 5962 5781
f 5783 5962 5782
f 5784 5962 5783
f 5464 5962 5784
f 5962 5963 990
f 990 5963 992
f 992 5963 994
f 994 5963 996
f 996 5963 998
f 998 5963 1000
f 1000 5963 1002
f 1002 5963 1004
f 1004 5963 5962
f 5465 5964 1006
f 5787 5964 5465
f 5788 5964 5787
f 5789 5964 5788
f 5790 5964 5789
f 5467 5964 5790
f 1006 5965 1008
f 1008 5965 1010
f 1010 5965 1012
f 1012 5965 1014
f 1014 5965 1016
f 1016 5965 1018
f 5964 5965 1006
f 1018 5965 5467
f 5467 5965 5964
f 1033 5966 5468
f 5466 5966 1020
f 5793 5966 5466
f 5794 5966 5793
f 5795 5966 5794
f 5796 5966 5795
f 5468 5966 5796
f 1033 5967 5966
f 1020 5967 1022
f 1022 5967 1024
f 1024 5967 1025
f 1025 5967 1027
f 1027 5967 1029
f 1029 5967 1031
f 1031 5967 1033
f 5966 5967 1020
f 5800 5968 5799
f 5801 5968 5800
f 5802 5968 5801
f 5470 5968 5802
f 5469 5968 1035
f 1049 5968 5470
f 5799 5968 5469
f 5968 5969 1035
f 1035 5969 1037
f 1037 5969 1039
f 1039 5969 1041
f 1041 5969 1043
f 1043 5969 1045
f 1045 5969 1047
f 1047 5969 1049
f 1049 5969 5968
f 5806 5970 5470
f 5807 5970 5806
f 5808 5970 5807
f 5809 5970 5808
f 5810 5970 5809
f 5803 5970 5810
f 5470 5970 1051
f 1051 5971 1053
f 1053 5971 1055
f 1063 5971 5803
f 1055 5971 1057
f 1057 5971 1059
f 1059 5971 1061
f 1061 5971 1063
f 5803 5971 5970
f 5970 5971 1051
f 5813 5972 5803
f 5814 5972 5813
f 5815 5972 5814
f 5816 5972 5815
f 5817 5972 5816
f 5471 5972 5817
f 5803 5972 1065
f 1079 5972 5471
f 5972 5973 1065
f 1079 5973 5972
f 1065 5973 1067
f 1067 5973 1069
f 1069 5973 1071
f 1071 5973 1073
f 1073 5973 1075
f 1075 5973 1077
f 1077 5973 1079
f 1095 5974 5472
f 5820 5974 5471
f 5821 5974 5820
f 5822 5974 5821
f 5823 5974 5822
f 5824 5974 5823
f 5472 5974 5824
f 5471 5974 1081
f 1095 5975 5974
f 5974 5975 1081
f 1081 5975 1083
f 1083 5975 1085
f 1085 5975 1087
f 1087 5975 1089
f 1089 5975 1091
f 1091 5975 1093
f 1093 5975 1095
f 5827 5976 5472
f 5828 5976 5827
f 5829 5976 5828
f 5830 5976 5829
f 5474 5976 5830
f 5472 5976 1097
f 1111 5977 5474
f 1097 5977 1099
f 1099 5977 1101
f 1101 5977 1103
f 1103 5977 1105
f 1105 5977 1107
f 1107 5977 1109
f 1109 5977 1111
f 5976 5977 1097
f 5474 5977 5976
f 5833 5978 5473
f 5834 5978 5833
f 5835 5978 5834
f 5836 5978 5835
f 5476 5978 5836
f 1125 5978 5476
f 5978 5979 5473
f 5473 5979 1113
f 1125 5979 5978
f 1113 5979 1115
f 1115 5979 1117
f 1117 5979 1119
f 1119 5979 1121
f 1121 5979 1123
f 1123 5979 1125
f 5839 5980 5475
f 5840 5980 5839
f 5841 5980 5840
f 5842 5980 5841
f 5478 5980 5842
f 5475 5980 1127
f 1139 5981 1141
f 1141 5981 5478
f 5980 5981 1127
f 5478 5981 5980
f 1127 5981 1129
f 1129 5981 1131
f 1131 5981 1133
f 1133 5981 1135
f 1135 5981 1137
f 1137 5981 1139
f 5845 5982 5477
f 5846 5982 5845
f 5847 5982 5846
f 5848 5982 5847
f 5479 5982 5848
f 5477 5982 1143
f 1143 5983 1145
f 1145 5983 1147
f 1147 5983 1149
f 1149 5983 1151
f 1151 5983 1153
f 1153 5983 1155
f 1155 5983 5479
f 5479 5983 5982
f 5982 5983 1143
f 5851 5984 5480
f 5852 5984 5851
f 5853 5984 5852
f 5854 5984 5853
f 5481 5984 5854
f 1172 5984 5481
f 1157 5985 1159
f 1159 5985 1161
f 1161 5985 1163
f 1163 5985 1165
f 5480 5985 1157
f 1165 5985 1167
f 1167 5985 1169
f 1169 5985 1172
f 1172 5985 5984
f 5984 5985 5480
f 5482 5986 1174
f 5857 5986 5482
f 5858 5986 5857
f 5859 5986 5858
f 5860 5986 5859
f 5484 5986 5860
f 1174 5987 1176
f 1176 5987 1178
f 1178 5987 1180
f 1180 5987 1182
f 1182 5987 1184
f 1184 5987 1186
f 5986 5987 1174
f 1186 5987 5484
f 5484 5987 5986
f 5863 5988 5483
f 5864 5988 5863
f 5865 5988 5864
f 5866 5988 5865
f 5867 5988 5866
f 5486 5988 5867
f 1202 5988 5486
f 5988 5989 5483
f 1202 5989 5988
f 1188 5989 1190
f 1190 5989 1192
f 1192 5989 1194
f 1194 5989 1196
f 1196 5989 1198
f 1198 5989 1200
f 1200 5989 1202
f 5483 5989 1188
f 5990 1209 5487
f 5487 1209 1208
f 5991 1211 5990
f 5990 1211 1209
f 5992 1226 5993
f 5992 1228 1226
f 5994 1242 5995
f 5994 1244 1242
f 5996 1258 5997
f 5997 1258 1256
f 5998 1274 5999
f 5999 1274 1272
f 6000 1290 6001
f 6001 1290 1288
f 6002 1304 1302
f 6003 1304 6002
f 6004 1320 1318
f 6005 1348 6006
f 6005 1350 1348
f 6007 1364 6008
f 6007 1366 1364
f 6009 1380 6010
f 6009 1382 1380
f 6011 1396 1394
f 6012 1396 6011
f 6013 1410 6014
f 6013 1412 1410
f 6015 1426 6016
f 6017 1442 1440
f 6018 1442 6017
f 6019 1456 6020
f 6019 1458 1456
f 6021 1489 6022
f 6022 1489 1487
f 6023 1505 1503
f 6024 1535 1533
f 6025 1535 6024
f 6026 1548 6027
f 6026 1550 1548
f 6028 1564 6029
f 6028 1566 1564
f 6030 1580 6031
f 6031 1580 1578
f 6032 1594 6033
f 6032 1596 1594
f 6034 1610 6035
f 6034 1612 1610
f 6036 1626 6037
f 6038 1640 6039
f 6038 1642 1640
f 6040 1656 6041
f 6040 1658 1656
f 6042 1672 6043
f 6042 1674 1672
f 6044 1688 1686
f 6045 1688 6044
f 6046 1704 1702
f 6047 1704 6046
f 6048 1720 1718
f 6049 1720 6048
f 6050 1734 6051
f 6051 1734 1732
f 6052 1748 6053
f 6052 1750 1748
f 6054 1764 1762
f 6055 1779 6056
f 6055 1781 1779
f 6057 1794 6058
f 6058 1794 1792
f 6059 1810 6060
f 6060 1810 1808
f 6061 1824 6062
f 6061 1826 1824
f 6063 1840 1838
f 6064 1856 1854
f 6065 1872 1870
f 6066 1889 1887
f 6067 1902 1900
f 6068 1902 6067
f 6069 1916 6070
f 6069 1918 1916
f 6071 1932 1930
f 6072 1932 6071
f 6073 1948 1946
f 6074 1948 6073
f 6075 1964 1962
f 6076 1964 6075
f 6077 1978 6078
f 6077 1980 1978
f 6079 1994 1992
f 6080 2010 2008
f 6081 2025 2023
f 6082 2041 2039
f 6083 2054 6084
f 6085 2068 6086
f 6085 2070 2068
f 6087 2086 6088
f 6088 2086 2084
f 6089 2100 2098
f 6090 2100 6089
f 6091 2116 2114
f 6092 2116 6091
f 6093 2131 6094
f 6094 2131 2129
f 6095 2147 6096
f 6096 2147 2145
f 6097 2149 6095
f 6095 2149 2147
f 6097 2151 2149
f 6098 6099 5991
f 6100 6099 6098
f 6101 6099 6100
f 6102 6099 6101
f 5993 6099 6102
f 1226 6099 5993
f 6099 6103 5991
f 1226 6103 6099
f 5991 6103 1211
f 1211 6103 1213
f 1213 6103 1215
f 1215 6103 1217
f 1217 6103 1219
f 1219 6103 1221
f 1221 6103 1223
f 1223 6103 1226
f 1242 6104 5995
f 6105 6104 5992
f 6106 6104 6105
f 6107 6104 6106
f 6108 6104 6107
f 5995 6104 6108
f 5992 6104 1228
f 1242 6109 6104
f 6104 6109 1228
f 1228 6109 1230
f 1230 6109 1232
f 1232 6109 1234
f 1234 6109 1236
f 1236 6109 1238
f 1238 6109 1240
f 1240 6109 1242
f 6110 6111 5994
f 6112 6111 6110
f 6113 6111 6112
f 6114 6111 6113
f 5997 6111 6114
f 1256 6115 5997
f 6111 6115 5994
f 5997 6115 6111
f 1244 6115 1246
f 1246 6115 1248
f 1248 6115 1250
f 1250 6115 1252
f 1252 6115 1254
f 1254 6115 1256
f 5994 6115 1244
f 6116 6117 5996
f 6118 6117 6116
f 6119 6117 6118
f 6120 6117 6119
f 5999 6117 6120
f 5996 6117 1258
f 1272 6117 5999
f 6117 6121 1258
f 1272 6121 6117
f 1258 6121 1260
f 1260 6121 1262
f 1262 6121 1264
f 1264 6121 1266
f 1266 6121 1268
f 1268 6121 1270
f 1270 6121 1272
f 6122 6123 5998
f 6124 6123 6122
f 6125 6123 6124
f 6126 6123 6125
f 6001 6123 6126
f 5998 6123 1274
f 1288 6123 6001
f 1280 6127 1282
f 1282 6127 1284
f 1284 6127 1286
f 1286 6127 1288
f 1288 6127 6123
f 6123 6127 1274
f 1274 6127 1276
f 1276 6127 1278
f 1278 6127 1280
f 1302 6128 6002
f 6129 6128 6000
f 6130 6128 6129
f 6131 6128 6130
f 6132 6128 6131
f 6002 6128 6132
f 6000 6128 1290
f 1290 6133 1292
f 1292 6133 1294
f 1294 6133 1296
f 1296 6133 1298
f 1298 6133 1300
f 1300 6133 1302
f 6128 6133 1290
f 1302 6133 6128
f 6003 6134 1304
f 1318 6134 6004
f 6135 6134 6003
f 6136 6134 6135
f 6137 6134 6136
f 6138 6134 6137
f 6004 6134 6138
f 1304 6139 1306
f 1306 6139 1308
f 1308 6139 1310
f 1310 6139 1312
f 1312 6139 1314
f 1314 6139 1316
f 1316 6139 1318
f 6134 6139 1304
f 1318 6139 6134
f 6004 6140 1320
f 6141 6140 6004
f 6142 6140 6141
f 6143 6140 6142
f 6144 6140 6143
f 6145 6140 6144
f 6146 6140 6145
f 1334 6140 6146
f 1320 6147 1322
f 1322 6147 1324
f 1324 6147 1326
f 1326 6147 1328
f 1328 6147 1330
f 1330 6147 1332
f 1332 6147 1334
f 6140 6147 1320
f 1334 6147 6140
f 6148 6149 6146
f 6150 6149 6148
f 6151 6149 6150
f 6152 6149 6151
f 6006 6149 6152
f 6146 6149 1334
f 1348 6149 6006
f 1334 6153 1336
f 1336 6153 1338
f 1338 6153 1340
f 1340 6153 1342
f 1342 6153 1344
f 1344 6153 1346
f 1346 6153 1348
f 6149 6153 1334
f 1348 6153 6149
f 1364 6154 6008
f 6155 6154 6005
f 6156 6154 6155
f 6157 6154 6156
f 6158 6154 6157
f 6008 6154 6158
f 6005 6154 1350
f 1350 6159 1352
f 1352 6159 1354
f 1354 6159 1356
f 1356 6159 1358
f 1358 6159 1360
f 1360 6159 1362
f 1362 6159 1364
f 1364 6159 6154
f 6154 6159 1350
f 6007 6160 1366
f 6161 6160 6007
f 6162 6160 6161
f 6163 6160 6162
f 6164 6160 6163
f 6010 6160 6164
f 1366 6165 1368
f 1368 6165 1370
f 1380 6165 6010
f 1370 6165 1372
f 1372 6165 1374
f 1374 6165 1376
f 1376 6165 1378
f 1378 6165 1380
f 6160 6165 1366
f 6010 6165 6160
f 6166 6167 6009
f 1394 6167 6011
f 6168 6167 6166
f 6169 6167 6168
f 6170 6167 6169
f 6011 6167 6170
f 1394 6171 6167
f 1382 6171 1384
f 6009 6171 1382
f 1384 6171 1386
f 1386 6171 1388
f 1388 6171 1390
f 1390 6171 1392
f 1392 6171 1394
f 6167 6171 6009
f 6012 6172 1396
f 6173 6172 6012
f 6174 6172 6173
f 6175 6172 6174
f 6176 6172 6175
f 6014 6172 6176
f 1410 6172 6014
f 1410 6177 6172
f 1396 6177 1398
f 1398 6177 1400
f 1400 6177 1402
f 1402 6177 1404
f 1404 6177 1406
f 1406 6177 1408
f 1408 6177 1410
f 6172 6177 1396
f 6013 6178 1412
f 6179 6178 6013
f 6180 6178 6179
f 6181 6178 6180
f 6182 6178 6181
f 6016 6178 6182
f 1426 6183 6016
f 1412 6183 1414
f 1414 6183 1416
f 1416 6183 1418
f 1418 6183 1420
f 1420 6183 1422
f 1422 6183 1424
f 1424 6183 1426
f 6178 6183 1412
f 6016 6183 6178
f 1440 6184 6017
f 6185 6184 6015
f 6186 6184 6185
f 6187 6184 6186
f 6188 6184 6187
f 6017 6184 6188
f 1440 6189 6184
f 6015 6189 1426
f 1426 6189 1428
f 1428 6189 1430
f 1430 6189 1432
f 1432 6189 1434
f 1434 6189 1436
f 1436 6189 1438
f 1438 6189 1440
f 6184 6189 6015
f 6018 6190 1442
f 1456 6190 6020
f 6191 6190 6018
f 6192 6190 6191
f 6193 6190 6192
f 6194 6190 6193
f 6020 6190 6194
f 1456 6195 6190
f 6190 6195 1442
f 1442 6195 1444
f 1444 6195 1446
f 1446 6195 1448
f 1448 6195 1450
f 1450 6195 1452
f 1452 6195 1454
f 1454 6195 1456
f 6196 6197 6198
f 6199 6197 6196
f 1472 6197 6199
f 6019 6197 1458
f 6200 6197 6019
f 6201 6197 6200
f 6198 6197 6201
f 1472 6202 6197
f 6197 6202 1458
f 1458 6202 1460
f 1460 6202 1462
f 1462 6202 1465
f 1465 6202 1467
f 1467 6202 1469
f 1469 6202 1471
f 1471 6202 1472
f 6203 6204 6199
f 6205 6204 6203
f 6206 6204 6205
f 6199 6204 1472
f 6207 6204 6206
f 6208 6204 6207
f 6022 6204 6208
f 1487 6204 6022
f 1472 6204 1474
f 1483 6209 1485
f 1485 6209 1487
f 1487 6209 6204
f 6204 6209 1474
f 1474 6209 1477
f 1477 6209 1479
f 1479 6209 1481
f 1481 6209 1483
f 6210 6211 6021
f 6212 6211 6210
f 6213 6211 6212
f 6214 6211 6213
f 6023 6211 6214
f 6021 6211 1489
f 1503 6211 6023
f 1489 6215 1491
f 1491 6215 1493
f 1493 6215 1495
f 1495 6215 1497
f 1497 6215 1499
f 1499 6215 1501
f 1501 6215 1503
f 6211 6215 1489
f 1503 6215 6211
f 6216 6217 6023
f 6218 6217 6216
f 6219 6217 6218
f 6220 6217 6219
f 6221 6217 6220
f 6222 6217 6221
f 6023 6217 1505
f 1519 6217 6222
f 6217 6223 1505
f 1505 6223 1507
f 1507 6223 1509
f 1509 6223 1511
f 1511 6223 1513
f 1513 6223 1515
f 1515 6223 1517
f 1517 6223 1519
f 1519 6223 6217
f 1533 6224 6024
f 6225 6224 6222
f 6226 6224 6225
f 6227 6224 6226
f 6228 6224 6227
f 6024 6224 6228
f 1519 6229 1521
f 1521 6229 1523
f 1523 6229 1525
f 1525 6229 1527
f 1527 6229 1529
f 1529 6229 1531
f 1531 6229 1533
f 6224 6229 6222
f 1533 6229 6224
f 6222 6229 1519
f 6025 6230 1535
f 6231 6230 6025
f 6232 6230 6231
f 6233 6230 6232
f 6234 6230 6233
f 6027 6230 6234
f 1548 6230 6027
f 1548 6235 6230
f 1535 6235 1537
f 1537 6235 1539
f 1539 6235 1540
f 1540 6235 1542
f 1542 6235 1544
f 1544 6235 1546
f 1546 6235 1548
f 6230 6235 1535
f 6236 6237 6026
f 6238 6237 6236
f 6239 6237 6238
f 6240 6237 6239
f 6029 6237 6240
f 6026 6237 1550
f 1564 6237 6029
f 1550 6241 1552
f 1552 6241 1554
f 1554 6241 1556
f 1556 6241 1558
f 1558 6241 1560
f 1560 6241 1562
f 1562 6241 1564
f 6237 6241 1550
f 1564 6241 6237
f 6242 6243 6028
f 6244 6243 6242
f 6245 6243 6244
f 6246 6243 6245
f 6031 6243 6246
f 6028 6243 1566
f 1578 6243 6031
f 6243 6247 1566
f 1566 6247 1568
f 1568 6247 1570
f 1570 6247 1572
f 1572 6247 1574
f 1574 6247 1576
f 1576 6247 1578
f 1578 6247 6243
f 1594 6248 6033
f 6249 6248 6030
f 6250 6248 6249
f 6251 6248 6250
f 6252 6248 6251
f 6033 6248 6252
f 6030 6248 1580
f 6248 6253 1580
f 1580 6253 1582
f 1582 6253 1584
f 1584 6253 1586
f 1586 6253 1588
f 1588 6253 1590
f 1590 6253 1592
f 1594 6253 6248
f 1592 6253 1594
f 6032 6254 1596
f 6255 6254 6032
f 6256 6254 6255
f 1610 6254 6035
f 6257 6254 6256
f 6258 6254 6257
f 6035 6254 6258
f 1596 6259 1598
f 1598 6259 1600
f 1600 6259 1602
f 1602 6259 1604
f 1604 6259 1606
f 1606 6259 1608
f 1608 6259 1610
f 6254 6259 1596
f 1610 6259 6254
f 6034 6260 1612
f 6261 6260 6034
f 6262 6260 6261
f 6263 6260 6262
f 6264 6260 6263
f 6037 6260 6264
f 1612 6265 1614
f 1614 6265 1616
f 1616 6265 1618
f 1618 6265 1620
f 6260 6265 1612
f 1620 6265 1622
f 1622 6265 1624
f 1624 6265 1626
f 1626 6265 6037
f 6037 6265 6260
f 6266 6267 6036
f 6268 6267 6266
f 6269 6267 6268
f 6270 6267 6269
f 6039 6267 6270
f 1640 6267 6039
f 1640 6271 6267
f 6267 6271 6036
f 1626 6271 1628
f 1628 6271 1630
f 1630 6271 1632
f 1632 6271 1634
f 1634 6271 1636
f 1636 6271 1638
f 1638 6271 1640
f 6036 6271 1626
f 1656 6272 6041
f 6038 6272 1642
f 6273 6272 6038
f 6274 6272 6273
f 6275 6272 6274
f 6276 6272 6275
f 6041 6272 6276
f 1656 6277 6272
f 6272 6277 1642
f 1642 6277 1644
f 1644 6277 1646
f 1646 6277 1648
f 1648 6277 1650
f 1650 6277 1652
f 1652 6277 1654
f 1654 6277 1656
f 6040 6278 1658
f 1672 6278 6043
f 6279 6278 6040
f 6280 6278 6279
f 6281 6278 6280
f 6282 6278 6281
f 6043 6278 6282
f 1672 6283 6278
f 6278 6283 1658
f 1658 6283 1660
f 1660 6283 1662
f 1662 6283 1664
f 1664 6283 1666
f 1666 6283 1668
f 1668 6283 1670
f 1670 6283 1672
f 6284 6285 6042
f 6286 6285 6284
f 6287 6285 6286
f 6288 6285 6287
f 6044 6285 6288
f 1686 6285 6044
f 1684 6289 1686
f 6285 6289 6042
f 6042 6289 1674
f 1686 6289 6285
f 1674 6289 1676
f 1676 6289 1678
f 1678 6289 1680
f 1680 6289 1682
f 1682 6289 1684
f 1702 6290 6046
f 6291 6290 6045
f 6292 6290 6291
f 6045 6290 1688
f 6293 6290 6292
f 6294 6290 6293
f 6046 6290 6294
f 1688 6295 1690
f 1690 6295 1692
f 1692 6295 1694
f 1694 6295 1696
f 1696 6295 1698
f 1698 6295 1700
f 1700 6295 1702
f 6290 6295 1688
f 1702 6295 6290
f 6047 6296 1704
f 1718 6296 6048
f 6297 6296 6047
f 6298 6296 6297
f 6299 6296 6298
f 6300 6296 6299
f 6048 6296 6300
f 1704 6301 1706
f 1706 6301 1708
f 1708 6301 1710
f 1710 6301 1712
f 1712 6301 1714
f 1714 6301 1716
f 1716 6301 1718
f 6296 6301 1704
f 1718 6301 6296
f 6302 6303 6304
f 6051 6303 6302
f 6049 6303 1720
f 6305 6303 6049
f 6306 6303 6305
f 6304 6303 6306
f 1720 6307 1722
f 1722 6307 1724
f 1724 6307 1726
f 1726 6307 1728
f 1728 6307 1730
f 1730 6307 1732
f 6051 6307 6303
f 6303 6307 1720
f 1732 6307 6051
f 6308 6309 6050
f 6310 6309 6308
f 6311 6309 6310
f 6312 6309 6311
f 6053 6309 6312
f 6050 6309 1734
f 1748 6309 6053
f 1734 6313 1736
f 1736 6313 1738
f 1738 6313 1740
f 1740 6313 1742
f 1742 6313 1744
f 1744 6313 1746
f 1746 6313 1748
f 6309 6313 1734
f 1748 6313 6309
f 6314 6315 6052
f 6316 6315 6314
f 6317 6315 6316
f 6318 6315 6317
f 6319 6315 6318
f 6054 6315 6319
f 1762 6315 6054
f 6052 6315 1750
f 1762 6320 6315
f 6315 6320 1750
f 1750 6320 1752
f 1752 6320 1754
f 1754 6320 1756
f 1756 6320 1758
f 1758 6320 1760
f 1760 6320 1762
f 6321 6322 6054
f 6323 6322 6321
f 6324 6322 6323
f 6325 6322 6324
f 6056 6322 6325
f 6054 6322 1764
f 1779 6322 6056
f 1764 6326 1766
f 1766 6326 1768
f 1768 6326 1770
f 1770 6326 1772
f 1772 6326 1775
f 1775 6326 1777
f 1777 6326 1779
f 1779 6326 6322
f 6322 6326 1764
f 6327 6328 6055
f 6329 6328 6327
f 6330 6328 6329
f 6331 6328 6330
f 6058 6328 6331
f 1792 6328 6058
f 6055 6332 1781
f 1781 6332 1783
f 1783 6332 1785
f 1785 6332 1786
f 1786 6332 1788
f 1788 6332 1790
f 1790 6332 1792
f 6328 6332 6055
f 1792 6332 6328
f 6333 6334 6057
f 6335 6334 6333
f 6336 6334 6335
f 6337 6334 6336
f 6060 6334 6337
f 1808 6334 6060
f 6057 6334 1794
f 6334 6338 1794
f 1794 6338 1796
f 1796 6338 1798
f 1798 6338 1800
f 1800 6338 1802
f 1802 6338 1805
f 1805 6338 1806
f 1806 6338 1808
f 1808 6338 6334
f 6059 6339 1810
f 1824 6339 6062
f 6340 6339 6059
f 6341 6339 6340
f 6342 6339 6341
f 6343 6339 6342
f 6062 6339 6343
f 1824 6344 6339
f 6339 6344 1810
f 1810 6344 1812
f 1812 6344 1814
f 1814 6344 1816
f 1816 6344 1818
f 1818 6344 1820
f 1820 6344 1822
f 1822 6344 1824
f 6061 6345 1826
f 6346 6345 6061
f 6347 6345 6346
f 6348 6345 6347
f 6349 6345 6348
f 6063 6345 6349
f 6063 6350 6345
f 1838 6350 6063
f 1826 6350 1828
f 6345 6350 1826
f 1828 6350 1830
f 1830 6350 1832
f 1832 6350 1834
f 1834 6350 1836
f 1836 6350 1838
f 6351 6352 6063
f 6353 6352 6351
f 6354 6352 6353
f 6355 6352 6354
f 6356 6352 6355
f 6064 6352 6356
f 6063 6352 1840
f 1854 6352 6064
f 1854 6357 6352
f 6352 6357 1840
f 1840 6357 1842
f 1842 6357 1844
f 1844 6357 1846
f 1846 6357 1848
f 1848 6357 1850
f 1850 6357 1852
f 1852 6357 1854
f 1870 6358 6065
f 6359 6358 6064
f 6360 6358 6359
f 6361 6358 6360
f 6362 6358 6361
f 6363 6358 6362
f 6065 6358 6363
f 6064 6358 1856
f 6358 6364 1856
f 1870 6364 6358
f 1856 6364 1858
f 1858 6364 1860
f 1860 6364 1862
f 1862 6364 1864
f 1864 6364 1866
f 1866 6364 1868
f 1868 6364 1870
f 6065 6365 1872
f 1887 6365 6066
f 6366 6365 6065
f 6367 6365 6366
f 6368 6365 6367
f 6369 6365 6368
f 6370 6365 6369
f 6066 6365 6370
f 1887 6371 6365
f 6365 6371 1872
f 1872 6371 1874
f 1874 6371 1876
f 1876 6371 1878
f 1878 6371 1881
f 1881 6371 1883
f 1883 6371 1885
f 1885 6371 1887
f 6066 6372 1889
f 1900 6372 6067
f 6373 6372 6066
f 6374 6372 6373
f 6375 6372 6374
f 6376 6372 6375
f 6067 6372 6376
f 1889 6377 1891
f 1891 6377 1893
f 1893 6377 1895
f 1895 6377 1897
f 1897 6377 1899
f 1899 6377 1900
f 1900 6377 6372
f 6372 6377 1889
f 6068 6378 1902
f 6379 6378 6068
f 6380 6378 6379
f 6381 6378 6380
f 6382 6378 6381
f 6070 6378 6382
f 1916 6378 6070
f 1902 6383 1904
f 1904 6383 1906
f 1906 6383 1908
f 1908 6383 1910
f 1910 6383 1913
f 1913 6383 1914
f 1914 6383 1916
f 1916 6383 6378
f 6378 6383 1902
f 6384 6385 6069
f 6386 6385 6384
f 6387 6385 6386
f 6388 6385 6387
f 6071 6385 6388
f 6069 6385 1918
f 1930 6389 6071
f 1918 6389 1920
f 1920 6389 1922
f 1922 6389 1924
f 1924 6389 1926
f 1926 6389 1928
f 1928 6389 1930
f 6071 6389 6385
f 6385 6389 1918
f 1946 6390 6073
f 6391 6390 6072
f 6392 6390 6391
f 6393 6390 6392
f 6394 6390 6393
f 6073 6390 6394
f 6072 6395 1932
f 1932 6395 1934
f 6390 6395 6072
f 1934 6395 1936
f 1936 6395 1938
f 1938 6395 1940
f 1940 6395 1942
f 1942 6395 1944
f 1944 6395 1946
f 1946 6395 6390
f 6074 6396 1948
f 1962 6396 6075
f 6397 6396 6074
f 6398 6396 6397
f 6399 6396 6398
f 6400 6396 6399
f 6075 6396 6400
f 1948 6401 1950
f 1950 6401 1952
f 1952 6401 1954
f 1954 6401 1956
f 1956 6401 1958
f 1958 6401 1960
f 1960 6401 1962
f 1962 6401 6396
f 6396 6401 1948
f 6076 6402 1964
f 6403 6402 6076
f 6404 6402 6403
f 6405 6402 6404
f 6406 6402 6405
f 6078 6402 6406
f 6078 6407 6402
f 1964 6407 1966
f 1966 6407 1968
f 1968 6407 1970
f 1970 6407 1972
f 1972 6407 1974
f 1974 6407 1976
f 1976 6407 1978
f 6402 6407 1964
f 1978 6407 6078
f 6077 6408 1980
f 6409 6408 6410
f 6079 6408 6409
f 1992 6408 6079
f 6411 6408 6077
f 6412 6408 6411
f 6410 6408 6412
f 6408 6413 1980
f 1980 6413 1982
f 1982 6413 1984
f 1984 6413 1986
f 1986 6413 1988
f 1988 6413 1990
f 1990 6413 1992
f 1992 6413 6408
f 6414 6415 6079
f 6416 6415 6414
f 6417 6415 6416
f 6418 6415 6417
f 6419 6415 6418
f 6080 6415 6419
f 6079 6415 1994
f 2008 6415 6080
f 1994 6420 1996
f 1996 6420 1998
f 1998 6420 2000
f 2000 6420 2002
f 2002 6420 2004
f 2004 6420 2006
f 2006 6420 2008
f 6415 6420 1994
f 2008 6420 6415
f 6421 6422 6080
f 6423 6422 6421
f 6424 6422 6423
f 6425 6422 6424
f 6426 6422 6425
f 6081 6422 6426
f 6080 6422 2010
f 2023 6422 6081
f 6422 6427 2010
f 2023 6427 6422
f 2010 6427 2012
f 2012 6427 2014
f 2014 6427 2016
f 2016 6427 2018
f 2018 6427 2020
f 2020 6427 2023
f 2039 6428 6082
f 6429 6428 6081
f 6430 6428 6429
f 6431 6428 6430
f 6432 6428 6431
f 6433 6428 6432
f 6082 6428 6433
f 6081 6428 2025
f 2039 6434 6428
f 6428 6434 2025
f 2025 6434 2027
f 2027 6434 2029
f 2029 6434 2031
f 2031 6434 2033
f 2033 6434 2035
f 2035 6434 2037
f 2037 6434 2039
f 6435 6436 6082
f 6437 6436 6435
f 6438 6436 6437
f 6439 6436 6438
f 6084 6436 6439
f 6082 6436 2041
f 2054 6440 6084
f 6436 6440 2041
f 2041 6440 2043
f 2043 6440 2045
f 2045 6440 2047
f 6084 6440 6436
f 2047 6440 2048
f 2048 6440 2050
f 2050 6440 2052
f 2052 6440 2054
f 6441 6442 6083
f 6443 6442 6441
f 6444 6442 6443
f 6445 6442 6444
f 6086 6442 6445
f 2068 6442 6086
f 6083 6446 2054
f 2068 6446 6442
f 6442 6446 6083
f 2054 6446 2056
f 2056 6446 2058
f 2058 6446 2060
f 2060 6446 2062
f 2062 6446 2064
f 2064 6446 2066
f 2066 6446 2068
f 6447 6448 6085
f 6449 6448 6447
f 6450 6448 6449
f 6451 6448 6450
f 6088 6448 6451
f 6085 6448 2070
f 2084 6448 6088
f 2084 6452 6448
f 6448 6452 2070
f 2070 6452 2072
f 2072 6452 2074
f 2074 6452 2076
f 2076 6452 2078
f 2078 6452 2080
f 2080 6452 2082
f 2082 6452 2084
f 6453 6454 6087
f 6455 6454 6453
f 6456 6454 6455
f 6457 6454 6456
f 6089 6454 6457
f 6087 6454 2086
f 2088 6458 2090
f 2090 6458 2092
f 2092 6458 2094
f 2094 6458 2096
f 2096 6458 2098
f 2098 6458 6089
f 6454 6458 2086
f 6089 6458 6454
f 2086 6458 2088
f 2114 6459 6091
f 6460 6459 6090
f 6461 6459 6460
f 6462 6459 6461
f 6463 6459 6462
f 6091 6459 6463
f 6090 6464 2100
f 2100 6464 2102
f 2102 6464 2104
f 2104 6464 2106
f 2106 6464 2108
f 2108 6464 2110
f 6459 6464 6090
f 2110 6464 2112
f 2112 6464 2114
f 2114 6464 6459
f 6092 6465 2116
f 6466 6465 6092
f 6467 6465 6466
f 6468 6465 6467
f 6469 6465 6468
f 6094 6465 6469
f 2129 6465 6094
f 2116 6470 2118
f 2118 6470 2121
f 2121 6470 2123
f 2123 6470 2125
f 2125 6470 2127
f 2127 6470 2129
f 6465 6470 2116
f 2129 6470 6465
f 6471 6472 6093
f 6473 6472 6471
f 6474 6472 6473
f 6475 6472 6474
f 6476 6472 6475
f 6096 6472 6476
f 2145 6472 6096
f 2131 6477 2133
f 2133 6477 2135
f 2135 6477 2137
f 2137 6477 2139
f 2139 6477 2141
f 2141 6477 2143
f 2143 6477 2145
f 6093 6477 2131
f 2145 6477 6472
f 6472 6477 6093
f 6478 2152 6097
f 6097 2152 2151
f 6479 2154 6478
f 6478 2154 2152
f 6480 2170 6481
f 6481 2170 2168
f 6482 2184 6483
f 6482 2186 2184
f 6484 2200 6485
f 6485 2200 2198
f 6486 2215 6487
f 6486 2217 2215
f 6488 2231 6489
f 6489 2231 2229
f 6490 2247 2245
f 6491 2247 6490
f 6492 2277 2275
f 6493 2291 6494
f 6493 2293 2291
f 6495 2305 6496
f 6495 2308 2305
f 6497 2321 6498
f 6497 2323 2321
f 6499 2337 6500
f 6501 2353 6502
f 6502 2353 2352
f 6503 2369 2367
f 6504 2369 6503
f 6505 2383 6506
f 6505 2385 2383
f 6507 2400 2397
f 6508 2400 6507
f 6509 2416 2414
f 6510 2430 6511
f 6511 2430 2428
f 6512 2446 2444
f 6513 2462 2460
f 6514 2476 6515
f 6516 2490 6517
f 6516 2492 2490
f 6518 2508 6519
f 6519 2508 2506
f 6520 2522 6521
f 6520 2524 2522
f 6522 2538 2536
f 6523 2538 6522
f 6524 2551 6525
f 6524 2553 2551
f 6526 2567 6527
f 6526 2569 2567
f 6528 2581 6529
f 6528 2583 2581
f 6530 2598 6531
f 6530 2600 2598
f 6532 2614 2612
f 6533 2614 6532
f 6534 2629 2627
f 6535 2629 6534
f 6536 2643 6537
f 6536 2645 2643
f 6538 2659 2657
f 6539 2659 6538
f 6540 2675 6541
f 6541 2675 2673
f 6542 2689 6543
f 6542 2691 2689
f 6544 2707 2705
f 6545 2721 6546
f 6546 2721 2719
f 6547 2735 6548
f 6547 2737 2735
f 6549 2751 6550
f 6549 2753 2751
f 6551 2767 2765
f 6552 2767 6551
f 6553 2783 2781
f 6554 2799 2797
f 6555 2815 2813
f 6556 2829 2827
f 6557 2843 2841
f 6558 2843 6557
f 6559 2858 6560
f 6559 2860 2858
f 6561 2874 6562
f 6563 2890 2888
f 6564 2890 6563
f 6565 2906 2904
f 6566 2906 6565
f 6567 2920 2918
f 6568 2920 6567
f 6569 2936 2934
f 6570 2952 2950
f 6571 2982 2980
f 6572 2996 6573
f 6572 2998 2996
f 6574 3012 6575
f 6575 3012 3010
f 6576 3028 6577
f 6577 3028 3026
f 6578 3042 6579
f 6578 3044 3042
f 6580 3058 3056
f 6581 3058 6580
f 6582 3073 6583
f 6582 3075 3073
f 6584 3089 6585
f 6585 3089 3087
f 6586 3091 6584
f 6584 3091 3089
f 6586 3093 3091
f 6587 6588 6479
f 6589 6588 6587
f 6590 6588 6589
f 6591 6588 6590
f 6481 6588 6591
f 2168 6588 6481
f 6588 6592 6479
f 6479 6592 2154
f 2154 6592 2156
f 2156 6592 2158
f 2158 6592 2160
f 2160 6592 2162
f 2162 6592 2164
f 2164 6592 2166
f 2166 6592 2168
f 2168 6592 6588
f 2184 6593 6483
f 6594 6593 6480
f 6595 6593 6594
f 6596 6593 6595
f 6597 6593 6596
f 6483 6593 6597
f 2184 6598 6593
f 6593 6598 6480
f 2170 6598 2172
f 2172 6598 2174
f 2174 6598 2176
f 2176 6598 2178
f 2178 6598 2180
f 2180 6598 2182
f 2182 6598 2184
f 6480 6598 2170
f 6599 6600 6482
f 6601 6600 6599
f 6602 6600 6601
f 6603 6600 6602
f 6485 6600 6603
f 2198 6604 6485
f 6600 6604 6482
f 6485 6604 6600
f 2186 6604 2188
f 2188 6604 2190
f 2190 6604 2192
f 2192 6604 2194
f 2194 6604 2196
f 2196 6604 2198
f 6482 6604 2186
f 6605 6606 6484
f 6607 6606 6605
f 6608 6606 6607
f 6609 6606 6608
f 6487 6606 6609
f 2215 6606 6487
f 6484 6610 2200
f 6606 6610 6484
f 2215 6610 6606
f 2200 6610 2202
f 2202 6610 2204
f 2204 6610 2206
f 2206 6610 2208
f 2208 6610 2211
f 2211 6610 2213
f 2213 6610 2215
f 6611 6612 6486
f 6613 6612 6611
f 6614 6612 6613
f 6615 6612 6614
f 6489 6612 6615
f 2223 6616 2225
f 2225 6616 2227
f 2227 6616 2229
f 6486 6616 2217
f 6612 6616 6486
f 2229 6616 6489
f 6489 6616 6612
f 2217 6616 2219
f 2219 6616 2221
f 2221 6616 2223
f 2245 6617 6490
f 6618 6617 6488
f 6619 6617 6618
f 6620 6617 6619
f 6621 6617 6620
f 6490 6617 6621
f 6488 6617 2231
f 2231 6622 2233
f 2233 6622 2235
f 2235 6622 2237
f 2237 6622 2239
f 2239 6622 2241
f 2241 6622 2243
f 2243 6622 2245
f 6617 6622 2231
f 2245 6622 6617
f 6491 6623 2247
f 2261 6623 6624
f 6625 6623 6491
f 6626 6623 6625
f 6627 6623 6626
f 6628 6623 6627
f 6624 6623 6628
f 2261 6629 6623
f 2247 6629 2249
f 2249 6629 2251
f 2251 6629 2253
f 2253 6629 2255
f 2255 6629 2257
f 2257 6629 2259
f 2259 6629 2261
f 6623 6629 2247
f 6630 6631 6624
f 6632 6631 6630
f 6633 6631 6632
f 6634 6631 6633
f 6635 6631 6634
f 6492 6631 6635
f 2275 6631 6492
f 2275 6636 6631
f 2261 6636 2263
f 2263 6636 2265
f 2265 6636 2267
f 2267 6636 2269
f 2269 6636 2271
f 2271 6636 2273
f 2273 6636 2275
f 6624 6636 2261
f 6631 6636 6624
f 6637 6638 6492
f 6639 6638 6637
f 6640 6638 6639
f 6641 6638 6640
f 6494 6638 6641
f 6492 6638 2277
f 2291 6638 6494
f 2291 6642 6638
f 2277 6642 2279
f 2279 6642 2281
f 2281 6642 2283
f 2283 6642 2285
f 2285 6642 2287
f 2287 6642 2289
f 2289 6642 2291
f 6638 6642 2277
f 2305 6643 6496
f 6644 6643 6493
f 6645 6643 6644
f 6646 6643 6645
f 6647 6643 6646
f 6496 6643 6647
f 6493 6643 2293
f 2293 6648 2295
f 2295 6648 2297
f 2297 6648 2299
f 2299 6648 2301
f 2301 6648 2303
f 2303 6648 2305
f 2305 6648 6643
f 6643 6648 2293
f 6495 6649 2308
f 2321 6649 6498
f 6650 6649 6495
f 6651 6649 6650
f 6652 6649 6651
f 6653 6649 6652
f 6498 6649 6653
f 2308 6654 2310
f 2310 6654 2312
f 2312 6654 2314
f 2314 6654 2316
f 2316 6654 2318
f 2318 6654 2320
f 2320 6654 2321
f 6649 6654 2308
f 2321 6654 6649
f 6497 6655 2323
f 6656 6655 6497
f 6657 6655 6656
f 6658 6655 6657
f 6659 6655 6658
f 6500 6655 6659
f 6500 6660 6655
f 2323 6660 2325
f 2325 6660 2327
f 2327 6660 2329
f 2329 6660 2331
f 2331 6660 2333
f 2333 6660 2335
f 2335 6660 2337
f 2337 6660 6500
f 6655 6660 2323
f 6661 6662 6499
f 6663 6662 6661
f 6664 6662 6663
f 6665 6662 6664
f 6502 6662 6665
f 2352 6662 6502
f 2352 6666 6662
f 6662 6666 6499
f 2337 6666 2339
f 2339 6666 2341
f 2341 6666 2343
f 2343 6666 2345
f 2345 6666 2347
f 2347 6666 2349
f 2349 6666 2352
f 6499 6666 2337
f 2367 6667 6503
f 6668 6667 6501
f 6669 6667 6668
f 6670 6667 6669
f 6671 6667 6670
f 6503 6667 6671
f 6501 6667 2353
f 2367 6672 6667
f 6667 6672 2353
f 2353 6672 2355
f 2355 6672 2357
f 2357 6672 2359
f 2359 6672 2361
f 2361 6672 2363
f 2363 6672 2365
f 2365 6672 2367
f 6504 6673 2369
f 6674 6673 6504
f 6675 6673 6674
f 6676 6673 6675
f 6677 6673 6676
f 6506 6673 6677
f 6673 6678 2369
f 6506 6678 6673
f 2383 6678 6506
f 2369 6678 2371
f 2371 6678 2373
f 2373 6678 2375
f 2375 6678 2377
f 2377 6678 2379
f 2379 6678 2381
f 2381 6678 2383
f 6505 6679 2385
f 2397 6679 6507
f 6680 6679 6505
f 6681 6679 6680
f 6682 6679 6681
f 6683 6679 6682
f 6507 6679 6683
f 6679 6684 2385
f 2397 6684 6679
f 2385 6684 2387
f 2387 6684 2389
f 2389 6684 2391
f 2391 6684 2393
f 2393 6684 2395
f 2395 6684 2397
f 6685 6686 6687
f 6509 6686 6685
f 2414 6686 6509
f 6508 6686 2400
f 6688 6686 6508
f 6689 6686 6688
f 6687 6686 6689
f 2414 6690 6686
f 2400 6690 2402
f 2402 6690 2404
f 2404 6690 2406
f 2406 6690 2408
f 6686 6690 2400
f 2408 6690 2410
f 2410 6690 2412
f 2412 6690 2414
f 6691 6692 6509
f 6693 6692 6691
f 6694 6692 6693
f 6695 6692 6694
f 6696 6692 6695
f 6511 6692 6696
f 6509 6692 2416
f 2426 6697 2428
f 2428 6697 6511
f 6511 6697 6692
f 6692 6697 2416
f 2416 6697 2418
f 2418 6697 2420
f 2420 6697 2422
f 2422 6697 2424
f 2424 6697 2426
f 6698 6699 6510
f 6700 6699 6698
f 6701 6699 6700
f 6702 6699 6701
f 6512 6699 6702
f 6510 6699 2430
f 2444 6699 6512
f 2430 6703 2432
f 2432 6703 2434
f 2434 6703 2436
f 2436 6703 2438
f 2438 6703 2440
f 2440 6703 2442
f 2442 6703 2444
f 6699 6703 2430
f 2444 6703 6699
f 6704 6705 6512
f 6706 6705 6704
f 6707 6705 6706
f 6708 6705 6707
f 6709 6705 6708
f 6513 6705 6709
f 6512 6705 2446
f 2460 6705 6513
f 6705 6710 2446
f 2446 6710 2448
f 2448 6710 2450
f 2450 6710 2452
f 2452 6710 2454
f 2454 6710 2456
f 2456 6710 2458
f 2458 6710 2460
f 2460 6710 6705
f 6711 6712 6513
f 6713 6712 6711
f 6714 6712 6713
f 6715 6712 6714
f 6515 6712 6715
f 6513 6712 2462
f 6515 6716 6712
f 2476 6716 6515
f 2462 6716 2464
f 2464 6716 2466
f 2466 6716 2468
f 2468 6716 2470
f 2470 6716 2472
f 2472 6716 2474
f 2474 6716 2476
f 6712 6716 2462
f 6717 6718 6514
f 6719 6718 6717
f 6720 6718 6719
f 6721 6718 6720
f 6517 6718 6721
f 2490 6718 6517
f 6514 6722 2476
f 2476 6722 2478
f 2478 6722 2480
f 2480 6722 2482
f 2482 6722 2484
f 2484 6722 2486
f 2486 6722 2488
f 2490 6722 6718
f 2488 6722 2490
f 6718 6722 6514
f 6723 6724 6516
f 6725 6724 6723
f 6726 6724 6725
f 6727 6724 6726
f 6519 6724 6727
f 6516 6724 2492
f 2506 6724 6519
f 2506 6728 6724
f 2492 6728 2494
f 2494 6728 2496
f 2496 6728 2498
f 2498 6728 2500
f 2500 6728 2502
f 2502 6728 2504
f 2504 6728 2506
f 6724 6728 2492
f 6729 6730 6518
f 6731 6730 6729
f 6732 6730 6731
f 6733 6730 6732
f 6521 6730 6733
f 6518 6730 2508
f 2508 6734 2510
f 2510 6734 2512
f 2512 6734 2514
f 2514 6734 2516
f 2516 6734 2518
f 2518 6734 2520
f 2520 6734 2522
f 6730 6734 2508
f 6521 6734 6730
f 2522 6734 6521
f 2536 6735 6522
f 6736 6735 6520
f 6737 6735 6736
f 6738 6735 6737
f 6739 6735 6738
f 6522 6735 6739
f 2536 6740 6735
f 6735 6740 6520
f 2524 6740 2526
f 2526 6740 2528
f 2528 6740 2530
f 2530 6740 2532
f 2532 6740 2534
f 2534 6740 2536
f 6520 6740 2524
f 6523 6741 2538
f 2551 6741 6525
f 6742 6741 6523
f 6743 6741 6742
f 6744 6741 6743
f 6745 6741 6744
f 6525 6741 6745
f 2551 6746 6741
f 2538 6746 2540
f 2540 6746 2541
f 2541 6746 2543
f 2543 6746 2545
f 2545 6746 2547
f 2547 6746 2549
f 2549 6746 2551
f 6741 6746 2538
f 6524 6747 2553
f 6748 6747 6524
f 6749 6747 6748
f 6750 6747 6749
f 6751 6747 6750
f 6527 6747 6751
f 6527 6752 6747
f 2553 6752 2555
f 2555 6752 2557
f 2557 6752 2559
f 2559 6752 2561
f 2561 6752 2563
f 2563 6752 2565
f 2565 6752 2567
f 2567 6752 6527
f 6747 6752 2553
f 6526 6753 2569
f 6754 6753 6526
f 6755 6753 6754
f 6756 6753 6755
f 6757 6753 6756
f 6529 6753 6757
f 2581 6753 6529
f 2581 6758 6753
f 2569 6758 2571
f 2571 6758 2573
f 2573 6758 2575
f 2575 6758 2577
f 2577 6758 2579
f 2579 6758 2581
f 6753 6758 2569
f 6528 6759 2583
f 2598 6759 6531
f 6760 6759 6528
f 6761 6759 6760
f 6762 6759 6761
f 6763 6759 6762
f 6531 6759 6763
f 6759 6764 2583
f 2598 6764 6759
f 2583 6764 2585
f 2585 6764 2587
f 2587 6764 2589
f 2589 6764 2591
f 2591 6764 2593
f 2593 6764 2596
f 2596 6764 2598
f 2612 6765 6532
f 6766 6765 6530
f 6767 6765 6766
f 6768 6765 6767
f 6769 6765 6768
f 6532 6765 6769
f 6765 6770 6530
f 6530 6770 2600
f 2612 6770 6765
f 2600 6770 2602
f 2602 6770 2604
f 2604 6770 2606
f 2606 6770 2608
f 2608 6770 2610
f 2610 6770 2612
f 6533 6771 2614
f 6772 6771 6533
f 6773 6771 6772
f 2627 6771 6534
f 6774 6771 6773
f 6775 6771 6774
f 6534 6771 6775
f 6771 6776 2614
f 2627 6776 6771
f 2614 6776 2616
f 2616 6776 2618
f 2618 6776 2620
f 2620 6776 2622
f 2622 6776 2624
f 2624 6776 2625
f 2625 6776 2627
f 2643 6777 6537
f 6535 6777 2629
f 6778 6777 6535
f 6779 6777 6778
f 6780 6777 6779
f 6781 6777 6780
f 6537 6777 6781
f 2629 6782 2631
f 2631 6782 2633
f 2633 6782 2635
f 2635 6782 2637
f 2637 6782 2639
f 2639 6782 2641
f 2643 6782 6777
f 2641 6782 2643
f 6777 6782 2629
f 6536 6783 2645
f 6784 6783 6536
f 6785 6783 6784
f 6786 6783 6785
f 6787 6783 6786
f 6538 6783 6787
f 2645 6788 2647
f 2647 6788 2649
f 2649 6788 2651
f 2651 6788 2653
f 2653 6788 2655
f 2655 6788 2657
f 2657 6788 6538
f 6783 6788 2645
f 6538 6788 6783
f 6789 6790 6791
f 6541 6790 6789
f 2673 6790 6541
f 6539 6790 2659
f 6792 6790 6539
f 6793 6790 6792
f 6791 6790 6793
f 2659 6794 2661
f 2661 6794 2663
f 2663 6794 2665
f 2665 6794 2667
f 2667 6794 2669
f 2669 6794 2671
f 2671 6794 2673
f 6790 6794 2659
f 2673 6794 6790
f 6795 6796 6540
f 6797 6796 6795
f 6798 6796 6797
f 6799 6796 6798
f 6543 6796 6799
f 6540 6796 2675
f 2689 6796 6543
f 2675 6800 2677
f 2677 6800 2679
f 2679 6800 2681
f 2681 6800 2683
f 2683 6800 2685
f 2685 6800 2687
f 2687 6800 2689
f 6796 6800 2675
f 2689 6800 6796
f 6801 6802 6542
f 6803 6802 6801
f 6804 6802 6803
f 6805 6802 6804
f 6806 6802 6805
f 6544 6802 6806
f 2705 6802 6544
f 6542 6802 2691
f 6802 6807 2691
f 2705 6807 6802
f 2691 6807 2693
f 2693 6807 2695
f 2695 6807 2697
f 2697 6807 2699
f 2699 6807 2701
f 2701 6807 2703
f 2703 6807 2705
f 6544 6808 2707
f 6809 6808 6544
f 6810 6808 6809
f 6811 6808 6810
f 6812 6808 6811
f 6546 6808 6812
f 2719 6808 6546
f 2707 6813 2709
f 2709 6813 2711
f 2711 6813 2713
f 2713 6813 2715
f 2715 6813 2717
f 2717 6813 2719
f 6808 6813 2707
f 2719 6813 6808
f 6814 6815 6545
f 6816 6815 6814
f 6817 6815 6816
f 6818 6815 6817
f 6548 6815 6818
f 6545 6815 2721
f 2735 6815 6548
f 2735 6819 6815
f 2721 6819 2723
f 2723 6819 2725
f 2725 6819 2727
f 2727 6819 2729
f 2729 6819 2731
f 2731 6819 2733
f 6815 6819 2721
f 2733 6819 2735
f 2751 6820 6550
f 6821 6820 6547
f 6822 6820 6821
f 6823 6820 6822
f 6824 6820 6823
f 6550 6820 6824
f 6547 6820 2737
f 6820 6825 2737
f 2737 6825 2739
f 2739 6825 2741
f 2741 6825 2743
f 2743 6825 2745
f 2745 6825 2747
f 2747 6825 2749
f 2749 6825 2751
f 2751 6825 6820
f 6549 6826 2753
f 6827 6826 6549
f 6828 6826 6827
f 6829 6826 6828
f 6830 6826 6829
f 6551 6826 6830
f 2765 6831 6551
f 6551 6831 6826
f 6826 6831 2753
f 2753 6831 2755
f 2755 6831 2757
f 2757 6831 2759
f 2759 6831 2761
f 2761 6831 2763
f 2763 6831 2765
f 6552 6832 2767
f 6833 6832 6552
f 6834 6832 6833
f 6835 6832 6834
f 6836 6832 6835
f 6553 6832 6836
f 2781 6832 6553
f 2781 6837 6832
f 6832 6837 2767
f 2767 6837 2769
f 2769 6837 2771
f 2771 6837 2773
f 2773 6837 2775
f 2775 6837 2777
f 2777 6837 2779
f 2779 6837 2781
f 6838 6839 6553
f 6840 6839 6838
f 6841 6839 6840
f 6842 6839 6841
f 6843 6839 6842
f 6553 6839 2783
f 6554 6839 6843
f 2797 6839 6554
f 2797 6844 6839
f 6839 6844 2783
f 2783 6844 2785
f 2785 6844 2787
f 2787 6844 2789
f 2789 6844 2791
f 2791 6844 2793
f 2793 6844 2795
f 2795 6844 2797
f 2813 6845 6555
f 6846 6845 6554
f 6847 6845 6846
f 6848 6845 6847
f 6849 6845 6848
f 6850 6845 6849
f 6555 6845 6850
f 6554 6845 2799
f 6845 6851 2799
f 2813 6851 6845
f 2799 6851 2801
f 2801 6851 2803
f 2803 6851 2805
f 2805 6851 2807
f 2807 6851 2809
f 2809 6851 2811
f 2811 6851 2813
f 6555 6852 2815
f 2827 6852 6556
f 6853 6852 6555
f 6854 6852 6853
f 6855 6852 6854
f 6856 6852 6855
f 6857 6852 6856
f 6556 6852 6857
f 2827 6858 6852
f 6852 6858 2815
f 2815 6858 2817
f 2817 6858 2819
f 2819 6858 2821
f 2821 6858 2823
f 2823 6858 2825
f 2825 6858 2827
f 2841 6859 6557
f 6556 6859 2829
f 6860 6859 6556
f 6861 6859 6860
f 6862 6859 6861
f 6863 6859 6862
f 6557 6859 6863
f 2829 6864 2831
f 2831 6864 2833
f 2833 6864 2835
f 2835 6864 2837
f 6859 6864 2829
f 2837 6864 2839
f 2839 6864 2841
f 2841 6864 6859
f 6558 6865 2843
f 6866 6865 6558
f 6867 6865 6866
f 6868 6865 6867
f 6869 6865 6868
f 6560 6865 6869
f 2858 6865 6560
f 2843 6870 2845
f 2845 6870 2848
f 2848 6870 2850
f 2850 6870 2852
f 2852 6870 2854
f 2854 6870 2856
f 2856 6870 2858
f 2858 6870 6865
f 6865 6870 2843
f 6871 6872 6559
f 6873 6872 6871
f 6874 6872 6873
f 6875 6872 6874
f 6562 6872 6875
f 6559 6872 2860
f 2874 6876 6562
f 2860 6876 2862
f 2862 6876 2864
f 2864 6876 2866
f 2866 6876 2868
f 2868 6876 2870
f 2870 6876 2872
f 2872 6876 2874
f 6872 6876 2860
f 6562 6876 6872
f 2888 6877 6563
f 6878 6877 6561
f 6879 6877 6878
f 6880 6877 6879
f 6881 6877 6880
f 6563 6877 6881
f 6561 6882 2874
f 2874 6882 2876
f 2876 6882 2878
f 2878 6882 2880
f 2880 6882 2882
f 2882 6882 2884
f 2884 6882 2886
f 2886 6882 2888
f 6877 6882 6561
f 2888 6882 6877
f 6564 6883 2890
f 2904 6883 6565
f 6884 6883 6564
f 6885 6883 6884
f 6886 6883 6885
f 6887 6883 6886
f 6565 6883 6887
f 2890 6888 2892
f 2892 6888 2894
f 2894 6888 2896
f 2896 6888 2898
f 2898 6888 2900
f 2900 6888 2902
f 2902 6888 2904
f 2904 6888 6883
f 6883 6888 2890
f 6566 6889 2906
f 6890 6889 6566
f 6891 6889 6890
f 6892 6889 6891
f 6893 6889 6892
f 6567 6889 6893
f 6567 6894 6889
f 2906 6894 2908
f 2908 6894 2910
f 2910 6894 2912
f 2912 6894 2914
f 2914 6894 2916
f 2916 6894 2918
f 6889 6894 2906
f 2918 6894 6567
f 6895 6896 6897
f 6569 6896 6895
f 6568 6896 2920
f 2934 6896 6569
f 6898 6896 6568
f 6899 6896 6898
f 6897 6896 6899
f 2920 6900 2922
f 2922 6900 2924
f 6896 6900 2920
f 2924 6900 2926
f 2926 6900 2928
f 2928 6900 2930
f 2930 6900 2932
f 2934 6900 6896
f 2932 6900 2934
f 6901 6902 6569
f 6903 6902 6901
f 6904 6902 6903
f 6905 6902 6904
f 6906 6902 6905
f 6570 6902 6906
f 6569 6902 2936
f 2950 6902 6570
f 2950 6907 6902
f 2936 6907 2938
f 2938 6907 2940
f 2940 6907 2942
f 2942 6907 2944
f 2944 6907 2946
f 2946 6907 2948
f 2948 6907 2950
f 6902 6907 2936
f 6908 6909 6570
f 6910 6909 6908
f 6911 6909 6910
f 6912 6909 6911
f 6913 6909 6912
f 6914 6909 6913
f 6570 6909 2952
f 2966 6909 6914
f 6909 6915 2952
f 2966 6915 6909
f 2952 6915 2954
f 2954 6915 2956
f 2956 6915 2958
f 2958 6915 2960
f 2960 6915 2962
f 2962 6915 2964
f 2964 6915 2966
f 2980 6916 6571
f 6917 6916 6914
f 6918 6916 6917
f 6919 6916 6918
f 6920 6916 6919
f 6921 6916 6920
f 6571 6916 6921
f 6916 6922 6914
f 2966 6922 2968
f 2968 6922 2970
f 2970 6922 2972
f 2972 6922 2974
f 2974 6922 2976
f 6914 6922 2966
f 2976 6922 2978
f 2978 6922 2980
f 2980 6922 6916
f 6571 6923 2982
f 2996 6923 6573
f 6924 6923 6571
f 6925 6923 6924
f 6926 6923 6925
f 6927 6923 6926
f 6573 6923 6927
f 2982 6928 2984
f 2984 6928 2986
f 2996 6928 6923
f 6923 6928 2982
f 2986 6928 2988
f 2988 6928 2990
f 2990 6928 2992
f 2992 6928 2994
f 2994 6928 2996
f 6929 6930 6572
f 6931 6930 6929
f 6932 6930 6931
f 6933 6930 6932
f 6572 6930 2998
f 6575 6930 6933
f 3010 6930 6575
f 6930 6934 2998
f 3010 6934 6930
f 2998 6934 3000
f 3000 6934 3002
f 3002 6934 3004
f 3004 6934 3006
f 3006 6934 3008
f 3008 6934 3010
f 6935 6936 6574
f 6937 6936 6935
f 6938 6936 6937
f 6939 6936 6938
f 6577 6936 6939
f 3026 6936 6577
f 6574 6940 3012
f 6936 6940 6574
f 3026 6940 6936
f 3012 6940 3014
f 3014 6940 3016
f 3016 6940 3018
f 3018 6940 3020
f 3020 6940 3022
f 3022 6940 3024
f 3024 6940 3026
f 3042 6941 6579
f 6942 6941 6576
f 6943 6941 6942
f 6944 6941 6943
f 6945 6941 6944
f 6579 6941 6945
f 6576 6941 3028
f 3032 6946 3034
f 3034 6946 3036
f 3036 6946 3038
f 3038 6946 3040
f 3040 6946 3042
f 3042 6946 6941
f 6941 6946 3028
f 3028 6946 3030
f 3030 6946 3032
f 6947 6948 6578
f 6949 6948 6947
f 6950 6948 6949
f 6951 6948 6950
f 6580 6948 6951
f 3044 6952 3046
f 3046 6952 3048
f 3048 6952 3050
f 6578 6952 3044
f 3050 6952 3052
f 3052 6952 3054
f 3054 6952 3056
f 3056 6952 6580
f 6948 6952 6578
f 6580 6952 6948
f 6953 6954 6581
f 6955 6954 6953
f 6956 6954 6955
f 6957 6954 6956
f 6583 6954 6957
f 3058 6958 3061
f 3061 6958 3063
f 3063 6958 3065
f 3065 6958 3067
f 3067 6958 3069
f 3069 6958 3071
f 3071 6958 3073
f 6583 6958 6954
f 6581 6958 3058
f 6954 6958 6581
f 3073 6958 6583
f 6959 6960 6582
f 6961 6960 6959
f 6962 6960 6961
f 6963 6960 6962
f 6964 6960 6963
f 6585 6960 6964
f 3087 6960 6585
f 3075 6965 3077
f 3077 6965 3079
f 3087 6965 6960
f 6960 6965 6582
f 3079 6965 3081
f 3081 6965 3083
f 3083 6965 3085
f 3085 6965 3087
f 6582 6965 3075
f 6586 3095 3093
f 6966 3095 6586
f 6967 6968 6969
f 6970 6971 6972
f 6973 6974 6975
f 6975 6974 6976
f 6977 6978 6979
f 6979 6978 6980
f 6981 6982 6983
f 6984 6985 6981
f 6981 6985 6982
f 6986 6987 6988
f 6986 6989 6987
f 6990 6989 6986
f 6991 6992 6993
f 6994 6992 6991
f 6994 6995 6992
f 6996 6995 6994
f 6997 6998 6999
f 6997 7000 6998
f 6997 7001 7000
f 7002 7001 6997
f 7002 7003 7001
f 7004 7003 7002
f 7005 7006 7007
f 7008 7009 7005
f 7005 7009 7006
f 7010 7011 7008
f 7008 7011 7009
f 7010 7012 7011
f 7013 7014 7010
f 7010 7014 7012
f 7015 7016 7013
f 7013 7016 7014
f 7017 7018 7015
f 7015 7018 7016
f 7019 7020 7017
f 7017 7020 7018
f 7021 7022 7019
f 7019 7022 7020
f 7021 7023 7022
f 7021 7024 7023
f 7025 7024 7021
f 7025 7026 7024
f 7027 7026 7025
f 7027 7028 7026
f 7029 7028 7027
f 7029 7030 7028
f 7031 7030 7029
f 7031 7032 7030
f 7033 7032 7031
f 7033 7034 7032
f 7035 7034 7033
f 7035 7036 7034
f 7037 7036 7035
f 7037 7038 7036
f 7039 7038 7037
f 7039 7040 7038
f 7039 7041 7040
f 7042 7041 7039
f 7042 7043 7041
f 7044 7043 7042
f 7044 7045 7043
f 7046 7045 7044
f 7046 7047 7045
f 7048 7047 7046
f 7048 7049 7047
f 7050 7049 7048
f 7050 7051 7049
f 7052 7051 7050
f 7052 7053 7051
f 7054 7053 7052
f 7054 7055 7053
f 7056 7055 7054
f 7056 7057 7055
f 7058 7057 7056
f 7058 7059 7057
f 7060 7059 7058
f 7060 7061 7059
f 7062 7061 7060
f 7062 7063 7061
f 7064 7063 7062
f 7064 7065 7063
f 7066 7065 7064
f 7066 7067 7065
f 7066 7068 7067
f 7068 7069 7067
f 7068 7070 7069
f 7070 7071 7069
f 7070 7072 7071
f 7072 7073 7071
f 7072 7074 7073
f 7074 7075 7073
f 6966 7076 3095
f 7077 7076 6966
f 7078 7076 7077
f 7079 7076 7078
f 7080 7076 7079
f 7081 7076 7080
f 3095 7082 3097
f 3097 7082 3099
f 3099 7082 3101
f 3101 7082 3103
f 3103 7082 3105
f 3105 7082 3107
f 7076 7082 3095
f 7083 7084 7081
f 7085 7084 7083
f 7086 7084 7085
f 7087 7084 7086
f 7081 7084 7076
f 3107 7088 3109
f 3109 7088 3111
f 3111 7088 3113
f 3113 7088 3115
f 3115 7088 3117
f 3117 7088 3119
f 7084 7088 7076
f 7082 7088 3107
f 7076 7088 7082
f 7087 7089 7084
f 7090 7089 7087
f 7091 7089 7090
f 7092 7089 7091
f 7093 7089 7092
f 7094 7089 7093
f 7089 7095 7084
f 3119 7095 3121
f 3121 7095 3123
f 3123 7095 3125
f 3125 7095 3127
f 3127 7095 3129
f 7088 7095 3119
f 7084 7095 7088
f 7094 7096 7089
f 7097 7096 7094
f 7098 7096 7097
f 7099 7096 7098
f 7100 7096 7099
f 7096 7101 7089
f 3129 7101 3131
f 3131 7101 3133
f 3133 7101 3135
f 3135 7101 3137
f 3137 7101 3139
f 3139 7101 3141
f 7089 7101 7095
f 7095 7101 3129
f 7102 7103 7100
f 7104 7103 7102
f 7105 7103 7104
f 7106 7103 7105
f 7100 7103 7096
f 3141 7107 3143
f 3143 7107 3145
f 3145 7107 3147
f 3147 7107 3149
f 3149 7107 3151
f 3151 7107 3153
f 7096 7107 7101
f 7101 7107 3141
f 7103 7107 7096
f 7106 7108 7103
f 7109 7108 7106
f 7110 7108 7109
f 7111 7108 7110
f 7112 7108 7111
f 7113 7108 7112
f 3153 7114 3155
f 3155 7114 3157
f 3157 7114 3159
f 3159 7114 3161
f 3161 7114 3163
f 7107 7114 3153
f 7103 7114 7107
f 7108 7114 7103
f 7115 7116 7113
f 7117 7116 7115
f 7118 7116 7117
f 7119 7116 7118
f 7113 7116 7108
f 7114 7120 3163
f 3163 7120 3165
f 7108 7120 7114
f 3165 7120 3167
f 3167 7120 3169
f 3169 7120 3171
f 3171 7120 3173
f 3173 7120 3175
f 7116 7120 7108
f 7121 7122 7119
f 7123 7122 7121
f 7124 7122 7123
f 7125 7122 7124
f 7126 7122 7125
f 7119 7122 7116
f 7120 7127 3175
f 7116 7127 7120
f 7122 7127 7116
f 3175 7127 3177
f 3177 7127 3179
f 3179 7127 3181
f 3181 7127 3183
f 3183 7127 3185
f 3185 7127 3187
f 7128 7129 7126
f 7130 7129 7128
f 7131 7129 7130
f 7132 7129 7131
f 7126 7129 7122
f 7127 7133 3187
f 3187 7133 3189
f 3189 7133 3191
f 3191 7133 3193
f 3193 7133 3195
f 3195 7133 3197
f 7129 7133 7122
f 7122 7133 7127
f 7132 7134 7129
f 7135 7134 7132
f 7136 7134 7135
f 7137 7134 7136
f 7138 7134 7137
f 7133 7139 3197
f 7134 7139 7129
f 3197 7139 3199
f 3199 7139 3201
f 3201 7139 3203
f 3203 7139 3205
f 3205 7139 3207
f 3207 7139 3209
f 7129 7139 7133
f 7138 7140 7134
f 7141 7140 7138
f 7142 7140 7141
f 7143 7140 7142
f 7144 7140 7143
f 7145 7140 7144
f 7140 7146 7134
f 3209 7146 3211
f 7139 7146 3209
f 3211 7146 3213
f 3213 7146 3215
f 3215 7146 3217
f 3217 7146 3219
f 3219 7146 3221
f 7134 7146 7139
f 7145 7147 7140
f 7148 7147 7145
f 7149 7147 7148
f 7150 7147 7149
f 7151 7147 7150
f 7146 7152 3221
f 7147 7152 7140
f 3221 7152 3223
f 3223 7152 3225
f 3225 7152 3227
f 3227 7152 3229
f 3229 7152 3231
f 7140 7152 7146
f 7151 7153 7147
f 7154 7153 7151
f 7155 7153 7154
f 7156 7153 7155
f 7157 7153 7156
f 7153 7158 7147
f 7152 7158 3231
f 3231 7158 3233
f 3233 7158 3235
f 3235 7158 3237
f 3237 7158 3239
f 3239 7158 3241
f 3241 7158 3243
f 7147 7158 7152
f 7157 7159 7153
f 7160 7159 7157
f 7161 7159 7160
f 7162 7159 7161
f 7163 7159 7162
f 7164 7159 7163
f 7153 7165 7158
f 7159 7165 7153
f 7158 7165 3243
f 3243 7165 3245
f 3245 7165 3247
f 3247 7165 3249
f 3249 7165 3251
f 3251 7165 3253
f 3253 7165 3255
f 7164 7166 7159
f 7167 7166 7164
f 7168 7166 7167
f 7169 7166 7168
f 7170 7166 7169
f 7165 7171 3255
f 7159 7171 7165
f 3255 7171 3257
f 3257 7171 3259
f 3259 7171 3261
f 3261 7171 3263
f 3263 7171 3265
f 7166 7171 7159
f 7172 7173 7174
f 7175 7173 7172
f 7176 7173 7175
f 7177 7173 7176
f 7170 7173 7166
f 7174 7173 7170
f 7173 7178 7166
f 7166 7178 7171
f 3265 7178 3267
f 3267 7178 3269
f 3269 7178 3271
f 3271 7178 3273
f 7171 7178 3265
f 3273 7178 3275
f 3275 7178 3277
f 7179 7180 7177
f 7181 7180 7179
f 7182 7180 7181
f 7183 7180 7182
f 7177 7180 7173
f 7180 7184 7173
f 7178 7184 3277
f 7173 7184 7178
f 3277 7184 3279
f 3279 7184 3281
f 3281 7184 3283
f 3283 7184 3285
f 3285 7184 3287
f 7185 7186 7183
f 7187 7186 7185
f 7188 7186 7187
f 7189 7186 7188
f 7190 7186 7189
f 7183 7186 7180
f 3291 7191 3293
f 3293 7191 3295
f 3295 7191 3297
f 3297 7191 3299
f 7184 7191 3287
f 7180 7191 7184
f 7186 7191 7180
f 3287 7191 3289
f 3289 7191 3291
f 7192 7193 7190
f 7194 7193 7192
f 7195 7193 7194
f 7196 7193 7195
f 7190 7193 7186
f 7193 7197 7186
f 3299 7197 3301
f 3301 7197 3303
f 3303 7197 3305
f 3305 7197 3307
f 3307 7197 3309
f 3309 7197 3311
f 7191 7197 3299
f 7186 7197 7191
f 7198 7199 7196
f 7200 7199 7198
f 7201 7199 7200
f 7202 7199 7201
f 7196 7199 7193
f 7193 7203 7197
f 3311 7203 3313
f 3313 7203 3315
f 3315 7203 3317
f 3317 7203 3319
f 3319 7203 3321
f 7197 7203 3311
f 7199 7203 7193
f 7202 7204 7199
f 7205 7204 7202
f 7206 7204 7205
f 7207 7204 7206
f 7208 7204 7207
f 3321 7209 3323
f 3323 7209 3325
f 3325 7209 3327
f 3327 7209 3329
f 3329 7209 3331
f 3331 7209 3333
f 7203 7209 3321
f 7199 7209 7203
f 7204 7209 7199
f 7210 7211 7208
f 7212 7211 7210
f 7208 7211 7204
f 7213 7211 7212
f 7214 7211 7213
f 7215 7211 7214
f 3333 7216 3335
f 3335 7216 3337
f 3337 7216 3339
f 3339 7216 3341
f 3341 7216 3343
f 3343 7216 3345
f 7211 7216 7204
f 7209 7216 3333
f 7204 7216 7209
f 7217 7218 7215
f 7219 7218 7217
f 7220 7218 7219
f 7221 7218 7220
f 7222 7218 7221
f 7215 7218 7211
f 3345 7223 3347
f 3347 7223 3349
f 3349 7223 3351
f 3351 7223 3353
f 3353 7223 3355
f 7218 7223 7211
f 7216 7223 3345
f 7211 7223 7216
f 7224 7225 7222
f 7226 7225 7224
f 7227 7225 7226
f 7228 7225 7227
f 7222 7225 7218
f 7218 7229 7223
f 7225 7229 7218
f 3355 7229 3357
f 3357 7229 3359
f 3359 7229 3361
f 3361 7229 3363
f 3363 7229 3365
f 3365 7229 3367
f 7223 7229 3355
f 7230 7231 7228
f 7232 7231 7230
f 7233 7231 7232
f 7234 7231 7233
f 7228 7231 7225
f 7229 7235 3367
f 7231 7235 7225
f 3367 7235 3369
f 3369 7235 3371
f 3371 7235 3373
f 3373 7235 3375
f 3375 7235 3377
f 3377 7235 3379
f 7225 7235 7229
f 7234 7236 7231
f 7237 7236 7234
f 7238 7236 7237
f 7239 7236 7238
f 7240 7236 7239
f 7231 7241 7235
f 7235 7241 3379
f 3379 7241 3381
f 3381 7241 3383
f 3383 7241 3385
f 3385 7241 3387
f 3387 7241 3389
f 7236 7241 7231
f 7240 7242 7236
f 7243 7242 7240
f 7244 7242 7243
f 7245 7242 7244
f 7246 7242 7245
f 7242 7247 7236
f 3389 7247 3391
f 3391 7247 3393
f 3393 7247 3395
f 7236 7247 7241
f 3395 7247 3397
f 3397 7247 3399
f 3399 7247 3401
f 7241 7247 3389
f 7248 7249 7246
f 7250 7249 7248
f 7251 7249 7250
f 7252 7249 7251
f 7253 7249 7252
f 7246 7249 7242
f 7247 7254 3401
f 7242 7254 7247
f 3401 7254 3403
f 3403 7254 3405
f 3405 7254 3407
f 3407 7254 3409
f 3409 7254 3411
f 7249 7254 7242
f 7253 7255 7249
f 7256 7255 7253
f 7257 7255 7256
f 7258 7255 7257
f 7259 7255 7258
f 7254 7260 3411
f 7255 7260 7249
f 3411 7260 3412
f 3412 7260 3414
f 3414 7260 3416
f 3416 7260 3418
f 3418 7260 5254
f 5254 7260 5256
f 7249 7260 7254
f 7259 7261 7255
f 7262 7261 7259
f 7263 7261 7262
f 7264 7261 7263
f 7265 7261 7264
f 7266 7261 7265
f 7260 7267 5256
f 7255 7267 7260
f 7261 7267 7255
f 5256 7267 5258
f 5258 7267 5260
f 5260 7267 5262
f 5262 7267 5264
f 5264 7267 5266
f 5266 7267 5268
f 7266 7268 7261
f 7269 7268 7266
f 7270 7268 7269
f 7271 7268 7270
f 7272 7268 7271
f 7267 7273 5268
f 7261 7273 7267
f 5268 7273 5270
f 5270 7273 5272
f 5272 7273 5274
f 5274 7273 5276
f 5276 7273 5278
f 5278 7273 5280
f 7268 7273 7261
f 7272 7274 7268
f 7275 7274 7272
f 7276 7274 7275
f 7277 7274 7276
f 7278 7274 7277
f 7279 7274 7278
f 7273 7280 5280
f 7268 7280 7273
f 5280 7280 5282
f 7274 7280 7268
f 5282 7280 5284
f 5284 7280 5286
f 5286 7280 5288
f 5288 7280 5290
f 7279 7281 7274
f 7282 7281 7279
f 7283 7281 7282
f 7284 7281 7283
f 7285 7281 7284
f 7274 7286 7280
f 7281 7286 7274
f 7280 7286 5290
f 5290 7286 5292
f 5292 7286 5294
f 5294 7286 5296
f 5296 7286 5298
f 5298 7286 5300
f 5300 7286 5302
f 7285 7287 7281
f 7288 7287 7285
f 7289 7287 7288
f 7290 7287 7289
f 7291 7287 7290
f 7287 7292 7281
f 7286 7292 5302
f 7281 7292 7286
f 5302 7292 5304
f 5304 7292 5306
f 5306 7292 5308
f 5308 7292 5310
f 5310 7292 5312
f 7291 7293 7287
f 7294 7293 7291
f 7295 7293 7294
f 7296 7293 7295
f 7297 7293 7296
f 7298 7293 7297
f 7287 7299 7292
f 7292 7299 5312
f 5312 7299 5314
f 7293 7299 7287
f 5314 7299 5316
f 5316 7299 5318
f 5318 7299 5320
f 5320 7299 5322
f 5322 7299 5324
f 7300 7301 7298
f 7302 7301 7300
f 7303 7301 7302
f 7304 7301 7303
f 7298 7301 7293
f 5326 7305 5328
f 5328 7305 5330
f 5330 7305 5332
f 5332 7305 5333
f 5333 7305 5335
f 7299 7305 5324
f 7293 7305 7299
f 7301 7305 7293
f 5324 7305 5326
f 7304 7306 7301
f 7307 7306 7304
f 7308 7306 7307
f 7309 7306 7308
f 7310 7306 7309
f 7311 7306 7310
f 5335 7312 5337
f 5337 7312 5339
f 5339 7312 5341
f 5341 7312 5343
f 5343 7312 5345
f 7305 7312 5335
f 7306 7312 7301
f 7301 7312 7305
f 7306 7313 7312
f 7311 7313 7306
f 7314 7313 7311
f 7315 7313 7314
f 7316 7313 7315
f 7317 7313 7316
f 5345 7318 5347
f 5347 7318 5349
f 5349 7318 5351
f 5351 7318 5353
f 5353 7318 5355
f 5355 7318 5357
f 7313 7318 7312
f 7312 7318 5345
f 7319 7320 7321
f 7322 7320 7319
f 7323 7320 7322
f 7317 7320 7313
f 7321 7320 7317
f 7320 7324 7313
f 5357 7324 5359
f 5359 7324 5361
f 5361 7324 5363
f 5363 7324 5365
f 5365 7324 5367
f 7313 7324 7318
f 7318 7324 5357
f 7325 7326 7323
f 7327 7326 7325
f 7328 7326 7327
f 7329 7326 7328
f 7330 7326 7329
f 7323 7326 7320
f 7320 7331 7324
f 5367 7331 5369
f 5369 7331 5371
f 5371 7331 5373
f 5373 7331 5375
f 7326 7331 7320
f 5375 7331 5376
f 5376 7331 7332
f 7332 7331 7333
f 7324 7331 5367
f 7326 7334 7331
f 7335 7334 7330
f 7336 7334 7335
f 7337 7334 7336
f 7338 7334 7337
f 7330 7334 7326
f 7331 7339 7333
f 7334 7339 7331
f 7340 7339 7341
f 7342 7339 7340
f 7343 7339 7342
f 7344 7339 7343
f 7345 7339 7344
f 7333 7339 7345
f 7346 7347 7338
f 7348 7347 7346
f 7349 7347 7348
f 7350 7347 7349
f 7351 7347 7350
f 7338 7347 7334
f 7352 7347 7353
f 7352 7354 7347
f 7347 7354 7334
f 7334 7354 7339
f 7355 7354 7352
f 7356 7354 7355
f 7357 7354 7356
f 7358 7354 7357
f 7341 7354 7358
f 7339 7354 7341
f 7347 7359 7353
f 7360 7359 7351
f 7361 7359 7360
f 7362 7359 7361
f 7363 7359 7362
f 7351 7359 7347
f 7364 7365 7359
f 7366 7365 7364
f 7367 7365 7366
f 7368 7365 7367
f 7369 7365 7368
f 7353 7365 7369
f 7359 7365 7353
f 7370 7371 7363
f 7372 7371 7370
f 7373 7371 7372
f 7374 7371 7373
f 7375 7371 7374
f 7359 7371 7364
f 7363 7371 7359
f 7376 7371 7377
f 7364 7371 7378
f 7377 7371 7375
f 7376 7379 7371
f 7371 7379 7378
f 7380 7379 7376
f 7381 7379 7380
f 7378 7379 7381
f 7382 7383 7375
f 7384 7383 7382
f 7385 7383 7384
f 7386 7383 7385
f 7387 7383 7388
f 7377 7383 7389
f 7375 7383 7377
f 7388 7383 7386
f 7383 7390 7389
f 7387 7390 7383
f 7391 7390 7387
f 7392 7390 7391
f 7389 7390 7392
f 6968 7393 6969
f 7394 7393 7386
f 7395 7393 7394
f 7396 7393 7395
f 6969 7393 7396
f 7397 7393 6968
f 7388 7393 7398
f 7386 7393 7388
f 7399 7400 7397
f 7401 7400 7399
f 7398 7400 7401
f 7393 7400 7398
f 7397 7400 7393
f 6967 7402 6968
f 7403 7402 6967
f 7404 7402 7403
f 6972 7402 7404
f 6971 7402 6972
f 7405 7402 6971
f 7406 7402 7405
f 7407 7402 7406
f 7408 7402 7407
f 6968 7402 7408
f 6970 7409 6971
f 7410 7409 6970
f 7411 7409 7410
f 7412 7409 7411
f 6975 7409 7412
f 7413 7409 6976
f 7414 7409 7413
f 7415 7409 7414
f 6971 7409 7415
f 6976 7409 6975
f 7416 7417 6973
f 7418 7417 7416
f 6979 7417 7418
f 7419 7417 6980
f 7420 7417 7419
f 7421 7417 7420
f 6974 7417 7421
f 6973 7417 6974
f 6980 7417 6979
f 6982 7422 6983
f 7423 7422 6982
f 7424 7422 7423
f 7425 7422 7424
f 6978 7422 7425
f 7426 7422 6977
f 7427 7422 7426
f 6983 7422 7427
f 6977 7422 6978
f 6988 7428 6986
f 7429 7428 6988
f 7430 7428 7429
f 6985 7428 7430
f 7431 7428 6984
f 7432 7428 7431
f 6986 7428 7432
f 6984 7428 6985
f 6990 7433 6989
f 7434 7433 6993
f 7435 7433 7434
f 6989 7433 7435
f 6993 7433 6991
f 7436 7433 6990
f 7437 7433 7436
f 6991 7433 7437
f 7438 7439 6998
f 7440 7439 7438
f 6995 7439 7440
f 6996 7439 6995
f 6998 7439 6999
f 7441 7439 6996
f 6999 7439 7441
f 7442 7443 7006
f 7003 7443 7442
f 7004 7443 7003
f 7007 7443 7004
f 7006 7443 7007
f 7444 7445 7446
f 7447 7444 7446
f 7075 7448 7449
f 7075 7450 7448
f 7073 7075 7449
f 7073 7449 7451
f 7071 7073 7451
f 7071 7451 7452
f 7069 7071 7452
f 7069 7453 7454
f 7069 7452 7453
f 7067 7069 7454
f 7067 7454 7455
f 7065 7067 7455
f 7065 7455 7456
f 7063 7456 7457
f 7063 7065 7456
f 7061 7063 7457
f 7061 7457 7458
f 7059 7458 7459
f 7059 7061 7458
f 7057 7460 7461
f 7057 7459 7460
f 7057 7059 7459
f 7055 7461 7462
f 7055 7057 7461
f 5331 7463 7464
f 5331 5334 7463
f 7053 7462 7465
f 7053 7055 7462
f 5329 5331 7464
f 7466 5329 7464
f 7051 7465 7467
f 7051 7053 7465
f 5327 5329 7466
f 5325 7466 7468
f 5325 5327 7466
f 7049 7467 7469
f 7049 7051 7467
f 5323 5325 7468
f 7047 7049 7469
f 7047 7469 7470
f 7045 7047 7470
f 7045 7470 7471
f 7043 7045 7471
f 7043 7472 7473
f 7043 7471 7472
f 7041 7043 7473
f 7444 7474 7445
f 7444 7475 7474
f 7000 7001 7444
f 7476 7000 7444
f 7476 7447 7477
f 7476 6998 7000
f 7476 7438 6998
f 7476 7440 7438
f 7476 7444 7447
f 7478 7479 7480
f 7478 7477 7479
f 7478 6995 7440
f 7478 6992 6995
f 7478 7440 7476
f 7478 7476 7477
f 7481 6992 7478
f 7481 7482 7483
f 7481 7480 7482
f 7481 7478 7480
f 7481 6993 6992
f 7484 7485 7486
f 7484 7483 7485
f 7484 6993 7481
f 7484 7434 6993
f 7484 7435 7434
f 7484 7481 7483
f 7487 7488 7489
f 7487 7486 7488
f 7487 7435 7484
f 7487 6989 7435
f 7487 6987 6989
f 7487 7484 7486
f 7490 7491 7492
f 7490 7489 7491
f 7490 6988 6987
f 7490 7429 6988
f 7490 7487 7489
f 7490 6987 7487
f 7493 7429 7490
f 7493 7494 7495
f 7493 7492 7494
f 7493 7430 7429
f 7493 6985 7430
f 7493 7490 7492
f 7496 7497 7498
f 7496 7495 7497
f 7496 7493 7495
f 7496 6982 6985
f 7496 7423 6982
f 7496 6985 7493
f 7499 7500 7501
f 7499 7498 7500
f 7499 7424 7423
f 7499 7425 7424
f 7499 7496 7498
f 7499 7423 7496
f 7502 7503 7504
f 7502 7501 7503
f 7502 7425 7499
f 7502 6978 7425
f 7502 7499 7501
f 7505 7506 7507
f 7505 7504 7506
f 7505 7502 7504
f 7505 6980 6978
f 7505 7419 6980
f 7505 6978 7502
f 7508 7509 7510
f 7508 7507 7509
f 7508 7419 7505
f 7508 7420 7419
f 7508 7421 7420
f 7508 7505 7507
f 7511 7512 7513
f 7511 7510 7512
f 7511 7421 7508
f 7511 7508 7510
f 7514 7515 7516
f 7514 7513 7515
f 7514 7511 7513
f 7517 7421 7511
f 7517 6974 7421
f 7517 6976 6974
f 7518 7519 7520
f 7518 7516 7519
f 7518 7514 7516
f 7521 6976 7517
f 7521 7517 7511
f 7521 7413 6976
f 7521 7414 7413
f 7521 7511 7514
f 7522 7520 7523
f 7522 7518 7520
f 7522 7523 7524
f 7525 7415 7414
f 7525 6971 7415
f 7525 7521 7514
f 7525 7414 7521
f 7525 7514 7518
f 7526 7522 7524
f 7526 7527 7528
f 7526 7524 7527
f 7529 7525 7518
f 7529 6971 7525
f 7529 7518 7522
f 7529 7405 6971
f 7529 7406 7405
f 7530 7526 7528
f 7530 7531 7532
f 7530 7528 7531
f 7533 7526 7530
f 7533 7406 7529
f 7533 7529 7522
f 7533 7407 7406
f 7533 7408 7407
f 7533 7522 7526
f 7534 7535 7536
f 7534 7532 7535
f 7534 7530 7532
f 7537 7530 7534
f 7537 6968 7408
f 7537 7397 6968
f 7537 7408 7533
f 7537 7533 7530
f 7538 7534 7536
f 7538 7539 7540
f 7538 7536 7539
f 7541 7537 7534
f 7541 7399 7397
f 7541 7401 7399
f 7541 7397 7537
f 7542 7538 7540
f 7542 7543 7544
f 7542 7540 7543
f 7545 7534 7538
f 7545 7401 7541
f 7545 7541 7534
f 7545 7398 7401
f 7546 7542 7544
f 7546 7547 7548
f 7546 7544 7547
f 7549 7545 7538
f 7549 7398 7545
f 7549 7388 7398
f 7549 7387 7388
f 7549 7538 7542
f 7550 7546 7548
f 7550 7551 7552
f 7550 7548 7551
f 7553 7387 7549
f 7553 7546 7550
f 7553 7391 7387
f 7553 7392 7391
f 7553 7542 7546
f 7553 7549 7542
f 7554 7550 7552
f 7554 7555 7556
f 7554 7552 7555
f 7557 7553 7550
f 7557 7550 7554
f 7557 7389 7392
f 7557 7377 7389
f 7557 7392 7553
f 7558 7559 7560
f 7558 7556 7559
f 7558 7554 7556
f 7561 7557 7554
f 7561 7377 7557
f 7561 7376 7377
f 7561 7380 7376
f 7562 7558 7560
f 7562 7563 7564
f 7562 7560 7563
f 7565 7380 7561
f 7565 7554 7558
f 7565 7561 7554
f 7565 7381 7380
f 7565 7378 7381
f 7566 7562 7564
f 7566 7567 7568
f 7566 7564 7567
f 7569 7378 7565
f 7569 7562 7566
f 7569 7565 7558
f 7569 7558 7562
f 7569 7364 7378
f 7569 7366 7364
f 7570 7566 7568
f 7570 7571 7572
f 7570 7568 7571
f 7573 7366 7569
f 7573 7569 7566
f 7573 7367 7366
f 7573 7368 7367
f 7574 7570 7572
f 7574 7575 7576
f 7574 7572 7575
f 7577 7566 7570
f 7577 7369 7368
f 7577 7353 7369
f 7577 7352 7353
f 7577 7368 7573
f 7577 7573 7566
f 7578 7579 7580
f 7578 7576 7579
f 7578 7574 7576
f 7581 7352 7577
f 7581 7570 7574
f 7581 7574 7578
f 7581 7577 7570
f 7581 7355 7352
f 7581 7356 7355
f 7582 7578 7580
f 7582 7583 7584
f 7582 7580 7583
f 7585 7356 7581
f 7585 7581 7578
f 7585 7357 7356
f 7585 7358 7357
f 7585 7578 7582
f 7586 7587 7588
f 7586 7584 7587
f 7586 7582 7584
f 7589 7585 7582
f 7589 7358 7585
f 7589 7341 7358
f 7589 7340 7341
f 7590 7586 7588
f 7590 7591 7592
f 7590 7588 7591
f 7593 7343 7342
f 7593 7589 7582
f 7593 7340 7589
f 7593 7582 7586
f 7593 7342 7340
f 7594 7590 7592
f 7594 7595 7596
f 7594 7592 7595
f 7597 7344 7343
f 7597 7345 7344
f 7597 7343 7593
f 7597 7586 7590
f 7597 7593 7586
f 7598 7599 7600
f 7598 7596 7599
f 7598 7594 7596
f 7601 7333 7345
f 7601 7332 7333
f 7601 7590 7594
f 7601 7345 7597
f 7601 7597 7590
f 7601 5374 5376
f 7601 5376 7332
f 7602 7598 7600
f 7602 7603 7604
f 7602 7600 7603
f 7605 7594 7598
f 7605 7601 7594
f 7605 5374 7601
f 7605 5370 5372
f 7605 5372 5374
f 7606 7602 7604
f 7606 7607 7608
f 7606 7604 7607
f 7609 5370 7605
f 7609 7605 7598
f 7609 5366 5368
f 7609 5368 5370
f 7609 7598 7602
f 7610 7611 7612
f 7610 7608 7611
f 7610 7606 7608
f 7613 5366 7609
f 7613 7609 7602
f 7613 5362 5364
f 7613 5364 5366
f 7613 7602 7606
f 7614 7615 7616
f 7614 7612 7615
f 7614 7610 7612
f 7617 7613 7606
f 7617 5358 5360
f 7617 5360 5362
f 7617 7606 7610
f 7617 5362 7613
f 7618 7619 7620
f 7618 7616 7619
f 7618 7614 7616
f 7621 5358 7617
f 7621 5354 5356
f 7621 5356 5358
f 7621 7610 7614
f 7621 7617 7610
f 7622 7620 7450
f 7622 7450 7075
f 7622 7618 7620
f 7623 7621 7614
f 7623 5354 7621
f 7623 5350 5352
f 7623 5352 5354
f 7623 7614 7618
f 7624 7075 7625
f 7624 7625 7626
f 7624 7622 7075
f 7627 5350 7623
f 7627 5346 5348
f 7627 5348 5350
f 7627 7623 7618
f 7627 7618 7622
f 7628 7627 7622
f 7628 5342 5344
f 7628 5344 5346
f 7628 7622 7624
f 7628 7624 7626
f 7628 5346 7627
f 7629 7626 7630
f 7629 7630 7631
f 7629 5336 5338
f 7629 5338 5340
f 7629 5340 5342
f 7629 5342 7628
f 7629 7628 7626
f 7632 7631 7633
f 7632 7633 7634
f 7632 7634 7463
f 7632 5334 5336
f 7632 5336 7629
f 7632 7463 5334
f 7632 7629 7631
f 7635 7636 7637
f 7635 7473 7636
f 7635 7041 7473
f 7635 7637 7038
f 7635 7040 7041
f 7635 7038 7040
f 7638 7639 7640
f 7638 7637 7639
f 7638 7038 7637
f 7638 7036 7038
f 7641 7642 7643
f 7641 7640 7642
f 7641 7034 7036
f 7641 7638 7640
f 7641 7032 7034
f 7641 7036 7638
f 7644 7645 7646
f 7644 7643 7645
f 7644 7030 7032
f 7644 7028 7030
f 7644 7641 7643
f 7644 7032 7641
f 7647 7648 7649
f 7647 7646 7648
f 7647 7028 7644
f 7647 7644 7646
f 7647 7026 7028
f 7647 7024 7026
f 7650 7651 7652
f 7650 7649 7651
f 7650 7024 7647
f 7650 7023 7024
f 7650 7022 7023
f 7650 7020 7022
f 7650 7647 7649
f 7653 7654 7655
f 7653 7652 7654
f 7653 7020 7650
f 7653 7650 7652
f 7653 7018 7020
f 7656 7657 7658
f 7656 7655 7657
f 7656 7018 7653
f 7656 7653 7655
f 7656 7016 7018
f 7656 7014 7016
f 7659 7660 7661
f 7659 7658 7660
f 7659 7656 7658
f 7659 7012 7014
f 7659 7011 7012
f 7659 7009 7011
f 7659 7014 7656
f 7662 7663 7664
f 7662 7661 7663
f 7662 7659 7661
f 7662 7009 7659
f 7662 7006 7009
f 7665 7664 7475
f 7665 7475 7444
f 7665 7444 7001
f 7665 7006 7662
f 7665 7442 7006
f 7665 7003 7442
f 7665 7662 7664
f 7665 7001 7003
f 2820 6586 2818
f 2822 6966 2820
f 2820 6966 6586
f 7633 7066 7634
f 7634 7066 7064
f 7626 7070 7630
f 7626 7072 7070
f 7626 7625 7072
f 7625 7074 7072
f 7625 7075 7074
f 2834 7666 2832
f 2832 7666 2830
f 2830 7666 2828
f 2828 7666 2826
f 2826 7666 2824
f 2824 7666 2822
f 2822 7666 6966
f 6966 7667 7077
f 7077 7667 7078
f 7078 7667 7079
f 7079 7667 7080
f 7080 7667 7081
f 7666 7667 6966
f 2844 7668 2842
f 2842 7668 2840
f 2840 7668 2838
f 2838 7668 2836
f 2836 7668 2834
f 2834 7668 7666
f 7667 7669 7081
f 7081 7669 7083
f 7083 7669 7085
f 7085 7669 7086
f 7666 7669 7667
f 7086 7669 7087
f 7668 7669 7666
f 2855 7670 2853
f 2853 7670 2851
f 2851 7670 2849
f 2849 7670 2847
f 2847 7670 2846
f 2846 7670 2844
f 2844 7670 7668
f 7670 7671 7668
f 7087 7671 7090
f 7090 7671 7091
f 7091 7671 7092
f 7092 7671 7093
f 7093 7671 7094
f 7669 7671 7087
f 7668 7671 7669
f 2865 7672 2863
f 2863 7672 2861
f 2861 7672 2859
f 2859 7672 2857
f 2857 7672 2855
f 2855 7672 7670
f 7670 7673 7671
f 7671 7673 7094
f 7094 7673 7097
f 7097 7673 7098
f 7098 7673 7099
f 7099 7673 7100
f 7672 7673 7670
f 2877 7674 2875
f 2875 7674 2873
f 2873 7674 2871
f 2871 7674 2869
f 2869 7674 2867
f 2867 7674 2865
f 2865 7674 7672
f 7672 7675 7673
f 7673 7675 7100
f 7100 7675 7102
f 7102 7675 7104
f 7104 7675 7105
f 7105 7675 7106
f 7674 7675 7672
f 2885 7676 2883
f 2883 7676 2881
f 2881 7676 2879
f 2879 7676 2877
f 2877 7676 7674
f 2889 7676 2887
f 2887 7676 2885
f 7676 7677 7674
f 7106 7677 7109
f 7109 7677 7110
f 7110 7677 7111
f 7111 7677 7112
f 7112 7677 7113
f 7675 7677 7106
f 7674 7677 7675
f 2889 7678 7676
f 2899 7678 2897
f 2897 7678 2895
f 2895 7678 2893
f 2893 7678 2891
f 2891 7678 2889
f 7677 7679 7113
f 7676 7679 7677
f 7113 7679 7115
f 7115 7679 7117
f 7117 7679 7118
f 7118 7679 7119
f 7678 7679 7676
f 2899 7680 7678
f 2911 7680 2909
f 2909 7680 2907
f 2907 7680 2905
f 2905 7680 2903
f 2903 7680 2901
f 2901 7680 2899
f 7679 7681 7119
f 7678 7681 7679
f 7119 7681 7121
f 7121 7681 7123
f 7123 7681 7124
f 7124 7681 7125
f 7125 7681 7126
f 7680 7681 7678
f 2911 7682 7680
f 2923 7682 2921
f 2921 7682 2919
f 2919 7682 2917
f 2917 7682 2915
f 2915 7682 2913
f 2913 7682 2911
f 7682 7683 7680
f 7680 7683 7681
f 7681 7683 7126
f 7126 7683 7128
f 7128 7683 7130
f 7130 7683 7131
f 7131 7683 7132
f 2923 7684 7682
f 2933 7684 2931
f 2931 7684 2929
f 2929 7684 2927
f 2927 7684 2925
f 2925 7684 2923
f 7684 7685 7682
f 7683 7685 7132
f 7682 7685 7683
f 7132 7685 7135
f 7135 7685 7136
f 7136 7685 7137
f 7137 7685 7138
f 2933 7686 7684
f 2945 7686 2943
f 2943 7686 2941
f 2941 7686 2939
f 2939 7686 2937
f 2937 7686 2935
f 2935 7686 2933
f 7686 7687 7684
f 7685 7687 7138
f 7684 7687 7685
f 7138 7687 7141
f 7141 7687 7142
f 7142 7687 7143
f 7143 7687 7144
f 7144 7687 7145
f 2945 7688 7686
f 2957 7688 2955
f 2955 7688 2953
f 2953 7688 2951
f 2951 7688 2949
f 2949 7688 2947
f 2947 7688 2945
f 7687 7689 7145
f 7688 7689 7686
f 7145 7689 7148
f 7148 7689 7149
f 7149 7689 7150
f 7150 7689 7151
f 7686 7689 7687
f 2957 7690 7688
f 2967 7690 2965
f 2965 7690 2963
f 2963 7690 2961
f 2961 7690 2959
f 2959 7690 2957
f 7688 7691 7689
f 7690 7691 7688
f 7689 7691 7151
f 7151 7691 7154
f 7154 7691 7155
f 7155 7691 7156
f 7156 7691 7157
f 2979 7692 2977
f 2977 7692 2975
f 2975 7692 2973
f 2973 7692 2971
f 2971 7692 2969
f 2969 7692 2967
f 2967 7692 7690
f 7690 7693 7691
f 7157 7693 7160
f 7692 7693 7690
f 7160 7693 7161
f 7161 7693 7162
f 7162 7693 7163
f 7163 7693 7164
f 7691 7693 7157
f 2989 7694 2987
f 2987 7694 2985
f 2985 7694 2983
f 2983 7694 2981
f 2981 7694 2979
f 2979 7694 7692
f 7169 7695 7170
f 7693 7695 7164
f 7692 7695 7693
f 7694 7695 7692
f 7164 7695 7167
f 7167 7695 7168
f 7168 7695 7169
f 3001 7696 2999
f 2999 7696 2997
f 2997 7696 2995
f 2995 7696 2993
f 2993 7696 2991
f 2991 7696 2989
f 2989 7696 7694
f 7170 7697 7174
f 7174 7697 7172
f 7172 7697 7175
f 7175 7697 7176
f 7176 7697 7177
f 7695 7697 7170
f 7694 7697 7695
f 7696 7697 7694
f 3013 7698 3011
f 3011 7698 3009
f 3009 7698 3007
f 3007 7698 3005
f 3005 7698 3003
f 3003 7698 3001
f 3001 7698 7696
f 7177 7699 7179
f 7179 7699 7181
f 7181 7699 7182
f 7182 7699 7183
f 7698 7699 7696
f 7697 7699 7177
f 7696 7699 7697
f 3023 7700 3021
f 3021 7700 3019
f 3019 7700 3017
f 3017 7700 3015
f 3015 7700 3013
f 3013 7700 7698
f 7183 7701 7185
f 7185 7701 7187
f 7187 7701 7188
f 7188 7701 7189
f 7189 7701 7190
f 7699 7701 7183
f 7700 7701 7698
f 7698 7701 7699
f 3023 7702 7700
f 3035 7702 3033
f 3033 7702 3031
f 3031 7702 3029
f 3029 7702 3027
f 3027 7702 3025
f 3025 7702 3023
f 7190 7703 7192
f 7192 7703 7194
f 7194 7703 7195
f 7195 7703 7196
f 7700 7703 7701
f 7701 7703 7190
f 7702 7703 7700
f 3035 7704 7702
f 3047 7704 3045
f 3045 7704 3043
f 3043 7704 3041
f 3041 7704 3039
f 3039 7704 3037
f 3037 7704 3035
f 7702 7704 7703
f 7196 7705 7198
f 7198 7705 7200
f 7200 7705 7201
f 7201 7705 7202
f 7704 7705 7703
f 7703 7705 7196
f 3057 7706 3055
f 3047 7706 7704
f 3055 7706 3053
f 3053 7706 3051
f 3051 7706 3049
f 3049 7706 3047
f 7202 7707 7205
f 7205 7707 7206
f 7206 7707 7207
f 7706 7707 7704
f 7207 7707 7208
f 7704 7707 7705
f 7705 7707 7202
f 3068 7708 3066
f 3066 7708 3064
f 3064 7708 3062
f 3062 7708 3060
f 3060 7708 3059
f 3059 7708 3057
f 3057 7708 7706
f 7706 7708 7707
f 7707 7709 7208
f 7708 7709 7707
f 7208 7709 7210
f 7210 7709 7212
f 7212 7709 7213
f 7213 7709 7214
f 7214 7709 7215
f 3080 7710 3078
f 3078 7710 3076
f 3076 7710 3074
f 3074 7710 3072
f 3072 7710 3070
f 3070 7710 3068
f 3068 7710 7708
f 7709 7711 7215
f 7215 7711 7217
f 7217 7711 7219
f 7219 7711 7220
f 7220 7711 7221
f 7221 7711 7222
f 7710 7711 7708
f 7708 7711 7709
f 3086 7712 3084
f 3084 7712 3082
f 3082 7712 3080
f 7710 7712 7711
f 3080 7712 7710
f 3090 7712 3088
f 3088 7712 3086
f 7711 7713 7222
f 7222 7713 7224
f 7224 7713 7226
f 7226 7713 7227
f 7227 7713 7228
f 7712 7713 7711
f 3090 7714 7712
f 3102 7714 3100
f 3100 7714 3098
f 3098 7714 3096
f 3096 7714 3094
f 3094 7714 3092
f 3092 7714 3090
f 7713 7715 7228
f 7712 7715 7713
f 7228 7715 7230
f 7230 7715 7232
f 7232 7715 7233
f 7233 7715 7234
f 7714 7715 7712
f 3102 7716 7714
f 3112 7716 3110
f 3110 7716 3108
f 3108 7716 3106
f 3106 7716 3104
f 3104 7716 3102
f 7716 7717 7714
f 7715 7717 7234
f 7714 7717 7715
f 7234 7717 7237
f 7237 7717 7238
f 7238 7717 7239
f 7239 7717 7240
f 3112 7718 7716
f 3124 7718 3122
f 3122 7718 3120
f 3120 7718 3118
f 3118 7718 3116
f 3116 7718 3114
f 3114 7718 3112
f 7717 7719 7240
f 7718 7719 7716
f 7716 7719 7717
f 7240 7719 7243
f 7243 7719 7244
f 7244 7719 7245
f 7245 7719 7246
f 3124 7720 7718
f 3136 7720 3134
f 3134 7720 3132
f 3132 7720 3130
f 3130 7720 3128
f 3128 7720 3126
f 3126 7720 3124
f 7718 7721 7719
f 7720 7721 7718
f 7719 7721 7246
f 7246 7721 7248
f 7248 7721 7250
f 7250 7721 7251
f 7251 7721 7252
f 7252 7721 7253
f 3136 7722 7720
f 3148 7722 3146
f 3146 7722 3144
f 3144 7722 3142
f 3142 7722 3140
f 3140 7722 3138
f 3138 7722 3136
f 7720 7722 7721
f 7722 7723 7721
f 7253 7723 7256
f 7256 7723 7257
f 7257 7723 7258
f 7258 7723 7259
f 7721 7723 7253
f 3148 7724 7722
f 7722 7724 7723
f 3158 7724 3156
f 3156 7724 3154
f 3154 7724 3152
f 3152 7724 3150
f 3150 7724 3148
f 7724 7725 7723
f 7259 7725 7262
f 7262 7725 7263
f 7263 7725 7264
f 7264 7725 7265
f 7265 7725 7266
f 7723 7725 7259
f 3170 7726 3168
f 3168 7726 3166
f 3166 7726 3164
f 3164 7726 3162
f 3162 7726 3160
f 3160 7726 3158
f 3158 7726 7724
f 7726 7727 7724
f 7725 7727 7266
f 7724 7727 7725
f 7266 7727 7269
f 7269 7727 7270
f 7270 7727 7271
f 7271 7727 7272
f 3182 7728 3180
f 3180 7728 3178
f 3178 7728 3176
f 3176 7728 3174
f 3174 7728 3172
f 3172 7728 3170
f 3170 7728 7726
f 7728 7729 7726
f 7726 7729 7727
f 7272 7729 7275
f 7275 7729 7276
f 7276 7729 7277
f 7277 7729 7278
f 7278 7729 7279
f 7727 7729 7272
f 7728 7730 7729
f 3192 7730 3190
f 3190 7730 3188
f 3188 7730 3186
f 3186 7730 3184
f 3184 7730 3182
f 3182 7730 7728
f 7729 7731 7279
f 7279 7731 7282
f 7282 7731 7283
f 7283 7731 7284
f 7284 7731 7285
f 7730 7731 7729
f 3192 7732 7730
f 3204 7732 3202
f 3202 7732 3200
f 3200 7732 3198
f 3198 7732 3196
f 3196 7732 3194
f 3194 7732 3192
f 7732 7733 7730
f 7731 7733 7285
f 7730 7733 7731
f 7285 7733 7288
f 7288 7733 7289
f 7289 7733 7290
f 7290 7733 7291
f 3204 7734 7732
f 7732 7734 7733
f 3214 7734 3212
f 3212 7734 3210
f 3210 7734 3208
f 3208 7734 3206
f 3206 7734 3204
f 7734 7735 7733
f 7733 7735 7291
f 7291 7735 7294
f 7294 7735 7295
f 7295 7735 7296
f 7296 7735 7297
f 7297 7735 7298
f 3226 7736 3224
f 3224 7736 3222
f 3222 7736 3220
f 3220 7736 3218
f 3218 7736 3216
f 3216 7736 3214
f 3214 7736 7734
f 7735 7737 7298
f 7734 7737 7735
f 7736 7737 7734
f 7298 7737 7300
f 7300 7737 7302
f 7302 7737 7303
f 7303 7737 7304
f 3238 7738 3236
f 3236 7738 3234
f 3234 7738 3232
f 3232 7738 3230
f 3230 7738 3228
f 3228 7738 3226
f 3226 7738 7736
f 7736 7739 7737
f 7738 7739 7736
f 7737 7739 7304
f 7304 7739 7307
f 7307 7739 7308
f 7308 7739 7309
f 7309 7739 7310
f 7310 7739 7311
f 3248 7740 3246
f 3246 7740 3244
f 3244 7740 3242
f 3242 7740 3240
f 3240 7740 3238
f 7738 7740 7739
f 3238 7740 7738
f 7316 7741 7317
f 7740 7741 7739
f 7739 7741 7311
f 7311 7741 7314
f 7314 7741 7315
f 7315 7741 7316
f 3260 7742 3258
f 3258 7742 3256
f 3256 7742 3254
f 3254 7742 3252
f 3252 7742 3250
f 3250 7742 3248
f 3248 7742 7740
f 7317 7743 7321
f 7321 7743 7319
f 7319 7743 7322
f 7322 7743 7323
f 7740 7743 7741
f 7742 7743 7740
f 7741 7743 7317
f 3272 7744 3270
f 3270 7744 3268
f 3268 7744 3266
f 3266 7744 3264
f 3264 7744 3262
f 3262 7744 3260
f 3260 7744 7742
f 7323 7745 7325
f 7325 7745 7327
f 7327 7745 7328
f 7328 7745 7329
f 7329 7745 7330
f 7744 7745 7742
f 7742 7745 7743
f 7743 7745 7323
f 3280 7746 3278
f 3278 7746 3276
f 3276 7746 3274
f 3274 7746 3272
f 3282 7746 3280
f 3272 7746 7744
f 7745 7747 7330
f 7330 7747 7335
f 7335 7747 7336
f 7336 7747 7337
f 7337 7747 7338
f 7744 7747 7745
f 7746 7747 7744
f 3284 7748 3282
f 3286 7748 3284
f 3288 7748 3286
f 3290 7748 3288
f 3292 7748 3290
f 3294 7748 3292
f 3282 7748 7746
f 7338 7749 7346
f 7346 7749 7348
f 7348 7749 7349
f 7349 7749 7350
f 7350 7749 7351
f 7746 7749 7747
f 7748 7749 7746
f 7747 7749 7338
f 3296 7750 3294
f 3298 7750 3296
f 3300 7750 3298
f 3302 7750 3300
f 3304 7750 3302
f 3294 7750 7748
f 7351 7751 7360
f 7360 7751 7361
f 7361 7751 7362
f 7362 7751 7363
f 7748 7751 7749
f 7749 7751 7351
f 7750 7751 7748
f 3306 7752 3304
f 3308 7752 3306
f 3310 7752 3308
f 3312 7752 3310
f 3314 7752 3312
f 3316 7752 3314
f 3304 7752 7750
f 7363 7753 7370
f 7370 7753 7372
f 7372 7753 7373
f 7373 7753 7374
f 7374 7753 7375
f 7751 7753 7363
f 7752 7753 7750
f 7750 7753 7751
f 3318 7754 3316
f 3320 7754 3318
f 3322 7754 3320
f 3324 7754 3322
f 3326 7754 3324
f 3328 7754 3326
f 3316 7754 7752
f 7752 7754 7753
f 7375 7755 7382
f 7382 7755 7384
f 7384 7755 7385
f 7385 7755 7386
f 7754 7755 7753
f 7753 7755 7375
f 3328 7756 7754
f 3330 7756 3328
f 3332 7756 3330
f 3334 7756 3332
f 3336 7756 3334
f 3338 7756 3336
f 7386 7757 7394
f 7394 7757 7395
f 7395 7757 7396
f 7396 7757 6969
f 7756 7757 7754
f 7755 7757 7386
f 7754 7757 7755
f 3340 7758 3338
f 3342 7758 3340
f 3344 7758 3342
f 3346 7758 3344
f 3348 7758 3346
f 3338 7758 7756
f 3350 7758 3348
f 7758 7759 7756
f 6969 7759 6967
f 6967 7759 7403
f 7403 7759 7404
f 7404 7759 6972
f 6972 7759 6970
f 7756 7759 7757
f 7757 7759 6969
f 3352 7760 3350
f 3354 7760 3352
f 3356 7760 3354
f 3358 7760 3356
f 3360 7760 3358
f 3350 7760 7758
f 7760 7761 7758
f 6970 7761 7410
f 7410 7761 7411
f 7411 7761 7412
f 7412 7761 6975
f 7759 7761 6970
f 7758 7761 7759
f 3360 7762 7760
f 3362 7762 3360
f 3364 7762 3362
f 3366 7762 3364
f 3368 7762 3366
f 3370 7762 3368
f 3372 7762 3370
f 7762 7763 7760
f 6975 7763 6973
f 6973 7763 7416
f 7416 7763 7418
f 7418 7763 6979
f 7761 7763 6975
f 6979 7763 6977
f 7760 7763 7761
f 3372 7764 7762
f 3374 7764 3372
f 3376 7764 3374
f 3378 7764 3376
f 3380 7764 3378
f 3382 7764 3380
f 3384 7764 3382
f 7762 7765 7763
f 6977 7765 7426
f 7426 7765 7427
f 7427 7765 6983
f 6983 7765 6981
f 7763 7765 6977
f 7764 7765 7762
f 3386 7766 3384
f 3388 7766 3386
f 3390 7766 3388
f 3384 7766 7764
f 3392 7766 3390
f 3394 7766 3392
f 7766 7767 7764
f 6981 7767 6984
f 6984 7767 7431
f 7431 7767 7432
f 7432 7767 6986
f 7765 7767 6981
f 7764 7767 7765
f 3396 7768 3394
f 3398 7768 3396
f 3400 7768 3398
f 3394 7768 7766
f 3402 7768 3400
f 3404 7768 3402
f 3406 7768 3404
f 7767 7769 6986
f 7766 7769 7767
f 6986 7769 6990
f 6990 7769 7436
f 7436 7769 7437
f 7437 7769 6991
f 6991 7769 6994
f 7768 7769 7766
f 3413 7770 3410
f 3415 7770 3413
f 3417 7770 3415
f 3419 7770 3417
f 3406 7770 7768
f 3408 7770 3406
f 3410 7770 3408
f 7768 7771 7769
f 7770 7771 7768
f 6994 7771 6996
f 6996 7771 7441
f 7441 7771 6999
f 6999 7771 6997
f 7769 7771 6994
f 5255 7772 3419
f 5257 7772 5255
f 5259 7772 5257
f 5261 7772 5259
f 5263 7772 5261
f 3419 7772 7770
f 7772 7773 7770
f 7770 7773 7771
f 6997 7773 7002
f 7002 7773 7004
f 7004 7773 7007
f 7007 7773 7005
f 7005 7773 7008
f 7771 7773 6997
f 5265 7774 5263
f 5267 7774 5265
f 5269 7774 5267
f 5271 7774 5269
f 5273 7774 5271
f 5275 7774 5273
f 5263 7774 7772
f 7772 7775 7773
f 7774 7775 7772
f 7008 7775 7010
f 7010 7775 7013
f 7013 7775 7015
f 7015 7775 7017
f 7773 7775 7008
f 5277 7776 5275
f 5279 7776 5277
f 5281 7776 5279
f 5283 7776 5281
f 5275 7776 7774
f 5285 7776 5283
f 7774 7777 7775
f 7775 7777 7017
f 7776 7777 7774
f 7017 7777 7019
f 7019 7777 7021
f 7021 7777 7025
f 7025 7777 7027
f 7027 7777 7029
f 5285 7778 7776
f 5287 7778 5285
f 5289 7778 5287
f 5291 7778 5289
f 5293 7778 5291
f 5295 7778 5293
f 5297 7778 5295
f 7778 7779 7776
f 7777 7779 7029
f 7776 7779 7777
f 7029 7779 7031
f 7031 7779 7033
f 7033 7779 7035
f 7035 7779 7037
f 5299 7780 5297
f 5301 7780 5299
f 5303 7780 5301
f 5305 7780 5303
f 5307 7780 5305
f 5309 7780 5307
f 5297 7780 7778
f 7778 7780 7779
f 7780 7781 7779
f 7779 7781 7037
f 7037 7781 7039
f 7039 7781 7042
f 7042 7781 7044
f 7044 7781 7046
f 5311 7782 5309
f 5313 7782 5311
f 5315 7782 5313
f 5317 7782 5315
f 5319 7782 5317
f 5309 7782 7780
f 7781 7783 7046
f 7780 7783 7781
f 7782 7783 7780
f 7046 7783 7048
f 7048 7783 7050
f 7050 7783 7052
f 7052 7783 7054
f 7054 7783 7056
f 7464 7784 7466
f 7466 7784 7468
f 7468 7784 5323
f 5321 7784 5319
f 5323 7784 5321
f 5319 7784 7782
f 7634 7785 7463
f 7463 7785 7464
f 7064 7785 7634
f 7784 7785 7782
f 7464 7785 7784
f 7782 7785 7783
f 7056 7785 7058
f 7783 7785 7056
f 7058 7785 7060
f 7060 7785 7062
f 7062 7785 7064
f 7630 7786 7631
f 7631 7786 7633
f 7633 7786 7066
f 7070 7786 7630
f 7066 7786 7068
f 7068 7786 7070
f 1879 6097 1877
f 1882 6478 1880
f 1880 6478 1879
f 1879 6478 6097
f 1882 6479 6478
f 1898 6480 1896
f 1896 6480 6481
f 1911 6482 6483
f 1912 6482 1911
f 1929 6484 1927
f 1927 6484 6485
f 1943 6487 1941
f 1943 6486 6487
f 1959 6489 1957
f 1959 6488 6489
f 1973 6490 1971
f 1973 6491 6490
f 1989 6624 1987
f 2005 6492 2003
f 2019 6493 6494
f 2021 6493 2019
f 2034 6496 2032
f 2034 6495 6496
f 2051 6497 2049
f 2049 6497 6498
f 2065 6500 2063
f 2065 6499 6500
f 2081 6502 2079
f 2081 6501 6502
f 2095 6503 2093
f 2095 6504 6503
f 2111 6506 2109
f 2111 6505 6506
f 2126 6508 2124
f 2124 6508 6507
f 2142 6509 2140
f 2157 6511 2155
f 2157 6510 6511
f 2173 6512 2171
f 2203 6515 2201
f 2203 6514 6515
f 2216 6516 6517
f 2218 6516 2216
f 2234 6518 2232
f 2232 6518 6519
f 2248 6521 2246
f 2248 6520 6521
f 2262 6523 6522
f 2264 6523 2262
f 2278 6524 6525
f 2280 6524 2278
f 2294 6527 2292
f 2294 6526 6527
f 2307 6528 6529
f 2309 6528 2307
f 2326 6530 2324
f 2324 6530 6531
f 2340 6532 2338
f 2340 6533 6532
f 2356 6534 2354
f 2356 6535 6534
f 2370 6536 6537
f 2386 6538 2384
f 2386 6539 6538
f 2401 6540 2399
f 2399 6540 6541
f 2417 6542 2415
f 2415 6542 6543
f 2431 6544 2429
f 2447 6545 2445
f 2445 6545 6546
f 2463 6547 2461
f 2461 6547 6548
f 2477 6549 6550
f 2493 6551 2491
f 2493 6552 6551
f 2509 6553 2507
f 2525 6554 2523
f 2539 6555 2537
f 2570 6557 2568
f 2570 6558 6557
f 2586 6559 2584
f 2584 6559 6560
f 2599 6561 6562
f 2601 6561 2599
f 2615 6564 6563
f 2632 6566 2630
f 2630 6566 6565
f 2646 6567 2644
f 2646 6568 6567
f 2662 6569 2660
f 2692 6914 2690
f 2708 6571 2706
f 2724 6572 2722
f 2722 6572 6573
f 2738 6574 2736
f 2736 6574 6575
f 2752 6576 6577
f 2754 6576 2752
f 2768 6579 2766
f 2768 6578 6579
f 2784 6580 2782
f 2784 6581 6580
f 2798 6582 6583
f 2800 6582 2798
f 2816 6584 2814
f 2814 6584 6585
f 2818 6586 2816
f 2816 6586 6584
f 1896 7787 1894
f 1894 7787 1892
f 1892 7787 1890
f 1890 7787 1888
f 1888 7787 1886
f 1886 7787 1884
f 1884 7787 1882
f 1882 7787 6479
f 6479 7788 6587
f 6587 7788 6589
f 6589 7788 6590
f 6590 7788 6591
f 6591 7788 6481
f 7787 7788 6479
f 6481 7788 1896
f 1896 7788 7787
f 1911 7789 1909
f 1909 7789 1907
f 1907 7789 1905
f 1905 7789 1903
f 1903 7789 1901
f 1901 7789 1898
f 1898 7789 6480
f 6480 7790 6594
f 6594 7790 6595
f 6483 7790 1911
f 6595 7790 6596
f 6596 7790 6597
f 6597 7790 6483
f 7789 7790 6480
f 1911 7790 7789
f 1927 7791 1925
f 1925 7791 1923
f 6485 7791 1927
f 1923 7791 1921
f 1921 7791 1919
f 1919 7791 1917
f 1917 7791 1915
f 1915 7791 1912
f 1912 7792 6482
f 6482 7792 6599
f 6599 7792 6601
f 6601 7792 6602
f 6602 7792 6603
f 6603 7792 6485
f 6485 7792 7791
f 7791 7792 1912
f 1939 7793 1937
f 1937 7793 1935
f 1935 7793 1933
f 1933 7793 1931
f 1931 7793 1929
f 1929 7793 6484
f 6487 7793 1941
f 1941 7793 1939
f 6487 7794 7793
f 6484 7794 6605
f 6605 7794 6607
f 6607 7794 6608
f 6608 7794 6609
f 6609 7794 6487
f 7793 7794 6484
f 1943 7795 6486
f 1957 7795 1955
f 1955 7795 1953
f 1953 7795 1951
f 1951 7795 1949
f 1949 7795 1947
f 1947 7795 1945
f 1945 7795 1943
f 6486 7796 6611
f 6611 7796 6613
f 6613 7796 6614
f 6614 7796 6615
f 6615 7796 6489
f 7795 7796 6486
f 6489 7796 1957
f 1957 7796 7795
f 1971 7797 1969
f 1969 7797 1967
f 1967 7797 1965
f 1965 7797 1963
f 1963 7797 1961
f 1961 7797 1959
f 6490 7797 1971
f 6488 7798 6618
f 6618 7798 6619
f 6619 7798 6620
f 6620 7798 6621
f 6621 7798 6490
f 6490 7798 7797
f 7797 7798 1959
f 1959 7798 6488
f 1987 7799 1985
f 1985 7799 1983
f 1983 7799 1981
f 1981 7799 1979
f 1979 7799 1977
f 1977 7799 1975
f 1975 7799 1973
f 6624 7800 1987
f 6491 7800 6625
f 6625 7800 6626
f 1987 7800 7799
f 6626 7800 6627
f 6627 7800 6628
f 6628 7800 6624
f 1973 7800 6491
f 7799 7800 1973
f 2003 7801 2001
f 2001 7801 1999
f 1999 7801 1997
f 1997 7801 1995
f 1995 7801 1993
f 1993 7801 1991
f 1991 7801 1989
f 6624 7802 6630
f 6630 7802 6632
f 6632 7802 6633
f 1989 7802 6624
f 6633 7802 6634
f 6634 7802 6635
f 6635 7802 6492
f 7801 7802 1989
f 6492 7802 2003
f 2003 7802 7801
f 2019 7803 2017
f 2017 7803 2015
f 2015 7803 2013
f 2013 7803 2011
f 2011 7803 2009
f 2009 7803 2007
f 2007 7803 2005
f 6492 7804 6637
f 6637 7804 6639
f 6639 7804 6640
f 6640 7804 6641
f 6641 7804 6494
f 6494 7804 2019
f 2005 7804 6492
f 2019 7804 7803
f 7803 7804 2005
f 2021 7805 6493
f 2032 7805 2030
f 2030 7805 2028
f 2028 7805 2026
f 2026 7805 2024
f 2024 7805 2022
f 2022 7805 2021
f 6496 7806 2032
f 6493 7806 6644
f 6644 7806 6645
f 7805 7806 6493
f 6645 7806 6646
f 6646 7806 6647
f 6647 7806 6496
f 2032 7806 7805
f 2049 7807 2046
f 2046 7807 2044
f 2044 7807 2042
f 2042 7807 2040
f 2040 7807 2038
f 2038 7807 2036
f 2036 7807 2034
f 2034 7808 6495
f 7807 7808 2034
f 6498 7808 2049
f 2049 7808 7807
f 6495 7808 6650
f 6650 7808 6651
f 6651 7808 6652
f 6652 7808 6653
f 6653 7808 6498
f 2063 7809 2061
f 2061 7809 2059
f 2059 7809 2057
f 2057 7809 2055
f 2055 7809 2053
f 2053 7809 2051
f 6500 7809 2063
f 6500 7810 7809
f 2051 7810 6497
f 6497 7810 6656
f 6656 7810 6657
f 6657 7810 6658
f 6658 7810 6659
f 6659 7810 6500
f 7809 7810 2051
f 2079 7811 2077
f 2077 7811 2075
f 2075 7811 2073
f 2073 7811 2071
f 2071 7811 2069
f 2069 7811 2067
f 2067 7811 2065
f 2065 7811 6499
f 6502 7812 2079
f 2079 7812 7811
f 6499 7812 6661
f 6661 7812 6663
f 6663 7812 6664
f 6664 7812 6665
f 6665 7812 6502
f 7811 7812 6499
f 2093 7813 2091
f 2091 7813 2089
f 2089 7813 2087
f 2087 7813 2085
f 2085 7813 2083
f 2083 7813 2081
f 6503 7813 2093
f 2081 7814 6501
f 7813 7814 2081
f 6501 7814 6668
f 6668 7814 6669
f 6669 7814 6670
f 6670 7814 6671
f 6503 7814 7813
f 6671 7814 6503
f 2109 7815 2107
f 2107 7815 2105
f 2105 7815 2103
f 2103 7815 2101
f 2101 7815 2099
f 2099 7815 2097
f 2097 7815 2095
f 2095 7815 6504
f 2109 7816 7815
f 6506 7816 2109
f 6504 7816 6674
f 7815 7816 6504
f 6674 7816 6675
f 6675 7816 6676
f 6676 7816 6677
f 6677 7816 6506
f 2124 7817 2122
f 2122 7817 2120
f 2120 7817 2119
f 2119 7817 2117
f 2117 7817 2115
f 2115 7817 2113
f 2113 7817 2111
f 2124 7818 7817
f 2111 7818 6505
f 6507 7818 2124
f 7817 7818 2111
f 6505 7818 6680
f 6680 7818 6681
f 6681 7818 6682
f 6682 7818 6683
f 6683 7818 6507
f 2140 7819 2138
f 2138 7819 2136
f 2136 7819 2134
f 2134 7819 2132
f 2132 7819 2130
f 2130 7819 2128
f 2128 7819 2126
f 6687 7820 6685
f 6685 7820 6509
f 6509 7820 2140
f 2140 7820 7819
f 7819 7820 2126
f 2126 7820 6508
f 6508 7820 6688
f 6688 7820 6689
f 6689 7820 6687
f 2155 7821 2153
f 2153 7821 2150
f 2150 7821 2148
f 2148 7821 2146
f 2146 7821 2144
f 2144 7821 2142
f 6509 7822 6691
f 6691 7822 6693
f 6693 7822 6694
f 6694 7822 6695
f 6695 7822 6696
f 6696 7822 6511
f 6511 7822 2155
f 2142 7822 6509
f 7821 7822 2142
f 2155 7822 7821
f 2171 7823 2169
f 2169 7823 2167
f 2167 7823 2165
f 2165 7823 2163
f 2163 7823 2161
f 2161 7823 2159
f 2159 7823 2157
f 6510 7824 6698
f 6698 7824 6700
f 6700 7824 6701
f 6701 7824 6702
f 6702 7824 6512
f 6512 7824 2171
f 7823 7824 2157
f 2157 7824 6510
f 2171 7824 7823
f 2185 7825 2183
f 2183 7825 2181
f 2181 7825 2179
f 2179 7825 2177
f 2177 7825 2175
f 2175 7825 2173
f 6512 7826 6704
f 6704 7826 6706
f 6706 7826 6707
f 6707 7826 6708
f 6708 7826 6709
f 6709 7826 6513
f 2185 7826 7825
f 7825 7826 2173
f 2173 7826 6512
f 2187 7826 2185
f 6513 7826 2187
f 2201 7827 2199
f 2199 7827 2197
f 2197 7827 2195
f 2195 7827 2193
f 2193 7827 2191
f 2191 7827 2189
f 2189 7827 2187
f 6513 7828 6711
f 6711 7828 6713
f 6515 7828 2201
f 6713 7828 6714
f 6714 7828 6715
f 6715 7828 6515
f 7827 7828 2187
f 2201 7828 7827
f 2187 7828 6513
f 2216 7829 2214
f 2214 7829 2212
f 2212 7829 2210
f 2210 7829 2209
f 2209 7829 2207
f 2207 7829 2205
f 2205 7829 2203
f 2203 7830 6514
f 6514 7830 6717
f 6717 7830 6719
f 6719 7830 6720
f 6720 7830 6721
f 6721 7830 6517
f 6517 7830 2216
f 7829 7830 2203
f 2216 7830 7829
f 2232 7831 2230
f 2230 7831 2228
f 2228 7831 2226
f 2226 7831 2224
f 2224 7831 2222
f 2222 7831 2220
f 2220 7831 2218
f 6519 7831 2232
f 6519 7832 7831
f 6516 7832 6723
f 6723 7832 6725
f 6725 7832 6726
f 6726 7832 6727
f 6727 7832 6519
f 7831 7832 2218
f 2218 7832 6516
f 2246 7833 2244
f 2244 7833 2242
f 2242 7833 2240
f 2240 7833 2238
f 2238 7833 2236
f 2236 7833 2234
f 2234 7833 6518
f 6521 7834 2246
f 6518 7834 6729
f 6729 7834 6731
f 6731 7834 6732
f 7833 7834 6518
f 6732 7834 6733
f 6733 7834 6521
f 2246 7834 7833
f 2262 7835 2260
f 2260 7835 2258
f 2258 7835 2256
f 2256 7835 2254
f 2254 7835 2252
f 2252 7835 2250
f 2250 7835 2248
f 2248 7836 6520
f 6522 7836 2262
f 6520 7836 6736
f 6736 7836 6737
f 6737 7836 6738
f 6738 7836 6739
f 6739 7836 6522
f 2262 7836 7835
f 7835 7836 2248
f 2278 7837 2276
f 2276 7837 2274
f 2274 7837 2272
f 2272 7837 2270
f 2270 7837 2268
f 2268 7837 2266
f 2266 7837 2264
f 6525 7838 2278
f 2264 7838 6523
f 6523 7838 6742
f 6742 7838 6743
f 6743 7838 6744
f 6744 7838 6745
f 6745 7838 6525
f 7837 7838 2264
f 2278 7838 7837
f 2292 7839 2290
f 2290 7839 2288
f 2288 7839 2286
f 2286 7839 2284
f 2284 7839 2282
f 2282 7839 2280
f 6527 7839 2292
f 2280 7840 6524
f 6524 7840 6748
f 6748 7840 6749
f 6749 7840 6750
f 6750 7840 6751
f 6751 7840 6527
f 6527 7840 7839
f 7839 7840 2280
f 2307 7841 2306
f 2306 7841 2304
f 2304 7841 2302
f 2302 7841 2300
f 2300 7841 2298
f 2298 7841 2296
f 2296 7841 2294
f 2294 7841 6526
f 7841 7842 6526
f 6529 7842 2307
f 2307 7842 7841
f 6526 7842 6754
f 6754 7842 6755
f 6755 7842 6756
f 6756 7842 6757
f 6757 7842 6529
f 2324 7843 2322
f 2322 7843 2319
f 2319 7843 2317
f 2317 7843 2315
f 2315 7843 2313
f 2313 7843 2311
f 2311 7843 2309
f 2309 7844 6528
f 6531 7844 2324
f 7843 7844 2309
f 2324 7844 7843
f 6528 7844 6760
f 6760 7844 6761
f 6761 7844 6762
f 6762 7844 6763
f 6763 7844 6531
f 2338 7845 2336
f 2336 7845 2334
f 2334 7845 2332
f 2332 7845 2330
f 2330 7845 2328
f 2328 7845 2326
f 2326 7845 6530
f 7845 7846 6530
f 6532 7846 2338
f 6530 7846 6766
f 6766 7846 6767
f 6767 7846 6768
f 6768 7846 6769
f 6769 7846 6532
f 2338 7846 7845
f 2342 7847 2340
f 2354 7847 2351
f 2351 7847 2350
f 2350 7847 2348
f 2348 7847 2346
f 2346 7847 2344
f 2344 7847 2342
f 2340 7848 6533
f 2354 7848 7847
f 6533 7848 6772
f 6772 7848 6773
f 6773 7848 6774
f 6774 7848 6775
f 6775 7848 6534
f 6534 7848 2354
f 7847 7848 2340
f 6537 7849 2370
f 2370 7849 2368
f 2368 7849 2366
f 2366 7849 2364
f 2364 7849 2362
f 2362 7849 2360
f 2360 7849 2358
f 2358 7849 2356
f 6537 7850 7849
f 7849 7850 2356
f 6535 7850 6778
f 6778 7850 6779
f 6779 7850 6780
f 6780 7850 6781
f 6781 7850 6537
f 2356 7850 6535
f 2384 7851 2382
f 2382 7851 2380
f 2380 7851 2378
f 2378 7851 2376
f 2376 7851 2374
f 2374 7851 2372
f 2372 7851 2370
f 2370 7852 6536
f 6538 7852 2384
f 2384 7852 7851
f 7851 7852 2370
f 6536 7852 6784
f 6784 7852 6785
f 6785 7852 6786
f 6786 7852 6787
f 6787 7852 6538
f 2399 7853 2398
f 2398 7853 2396
f 2396 7853 2394
f 2394 7853 2392
f 2392 7853 2390
f 2390 7853 2388
f 2388 7853 2386
f 6791 7854 6789
f 6789 7854 6541
f 2386 7854 6539
f 2399 7854 7853
f 7853 7854 2386
f 6541 7854 2399
f 6539 7854 6792
f 6792 7854 6793
f 6793 7854 6791
f 2415 7855 2413
f 2413 7855 2411
f 2411 7855 2409
f 2409 7855 2407
f 2407 7855 2405
f 2405 7855 2403
f 2403 7855 2401
f 6540 7856 6795
f 6795 7856 6797
f 6797 7856 6798
f 6798 7856 6799
f 6799 7856 6543
f 7855 7856 2401
f 2415 7856 7855
f 2401 7856 6540
f 6543 7856 2415
f 2429 7857 2427
f 2427 7857 2425
f 2425 7857 2423
f 2423 7857 2421
f 2421 7857 2419
f 2419 7857 2417
f 2417 7858 6542
f 7857 7858 2417
f 6542 7858 6801
f 6801 7858 6803
f 6803 7858 6804
f 6804 7858 6805
f 6805 7858 6806
f 6806 7858 6544
f 6544 7858 2429
f 2429 7858 7857
f 2445 7859 2443
f 2443 7859 2441
f 2441 7859 2439
f 2439 7859 2437
f 2437 7859 2435
f 2435 7859 2433
f 2433 7859 2431
f 6544 7860 6809
f 6809 7860 6810
f 6810 7860 6811
f 6811 7860 6812
f 6812 7860 6546
f 2431 7860 6544
f 6546 7860 2445
f 2445 7860 7859
f 7859 7860 2431
f 2461 7861 2459
f 2459 7861 2457
f 2457 7861 2455
f 2455 7861 2453
f 2453 7861 2451
f 2451 7861 2449
f 2449 7861 2447
f 6545 7862 6814
f 6814 7862 6816
f 6816 7862 6817
f 6817 7862 6818
f 6818 7862 6548
f 2461 7862 7861
f 2447 7862 6545
f 6548 7862 2461
f 7861 7862 2447
f 6550 7863 2477
f 2477 7863 2475
f 2475 7863 2473
f 2473 7863 2471
f 2471 7863 2469
f 2469 7863 2467
f 2467 7863 2465
f 2465 7863 2463
f 6547 7864 6821
f 6821 7864 6822
f 6822 7864 6823
f 6823 7864 6824
f 6824 7864 6550
f 6550 7864 7863
f 7863 7864 2463
f 2463 7864 6547
f 2477 7865 6549
f 2491 7865 2489
f 2489 7865 2487
f 2487 7865 2485
f 2485 7865 2483
f 2483 7865 2481
f 2481 7865 2479
f 2479 7865 2477
f 6549 7866 6827
f 2491 7866 7865
f 6827 7866 6828
f 6828 7866 6829
f 6829 7866 6830
f 6830 7866 6551
f 6551 7866 2491
f 7865 7866 6549
f 2507 7867 2505
f 2505 7867 2503
f 2503 7867 2501
f 2501 7867 2499
f 2499 7867 2497
f 2497 7867 2495
f 2495 7867 2493
f 6552 7868 6833
f 6833 7868 6834
f 6834 7868 6835
f 6835 7868 6836
f 6836 7868 6553
f 6553 7868 2507
f 2507 7868 7867
f 2493 7868 6552
f 7867 7868 2493
f 2523 7869 2521
f 2521 7869 2519
f 2519 7869 2517
f 2517 7869 2515
f 2515 7869 2513
f 2513 7869 2511
f 2511 7869 2509
f 7869 7870 2509
f 6553 7870 6838
f 6838 7870 6840
f 6840 7870 6841
f 6841 7870 6842
f 6842 7870 6843
f 6843 7870 6554
f 2523 7870 7869
f 2509 7870 6553
f 6554 7870 2523
f 2537 7871 2535
f 2535 7871 2533
f 2533 7871 2531
f 2531 7871 2529
f 2529 7871 2527
f 2527 7871 2525
f 2537 7872 7871
f 6555 7872 2537
f 7871 7872 2525
f 6554 7872 6846
f 6846 7872 6847
f 6847 7872 6848
f 6848 7872 6849
f 6849 7872 6850
f 6850 7872 6555
f 2525 7872 6554
f 2544 7873 2542
f 2542 7873 2539
f 2554 7873 2552
f 2552 7873 2550
f 2550 7873 2548
f 2548 7873 2546
f 2546 7873 2544
f 7873 7874 2539
f 6556 7874 2554
f 6555 7874 6853
f 6853 7874 6854
f 6854 7874 6855
f 6855 7874 6856
f 6856 7874 6857
f 6857 7874 6556
f 2554 7874 7873
f 2539 7874 6555
f 2568 7875 2566
f 2566 7875 2564
f 2564 7875 2562
f 2562 7875 2560
f 2560 7875 2558
f 2558 7875 2556
f 2556 7875 2554
f 7875 7876 2554
f 2554 7876 6556
f 6556 7876 6860
f 6860 7876 6861
f 6861 7876 6862
f 6862 7876 6863
f 6863 7876 6557
f 6557 7876 2568
f 2568 7876 7875
f 2584 7877 2582
f 2582 7877 2580
f 2580 7877 2578
f 2578 7877 2576
f 2576 7877 2574
f 2574 7877 2572
f 2572 7877 2570
f 7877 7878 2570
f 2570 7878 6558
f 6558 7878 6866
f 6866 7878 6867
f 6867 7878 6868
f 6868 7878 6869
f 6869 7878 6560
f 2584 7878 7877
f 6560 7878 2584
f 2599 7879 2597
f 2597 7879 2595
f 2595 7879 2594
f 2594 7879 2592
f 2592 7879 2590
f 2590 7879 2588
f 2588 7879 2586
f 6562 7880 2599
f 7879 7880 2586
f 2599 7880 7879
f 6559 7880 6871
f 6871 7880 6873
f 6873 7880 6874
f 6874 7880 6875
f 6875 7880 6562
f 2586 7880 6559
f 6563 7881 2615
f 2615 7881 2613
f 2613 7881 2611
f 2611 7881 2609
f 2609 7881 2607
f 2607 7881 2605
f 2605 7881 2603
f 2603 7881 2601
f 2601 7882 6561
f 6561 7882 6878
f 6878 7882 6879
f 7881 7882 2601
f 6879 7882 6880
f 6880 7882 6881
f 6881 7882 6563
f 6563 7882 7881
f 2615 7883 6564
f 2630 7883 2628
f 2628 7883 2626
f 2626 7883 2623
f 2623 7883 2621
f 2621 7883 2619
f 2619 7883 2617
f 2617 7883 2615
f 7883 7884 6564
f 2630 7884 7883
f 6565 7884 2630
f 6564 7884 6884
f 6884 7884 6885
f 6885 7884 6886
f 6886 7884 6887
f 6887 7884 6565
f 2644 7885 2642
f 2642 7885 2640
f 2640 7885 2638
f 2638 7885 2636
f 2636 7885 2634
f 2634 7885 2632
f 6567 7886 2644
f 7885 7886 2632
f 2632 7886 6566
f 2644 7886 7885
f 6566 7886 6890
f 6890 7886 6891
f 6891 7886 6892
f 6892 7886 6893
f 6893 7886 6567
f 2660 7887 2658
f 2658 7887 2656
f 2656 7887 2654
f 2654 7887 2652
f 2652 7887 2650
f 2650 7887 2648
f 2648 7887 2646
f 6897 7888 6895
f 6895 7888 6569
f 2646 7888 6568
f 6569 7888 2660
f 7887 7888 2646
f 2660 7888 7887
f 6568 7888 6898
f 6898 7888 6899
f 6899 7888 6897
f 2676 7889 2674
f 2674 7889 2672
f 2672 7889 2670
f 2670 7889 2668
f 2668 7889 2666
f 2666 7889 2664
f 2664 7889 2662
f 6570 7889 2676
f 6569 7890 6901
f 6901 7890 6903
f 6903 7890 6904
f 6904 7890 6905
f 6905 7890 6906
f 6906 7890 6570
f 2662 7890 6569
f 7889 7890 2662
f 6570 7890 7889
f 2690 7891 2688
f 2688 7891 2686
f 2686 7891 2684
f 2684 7891 2682
f 2682 7891 2680
f 2680 7891 2678
f 2678 7891 2676
f 6570 7892 6908
f 6908 7892 6910
f 6910 7892 6911
f 6911 7892 6912
f 6912 7892 6913
f 6913 7892 6914
f 7891 7892 2676
f 2676 7892 6570
f 6914 7892 2690
f 2690 7892 7891
f 2706 7893 2704
f 2704 7893 2702
f 2702 7893 2700
f 2700 7893 2698
f 2698 7893 2696
f 2696 7893 2694
f 2694 7893 2692
f 6571 7894 2706
f 6914 7894 6917
f 6917 7894 6918
f 6918 7894 6919
f 6919 7894 6920
f 6920 7894 6921
f 6921 7894 6571
f 7893 7894 2692
f 2692 7894 6914
f 2706 7894 7893
f 2722 7895 2720
f 2720 7895 2718
f 2718 7895 2716
f 2716 7895 2714
f 2714 7895 2712
f 2712 7895 2710
f 2710 7895 2708
f 7895 7896 2708
f 2708 7896 6571
f 6571 7896 6924
f 6924 7896 6925
f 6925 7896 6926
f 6573 7896 2722
f 6926 7896 6927
f 6927 7896 6573
f 2722 7896 7895
f 2736 7897 2734
f 2734 7897 2732
f 2732 7897 2730
f 2730 7897 2728
f 2728 7897 2726
f 2726 7897 2724
f 2724 7897 6572
f 7897 7898 6572
f 6572 7898 6929
f 6929 7898 6931
f 6931 7898 6932
f 2736 7898 7897
f 6932 7898 6933
f 6933 7898 6575
f 6575 7898 2736
f 2746 7899 2744
f 2744 7899 2742
f 2742 7899 2740
f 2740 7899 2738
f 6577 7899 2752
f 2752 7899 2750
f 2750 7899 2748
f 2748 7899 2746
f 6574 7900 6935
f 6935 7900 6937
f 6937 7900 6938
f 6577 7900 7899
f 6938 7900 6939
f 6939 7900 6577
f 2738 7900 6574
f 7899 7900 2738
f 6579 7901 2766
f 2766 7901 2764
f 2764 7901 2762
f 2762 7901 2760
f 2760 7901 2758
f 2758 7901 2756
f 2754 7901 6576
f 2756 7901 2754
f 6576 7902 6942
f 6942 7902 6943
f 6943 7902 6944
f 6944 7902 6945
f 6945 7902 6579
f 7901 7902 6576
f 6579 7902 7901
f 2768 7903 6578
f 2782 7903 2780
f 2780 7903 2778
f 2778 7903 2776
f 2776 7903 2774
f 2774 7903 2772
f 2772 7903 2770
f 2770 7903 2768
f 6580 7904 2782
f 2782 7904 7903
f 7903 7904 6578
f 6578 7904 6947
f 6947 7904 6949
f 6949 7904 6950
f 6950 7904 6951
f 6951 7904 6580
f 2798 7905 2796
f 2796 7905 2794
f 2794 7905 2792
f 2792 7905 2790
f 2790 7905 2788
f 2788 7905 2786
f 2786 7905 2784
f 2784 7906 6581
f 6581 7906 6953
f 6953 7906 6955
f 6955 7906 6956
f 6956 7906 6957
f 6957 7906 6583
f 2798 7906 7905
f 7905 7906 2784
f 6583 7906 2798
f 2814 7907 2812
f 2812 7907 2810
f 2810 7907 2808
f 2808 7907 2806
f 2806 7907 2804
f 2804 7907 2802
f 2802 7907 2800
f 2800 7907 6582
f 6585 7907 2814
f 7907 7908 6582
f 6582 7908 6959
f 6959 7908 6961
f 6961 7908 6962
f 6962 7908 6963
f 6963 7908 6964
f 6964 7908 6585
f 6585 7908 7907
f 935 5487 934
f 937 5990 935
f 935 5990 5487
f 937 5991 5990
f 953 5993 951
f 953 5992 5993
f 967 5994 5995
f 969 5994 967
f 983 5996 5997
f 999 5999 997
f 999 5998 5999
f 1015 6001 1013
f 1015 6000 6001
f 1030 6002 1028
f 1030 6003 6002
f 1046 6004 1044
f 1062 6146 1060
f 1074 6005 6006
f 1076 6005 1074
f 1090 6007 6008
f 1092 6007 1090
f 1108 6009 1106
f 1106 6009 6010
f 1122 6011 1120
f 1122 6012 6011
f 1138 6014 1136
f 1138 6013 6014
f 1154 6015 1152
f 1152 6015 6016
f 1168 6017 1166
f 1168 6018 6017
f 1183 6020 1181
f 1183 6019 6020
f 1199 6199 1197
f 1214 6022 1212
f 1214 6021 6022
f 1229 6023 1227
f 1245 6222 1243
f 1259 6025 6024
f 1261 6025 1259
f 1273 6026 6027
f 1275 6026 1273
f 1291 6028 1289
f 1289 6028 6029
f 1305 6030 6031
f 1307 6030 1305
f 1321 6033 1319
f 1321 6032 6033
f 1337 6034 1335
f 1335 6034 6035
f 1353 6036 1351
f 1351 6036 6037
f 1367 6039 1365
f 1367 6038 6039
f 1383 6040 1381
f 1381 6040 6041
f 1399 6042 1397
f 1397 6042 6043
f 1413 6045 6044
f 1415 6045 1413
f 1429 6046 1427
f 1429 6047 6046
f 1445 6048 1443
f 1445 6049 6048
f 1461 6050 1459
f 1459 6050 6051
f 1475 6053 1473
f 1475 6052 6053
f 1490 6054 1488
f 1506 6055 1504
f 1504 6055 6056
f 1520 6057 6058
f 1536 6060 1534
f 1536 6059 6060
f 1551 6061 6062
f 1553 6061 1551
f 1567 6063 1565
f 1583 6064 1581
f 1599 6065 1597
f 1613 6066 1611
f 1627 6068 6067
f 1629 6068 1627
f 1645 6069 1643
f 1643 6069 6070
f 1659 6071 1657
f 1659 6072 6071
f 1673 6074 6073
f 1675 6074 1673
f 1691 6076 1689
f 1689 6076 6075
f 1705 6078 1703
f 1705 6077 6078
f 1721 6079 1719
f 1751 6081 1749
f 1767 6082 1765
f 1782 6083 1780
f 1780 6083 6084
f 1797 6085 1795
f 1795 6085 6086
f 1811 6087 6088
f 1813 6087 1811
f 1827 6089 1825
f 1827 6090 6089
f 1843 6091 1841
f 1843 6092 6091
f 1857 6093 6094
f 1859 6093 1857
f 1875 6096 1873
f 1877 6095 1875
f 1875 6095 6096
f 1877 6097 6095
f 951 7909 950
f 950 7909 947
f 947 7909 945
f 945 7909 943
f 943 7909 941
f 941 7909 939
f 939 7909 937
f 937 7909 5991
f 5991 7910 6098
f 6098 7910 6100
f 6100 7910 6101
f 6101 7910 6102
f 6102 7910 5993
f 7909 7910 5991
f 5993 7910 951
f 951 7910 7909
f 967 7911 965
f 965 7911 963
f 963 7911 961
f 961 7911 959
f 959 7911 957
f 957 7911 955
f 955 7911 953
f 5992 7912 6105
f 6105 7912 6106
f 7911 7912 953
f 5995 7912 967
f 6106 7912 6107
f 6107 7912 6108
f 6108 7912 5995
f 967 7912 7911
f 953 7912 5992
f 983 7913 981
f 981 7913 979
f 979 7913 977
f 977 7913 975
f 975 7913 973
f 973 7913 971
f 971 7913 969
f 5997 7913 983
f 969 7914 5994
f 5994 7914 6110
f 6110 7914 6112
f 6112 7914 6113
f 6113 7914 6114
f 6114 7914 5997
f 7913 7914 969
f 5997 7914 7913
f 997 7915 995
f 995 7915 993
f 993 7915 991
f 991 7915 989
f 989 7915 987
f 987 7915 985
f 985 7915 983
f 983 7915 5996
f 5996 7916 6116
f 6116 7916 6118
f 6118 7916 6119
f 6119 7916 6120
f 6120 7916 5999
f 997 7916 7915
f 5999 7916 997
f 7915 7916 5996
f 1013 7917 1011
f 1011 7917 1009
f 1009 7917 1007
f 1007 7917 1005
f 1005 7917 1003
f 1003 7917 1001
f 1001 7917 999
f 5998 7918 6122
f 6122 7918 6124
f 6124 7918 6125
f 6125 7918 6126
f 6126 7918 6001
f 999 7918 5998
f 7917 7918 999
f 6001 7918 1013
f 1013 7918 7917
f 1028 7919 1026
f 1026 7919 1023
f 1023 7919 1021
f 1021 7919 1019
f 1019 7919 1017
f 1017 7919 1015
f 7919 7920 1015
f 6000 7920 6129
f 6129 7920 6130
f 6130 7920 6131
f 6131 7920 6132
f 6132 7920 6002
f 6002 7920 1028
f 1028 7920 7919
f 1015 7920 6000
f 1044 7921 1042
f 1042 7921 1040
f 1040 7921 1038
f 1038 7921 1036
f 1036 7921 1034
f 1034 7921 1032
f 1032 7921 1030
f 6004 7922 1044
f 6003 7922 6135
f 6135 7922 6136
f 6136 7922 6137
f 6137 7922 6138
f 6138 7922 6004
f 1030 7922 6003
f 1044 7922 7921
f 7921 7922 1030
f 1060 7923 1058
f 1058 7923 1056
f 1056 7923 1054
f 1054 7923 1052
f 1052 7923 1050
f 1050 7923 1048
f 1048 7923 1046
f 1060 7924 7923
f 6004 7924 6141
f 6141 7924 6142
f 6142 7924 6143
f 6143 7924 6144
f 1046 7924 6004
f 6144 7924 6145
f 6145 7924 6146
f 6146 7924 1060
f 7923 7924 1046
f 1074 7925 1072
f 1072 7925 1070
f 1070 7925 1068
f 1068 7925 1066
f 1066 7925 1064
f 1064 7925 1062
f 7925 7926 1062
f 6006 7926 1074
f 6146 7926 6148
f 6148 7926 6150
f 6150 7926 6151
f 6151 7926 6152
f 6152 7926 6006
f 1062 7926 6146
f 1074 7926 7925
f 1090 7927 1088
f 1088 7927 1086
f 1086 7927 1084
f 1084 7927 1082
f 1082 7927 1080
f 1080 7927 1078
f 1078 7927 1076
f 1076 7928 6005
f 6008 7928 1090
f 6005 7928 6155
f 6155 7928 6156
f 6156 7928 6157
f 6157 7928 6158
f 6158 7928 6008
f 7927 7928 1076
f 1090 7928 7927
f 1106 7929 1104
f 1104 7929 1102
f 1102 7929 1100
f 1100 7929 1098
f 1098 7929 1096
f 1096 7929 1094
f 1094 7929 1092
f 1092 7930 6007
f 6010 7930 1106
f 1106 7930 7929
f 6007 7930 6161
f 6161 7930 6162
f 6162 7930 6163
f 6163 7930 6164
f 6164 7930 6010
f 7929 7930 1092
f 1120 7931 1118
f 1118 7931 1116
f 1116 7931 1114
f 1114 7931 1112
f 1112 7931 1110
f 1110 7931 1108
f 1108 7932 6009
f 6011 7932 1120
f 6009 7932 6166
f 6166 7932 6168
f 6168 7932 6169
f 6169 7932 6170
f 6170 7932 6011
f 7931 7932 1108
f 1120 7932 7931
f 1136 7933 1134
f 1134 7933 1132
f 1132 7933 1130
f 1130 7933 1128
f 1128 7933 1126
f 1126 7933 1124
f 1124 7933 1122
f 6014 7934 1136
f 7933 7934 1122
f 6012 7934 6173
f 6173 7934 6174
f 6174 7934 6175
f 6175 7934 6176
f 6176 7934 6014
f 1122 7934 6012
f 1136 7934 7933
f 1152 7935 1150
f 1150 7935 1148
f 1148 7935 1146
f 1146 7935 1144
f 1144 7935 1142
f 1142 7935 1140
f 1140 7935 1138
f 1138 7936 6013
f 6016 7936 1152
f 6013 7936 6179
f 6179 7936 6180
f 6180 7936 6181
f 6181 7936 6182
f 6182 7936 6016
f 7935 7936 1138
f 1152 7936 7935
f 1166 7937 1164
f 1164 7937 1162
f 1162 7937 1160
f 1160 7937 1158
f 1158 7937 1156
f 1156 7937 1154
f 6017 7937 1166
f 7937 7938 1154
f 1154 7938 6015
f 6017 7938 7937
f 6015 7938 6185
f 6185 7938 6186
f 6186 7938 6187
f 6187 7938 6188
f 6188 7938 6017
f 1181 7939 1179
f 1179 7939 1177
f 1177 7939 1175
f 1175 7939 1173
f 1173 7939 1171
f 1171 7939 1170
f 1170 7939 1168
f 7939 7940 1168
f 1168 7940 6018
f 6020 7940 1181
f 1181 7940 7939
f 6018 7940 6191
f 6191 7940 6192
f 6192 7940 6193
f 6193 7940 6194
f 6194 7940 6020
f 1197 7941 1195
f 1195 7941 1193
f 1193 7941 1191
f 1191 7941 1189
f 1189 7941 1187
f 1187 7941 1185
f 1185 7941 1183
f 6198 7942 6196
f 6196 7942 6199
f 1197 7942 7941
f 7941 7942 1183
f 6199 7942 1197
f 1183 7942 6019
f 6019 7942 6200
f 6200 7942 6201
f 6201 7942 6198
f 1212 7943 1210
f 1210 7943 1207
f 1207 7943 1205
f 1205 7943 1203
f 1203 7943 1201
f 1201 7943 1199
f 6199 7944 6203
f 6203 7944 6205
f 6205 7944 6206
f 6206 7944 6207
f 6207 7944 6208
f 6208 7944 6022
f 1199 7944 6199
f 6022 7944 1212
f 1212 7944 7943
f 7943 7944 1199
f 1227 7945 1225
f 1225 7945 1224
f 1224 7945 1222
f 1222 7945 1220
f 1220 7945 1218
f 1218 7945 1216
f 1216 7945 1214
f 1227 7946 7945
f 7945 7946 1214
f 6021 7946 6210
f 6210 7946 6212
f 6212 7946 6213
f 6213 7946 6214
f 6214 7946 6023
f 1214 7946 6021
f 6023 7946 1227
f 1243 7947 1241
f 1241 7947 1239
f 1239 7947 1237
f 1237 7947 1235
f 1235 7947 1233
f 1233 7947 1231
f 1231 7947 1229
f 6023 7948 6216
f 6216 7948 6218
f 6218 7948 6219
f 6219 7948 6220
f 6220 7948 6221
f 6221 7948 6222
f 1243 7948 7947
f 7947 7948 1229
f 1229 7948 6023
f 6222 7948 1243
f 1259 7949 1257
f 1257 7949 1255
f 1255 7949 1253
f 1253 7949 1251
f 1251 7949 1249
f 1249 7949 1247
f 1247 7949 1245
f 7949 7950 1245
f 6222 7950 6225
f 6225 7950 6226
f 6024 7950 1259
f 6226 7950 6227
f 6227 7950 6228
f 6228 7950 6024
f 1259 7950 7949
f 1245 7950 6222
f 1261 7951 6025
f 1273 7951 1271
f 1271 7951 1269
f 1269 7951 1267
f 1267 7951 1265
f 1265 7951 1263
f 1263 7951 1261
f 6025 7952 6231
f 6231 7952 6232
f 6232 7952 6233
f 6233 7952 6234
f 6234 7952 6027
f 6027 7952 1273
f 1273 7952 7951
f 7951 7952 6025
f 1289 7953 1287
f 1287 7953 1285
f 1285 7953 1283
f 1283 7953 1281
f 1281 7953 1279
f 1279 7953 1277
f 1277 7953 1275
f 6026 7954 6236
f 6236 7954 6238
f 6238 7954 6239
f 6239 7954 6240
f 6240 7954 6029
f 1275 7954 6026
f 6029 7954 1289
f 1289 7954 7953
f 7953 7954 1275
f 6031 7955 1305
f 1305 7955 1303
f 1303 7955 1301
f 1301 7955 1299
f 1299 7955 1297
f 1297 7955 1295
f 1295 7955 1293
f 1293 7955 1291
f 6031 7956 7955
f 6028 7956 6242
f 6242 7956 6244
f 6244 7956 6245
f 6245 7956 6246
f 6246 7956 6031
f 1291 7956 6028
f 7955 7956 1291
f 1307 7957 6030
f 1319 7957 1317
f 1317 7957 1315
f 1315 7957 1313
f 1313 7957 1311
f 1311 7957 1309
f 1309 7957 1307
f 6033 7958 1319
f 1319 7958 7957
f 6030 7958 6249
f 7957 7958 6030
f 6249 7958 6250
f 6250 7958 6251
f 6251 7958 6252
f 6252 7958 6033
f 1335 7959 1333
f 1333 7959 1331
f 1331 7959 1329
f 1329 7959 1327
f 1327 7959 1325
f 1325 7959 1323
f 1323 7959 1321
f 1321 7960 6032
f 6035 7960 1335
f 6032 7960 6255
f 6255 7960 6256
f 6256 7960 6257
f 6257 7960 6258
f 6258 7960 6035
f 1335 7960 7959
f 7959 7960 1321
f 1351 7961 1349
f 1349 7961 1347
f 1347 7961 1345
f 1345 7961 1343
f 1343 7961 1341
f 1341 7961 1339
f 1339 7961 1337
f 1337 7962 6034
f 6034 7962 6261
f 6261 7962 6262
f 6262 7962 6263
f 6263 7962 6264
f 6264 7962 6037
f 7961 7962 1337
f 6037 7962 1351
f 1351 7962 7961
f 1365 7963 1363
f 1363 7963 1361
f 1361 7963 1359
f 1359 7963 1357
f 1357 7963 1355
f 1355 7963 1353
f 1365 7964 7963
f 6039 7964 1365
f 6036 7964 6266
f 6266 7964 6268
f 6268 7964 6269
f 6269 7964 6270
f 6270 7964 6039
f 1353 7964 6036
f 7963 7964 1353
f 1381 7965 1379
f 1379 7965 1377
f 1377 7965 1375
f 1375 7965 1373
f 1373 7965 1371
f 1371 7965 1369
f 1369 7965 1367
f 7965 7966 1367
f 6041 7966 1381
f 1381 7966 7965
f 6038 7966 6273
f 6273 7966 6274
f 6274 7966 6275
f 6275 7966 6276
f 6276 7966 6041
f 1367 7966 6038
f 1397 7967 1395
f 1395 7967 1393
f 1393 7967 1391
f 1391 7967 1389
f 1389 7967 1387
f 1387 7967 1385
f 1385 7967 1383
f 1383 7968 6040
f 7967 7968 1383
f 6043 7968 1397
f 1397 7968 7967
f 6040 7968 6279
f 6279 7968 6280
f 6280 7968 6281
f 6281 7968 6282
f 6282 7968 6043
f 1401 7969 1399
f 6044 7969 1413
f 1413 7969 1411
f 1411 7969 1409
f 1409 7969 1407
f 1407 7969 1405
f 1405 7969 1403
f 1403 7969 1401
f 6044 7970 7969
f 7969 7970 1399
f 1399 7970 6042
f 6042 7970 6284
f 6284 7970 6286
f 6286 7970 6287
f 6287 7970 6288
f 6288 7970 6044
f 1427 7971 1425
f 1425 7971 1423
f 1423 7971 1421
f 1421 7971 1419
f 1419 7971 1417
f 1417 7971 1415
f 6046 7972 1427
f 7971 7972 1415
f 6045 7972 6291
f 6291 7972 6292
f 6292 7972 6293
f 6293 7972 6294
f 6294 7972 6046
f 1427 7972 7971
f 1415 7972 6045
f 1443 7973 1441
f 1441 7973 1439
f 1439 7973 1437
f 1437 7973 1435
f 1435 7973 1433
f 1433 7973 1431
f 1431 7973 1429
f 1443 7974 7973
f 1429 7974 6047
f 7973 7974 1429
f 6048 7974 1443
f 6047 7974 6297
f 6297 7974 6298
f 6298 7974 6299
f 6299 7974 6300
f 6300 7974 6048
f 1459 7975 1457
f 1457 7975 1455
f 1455 7975 1453
f 1453 7975 1451
f 1451 7975 1449
f 1449 7975 1447
f 1447 7975 1445
f 6304 7976 6302
f 6302 7976 6051
f 1445 7976 6049
f 1459 7976 7975
f 7975 7976 1445
f 6051 7976 1459
f 6049 7976 6305
f 6305 7976 6306
f 6306 7976 6304
f 1473 7977 1470
f 1470 7977 1468
f 1468 7977 1466
f 1466 7977 1464
f 1464 7977 1463
f 1463 7977 1461
f 1461 7977 6050
f 6053 7978 1473
f 6050 7978 6308
f 6308 7978 6310
f 6310 7978 6311
f 6311 7978 6312
f 6312 7978 6053
f 7977 7978 6050
f 1473 7978 7977
f 1488 7979 1486
f 1486 7979 1484
f 1484 7979 1482
f 1482 7979 1480
f 1480 7979 1478
f 1478 7979 1476
f 1476 7979 1475
f 1475 7980 6052
f 6052 7980 6314
f 6314 7980 6316
f 6316 7980 6317
f 6317 7980 6318
f 6318 7980 6319
f 6319 7980 6054
f 6054 7980 1488
f 1488 7980 7979
f 7979 7980 1475
f 1504 7981 1502
f 1502 7981 1500
f 1500 7981 1498
f 1498 7981 1496
f 1496 7981 1494
f 1494 7981 1492
f 1492 7981 1490
f 6054 7982 6321
f 6321 7982 6323
f 6323 7982 6324
f 6324 7982 6325
f 6325 7982 6056
f 1490 7982 6054
f 6056 7982 1504
f 1504 7982 7981
f 7981 7982 1490
f 1520 7983 1518
f 1518 7983 1516
f 1516 7983 1514
f 1514 7983 1512
f 1512 7983 1510
f 1510 7983 1508
f 1508 7983 1506
f 6055 7984 6327
f 6327 7984 6329
f 6329 7984 6330
f 6330 7984 6331
f 6331 7984 6058
f 1506 7984 6055
f 7983 7984 1506
f 6058 7984 1520
f 1520 7984 7983
f 1534 7985 1532
f 1532 7985 1530
f 1530 7985 1528
f 1528 7985 1526
f 1526 7985 1524
f 1524 7985 1522
f 1522 7985 1520
f 1520 7985 6057
f 1534 7986 7985
f 6060 7986 1534
f 6057 7986 6333
f 6333 7986 6335
f 6335 7986 6336
f 6336 7986 6337
f 6337 7986 6060
f 7985 7986 6057
f 1551 7987 1549
f 1549 7987 1547
f 1547 7987 1545
f 1545 7987 1543
f 1543 7987 1541
f 1541 7987 1538
f 1538 7987 1536
f 1536 7988 6059
f 6062 7988 1551
f 1551 7988 7987
f 6059 7988 6340
f 6340 7988 6341
f 6341 7988 6342
f 6342 7988 6343
f 6343 7988 6062
f 7987 7988 1536
f 1565 7989 1563
f 1563 7989 1561
f 1561 7989 1559
f 1559 7989 1557
f 1557 7989 1555
f 1555 7989 1553
f 6063 7989 1565
f 6061 7990 6346
f 6346 7990 6347
f 6347 7990 6348
f 6348 7990 6349
f 6349 7990 6063
f 7989 7990 1553
f 6063 7990 7989
f 1553 7990 6061
f 1581 7991 1579
f 1579 7991 1577
f 1577 7991 1575
f 1575 7991 1573
f 1573 7991 1571
f 1571 7991 1569
f 1569 7991 1567
f 7991 7992 1567
f 6063 7992 6351
f 6351 7992 6353
f 6353 7992 6354
f 6354 7992 6355
f 6355 7992 6356
f 6356 7992 6064
f 1567 7992 6063
f 1581 7992 7991
f 6064 7992 1581
f 1597 7993 1595
f 1595 7993 1593
f 1593 7993 1591
f 1591 7993 1589
f 1589 7993 1587
f 1587 7993 1585
f 1585 7993 1583
f 1597 7994 7993
f 6065 7994 1597
f 6064 7994 6359
f 6359 7994 6360
f 6360 7994 6361
f 6361 7994 6362
f 6362 7994 6363
f 6363 7994 6065
f 7993 7994 1583
f 1583 7994 6064
f 1603 7995 1601
f 1601 7995 1599
f 1611 7995 1609
f 1609 7995 1607
f 1607 7995 1605
f 1605 7995 1603
f 1599 7996 6065
f 6066 7996 1611
f 1611 7996 7995
f 6065 7996 6366
f 6366 7996 6367
f 6367 7996 6368
f 6368 7996 6369
f 6369 7996 6370
f 6370 7996 6066
f 7995 7996 1599
f 1627 7997 1625
f 1625 7997 1623
f 1623 7997 1621
f 1621 7997 1619
f 1619 7997 1617
f 1617 7997 1615
f 1615 7997 1613
f 7997 7998 1613
f 1627 7998 7997
f 1613 7998 6066
f 6066 7998 6373
f 6373 7998 6374
f 6374 7998 6375
f 6375 7998 6376
f 6376 7998 6067
f 6067 7998 1627
f 1643 7999 1641
f 1641 7999 1639
f 1639 7999 1637
f 1637 7999 1635
f 1635 7999 1633
f 1633 7999 1631
f 1631 7999 1629
f 6068 8000 6379
f 7999 8000 1629
f 6379 8000 6380
f 1643 8000 7999
f 6380 8000 6381
f 6381 8000 6382
f 6382 8000 6070
f 1629 8000 6068
f 6070 8000 1643
f 1645 8001 6069
f 1657 8001 1655
f 1655 8001 1653
f 1653 8001 1651
f 1651 8001 1649
f 1649 8001 1647
f 1647 8001 1645
f 6071 8002 1657
f 6069 8002 6384
f 6384 8002 6386
f 6386 8002 6387
f 8001 8002 6069
f 6387 8002 6388
f 6388 8002 6071
f 1657 8002 8001
f 1673 8003 1671
f 1671 8003 1669
f 1669 8003 1667
f 1667 8003 1665
f 1665 8003 1663
f 1663 8003 1661
f 1661 8003 1659
f 1673 8004 8003
f 1659 8004 6072
f 8003 8004 1659
f 6073 8004 1673
f 6072 8004 6391
f 6391 8004 6392
f 6392 8004 6393
f 6393 8004 6394
f 6394 8004 6073
f 1689 8005 1687
f 1687 8005 1685
f 1685 8005 1683
f 1683 8005 1681
f 1681 8005 1679
f 1679 8005 1677
f 1677 8005 1675
f 1689 8006 8005
f 8005 8006 1675
f 1675 8006 6074
f 6075 8006 1689
f 6074 8006 6397
f 6397 8006 6398
f 6398 8006 6399
f 6399 8006 6400
f 6400 8006 6075
f 1703 8007 1701
f 1701 8007 1699
f 1699 8007 1697
f 1697 8007 1695
f 1695 8007 1693
f 1693 8007 1691
f 1703 8008 8007
f 6078 8008 1703
f 8007 8008 1691
f 1691 8008 6076
f 6076 8008 6403
f 6403 8008 6404
f 6404 8008 6405
f 6405 8008 6406
f 6406 8008 6078
f 1719 8009 1717
f 1717 8009 1715
f 1715 8009 1713
f 1713 8009 1711
f 1711 8009 1709
f 1709 8009 1707
f 1707 8009 1705
f 1705 8010 6077
f 6410 8010 6409
f 6409 8010 6079
f 6079 8010 1719
f 8009 8010 1705
f 1719 8010 8009
f 6077 8010 6411
f 6411 8010 6412
f 6412 8010 6410
f 1735 8011 1733
f 1733 8011 1731
f 1731 8011 1729
f 1729 8011 1727
f 1727 8011 1725
f 1725 8011 1723
f 1723 8011 1721
f 6079 8012 6414
f 6414 8012 6416
f 6416 8012 6417
f 6417 8012 6418
f 6418 8012 6419
f 6419 8012 6080
f 6080 8012 1735
f 1721 8012 6079
f 8011 8012 1721
f 1735 8012 8011
f 1749 8013 1747
f 1747 8013 1745
f 1745 8013 1743
f 1743 8013 1741
f 1741 8013 1739
f 1739 8013 1737
f 1737 8013 1735
f 8013 8014 1735
f 1749 8014 8013
f 6080 8014 6421
f 6421 8014 6423
f 6423 8014 6424
f 6424 8014 6425
f 6425 8014 6426
f 6426 8014 6081
f 1735 8014 6080
f 6081 8014 1749
f 1765 8015 1763
f 1763 8015 1761
f 1761 8015 1759
f 1759 8015 1757
f 1757 8015 1755
f 1755 8015 1753
f 1753 8015 1751
f 6082 8016 1765
f 6081 8016 6429
f 6429 8016 6430
f 6430 8016 6431
f 6431 8016 6432
f 6432 8016 6433
f 6433 8016 6082
f 8015 8016 1751
f 1765 8016 8015
f 1751 8016 6081
f 1780 8017 1778
f 1778 8017 1776
f 1776 8017 1774
f 1774 8017 1773
f 1773 8017 1771
f 1771 8017 1769
f 1769 8017 1767
f 1767 8018 6082
f 6082 8018 6435
f 6435 8018 6437
f 6437 8018 6438
f 6084 8018 1780
f 6438 8018 6439
f 6439 8018 6084
f 8017 8018 1767
f 1780 8018 8017
f 1795 8019 1793
f 1793 8019 1791
f 1791 8019 1789
f 1789 8019 1787
f 1787 8019 1784
f 1784 8019 1782
f 1782 8019 6083
f 8019 8020 6083
f 1795 8020 8019
f 6083 8020 6441
f 6441 8020 6443
f 6443 8020 6444
f 6444 8020 6445
f 6445 8020 6086
f 6086 8020 1795
f 1804 8021 1803
f 1803 8021 1801
f 1801 8021 1799
f 1799 8021 1797
f 1811 8021 1809
f 1809 8021 1807
f 1807 8021 1804
f 6085 8022 6447
f 6447 8022 6449
f 6449 8022 6450
f 6450 8022 6451
f 6451 8022 6088
f 1811 8022 8021
f 1797 8022 6085
f 8021 8022 1797
f 6088 8022 1811
f 6089 8023 1825
f 1825 8023 1823
f 1823 8023 1821
f 1821 8023 1819
f 1819 8023 1817
f 1817 8023 1815
f 1815 8023 1813
f 8023 8024 1813
f 6087 8024 6453
f 6453 8024 6455
f 6455 8024 6456
f 6456 8024 6457
f 6457 8024 6089
f 6089 8024 8023
f 1813 8024 6087
f 1827 8025 6090
f 1841 8025 1839
f 1839 8025 1837
f 1837 8025 1835
f 1835 8025 1833
f 1833 8025 1831
f 1831 8025 1829
f 1829 8025 1827
f 6091 8026 1841
f 6090 8026 6460
f 6460 8026 6461
f 6461 8026 6462
f 6462 8026 6463
f 6463 8026 6091
f 1841 8026 8025
f 8025 8026 6090
f 1857 8027 1855
f 1855 8027 1853
f 1853 8027 1851
f 1851 8027 1849
f 1849 8027 1847
f 1847 8027 1845
f 1845 8027 1843
f 1843 8028 6092
f 8027 8028 1843
f 6092 8028 6466
f 6466 8028 6467
f 6467 8028 6468
f 6468 8028 6469
f 6469 8028 6094
f 1857 8028 8027
f 6094 8028 1857
f 1873 8029 1871
f 1871 8029 1869
f 1869 8029 1867
f 1867 8029 1865
f 1865 8029 1863
f 1863 8029 1861
f 1861 8029 1859
f 1859 8029 6093
f 6096 8029 1873
f 8029 8030 6093
f 6093 8030 6471
f 6471 8030 6473
f 6473 8030 6474
f 6474 8030 6475
f 6475 8030 6476
f 6476 8030 6096
f 6096 8030 8029
f 7472 7636 7473
f 7457 7460 7459
f 7457 7459 7458
f 7479 7477 7447
f 7482 7480 7479
f 7453 7457 7456
f 7453 7456 7455
f 7453 7455 7454
f 7486 7485 7483
f 7486 7483 7482
f 7486 7482 7479
f 7451 7457 7453
f 7451 7453 7452
f 7492 7491 7489
f 7620 7451 7449
f 7620 7449 7448
f 7620 7448 7450
f 7494 7489 7488
f 7494 7492 7489
f 7495 7488 7486
f 7495 7494 7488
f 7616 7451 7620
f 7616 7620 7619
f 7500 7495 7486
f 7500 7498 7497
f 7500 7497 7495
f 7500 7447 7446
f 7500 7486 7479
f 7500 7479 7447
f 7611 7615 7612
f 7608 7615 7611
f 7504 7445 7474
f 7504 7474 7475
f 7504 7475 7664
f 7504 7664 7663
f 7504 7663 7661
f 7504 7503 7501
f 7504 7661 7660
f 7504 7501 7500
f 7504 7660 7658
f 7504 7658 7657
f 7504 7657 7655
f 7504 7655 7654
f 7504 7654 7652
f 7504 7652 7651
f 7504 7651 7649
f 7504 7649 7648
f 7504 7648 7646
f 7504 7646 7645
f 7504 7645 7643
f 7504 7643 7642
f 7504 7642 7640
f 7504 7446 7445
f 7504 7500 7446
f 7604 7608 7607
f 7600 7604 7603
f 7596 7600 7599
f 7596 7604 7600
f 7512 7510 7509
f 7512 7509 7507
f 7595 7615 7608
f 7595 7608 7604
f 7595 7604 7596
f 7592 7616 7615
f 7592 7615 7595
f 7591 7616 7592
f 7516 7515 7513
f 7519 7507 7506
f 7519 7506 7504
f 7519 7516 7513
f 7519 7640 7639
f 7519 7639 7637
f 7519 7637 7636
f 7519 7504 7640
f 7519 7472 7471
f 7519 7512 7507
f 7519 7636 7472
f 7519 7513 7512
f 7584 7591 7588
f 7584 7588 7587
f 7523 7520 7519
f 7527 7460 7457
f 7527 7523 7519
f 7527 7471 7470
f 7527 7470 7469
f 7527 7469 7467
f 7527 7467 7465
f 7527 7465 7462
f 7527 7462 7461
f 7527 7461 7460
f 7527 7519 7471
f 7527 7524 7523
f 7579 7584 7583
f 7579 7583 7580
f 7576 7591 7584
f 7576 7584 7579
f 7531 7528 7527
f 7532 7531 7527
f 7571 7576 7575
f 7571 7575 7572
f 7536 7535 7532
f 7568 7576 7571
f 7564 7568 7567
f 7543 7532 7527
f 7543 7536 7532
f 7543 7540 7539
f 7543 7539 7536
f 7559 7568 7564
f 7559 7564 7563
f 7559 7563 7560
f 7548 7547 7544
f 7548 7544 7543
f 7555 7568 7559
f 7555 7559 7556
f 7552 7616 7591
f 7552 7457 7451
f 7552 7527 7457
f 7552 7591 7576
f 7552 7576 7568
f 7552 7543 7527
f 7552 7451 7616
f 7552 7548 7543
f 7552 7568 7555
f 7552 7551 7548
