# Full FreeCAD instance transform baked; body-local coordinates in mm
v -19.283036236 -26.667687655 -82.071058419
v -19.217626262 -26.680819202 -82.067533542
v -19.221948115 -26.663877193 -82.059249592
v -19.161540483 -26.659229705 -82.044592128
v -19.154236986 -26.692316124 -82.060947225
v -19.101974510 -26.653677811 -82.027082309
v -19.090709550 -26.702744018 -82.051250316
v -19.043398320 -26.647235318 -82.006763679
v -19.025234887 -26.712389174 -82.037992459
v -18.985957577 -26.639918248 -81.983686764
v -18.958394949 -26.721123680 -82.021001779
v -18.929795121 -26.631744795 -81.957908950
v -18.894590159 -26.728463117 -82.001495858
v -18.875050614 -26.622735284 -81.929494340
v -18.833400035 -26.734625884 -81.979690219
v -18.821860189 -26.612912120 -81.898513593
v -18.770442678 -26.740046535 -81.953891475
v -18.770356118 -26.602299731 -81.865043751
v -18.707557786 -26.744493445 -81.924534694
v -18.720666478 -26.590924507 -81.829168044
v -18.656488842 -26.747360613 -81.897912887
v -18.606873909 -26.749474890 -81.869528690
v -18.672914833 -26.578814735 -81.790975685
v -18.559987633 -26.750835812 -81.840280806
v -18.627219929 -26.566000528 -81.750561648
v -18.503905420 -26.751622810 -81.801952740
v -18.583695397 -26.552513753 -81.708026434
v -17.781249038 -26.742365404 -80.755887030
v -17.783319348 -26.716875634 -80.675496217
v -17.880078504 -26.648158211 -80.785757630
v -17.789525293 -26.691447271 -80.595299072
v -18.428088393 -26.719596267 -81.718011544
v -18.542449472 -26.538387947 -81.663475814
v -18.448573689 -26.751469885 -81.760263138
v -18.394654075 -26.750394908 -81.715569220
v -18.341644972 -26.748418023 -81.667378617
v -18.496980105 -26.526630374 -81.613616001
v -18.289580589 -26.745528080 -81.615367326
v -18.343445950 -26.686260870 -81.612876830
v -18.243239468 -26.742068231 -81.564519843
v -18.455543831 -26.514486787 -81.562972150
v -18.416530453 -26.501556660 -81.509760059
v -18.196046385 -26.737557812 -81.507582037
v -18.270107914 -26.650562258 -81.500288901
v -18.153003915 -26.732428182 -81.450292637
v -18.380384940 -26.487983952 -81.454496172
v -18.347259357 -26.473835964 -81.397393912
v -18.208791108 -26.612849359 -81.381348217
v -18.120100507 -26.727735610 -81.402405707
v -18.082007605 -26.721303629 -81.341643144
v -18.317247888 -26.459156050 -81.338600608
v -18.045195991 -26.713846892 -81.276263794
v -18.160094854 -26.573490784 -81.257217329
v -18.011731393 -26.705766038 -81.209503627
v -18.290459159 -26.443998617 -81.278309131
v -18.267014010 -26.428431507 -81.216778683
v -17.981523676 -26.697129413 -81.141324950
v -18.124495121 -26.532871234 -81.129109518
v -17.954562254 -26.688017859 -81.071837200
v -18.246986406 -26.412511258 -81.154226821
v -18.230342535 -26.396231417 -81.090571160
v -18.102339867 -26.491387734 -80.998276939
v -18.217142943 -26.379651997 -81.025988086
v -18.207439473 -26.362836189 -80.960664293
v -18.093845644 -26.449445750 -80.865998376
v -18.201273673 -26.345849806 -80.894795003
v -18.198675507 -26.328760614 -80.828581826
v -17.947044013 -26.645542180 -80.967488913
v -17.930863463 -26.678513151 -81.001217593
v -17.909547418 -26.668149674 -80.926044751
v -18.099095474 -26.407455235 -80.733566749
v -18.199662467 -26.311641253 -80.762253290
v -18.204223487 -26.294593124 -80.696230986
v -17.937605985 -26.598939968 -80.820512705
v -17.893241880 -26.658307494 -80.856248613
v -18.118038047 -26.365826610 -80.602276473
v -18.212354212 -26.277598792 -80.630419137
v -18.224043007 -26.260712300 -80.564976596
v -17.943439132 -26.552283831 -80.673366426
v -17.799851921 -26.666141575 -80.515488798
v -18.150488212 -26.324966765 -80.473410807
v -18.239269439 -26.243989255 -80.500067385
v -18.258003594 -26.227486369 -80.435859217
v -17.964486438 -26.506029796 -80.527488315
v -17.832757850 -26.616141592 -80.357796546
v -17.814274355 -26.641019508 -80.436257664
v -18.196128795 -26.285275072 -80.348229313
v -18.280205675 -26.211260943 -80.372521838
v -18.305825924 -26.195370325 -80.310225255
v -18.000542184 -26.460629959 -80.384304216
v -17.881720232 -26.567357214 -80.203938123
v -17.855257877 -26.591567761 -80.280294462
v -18.254513694 -26.247139485 -80.227955540
v -18.334766930 -26.179891686 -80.249214172
v -18.051253952 -26.416528070 -80.245213641
v -17.946267532 -26.520258260 -80.055395269
v -17.912081164 -26.543568277 -80.128911476
v -18.325072245 -26.210932751 -80.113765070
v -18.366951422 -26.164875091 -80.189655891
v -18.402286982 -26.150367751 -80.131732381
v -18.116126075 -26.374155188 -80.111576091
v -18.025778126 -26.475298320 -79.913598534
v -17.984196978 -26.497483319 -79.983566608
v -18.407114791 -26.177008761 -80.006774026
v -18.439240223 -26.136906806 -80.077604668
v -18.476844667 -26.124643363 -80.027921630
v -18.194524478 -26.333925476 -79.984697768
v -18.119486282 -26.432910382 -79.779913498
v -18.070910804 -26.453756709 -79.845659607
v -18.499839432 -26.145699097 -79.908028161
v -18.519055051 -26.112295038 -79.977435465
v -18.561195524 -26.101227902 -79.931674883
v -18.607692310 -26.090269536 -79.885736557
v -18.285682879 -26.296232147 -79.865818809
v -18.226489540 -26.393502664 -79.655627620
v -18.171387539 -26.412809559 -79.716518594
v -18.602339856 -26.117309785 -79.818492638
v -18.653258417 -26.080640613 -79.844709982
v -18.697583156 -26.072205727 -79.808136396
v -18.345757400 -26.357454686 -79.541937842
v -18.388710277 -26.261443625 -79.756101161
v -18.284659539 -26.375036211 -79.597387267
v -18.713614204 -26.092118308 -79.739042597
v -18.740497682 -26.064828665 -79.775540592
v -18.795025268 -26.056471776 -79.737731202
v -18.502599658 -26.229899939 -79.656617229
v -18.476141247 -26.325113608 -79.439939058
v -18.409635932 -26.340800445 -79.489412927
v -18.832574855 -26.070370894 -79.670454599
v -18.852528976 -26.048780817 -79.701820482
v -18.912439045 -26.041886036 -79.668333654
v -18.626237845 -26.201909405 -79.568339389
v -18.616385414 -26.296790893 -79.350613573
v -18.545113127 -26.310431968 -79.393635424
v -18.958059063 -26.052280107 -79.613399039
v -18.974015294 -26.035893869 -79.637737502
v -19.036355349 -26.030876972 -79.610406532
v -18.758416370 -26.177745607 -79.492130489
v -18.765139272 -26.272759305 -79.274821639
v -18.689786405 -26.284223247 -79.310977148
v -19.088840317 -26.038022769 -79.568433589
v -19.092083391 -26.027235473 -79.588869993
v -19.157048846 -26.023959432 -79.567003301
v -18.897843293 -26.157644728 -79.428735410
v -18.920970240 -26.253250279 -79.213293174
v -18.842262482 -26.262426685 -79.242234145
v -19.223640335 -26.027738235 -79.535997751
v -19.218216097 -26.021789988 -79.549456010
v -19.280678723 -26.020457499 -79.534458163
v -19.043155825 -26.141803239 -79.378773790
v -19.082377582 -26.238451700 -79.166620732
v -19.001072932 -26.245252195 -79.188068447
v -19.192933650 -26.130375977 -79.342733964
v -19.247806856 -26.228506085 -79.135253793
v -19.164688321 -26.232865177 -79.149001698
v -19.345712807 -26.123474635 -79.320968193
v -19.345874576 -26.019990420 -79.521846557
v -19.414931443 -26.020500273 -79.511781690
v -19.457386101 -26.021318548 -79.507242298
v -19.500000019 -26.022522706 -79.503931279
v -19.500000000 -26.222883478 -79.117520954
v -19.415664888 -26.223509216 -79.119494437
v -19.331532946 -26.225384925 -79.125410134
v -20.750000000 -25.364466237 -81.192781903
v -20.749306230 -25.423058938 -81.130520122
v -20.750000000 -25.439190898 -81.169088696
v -20.748415365 -25.340064357 -81.134511285
v -20.747229202 -25.406955443 -81.092046860
v -20.743676157 -25.315782917 -81.076481273
v -20.743776016 -25.390893583 -81.053707489
v -20.738953768 -25.374883897 -81.015534049
v -20.735804426 -25.291643158 -81.018808124
v -20.730406719 -25.353637021 -80.964949622
v -20.723430519 -25.265049540 -80.955373337
v -20.717464807 -25.329136169 -80.906748526
v -20.708326323 -25.240248849 -80.896390328
v -20.701474766 -25.305087387 -80.849784782
v -20.690134726 -25.215977265 -80.838908187
v -20.686751336 -25.286414423 -80.805686015
v -20.667353725 -25.190545363 -80.779023724
v -20.667585502 -25.265290706 -80.755959569
v -20.642654779 -25.241469246 -80.700121671
v -20.642343954 -25.166632571 -80.723115768
v -20.614214140 -25.217754206 -80.644908884
v -20.613799543 -25.142806368 -80.667818080
v -20.582656211 -25.194509930 -80.591232225
v -20.582072262 -25.119430043 -80.613977030
v -20.548448758 -25.172026299 -80.539777365
v -20.547618994 -25.096809273 -80.562286694
v -20.521602698 -25.155934887 -80.503264612
v -20.520578153 -25.080647280 -80.525613321
v -20.491309502 -25.139121738 -80.465423802
v -20.490114470 -25.063811441 -80.487672670
v -20.457151075 -25.121606260 -80.426374403
v -20.455826312 -25.046319444 -80.448594005
v -20.418664064 -25.103422550 -80.386284386
v -20.417272003 -25.028200277 -80.408555659
v -20.375336337 -25.084623111 -80.345381631
v -20.373967602 -25.009496701 -80.367796230
v -20.326706405 -25.065309964 -80.304054683
v -20.325385075 -24.990268179 -80.326628112
v -20.278183578 -25.047644583 -80.267013531
v -20.276843223 -24.972637627 -80.289679252
v -20.224588421 -25.029742337 -80.230375485
v -20.223148185 -24.954722455 -80.253089057
v -20.171815107 -25.013561626 -80.198207166
v -20.170246039 -24.938504121 -80.220958556
v -20.114383741 -24.997402765 -80.167165082
v -20.112772944 -24.922339223 -80.190013703
v -20.055209671 -24.982187683 -80.139114305
v -20.053562958 -24.907127813 -80.162058968
v -19.994464959 -24.967956719 -80.114133004
v -19.992775879 -24.892909824 -80.137166722
v -19.932254628 -24.954732436 -80.092267454
v -19.930528705 -24.879708870 -80.115389635
v -19.868813951 -24.942549360 -80.073608841
v -19.867067764 -24.867557797 -80.096822429
v -19.804337815 -24.931413491 -80.058221286
v -19.802576297 -24.856467197 -80.081522290
v -19.739012546 -24.921324788 -80.046155243
v -19.737156640 -24.846428302 -80.069525171
v -19.672938370 -24.912271885 -80.037441187
v -19.671035544 -24.837425129 -80.060895969
v -19.606390939 -24.904279775 -80.032123002
v -19.604443978 -24.829472325 -80.055670037
v -19.539562219 -24.897360568 -80.030215446
v -19.537574243 -24.822583405 -80.053861563
v -19.472570018 -24.891518745 -80.031726544
v -19.470620546 -24.816768867 -80.055474799
v -19.405625903 -24.886777475 -80.036656930
v -19.403776854 -24.812036025 -80.060503970
v -19.338975042 -24.883136864 -80.044994780
v -19.337234765 -24.808388958 -80.068933529
v -19.272808703 -24.880582819 -80.056720003
v -19.271130595 -24.805827247 -80.080749118
v -19.207317945 -24.879098047 -80.071802471
v -19.205588412 -24.804357645 -80.095938535
v -19.142691484 -24.878662146 -80.090202319
v -19.140914462 -24.803969213 -80.114442912
v -19.079113657 -24.879251783 -80.111870570
v -19.077293334 -24.804633305 -80.136214836
v -19.016750984 -24.880841407 -80.136755041
v -19.014907983 -24.806318072 -80.161196945
v -18.955687397 -24.883423462 -80.164831439
v -18.953937658 -24.808988681 -80.189322494
v -18.896208156 -24.886988283 -80.195974271
v -18.894555951 -24.812607618 -80.220516245
v -18.838482711 -24.891516937 -80.230092951
v -18.836929089 -24.817135100 -80.254695650
v -18.782626041 -24.896990686 -80.267123589
v -18.781113114 -24.822558780 -80.291837988
v -18.728823344 -24.903358254 -80.306958086
v -18.727379315 -24.828868957 -80.331766001
v -18.677253188 -24.910570102 -80.349471423
v -18.675881872 -24.836042771 -80.374361649
v -18.628061085 -24.918580712 -80.394546320
v -18.626725519 -24.844061879 -80.419540252
v -18.581329187 -24.927355262 -80.442118219
v -18.580041309 -24.852894494 -80.467194251
v -18.537247976 -24.936850247 -80.492000472
v -18.536016553 -24.862479616 -80.517144185
v -18.495944946 -24.947035076 -80.544044251
v -18.494774900 -24.872761222 -80.569253032
v -18.457524449 -24.957881298 -80.598114991
v -18.456432748 -24.883680939 -80.623376443
v -18.422071795 -24.969357038 -80.654100824
v -18.421097872 -24.895178573 -80.679364330
v -18.389725675 -24.981390572 -80.711794412
v -18.388868347 -24.907192687 -80.737062644
v -18.360575813 -24.993916224 -80.771037564
v -18.359831842 -24.919661229 -80.796315269
v -18.334678599 -25.006880332 -80.831728247
v -18.334020477 -24.932570829 -80.857072684
v -18.312127465 -25.020217380 -80.893662271
v -18.311565358 -24.945874203 -80.919038797
v -18.292993073 -25.033874537 -80.956642902
v -18.292527524 -24.959526844 -80.982035470
v -18.277326756 -25.047803046 -81.020490886
v -18.276942961 -24.973498037 -81.045951729
v -18.265150143 -25.061986952 -81.085145124
v -18.264865318 -24.987726861 -81.110602226
v -18.256526840 -25.076354675 -81.150305626
v -18.256341126 -25.002132865 -81.175753106
v -18.251478446 -25.090841297 -81.215790129
v -18.251391181 -25.016647998 -81.241224919
v -18.250015763 -25.105381376 -81.281416635
v -18.250025957 -25.031203520 -81.306836084
v -18.252139127 -25.119909189 -81.347002320
v -18.252245408 -25.045730671 -81.372404934
v -18.257838451 -25.134359373 -81.412365596
v -18.258039144 -25.060161324 -81.437751766
v -18.267093642 -25.148667544 -81.477328093
v -18.267389412 -25.074431802 -81.502715047
v -18.279904512 -25.162805770 -81.541842625
v -18.280290211 -25.088526566 -81.567205028
v -18.296224911 -25.176723603 -81.605620434
v -18.296687337 -25.102391794 -81.630919217
v -18.315998842 -25.190357367 -81.668451192
v -18.316529771 -25.115980177 -81.693677616
v -18.339165688 -25.203646578 -81.730161573
v -18.339788620 -25.129260748 -81.755382146
v -18.365654623 -25.216531523 -81.790580717
v -18.366390617 -25.142161512 -81.815827254
v -18.395385384 -25.228953846 -81.849542157
v -18.396241445 -25.154609930 -81.874806845
v -18.428269355 -25.240857076 -81.906885588
v -18.429251763 -25.166545743 -81.932160564
v -18.464242828 -25.252196312 -81.962504983
v -18.465322460 -25.177909906 -81.987731860
v -18.503216344 -25.262920880 -82.016256133
v -18.504345707 -25.188645157 -82.041369788
v -18.545036630 -25.272983085 -82.067925711
v -18.546206305 -25.198696523 -82.092930600
v -18.589580241 -25.282353327 -82.117367764
v -18.590807120 -25.208016841 -82.142303966
v -18.636786649 -25.291012470 -82.164511137
v -18.638065746 -25.216596373 -82.189385865
v -18.686468564 -25.298898760 -82.209169577
v -18.687781106 -25.224404729 -82.233968368
v -18.738469319 -25.305963287 -82.251213318
v -18.739807654 -25.231410730 -82.275929158
v -18.792636494 -25.312162560 -82.290531579
v -18.794074247 -25.237591248 -82.315209887
v -18.848811724 -25.317455664 -82.327021723
v -18.850379324 -25.242889374 -82.351666461
v -18.906832544 -25.321804565 -82.360590261
v -18.908532812 -25.247262073 -82.385184895
v -18.966623094 -25.325185853 -82.391193736
v -18.968365156 -25.250674601 -82.415679005
v -19.027924720 -25.327586436 -82.418694023
v -19.029701014 -25.253094895 -82.443071004
v -19.090557144 -25.329000908 -82.443014079
v -19.092361186 -25.254493860 -82.467292429
v -19.154409337 -25.329416988 -82.464111878
v -19.156164672 -25.254845534 -82.488284733
v -19.217360361 -25.328833614 -82.481448467
v -19.220982105 -25.254127411 -82.506011787
v -19.282932544 -25.327158405 -82.496062257
v -19.286652485 -25.252353293 -82.520418633
v -19.317744982 -25.325952807 -82.502309963
v -19.352911354 -25.249532235 -82.531444172
v -19.352649861 -25.324360547 -82.507685449
v -19.418879307 -25.320520293 -82.515281330
v -19.419567885 -25.245661978 -82.539064093
v -19.487194206 -25.315440518 -82.519587275
v -19.486521352 -25.240734789 -82.543267673
v -19.553009654 -25.309470079 -82.520369542
v -19.553508698 -25.234743301 -82.544041715
v -19.620318060 -25.227674464 -82.541396282
v -19.621659518 -25.302104603 -82.517659231
v -19.686757353 -25.219517024 -82.535353148
v -19.689186980 -25.293703618 -82.511442733
v -19.746705087 -25.285621572 -82.503317976
v -19.752636314 -25.210262856 -82.525943864
v -19.811684867 -25.275440760 -82.490919839
v -19.817832557 -25.199898157 -82.513194310
v -19.876589932 -25.264094085 -82.475010521
v -19.882151906 -25.188457772 -82.497134207
v -19.940447436 -25.251697313 -82.455766101
v -19.945351926 -25.175986901 -82.477822244
v -20.002422162 -25.238399152 -82.433496003
v -20.007251030 -25.162516972 -82.455319644
v -20.046890357 -25.228024383 -82.415208243
v -20.065911255 -25.148521785 -82.430497062
v -20.093443660 -25.216355168 -82.393869192
v -20.124833329 -25.133210241 -82.402101101
v -20.142020747 -25.203223673 -82.369054752
v -20.177941241 -25.123529335 -82.370891418
v -20.192410878 -25.188484727 -82.340347233
v -20.229464793 -25.112917100 -82.337422062
v -20.244407677 -25.171970288 -82.307255730
v -20.279173439 -25.101541546 -82.301545316
v -20.297765157 -25.153487429 -82.269218911
v -20.326943506 -25.089430976 -82.263350440
v -20.346462755 -25.135089723 -82.230422390
v -20.372656140 -25.076615520 -82.222932463
v -20.395535950 -25.114845946 -82.186792799
v -20.416197609 -25.063127063 -82.180391945
v -20.439562666 -25.094955410 -82.143140229
v -20.457459582 -25.048999164 -82.135834726
v -20.482348361 -25.073731322 -82.095867424
v -20.496339400 -25.034266974 -82.089371665
v -20.522303898 -25.051837455 -82.046501504
v -20.532740329 -25.018967146 -82.041118362
v -20.559378965 -25.029264789 -81.995106538
v -20.566571804 -25.003137746 -81.991194870
v -20.593399083 -25.006096832 -81.941920884
v -20.597749654 -24.986818158 -81.939725399
v -20.624269309 -24.982392285 -81.887102629
v -20.626196306 -24.970048984 -81.886838004
v -20.650609678 -24.959422021 -81.833640794
v -20.651840987 -24.952871947 -81.832664271
v -20.674611587 -24.935348585 -81.777329848
v -18.588111187 -26.548058895 -81.714405811
v -18.635109242 -26.556689495 -81.761516013
v -18.684684328 -26.564555751 -81.806256359
v -18.736620422 -26.571616154 -81.848415854
v -18.790690711 -26.577832638 -81.887817767
v -18.846814990 -26.583173234 -81.924415556
v -18.904834379 -26.587595025 -81.958109554
v -18.964582139 -26.591057307 -81.988807306
v -19.025816837 -26.593513385 -82.016398286
v -19.088435158 -26.594948121 -82.040842197
v -19.152224850 -26.595357264 -82.062054633
v -19.216953009 -26.594745259 -82.079962423
v -19.282516477 -26.593093770 -82.094546305
v -19.337326574 -26.665470872 -82.080446473
v -19.348729070 -26.590383259 -82.105768369
v -19.391901290 -26.662560458 -82.087608442
v -19.415400235 -26.586597133 -82.113599849
v -19.454765962 -26.658339366 -82.093000619
v -19.482337076 -26.581721915 -82.118021724
v -19.518694951 -26.653098378 -82.095374613
v -19.549346499 -26.575747319 -82.119024984
v -19.587346049 -26.646379588 -82.094446249
v -19.616229058 -26.568667638 -82.116610891
v -19.655097222 -26.638601072 -82.089984678
v -19.682681688 -26.560509034 -82.110799276
v -19.720262701 -26.629994298 -82.082328011
v -19.748634468 -26.551277659 -82.101603213
v -19.787315493 -26.619935172 -82.070926175
v -19.813896809 -26.540991738 -82.089047844
v -19.849444295 -26.609482602 -82.057067246
v -19.878249116 -26.529677333 -82.073176834
v -19.910727099 -26.598054438 -82.040163278
v -19.941486493 -26.517351289 -82.054050339
v -19.970371422 -26.585806216 -82.020473771
v -20.003480047 -26.504010292 -82.031716962
v -20.028723950 -26.572679060 -81.997937874
v -20.064049974 -26.489662819 -82.006246664
v -20.074468060 -26.561540544 -81.977865450
v -20.122948769 -26.474337838 -81.977756206
v -20.122178019 -26.549059631 -81.954528338
v -20.171757371 -26.535069415 -81.927490791
v -20.179683785 -26.458166618 -81.946531517
v -20.223061857 -26.519381041 -81.896265206
v -20.231773994 -26.441977917 -81.914267471
v -20.275864870 -26.501788195 -81.860321938
v -20.284729286 -26.424053330 -81.877538910
v -20.324178882 -26.484234891 -81.823646523
v -20.332602343 -26.406408819 -81.840502777
v -20.373080641 -26.464847371 -81.782326929
v -20.380465775 -26.387187487 -81.799325836
v -20.417168223 -26.445750970 -81.740900646
v -20.423087009 -26.368518200 -81.758635562
v -20.461086864 -26.424934184 -81.695007956
v -20.460999363 -26.350461605 -81.718730568
v -20.494689690 -26.333060125 -81.679837527
v -20.502514348 -26.403327805 -81.646655567
v -20.524600794 -26.316341364 -81.642124483
v -20.541050891 -26.381093932 -81.596274451
v -20.551134129 -26.300320924 -81.605711848
v -20.576599844 -26.358259758 -81.544003908
v -20.584977959 -26.277895908 -81.554357823
v -20.609099662 -26.334829148 -81.489932719
v -20.616169827 -26.254721607 -81.500845406
v -20.638400780 -26.310889768 -81.434305127
v -20.644174987 -26.231172325 -81.446020957
v -20.664422581 -26.286500898 -81.377285234
v -20.668672791 -26.207580219 -81.390725517
v -20.687093305 -26.261723658 -81.319042554
v -20.687535800 -26.186657522 -81.341433843
v -20.702048637 -26.168151278 -81.297675324
v -20.706350979 -26.236620320 -81.259750213
v -20.717833644 -26.144292873 -81.241089110
v -20.722143985 -26.211253567 -81.199583021
v -20.730629014 -26.119947113 -81.183202355
v -20.734431279 -26.185685763 -81.138715513
v -20.739088660 -26.098794183 -81.132832758
v -20.743198969 -26.159906291 -81.077174599
v -20.743860738 -26.082838736 -81.094811685
v -20.747270808 -26.066848585 -81.056682128
v -20.748252177 -26.135049008 -81.017772274
v -20.749317544 -26.050837207 -81.018478268
v -20.750000000 -26.109440077 -80.956570670
v -20.750000000 -26.034816843 -80.980231695
v -20.186312997 -25.113727562 -82.385499239
v -20.246380880 -25.093593080 -82.365550393
v -20.305013589 -25.072674064 -82.342643313
v -20.360007644 -25.051794850 -82.317932479
v -20.415812656 -25.029216077 -82.289484723
v -20.468130877 -25.006629051 -82.259508739
v -20.522352337 -24.981626690 -82.224709862
v -20.570395413 -24.957951545 -82.190321936
v -20.618471818 -24.932635639 -82.152129012
v -20.664467944 -24.906675377 -82.111551709
v -20.707682167 -24.880483527 -82.069284615
v -20.751119568 -24.852022672 -82.022112868
v -20.789439338 -24.824784642 -81.975879684
v -20.811791069 -24.810318391 -81.900102833
v -20.699322069 -24.912984293 -81.719343945
v -20.853579675 -24.773464366 -81.886172347
v -20.826638652 -24.796024301 -81.926000897
v -20.854691969 -24.771211475 -81.776765636
v -20.720094456 -24.890958383 -81.661950702
v -20.932319370 -24.695615649 -81.744706028
v -20.903333619 -24.726822954 -81.802084830
v -20.879244881 -24.750325158 -81.844731685
v -20.884863888 -24.731032866 -81.650048483
v -20.738181082 -24.867917245 -81.601666102
v -20.752850722 -24.844557435 -81.540352713
v -20.980076018 -24.633532144 -81.629007379
v -20.957305188 -24.665250649 -81.688253776
v -20.902023322 -24.690160090 -81.521142035
v -20.764051866 -24.820921279 -81.478175156
v -20.771731949 -24.797078164 -81.415381758
v -21.015967562 -24.569888790 -81.508551906
v -20.999376355 -24.602175761 -81.569956317
v -20.906009039 -24.648977197 -81.391257527
v -20.775860926 -24.773081613 -81.352147348
v -20.776414451 -24.749003046 -81.288684034
v -21.039992112 -24.502423673 -81.378563917
v -21.029596071 -24.536646446 -81.444762419
v -20.896783587 -24.607871150 -81.261615380
v -20.773381864 -24.724915541 -81.225208598
v -20.766769564 -24.700912911 -81.161979519
v -21.049858975 -24.432937996 -81.242824549
v -21.046728836 -24.468181820 -81.311869327
v -20.874433650 -24.567228192 -81.133433742
v -20.756625627 -24.677149737 -81.099369972
v -20.742939523 -24.653552227 -81.037218348
v -20.839169235 -24.527430211 -81.007917034
v -20.725735443 -24.630164999 -80.975685541
v -21.027187707 -24.408251191 -81.149150964
v -21.044917787 -24.364016873 -81.106952092
v -21.049336651 -24.400294592 -81.178585343
v -20.791321693 -24.488851159 -80.886244639
v -20.705047104 -24.607034413 -80.914937866
v -20.680918477 -24.584208079 -80.855145517
v -20.988004017 -24.364030077 -81.009684375
v -21.024193913 -24.291515315 -80.963951208
v -21.036516812 -24.327733508 -81.035307291
v -20.731340609 -24.451853533 -80.769559818
v -20.653404206 -24.561734310 -80.796480818
v -20.622570136 -24.539661830 -80.739117188
v -20.934838716 -24.321163363 -80.874489354
v -20.987935097 -24.219668597 -80.822988618
v -21.007987279 -24.255460832 -80.893104698
v -20.659789580 -24.416784970 -80.658958967
v -20.588542792 -24.518069663 -80.683306137
v -20.551403501 -24.497006111 -80.629191388
v -20.868191357 -24.280053834 -80.744836225
v -20.936510538 -24.149359389 -80.685939424
v -20.964076339 -24.184238645 -80.753825670
v -20.577340914 -24.383974983 -80.555481315
v -20.511267343 -24.476538165 -80.576953893
v -20.470241604 -24.457601081 -80.528962471
v -20.788688172 -24.241087764 -80.621943235
v -20.870582787 -24.081507903 -80.554572409
v -20.905327271 -24.115114600 -80.619499598
v -20.484769317 -24.353731861 -80.460099161
v -20.424908443 -24.438603261 -80.481164496
v -20.380519413 -24.421650688 -80.438859786
v -20.697076191 -24.204631287 -80.506965115
v -20.789222440 -24.015562638 -80.427981488
v -20.790635156 -24.016223286 -80.429520798
v -20.832333332 -24.048542923 -80.491224070
v -20.382944612 -24.326339776 -80.373708737
v -20.332482611 -24.404869704 -80.397377853
v -20.286230537 -24.390042444 -80.361123812
v -20.594216221 -24.171026956 -80.400982223
v -20.669540439 -23.978619892 -80.310925481
v -20.730897601 -23.996722642 -80.368018767
v -20.272823566 -24.302056108 -80.297121786
v -20.241942698 -24.376919397 -80.329416077
v -20.199726858 -24.365285212 -80.301664920
v -20.481074755 -24.140590524 -80.304990399
v -20.538253950 -23.945299269 -80.205837359
v -20.605272573 -23.961464536 -80.256820126
v -20.155440902 -24.281109034 -80.231057936
v -20.141132042 -24.350404860 -80.266774662
v -20.081162777 -24.336543092 -80.235039991
v -20.358714897 -24.113607978 -80.219891602
v -20.396638038 -23.916097361 -80.113739035
v -20.468651364 -23.930164321 -80.158104063
v -20.031899571 -24.263695376 -80.176137938
v -20.020084484 -24.323715834 -80.206501196
v -19.958415586 -24.311990947 -80.181273086
v -20.228286365 -24.090332854 -80.146485440
v -20.246101617 -23.891304694 -80.035546779
v -20.322393197 -23.903133397 -80.072852688
v -19.903360395 -24.249978756 -80.132877830
v -19.903386381 -24.302503625 -80.161612896
v -19.854489641 -24.294806620 -80.146287085
v -20.091014696 -24.070983848 -80.085461652
v -20.088142350 -23.871167927 -79.972038513
v -20.167953170 -23.880640691 -80.001914153
v -19.771031157 -24.240088060 -80.101684096
v -19.791255182 -24.285836539 -80.129331184
v -19.726651877 -24.277769309 -80.115209914
v -19.670497068 -24.271610869 -80.105466555
v -19.948189723 -24.055742769 -80.037393632
v -19.924331747 -23.855887397 -79.923846072
v -20.006867784 -23.862909979 -79.945994214
v -19.636155251 -24.234116222 -80.082849838
v -19.601729588 -24.265099736 -80.096641672
v -19.550926154 -24.260990297 -80.092268978
v -19.756299536 -23.845615128 -79.891448915
v -19.801153461 -24.044752824 -80.002733038
v -19.840739651 -23.850117660 -79.905649210
v -19.651287496 -24.038117278 -79.981805547
v -19.500000000 -24.257450286 -80.089686592
v -19.500000000 -23.839806883 -79.873130606
v -19.585717442 -23.840453316 -79.875169354
v -19.671221554 -23.842391005 -79.881280527
v -21.345598433 -26.224783344 -79.123512841
v -20.730381960 -26.379639387 -79.611904976
v -21.257944870 -26.197621668 -79.037849093
v -20.669032906 -26.361554099 -79.554866761
v -21.165920778 -26.171814310 -78.956456657
v -21.428663548 -26.253231811 -79.213234929
v -20.788672186 -26.398626441 -79.671787222
v -20.604777542 -26.344415539 -79.500814379
v -21.069754946 -26.147425433 -78.879537889
v -21.506933701 -26.282896341 -79.306792293
v -20.843758669 -26.418468057 -79.734364627
v -20.537775613 -26.328266315 -79.449882209
v -20.969686455 -26.124515670 -78.807284021
v -21.580214301 -26.313703184 -79.403952335
v -20.895504460 -26.439114908 -79.799481619
v -20.468193690 -26.313146573 -79.402196871
v -20.865964092 -26.103141978 -78.739874687
v -20.943780915 -26.460515664 -79.866976312
v -21.648323160 -26.345575748 -79.504473499
v -20.396204759 -26.299093905 -79.357876916
v -20.758845727 -26.083357497 -78.677477477
v -21.711090950 -26.378434794 -79.608105875
v -20.988468015 -26.482617122 -79.936680908
v -20.321987792 -26.286143244 -79.317032526
v -20.648597673 -26.065211413 -78.620247520
v -21.768361619 -26.412198629 -79.714591816
v -21.029454663 -26.505364334 -80.008422116
v -20.245727297 -26.274326789 -79.279765245
v -20.535494025 -26.048748841 -78.568327100
v -21.819992783 -26.446783310 -79.823666580
v -21.066638965 -26.528700750 -80.082021583
v -20.167612864 -26.263673916 -79.246167720
v -20.419815975 -26.034010709 -78.521845299
v -21.865856080 -26.482102855 -79.935058991
v -21.099928476 -26.552568354 -80.157296332
v -20.087838692 -26.254211108 -79.216323479
v -20.301851117 -26.021033658 -78.480917677
v -21.905837486 -26.518069454 -80.048492111
v -21.129240436 -26.576907808 -80.234059227
v -20.006603105 -26.245961890 -79.190306717
v -20.181892732 -26.009849952 -78.445645988
v -21.939837601 -26.554593688 -80.163683925
v -21.154501974 -26.601658603 -80.312119427
v -19.924108063 -26.238946772 -79.168182113
v -20.060239054 -26.000487394 -78.416117922
v -21.967771896 -26.591584752 -80.280348050
v -21.175650287 -26.626759207 -80.391282869
v -19.840558654 -26.233183193 -79.150004671
v -19.937192533 -25.992969262 -78.392406891
v -21.989570920 -26.628950680 -80.398194440
v -21.192632799 -26.652147217 -80.471352746
v -19.756162588 -26.228685482 -79.135819582
v -19.813059083 -25.987314247 -78.374571843
v -22.005180479 -26.666598576 -80.516930109
v -21.205407289 -26.677759516 -80.552129999
v -19.671129682 -26.225464820 -79.125662110
v -19.688147318 -25.983536409 -78.362657121
v -22.014561765 -26.704434839 -80.636259863
v -21.213942001 -26.703532431 -80.633413808
v -19.585671334 -26.223529214 -79.119557509
v -19.562767790 -25.981645138 -78.356692345
v -22.017691454 -26.742365404 -80.755887030
v -21.218215714 -26.729401888 -80.715002095
v -19.437232210 -25.981645138 -78.356692345
v -22.014561765 -26.780295969 -80.875514196
v -21.218217806 -26.755303573 -80.796692025
v -19.311852682 -25.983536409 -78.362657121
v -21.213948269 -26.781173093 -80.878280511
v -22.005180479 -26.818132233 -80.994843950
v -19.186940917 -25.987314247 -78.374571843
v -21.989570920 -26.855780128 -81.113579620
v -21.205417720 -26.806946134 -80.959564716
v -19.062807467 -25.992969262 -78.392406891
v -21.967771896 -26.893146056 -81.231426009
v -21.192647366 -26.832558622 -81.040342563
v -18.939760946 -26.000487394 -78.416117922
v -21.175668954 -26.857946882 -81.120413230
v -21.939837601 -26.930137120 -81.348090134
v -18.818107268 -26.009849952 -78.445645988
v -21.154524694 -26.883047798 -81.199577656
v -21.905837486 -26.966661354 -81.463281949
v -18.698148883 -26.021033658 -78.480917677
v -21.865856080 -27.002627953 -81.576715068
v -21.129267153 -26.907798966 -81.277639032
v -18.580184025 -26.034010709 -78.521845299
v -21.099959123 -26.932138852 -81.354403290
v -21.819992783 -27.037947498 -81.688107479
v -18.464505975 -26.048748841 -78.568327100
v -21.768361619 -27.072532179 -81.797182244
v -21.066673466 -26.956006947 -81.429679588
v -18.351402327 -26.065211413 -78.620247520
v -21.711090950 -27.106296014 -81.903668184
v -21.029492933 -26.979343912 -81.503280784
v -18.241154273 -26.083357497 -78.677477477
v -21.648323160 -27.139155060 -82.007300560
v -20.988509958 -27.002091729 -81.575023900
v -18.134035908 -26.103141978 -78.739874687
v -21.580214301 -27.171027624 -82.107821725
v -20.943826428 -27.024193845 -81.644730575
v -18.030313545 -26.124515670 -78.807284021
v -21.506933701 -27.201834467 -82.204981767
v -20.895553429 -27.045595314 -81.712227513
v -17.930245054 -26.147425433 -78.879537889
v -21.428663548 -27.231498997 -82.298539131
v -20.843810972 -27.066242928 -81.777346913
v -17.834079222 -26.171814310 -78.956456657
v -20.788727693 -27.086085357 -81.839926881
v -21.345598433 -27.259947464 -82.388261218
v -17.742055130 -26.197621668 -79.037849093
v -20.730440533 -27.105073270 -81.899811839
v -21.257944870 -27.287109140 -82.473924967
v -20.669094400 -27.123159463 -81.956852908
v -17.654401567 -26.224783344 -79.123512841
v -21.165920778 -27.312916498 -82.555317402
v -20.604841804 -27.140298971 -82.010908279
v -17.571336452 -26.253231811 -79.213234929
v -21.069754946 -27.337305375 -82.632236170
v -20.537842482 -27.156449184 -82.061843567
v -17.493066299 -26.282896341 -79.306792293
v -20.969686455 -27.360215139 -82.704490039
v -20.468263001 -27.171569952 -82.109532142
v -17.419785699 -26.313703184 -79.403952335
v -20.865964092 -27.381588830 -82.771899373
v -20.396276340 -27.185623682 -82.153855446
v -17.351676840 -26.345575748 -79.504473499
v -20.758845727 -27.401373311 -82.834296583
v -20.322061464 -27.198575437 -82.194703288
v -17.288909050 -26.378434794 -79.608105875
v -20.648597673 -27.419519395 -82.891526539
v -20.245802877 -27.210393018 -82.231974118
v -17.231638381 -26.412198629 -79.714591816
v -20.535494025 -27.435981967 -82.943446959
v -20.167690164 -27.221047043 -82.265575277
v -17.180007217 -26.446783310 -79.823666580
v -20.419815975 -27.450720099 -82.989928760
v -20.087917520 -27.230511028 -82.295423229
v -17.134143920 -26.482102855 -79.935058991
v -20.301851117 -27.463697150 -83.030856382
v -20.006683266 -27.238761444 -82.321443771
v -17.094162514 -26.518069454 -80.048492111
v -20.181892732 -27.474880856 -83.066128071
v -19.924189357 -27.245777779 -82.343572213
v -17.708911217 -26.742366934 -80.755886594
v -17.060162399 -26.554593688 -80.163683925
v -20.060239054 -27.484243414 -83.095656137
v -19.840640878 -27.251542591 -82.361753542
v -17.032228104 -26.591584752 -80.280348050
v -19.937192533 -27.491761546 -83.119367169
v -19.756245539 -27.256041547 -82.375942558
v -17.010429080 -26.628950680 -80.398194440
v -19.813059083 -27.497416561 -83.137202216
v -19.671213153 -27.259263463 -82.386103986
v -16.994819521 -26.666598576 -80.516930109
v -19.688147318 -27.501194400 -83.149116939
v -19.585755118 -27.261200329 -82.392212563
v -16.985438235 -26.704434839 -80.636259863
v -19.562767790 -27.503085670 -83.155081715
v -19.500083888 -27.261847330 -82.394253104
v -16.982308546 -26.742365404 -80.755887030
v -19.437232210 -27.503085670 -83.155081715
v -19.414412450 -27.261202857 -82.392220535
v -17.720642775 -26.769029896 -80.839982733
v -16.985438235 -26.780295969 -80.875514196
v -19.311852682 -27.501194400 -83.149116939
v -19.328953789 -27.259268512 -82.386119909
v -17.734979066 -26.792863706 -80.915150906
v -16.994819521 -26.818132233 -80.994843950
v -19.186940917 -27.497416561 -83.137202216
v -19.243920363 -27.256049105 -82.375966394
v -17.750953448 -26.814138181 -80.982247327
v -17.010429080 -26.855780128 -81.113579620
v -19.062807467 -27.491761546 -83.119367169
v -19.159523572 -27.251552639 -82.361785231
v -17.769849604 -26.835208088 -81.048698572
v -17.032228104 -26.893146056 -81.231426009
v -17.791665683 -26.856031836 -81.114373470
v -18.939760946 -27.484243414 -83.095656137
v -19.075973232 -27.245790292 -82.343611676
v -17.060162399 -26.930137120 -81.348090134
v -17.816350603 -26.876561711 -81.179121536
v -18.818107268 -27.474880856 -83.066128071
v -18.993477057 -27.238776391 -82.321490910
v -17.094162514 -26.966661354 -81.463281949
v -17.843853387 -26.896761631 -81.242828976
v -18.698148883 -27.463697150 -83.030856382
v -18.912240138 -27.230528372 -82.295477928
v -17.870962098 -26.914622818 -81.299160411
v -17.134143920 -27.002627953 -81.576715068
v -18.580184025 -27.450720099 -82.989928760
v -18.832464438 -27.221066740 -82.265637398
v -17.180007217 -27.037947498 -81.688107479
v -17.900190309 -26.932175599 -81.354519184
v -17.933395541 -26.956053169 -81.429825364
v -18.464505975 -27.435981967 -82.943446959
v -18.754348285 -27.210415019 -82.232043508
v -17.231638381 -27.072532179 -81.797182244
v -17.970583610 -26.979389036 -81.503423100
v -18.351402327 -27.419519395 -82.891526539
v -18.678085882 -27.198599689 -82.194779774
v -17.288909050 -27.106296014 -81.903668184
v -18.011573932 -27.002135644 -81.575162401
v -18.241154273 -27.401373311 -82.834296583
v -18.603866823 -27.185650124 -82.153938838
v -18.056264601 -27.024236442 -81.644864918
v -17.351676840 -27.139155060 -82.007300560
v -18.134035908 -27.381588830 -82.771899373
v -18.531875623 -27.171598517 -82.109622232
v -17.419785699 -27.171027624 -82.107821725
v -18.104544512 -27.045636486 -81.712357365
v -18.030313545 -27.360215139 -82.704490039
v -18.462291259 -27.156479802 -82.061940132
v -18.156293637 -27.066282574 -81.777471949
v -17.493066299 -27.201834467 -82.204981767
v -17.930245054 -27.337305375 -82.632236170
v -18.395286722 -27.140331566 -82.011011078
v -17.571336452 -27.231498997 -82.298539131
v -18.211383324 -27.086123377 -81.840046792
v -17.834079222 -27.312916498 -82.555317402
v -18.331028590 -27.123193954 -81.956961686
v -17.654401567 -27.259947464 -82.388261218
v -18.269676616 -27.105109571 -81.899926326
v -17.742055130 -27.287109140 -82.473924967
v -22.217691454 -26.647042340 -80.786111416
v -21.876640847 -26.267013355 -79.560095563
v -22.005428221 -26.325126027 -79.775680404
v -21.748374405 -26.197535569 -79.349060842
v -21.618884991 -26.115716255 -79.139717110
v -20.096471226 -25.808388284 -78.219553163
v -19.834319261 -25.829588461 -78.212831156
v -19.576744514 -25.838896200 -78.209879921
v -19.320211629 -25.836566118 -78.210618728
v -19.061232801 -25.822534735 -78.215067703
v -17.200103667 -26.226837469 -79.433387001
v -17.328891040 -26.150109318 -79.223704629
v -17.071837224 -26.291655091 -79.645899335
v -16.942347810 -26.345411640 -79.864141016
v -16.863495797 -26.876349063 -81.587737157
v -16.994571779 -26.966167742 -81.797427351
v -17.123359153 -27.042895893 -82.007109723
v -17.251625595 -27.107713515 -82.219622057
v -17.381115009 -27.161470064 -82.437863738
v -19.423255486 -27.471013048 -83.357325365
v -19.165680739 -27.461705309 -83.360276599
v -19.679788371 -27.468682966 -83.358064171
v -19.938767199 -27.454651583 -83.362513146
v -21.540032977 -27.188602778 -82.572537334
v -21.671108960 -27.141184451 -82.349403126
v -21.799896333 -27.083071779 -82.133818285
v -21.928162776 -27.013593993 -81.922783564
v -22.057652190 -26.931774679 -81.713439832
v -22.617691454 -26.456396213 -80.846560188
v -22.468122912 -26.600604108 -81.072606597
v -22.417691454 -26.551719277 -80.816335802
v -22.204186634 -26.565256758 -80.528172271
v -22.403192789 -26.463914940 -80.539414433
v -22.429418340 -26.438944634 -80.509995297
v -22.271742346 -26.409658797 -80.232778684
v -22.163806393 -26.484283997 -80.272796641
v -22.096952048 -26.404928802 -80.022522564
v -22.136504203 -26.372544354 -79.998814612
v -22.004288026 -26.327979840 -79.779837376
v -21.581872436 -26.119053026 -79.120914346
v -21.486372695 -26.020227211 -78.929215010
v -21.397592233 -26.059025332 -78.931596236
v -21.348896345 -25.909316876 -78.714582742
v -21.194452906 -26.004841616 -78.760709131
v -21.208414269 -25.784545684 -78.498883876
v -20.974473345 -25.957040379 -78.609951383
v -21.082982597 -25.810938779 -78.480028080
v -21.058845727 -25.640337789 -78.272837466
v -20.739839805 -25.916096691 -78.480821292
v -20.831081936 -25.766981969 -78.341395064
v -20.682299500 -25.721447510 -78.247119750
v -20.492884180 -25.882417470 -78.374602210
v -20.366947512 -25.774705326 -78.230233125
v -20.236060826 -25.856337434 -78.292349789
v -18.895256760 -25.846231135 -78.260476077
v -18.796208209 -25.796416107 -78.223349219
v -18.634451553 -25.868409550 -78.330423386
v -18.521255511 -25.757474877 -78.235696438
v -18.382248555 -25.898326368 -78.424776425
v -18.299991134 -25.747903894 -78.281225751
v -18.240291357 -25.706246294 -78.251939647
v -18.141154273 -25.935684261 -78.542597473
v -18.041154273 -25.788011025 -78.407717470
v -17.941154273 -25.640337789 -78.272837466
v -17.913564811 -25.980111950 -78.682715570
v -17.796816076 -25.835708231 -78.558147120
v -17.752881160 -25.820008809 -78.557966924
v -17.595205166 -25.955810280 -78.801410287
v -17.701742054 -26.031167894 -78.843738160
v -17.507791193 -26.088344674 -79.024064929
v -17.459967023 -26.060290639 -79.014014435
v -17.333639798 -26.151074042 -79.221903706
v -16.946205395 -26.366105094 -79.900078562
v -16.809835514 -26.388663427 -80.091206150
v -16.866346941 -26.444354443 -80.146864969
v -16.672359165 -26.421691302 -80.330532857
v -16.812662914 -26.524618195 -80.400004495
v -16.531877088 -26.444005329 -80.578718141
v -16.785686851 -26.606098653 -80.656981324
v -16.585935467 -26.507762466 -80.677702785
v -16.382308546 -26.456396213 -80.846560188
v -16.785686851 -26.687986028 -80.915241507
v -16.585935467 -26.595676087 -80.954968818
v -16.570581660 -26.636067233 -81.131689646
v -16.812662914 -26.769466486 -81.172218337
v -16.728257654 -26.771868704 -81.375133009
v -16.866346941 -26.849730238 -81.425357863
v -17.507791193 -27.205740007 -82.548157903
v -17.513627305 -27.204721851 -82.664928872
v -17.701742054 -27.262916787 -82.728484671
v -17.651103655 -27.237749726 -82.904255578
v -17.913564811 -27.313972730 -82.889507261
v -17.796816076 -27.267730322 -83.074524484
v -17.791585731 -27.260063753 -83.152440863
v -18.141154273 -27.358400420 -83.029625358
v -18.041154273 -27.315427528 -83.224954134
v -17.941154273 -27.272454637 -83.420282910
v -18.382248555 -27.395758313 -83.147446406
v -18.299991134 -27.355534659 -83.351445853
v -18.633052488 -27.406822174 -83.377678568
v -18.317700500 -27.353564358 -83.394565193
v -18.634451553 -27.425675130 -83.241799446
v -18.895256760 -27.447853545 -83.311746755
v -18.903528774 -27.440505132 -83.366998606
v -19.162072177 -27.462073139 -83.356593165
v -19.971922168 -27.455968901 -83.337341339
v -20.203791791 -27.428532955 -83.370794663
v -20.236060826 -27.437747246 -83.279873042
v -20.478744489 -27.389591725 -83.383141882
v -20.492884180 -27.411667211 -83.197620622
v -20.759708643 -27.338363142 -83.399385091
v -20.739839805 -27.377987989 -83.091401539
v -20.831081936 -27.336456584 -83.291276540
v -21.058845727 -27.272454637 -83.420282910
v -20.974473345 -27.337044302 -82.962271448
v -21.082982597 -27.292499774 -83.152643524
v -21.247118840 -27.255003058 -83.083718019
v -21.194452906 -27.289243065 -82.811513701
v -21.404794834 -27.225717221 -82.806501406
v -21.397592233 -27.235059349 -82.640626596
v -22.096952048 -26.889155879 -81.549700267
v -22.190164486 -26.836285635 -81.502937731
v -22.163806393 -26.809800683 -81.299426190
v -22.327640835 -26.725375300 -81.288305463
v -22.204186634 -26.728827923 -81.044050561
v -22.403192789 -26.639523613 -81.093257171
v -22.429418340 -24.465586981 -81.135694065
v -22.617691454 -24.645258001 -81.420823523
v -22.271742346 -24.329785510 -80.892250702
v -22.136504203 -24.225305151 -80.679646554
v -22.005428221 -24.135486472 -80.469956360
v -21.876640847 -24.058758321 -80.260273988
v -21.748374405 -23.993940699 -80.047761655
v -21.618884991 -23.940184150 -79.829519973
v -21.486372695 -23.896932363 -79.602454839
v -21.348896345 -23.863904488 -79.363128133
v -21.208414269 -23.841590461 -79.114942849
v -21.058845727 -23.829199577 -78.847100802
v -21.247118840 -25.281645405 -83.709416787
v -21.058845727 -25.461316425 -83.994546245
v -21.404794834 -25.145843934 -83.465973424
v -21.540032977 -25.041363575 -83.253369276
v -21.671108960 -24.951544896 -83.043679082
v -21.799896333 -24.874816745 -82.833996710
v -21.928162776 -24.809999123 -82.621484376
v -22.057652190 -24.756242574 -82.403242695
v -22.190164486 -24.712990787 -82.176177561
v -22.327640835 -24.679962912 -81.936850855
v -22.468122912 -24.657648885 -81.688665570
v -18.317700500 -25.380206704 -84.020263961
v -17.941154273 -25.461316425 -83.994546245
v -18.633052488 -25.326948887 -84.037150586
v -18.903528774 -25.293265930 -84.047830549
v -19.165680739 -25.272065753 -84.054552556
v -19.423255486 -25.262758014 -84.057503790
v -19.679788371 -25.265088096 -84.056764984
v -19.938767199 -25.279119479 -84.052316009
v -20.203791791 -25.305238107 -84.044034492
v -20.478744490 -25.344179337 -84.031687273
v -20.759708643 -25.395407920 -84.015444064
v -16.570581660 -24.662709580 -81.757388414
v -16.382308546 -24.645258001 -81.420823523
v -16.728257654 -24.691995417 -82.034605027
v -16.863495797 -24.729109860 -82.268569099
v -16.994571779 -24.776528187 -82.491703307
v -17.123359153 -24.834640859 -82.707288148
v -17.251625595 -24.904118645 -82.918322869
v -17.381115009 -24.985937959 -83.127666601
v -17.513627305 -25.081427003 -83.338168702
v -17.651103655 -25.192337338 -83.552800970
v -17.791585731 -25.317108530 -83.768499836
v -17.752881160 -23.846651156 -79.183665692
v -17.941154273 -23.829199577 -78.847100802
v -17.595205166 -23.875936993 -79.460882305
v -17.459967023 -23.913051436 -79.694846377
v -17.328891040 -23.960469763 -79.917980585
v -17.200103667 -24.018582435 -80.133565427
v -17.071837224 -24.088060221 -80.344600147
v -16.942347810 -24.169879535 -80.553943879
v -16.809835514 -24.265368579 -80.764445980
v -16.672359165 -24.376278914 -80.979078248
v -16.531877088 -24.501050106 -81.194777114
v -20.682299500 -23.748089856 -78.872818518
v -20.366947512 -23.694832040 -78.889705143
v -20.096471226 -23.661149082 -78.900385105
v -19.834319261 -23.639948905 -78.907107112
v -19.576744514 -23.630641166 -78.910058347
v -19.320211629 -23.632971248 -78.909319540
v -19.061232801 -23.647002631 -78.904870565
v -18.796208209 -23.673121259 -78.896589049
v -18.521255510 -23.712062489 -78.884241829
v -18.240291357 -23.763291072 -78.867998620
v -16.782308546 -24.454611874 -81.481272295
v -16.982308546 -24.359288810 -81.511496682
v -16.985438235 -24.321358245 -81.391869515
v -16.582308546 -24.549934937 -81.451047909
v -17.134143920 -24.099026261 -80.690668643
v -17.180007217 -24.063706716 -80.579276232
v -17.231638381 -24.029122035 -80.470201467
v -17.288909050 -23.995358200 -80.363715527
v -17.351676840 -23.962499154 -80.260083151
v -17.419785699 -23.930626589 -80.159561987
v -17.493066299 -23.899819747 -80.062401945
v -17.571336452 -23.870155217 -79.968844581
v -17.654401567 -23.841706750 -79.879122493
v -19.311852682 -23.600459814 -79.118266772
v -19.437232210 -23.598568544 -79.112301996
v -19.186940917 -23.604237653 -79.130181495
v -19.562767790 -23.598568544 -79.112301996
v -19.688147318 -23.600459814 -79.118266772
v -21.428663548 -23.870155217 -79.968844581
v -21.506933701 -23.899819747 -80.062401945
v -21.580214301 -23.930626589 -80.159561987
v -21.648323160 -23.962499154 -80.260083151
v -21.711090950 -23.995358200 -80.363715527
v -21.768361619 -24.029122035 -80.470201467
v -21.819992783 -24.063706716 -80.579276232
v -21.865856080 -24.099026261 -80.690668643
v -21.905837486 -24.134992860 -80.804101763
v -21.768361619 -24.689455585 -82.552791896
v -21.711090950 -24.723219420 -82.659277836
v -21.819992783 -24.654870904 -82.443717131
v -21.648323160 -24.756078466 -82.762910212
v -21.580214301 -24.787951030 -82.863431377
v -19.937192533 -25.108684952 -83.874976821
v -19.813059083 -25.114339967 -83.892811868
v -19.688147318 -25.118117805 -83.904726591
v -19.562767790 -25.120009076 -83.910691367
v -19.437232210 -25.120009076 -83.910691367
v -19.311852682 -25.118117805 -83.904726591
v -19.186940917 -25.114339967 -83.892811868
v -19.062807467 -25.108684952 -83.874976821
v -18.939760946 -25.101166820 -83.851265789
v -17.493066299 -24.818757873 -82.960591418
v -17.419785699 -24.787951030 -82.863431377
v -17.351676840 -24.756078466 -82.762910212
v -17.288909050 -24.723219420 -82.659277836
v -17.231638381 -24.689455585 -82.552791896
v -16.985438235 -24.397219375 -81.631123848
v -16.795813366 -24.372826291 -81.223333151
v -16.994819521 -24.283521981 -81.272539761
v -17.010429080 -24.245874086 -81.153804091
v -16.596807211 -24.462130601 -81.174126540
v -16.836193607 -24.291853530 -80.967957521
v -17.032228104 -24.208508158 -81.035957702
v -17.060162399 -24.171517094 -80.919293577
v -16.903047952 -24.212498335 -80.717683444
v -17.094162514 -24.134992860 -80.804101763
v -17.602407767 -23.866594865 -79.626757116
v -17.742055130 -23.814545074 -79.793458744
v -17.834079222 -23.788737716 -79.712066309
v -17.805547094 -23.812411149 -79.455870010
v -17.930245054 -23.764348838 -79.635147541
v -18.030313545 -23.741439075 -79.562893673
v -18.025526655 -23.764609912 -79.305112263
v -18.134035908 -23.720065384 -79.495484338
v -18.241154273 -23.700280903 -79.433087128
v -17.917017403 -23.809154440 -79.114740188
v -18.260160195 -23.723666225 -79.175982172
v -18.351402327 -23.682134819 -79.375857172
v -18.464505975 -23.665672247 -79.323936752
v -18.168918064 -23.765197630 -78.976107171
v -18.507115820 -23.689987003 -79.069763089
v -18.580184025 -23.650934115 -79.277454951
v -18.698148883 -23.637957064 -79.236527329
v -18.763939174 -23.663906968 -78.987510669
v -18.818107268 -23.626773358 -79.201255640
v -18.939760946 -23.617410800 -79.171727574
v -19.028077832 -23.645685312 -78.930042372
v -19.062807467 -23.609892668 -79.148016542
v -19.837927823 -23.639581075 -78.910790547
v -19.813059083 -23.604237653 -79.130181495
v -19.937192533 -23.609892668 -79.148016542
v -20.104743240 -23.653800669 -78.955636957
v -20.060239054 -23.617410800 -79.171727574
v -20.181892732 -23.626773358 -79.201255640
v -20.365548447 -23.675979084 -79.025584265
v -20.301851117 -23.637957064 -79.236527329
v -20.419815975 -23.650934115 -79.277454951
v -20.617751445 -23.705895901 -79.119937305
v -20.535494025 -23.665672247 -79.323936752
v -20.648597673 -23.682134819 -79.375857172
v -20.700008866 -23.746119555 -78.915937858
v -20.858845727 -23.743253794 -79.237758353
v -20.758845727 -23.700280903 -79.433087128
v -20.865964092 -23.720065384 -79.495484338
v -20.958845727 -23.786226686 -79.042429577
v -21.086435189 -23.787681484 -79.377876450
v -20.969686455 -23.741439075 -79.562893673
v -21.069754946 -23.764348838 -79.635147541
v -21.203183924 -23.833923892 -79.192859227
v -21.298257946 -23.838737427 -79.538899040
v -21.165920778 -23.788737716 -79.712066309
v -21.257944870 -23.814545074 -79.793458744
v -21.492208807 -23.895914207 -79.719225808
v -21.345598433 -23.841706750 -79.879122493
v -22.133653059 -24.251923976 -80.842025849
v -21.939837601 -24.171517094 -80.919293577
v -21.967771896 -24.208508158 -81.035957702
v -22.187337086 -24.332187728 -81.095165374
v -21.989570920 -24.245874086 -81.153804091
v -22.005180479 -24.283521981 -81.272539761
v -22.214313149 -24.413668186 -81.352142204
v -22.014561765 -24.321358245 -81.391869515
v -22.017691454 -24.359288810 -81.511496682
v -22.414064533 -24.505978127 -81.312414893
v -22.214313149 -24.495555561 -81.610402387
v -22.014561765 -24.397219375 -81.631123848
v -22.005180479 -24.435055638 -81.750453602
v -22.414064533 -24.593891747 -81.589680926
v -22.187337086 -24.577036019 -81.867379217
v -21.989570920 -24.472703534 -81.869189272
v -21.967771896 -24.510069462 -81.987035661
v -22.133653059 -24.657299771 -82.120518742
v -21.939837601 -24.547060526 -82.103699786
v -21.905837486 -24.583584760 -82.218891600
v -22.053794605 -24.735549120 -82.367305150
v -21.865856080 -24.619551359 -82.332324720
v -21.666360202 -24.950580172 -83.045480005
v -21.506933701 -24.818757873 -82.960591418
v -21.428663548 -24.848422403 -83.054148782
v -21.492208807 -25.013309540 -83.243318783
v -21.345598433 -24.876870870 -83.143870870
v -21.257944870 -24.904032546 -83.229534619
v -21.298257946 -25.070486320 -83.423645551
v -21.165920778 -24.929839904 -83.310927054
v -21.069754946 -24.954228781 -83.387845822
v -21.086435189 -25.121542264 -83.584668141
v -20.969686455 -24.977138544 -83.460099690
v -20.865964092 -24.998512236 -83.527509025
v -21.203183924 -25.265945983 -83.709236591
v -20.858845727 -25.165969953 -83.724786238
v -20.758845727 -25.018296717 -83.589906235
v -20.648597673 -25.036442801 -83.647136191
v -20.958845727 -25.313643189 -83.859666242
v -20.617751445 -25.203327846 -83.842607286
v -20.535494025 -25.052905373 -83.699056611
v -20.419815975 -25.067643505 -83.745538412
v -20.700008866 -25.353750320 -83.986157961
v -20.365548447 -25.233244664 -83.936960325
v -20.301851117 -25.080620556 -83.786466034
v -20.181892732 -25.091804262 -83.821737723
v -20.104743240 -25.255423079 -84.006907634
v -20.060239054 -25.101166820 -83.851265789
v -18.763939174 -25.245316780 -83.975033922
v -18.818107268 -25.091804262 -83.821737723
v -18.698148883 -25.080620556 -83.786466034
v -18.507115820 -25.219236744 -83.892781502
v -18.580184025 -25.067643505 -83.745538412
v -18.464505975 -25.052905373 -83.699056611
v -18.260160195 -25.185557523 -83.786562419
v -18.351402327 -25.036442801 -83.647136191
v -18.241154273 -25.018296717 -83.589906235
v -18.168918064 -25.334672245 -83.925988647
v -18.025526655 -25.144613835 -83.657432328
v -18.134035908 -24.998512236 -83.527509025
v -18.030313545 -24.977138544 -83.460099690
v -17.917017403 -25.290715435 -83.787355631
v -17.805547094 -25.096812598 -83.506674580
v -17.930245054 -24.954228781 -83.387845822
v -17.834079222 -24.929839904 -83.310927054
v -17.602407767 -25.042628882 -83.335787475
v -17.742055130 -24.904032546 -83.229534619
v -17.654401567 -24.876870870 -83.143870870
v -17.418127564 -24.982601188 -83.146469365
v -17.571336452 -24.848422403 -83.054148782
v -16.995711974 -24.773674374 -82.487546335
v -17.180007217 -24.654870904 -82.443717131
v -17.134143920 -24.619551359 -82.332324720
v -16.903047952 -24.696725412 -82.244861147
v -17.094162514 -24.583584760 -82.218891600
v -17.060162399 -24.547060526 -82.103699786
v -16.836193607 -24.617370217 -81.994587070
v -17.032228104 -24.510069462 -81.987035661
v -17.010429080 -24.472703534 -81.869189272
v -16.795813366 -24.536397456 -81.739211440
v -16.994819521 -24.435055638 -81.750453602
v -16.596807211 -24.637739274 -81.727969279
v -20.848406138 -24.032871983 -80.482028228
v -20.903589438 -24.050306660 -80.537014517
v -20.956086655 -24.068484874 -80.594345808
v -21.005799389 -24.087364183 -80.653888243
v -21.052632577 -24.106903579 -80.715512492
v -21.096494024 -24.127063709 -80.779094439
v -21.137288133 -24.147804016 -80.844506179
v -21.160820274 -24.160834700 -80.885602951
v -21.183021109 -24.174076827 -80.927366581
v -21.201971468 -24.200426160 -81.010468324
v -21.216676472 -24.227016291 -81.094329506
v -21.226135220 -24.251109672 -81.170316324
v -21.231554567 -24.272883170 -81.238986586
v -21.234012007 -24.294703642 -81.307804997
v -21.233476916 -24.316533487 -81.376652972
v -21.229918644 -24.338335425 -81.445412930
v -21.225007212 -24.355348612 -81.499069904
v -21.218211652 -24.372303946 -81.552544729
v -19.414329593 -23.840452606 -79.875167116
v -21.213929269 -24.398173082 -81.634131694
v -19.328872165 -23.842388170 -79.881271586
v -21.205386229 -24.423945463 -81.715413819
v -19.243840165 -23.845608762 -79.891428838
v -21.192603553 -24.449557106 -81.796189001
v -19.159444985 -23.850106376 -79.905613622
v -21.175613021 -24.474944340 -81.876256430
v -19.075896434 -23.855869832 -79.923790673
v -21.154456870 -24.500044051 -81.955417056
v -18.993402216 -23.862884800 -79.945914804
v -21.129187695 -24.524793840 -82.033474085
v -18.912167413 -23.871133842 -79.971931013
v -21.099868317 -24.549132180 -82.110233464
v -18.832393978 -23.880596450 -80.001774623
v -21.066571624 -24.572998564 -82.185504367
v -18.754280229 -23.891249100 -80.035371442
v -21.029380392 -24.596333660 -82.259099669
v -18.678020359 -23.903065309 -80.072637947
v -20.988387080 -24.619079456 -82.330836411
v -18.603803952 -23.916015701 -80.113481493
v -20.943693598 -24.641179406 -82.400536252
v -18.531815513 -23.930068083 -80.157800542
v -20.895411055 -24.662578568 -82.468025918
v -18.462234005 -23.945187518 -80.205484916
v -20.843659484 -24.683223744 -82.533137626
v -18.395232412 -23.961336421 -80.256416069
v -20.788567540 -24.703063609 -82.595709508
v -18.330977300 -23.978474643 -80.310467386
v -20.730272183 -24.722048840 -82.655586008
v -18.269628409 -23.996559580 -80.367504494
v -20.668918336 -24.740132241 -82.712618272
v -18.211338255 -24.015546271 -80.427385597
v -20.604658528 -24.757268855 -82.766664516
v -18.156251748 -24.035387515 -80.489961828
v -20.537652509 -24.773416080 -82.817590379
v -18.104505834 -24.056033986 -80.555077622
v -20.468066858 -24.788533773 -82.865269259
v -18.056229156 -24.077434357 -80.622571100
v -20.396074568 -24.802584353 -82.909582624
v -18.011541731 -24.099535426 -80.692274470
v -20.321854612 -24.815532887 -82.950420310
v -17.970554653 -24.122282248 -80.764014448
v -20.245591504 -24.827347187 -82.987680794
v -17.933369816 -24.145618275 -80.837612686
v -20.167474836 -24.837997881 -83.021271446
v -17.900079663 -24.169485492 -80.912886218
v -20.087698808 -24.847458492 -83.051108757
v -17.870766954 -24.193824566 -80.989647912
v -20.006461745 -24.855705500 -83.077118552
v -17.845504563 -24.218574988 -81.067706935
v -19.923965605 -24.862718404 -83.099236169
v -17.824355290 -24.243675228 -81.146869232
v -19.840415475 -24.868479767 -83.117406624
v -17.807371715 -24.269062887 -81.226938002
v -19.756019063 -24.872975269 -83.131584745
v -17.794596058 -24.294674850 -81.307714192
v -19.670986181 -24.876193732 -83.141735283
v -17.786060081 -24.320447445 -81.388996992
v -19.585528222 -24.878127156 -83.147833005
v -17.781785004 -24.346316600 -81.470584328
v -19.499857639 -24.878770735 -83.149862752
v -17.781781455 -24.372218005 -81.552273374
v -19.414187409 -24.878122867 -83.147819477
v -17.786049443 -24.398087267 -81.633861048
v -19.328730511 -24.876185164 -83.141708261
v -17.794578357 -24.423860076 -81.715144521
v -19.243699394 -24.872962443 -83.131544295
v -17.807346995 -24.449472358 -81.795921719
v -19.159305448 -24.868462716 -83.117352848
v -17.824323613 -24.474860442 -81.875991830
v -19.075758476 -24.862697169 -83.099169200
v -17.845466006 -24.499961212 -81.955155796
v -18.993266181 -24.855680136 -83.077038556
v -17.870721615 -24.524712266 -82.033216814
v -18.912033639 -24.847429060 -83.051015933
v -17.900027654 -24.549052074 -82.109980822
v -18.832262797 -24.837964455 -83.021166025
v -17.933311266 -24.572920125 -82.185256982
v -18.754151968 -24.827309850 -82.987563038
v -17.970489707 -24.596257082 -82.258858156
v -18.677895336 -24.815491732 -82.950290512
v -18.011470552 -24.619004931 -82.330601370
v -18.603682479 -24.802539481 -82.909441106
v -18.056151921 -24.641107118 -82.400308268
v -18.531697890 -24.788485298 -82.865116374
v -18.104422734 -24.662508697 -82.467805557
v -18.462120527 -24.773364120 -82.817426506
v -18.156162989 -24.683156464 -82.532925436
v -18.395123359 -24.757213541 -82.766490063
v -18.211244058 -24.702999087 -82.595506017
v -18.330872944 -24.740073710 -82.712433673
v -18.269529009 -24.721987237 -82.655391722
v -19.188966741 -25.786097298 -82.909601592
v -19.277422088 -25.784674187 -82.923686832
v -19.366389616 -25.782024982 -82.933819436
v -19.455685986 -25.778049493 -82.939765056
v -19.545087707 -25.772743377 -82.941508922
v -18.067824800 -24.474968153 -81.085035619
v -17.774775481 -24.615261102 -80.926015196
v -18.091202806 -24.457488982 -81.018243450
v -17.795649057 -24.598643279 -80.858471286
v -18.003811212 -24.563792331 -81.420764075
v -17.709050111 -24.737168488 -81.415242665
v -17.709615614 -24.719429158 -81.344404513
v -18.000994263 -24.581951377 -81.489008675
v -18.036592281 -24.672331243 -81.829191354
v -17.752942771 -24.827087177 -81.776542414
v -18.022933964 -24.654548363 -81.762093537
v -17.772082850 -24.845566061 -81.851381912
v -18.053760435 -24.690172195 -81.896622397
v -17.795050882 -24.864113595 -81.926729337
v -18.191281216 -24.776260292 -82.224209907
v -17.928076842 -24.937766940 -82.228653327
v -18.158027173 -24.760200906 -82.162729728
v -17.971333907 -24.955312154 -82.301630143
v -18.228527499 -24.792267409 -82.285834137
v -18.018199363 -24.972195960 -82.372590217
v -18.406891705 -24.850369944 -82.513988143
v -18.182365321 -25.018956777 -82.574866571
v -18.359019297 -24.837091331 -82.461046052
v -18.455804874 -24.862614599 -82.563350061
v -18.240087508 -25.032043740 -82.633489287
v -18.295555940 -25.043349514 -82.685103323
v -18.511169985 -24.875081513 -82.614235111
v -18.354392196 -25.054137458 -82.735385098
v -18.755594842 -24.916374764 -82.789814683
v -18.623897984 -25.090732628 -82.918340816
v -18.691388011 -24.907402993 -82.750308250
v -18.551441000 -25.082717343 -82.875862877
v -18.698518807 -25.097728001 -82.957641894
v -18.821640212 -24.924403440 -82.826309388
v -18.774980946 -25.103635492 -82.993576722
v -19.029446645 -24.942580504 -82.917217532
v -19.015189441 -25.114499087 -83.080772577
v -18.932957293 -25.112027398 -83.055066406
v -19.101456078 -24.946588388 -82.941149659
v -19.099947805 -25.115777515 -83.103037208
v -19.174501378 -24.949547233 -82.961781212
v -19.187092073 -25.115789680 -83.121611165
v -19.248434956 -24.951455673 -82.979070416
v -19.267445895 -25.114657639 -83.134966295
v -19.323115605 -24.952312310 -82.992977920
v -19.341234981 -25.112667310 -83.144107293
v -19.398373904 -24.952113964 -83.003463115
v -19.416339981 -25.109716388 -83.150383876
v -19.473939678 -24.950851554 -83.010505768
v -19.492686329 -25.105766077 -83.153663645
v -19.549657331 -24.948523855 -83.014124580
v -19.570199456 -25.100777581 -83.153814201
v -19.625387461 -24.945130698 -83.014340847
v -19.648357989 -25.094732114 -83.150728371
v -19.700990668 -24.940671915 -83.011175866
v -19.726271386 -25.087642578 -83.144395577
v -19.776327548 -24.935147339 -83.004650933
v -19.803805108 -25.079499483 -83.134819840
v -19.851258702 -24.928556800 -82.994787343
v -19.880839534 -25.070292775 -83.122004874
v -19.957245489 -25.060015566 -83.105957674
v -19.925644726 -24.920900131 -82.981606392
v -20.032798495 -25.048702087 -83.086727673
v -19.999337165 -24.912179557 -82.965131199
v -20.107329134 -25.036386857 -83.064364294
v -20.072107728 -24.902425701 -82.945404372
v -20.180691336 -25.023098566 -83.038910893
v -20.143807800 -24.891662474 -82.922459238
v -20.252739032 -25.008865907 -83.010410826
v -20.214314848 -24.879908399 -82.896324586
v -20.283503327 -24.867182370 -82.867030932
v -20.323285329 -24.993729637 -82.978938879
v -20.351144627 -24.853515734 -82.834682702
v -20.392169231 -24.977718528 -82.944587066
v -20.417073991 -24.838931106 -82.799388321
v -20.459295468 -24.960839495 -82.907417608
v -20.481183194 -24.823443968 -82.761230526
v -20.524568851 -24.943099431 -82.867492677
v -20.587894193 -24.924505228 -82.824874448
v -20.543364060 -24.807069788 -82.720292021
v -20.649176302 -24.905063776 -82.779625093
v -20.603994466 -24.789682153 -82.676295448
v -20.708319991 -24.884781968 -82.731806785
v -20.663341843 -24.771146779 -82.628899792
v -20.765230071 -24.863666694 -82.681481699
v -20.721161064 -24.751459517 -82.578073052
v -20.819810180 -24.841725607 -82.628713111
v -20.777207001 -24.730616215 -82.523783226
v -20.871893135 -24.819020531 -82.573639066
v -20.831234528 -24.708612725 -82.465998313
v -20.921337315 -24.795621748 -82.516397847
v -20.968042131 -24.771577575 -82.457093578
v -20.877930964 -24.687814191 -82.410977143
v -21.011906995 -24.746936334 -82.395830385
v -20.926097700 -24.664288979 -82.348318463
v -21.053119100 -24.721563636 -82.332259226
v -20.970452707 -24.640361193 -82.284166560
v -21.092166219 -24.695038529 -82.265353579
v -21.008999675 -24.617370959 -82.222181087
v -21.128739657 -24.667355122 -82.195147896
v -21.044516355 -24.593876407 -82.158581199
v -21.076929301 -24.569925194 -82.093533316
v -21.162494848 -24.638528279 -82.121728815
v -21.106195391 -24.545548996 -82.027158144
v -21.193087223 -24.608572864 -82.045182972
v -21.132271504 -24.520779490 -81.959576386
v -21.155109998 -24.495654135 -81.890923507
v -21.220172214 -24.577503742 -81.965597003
v -21.174649610 -24.470241196 -81.821398151
v -21.241265108 -24.548601597 -81.891441928
v -21.190858577 -24.444590909 -81.751130195
v -21.257373435 -24.521837619 -81.822709122
v -21.270549774 -24.494413914 -81.752245947
v -21.203709285 -24.418749471 -81.680237738
v -21.280507495 -24.466743746 -81.681088666
v -21.212318107 -24.395567959 -81.616550888
v -21.287181968 -24.438972568 -81.609587645
v -21.290555125 -24.411159438 -81.537876705
v -21.290622847 -24.383363694 -81.466105825
v -21.287400947 -24.355620141 -81.394407100
v -21.280906755 -24.327959404 -81.322907461
v -21.271157600 -24.300412106 -81.251733840
v -21.258170811 -24.273008872 -81.181013169
v -21.241963717 -24.245780328 -81.110872381
v -21.222553647 -24.218757097 -81.041438406
v -21.203898838 -24.196365272 -80.984076805
v -19.787648721 -25.437738785 -82.639618646
v -19.823938021 -25.590495173 -82.776645296
v -19.634408538 -25.766099798 -82.939033678
v -19.714611170 -25.758965016 -82.933173963
v -19.786519991 -25.751598546 -82.924937334
v -19.858060769 -25.743328611 -82.913875295
v -19.929128363 -25.734147477 -82.899970099
v -19.999539234 -25.724065839 -82.883249935
v -20.069119718 -25.713109828 -82.863786349
v -20.153717067 -25.369616603 -82.525580264
v -20.236188959 -25.517442918 -82.647058224
v -20.137761438 -25.701298051 -82.841634290
v -20.205356020 -25.688649116 -82.816848706
v -20.271795086 -25.675181631 -82.789484546
v -20.336970262 -25.660914205 -82.759596758
v -20.400773170 -25.645865444 -82.727240291
v -20.463095435 -25.630053957 -82.692470094
v -20.523828681 -25.613498351 -82.655341114
v -20.471963612 -25.273355125 -82.322794869
v -20.849465316 -25.499300618 -82.385580379
v -20.594584975 -25.412701359 -82.417527959
v -20.896481254 -25.477908669 -82.333287555
v -20.582861267 -25.596218665 -82.615910276
v -20.640076595 -25.578237280 -82.574235402
v -20.695407684 -25.559555149 -82.530340632
v -20.748795451 -25.540169795 -82.484245011
v -20.800180813 -25.520078738 -82.435967585
v -20.718128029 -25.153569021 -82.045816426
v -20.871805099 -25.281467346 -82.104444570
v -20.941160224 -25.455940370 -82.279198736
v -20.983439802 -25.433430460 -82.223416538
v -21.023257564 -25.410413678 -82.166043581
v -21.060551086 -25.386924764 -82.107182483
v -21.095257943 -25.362998455 -82.046935862
v -21.127315712 -25.338669492 -81.985406336
v -20.875117150 -25.017202176 -81.716544877
v -21.048599714 -25.131560792 -81.732470860
v -21.156661967 -25.313972613 -81.922696525
v -21.183232709 -25.288944285 -81.858912966
v -21.206932224 -25.263658220 -81.794250386
v -21.227720581 -25.238133453 -81.728789021
v -21.245583514 -25.212361892 -81.662549044
v -21.260506761 -25.186335443 -81.595550627
v -21.272472180 -25.160058874 -81.527845202
v -20.930145161 -24.871998729 -81.359404044
v -21.110569971 -24.971702824 -81.329111924
v -21.281447522 -25.133624035 -81.459688412
v -21.287431610 -25.107084201 -81.391230125
v -21.290428436 -25.080480332 -81.322589382
v -21.290441996 -25.053853390 -81.253885221
v -21.287476283 -25.027244336 -81.185236682
v -21.281535293 -25.000694131 -81.116762804
v -21.272623018 -24.974243736 -81.048582629
v -20.880488515 -24.726574627 -81.001567298
v -21.054648722 -24.811596364 -80.924969278
v -21.260743453 -24.947934114 -80.980815194
v -21.245900662 -24.921806349 -80.913579840
v -21.228128236 -24.895941980 -80.847099024
v -21.207458741 -24.870379789 -80.781509102
v -21.183902444 -24.845110209 -80.716833034
v -21.157469610 -24.820123675 -80.653093781
v -20.728468553 -24.589556222 -80.670240827
v -20.883450167 -24.660956049 -80.550681402
v -21.128175006 -24.795414802 -80.590323357
v -21.096114626 -24.771050815 -80.528704766
v -21.061376728 -24.747085266 -80.468377542
v -21.024030998 -24.723553622 -80.409440320
v -20.984147122 -24.700491351 -80.351991734
v -20.941794788 -24.677933922 -80.296130417
v -20.897043680 -24.655916804 -80.241955003
v -20.486523925 -24.468739684 -80.390012553
v -20.610982194 -24.528561604 -80.233938189
v -20.849963487 -24.634475463 -80.189564127
v -20.800623893 -24.613645368 -80.139056423
v -20.749094586 -24.593461988 -80.090530524
v -20.695476538 -24.573968839 -80.044107873
v -20.639864715 -24.555184125 -79.999879012
v -20.582312502 -24.537100889 -79.957891046
v -20.522944332 -24.519736349 -79.918237143
v -20.171429297 -24.371140124 -80.183007053
v -20.256135735 -24.422313152 -79.999655416
v -20.461878614 -24.503110141 -79.880967357
v -20.399229468 -24.487240862 -79.846125295
v -20.335111010 -24.472147105 -79.813754565
v -20.269637360 -24.457847463 -79.783898776
v -20.202922636 -24.444360532 -79.756601537
v -20.135080955 -24.431704906 -79.731906454
v -19.807186100 -24.301478588 -80.064113786
v -19.845940203 -24.347527342 -79.864600975
v -20.066226436 -24.419899178 -79.709857137
v -19.996473478 -24.408962006 -79.690497259
v -19.926019401 -24.398928332 -79.673887148
v -19.854994230 -24.389808848 -79.660062188
v -19.783439433 -24.381592171 -79.649035115
v -19.711396477 -24.374266918 -79.640818666
v -19.638916350 -24.367822150 -79.635427303
v -19.436494739 -24.253827392 -80.088967792
v -19.420165158 -24.263129163 -80.043974100
v -19.367934926 -24.250888803 -80.091291752
v -19.304353984 -24.249065241 -80.096325183
v -19.410093322 -24.308003928 -79.840758707
v -19.240980682 -24.248116568 -80.104120584
v -19.566187328 -24.362255545 -79.632886627
v -19.493362040 -24.357567849 -79.633186633
v -19.420561107 -24.353758870 -79.636308095
v -19.347905149 -24.350828419 -79.642231787
v -19.275514789 -24.348776306 -79.650938485
v -19.203510647 -24.347602338 -79.662408962
v -19.132013344 -24.347306327 -79.676623994
v -19.053699529 -24.250529875 -80.143882653
v -19.038988096 -24.256372148 -80.123472013
v -19.115495897 -24.248850472 -80.127926918
v -18.992790563 -24.253075821 -80.162470019
v -19.177975015 -24.248045078 -80.114662394
v -18.980827577 -24.304058570 -79.929124157
v -18.932628779 -24.256484496 -80.183725608
v -18.873311685 -24.260738460 -80.207627631
v -19.061143501 -24.347888080 -79.693564354
v -18.991021739 -24.349347409 -79.713210816
v -18.921817166 -24.351683642 -79.735526065
v -18.853708005 -24.354882647 -79.760454445
v -18.786748075 -24.358920619 -79.787974542
v -18.720988205 -24.363773636 -79.818065892
v -18.590058209 -24.334291649 -80.125283135
v -18.814982514 -24.265816024 -80.234133743
v -18.751543606 -24.272387271 -80.266553651
v -18.694412691 -24.279290953 -80.299181543
v -18.634223676 -24.287661252 -80.337385017
v -18.580311900 -24.296204928 -80.375262149
v -18.524098027 -24.306280983 -80.418845157
v -18.301710125 -24.418683067 -80.096442972
v -18.656479415 -24.369417764 -79.850707975
v -18.593330200 -24.375826524 -79.885854130
v -18.531665810 -24.382978866 -79.923424677
v -18.471578926 -24.390857742 -79.963344225
v -18.413162229 -24.399446100 -80.005537384
v -18.356508402 -24.408726891 -80.049928763
v -18.474051101 -24.316372739 -80.461578746
v -18.265896727 -24.393926512 -80.414170816
v -18.422321820 -24.328062708 -80.510170980
v -18.376602874 -24.339614299 -80.557408158
v -18.329847708 -24.352805519 -80.610574375
v -18.289033172 -24.365647304 -80.661716048
v -18.247564466 -24.380197696 -80.719101615
v -17.977592854 -24.505694759 -80.475176823
v -18.248860079 -24.429297575 -80.145004621
v -18.198050946 -24.440553368 -80.195538319
v -18.149375407 -24.452433395 -80.247968675
v -18.102923494 -24.464920403 -80.302222366
v -18.058764549 -24.477986724 -80.358230635
v -18.016965151 -24.491591894 -80.415910402
v -18.211808057 -24.394209576 -80.773930455
v -18.033243336 -24.476768990 -80.776251746
v -18.175970261 -24.409942325 -80.835111090
v -18.145604948 -24.424952929 -80.893185275
v -18.115830710 -24.441652726 -80.957501454
v -17.940715214 -24.520254165 -80.535945056
v -17.906399821 -24.535226653 -80.598110357
v -17.874698136 -24.550575527 -80.661540422
v -17.845647622 -24.566276950 -80.726139919
v -17.819285516 -24.582307381 -80.791814867
v -17.907956756 -24.574331878 -81.184758586
v -18.048355778 -24.492329801 -81.151080094
v -18.032222646 -24.509935157 -81.217785760
v -18.019422666 -24.527742107 -81.285042034
v -18.009953101 -24.545708536 -81.352738333
v -17.756702025 -24.632137309 -80.994352616
v -17.741465926 -24.649248359 -81.063389566
v -17.729104422 -24.666570710 -81.133032067
v -17.719655112 -24.684079256 -81.203182576
v -17.713153968 -24.701717033 -81.273682466
v -17.900719343 -24.677418271 -81.610685709
v -18.001466286 -24.599860990 -81.556299744
v -18.005239838 -24.618046199 -81.624656966
v -18.012069378 -24.635652085 -81.690902211
v -17.711467521 -24.754887878 -81.486090868
v -17.716897474 -24.772598519 -81.557068204
v -17.725509360 -24.790549796 -81.629185890
v -17.737471367 -24.808730552 -81.702410517
v -18.010549490 -24.776285488 -82.023306200
v -17.822006145 -24.882676170 -82.002385021
v -17.853107916 -24.901200175 -82.078149291
v -17.888515472 -24.919632001 -82.153822478
v -18.074567372 -24.708028622 -81.964242411
v -18.099142036 -24.725857923 -82.031907140
v -18.127613375 -24.743617500 -82.099472327
v -18.230821561 -24.861394276 -82.392534724
v -18.068590368 -24.988349056 -82.441379755
v -18.123002195 -25.003876882 -82.508540990
v -18.268762493 -24.807711052 -82.345694708
v -18.312457683 -24.822733236 -82.404397031
v -18.543997777 -24.924564867 -82.692573546
v -18.416629586 -25.064339875 -82.784097213
v -18.482301417 -25.073889069 -82.831002272
v -18.569034323 -24.886730321 -82.662462438
v -18.629155808 -24.897513166 -82.707840648
v -18.928061178 -24.958675124 -82.900960549
v -18.853145118 -25.108413527 -83.026067277
v -18.889388029 -24.931463981 -82.859741804
v -18.958702203 -24.937531349 -82.890061372
v -19.350952936 -24.120483961 -80.024591766
v -19.203387091 -24.127206281 -80.045792928
v -19.339912541 -23.981435949 -79.952931616
v -19.058768962 -24.138335894 -80.080894014
v -19.181416020 -23.988656213 -79.975703216
v -18.918535755 -24.153762194 -80.129546192
v -19.026085562 -24.000610232 -80.013404352
v -18.784081096 -24.173331877 -80.191265961
v -18.875464831 -24.017179208 -80.065660354
v -18.656741186 -24.196850460 -80.265439954
v -18.731050683 -24.038198480 -80.131951904
v -18.537781520 -24.224084218 -80.351331035
v -18.594278297 -24.063459160 -80.211620203
v -18.428384309 -24.254762502 -80.448085625
v -18.466506906 -24.092710209 -80.303873512
v -18.329636736 -24.288580436 -80.554742185
v -18.349006293 -24.125660933 -80.407795026
v -18.242520145 -24.325201938 -80.670240768
v -18.242944169 -24.161983869 -80.522351979
v -18.167900296 -24.364263067 -80.793433560
v -18.149374573 -24.201318044 -80.646405914
v -18.106518754 -24.405375636 -80.923096279
v -18.069227392 -24.243272556 -80.778723991
v -18.058985526 -24.448131072 -81.057940346
v -18.003299122 -24.287430465 -80.917991244
v -18.025772992 -24.492104475 -81.196625691
v -17.952244955 -24.333352934 -81.062823645
v -17.916572262 -24.380583587 -81.211781859
v -17.896635556 -24.428653051 -81.363385552
v -17.892632967 -24.477083614 -81.516128098
v -17.904604272 -24.525393978 -81.668491551
v -17.932430502 -24.573104036 -81.818961737
v -17.975835120 -24.619739651 -81.966043292
v -18.034386775 -24.664837361 -82.108274531
v -18.107503586 -24.707948989 -82.244241972
v -18.194458923 -24.748646094 -82.372594379
v -18.294388630 -24.786524231 -82.492056196
v -18.406299612 -24.821206970 -82.601440221
v -18.529079709 -24.852349638 -82.699659402
v -18.661508738 -24.879642739 -82.785737646
v -18.802270632 -24.902815038 -82.858819513
v -18.949966508 -24.921636251 -82.918178720
v -19.103128576 -24.935919332 -82.963225361
v -19.260234723 -24.945522338 -82.993511765
v -20.756399795 -25.524928035 -81.858895645
v -20.898112931 -25.379755689 -81.506354766
v -20.664304454 -25.541769356 -81.613737505
v -20.743161259 -25.415198172 -81.313678833
v -20.748239102 -25.390221234 -81.254196071
v -20.734383907 -25.441033706 -81.375136435
v -20.722059132 -25.466679898 -81.436081962
v -20.706251829 -25.492023764 -81.496225881
v -20.686983312 -25.517068101 -81.555503634
v -20.914847423 -25.451681758 -81.972541662
v -21.074432346 -25.292027723 -81.574327764
v -21.106612748 -25.124014014 -81.149748738
v -20.926689475 -25.227159862 -81.130401367
v -21.010605337 -24.958742514 -80.733818219
v -20.841433857 -25.076999146 -80.762127937
v -19.324613505 -25.921129969 -82.314636805
v -19.282931301 -25.922867767 -82.307179866
v -20.792353022 -24.807170825 -80.361094796
v -20.647623444 -24.939004010 -80.432222875
v -19.366472632 -25.919091000 -82.320752128
v -19.435252770 -25.914853188 -82.327838693
v -20.470983662 -24.678779935 -80.061480048
v -20.362243980 -24.821593675 -80.167239105
v -19.500959609 -25.909770236 -82.331210310
v -20.071039043 -24.581834047 -79.861037997
v -20.007088838 -24.732106840 -79.990321762
v -19.625531711 -24.521206835 -79.775139462
v -19.611473515 -24.674871382 -79.915120299
v -19.169865807 -24.499865402 -79.813142232
v -19.206837271 -24.652522121 -79.949944533
v -18.740541095 -24.516541103 -79.971045192
v -18.825592288 -24.663932485 -80.091241430
v -18.372674615 -24.567969590 -80.238553093
v -18.498922881 -24.706203698 -80.329868700
v -18.094756900 -24.647139466 -80.593553067
v -18.252128947 -24.773109565 -80.646189875
v -17.930556615 -24.745583050 -81.009339352
v -18.106317321 -24.857130693 -81.016489950
v -17.891581475 -24.852754581 -81.452652238
v -18.071706976 -24.948902331 -81.411233946
v -17.982765500 -24.957650121 -81.888787001
v -18.152679375 -25.038652866 -81.799603690
v -18.195008891 -25.049511113 -82.283812803
v -18.341153798 -25.116828581 -82.151468232
v -18.512856894 -25.118263258 -82.605956854
v -18.623406258 -25.174483389 -82.438612993
v -18.909468754 -25.156323913 -82.831304670
v -18.975601875 -25.204883823 -82.639801651
v -19.353868835 -25.157721541 -82.941022939
v -19.370233947 -25.202727094 -82.738310023
v -19.809927971 -25.120437364 -82.928744746
v -19.775219386 -25.166220503 -82.728484218
v -20.240905628 -25.044483362 -82.794507877
v -20.157932201 -25.095374691 -82.610357792
v -20.612769318 -24.934041799 -82.551502543
v -20.488151175 -24.993903551 -82.395643794
v -20.894587231 -24.795104756 -82.218626848
v -20.738408526 -24.867128117 -82.101123944
v -21.065122226 -24.636733308 -81.824458032
v -21.108988298 -24.469010990 -81.400798011
v -19.850480950 -25.785367491 -82.709004032
v -19.811230870 -25.831438086 -82.509650095
v -19.858396480 -25.863085213 -82.290957422
v -19.920671194 -25.851257864 -82.273273855
v -19.795202699 -25.873888716 -82.305495036
v -19.732130445 -25.883509746 -82.316727553
v -19.676457529 -25.891086188 -82.324003265
v -19.627442805 -25.897078876 -82.328401632
v -19.564598793 -25.903872052 -82.331328582
v -20.277414580 -25.706076832 -82.564243855
v -20.190352544 -25.757629285 -82.382178857
v -20.217731572 -25.776176481 -82.135858513
v -20.270209400 -25.758894390 -82.100542500
v -20.166766011 -25.791610076 -82.166540880
v -20.117516001 -25.805396975 -82.193116395
v -20.070121311 -25.817717113 -82.216060176
v -20.024670922 -25.828730834 -82.235799404
v -19.981213426 -25.838580955 -82.252717090
v -20.642361127 -25.592773712 -82.312213613
v -20.514429020 -25.653617053 -82.159450643
v -20.460886402 -25.680264841 -81.931375432
v -20.502313082 -25.658595972 -81.883073427
v -20.416966620 -25.701106944 -81.977235640
v -20.372832007 -25.720200951 -82.018688861
v -20.323917183 -25.739537627 -82.060010750
v -20.638276738 -25.566084021 -81.670749898
v -20.608971942 -25.589969238 -81.726365341
v -20.576471457 -25.613383404 -81.780412447
v -20.540865258 -25.636286718 -81.832725732
v -20.749364004 -26.093979917 -80.919646419
v -20.748205341 -26.008855080 -80.918219841
v -20.747457021 -26.078528184 -80.882767984
v -20.743022379 -25.983680497 -80.858083008
v -20.744280554 -26.063095945 -80.845963820
v -20.739836108 -26.047694268 -80.809262381
v -20.734179165 -25.957936863 -80.796634665
v -20.729271400 -26.021394374 -80.746666579
v -20.721791196 -25.932357855 -80.735705619
v -20.715510901 -25.996111861 -80.686592068
v -20.705890319 -25.906987935 -80.675481200
v -20.698484225 -25.971308833 -80.627787301
v -20.686546305 -25.881903765 -80.616222162
v -20.682824243 -25.952089089 -80.582366933
v -20.663791881 -25.857133222 -80.558021845
v -20.662468742 -25.930380137 -80.531270948
v -20.637688727 -25.832746717 -80.501049200
v -20.636034844 -25.905926735 -80.474050019
v -20.608314091 -25.808817924 -80.445480156
v -20.605853714 -25.881568832 -80.417489479
v -20.575782542 -25.785427929 -80.391527772
v -20.572345285 -25.857704070 -80.362554138
v -20.540152780 -25.762595575 -80.339292203
v -20.536002604 -25.834639260 -80.309958572
v -20.507465988 -25.818149076 -80.272686008
v -20.501523787 -25.740364325 -80.288932567
v -20.475283593 -25.800961408 -80.234148424
v -20.460048179 -25.718792327 -80.240654093
v -20.439057016 -25.783121403 -80.194529841
v -20.415846331 -25.697906694 -80.194596744
v -20.398318217 -25.764662874 -80.154034259
v -20.369002941 -25.677736418 -80.150850352
v -20.352554105 -25.745634526 -80.112932485
v -20.319649156 -25.658330534 -80.109545630
v -20.301280650 -25.726130495 -80.071635313
v -20.267924946 -25.639736496 -80.070807757
v -20.250248814 -25.708356424 -80.034875557
v -20.213977739 -25.621999579 -80.034754858
v -20.194031124 -25.690429532 -79.998794650
v -20.157960777 -25.605162347 -80.001496732
v -20.138819999 -25.674320605 -79.967385592
v -20.100053072 -25.589267767 -79.971145264
v -20.080383837 -25.658720567 -79.938070811
v -20.040493779 -25.574346357 -79.943828795
v -20.020306762 -25.644094520 -79.911789504
v -19.979362776 -25.560387109 -79.919588367
v -19.958761549 -25.630473060 -79.888616352
v -19.916833845 -25.547404632 -79.898505202
v -19.895794945 -25.617852140 -79.868581641
v -19.853136968 -25.535429955 -79.880661530
v -19.831677818 -25.606242979 -79.851796623
v -19.788434176 -25.524496724 -79.866098406
v -19.766628582 -25.595669581 -79.838322640
v -19.722880387 -25.514623704 -79.854854470
v -19.700835589 -25.586151174 -79.828198255
v -19.656665579 -25.505832290 -79.846968535
v -19.634490245 -25.577704017 -79.821452415
v -19.590062858 -25.498143376 -79.842474524
v -19.567784903 -25.570341165 -79.818104120
v -19.523177523 -25.491540257 -79.841385491
v -19.500910734 -25.564072367 -79.818162441
v -19.456201643 -25.486013253 -79.843717730
v -19.433998615 -25.558899813 -79.821631387
v -19.389350454 -25.481550763 -79.849475168
v -19.367226488 -25.554818372 -79.828514738
v -19.322857656 -25.478147611 -79.858640885
v -19.300859483 -25.551817067 -79.838795910
v -19.256848594 -25.475807198 -79.871197175
v -19.235087774 -25.549876644 -79.852450148
v -19.191513985 -25.474536073 -79.887111999
v -19.170027573 -25.548975153 -79.869463558
v -19.127137877 -25.474332526 -79.906314026
v -19.105924003 -25.549102514 -79.889779817
v -19.063838289 -25.475174465 -79.928767913
v -19.042974164 -25.550252452 -79.913335330
v -19.001764387 -25.477038820 -79.954428794
v -18.981358079 -25.552415705 -79.940060268
v -18.941095638 -25.479899776 -79.983233409
v -18.921173217 -25.555589502 -79.969915621
v -18.882009353 -25.483728458 -80.015108650
v -18.862671134 -25.559744971 -80.002785225
v -18.824678662 -25.488493111 -80.049972216
v -18.806018099 -25.564838248 -80.038581262
v -18.769270617 -25.494159386 -80.087733605
v -18.751317295 -25.570829630 -80.077250513
v -18.715991946 -25.500692295 -80.128254842
v -18.698740566 -25.577676293 -80.118687663
v -18.665031798 -25.508077390 -80.171375844
v -18.648483798 -25.585340976 -80.162743411
v -18.616445290 -25.516285726 -80.217049384
v -18.600688987 -25.593790603 -80.209291653
v -18.570373737 -25.525271391 -80.265155250
v -18.555491859 -25.602989626 -80.258198200
v -18.526953042 -25.534985770 -80.315564584
v -18.513020309 -25.612900365 -80.309322221
v -18.486312023 -25.545377938 -80.368141142
v -18.473393134 -25.623483410 -80.362517904
v -18.448570972 -25.556395130 -80.422742819
v -18.436713411 -25.634699926 -80.417645324
v -18.413845894 -25.567982303 -80.479213795
v -18.403012258 -25.646508589 -80.474687130
v -18.382286088 -25.580083754 -80.537299671
v -18.372475518 -25.658815724 -80.533357396
v -18.353921440 -25.592680979 -80.596935104
v -18.345187338 -25.671575680 -80.593489600
v -18.328837048 -25.605729230 -80.657952910
v -18.321223167 -25.684741125 -80.654911484
v -18.307119548 -25.619173822 -80.720147797
v -18.300648780 -25.698263513 -80.717446912
v -18.288832667 -25.632950500 -80.783334615
v -18.283519647 -25.712093590 -80.780917844
v -18.274014628 -25.647000065 -80.847390059
v -18.269880664 -25.726181920 -80.845146366
v -18.262711853 -25.661251969 -80.912140159
v -18.259751577 -25.740500600 -80.910072904
v -18.254968338 -25.675620212 -80.977322509
v -18.253185485 -25.754955710 -80.975409628
v -18.250792978 -25.690075135 -81.042838049
v -18.250198949 -25.769477250 -81.040968340
v -18.250201697 -25.704573580 -81.108499315
v -18.250797185 -25.784000734 -81.106584243
v -18.253199205 -25.719069342 -81.174106208
v -18.254982190 -25.798475327 -81.172132130
v -18.259770890 -25.733496422 -81.239412083
v -18.262739438 -25.812836782 -81.237355592
v -18.269903167 -25.747806902 -81.304310806
v -18.274042679 -25.827039548 -81.302068089
v -18.283570797 -25.761935748 -81.368623030
v -18.288870934 -25.841052885 -81.366144402
v -18.300718918 -25.775799487 -81.432107500
v -18.307176764 -25.854823459 -81.429367602
v -18.321292834 -25.789330277 -81.494596801
v -18.328899019 -25.868278428 -81.491541804
v -18.345175038 -25.802453260 -81.555793133
v -18.353971696 -25.881348348 -81.552499560
v -18.370876198 -25.814517866 -81.612657079
v -18.382375566 -25.893989709 -81.612187285
v -18.401124882 -25.826793524 -81.671218202
v -18.413984133 -25.906125656 -81.670328923
v -18.432572174 -25.837921907 -81.725035379
v -18.448702199 -25.917710859 -81.726759697
v -18.468515337 -25.849080739 -81.779839640
v -18.486426239 -25.928702013 -81.781321804
v -18.504914628 -25.859034908 -81.829593304
v -18.527043693 -25.939057454 -81.833862531
v -18.541278568 -25.867857052 -81.874617144
v -18.570434246 -25.948737576 -81.884235924
v -18.577248922 -25.875639414 -81.915300923
v -18.616471358 -25.957705168 -81.932304211
v -18.612574854 -25.882484305 -81.952052271
v -18.647062988 -25.888486965 -81.985245350
v -18.665121722 -25.965934306 -81.978028157
v -18.696239424 -25.896016612 -82.028535536
v -18.716183229 -25.973340875 -82.021218895
v -18.748088338 -25.902807730 -82.069645112
v -18.769480190 -25.979884361 -82.061733310
v -18.801939005 -25.908748903 -82.108003755
v -18.824856788 -25.985537064 -82.099460634
v -18.855393359 -25.913631304 -82.142175145
v -18.882150385 -25.990273771 -82.134297702
v -18.915282990 -25.918001179 -82.176287679
v -18.941193299 -25.994072012 -82.166150127
v -18.973547002 -25.921216489 -82.205608351
v -19.001814744 -25.996912206 -82.194933164
v -19.033979580 -25.923522648 -82.232310055
v -19.063892824 -25.998778391 -82.220591520
v -19.093028341 -25.924802001 -82.254997253
v -19.127272421 -25.999639956 -82.243061722
v -19.155454096 -25.925145406 -82.275537168
v -19.191698929 -25.999464264 -82.262260147
v -19.218801888 -25.924485174 -82.292933418
v -19.256986219 -25.998227368 -82.278143337
v -19.323018565 -25.995905983 -82.290689127
v -19.389550493 -25.992494290 -82.299852037
v -19.456375420 -25.987999785 -82.305607371
v -19.523301195 -25.982432969 -82.307943434
v -19.590222532 -25.975799430 -82.306854355
v -19.656861638 -25.968106398 -82.302347768
v -19.723026803 -25.959345899 -82.294450191
v -19.788593863 -25.949502754 -82.283184891
v -19.853369527 -25.938580584 -82.268586004
v -19.917108278 -25.926608820 -82.250711149
v -19.979628075 -25.913612312 -82.229618480
v -20.040749240 -25.899619090 -82.205375903
v -20.100296470 -25.884660038 -82.178060415
v -20.158100688 -25.868768473 -82.147757127
v -20.214005934 -25.851977976 -82.114554700
v -20.267979536 -25.834258777 -82.078472415
v -20.319727472 -25.815670217 -82.039705954
v -20.369103942 -25.796256795 -81.998372094
v -20.415968729 -25.776065845 -81.954596113
v -20.460188850 -25.755147013 -81.908510524
v -20.501639954 -25.733551657 -81.860253574
v -20.540207404 -25.711332193 -81.809967553
v -20.575846413 -25.688495840 -81.757705994
v -20.608389460 -25.665113745 -81.703712750
v -20.637740619 -25.641231573 -81.648160928
v -20.663823909 -25.616888631 -81.591208339
v -20.686585877 -25.592111049 -81.532970707
v -20.705933707 -25.566991339 -81.473681437
v -20.721815445 -25.541599151 -81.413513130
v -20.734198670 -25.515982468 -81.352586302
v -20.743039291 -25.490216342 -81.291105138
v -20.748208059 -25.465101179 -81.231063608
v -17.711085167 -26.764005508 -80.842567100
v -17.717665205 -26.785508976 -80.928769379
v -17.763640982 -26.848816412 -81.183460755
v -17.787639902 -26.869385013 -81.266704549
v -17.913487084 -26.709082963 -81.059910457
v -17.728632166 -26.806838527 -81.014388717
v -17.743964581 -26.827954294 -81.099320660
v -18.017252641 -26.790555645 -81.400869845
v -17.815939873 -26.889620233 -81.348947590
v -17.846580279 -26.908413472 -81.425654076
v -17.881043312 -26.926864782 -81.501343029
v -17.918373793 -26.944446093 -81.573971008
v -17.957604938 -26.960850564 -81.642298844
v -18.196683787 -26.862324642 -81.711225304
v -18.002631000 -26.977621997 -81.712826642
v -18.048473900 -26.992883606 -81.777699049
v -18.094317383 -27.006643742 -81.836850065
v -18.144747678 -27.020329623 -81.896404162
v -18.200023452 -27.033852244 -81.956074072
v -18.561585671 -26.778896344 -81.876793190
v -18.443219415 -26.919356702 -81.975102729
v -18.260712204 -27.047167198 -82.015821882
v -18.327050361 -27.060111169 -82.075163431
v -18.391666822 -27.071279250 -82.127699106
v -18.453862430 -27.080816147 -82.173878212
v -18.828399132 -26.810177391 -82.059455884
v -18.743687211 -26.957636208 -82.179837484
v -18.519940756 -27.089756182 -82.218662712
v -18.589954448 -27.097993706 -82.261715438
v -18.663956154 -27.105423074 -82.302699220
v -18.741996569 -27.111938477 -82.341275975
v -18.822877925 -27.117352231 -82.376595617
v -19.129790497 -26.821803218 -82.180129035
v -19.083094372 -26.973781294 -82.314763685
v -18.905408950 -27.121550465 -82.408081783
v -18.989380832 -27.124516239 -82.435681054
v -19.074584760 -27.126232615 -82.459340009
v -19.160811920 -27.126682655 -82.479005227
v -19.247853501 -27.125849421 -82.494623289
v -19.450074650 -26.812118160 -82.233590937
v -19.443777349 -26.965927463 -82.374000993
v -19.335500690 -27.123715973 -82.506140773
v -19.423512780 -27.120266859 -82.513502765
v -19.510871182 -27.115541679 -82.516674775
v -19.597059027 -27.109605099 -82.515792560
v -19.681928338 -27.102511991 -82.511031571
v -19.772929372 -26.780185218 -82.216886433
v -19.807355133 -26.933019525 -82.354221502
v -19.765331137 -27.094317227 -82.502567259
v -19.847119447 -27.085075678 -82.490575075
v -19.927145290 -27.074842216 -82.475230470
v -20.005260690 -27.063671712 -82.456708895
v -20.081855653 -26.726594622 -82.131877020
v -20.155247621 -26.875722160 -82.257521510
v -20.081317668 -27.051619038 -82.435185800
v -20.154525606 -27.038856130 -82.411071132
v -20.223867158 -27.025650310 -82.384994595
v -20.289369240 -27.012115501 -82.357298160
v -20.362956694 -26.995597376 -82.322400831
v -20.436357190 -26.977630576 -82.283313807
v -20.360824296 -26.652667303 -81.982728712
v -20.469403785 -26.795522913 -82.088592506
v -20.497090726 -26.961544118 -82.247487807
v -20.563396646 -26.942604280 -82.204469324
v -20.633634633 -26.920810972 -82.154046829
v -20.693869875 -26.900536966 -82.106443113
v -20.747720764 -26.881009783 -82.060074582
v -20.595862144 -26.561119758 -81.778008923
v -20.734087973 -26.695480925 -81.857082551
v -20.798226686 -26.861324313 -82.012848845
v -20.854563548 -26.837566785 -81.955282065
v -20.910369245 -26.811842302 -81.892327601
v -20.956301797 -26.788723460 -81.835267328
v -20.998337304 -26.765722521 -81.778102303
v -20.774478078 -26.455262890 -81.528159729
v -20.935233506 -26.579324717 -81.574750823
v -21.036639315 -26.742922854 -81.721098074
v -21.077903792 -26.715946317 -81.653279143
v -21.117029909 -26.687431458 -81.581236168
v -21.148420527 -26.661837452 -81.516304695
v -21.176754952 -26.635925015 -81.450330308
v -20.888053088 -26.339389652 -81.246720447
v -21.063134223 -26.451888732 -81.256844412
v -21.202010911 -26.609713944 -81.383387158
v -21.224166134 -26.583224036 -81.315549398
v -21.243198350 -26.556475088 -81.246891181
v -21.259085286 -26.529486898 -81.177486658
v -21.271804672 -26.502279262 -81.107409982
v -20.930162336 -26.218130910 -80.948296111
v -21.290242638 -26.386617899 -80.808786243
v -21.110554893 -26.318387944 -80.919810550
v -21.285538176 -26.355630901 -80.728741407
v -21.281334238 -26.474871978 -81.036735305
v -21.287651710 -26.447284842 -80.965536779
v -21.290814689 -26.418427888 -80.890996706
v -20.899285559 -26.096487118 -80.648657387
v -21.075783495 -26.184453539 -80.581409124
v -21.277152991 -26.325976589 -80.652222937
v -21.264167727 -26.294776046 -80.571838002
v -21.248016025 -26.265474612 -80.496485370
v -21.229460261 -26.238190869 -80.426459791
v -21.206742124 -26.210110103 -80.354542025
v -20.796364703 -25.979471719 -80.363615904
v -20.959880787 -26.055731326 -80.259446151
v -21.179436540 -26.181216460 -80.280717705
v -21.146397856 -26.150930478 -80.203564372
v -21.111159960 -26.122548892 -80.131553714
v -21.074635342 -26.096259934 -80.065165656
v -21.033242406 -26.069410101 -79.997727431
v -20.627285971 -25.871780520 -80.107981512
v -20.769475423 -25.937509415 -79.970599514
v -20.986681267 -26.042139620 -79.929668360
v -20.940109575 -26.017352430 -79.868239204
v -20.894227443 -25.994934242 -79.813078996
v -20.844421251 -25.972489391 -79.758274795
v -20.791265856 -25.950381743 -79.704767881
v -20.400167420 -25.777794773 -79.895572009
v -20.513709427 -25.834721684 -79.730429907
v -20.735630097 -25.928991589 -79.653524259
v -20.677632978 -25.908348281 -79.604636190
v -20.617392445 -25.888480715 -79.558194812
v -20.555026446 -25.869417788 -79.514291262
v -20.490652924 -25.851188397 -79.473016679
v -20.127110279 -25.700955149 -79.737238740
v -20.206210409 -25.751242791 -79.551157403
v -20.424389828 -25.833821439 -79.434462200
v -20.356355104 -25.817345811 -79.398718963
v -20.286667129 -25.801790557 -79.365878459
v -20.215466486 -25.787185211 -79.336029967
v -20.142905393 -25.773543817 -79.309215918
v -20.069131488 -25.760875628 -79.285465600
v -19.821765532 -25.644123889 -79.642008772
v -19.862351209 -25.690296003 -79.442947693
v -19.994292404 -25.749189894 -79.264808303
v -19.918535779 -25.738495868 -79.247273315
v -19.842009248 -25.728802803 -79.232889925
v -19.764860446 -25.720119950 -79.221687423
v -19.687237009 -25.712456561 -79.213695096
v -19.500000000 -25.608790095 -79.614578505
v -19.500000000 -25.653558249 -79.411089552
v -19.609408118 -25.705830577 -79.208946475
v -19.533445380 -25.700360563 -79.207442689
v -19.460130489 -25.696008944 -79.208923892
v -19.389570540 -25.692681690 -79.213078897
v -19.308685918 -25.689908754 -79.221156167
v -19.178234468 -25.595717646 -79.657357093
v -19.137648791 -25.641889760 -79.458296014
v -19.226173017 -25.688231351 -79.233080839
v -19.156398737 -25.687726509 -79.246109796
v -19.070282803 -25.688267683 -79.265984465
v -18.983312186 -25.690130167 -79.290421520
v -18.906593203 -25.692874766 -79.315742132
v -18.872889721 -25.604142662 -79.767935382
v -18.793789591 -25.654430304 -79.581854045
v -18.834638097 -25.696433864 -79.342881534
v -18.766260166 -25.700752323 -79.371897022
v -18.701423457 -25.705736613 -79.402485447
v -18.628243192 -25.712464972 -79.440841000
v -18.554806306 -25.720470876 -79.483714691
v -18.599832580 -25.632576043 -79.941616972
v -18.486290573 -25.689502954 -79.776474870
v -18.493620274 -25.728168611 -79.523056707
v -18.426250451 -25.737805450 -79.570511289
v -18.360800805 -25.748423074 -79.621154703
v -18.297662749 -25.759940769 -79.674714990
v -18.233260365 -25.773157522 -79.734770804
v -18.372714029 -25.678155546 -80.169374797
v -18.230524577 -25.743884442 -80.031992798
v -18.178100141 -25.785825824 -79.791218022
v -18.125651065 -25.799200404 -79.849867880
v -18.075967807 -25.813255952 -79.910654623
v -18.029105036 -25.827967156 -79.973512498
v -17.985117423 -25.843308705 -80.038375750
v -18.203635297 -25.737440502 -80.440357508
v -18.040119213 -25.813700109 -80.336187755
v -17.944059639 -25.859255285 -80.105178628
v -17.905986353 -25.875781587 -80.173855376
v -17.869885718 -25.893417372 -80.246591039
v -17.834527854 -25.913155139 -80.327428447
v -17.804360697 -25.932701780 -80.407053251
v -18.100714441 -25.806049658 -80.740747314
v -17.924216505 -25.894016079 -80.673499050
v -17.779354666 -25.951711961 -80.484179077
v -17.757088396 -25.972043026 -80.566390890
v -17.739955686 -25.991452268 -80.644658341
v -17.727318101 -26.009807043 -80.718509000
v -17.717692331 -26.028989569 -80.795542331
v -18.069837665 -25.879287208 -81.055734361
v -17.889445108 -25.979544242 -81.027248800
v -17.711391449 -26.049194604 -80.876530720
v -17.708917173 -26.069479238 -80.957706783
v -17.710255105 -26.089490066 -81.037783629
v -17.715924413 -26.110995054 -81.123930530
v -17.725490609 -26.131493038 -81.206191230
v -18.111946912 -25.952139706 -81.369507015
v -17.936865777 -26.064638785 -81.379630981
v -17.738291518 -26.150766018 -81.283706683
v -17.755570273 -26.170731022 -81.364212084
v -17.777815872 -26.191301879 -81.447410746
v -17.802464323 -26.210245062 -81.524278173
v -17.828064029 -26.227177711 -81.593259025
v -18.225521920 -26.019606698 -81.666294610
v -18.064766491 -26.143668524 -81.712885703
v -17.856615972 -26.243769104 -81.661163755
v -17.888059140 -26.259982990 -81.727878030
v -17.922332522 -26.275783117 -81.793287520
v -17.959375106 -26.291133232 -81.857277891
v -17.999125880 -26.305997084 -81.919734813
v -18.404137856 -26.077057325 -81.931492134
v -18.265912027 -26.211418492 -82.010565761
v -18.041523832 -26.320338420 -81.980543952
v -18.086507950 -26.334120989 -82.039590978
v -18.134017198 -26.347308540 -82.096761561
v -18.183978862 -26.359867456 -82.151949487
v -18.236290168 -26.371771868 -82.205073055
v -18.290843592 -26.382997320 -82.256055137
v -18.639175714 -26.120198636 -82.151560275
v -18.530596226 -26.263054248 -82.257424073
v -18.347531609 -26.393519357 -82.304818604
v -18.406246693 -26.403313523 -82.351286328
v -18.466881319 -26.412355362 -82.395381181
v -18.529327964 -26.420620419 -82.437026035
v -18.593479101 -26.428084238 -82.476143762
v -18.918144347 -26.145719702 -82.316056872
v -18.844752379 -26.294847240 -82.441701362
v -18.659226981 -26.434722341 -82.512657116
v -18.725281730 -26.440414257 -82.545934406
v -18.790350652 -26.445110303 -82.575571921
v -18.866840933 -26.449533165 -82.606635969
v -18.947109496 -26.452961048 -82.635076386
v -19.227070593 -26.150904018 -82.416414489
v -19.178844813 -26.456351562 -82.695130149
v -19.192644827 -26.303738320 -82.553749544
v -19.260514392 -26.455352691 -82.708999160
v -19.348805006 -26.453010572 -82.719949692
v -19.016910218 -26.454975754 -82.656514716
v -19.097140533 -26.456222587 -82.677539360
v -19.549925350 -26.134430754 -82.448467432
v -19.556222651 -26.288240057 -82.588877488
v -19.432293256 -26.449585260 -82.726471566
v -19.512862398 -26.445160565 -82.729223116
v -19.590388556 -26.439858669 -82.728579016
v -19.664747856 -26.433801752 -82.724913941
v -19.735816423 -26.427111995 -82.718602567
v -19.870209635 -26.095709707 -82.410354289
v -19.916905776 -26.247687801 -82.544988994
v -19.816580520 -26.418420970 -82.708063345
v -19.898036094 -26.408452184 -82.693753437
v -19.978974923 -26.397305809 -82.675801919
v -20.059027346 -26.385006060 -82.654289402
v -20.129172111 -26.373134479 -82.632216345
v -20.171600868 -26.035677498 -82.305029021
v -20.256312789 -26.183136315 -82.425410620
v -20.198072908 -26.360420582 -82.607451591
v -20.265666523 -26.346871212 -82.580028020
v -20.331889744 -26.332493213 -82.549978515
v -20.396679359 -26.317293429 -82.517335958
v -20.459972155 -26.301278704 -82.482133230
v -20.521704919 -26.284455881 -82.444403214
v -20.438413838 -25.955989689 -82.137713014
v -20.556780031 -26.096449982 -82.236022347
v -20.581814439 -26.266831804 -82.404178791
v -20.640276102 -26.248401002 -82.361463667
v -20.699848090 -26.228189957 -82.313945796
v -20.761560434 -26.205525049 -82.259953652
v -20.818119885 -26.182962314 -82.205594557
v -20.657336374 -25.859650769 -81.917881966
v -20.803316213 -25.991012263 -81.987495083
v -20.869233875 -26.160852593 -82.151826181
v -20.920006041 -26.136990334 -82.093313814
v -20.969914482 -26.111332928 -82.029909141
v -21.018437297 -26.083837764 -81.961463844
v -21.060491770 -26.057485616 -81.895430760
v -20.816671906 -25.750226960 -81.656783188
v -20.982749425 -25.870839200 -81.692494813
v -21.097157569 -26.032119556 -81.831500685
v -21.134490496 -26.003367131 -81.758646249
v -21.167695817 -25.974420336 -81.684991076
v -21.196233154 -25.945939606 -81.612289397
v -21.222588292 -25.915208977 -81.533634546
v -20.908813216 -25.632182474 -81.368496122
v -21.086512916 -25.740958097 -81.366876878
v -21.243720336 -25.885668309 -81.457851957
v -21.260096883 -25.857587097 -81.385676338
v -21.273488897 -25.828116986 -81.309802951
v -21.283428451 -25.797297644 -81.230329629
v -21.289343704 -25.765917331 -81.149325992
v -20.928419902 -25.510272346 -81.068017417
v -21.108592679 -25.606723762 -81.027529520
v -21.291062800 -25.734467628 -81.068109691
v -21.288592059 -25.703010915 -80.986877614
v -21.281937800 -25.671609571 -80.905826646
v -21.271106343 -25.640325977 -80.825153674
v -20.875129488 -25.389516903 -80.771180410
v -21.048580514 -25.473789757 -80.692283204
v -21.256104007 -25.609222512 -80.745055582
v -21.236937114 -25.578361556 -80.665729258
v -21.213612300 -25.547805610 -80.587371889
v -21.186175511 -25.517622591 -80.510193198
v -21.154727280 -25.487872578 -80.434379984
v -20.751038702 -25.274897518 -80.493695586
v -20.908837621 -25.347765778 -80.378830045
v -21.119368558 -25.458610549 -80.360105648
v -21.080200300 -25.429891486 -80.287543591
v -21.037323460 -25.401770369 -80.216867213
v -20.990838989 -25.374302178 -80.148249917
v -20.940847843 -25.347541893 -80.081865103
v -20.563103177 -25.170974458 -80.249945325
v -20.697196976 -25.233787297 -80.103366534
v -20.887505026 -25.321569091 -80.017947412
v -20.832193479 -25.296965408 -79.957961925
v -20.775752012 -25.273923537 -79.902356275
v -20.718542422 -25.252398450 -79.850979039
v -20.660926506 -25.232345121 -79.803678794
v -20.320432371 -25.081947144 -80.053173957
v -20.423917052 -25.136583428 -79.880807568
v -20.603266063 -25.213718522 -79.760304116
v -20.545922889 -25.196473628 -79.720703583
v -20.478039288 -25.177540207 -79.677951609
v -20.406544262 -25.159164343 -79.637337162
v -20.344224808 -25.144336653 -79.605343475
v -20.035892125 -25.010992731 -79.913401737
v -20.103486515 -25.059732073 -79.722437299
v -20.270669876 -25.128159091 -79.571402433
v -20.192700240 -25.112482771 -79.539684238
v -20.124111983 -25.099873941 -79.515211702
v -20.057287109 -25.088597520 -79.494306993
v -19.979781131 -25.076704424 -79.473534964
v -19.723760762 -24.960678677 -79.838726034
v -19.751984674 -25.006124534 -79.637374452
v -19.899840083 -25.065706816 -79.455856707
v -19.818515494 -25.055774579 -79.441622197
v -19.728750079 -25.046200392 -79.430139491
v -19.645373539 -25.038551254 -79.423343009
v -19.562162429 -25.032113860 -79.420272492
v -19.400210125 -24.932155930 -79.832776760
v -19.387623197 -24.977056934 -79.629706795
v -19.479014964 -25.026861416 -79.420898942
v -19.396034656 -25.022786123 -79.425213039
v -19.313325018 -25.019880181 -79.433205463
v -19.230989561 -25.018135790 -79.444866894
v -19.149131797 -25.017545150 -79.460188013
v -19.081797297 -24.925840300 -79.896865316
v -19.029047582 -24.972997530 -79.700911143
v -19.067855239 -25.018100463 -79.479159499
v -18.987075225 -25.019799693 -79.501828040
v -18.904529455 -25.022751658 -79.529048796
v -18.828462641 -25.026597941 -79.557950958
v -18.758882366 -25.031104068 -79.587788460
v -18.784726785 -24.940623561 -80.027496531
v -18.694506282 -24.992698312 -79.847051463
v -18.688521141 -25.036671023 -79.621478108
v -18.617649195 -25.043367582 -79.659239694
v -18.546536758 -25.051262526 -79.701293013
v -18.475454060 -25.060424632 -79.747857857
v -18.404671329 -25.070922680 -79.799154020
v -18.524483091 -24.974685711 -80.218930396
v -18.401436927 -25.034109713 -80.061663733
v -18.339226183 -25.081965337 -79.851368902
v -18.275398733 -25.094099381 -79.907232471
v -18.215101537 -25.106953426 -79.965165098
v -18.159471129 -25.120182451 -80.023761091
v -18.314023260 -25.024883675 -80.461254133
v -18.164430887 -25.093692208 -80.333584836
v -18.103384301 -25.135067570 -80.088699184
v -18.053181216 -25.149946364 -80.152745521
v -18.008724827 -25.164587978 -80.215060799
v -17.965400229 -25.180458628 -80.281923405
v -17.923686801 -25.197578407 -80.353358105
v -18.164624926 -25.087530028 -80.742838174
v -17.996188296 -25.167293260 -80.649718314
v -17.884687454 -25.215648941 -80.428133745
v -17.848905861 -25.234531383 -80.505724137
v -17.816598634 -25.254182178 -80.585994891
v -17.788022386 -25.274557772 -80.668811620
v -17.765705839 -25.293479515 -80.745412413
v -18.083375549 -25.158083022 -81.049358546
v -17.904690584 -25.249798252 -80.993933450
v -17.748537167 -25.310954639 -80.815942301
v -17.734272654 -25.328827865 -80.887903657
v -17.723048675 -25.347076047 -80.961225062
v -17.715030156 -25.365589746 -81.035496175
v -17.710315083 -25.384190487 -81.110043445
v -18.075063315 -25.231734185 -81.365650068
v -17.895329892 -25.335792200 -81.349152213
v -17.708892180 -25.402833170 -81.184722922
v -17.710748958 -25.421474855 -81.259399178
v -17.715872930 -25.440072601 -81.333936786
v -17.724251607 -25.458583467 -81.408200318
v -17.735872503 -25.476964513 -81.482054346
v -17.750723129 -25.495172796 -81.555363441
v -18.139469495 -25.303462467 -81.675877117
v -17.967859902 -25.419620724 -81.697541566
v -17.768790999 -25.513165378 -81.627992176
v -17.789843460 -25.530731130 -81.699133893
v -17.813399013 -25.547594683 -81.767703232
v -17.839218950 -25.563752040 -81.833682659
v -17.867067700 -25.579202063 -81.897065956
v -18.273923101 -25.368311657 -81.964408566
v -18.119272722 -25.495702467 -82.021498759
v -17.902832554 -25.596806802 -81.969690267
v -17.943889598 -25.614671754 -82.043903076
v -17.982586396 -25.629728773 -82.106935546
v -18.022549123 -25.643816236 -82.166396572
v -18.071649085 -25.659438832 -82.233021602
v -18.470951016 -25.421797481 -82.217101708
v -18.341152620 -25.558987533 -82.305097205
v -18.125641300 -25.674814068 -82.299484527
v -18.174924367 -25.687443414 -82.354880805
v -18.224532478 -25.698980454 -82.406242559
v -18.284042983 -25.711453655 -82.462756363
v -18.347690670 -25.723339018 -82.517792107
v -18.720965733 -25.459819121 -82.421023196
v -18.622702774 -25.604857852 -82.533772216
v -18.403861669 -25.732715834 -82.562253303
v -18.469140310 -25.742433228 -82.609602402
v -18.543247202 -25.752067513 -82.658308640
v -18.611502955 -25.759734661 -82.698918975
v -18.678541900 -25.766214696 -82.735132980
v -19.010724305 -25.479337646 -82.566588703
v -18.949009847 -25.629891177 -82.696730554
v -18.746896653 -25.771808486 -82.768513389
v -18.816500540 -25.776504492 -82.799037179
v -18.887286882 -25.780291181 -82.826681325
v -18.959189005 -25.783157015 -82.851422804
v -19.032140231 -25.785090458 -82.873238593
v -19.106073883 -25.786079975 -82.892105668
v -19.147392743 -25.786217628 -82.901272132
v -17.936096961 -26.951866026 -81.428370062
v -17.975705165 -26.971054018 -81.500380422
v -18.018924590 -26.989624785 -81.570444931
v -18.065682667 -27.007523761 -81.638416151
v -18.115826860 -27.024664260 -81.704049488
v -18.169170439 -27.040967901 -81.767105738
v -18.225639788 -27.056416050 -81.827513606
v -18.285162155 -27.070990473 -81.885202955
v -18.347597007 -27.084658910 -81.940037640
v -18.412699265 -27.097362850 -81.991794716
v -18.480333655 -27.109062604 -82.040370853
v -18.550368848 -27.119719243 -82.085666754
v -18.615344668 -27.128386180 -82.123546394
v -18.687472903 -27.136729311 -82.161298260
v -18.759414971 -27.143793406 -82.194765499
v -18.827542264 -27.149386500 -82.222843196
v -18.896952826 -27.154047121 -82.248030120
v -18.967364714 -27.157768036 -82.270228601
v -19.038651377 -27.160536458 -82.289407826
v -19.110691890 -27.162339297 -82.305538964
v -19.183365332 -27.163163466 -82.318593187
v -19.256550779 -27.162995878 -82.328541664
v -19.330127308 -27.161823443 -82.335355567
v -19.403973996 -27.159633073 -82.339006065
v -19.477967337 -27.156411787 -82.339464478
v -19.551871957 -27.152156383 -82.336718111
v -19.625499613 -27.146876829 -82.330778895
v -19.698721296 -27.140583316 -82.321660097
v -19.771407993 -27.133286035 -82.309374989
v -19.843394988 -27.124998338 -82.293945686
v -19.914492693 -27.115731811 -82.275410181
v -19.984572166 -27.105489730 -82.253798637
v -20.053505516 -27.094275255 -82.229141015
v -20.121116526 -27.082099431 -82.201489144
v -20.187110006 -27.069003382 -82.170970206
v -20.251375182 -27.055011211 -82.137654272
v -20.313819813 -27.040144573 -82.101604190
v -20.374351655 -27.024425120 -82.062882808
v -20.543548012 -26.972366425 -81.931319345
v -20.595503039 -26.953453078 -81.882544233
v -20.644897289 -26.933845873 -81.831597304
v -20.776461171 -26.871305544 -81.667185714
v -20.814591608 -26.849311998 -81.608809268
v -20.936988038 -26.756365463 -81.359770149
v -20.959665419 -26.732102766 -81.294293700
v -21.016496837 -26.632223574 -81.024048691
v -21.022004729 -26.606820249 -80.955245437
v -21.009665550 -26.507435670 -80.686020683
v -20.469382626 -26.993965526 -82.025642221
v -20.432878464 -27.007874509 -82.021552974
v -20.489307997 -26.990514392 -81.977677537
v -20.734061036 -26.893925194 -81.794137486
v -20.691558641 -26.913600322 -81.778665038
v -20.735431725 -26.892744265 -81.723832739
v -20.935202179 -26.777770992 -81.511812088
v -20.849767666 -26.826791469 -81.548788708
v -20.881933975 -26.803771797 -81.487209340
v -20.911035164 -26.780280822 -81.424156470
v -21.063100105 -26.650337260 -81.193912784
v -20.979009244 -26.707522365 -81.227850807
v -20.994965199 -26.682651323 -81.160558181
v -21.007478117 -26.657521525 -81.092542773
v -21.110519739 -26.516838858 -80.856886446
v -21.023991185 -26.581359126 -80.886268477
v -21.023637801 -26.568252684 -80.850757176
v -21.022348044 -26.555150015 -80.815254202
v -21.017569698 -26.531244728 -80.750487272
v -21.075749100 -26.382906848 -80.518492573
v -20.919957169 -26.387719541 -80.363768607
v -20.943872038 -26.410609292 -80.425037770
v -20.964783468 -26.433870201 -80.487479857
v -20.983065217 -26.458104387 -80.552733537
v -20.997986036 -26.482533661 -80.618676609
v -20.959848922 -26.254186917 -80.196536795
v -20.791491639 -26.298238763 -80.126302620
v -20.752413896 -26.277339097 -80.071466454
v -20.828787722 -26.320322817 -80.184550697
v -20.863408426 -26.343208738 -80.245183430
v -20.892594698 -26.364834053 -80.302697429
v -20.769447714 -26.135967058 -79.907696630
v -20.619809202 -26.218491975 -79.919247363
v -20.570521099 -26.200162701 -79.872660471
v -20.666496771 -26.237441810 -79.967862786
v -20.710722496 -26.257064992 -80.018626094
v -20.513687301 -26.033181042 -79.667532433
v -20.362577732 -26.137319303 -79.717320679
v -20.303294611 -26.122809195 -79.682796456
v -20.419993933 -26.152675356 -79.754507840
v -20.473796172 -26.168350611 -79.793037804
v -20.527507922 -26.185390251 -79.835472652
v -20.206194995 -25.949703443 -79.488264010
v -20.050289595 -26.073703395 -79.573266648
v -19.983820092 -26.063769864 -79.553421271
v -20.115637399 -26.084598789 -79.596193409
v -20.179708985 -26.096433136 -79.622152699
v -20.242300951 -26.109175390 -79.651047472
v -19.862343300 -25.888757457 -79.380056829
v -19.709607613 -26.034027031 -79.505618170
v -19.639805964 -26.029155205 -79.501754170
v -19.779064467 -26.039930710 -79.512749762
v -19.848036117 -26.046862968 -79.523119722
v -19.916357616 -26.054816706 -79.536693284
v -19.500000000 -25.852019977 -79.348199551
v -19.569818539 -26.025319105 -79.501186775
v -19.500000000 -26.005892455 -79.488741744
v -19.137656700 -25.840351213 -79.395405150
v -19.178250279 -25.992819459 -79.531518607
v -18.793805005 -25.852890956 -79.518960652
v -18.872920536 -26.001242872 -79.642091840
v -18.486312699 -25.887962312 -79.713577396
v -18.599876813 -26.029673666 -79.815765273
v -18.230552286 -25.942342084 -79.969089915
v -18.372769422 -26.075249740 -80.043512283
v -18.040151078 -26.012155700 -80.273278400
v -18.203698998 -26.134530593 -80.314482056
v -17.924250900 -26.092469388 -80.610582500
v -18.100783200 -26.203135189 -80.614857477
v -17.889480262 -26.177995156 -80.964324696
v -18.069907941 -26.276367950 -80.929829424
v -17.936899895 -26.263087313 -81.316699352
v -18.112015119 -26.349215680 -81.243587037
v -18.064797818 -26.342114800 -81.649946968
v -18.225584545 -26.416678167 -81.540360426
v -18.265938964 -26.409862760 -81.947620696
v -18.404191705 -26.474124782 -81.805545295
v -18.530617385 -26.461496861 -82.194473788
v -18.639218013 -26.517262784 -82.025602999
v -18.844766681 -26.493288631 -82.378747222
v -18.918172938 -26.542781406 -82.190091891
v -19.192651536 -26.502178989 -82.490793125
v -19.227084004 -26.547964278 -82.290444953
v -19.556221424 -26.486680535 -82.525920470
v -19.549922897 -26.531490634 -82.322496698
v -19.916896676 -26.446128636 -82.482033102
v -19.870191443 -26.492770300 -82.284385805
v -20.256296281 -26.381578031 -82.362457506
v -20.171567867 -26.432739852 -82.179066090
v -20.556756965 -26.294893062 -82.173073533
v -20.438367726 -26.353054770 -82.011758681
v -20.803287765 -26.189457115 -81.924551862
v -20.657279504 -26.256719395 -81.791938812
v -20.982717061 -26.069286147 -81.629558198
v -20.816607207 -26.147299773 -81.530853241
v -21.086478287 -25.939407351 -81.303947539
v -20.908743989 -26.029259898 -81.242580719
v -21.108557568 -25.805175417 -80.964607755
v -20.928349712 -25.907354571 -80.942117155
v -21.048546713 -25.672243786 -80.629368923
v -20.875061917 -25.786603873 -80.645295112
v -20.908806870 -25.546222030 -80.315922774
v -20.750977228 -25.671988931 -80.367824300
v -20.697170845 -25.432245508 -80.040465443
v -20.563050938 -25.568069788 -80.124086393
v -20.423896885 -25.335043233 -79.817911503
v -20.320392056 -25.479045660 -79.927325072
v -20.103473343 -25.258193026 -79.659544858
v -20.035865792 -25.408093544 -79.787560097
v -19.751979174 -25.204586129 -79.574484035
v -19.723749767 -25.357780773 -79.712888441
v -19.387625650 -25.175518635 -79.566816713
v -19.400215029 -25.329258238 -79.706939836
v -19.029057862 -25.171458792 -79.638019674
v -19.081817846 -25.322941729 -79.771025620
v -18.694523864 -25.191158616 -79.784156971
v -18.784761932 -25.337723074 -79.901650793
v -18.401460905 -25.232568585 -79.998764725
v -18.524531026 -25.371782362 -80.093075628
v -18.164460039 -25.292149250 -80.270680060
v -18.314081537 -25.421976669 -80.335387836
v -17.996221120 -25.365748168 -80.586806805
v -18.164690544 -25.484618754 -80.616958417
v -17.904725405 -25.448250831 -80.931014596
v -18.083445159 -25.555167092 -80.923464104
v -17.895364917 -25.534242373 -81.286225773
v -18.075133334 -25.628813447 -81.239740461
v -17.967893344 -25.618068540 -81.634607689
v -18.139536349 -25.700537016 -81.549952643
v -18.119302859 -25.694148093 -81.958557978
v -18.273983348 -25.765381829 -81.838470291
v -18.341177914 -25.757431250 -82.242150401
v -18.471001582 -25.818863835 -82.091151394
v -18.622721923 -25.803300039 -82.470820589
v -18.721004014 -25.856882418 -82.295063238
v -18.949021873 -25.828332289 -82.633775538
v -19.010748347 -25.876398795 -82.440621969
v -19.648992789 -26.091531471 -79.382135185
v -19.659091922 -26.158468997 -79.253806720
v -19.796538306 -26.098175414 -79.403089159
v -19.816638471 -26.165563285 -79.276181010
v -19.941203338 -26.109176920 -79.437786218
v -19.971109289 -26.177310503 -79.313229930
v -20.081582653 -26.124429126 -79.485889327
v -20.121003891 -26.193596544 -79.364593597
v -20.216312645 -26.143783874 -79.546931225
v -20.264866246 -26.214263209 -79.429773080
v -20.344084590 -26.167053159 -79.620318971
v -20.401298917 -26.239109749 -79.508135244
v -20.463657348 -26.194010950 -79.705339696
v -20.528976639 -26.267894812 -79.598918903
v -20.573869424 -26.224395387 -79.801167536
v -20.646659187 -26.300338788 -79.701242212
v -20.673650252 -26.257911325 -79.906871646
v -20.753203428 -26.336126526 -79.814111232
v -20.762030590 -26.294233199 -80.021425249
v -20.847574423 -26.374910394 -79.936429587
v -20.838151938 -26.333008190 -80.143715605
v -20.928855481 -26.416313659 -80.067009112
v -20.901274875 -26.373859648 -80.272554822
v -20.996257061 -26.459934139 -80.204581398
v -20.950786245 -26.416390756 -80.406691393
v -21.049124444 -26.505348121 -80.347810108
v -20.986205107 -26.460188379 -80.544822357
v -21.086944093 -26.552114464 -80.495303960
v -21.109348638 -26.599778895 -80.645630244
v -21.116120449 -26.647878416 -80.797328733
v -21.107193746 -26.695945803 -80.948925875
v -21.082655240 -26.743514143 -81.098949100
v -21.042743291 -26.790121370 -81.245941126
v -20.987845592 -26.835314758 -81.388474118
v -20.918495403 -26.878655310 -81.525163550
v -20.835366371 -26.919722029 -81.654681664
v -20.739265987 -26.958116005 -81.775770358
v -20.631127741 -26.993464291 -81.887253414
v -20.512002056 -27.025423523 -81.988047917
v -20.383046084 -27.053683260 -82.077174779
v -20.245512464 -27.077968995 -82.153768250
f 1 2 3
f 2 4 3
f 2 5 4
f 5 6 4
f 5 7 6
f 7 8 6
f 7 9 8
f 9 10 8
f 10 11 12
f 9 11 10
f 12 13 14
f 11 13 12
f 14 15 16
f 13 15 14
f 16 17 18
f 15 17 16
f 18 19 20
f 17 19 18
f 19 21 20
f 20 22 23
f 21 22 20
f 23 24 25
f 22 24 23
f 25 26 27
f 24 26 25
f 28 29 30
f 29 31 30
f 27 32 33
f 34 32 26
f 35 32 34
f 36 32 35
f 33 32 37
f 26 32 27
f 38 39 36
f 40 39 38
f 37 39 41
f 41 39 42
f 32 39 37
f 36 39 32
f 43 44 40
f 45 44 43
f 42 44 46
f 46 44 47
f 39 44 42
f 40 44 39
f 45 48 44
f 49 48 45
f 50 48 49
f 44 48 47
f 47 48 51
f 52 53 50
f 54 53 52
f 51 53 55
f 55 53 56
f 50 53 48
f 48 53 51
f 57 58 54
f 59 58 57
f 56 58 60
f 60 58 61
f 54 58 53
f 53 58 56
f 59 62 58
f 61 62 63
f 63 62 64
f 58 62 61
f 64 65 66
f 66 65 67
f 62 65 64
f 62 68 65
f 69 68 59
f 70 68 69
f 59 68 62
f 67 71 72
f 72 71 73
f 65 71 67
f 68 74 65
f 75 74 70
f 30 74 75
f 70 74 68
f 73 76 77
f 77 76 78
f 71 76 73
f 74 79 65
f 30 79 74
f 31 79 30
f 65 79 71
f 80 79 31
f 78 81 82
f 82 81 83
f 76 81 78
f 80 84 79
f 79 84 71
f 85 84 86
f 86 84 80
f 71 84 76
f 81 87 83
f 83 87 88
f 88 87 89
f 76 90 81
f 91 90 92
f 92 90 85
f 85 90 84
f 84 90 76
f 87 93 89
f 89 93 94
f 90 95 81
f 91 95 90
f 81 95 87
f 96 95 97
f 97 95 91
f 93 98 94
f 94 98 99
f 99 98 100
f 87 101 93
f 96 101 95
f 95 101 87
f 102 101 103
f 103 101 96
f 98 104 100
f 100 104 105
f 105 104 106
f 93 107 98
f 101 107 93
f 108 107 109
f 109 107 102
f 102 107 101
f 106 110 111
f 111 110 112
f 112 110 113
f 104 110 106
f 104 114 110
f 98 114 104
f 115 114 116
f 116 114 108
f 107 114 98
f 108 114 107
f 113 117 118
f 118 117 119
f 110 117 113
f 120 121 122
f 122 121 115
f 114 121 110
f 115 121 114
f 119 123 124
f 124 123 125
f 117 123 119
f 120 126 121
f 121 126 110
f 110 126 117
f 127 126 128
f 128 126 120
f 125 129 130
f 130 129 131
f 123 129 125
f 117 132 123
f 126 132 117
f 127 132 126
f 133 132 134
f 134 132 127
f 131 135 136
f 136 135 137
f 129 135 131
f 132 138 123
f 133 138 132
f 139 138 140
f 140 138 133
f 123 138 129
f 135 141 137
f 137 141 142
f 142 141 143
f 129 144 135
f 139 144 138
f 145 144 146
f 146 144 139
f 138 144 129
f 143 147 148
f 148 147 149
f 135 150 141
f 145 150 144
f 141 150 143
f 144 150 135
f 151 150 152
f 152 150 145
f 151 153 150
f 147 153 149
f 154 153 155
f 155 153 151
f 143 153 147
f 150 153 143
f 153 156 149
f 149 156 157
f 157 156 158
f 158 156 159
f 159 156 160
f 160 156 161
f 161 156 162
f 162 156 163
f 163 156 154
f 154 156 153
f 164 165 166
f 164 167 165
f 167 168 165
f 167 169 168
f 168 169 170
f 169 171 170
f 169 172 171
f 172 173 171
f 172 174 173
f 174 175 173
f 174 176 175
f 176 177 175
f 176 178 177
f 177 178 179
f 178 180 179
f 179 180 181
f 180 182 181
f 180 183 182
f 183 184 182
f 183 185 184
f 185 186 184
f 185 187 186
f 187 188 186
f 187 189 188
f 189 190 188
f 189 191 190
f 191 192 190
f 191 193 192
f 193 194 192
f 193 195 194
f 195 196 194
f 195 197 196
f 197 198 196
f 197 199 198
f 199 200 198
f 199 201 200
f 201 202 200
f 201 203 202
f 203 204 202
f 203 205 204
f 205 206 204
f 205 207 206
f 207 208 206
f 207 209 208
f 209 210 208
f 209 211 210
f 211 212 210
f 211 213 212
f 213 214 212
f 213 215 214
f 215 216 214
f 215 217 216
f 217 218 216
f 217 219 218
f 219 220 218
f 219 221 220
f 221 222 220
f 221 223 222
f 223 224 222
f 223 225 224
f 225 226 224
f 225 227 226
f 227 228 226
f 227 229 228
f 229 230 228
f 229 231 230
f 231 232 230
f 231 233 232
f 233 234 232
f 233 235 234
f 235 236 234
f 235 237 236
f 237 238 236
f 237 239 238
f 239 240 238
f 239 241 240
f 241 242 240
f 241 243 242
f 243 244 242
f 243 245 244
f 245 246 244
f 245 247 246
f 247 248 246
f 247 249 248
f 249 250 248
f 249 251 250
f 251 252 250
f 251 253 252
f 253 254 252
f 253 255 254
f 255 256 254
f 255 257 256
f 257 258 256
f 257 259 258
f 259 260 258
f 259 261 260
f 261 262 260
f 261 263 262
f 263 264 262
f 263 265 264
f 265 266 264
f 265 267 266
f 267 268 266
f 267 269 268
f 269 270 268
f 269 271 270
f 271 272 270
f 271 273 272
f 273 274 272
f 273 275 274
f 275 276 274
f 275 277 276
f 277 278 276
f 277 279 278
f 279 280 278
f 279 281 280
f 281 282 280
f 281 283 282
f 283 284 282
f 283 285 284
f 285 286 284
f 285 287 286
f 287 288 286
f 287 289 288
f 289 290 288
f 289 291 290
f 291 292 290
f 291 293 292
f 293 294 292
f 293 295 294
f 295 296 294
f 295 297 296
f 297 298 296
f 297 299 298
f 299 300 298
f 299 301 300
f 301 302 300
f 301 303 302
f 303 304 302
f 303 305 304
f 305 306 304
f 305 307 306
f 307 308 306
f 307 309 308
f 309 310 308
f 309 311 310
f 311 312 310
f 311 313 312
f 313 314 312
f 313 315 314
f 315 316 314
f 315 317 316
f 317 318 316
f 317 319 318
f 319 320 318
f 319 321 320
f 321 322 320
f 321 323 322
f 323 324 322
f 323 325 324
f 325 326 324
f 325 327 326
f 327 328 326
f 327 329 328
f 329 330 328
f 329 331 330
f 331 332 330
f 331 333 332
f 333 334 332
f 333 335 334
f 335 336 334
f 335 337 336
f 337 338 336
f 337 339 338
f 339 340 338
f 340 341 342
f 339 341 340
f 341 343 342
f 341 344 343
f 344 345 343
f 344 346 345
f 346 347 345
f 346 348 347
f 347 349 350
f 348 349 347
f 349 351 350
f 350 351 352
f 351 353 352
f 351 354 353
f 354 355 353
f 354 356 355
f 356 357 355
f 356 358 357
f 358 359 357
f 358 360 359
f 360 361 359
f 360 362 361
f 362 363 361
f 362 364 363
f 364 365 363
f 364 366 365
f 366 367 365
f 366 368 367
f 368 369 367
f 368 370 369
f 370 371 369
f 370 372 371
f 372 373 371
f 372 374 373
f 374 375 373
f 374 376 375
f 376 377 375
f 376 378 377
f 378 379 377
f 378 380 379
f 380 381 379
f 380 382 381
f 382 383 381
f 382 384 383
f 384 385 383
f 384 386 385
f 386 387 385
f 386 388 387
f 388 389 387
f 388 390 389
f 390 391 389
f 390 392 391
f 392 393 391
f 33 394 27
f 394 25 27
f 394 395 25
f 395 23 25
f 395 396 23
f 396 20 23
f 396 397 20
f 397 18 20
f 397 398 18
f 398 16 18
f 398 399 16
f 399 14 16
f 399 400 14
f 400 12 14
f 400 401 12
f 401 10 12
f 401 402 10
f 10 402 8
f 402 403 8
f 8 403 6
f 403 404 6
f 6 404 4
f 404 405 4
f 4 405 3
f 405 406 3
f 3 406 1
f 406 407 1
f 406 408 407
f 408 409 407
f 408 410 409
f 410 411 409
f 410 412 411
f 412 413 411
f 412 414 413
f 414 415 413
f 414 416 415
f 416 417 415
f 416 418 417
f 418 419 417
f 418 420 419
f 420 421 419
f 420 422 421
f 422 423 421
f 422 424 423
f 424 425 423
f 425 426 427
f 424 426 425
f 427 428 429
f 426 428 427
f 428 430 429
f 429 430 431
f 430 432 431
f 431 432 433
f 432 434 433
f 432 435 434
f 435 436 434
f 435 437 436
f 437 438 436
f 437 439 438
f 439 440 438
f 439 441 440
f 441 442 440
f 441 443 442
f 443 444 442
f 443 445 444
f 445 446 444
f 445 447 446
f 446 448 449
f 447 448 446
f 449 450 451
f 448 450 449
f 450 452 451
f 452 453 451
f 452 454 453
f 454 455 453
f 454 456 455
f 456 457 455
f 456 458 457
f 458 459 457
f 458 460 459
f 460 461 459
f 460 462 461
f 461 463 464
f 462 463 461
f 464 465 466
f 463 465 464
f 466 467 468
f 465 467 466
f 467 469 468
f 469 470 468
f 469 471 470
f 470 472 473
f 471 472 470
f 472 474 473
f 474 475 473
f 474 476 475
f 366 477 368
f 477 370 368
f 477 478 370
f 478 372 370
f 478 479 372
f 479 374 372
f 479 480 374
f 480 376 374
f 376 481 378
f 480 481 376
f 378 482 380
f 481 482 378
f 380 483 382
f 482 483 380
f 382 484 384
f 483 484 382
f 384 485 386
f 484 485 384
f 485 486 386
f 386 487 388
f 486 487 386
f 388 488 390
f 487 488 388
f 390 489 392
f 488 489 390
f 392 490 393
f 393 490 491
f 489 490 392
f 492 490 493
f 493 490 489
f 491 494 495
f 492 494 490
f 490 494 491
f 496 494 497
f 497 494 498
f 498 494 492
f 495 499 500
f 500 499 501
f 494 499 495
f 496 499 494
f 502 499 503
f 503 499 496
f 502 504 499
f 501 504 505
f 505 504 506
f 499 504 501
f 507 504 508
f 508 504 502
f 506 509 510
f 510 509 511
f 504 509 506
f 507 509 504
f 512 509 513
f 513 509 507
f 511 514 515
f 515 514 516
f 509 514 511
f 517 514 518
f 518 514 512
f 512 514 509
f 514 519 516
f 517 519 514
f 516 519 520
f 520 519 521
f 521 522 523
f 519 522 521
f 517 524 519
f 525 524 526
f 526 524 517
f 523 527 528
f 528 527 529
f 522 527 523
f 525 530 524
f 524 530 519
f 519 530 522
f 531 530 532
f 532 530 525
f 529 533 534
f 534 533 535
f 527 533 529
f 527 536 533
f 531 536 530
f 530 536 522
f 537 536 538
f 538 536 531
f 522 536 527
f 533 539 535
f 535 539 540
f 540 539 541
f 537 542 536
f 536 542 533
f 543 542 544
f 544 542 537
f 539 545 541
f 541 545 546
f 546 545 547
f 543 548 542
f 549 548 550
f 550 548 543
f 533 548 539
f 542 548 533
f 547 551 552
f 552 551 553
f 545 551 547
f 539 554 545
f 548 554 539
f 549 554 548
f 555 554 556
f 556 554 557
f 557 554 549
f 553 558 559
f 559 558 560
f 551 558 553
f 555 561 554
f 554 561 545
f 562 561 563
f 563 561 555
f 545 561 551
f 560 564 565
f 565 564 566
f 558 564 560
f 561 567 551
f 551 567 558
f 562 567 561
f 568 567 569
f 569 567 562
f 564 570 566
f 566 570 571
f 571 570 572
f 564 573 570
f 574 573 575
f 575 573 568
f 567 573 558
f 568 573 567
f 558 573 564
f 572 576 577
f 577 576 578
f 570 576 572
f 574 579 573
f 573 579 570
f 580 579 581
f 581 579 574
f 578 582 583
f 583 582 584
f 576 582 578
f 570 585 576
f 579 585 570
f 586 585 587
f 587 585 580
f 580 585 579
f 584 588 589
f 589 588 590
f 590 588 591
f 582 588 584
f 585 592 576
f 576 592 582
f 593 592 594
f 594 592 586
f 586 592 585
f 588 595 591
f 591 595 596
f 596 595 597
f 598 599 600
f 582 599 588
f 600 599 593
f 593 599 592
f 592 599 582
f 588 601 595
f 599 601 588
f 598 601 599
f 597 601 602
f 602 601 603
f 603 601 604
f 604 601 605
f 605 601 598
f 595 601 597
f 606 607 608
f 607 609 608
f 608 609 610
f 611 612 606
f 606 612 607
f 610 613 614
f 609 613 610
f 615 616 611
f 611 616 612
f 614 617 618
f 613 617 614
f 619 620 615
f 615 620 616
f 618 621 622
f 617 621 618
f 619 623 620
f 624 623 619
f 622 625 626
f 621 625 622
f 627 628 624
f 624 628 623
f 626 629 630
f 625 629 626
f 631 632 627
f 627 632 628
f 630 633 634
f 629 633 630
f 635 636 631
f 631 636 632
f 634 637 638
f 633 637 634
f 639 640 635
f 635 640 636
f 637 641 638
f 638 641 642
f 643 644 639
f 639 644 640
f 642 645 646
f 641 645 642
f 647 648 643
f 643 648 644
f 646 649 650
f 645 649 646
f 651 652 647
f 647 652 648
f 650 653 654
f 649 653 650
f 655 656 651
f 651 656 652
f 654 657 658
f 653 657 654
f 659 660 655
f 655 660 656
f 658 661 662
f 657 661 658
f 663 664 659
f 659 664 660
f 662 665 666
f 661 665 662
f 667 668 663
f 663 668 664
f 666 161 669
f 665 161 666
f 670 671 667
f 667 671 668
f 161 162 669
f 669 162 672
f 670 673 671
f 674 673 670
f 672 163 675
f 162 163 672
f 676 677 674
f 674 677 673
f 163 154 675
f 675 154 678
f 679 680 676
f 676 680 677
f 678 155 681
f 154 155 678
f 679 682 680
f 683 682 679
f 155 151 681
f 681 151 684
f 683 685 682
f 686 685 683
f 151 152 684
f 684 152 687
f 688 689 686
f 686 689 685
f 152 145 687
f 687 145 690
f 688 691 689
f 692 691 688
f 145 146 690
f 690 146 693
f 694 695 692
f 692 695 691
f 146 139 693
f 693 139 696
f 697 698 694
f 694 698 695
f 696 140 699
f 139 140 696
f 700 701 697
f 697 701 698
f 699 133 702
f 140 133 699
f 703 704 700
f 700 704 701
f 702 134 705
f 133 134 702
f 706 707 703
f 703 707 704
f 134 127 705
f 705 127 708
f 709 710 706
f 706 710 707
f 127 128 708
f 128 711 708
f 709 712 710
f 709 713 712
f 128 120 711
f 120 714 711
f 713 715 712
f 120 122 714
f 713 716 715
f 716 717 715
f 122 718 714
f 115 718 122
f 717 719 720
f 716 719 717
f 115 721 718
f 116 721 115
f 720 722 723
f 719 722 720
f 116 724 721
f 108 724 116
f 723 725 726
f 722 725 723
f 108 727 724
f 109 727 108
f 726 728 729
f 725 728 726
f 109 730 727
f 102 730 109
f 729 731 732
f 728 731 729
f 102 733 730
f 103 733 102
f 732 734 735
f 731 734 732
f 96 736 103
f 103 736 733
f 734 737 735
f 735 737 738
f 96 739 736
f 97 739 96
f 737 740 738
f 738 740 741
f 91 742 97
f 97 742 739
f 740 743 741
f 741 743 744
f 92 745 91
f 91 745 742
f 743 746 744
f 744 746 747
f 29 748 31
f 28 748 29
f 85 749 92
f 92 749 745
f 746 750 747
f 747 750 751
f 86 752 85
f 85 752 749
f 750 753 751
f 751 753 754
f 86 755 752
f 80 755 86
f 753 756 754
f 754 756 757
f 748 758 31
f 80 758 755
f 31 758 80
f 756 759 757
f 757 759 760
f 748 761 758
f 759 762 760
f 760 762 763
f 748 764 761
f 763 765 766
f 762 765 763
f 767 768 748
f 748 768 764
f 765 769 766
f 766 769 770
f 771 772 767
f 767 772 768
f 769 773 770
f 770 773 774
f 775 776 771
f 771 776 772
f 773 777 774
f 774 777 778
f 779 780 775
f 781 780 779
f 775 780 776
f 777 782 778
f 778 782 783
f 781 784 780
f 785 784 781
f 782 786 783
f 783 786 787
f 785 788 784
f 789 788 785
f 786 790 787
f 787 790 791
f 792 793 789
f 789 793 788
f 790 794 791
f 791 794 795
f 792 796 793
f 797 796 792
f 798 796 797
f 794 799 795
f 795 799 800
f 798 801 796
f 802 801 798
f 799 803 800
f 800 803 804
f 802 805 801
f 806 805 802
f 803 807 804
f 804 807 808
f 809 810 806
f 806 810 805
f 807 811 808
f 808 811 812
f 809 813 810
f 814 813 809
f 811 815 812
f 812 815 816
f 817 818 814
f 814 818 813
f 815 819 816
f 816 819 820
f 817 821 818
f 822 821 817
f 819 823 820
f 820 823 824
f 822 825 821
f 826 825 822
f 823 827 824
f 826 827 825
f 824 827 826
f 828 667 663
f 829 830 631
f 829 631 627
f 829 627 624
f 831 829 624
f 831 624 619
f 831 619 615
f 832 831 615
f 833 650 654
f 834 654 658
f 834 658 662
f 834 833 654
f 835 662 666
f 835 666 669
f 835 834 662
f 836 669 672
f 836 672 675
f 836 835 669
f 837 836 675
f 837 675 678
f 838 839 727
f 838 727 730
f 838 730 733
f 840 838 733
f 840 733 736
f 840 736 739
f 841 840 739
f 842 788 793
f 843 793 796
f 843 796 801
f 843 842 793
f 844 801 805
f 844 805 810
f 844 843 801
f 845 810 813
f 845 813 818
f 845 844 810
f 846 818 821
f 846 845 818
f 847 769 765
f 847 765 762
f 847 848 769
f 849 762 759
f 849 759 756
f 849 847 762
f 850 849 756
f 851 713 709
f 852 851 709
f 852 709 706
f 852 706 703
f 853 703 700
f 853 852 703
f 853 700 697
f 854 697 694
f 854 694 692
f 854 853 697
f 855 692 688
f 855 854 692
f 828 670 667
f 856 857 858
f 859 828 663
f 859 858 828
f 859 663 659
f 859 659 655
f 860 861 856
f 860 862 861
f 860 856 858
f 860 859 862
f 860 858 859
f 863 655 651
f 863 651 647
f 863 862 859
f 863 859 655
f 864 863 647
f 864 862 863
f 864 865 862
f 864 647 643
f 864 643 639
f 866 864 639
f 866 865 864
f 866 631 830
f 866 830 865
f 866 639 635
f 866 635 631
f 867 868 832
f 867 832 615
f 867 615 611
f 867 611 606
f 869 868 867
f 869 870 868
f 869 867 606
f 869 606 608
f 869 608 610
f 871 872 870
f 871 870 869
f 871 610 614
f 871 869 610
f 871 614 618
f 873 618 622
f 873 622 626
f 873 871 618
f 874 871 873
f 874 875 872
f 874 872 871
f 876 626 630
f 876 630 634
f 876 873 626
f 877 874 873
f 877 875 874
f 877 878 875
f 877 873 876
f 877 876 878
f 879 880 878
f 879 878 876
f 879 876 634
f 879 634 638
f 879 638 642
f 881 833 880
f 881 880 879
f 881 642 646
f 881 646 650
f 881 879 642
f 881 650 833
f 882 837 678
f 882 883 837
f 882 678 681
f 882 681 684
f 884 882 684
f 884 883 882
f 884 885 883
f 884 684 687
f 884 687 690
f 886 885 884
f 886 884 690
f 886 690 693
f 886 693 696
f 887 888 885
f 887 885 886
f 889 886 696
f 889 696 699
f 889 699 702
f 890 891 888
f 890 888 887
f 890 887 886
f 890 886 889
f 892 890 889
f 892 702 705
f 892 705 708
f 892 889 702
f 893 891 890
f 893 894 891
f 893 895 894
f 893 892 895
f 893 890 892
f 896 895 892
f 896 892 708
f 896 708 711
f 896 711 714
f 897 898 895
f 897 895 896
f 897 896 714
f 897 714 718
f 897 718 721
f 899 839 898
f 899 727 839
f 899 898 897
f 899 897 721
f 899 721 724
f 899 724 727
f 900 901 841
f 900 841 739
f 900 739 742
f 900 742 745
f 902 903 901
f 902 901 900
f 902 900 745
f 902 745 749
f 902 749 752
f 904 905 903
f 904 903 902
f 904 902 752
f 904 752 755
f 904 755 758
f 906 904 758
f 906 758 761
f 906 761 764
f 907 905 904
f 907 908 905
f 907 904 906
f 909 768 772
f 909 906 764
f 909 764 768
f 910 906 909
f 910 909 911
f 910 911 908
f 910 908 907
f 910 907 906
f 912 772 776
f 912 776 780
f 912 911 909
f 912 913 911
f 912 909 772
f 914 788 842
f 914 780 784
f 914 784 788
f 914 912 780
f 914 913 912
f 914 842 913
f 915 821 825
f 915 825 827
f 915 846 821
f 915 916 846
f 917 827 823
f 917 823 819
f 917 915 827
f 917 916 915
f 917 918 916
f 919 819 815
f 919 815 811
f 919 917 819
f 919 918 917
f 920 918 919
f 920 921 918
f 922 811 807
f 922 807 803
f 922 919 811
f 923 919 922
f 923 921 920
f 923 920 919
f 923 924 921
f 925 803 799
f 925 799 794
f 925 922 803
f 926 922 925
f 926 925 927
f 926 923 922
f 926 924 923
f 926 928 924
f 926 927 928
f 929 794 790
f 929 790 786
f 929 925 794
f 929 927 925
f 930 929 786
f 930 786 782
f 930 782 777
f 930 931 927
f 930 927 929
f 932 931 930
f 932 777 773
f 932 773 769
f 932 930 777
f 932 769 848
f 932 848 931
f 933 850 756
f 933 756 753
f 933 753 750
f 933 934 850
f 935 750 746
f 935 746 743
f 935 933 750
f 935 934 933
f 935 936 934
f 937 743 740
f 937 740 737
f 937 935 743
f 937 936 935
f 937 938 936
f 939 937 737
f 939 737 734
f 939 734 731
f 940 937 939
f 940 941 938
f 940 938 937
f 942 731 728
f 942 728 725
f 942 939 731
f 943 941 940
f 943 942 944
f 943 939 942
f 943 944 941
f 943 940 939
f 945 944 942
f 945 725 722
f 945 722 719
f 945 942 725
f 945 946 944
f 947 946 945
f 947 719 716
f 947 713 851
f 947 716 713
f 947 945 719
f 947 851 946
f 948 688 686
f 948 686 683
f 948 855 688
f 948 949 855
f 950 683 679
f 950 679 676
f 950 951 949
f 950 949 948
f 950 948 683
f 952 676 674
f 952 674 670
f 952 828 858
f 952 950 676
f 952 951 950
f 952 670 828
f 953 952 858
f 953 951 952
f 953 857 951
f 953 858 857
f 954 856 861
f 954 955 856
f 956 861 862
f 956 954 861
f 957 862 865
f 957 956 862
f 958 865 830
f 958 957 865
f 959 830 829
f 959 829 831
f 959 958 830
f 960 831 832
f 960 959 831
f 961 832 868
f 961 960 832
f 962 868 870
f 962 961 868
f 963 870 872
f 963 962 870
f 964 872 875
f 964 963 872
f 965 964 875
f 966 941 944
f 966 967 941
f 968 944 946
f 968 966 944
f 969 946 851
f 969 968 946
f 970 851 852
f 970 969 851
f 971 852 853
f 971 853 854
f 971 970 852
f 972 854 855
f 972 971 854
f 973 855 949
f 973 972 855
f 974 949 951
f 974 973 949
f 975 951 857
f 975 974 951
f 976 857 856
f 976 975 857
f 955 976 856
f 977 924 928
f 977 978 924
f 979 928 927
f 979 977 928
f 980 927 931
f 980 979 927
f 981 931 848
f 981 980 931
f 982 848 847
f 982 847 849
f 982 981 848
f 983 849 850
f 983 982 849
f 984 850 934
f 984 983 850
f 985 934 936
f 985 984 934
f 986 936 938
f 986 985 936
f 987 938 941
f 987 986 938
f 967 987 941
f 988 908 911
f 988 989 908
f 990 911 913
f 990 988 911
f 991 913 842
f 991 990 913
f 992 842 843
f 992 991 842
f 993 843 844
f 993 844 845
f 993 992 843
f 994 845 846
f 994 993 845
f 995 846 916
f 995 994 846
f 996 916 918
f 996 995 916
f 997 918 921
f 997 996 918
f 998 921 924
f 998 997 921
f 978 998 924
f 999 891 894
f 999 1000 891
f 1001 894 895
f 1001 999 894
f 1002 895 898
f 1002 1001 895
f 1003 898 839
f 1003 1002 898
f 1004 839 838
f 1004 838 840
f 1004 1003 839
f 1005 840 841
f 1005 1004 840
f 1006 841 901
f 1006 1005 841
f 1007 901 903
f 1007 1006 901
f 1008 903 905
f 1008 1007 903
f 1009 905 908
f 1009 1008 905
f 989 1009 908
f 1010 875 878
f 1010 965 875
f 1011 878 880
f 1011 1010 878
f 1012 880 833
f 1012 1011 880
f 1013 833 834
f 1013 1012 833
f 1014 834 835
f 1014 835 836
f 1014 1013 834
f 1015 836 837
f 1015 1014 836
f 1016 837 883
f 1016 1015 837
f 1017 883 885
f 1017 1016 883
f 1018 885 888
f 1018 1017 885
f 1019 888 891
f 1019 1018 888
f 1000 1019 891
f 1020 1021 1022
f 1009 989 1023
f 1006 1024 1025
f 1005 1006 1025
f 1005 1026 1027
f 1005 1025 1026
f 1004 1005 1027
f 1004 1028 1029
f 1004 1027 1028
f 1003 1004 1029
f 1003 1030 1031
f 1003 1029 1030
f 1002 1003 1031
f 1002 1031 1032
f 1015 1033 1034
f 1015 1035 1033
f 1015 1016 1035
f 1014 1036 1037
f 1014 1034 1036
f 1014 1015 1034
f 1013 1014 1037
f 961 1038 1039
f 960 961 1039
f 960 1040 1041
f 960 1039 1040
f 959 1042 1043
f 959 1041 1042
f 959 960 1041
f 958 1044 1045
f 958 1043 1044
f 958 959 1043
f 957 1045 1046
f 957 958 1045
f 972 1047 1048
f 972 1049 1047
f 972 973 1049
f 971 972 1048
f 971 1050 1051
f 971 1048 1050
f 970 971 1051
f 984 1052 1053
f 983 1054 1055
f 983 1053 1054
f 983 984 1053
f 982 1055 1056
f 982 983 1055
f 982 1056 1057
f 981 982 1057
f 981 1058 1059
f 981 1057 1058
f 980 1059 1060
f 980 981 1059
f 994 995 1061
f 994 1062 1063
f 994 1061 1062
f 993 994 1063
f 993 1064 1065
f 993 1063 1064
f 992 993 1065
f 1020 1066 1021
f 1067 1020 1022
f 1067 1023 1020
f 1067 1068 1069
f 1067 1022 1068
f 1070 1009 1023
f 1070 1067 1008
f 1070 1023 1067
f 1070 1008 1009
f 1071 1008 1067
f 1071 1067 1069
f 1071 1007 1008
f 1071 1072 1073
f 1071 1069 1072
f 1074 1024 1006
f 1074 1006 1007
f 1074 1007 1071
f 1074 1071 1073
f 1074 1075 1024
f 1074 1073 1075
f 1076 1002 1032
f 1076 1001 1002
f 1076 1077 1078
f 1076 1032 1077
f 1079 1001 1076
f 1079 1076 1078
f 1079 999 1001
f 1079 1080 1081
f 1079 1078 1080
f 1082 999 1079
f 1082 1083 1084
f 1082 1081 1083
f 1082 1079 1081
f 1085 1000 999
f 1085 999 1082
f 1086 1082 1084
f 1086 1087 1088
f 1086 1084 1087
f 1089 1019 1000
f 1089 1082 1086
f 1089 1085 1082
f 1089 1000 1085
f 1090 1089 1086
f 1090 1019 1089
f 1090 1018 1019
f 1090 1086 1088
f 1090 1091 1092
f 1090 1088 1091
f 1093 1090 1092
f 1093 1018 1090
f 1093 1017 1018
f 1093 1094 1095
f 1093 1092 1094
f 1096 1016 1017
f 1096 1097 1035
f 1096 1095 1097
f 1096 1035 1016
f 1096 1093 1095
f 1096 1017 1093
f 1098 1013 1037
f 1098 1012 1013
f 1098 1099 1100
f 1098 1037 1099
f 1101 1011 1012
f 1101 1102 1103
f 1101 1100 1102
f 1101 1012 1098
f 1101 1098 1100
f 1104 1011 1101
f 1104 1101 1103
f 1104 1105 1106
f 1104 1103 1105
f 1107 1104 1106
f 1107 1011 1104
f 1107 1108 1109
f 1107 1106 1108
f 1110 1011 1107
f 1110 965 1010
f 1110 1010 1011
f 1111 1112 1113
f 1111 1109 1112
f 1111 1107 1109
f 1114 964 965
f 1114 1107 1111
f 1114 965 1110
f 1114 1110 1107
f 1115 1114 1111
f 1115 1116 1117
f 1115 1113 1116
f 1115 1111 1113
f 1118 1115 963
f 1118 1114 1115
f 1118 963 964
f 1118 964 1114
f 1119 1115 1117
f 1119 963 1115
f 1119 962 963
f 1119 1120 1121
f 1119 1117 1120
f 1122 961 962
f 1122 1123 1038
f 1122 1121 1123
f 1122 1038 961
f 1122 1119 1121
f 1122 962 1119
f 1124 1125 1126
f 1124 956 957
f 1124 1046 1125
f 1124 957 1046
f 1127 1128 1129
f 1127 1126 1128
f 1127 954 956
f 1127 956 1124
f 1127 1124 1126
f 1130 1131 1132
f 1130 1129 1131
f 1130 954 1127
f 1130 1127 1129
f 1133 954 1130
f 1133 955 954
f 1134 1130 1132
f 1134 1135 1136
f 1134 1132 1135
f 1137 955 1133
f 1137 1130 1134
f 1137 976 955
f 1137 1133 1130
f 1138 1139 1140
f 1138 1136 1139
f 1138 1134 1136
f 1138 975 976
f 1138 1137 1134
f 1138 976 1137
f 1141 1142 1143
f 1141 1140 1142
f 1141 974 975
f 1141 1138 1140
f 1141 975 1138
f 1144 1049 973
f 1144 1145 1049
f 1144 1143 1145
f 1144 973 974
f 1144 974 1141
f 1144 1141 1143
f 1146 1147 1148
f 1146 1051 1147
f 1146 969 970
f 1146 970 1051
f 1149 1150 1151
f 1149 1148 1150
f 1149 969 1146
f 1149 968 969
f 1149 1146 1148
f 1152 1153 1154
f 1152 1151 1153
f 1152 1149 1151
f 1152 968 1149
f 1155 1156 1157
f 1155 1154 1156
f 1155 968 1152
f 1155 1152 1154
f 1158 967 966
f 1158 966 968
f 1158 968 1155
f 1159 1160 1161
f 1159 1157 1160
f 1159 1155 1157
f 1162 1155 1159
f 1162 987 967
f 1162 967 1158
f 1162 1158 1155
f 1163 1164 1165
f 1163 1161 1164
f 1163 1159 1161
f 1166 1162 1159
f 1166 987 1162
f 1166 1163 986
f 1166 986 987
f 1166 1159 1163
f 1167 1168 1169
f 1167 1165 1168
f 1167 986 1163
f 1167 985 986
f 1167 1163 1165
f 1170 1167 1169
f 1170 1171 1052
f 1170 1169 1171
f 1170 984 985
f 1170 985 1167
f 1170 1052 984
f 1172 980 1060
f 1172 979 980
f 1172 1173 1174
f 1172 1060 1173
f 1175 977 979
f 1175 979 1172
f 1175 1172 1174
f 1175 1176 1177
f 1175 1174 1176
f 1178 1175 1177
f 1178 977 1175
f 1178 1179 1180
f 1178 1177 1179
f 1181 978 977
f 1181 977 1178
f 1182 1178 1180
f 1182 1183 1184
f 1182 1180 1183
f 1185 998 978
f 1185 1178 1182
f 1185 978 1181
f 1185 1181 1178
f 1186 997 998
f 1186 998 1185
f 1186 1185 1182
f 1186 1182 1184
f 1186 1187 1188
f 1186 1184 1187
f 1189 996 997
f 1189 997 1186
f 1189 1186 1188
f 1189 1190 1191
f 1189 1188 1190
f 1192 995 996
f 1192 1061 995
f 1192 1189 1191
f 1192 996 1189
f 1192 1193 1061
f 1192 1191 1193
f 1194 991 992
f 1194 992 1065
f 1194 1195 1196
f 1194 1065 1195
f 1197 1194 1196
f 1197 990 991
f 1197 1198 1199
f 1197 1196 1198
f 1197 991 1194
f 1200 990 1197
f 1200 1197 1199
f 1200 1201 1202
f 1200 1199 1201
f 1203 1200 1202
f 1203 1066 1020
f 1203 1204 1066
f 1203 1202 1204
f 1203 990 1200
f 1203 1020 1023
f 1205 989 988
f 1205 988 990
f 1205 990 1203
f 1205 1203 1023
f 1205 1023 989
f 563 1123 1121
f 562 1121 1120
f 562 563 1121
f 1206 1039 1038
f 555 1206 1038
f 555 1123 563
f 555 1038 1123
f 1207 1039 1206
f 556 1206 555
f 569 562 1120
f 569 1120 1117
f 1208 1039 1207
f 1208 1040 1039
f 568 1117 1116
f 568 569 1117
f 1209 1040 1208
f 1209 1041 1040
f 575 568 1116
f 575 1116 1113
f 1210 1041 1209
f 1210 1042 1041
f 1211 1042 1210
f 1211 1043 1042
f 574 575 1113
f 574 1113 1112
f 1212 1043 1211
f 1212 1044 1043
f 581 574 1112
f 581 1112 1109
f 1213 1044 1212
f 1214 1044 1213
f 1214 1046 1045
f 1214 1045 1044
f 580 1109 1108
f 580 581 1109
f 587 1108 1106
f 587 580 1108
f 1215 1046 1214
f 1215 1125 1046
f 586 587 1106
f 586 1106 1105
f 1216 1126 1125
f 1216 1125 1215
f 594 586 1105
f 594 1105 1103
f 593 594 1103
f 593 1103 1102
f 1217 1126 1216
f 1217 1128 1126
f 600 593 1102
f 600 1102 1100
f 1218 1129 1128
f 1218 1128 1217
f 598 600 1100
f 598 1100 1099
f 1219 1129 1218
f 605 598 1099
f 605 1099 1037
f 1220 1131 1129
f 1220 1129 1219
f 604 605 1037
f 604 1037 1036
f 1221 1131 1220
f 1221 1132 1131
f 1222 1135 1132
f 1222 1132 1221
f 603 604 1036
f 603 1036 1034
f 1223 1135 1222
f 1224 1034 1033
f 1224 603 1034
f 1225 1136 1135
f 1225 1135 1223
f 1226 1224 1033
f 1226 1033 1035
f 1227 1136 1225
f 1227 1139 1136
f 1228 1226 1035
f 1228 1035 1097
f 1229 1140 1139
f 1229 1139 1227
f 1230 1228 1097
f 1230 1097 1095
f 1231 1140 1229
f 1231 1142 1140
f 1232 1230 1095
f 1232 1095 1094
f 1233 1142 1231
f 1233 1143 1142
f 1234 1094 1092
f 1234 1232 1094
f 1235 1143 1233
f 1235 1145 1143
f 1236 1092 1091
f 1236 1234 1092
f 1237 1049 1145
f 1237 1145 1235
f 1238 1091 1088
f 1238 1236 1091
f 1239 1047 1049
f 1239 1049 1237
f 1240 1088 1087
f 1240 1238 1088
f 1241 1048 1047
f 1241 1047 1239
f 1242 1087 1084
f 1242 1240 1087
f 1243 1050 1048
f 1243 1048 1241
f 1244 1084 1083
f 1244 1242 1084
f 1245 1050 1243
f 1245 1051 1050
f 1246 1083 1081
f 1246 1244 1083
f 1247 1147 1051
f 1247 1051 1245
f 1248 1081 1080
f 1248 1246 1081
f 1249 1148 1147
f 1249 1147 1247
f 1250 1080 1078
f 1250 1248 1080
f 1251 1148 1249
f 1150 1148 1251
f 1252 1250 1078
f 1077 1252 1078
f 1253 1150 1251
f 1254 1252 1077
f 1151 1150 1253
f 1255 1151 1253
f 1032 1254 1077
f 1256 1254 1032
f 1153 1151 1255
f 1153 1255 1257
f 1031 1256 1032
f 1031 1258 1256
f 1154 1153 1257
f 1154 1257 1259
f 1030 1260 1258
f 1030 1258 1031
f 1156 1154 1259
f 1156 1259 1261
f 1029 1262 1260
f 1029 1260 1030
f 1157 1156 1261
f 1157 1261 1263
f 1028 1264 1262
f 1028 1262 1029
f 1160 1263 1265
f 1160 1157 1263
f 1027 1266 1264
f 1027 1264 1028
f 1161 1265 1267
f 1161 1160 1265
f 1026 1268 1266
f 1026 1266 1027
f 1164 1161 1267
f 1164 1267 1269
f 1025 1270 1268
f 1025 1268 1026
f 1165 1269 1271
f 1165 1164 1269
f 1024 1272 1270
f 1024 1270 1025
f 1168 1271 1273
f 1168 1165 1271
f 1075 1274 1272
f 1075 1272 1024
f 1169 1273 1275
f 1169 1168 1273
f 1073 1276 1274
f 1073 1274 1075
f 1171 1275 1277
f 1171 1169 1275
f 1072 1278 1276
f 1072 1276 1073
f 1052 1171 1277
f 1052 1277 1279
f 1069 1278 1072
f 1069 1280 1278
f 1053 1052 1279
f 1053 1279 1281
f 1068 1280 1069
f 1068 1282 1280
f 1054 1053 1281
f 1054 1281 1283
f 1022 1282 1068
f 1022 1284 1282
f 1055 1283 1285
f 1055 1054 1283
f 1021 1284 1022
f 1021 1286 1284
f 1056 1285 1287
f 1056 1055 1285
f 1066 1286 1021
f 1066 1288 1286
f 1057 1056 1287
f 1057 1287 1289
f 1204 1288 1066
f 1204 1290 1288
f 1058 1289 1291
f 1058 1057 1289
f 1202 1290 1204
f 1202 1292 1290
f 1059 1058 1291
f 1059 1291 1293
f 1201 1292 1202
f 1201 1294 1292
f 1060 1293 1295
f 1060 1059 1293
f 1199 1294 1201
f 1199 1296 1294
f 1173 1060 1295
f 1173 1295 1297
f 1198 1296 1199
f 1198 1298 1296
f 1174 1297 1299
f 1174 1173 1297
f 1196 1298 1198
f 1196 1300 1298
f 1176 1174 1299
f 1176 1299 1301
f 1195 1300 1196
f 1195 1302 1300
f 1177 1176 1301
f 1177 1301 1303
f 1065 1302 1195
f 1065 1304 1302
f 1179 1177 1303
f 1179 1303 1305
f 1064 1304 1065
f 1064 1306 1304
f 1180 1179 1305
f 1180 1305 1307
f 1063 1306 1064
f 1063 1308 1306
f 1183 1180 1307
f 1183 1307 1309
f 1062 1308 1063
f 1062 1310 1308
f 1184 1183 1309
f 1184 1309 1311
f 1061 1310 1062
f 1061 1312 1310
f 1187 1184 1311
f 1187 1311 1313
f 1193 1312 1061
f 1193 1314 1312
f 1188 1187 1313
f 1188 1313 1315
f 1191 1314 1193
f 1191 1316 1314
f 1190 1188 1315
f 1190 1316 1191
f 1190 1315 1316
f 340 1317 338
f 342 1318 340
f 340 1318 1317
f 343 1319 342
f 342 1319 1318
f 345 1320 343
f 343 1320 1319
f 345 1321 1320
f 1322 1323 1324
f 1324 1323 1325
f 1326 1327 1328
f 1329 1327 1326
f 1330 1331 1332
f 1330 1333 1331
f 1334 1333 1330
f 1334 1335 1333
f 1336 1337 1338
f 1336 1339 1337
f 1340 1339 1336
f 1340 1341 1339
f 1342 1343 1344
f 1345 1346 1342
f 1342 1346 1343
f 1345 1347 1346
f 1348 1349 1345
f 1345 1349 1347
f 1350 1351 1352
f 1352 1351 1353
f 1350 1354 1351
f 1355 1354 1350
f 1355 1356 1354
f 1357 1358 1359
f 1360 1358 1357
f 1360 1361 1358
f 1362 1361 1360
f 1362 1363 1361
f 1364 1363 1362
f 1364 1365 1363
f 1366 1365 1364
f 1366 1367 1365
f 1368 1367 1366
f 1368 1369 1367
f 1370 1369 1368
f 1370 1371 1369
f 1372 1371 1370
f 1372 1373 1371
f 1374 1373 1372
f 1374 1375 1373
f 1376 1375 1374
f 1376 1377 1375
f 1378 1377 1376
f 1378 1379 1377
f 1380 1379 1378
f 1380 1381 1379
f 1380 1382 1381
f 1383 1382 1380
f 1383 1384 1382
f 1385 1384 1383
f 1385 1386 1384
f 1387 1386 1385
f 1387 1388 1386
f 1389 1388 1387
f 1389 1390 1388
f 1391 1390 1389
f 1392 1393 1391
f 1391 1393 1390
f 1394 1395 1392
f 1392 1395 1393
f 1396 1397 1394
f 1394 1397 1395
f 1398 1399 1396
f 1396 1399 1397
f 1398 1400 1399
f 1401 1400 1398
f 1401 1402 1400
f 1403 1402 1401
f 1403 1404 1402
f 1405 1404 1403
f 1405 1406 1404
f 1407 1406 1405
f 1407 1408 1406
f 1409 1408 1407
f 1409 1410 1408
f 1411 1410 1409
f 1411 1412 1410
f 1411 1413 1412
f 1414 1413 1411
f 1414 1415 1413
f 1416 1415 1414
f 1416 1417 1415
f 1418 1417 1416
f 1418 1419 1417
f 1420 1419 1418
f 1420 1421 1419
f 1422 1421 1420
f 1423 1424 1422
f 1422 1424 1421
f 1425 1426 1423
f 1427 1426 1425
f 1423 1426 1424
f 1428 1429 1427
f 1427 1429 1426
f 1430 1431 1428
f 1428 1431 1429
f 1432 1433 1430
f 1430 1433 1431
f 1432 1434 1433
f 1435 1436 1432
f 1432 1436 1434
f 1437 1438 1435
f 1223 1438 1437
f 1435 1438 1436
f 1222 1439 1223
f 1223 1439 1438
f 1221 1440 1222
f 1222 1440 1439
f 1220 1441 1221
f 1221 1441 1440
f 1219 1442 1220
f 1220 1442 1441
f 1218 1443 1219
f 1219 1443 1442
f 1217 1444 1218
f 1218 1444 1443
f 1216 1445 1217
f 1217 1445 1444
f 1216 1446 1445
f 1216 1215 1446
f 1215 1447 1446
f 1215 1214 1447
f 345 1448 1321
f 359 1448 357
f 357 1448 355
f 355 1448 353
f 353 1448 352
f 352 1448 350
f 350 1448 347
f 347 1448 345
f 1448 1449 1321
f 1321 1449 1450
f 1450 1449 1451
f 1451 1449 1452
f 1452 1449 1453
f 1453 1449 1454
f 1454 1449 1455
f 1455 1449 1456
f 369 1457 367
f 367 1457 365
f 365 1457 363
f 363 1457 361
f 361 1457 359
f 359 1457 1448
f 1448 1458 1449
f 1449 1458 1456
f 1457 1458 1448
f 1456 1458 1459
f 1459 1458 1460
f 1460 1458 1461
f 1461 1458 1462
f 1462 1458 1463
f 1463 1458 1464
f 1464 1458 1465
f 381 1466 379
f 379 1466 377
f 377 1466 375
f 375 1466 373
f 373 1466 371
f 371 1466 369
f 369 1466 1457
f 1467 1468 1469
f 1466 1468 1457
f 1457 1468 1458
f 1458 1468 1465
f 1465 1468 1470
f 1470 1468 1471
f 1471 1468 1472
f 1472 1468 1473
f 1473 1468 1474
f 1474 1468 1467
f 381 1475 1466
f 391 1475 389
f 389 1475 387
f 387 1475 385
f 385 1475 383
f 383 1475 381
f 1469 1476 1477
f 1477 1476 1478
f 1478 1476 1479
f 1479 1476 1480
f 1480 1476 1481
f 1481 1476 1482
f 1475 1476 1466
f 1468 1476 1469
f 1466 1476 1468
f 491 1483 393
f 495 1483 491
f 500 1483 495
f 501 1483 500
f 393 1483 391
f 391 1483 1475
f 1482 1484 1485
f 1485 1484 1486
f 1486 1484 1487
f 1483 1484 1475
f 1487 1484 1488
f 1488 1484 1489
f 1489 1484 1490
f 1490 1484 1491
f 1476 1484 1482
f 1475 1484 1476
f 505 1492 501
f 506 1492 505
f 510 1492 506
f 511 1492 510
f 515 1492 511
f 501 1492 1483
f 1491 1493 1494
f 1494 1493 1495
f 1495 1493 1496
f 1496 1493 1497
f 1497 1493 1498
f 1498 1493 1499
f 1499 1493 1500
f 1483 1493 1484
f 1484 1493 1491
f 1492 1493 1483
f 516 1501 515
f 515 1501 1492
f 520 1501 516
f 521 1501 520
f 523 1501 521
f 528 1501 523
f 1500 1502 1503
f 1503 1502 1504
f 1504 1502 1505
f 1501 1502 1492
f 1505 1502 1506
f 1506 1502 1507
f 1507 1502 1508
f 1493 1502 1500
f 1492 1502 1493
f 529 1509 528
f 534 1509 529
f 535 1509 534
f 540 1509 535
f 541 1509 540
f 546 1509 541
f 528 1509 1501
f 1508 1510 1511
f 1511 1510 1512
f 1512 1510 1513
f 1513 1510 1514
f 1514 1510 1515
f 1515 1510 1516
f 1516 1510 1517
f 1502 1510 1508
f 546 1510 1509
f 1509 1510 1501
f 1501 1510 1502
f 547 1518 546
f 552 1518 547
f 553 1518 552
f 559 1518 553
f 560 1518 559
f 1510 1519 1517
f 560 1519 1518
f 1518 1519 546
f 1517 1519 1520
f 1520 1519 1521
f 1521 1519 1522
f 1522 1519 1523
f 1523 1519 1524
f 1524 1519 1525
f 1525 1519 1526
f 546 1519 1510
f 566 1527 565
f 571 1527 566
f 572 1527 571
f 577 1527 572
f 1527 1528 565
f 565 1528 560
f 578 1528 577
f 1526 1528 1529
f 577 1528 1527
f 1529 1528 1530
f 1530 1528 1531
f 1531 1528 1532
f 1532 1528 1533
f 1533 1528 1534
f 560 1528 1519
f 1519 1528 1526
f 584 1535 583
f 589 1535 584
f 590 1535 589
f 591 1535 590
f 1528 1536 1534
f 1535 1536 583
f 583 1536 578
f 596 1536 591
f 1534 1536 1537
f 1537 1536 1538
f 1538 1536 1539
f 591 1536 1535
f 1539 1536 1540
f 1540 1536 1541
f 1541 1536 1542
f 1542 1536 1543
f 578 1536 1528
f 1544 1545 602
f 1546 1545 1544
f 1547 1545 1546
f 596 1548 1536
f 1549 1548 1547
f 1536 1548 1543
f 1545 1548 602
f 1547 1548 1545
f 597 1548 596
f 602 1548 597
f 1543 1548 1550
f 1550 1548 1551
f 1551 1548 1552
f 1552 1548 1553
f 1553 1548 1554
f 1554 1548 1555
f 1555 1548 1556
f 1557 1558 1559
f 1560 1558 1557
f 1561 1562 1549
f 1559 1562 1561
f 1563 1562 1560
f 1564 1562 1563
f 1548 1562 1556
f 1558 1562 1559
f 1560 1562 1558
f 1556 1562 1565
f 1565 1562 1566
f 1566 1562 1567
f 1567 1562 1568
f 1568 1562 1569
f 1569 1562 1570
f 1549 1562 1548
f 1562 1571 1570
f 1572 1571 1564
f 1573 1571 1572
f 1574 1571 1573
f 1575 1571 1574
f 1576 1571 1575
f 1577 1571 1576
f 1578 1571 1577
f 1570 1571 1579
f 1579 1571 1580
f 1580 1571 1581
f 1581 1571 1582
f 1582 1571 1583
f 1583 1571 1584
f 1584 1571 1578
f 1564 1571 1562
f 1585 1586 1577
f 1587 1586 1585
f 1588 1586 1587
f 1589 1586 1588
f 1590 1586 1589
f 1591 1586 1590
f 1577 1586 1578
f 1592 1586 1591
f 1578 1586 1593
f 1593 1586 1594
f 1594 1586 1595
f 1595 1586 1596
f 1596 1586 1597
f 1597 1586 1598
f 1598 1586 1592
f 1599 1600 1591
f 1601 1600 1599
f 1602 1600 1601
f 1603 1600 1602
f 1324 1600 1603
f 1591 1600 1592
f 1592 1600 1604
f 1604 1600 1605
f 1605 1600 1606
f 1606 1600 1607
f 1607 1600 1608
f 1608 1600 1325
f 1325 1600 1324
f 1328 1609 1326
f 1610 1609 1322
f 1611 1609 1610
f 1612 1609 1611
f 1613 1609 1612
f 1326 1609 1613
f 1323 1609 1614
f 1614 1609 1615
f 1615 1609 1616
f 1616 1609 1617
f 1617 1609 1618
f 1322 1609 1323
f 1618 1609 1328
f 1329 1619 1327
f 1331 1619 1332
f 1620 1619 1329
f 1621 1619 1620
f 1622 1619 1621
f 1332 1619 1622
f 1327 1619 1623
f 1623 1619 1624
f 1624 1619 1625
f 1625 1619 1626
f 1626 1619 1331
f 1335 1627 1628
f 1628 1627 1629
f 1629 1627 1630
f 1630 1627 1337
f 1334 1627 1335
f 1631 1627 1334
f 1632 1627 1631
f 1633 1627 1632
f 1338 1627 1633
f 1337 1627 1338
f 1341 1634 1635
f 1635 1634 1636
f 1636 1634 1343
f 1637 1634 1340
f 1638 1634 1637
f 1344 1634 1638
f 1340 1634 1341
f 1343 1634 1344
f 1349 1639 1640
f 1640 1639 1641
f 1641 1639 1353
f 1642 1639 1348
f 1643 1639 1642
f 1352 1639 1643
f 1353 1639 1352
f 1348 1639 1349
f 1355 1644 1356
f 1356 1644 1645
f 1645 1644 1359
f 1359 1644 1357
f 1646 1644 1355
f 1647 1644 1646
f 1357 1644 1647
f 1366 1289 1368
f 1289 1287 1368
f 1368 1287 1370
f 1287 1285 1370
f 1370 1285 1372
f 1285 1283 1372
f 1372 1283 1374
f 1283 1281 1374
f 1374 1281 1376
f 1376 1279 1378
f 1281 1279 1376
f 1378 1277 1380
f 1279 1277 1378
f 1380 1275 1383
f 1277 1275 1380
f 1383 1273 1385
f 1275 1273 1383
f 1385 1271 1387
f 1273 1271 1385
f 1387 1269 1389
f 1271 1269 1387
f 1389 1267 1391
f 1391 1267 1392
f 1269 1267 1389
f 1267 1265 1392
f 1392 1265 1394
f 1394 1263 1396
f 1265 1263 1394
f 1263 1261 1396
f 1396 1261 1398
f 1261 1259 1398
f 1398 1259 1401
f 1259 1257 1401
f 1401 1257 1403
f 1257 1255 1403
f 1403 1255 1405
f 1255 1253 1405
f 1405 1253 1407
f 1253 1251 1407
f 1407 1251 1409
f 1251 1249 1409
f 1409 1249 1411
f 1249 1247 1411
f 1411 1247 1414
f 1247 1245 1414
f 1414 1245 1416
f 1245 1243 1416
f 1416 1243 1418
f 1243 1241 1418
f 1418 1241 1420
f 1241 1239 1420
f 1420 1239 1422
f 1239 1237 1422
f 1422 1237 1423
f 1237 1425 1423
f 1237 1235 1425
f 1235 1427 1425
f 1235 1233 1427
f 1233 1428 1427
f 1233 1231 1428
f 1231 1430 1428
f 1231 1229 1430
f 1229 1432 1430
f 1229 1227 1432
f 1227 1435 1432
f 1227 1225 1435
f 1225 1437 1435
f 1225 1223 1437
f 603 1648 602
f 602 1648 1544
f 1544 1648 1546
f 1546 1648 1547
f 1648 1649 1547
f 1547 1649 1549
f 1549 1649 1561
f 603 1650 1648
f 1228 1650 1226
f 1226 1650 1224
f 1224 1650 603
f 1561 1651 1559
f 1559 1651 1557
f 1557 1651 1560
f 1649 1651 1561
f 1648 1652 1649
f 1228 1652 1650
f 1650 1652 1648
f 1232 1652 1230
f 1230 1652 1228
f 1560 1653 1563
f 1563 1653 1564
f 1651 1653 1560
f 1652 1654 1649
f 1649 1654 1651
f 1236 1654 1234
f 1234 1654 1232
f 1232 1654 1652
f 1564 1655 1572
f 1572 1655 1573
f 1653 1655 1564
f 1236 1656 1654
f 1654 1656 1651
f 1651 1656 1653
f 1240 1656 1238
f 1238 1656 1236
f 1573 1657 1574
f 1574 1657 1575
f 1655 1657 1573
f 1240 1658 1656
f 1656 1658 1653
f 1244 1658 1242
f 1242 1658 1240
f 1653 1658 1655
f 1575 1659 1576
f 1576 1659 1577
f 1657 1659 1575
f 1658 1660 1655
f 1244 1660 1658
f 1657 1660 1659
f 1655 1660 1657
f 1248 1660 1246
f 1246 1660 1244
f 1577 1661 1585
f 1585 1661 1587
f 1659 1661 1577
f 1660 1662 1659
f 1248 1662 1660
f 1252 1662 1250
f 1250 1662 1248
f 1587 1663 1588
f 1588 1663 1589
f 1661 1663 1587
f 1252 1664 1662
f 1662 1664 1659
f 1256 1664 1254
f 1254 1664 1252
f 1659 1664 1661
f 1589 1665 1590
f 1590 1665 1591
f 1663 1665 1589
f 1256 1666 1664
f 1661 1666 1663
f 1260 1666 1258
f 1258 1666 1256
f 1664 1666 1661
f 1591 1667 1599
f 1599 1667 1601
f 1601 1667 1602
f 1665 1667 1591
f 1663 1668 1665
f 1666 1668 1663
f 1264 1668 1262
f 1260 1668 1666
f 1262 1668 1260
f 1602 1669 1603
f 1603 1669 1324
f 1667 1669 1602
f 1668 1670 1665
f 1264 1670 1668
f 1268 1670 1266
f 1266 1670 1264
f 1665 1670 1667
f 1324 1671 1322
f 1322 1671 1610
f 1669 1671 1324
f 1670 1672 1667
f 1667 1672 1669
f 1272 1672 1270
f 1270 1672 1268
f 1268 1672 1670
f 1610 1673 1611
f 1611 1673 1612
f 1272 1674 1672
f 1672 1674 1669
f 1669 1674 1671
f 1276 1674 1274
f 1274 1674 1272
f 1671 1674 1610
f 1674 1675 1610
f 1610 1675 1673
f 1276 1675 1674
f 1280 1675 1278
f 1278 1675 1276
f 1673 1675 1612
f 1612 1676 1613
f 1613 1676 1326
f 1280 1676 1675
f 1284 1676 1282
f 1282 1676 1280
f 1675 1676 1612
f 1676 1677 1326
f 1326 1677 1329
f 1329 1677 1620
f 1288 1677 1286
f 1286 1677 1284
f 1284 1677 1676
f 1620 1678 1621
f 1621 1678 1622
f 1288 1678 1677
f 1677 1678 1620
f 1292 1678 1290
f 1290 1678 1288
f 1678 1679 1622
f 1622 1679 1332
f 1332 1679 1330
f 1296 1679 1294
f 1294 1679 1292
f 1292 1679 1678
f 1330 1680 1334
f 1334 1680 1631
f 1300 1680 1298
f 1298 1680 1296
f 1296 1680 1679
f 1679 1680 1330
f 1680 1681 1631
f 1631 1681 1632
f 1632 1681 1633
f 1304 1681 1302
f 1302 1681 1300
f 1300 1681 1680
f 1633 1682 1338
f 1338 1682 1336
f 1336 1682 1340
f 1681 1682 1633
f 1308 1682 1306
f 1306 1682 1304
f 1304 1682 1681
f 1308 1683 1682
f 1682 1683 1340
f 1340 1683 1637
f 1637 1683 1638
f 1312 1683 1310
f 1310 1683 1308
f 1638 1684 1344
f 1344 1684 1342
f 1316 1684 1314
f 1314 1684 1312
f 1683 1684 1638
f 1312 1684 1683
f 1316 1685 1684
f 1342 1685 1345
f 1345 1685 1348
f 1313 1685 1315
f 1315 1685 1316
f 1684 1685 1342
f 1309 1686 1311
f 1311 1686 1313
f 1348 1686 1642
f 1642 1686 1643
f 1313 1686 1685
f 1685 1686 1348
f 1686 1687 1643
f 1305 1687 1307
f 1307 1687 1309
f 1643 1687 1352
f 1352 1687 1350
f 1309 1687 1686
f 1687 1688 1350
f 1305 1688 1687
f 1301 1688 1303
f 1303 1688 1305
f 1350 1688 1355
f 1355 1688 1646
f 1301 1689 1688
f 1688 1689 1646
f 1357 1689 1297
f 1297 1689 1299
f 1299 1689 1301
f 1646 1689 1647
f 1647 1689 1357
f 1297 1690 1357
f 1362 1690 1293
f 1293 1690 1295
f 1295 1690 1297
f 1357 1690 1360
f 1360 1690 1362
f 1289 1691 1291
f 1291 1691 1293
f 1293 1691 1362
f 1366 1691 1289
f 1362 1691 1364
f 1364 1691 1366
f 1692 1693 1694
f 1695 1693 1696
f 1697 1693 1695
f 1698 1693 1697
f 1699 1693 1698
f 1700 1693 1699
f 1694 1693 1700
f 1701 1693 1692
f 1702 1693 1701
f 1495 1703 1702
f 1496 1703 1495
f 1497 1703 1496
f 1498 1703 1497
f 1499 1703 1498
f 1500 1703 1499
f 1503 1703 1500
f 1504 1703 1503
f 1693 1704 1696
f 1696 1704 164
f 1702 1704 1693
f 1703 1704 1702
f 172 1704 174
f 169 1704 172
f 167 1704 169
f 164 1704 167
f 1513 1705 1512
f 1504 1705 1703
f 1505 1705 1504
f 1506 1705 1505
f 1507 1705 1506
f 1508 1705 1507
f 1511 1705 1508
f 1512 1705 1511
f 1703 1706 1704
f 1704 1706 174
f 183 1706 185
f 1317 1707 1708
f 1318 1707 1317
f 180 1706 183
f 178 1706 180
f 176 1706 178
f 174 1706 176
f 1705 1706 1703
f 1514 1709 1513
f 1515 1709 1514
f 1516 1709 1515
f 1517 1709 1516
f 1520 1709 1517
f 1521 1709 1520
f 1522 1709 1521
f 1513 1709 1705
f 1709 1710 1705
f 1706 1710 185
f 197 1710 199
f 1319 1711 1318
f 1318 1711 1707
f 1319 1712 1711
f 1320 1712 1319
f 195 1710 197
f 193 1710 195
f 191 1710 193
f 189 1710 191
f 187 1710 189
f 185 1710 187
f 1705 1710 1706
f 1523 1713 1522
f 1524 1713 1523
f 1525 1713 1524
f 1526 1713 1525
f 1529 1713 1526
f 1530 1713 1529
f 1531 1713 1530
f 1522 1713 1709
f 1709 1714 1710
f 207 1714 209
f 205 1714 207
f 203 1714 205
f 201 1714 203
f 1320 1715 1712
f 1321 1715 1320
f 199 1714 201
f 1710 1714 199
f 1713 1714 1709
f 1713 1716 1714
f 1532 1716 1531
f 1533 1716 1532
f 1534 1716 1533
f 1537 1716 1534
f 1538 1716 1537
f 1539 1716 1538
f 1531 1716 1713
f 1714 1717 209
f 217 1717 219
f 215 1717 217
f 213 1717 215
f 211 1717 213
f 209 1717 211
f 1716 1717 1714
f 1540 1718 1539
f 1541 1718 1540
f 1542 1718 1541
f 1543 1718 1542
f 1550 1718 1543
f 1551 1718 1550
f 1552 1718 1551
f 1539 1718 1716
f 1717 1719 219
f 229 1719 231
f 227 1719 229
f 225 1719 227
f 223 1719 225
f 221 1719 223
f 219 1719 221
f 1716 1719 1717
f 1718 1719 1716
f 1553 1720 1552
f 1554 1720 1553
f 1555 1720 1554
f 1556 1720 1555
f 1565 1720 1556
f 1552 1720 1718
f 1566 1720 1565
f 1567 1720 1566
f 1718 1720 1719
f 239 1721 241
f 237 1721 239
f 235 1721 237
f 233 1721 235
f 231 1721 233
f 1720 1721 1719
f 1719 1721 231
f 1567 1722 1720
f 1568 1722 1567
f 1569 1722 1568
f 1570 1722 1569
f 1579 1722 1570
f 1580 1722 1579
f 1581 1722 1580
f 1582 1722 1581
f 1583 1722 1582
f 1720 1722 1721
f 1722 1723 1721
f 249 1723 251
f 247 1723 249
f 245 1723 247
f 243 1723 245
f 241 1723 243
f 1721 1723 241
f 1583 1724 1722
f 1584 1724 1583
f 1578 1724 1584
f 1593 1724 1578
f 1594 1724 1593
f 1595 1724 1594
f 1596 1724 1595
f 1597 1724 1596
f 1722 1725 1723
f 261 1725 263
f 259 1725 261
f 257 1725 259
f 255 1725 257
f 253 1725 255
f 251 1725 253
f 1724 1725 1722
f 1723 1725 251
f 1598 1726 1597
f 1592 1726 1598
f 1604 1726 1592
f 1605 1726 1604
f 1606 1726 1605
f 1607 1726 1606
f 1608 1726 1607
f 1597 1726 1724
f 271 1727 273
f 269 1727 271
f 267 1727 269
f 265 1727 267
f 263 1727 265
f 1724 1727 1725
f 1726 1727 1724
f 1725 1727 263
f 1608 1728 1726
f 1325 1728 1608
f 1323 1728 1325
f 1614 1728 1323
f 1615 1728 1614
f 1616 1728 1615
f 1617 1728 1616
f 1618 1728 1617
f 1726 1729 1727
f 281 1729 283
f 279 1729 281
f 277 1729 279
f 275 1729 277
f 273 1729 275
f 1727 1729 273
f 1728 1729 1726
f 1618 1730 1728
f 1728 1730 1729
f 1328 1730 1618
f 1327 1730 1328
f 1623 1730 1327
f 1624 1730 1623
f 1625 1730 1624
f 1626 1730 1625
f 1729 1731 283
f 293 1731 295
f 291 1731 293
f 289 1731 291
f 287 1731 289
f 285 1731 287
f 283 1731 285
f 1730 1731 1729
f 1626 1732 1730
f 1331 1732 1626
f 1333 1732 1331
f 1335 1732 1333
f 1628 1732 1335
f 1629 1732 1628
f 1630 1732 1629
f 1337 1732 1630
f 1731 1733 295
f 303 1733 305
f 301 1733 303
f 299 1733 301
f 297 1733 299
f 295 1733 297
f 1732 1733 1730
f 1730 1733 1731
f 1337 1734 1732
f 1339 1734 1337
f 1341 1734 1339
f 1635 1734 1341
f 1636 1734 1635
f 1343 1734 1636
f 1346 1734 1343
f 313 1735 315
f 311 1735 313
f 309 1735 311
f 307 1735 309
f 305 1735 307
f 1732 1735 1733
f 1734 1735 1732
f 1733 1735 305
f 1346 1736 1734
f 1347 1736 1346
f 1349 1736 1347
f 1640 1736 1349
f 1641 1736 1640
f 1353 1736 1641
f 1351 1736 1353
f 319 1737 321
f 317 1737 319
f 315 1737 317
f 1736 1737 1734
f 1734 1737 1735
f 1735 1737 315
f 325 1737 327
f 323 1737 325
f 321 1737 323
f 1351 1738 1736
f 1736 1738 1737
f 1354 1738 1351
f 1356 1738 1354
f 1645 1738 1356
f 1359 1738 1645
f 1358 1738 1359
f 1361 1738 1358
f 1737 1739 327
f 1738 1739 1737
f 335 1739 337
f 333 1739 335
f 331 1739 333
f 329 1739 331
f 327 1739 329
f 1363 1740 1361
f 1365 1740 1363
f 1367 1740 1365
f 1369 1740 1367
f 1361 1740 1738
f 1371 1740 1369
f 1373 1740 1371
f 1740 1741 1738
f 1739 1741 337
f 1738 1741 1739
f 346 1741 348
f 344 1741 346
f 341 1741 344
f 339 1741 341
f 337 1741 339
f 1375 1742 1373
f 1377 1742 1375
f 1379 1742 1377
f 1381 1742 1379
f 1382 1742 1381
f 1384 1742 1382
f 1386 1742 1384
f 1373 1742 1740
f 1742 1743 1740
f 1741 1743 348
f 1740 1743 1741
f 356 1743 358
f 354 1743 356
f 351 1743 354
f 349 1743 351
f 348 1743 349
f 1386 1744 1742
f 1388 1744 1386
f 1390 1744 1388
f 1393 1744 1390
f 1395 1744 1393
f 1397 1744 1395
f 1399 1744 1397
f 477 1745 478
f 366 1745 477
f 1744 1745 1742
f 1743 1745 358
f 1742 1745 1743
f 364 1745 366
f 362 1745 364
f 360 1745 362
f 358 1745 360
f 1400 1746 1399
f 1402 1746 1400
f 1404 1746 1402
f 1406 1746 1404
f 1408 1746 1406
f 1410 1746 1408
f 1412 1746 1410
f 1399 1746 1744
f 1746 1747 1744
f 484 1747 1746
f 483 1747 484
f 482 1747 483
f 481 1747 482
f 480 1747 481
f 479 1747 480
f 478 1747 479
f 1745 1747 478
f 1744 1747 1745
f 1413 1748 1412
f 1415 1748 1413
f 492 1748 1424
f 1417 1748 1415
f 1419 1748 1417
f 493 1748 492
f 1421 1748 1419
f 1424 1748 1421
f 489 1748 493
f 488 1748 489
f 1746 1748 484
f 484 1748 485
f 1412 1748 1746
f 487 1749 488
f 486 1749 487
f 485 1749 486
f 488 1749 1748
f 1748 1749 485
f 502 1750 508
f 503 1750 502
f 496 1750 503
f 497 1750 496
f 1424 1750 492
f 498 1750 497
f 492 1750 498
f 1426 1750 1424
f 1429 1750 1426
f 1431 1750 1429
f 1433 1750 1431
f 1434 1750 1433
f 1436 1750 1434
f 508 1750 1436
f 518 1751 517
f 512 1751 518
f 513 1751 512
f 507 1751 513
f 1439 1751 1438
f 1440 1751 1439
f 1441 1751 1440
f 1442 1751 1441
f 1438 1751 507
f 517 1751 1442
f 1438 508 1436
f 1438 507 508
f 1443 517 1442
f 1444 526 1443
f 1443 526 517
f 1445 525 1444
f 1444 525 526
f 1446 532 1445
f 1447 532 1446
f 1445 532 525
f 1447 531 532
f 1214 531 1447
f 1213 531 1214
f 1213 538 531
f 1212 538 1213
f 1212 537 538
f 1211 537 1212
f 1211 544 537
f 1210 544 1211
f 1210 543 544
f 1209 543 1210
f 1209 550 543
f 1208 550 1209
f 1208 549 550
f 1207 549 1208
f 1207 557 549
f 1206 557 1207
f 1206 556 557
f 1450 1752 1321
f 1451 1752 1450
f 1452 1752 1451
f 1453 1752 1452
f 1454 1752 1453
f 1455 1752 1454
f 1456 1752 1455
f 1459 1752 1456
f 1321 1753 1715
f 1752 1753 1321
f 1754 1753 1755
f 1756 1753 1754
f 1757 1753 1756
f 1758 1753 1757
f 1759 1753 1758
f 1760 1753 1759
f 1715 1753 1760
f 1460 1761 1459
f 1461 1761 1460
f 1462 1761 1461
f 1463 1761 1462
f 1464 1761 1463
f 1465 1761 1464
f 1470 1761 1465
f 1459 1761 1752
f 1761 1762 1752
f 1753 1762 1755
f 1752 1762 1753
f 1763 1762 1764
f 1765 1762 1763
f 1766 1762 1765
f 1767 1762 1766
f 1768 1762 1767
f 1769 1762 1768
f 1755 1762 1769
f 1471 1770 1470
f 1472 1770 1471
f 1473 1770 1472
f 1474 1770 1473
f 1467 1770 1474
f 1469 1770 1467
f 1477 1770 1469
f 1470 1770 1761
f 1761 1771 1762
f 1762 1771 1764
f 1770 1771 1761
f 1772 1771 1773
f 1774 1771 1772
f 1775 1771 1774
f 1776 1771 1775
f 1764 1771 1776
f 1477 1701 1770
f 1478 1701 1477
f 1479 1701 1478
f 1480 1701 1479
f 1481 1701 1480
f 1482 1701 1481
f 1485 1701 1482
f 1486 1701 1485
f 1770 1692 1771
f 1771 1692 1773
f 1777 1692 1694
f 1778 1692 1777
f 1779 1692 1778
f 1780 1692 1779
f 1773 1692 1780
f 1701 1692 1770
f 1486 1702 1701
f 1487 1702 1486
f 1488 1702 1487
f 1489 1702 1488
f 1490 1702 1489
f 1491 1702 1490
f 1494 1702 1491
f 1495 1702 1494
f 476 1781 475
f 476 1782 1781
f 1782 1783 1781
f 1783 1784 1785
f 1782 1784 1783
f 1784 1786 1785
f 1784 1787 1786
f 1787 1788 1786
f 1787 1789 1788
f 1789 1790 1788
f 1789 1791 1790
f 1791 1792 1790
f 1791 1793 1792
f 1792 1793 1794
f 1793 1795 1794
f 1794 1795 1796
f 1795 1797 1796
f 1796 1797 1798
f 1797 1799 1798
f 1798 1799 1800
f 1799 1801 1800
f 1800 1801 1802
f 1801 1803 1802
f 1802 1803 1804
f 1803 1805 1804
f 1803 1806 1805
f 1806 1807 1805
f 1806 1808 1807
f 1808 1809 1807
f 1808 1810 1809
f 1810 1811 1809
f 1810 1812 1811
f 1812 1813 1811
f 1812 1814 1813
f 1814 1815 1813
f 1814 1816 1815
f 1816 1817 1815
f 1816 1818 1817
f 1818 1819 1817
f 1818 1820 1819
f 1820 1821 1819
f 1820 1822 1821
f 1822 1823 1821
f 1822 1824 1823
f 1824 1825 1823
f 1824 1826 1825
f 1826 1827 1825
f 1826 1828 1827
f 1828 1829 1827
f 1828 1830 1829
f 1830 1831 1829
f 1830 1832 1831
f 1832 1833 1831
f 1832 1834 1833
f 1834 1835 1833
f 1834 1836 1835
f 1836 1837 1835
f 1836 1838 1837
f 1838 1839 1837
f 1838 1840 1839
f 1840 1841 1839
f 1840 1842 1841
f 1842 1843 1841
f 1842 1844 1843
f 1844 1845 1843
f 1844 1846 1845
f 1846 1847 1845
f 1846 1848 1847
f 1848 1849 1847
f 1848 1850 1849
f 1850 1851 1849
f 1850 1852 1851
f 1852 1853 1851
f 1852 1854 1853
f 1854 1855 1853
f 1854 1856 1855
f 1856 1857 1855
f 1856 1858 1857
f 1858 1859 1857
f 1858 1860 1859
f 1860 1861 1859
f 1860 1862 1861
f 1862 1863 1861
f 1862 1864 1863
f 1864 1865 1863
f 1864 1866 1865
f 1866 1867 1865
f 1866 1868 1867
f 1868 1869 1867
f 1868 1870 1869
f 1870 1871 1869
f 1870 1872 1871
f 1872 1873 1871
f 1872 1874 1873
f 1874 1875 1873
f 1874 1876 1875
f 1876 1877 1875
f 1876 1878 1877
f 1878 1879 1877
f 1878 1880 1879
f 1880 1881 1879
f 1880 1882 1881
f 1882 1883 1881
f 1882 1884 1883
f 1884 1885 1883
f 1884 1886 1885
f 1886 1887 1885
f 1886 1888 1887
f 1888 1889 1887
f 1888 1890 1889
f 1890 1891 1889
f 1890 1892 1891
f 1892 1893 1891
f 1892 1894 1893
f 1894 1895 1893
f 1894 1896 1895
f 1896 1897 1895
f 1896 1898 1897
f 1898 1899 1897
f 1898 1900 1899
f 1900 1901 1899
f 1900 1902 1901
f 1902 1903 1901
f 1902 1904 1903
f 1904 1905 1903
f 1904 1906 1905
f 1906 1907 1905
f 1906 1908 1907
f 1908 1909 1907
f 1908 1910 1909
f 1910 1911 1909
f 1910 1912 1911
f 1912 1913 1911
f 1912 1914 1913
f 1914 1915 1913
f 1914 1916 1915
f 1916 1917 1915
f 1916 1918 1917
f 1918 1919 1917
f 1918 1920 1919
f 1920 1921 1919
f 1920 1922 1921
f 1922 1923 1921
f 1922 1924 1923
f 1924 1925 1923
f 1924 1926 1925
f 1926 1927 1925
f 1926 1928 1927
f 1928 1929 1927
f 1928 1930 1929
f 1930 1931 1929
f 1931 1932 1929
f 1931 1933 1932
f 1933 1934 1932
f 1933 1935 1934
f 1935 1936 1934
f 1935 1937 1936
f 1937 1938 1936
f 1937 1939 1938
f 1939 1940 1938
f 1939 1941 1940
f 1941 1942 1940
f 1941 1943 1942
f 1943 1944 1942
f 1943 1945 1944
f 1945 1946 1944
f 1945 1947 1946
f 1947 1948 1946
f 1947 1949 1948
f 1949 1950 1948
f 1949 1951 1950
f 1951 1952 1950
f 1951 1708 1952
f 1708 1953 1952
f 1708 1707 1953
f 1707 1711 1953
f 1711 1954 1953
f 1711 1712 1954
f 1712 1955 1954
f 1712 1715 1955
f 1715 1956 1955
f 1715 1760 1956
f 1760 1957 1956
f 1760 1759 1957
f 1759 1958 1957
f 1759 1758 1958
f 1758 1959 1958
f 1758 1757 1959
f 1757 1960 1959
f 1757 1756 1960
f 1756 1961 1960
f 1756 1754 1961
f 1754 1962 1961
f 1754 1755 1962
f 1755 1963 1962
f 1755 1769 1963
f 1769 1768 1963
f 1768 1964 1963
f 1768 1767 1964
f 1767 1965 1964
f 1767 1766 1965
f 1766 1966 1965
f 1766 1765 1966
f 1765 1967 1966
f 1765 1763 1967
f 1763 1968 1967
f 1763 1764 1968
f 1764 1969 1968
f 1764 1776 1969
f 1776 1970 1969
f 1776 1775 1970
f 1775 1971 1970
f 1775 1774 1971
f 1774 1972 1971
f 1774 1772 1972
f 1772 1973 1972
f 1772 1773 1973
f 1773 1974 1973
f 1773 1780 1974
f 1780 1975 1974
f 1780 1779 1975
f 1779 1976 1975
f 1779 1778 1976
f 1778 1977 1976
f 1778 1777 1977
f 1777 1978 1977
f 1777 1694 1978
f 1694 1979 1978
f 1694 1700 1979
f 1700 1980 1979
f 1700 1699 1980
f 1699 1981 1980
f 1699 1698 1981
f 1698 1982 1981
f 1698 1697 1982
f 1697 1983 1982
f 1697 1695 1983
f 1695 1984 1983
f 1695 1696 1984
f 1696 166 1984
f 1696 164 166
f 75 1985 30
f 30 1985 748
f 70 1986 75
f 75 1986 1985
f 54 1987 57
f 54 1988 1987
f 57 1989 59
f 59 1989 69
f 69 1989 70
f 1986 1989 1990
f 1990 1989 1991
f 1991 1989 1987
f 70 1989 1986
f 1987 1989 57
f 43 1992 45
f 45 1992 49
f 49 1992 50
f 50 1992 52
f 52 1992 54
f 1988 1992 1993
f 1993 1992 1994
f 1994 1992 1995
f 1995 1992 1996
f 1996 1992 1997
f 54 1992 1988
f 1992 1998 1997
f 34 1998 35
f 35 1998 36
f 36 1998 38
f 38 1998 40
f 40 1998 43
f 1997 1998 1999
f 1999 1998 2000
f 2000 1998 2001
f 2001 1998 2002
f 2002 1998 2003
f 43 1998 1992
f 21 2004 22
f 22 2004 24
f 24 2004 26
f 34 2005 1998
f 19 2005 21
f 21 2005 2004
f 26 2005 34
f 2004 2005 26
f 2003 2005 2006
f 2006 2005 2007
f 2007 2005 2008
f 2008 2005 2009
f 1998 2005 2003
f 9 2010 11
f 11 2010 13
f 13 2010 15
f 15 2010 17
f 17 2010 19
f 2010 2011 19
f 19 2011 2005
f 2009 2011 2012
f 2012 2011 2013
f 2013 2011 2014
f 2014 2011 2015
f 2015 2011 2016
f 2005 2011 2009
f 1 2017 2
f 2 2017 5
f 5 2017 7
f 7 2017 9
f 9 2017 2010
f 407 2017 1
f 2017 2018 2010
f 2010 2018 2011
f 2016 2018 2019
f 2019 2018 2020
f 2020 2018 2021
f 2021 2018 2022
f 2022 2018 2023
f 2011 2018 2016
f 407 2024 2017
f 415 2024 413
f 413 2024 411
f 411 2024 409
f 409 2024 407
f 2018 2025 2023
f 2024 2025 2017
f 2023 2025 2026
f 2026 2025 2027
f 2027 2025 2028
f 2028 2025 2029
f 2029 2025 2030
f 2017 2025 2018
f 415 2031 2024
f 423 2031 421
f 421 2031 419
f 419 2031 417
f 417 2031 415
f 2031 2032 2024
f 2030 2032 2033
f 2033 2032 2034
f 2034 2032 2035
f 2035 2032 2036
f 2024 2032 2025
f 2025 2032 2030
f 423 2037 2031
f 433 2037 431
f 431 2037 429
f 429 2037 427
f 427 2037 425
f 425 2037 423
f 2031 2038 2032
f 2036 2038 2039
f 2039 2038 2040
f 2040 2038 2041
f 2041 2038 2042
f 2042 2038 2043
f 2043 2038 2044
f 2037 2038 2031
f 2032 2038 2036
f 442 2045 440
f 440 2045 438
f 438 2045 436
f 436 2045 434
f 434 2045 433
f 433 2045 2037
f 2038 2046 2044
f 2045 2046 2037
f 2037 2046 2038
f 2044 2046 2047
f 2047 2046 2048
f 2048 2046 2049
f 2049 2046 2050
f 2050 2046 2051
f 451 2052 449
f 449 2052 446
f 446 2052 444
f 444 2052 442
f 442 2052 2045
f 2046 2053 2051
f 2052 2053 2045
f 2051 2053 2054
f 2054 2053 2055
f 2055 2053 2056
f 2056 2053 2057
f 2057 2053 2058
f 2045 2053 2046
f 451 2059 2052
f 459 2059 457
f 457 2059 455
f 455 2059 453
f 453 2059 451
f 2053 2060 2058
f 2059 2060 2052
f 2058 2060 2061
f 2061 2060 2062
f 2062 2060 2063
f 2063 2060 2064
f 2064 2060 2065
f 2052 2060 2053
f 470 2066 468
f 468 2066 466
f 466 2066 464
f 464 2066 461
f 461 2066 459
f 459 2066 2059
f 2066 2067 2059
f 2059 2067 2060
f 2065 2067 2068
f 2060 2067 2065
f 2068 2067 2069
f 2069 2067 2070
f 2070 2067 2071
f 2071 2067 2072
f 470 2073 2066
f 1785 2073 1783
f 1783 2073 1781
f 1781 2073 475
f 475 2073 473
f 473 2073 470
f 2074 2075 2076
f 2073 2075 2066
f 2067 2075 2072
f 2066 2075 2067
f 2072 2075 2077
f 2077 2075 2078
f 2078 2075 2079
f 2079 2075 2074
f 1794 2080 1792
f 1792 2080 1790
f 1790 2080 1788
f 1788 2080 1786
f 1786 2080 1785
f 1785 2080 2073
f 2076 2081 2082
f 2073 2081 2075
f 2082 2081 2083
f 2083 2081 2084
f 2084 2081 2085
f 2085 2081 2086
f 2080 2081 2073
f 2075 2081 2076
f 1802 2087 1800
f 1800 2087 1798
f 1798 2087 1796
f 1796 2087 1794
f 1794 2087 2080
f 2086 2088 2089
f 2089 2088 2090
f 2090 2088 2091
f 2091 2088 2092
f 2080 2088 2081
f 2092 2088 2093
f 2081 2088 2086
f 2087 2088 2080
f 1811 2094 1809
f 1809 2094 1807
f 1807 2094 1805
f 1805 2094 1804
f 1804 2094 1802
f 1802 2094 2087
f 2088 2095 2093
f 2093 2095 2096
f 2096 2095 2097
f 2097 2095 2098
f 2098 2095 2099
f 2099 2095 2100
f 2094 2095 2087
f 2087 2095 2088
f 1819 2101 1817
f 1817 2101 1815
f 1815 2101 1813
f 1813 2101 1811
f 1811 2101 2094
f 2094 2101 2095
f 2101 2102 2095
f 2100 2102 2103
f 2103 2102 2104
f 2104 2102 2105
f 2105 2102 2106
f 2106 2102 2107
f 2095 2102 2100
f 1829 2108 1827
f 1827 2108 1825
f 1825 2108 1823
f 1823 2108 1821
f 1821 2108 1819
f 1819 2108 2101
f 2101 2109 2102
f 2107 2109 2110
f 2110 2109 2111
f 2111 2109 2112
f 2112 2109 2113
f 2113 2109 2114
f 2114 2109 2115
f 2108 2109 2101
f 2102 2109 2107
f 1837 2116 1835
f 1835 2116 1833
f 1833 2116 1831
f 1831 2116 1829
f 2108 2116 2109
f 1829 2116 2108
f 2115 2117 2118
f 2118 2117 2119
f 2119 2117 2120
f 2120 2117 2121
f 2121 2117 2122
f 2109 2117 2115
f 2116 2117 2109
f 1845 2123 1843
f 1843 2123 1841
f 1841 2123 1839
f 1839 2123 1837
f 2116 2123 2117
f 1837 2123 2116
f 2122 2124 2125
f 2125 2124 2126
f 2126 2124 2127
f 2127 2124 2128
f 2128 2124 2129
f 2117 2124 2122
f 2123 2124 2117
f 1845 2130 2123
f 1853 2130 1851
f 1851 2130 1849
f 1849 2130 1847
f 1847 2130 1845
f 2124 2131 2129
f 2129 2131 2132
f 2132 2131 2133
f 2123 2131 2124
f 2133 2131 2134
f 2134 2131 2135
f 2135 2131 2136
f 2130 2131 2123
f 1863 2137 1861
f 1861 2137 1859
f 1859 2137 1857
f 1857 2137 1855
f 1855 2137 1853
f 1853 2137 2130
f 2130 2137 2131
f 2131 2138 2136
f 2136 2138 2139
f 2139 2138 2140
f 2140 2138 2141
f 2141 2138 2142
f 2142 2138 2143
f 2137 2138 2131
f 1869 2144 1867
f 1867 2144 1865
f 1865 2144 1863
f 1863 2144 2137
f 2137 2144 2138
f 1871 2144 1869
f 2138 2145 2143
f 2144 2145 2138
f 2143 2145 2146
f 2146 2145 2147
f 2147 2145 2148
f 2148 2145 2149
f 2149 2145 2150
f 1871 2151 2144
f 1879 2151 1877
f 1877 2151 1875
f 1875 2151 1873
f 1873 2151 1871
f 2144 2152 2145
f 2145 2152 2150
f 2150 2152 2153
f 2151 2152 2144
f 2153 2152 2154
f 2154 2152 2155
f 2155 2152 2156
f 2156 2152 2157
f 1879 2158 2151
f 1887 2158 1885
f 1885 2158 1883
f 1883 2158 1881
f 1881 2158 1879
f 2152 2159 2157
f 2151 2159 2152
f 2157 2159 2160
f 2160 2159 2161
f 2161 2159 2162
f 2162 2159 2163
f 2163 2159 2164
f 2158 2159 2151
f 1887 2165 2158
f 1897 2165 1895
f 1895 2165 1893
f 1893 2165 1891
f 1891 2165 1889
f 1889 2165 1887
f 2159 2166 2164
f 2158 2166 2159
f 2165 2166 2158
f 2164 2166 2167
f 2167 2166 2168
f 2168 2166 2169
f 2169 2166 2170
f 2170 2166 2171
f 1897 2172 2165
f 1905 2172 1903
f 1903 2172 1901
f 1901 2172 1899
f 1899 2172 1897
f 2165 2173 2166
f 2166 2173 2171
f 2172 2173 2165
f 2171 2173 2174
f 2174 2173 2175
f 2175 2173 2176
f 2176 2173 2177
f 2177 2173 2178
f 1905 2179 2172
f 1913 2179 1911
f 1911 2179 1909
f 1909 2179 1907
f 1907 2179 1905
f 2179 2180 2172
f 2173 2180 2178
f 2178 2180 2181
f 2181 2180 2182
f 2182 2180 2183
f 2183 2180 2184
f 2184 2180 2185
f 2172 2180 2173
f 1921 2186 1919
f 1919 2186 1917
f 1917 2186 1915
f 1915 2186 1913
f 1913 2186 2179
f 2180 2187 2185
f 2179 2187 2180
f 2185 2187 2188
f 2188 2187 2189
f 2189 2187 2190
f 2190 2187 2191
f 2191 2187 2192
f 2186 2187 2179
f 1921 2193 2186
f 2186 2193 2187
f 1929 2193 1927
f 1927 2193 1925
f 1925 2193 1923
f 1923 2193 1921
f 2187 2194 2192
f 2193 2194 2187
f 2192 2194 2195
f 2195 2194 2196
f 2196 2194 2197
f 2197 2194 2198
f 2198 2194 2199
f 2199 2194 2200
f 1929 2201 2193
f 1940 2201 1938
f 1938 2201 1936
f 1936 2201 1934
f 1934 2201 1932
f 1932 2201 1929
f 2193 2202 2194
f 2194 2202 2200
f 2201 2202 2193
f 2200 2202 2203
f 2203 2202 2204
f 2204 2202 2205
f 2205 2202 2206
f 2206 2202 2207
f 1948 2208 1946
f 1946 2208 1944
f 1944 2208 1942
f 1942 2208 1940
f 1940 2208 2201
f 2202 2209 2207
f 2208 2209 2201
f 2207 2209 2210
f 2210 2209 2211
f 2211 2209 2212
f 2201 2209 2202
f 2212 2209 2213
f 2213 2209 2214
f 1954 2215 1953
f 1953 2215 1952
f 1952 2215 1950
f 1950 2215 1948
f 1948 2215 2208
f 2216 2217 2218
f 2218 2217 2219
f 2208 2217 2209
f 2209 2217 2214
f 2215 2217 2208
f 2214 2217 2220
f 2220 2217 2221
f 2221 2217 2216
f 1954 2222 2215
f 1958 2222 1957
f 1957 2222 1956
f 1956 2222 1955
f 1955 2222 1954
f 2219 2223 2224
f 2217 2223 2219
f 2224 2223 2225
f 2225 2223 2226
f 2226 2223 2227
f 2227 2223 2228
f 2222 2223 2215
f 2215 2223 2217
f 1963 2229 1962
f 1962 2229 1961
f 1961 2229 1960
f 1960 2229 1959
f 1959 2229 1958
f 1958 2229 2222
f 2228 2230 2231
f 2231 2230 2232
f 2232 2230 2233
f 2233 2230 2234
f 2234 2230 2235
f 2229 2230 2222
f 2222 2230 2223
f 2223 2230 2228
f 1967 2236 1966
f 1966 2236 1965
f 1965 2236 1964
f 1964 2236 1963
f 2229 2236 2230
f 1963 2236 2229
f 2235 2237 2238
f 2238 2237 2239
f 2239 2237 2240
f 2240 2237 2241
f 2241 2237 2242
f 2242 2237 2243
f 2236 2237 2230
f 2230 2237 2235
f 1971 2244 1970
f 1970 2244 1969
f 1969 2244 1968
f 1968 2244 1967
f 1967 2244 2236
f 2237 2245 2243
f 2243 2245 2246
f 2246 2245 2247
f 2247 2245 2248
f 2248 2245 2249
f 2249 2245 2250
f 2236 2245 2237
f 2244 2245 2236
f 1975 2251 1974
f 1974 2251 1973
f 1973 2251 1972
f 1972 2251 1971
f 1971 2251 2244
f 2244 2252 2245
f 2250 2252 2253
f 2253 2252 2254
f 2254 2252 2255
f 2255 2252 2256
f 2256 2252 2257
f 2245 2252 2250
f 2251 2252 2244
f 1980 2258 1979
f 1979 2258 1978
f 1978 2258 1977
f 1977 2258 1976
f 1976 2258 1975
f 1975 2258 2251
f 2257 2259 2260
f 2260 2259 2261
f 2261 2259 2262
f 2262 2259 2263
f 2263 2259 2264
f 2252 2259 2257
f 2251 2259 2252
f 2258 2259 2251
f 1980 2265 2258
f 1984 2265 1983
f 1983 2265 1982
f 1982 2265 1981
f 1981 2265 1980
f 2264 2266 2267
f 2259 2266 2264
f 2267 2266 2268
f 2268 2266 2269
f 2269 2266 2270
f 2270 2266 2271
f 2265 2266 2258
f 2258 2266 2259
f 173 2272 171
f 171 2272 170
f 170 2272 168
f 168 2272 165
f 165 2272 166
f 166 2272 1984
f 1984 2272 2265
f 2265 2272 2266
f 2271 2273 2274
f 2274 2273 2275
f 2275 2273 2276
f 2276 2273 2277
f 2266 2273 2271
f 2272 2273 2266
f 173 2278 2272
f 182 2278 181
f 181 2278 179
f 179 2278 177
f 177 2278 175
f 175 2278 173
f 2277 2279 2280
f 2273 2279 2277
f 2280 2279 2281
f 2281 2279 2282
f 2282 2279 2283
f 2283 2279 2284
f 2278 2279 2272
f 2272 2279 2273
f 190 2285 188
f 188 2285 186
f 186 2285 184
f 184 2285 182
f 182 2285 2278
f 2285 2286 2278
f 2278 2286 2279
f 2284 2286 2287
f 2287 2286 2288
f 2288 2286 2289
f 2289 2286 2290
f 2290 2286 2291
f 2279 2286 2284
f 200 2292 198
f 198 2292 196
f 196 2292 194
f 194 2292 192
f 192 2292 190
f 2285 2292 2286
f 190 2292 2285
f 2286 2293 2291
f 2291 2293 2294
f 2294 2293 2295
f 2295 2293 2296
f 2296 2293 2297
f 2297 2293 2298
f 2292 2293 2286
f 208 2299 206
f 206 2299 204
f 204 2299 202
f 202 2299 200
f 200 2299 2292
f 2299 2300 2292
f 2293 2300 2298
f 2298 2300 2301
f 2301 2300 2302
f 2302 2300 2303
f 2303 2300 2304
f 2304 2300 2305
f 2292 2300 2293
f 216 2306 214
f 208 2306 2299
f 214 2306 212
f 212 2306 210
f 210 2306 208
f 218 2306 216
f 2306 2307 2299
f 2300 2307 2305
f 2305 2307 2308
f 2308 2307 2309
f 2309 2307 2310
f 2310 2307 2311
f 2311 2307 2312
f 2299 2307 2300
f 218 2313 2306
f 226 2313 224
f 224 2313 222
f 222 2313 220
f 220 2313 218
f 2307 2314 2312
f 2313 2314 2306
f 2306 2314 2307
f 2312 2314 2315
f 2315 2314 2316
f 2316 2314 2317
f 2317 2314 2318
f 2318 2314 2319
f 226 2320 2313
f 234 2320 232
f 232 2320 230
f 230 2320 228
f 228 2320 226
f 2320 2321 2313
f 2313 2321 2314
f 2314 2321 2319
f 2319 2321 2322
f 2322 2321 2323
f 2323 2321 2324
f 2324 2321 2325
f 2325 2321 2326
f 234 2327 2320
f 242 2327 240
f 240 2327 238
f 238 2327 236
f 236 2327 234
f 2327 2328 2320
f 2321 2328 2326
f 2320 2328 2321
f 2326 2328 2329
f 2329 2328 2330
f 2330 2328 2331
f 2331 2328 2332
f 2332 2328 2333
f 2327 2334 2328
f 242 2334 2327
f 250 2334 248
f 248 2334 246
f 246 2334 244
f 244 2334 242
f 2328 2335 2333
f 2334 2335 2328
f 2333 2335 2336
f 2336 2335 2337
f 2337 2335 2338
f 2338 2335 2339
f 2339 2335 2340
f 250 2341 2334
f 260 2341 258
f 258 2341 256
f 256 2341 254
f 254 2341 252
f 252 2341 250
f 2335 2342 2340
f 2341 2342 2334
f 2334 2342 2335
f 2340 2342 2343
f 2343 2342 2344
f 2344 2342 2345
f 2345 2342 2346
f 260 2347 2341
f 268 2347 266
f 266 2347 264
f 264 2347 262
f 262 2347 260
f 2342 2348 2346
f 2347 2348 2341
f 2341 2348 2342
f 2346 2348 2349
f 2349 2348 2350
f 2350 2348 2351
f 2351 2348 2352
f 2352 2348 2353
f 2347 2354 2348
f 268 2354 2347
f 276 2354 274
f 274 2354 272
f 272 2354 270
f 270 2354 268
f 2348 2355 2353
f 2354 2355 2348
f 2353 2355 2356
f 2356 2355 2357
f 2357 2355 2358
f 2358 2355 2359
f 2359 2355 2360
f 284 2361 282
f 282 2361 280
f 280 2361 278
f 278 2361 276
f 276 2361 2354
f 2360 2362 2363
f 2363 2362 2364
f 2364 2362 2365
f 2365 2362 2366
f 2366 2362 2367
f 2355 2362 2360
f 2361 2362 2354
f 2354 2362 2355
f 294 2368 292
f 292 2368 290
f 290 2368 288
f 284 2368 2361
f 288 2368 286
f 286 2368 284
f 2367 2369 2370
f 2370 2369 2371
f 2371 2369 2372
f 2372 2369 2373
f 2373 2369 2374
f 2374 2369 2375
f 2368 2369 2361
f 2362 2369 2367
f 2361 2369 2362
f 302 2376 300
f 300 2376 298
f 298 2376 296
f 296 2376 294
f 294 2376 2368
f 2375 2377 2378
f 2378 2377 2379
f 2379 2377 2380
f 2380 2377 2381
f 2381 2377 2382
f 2368 2377 2369
f 2376 2377 2368
f 2369 2377 2375
f 302 2383 2376
f 310 2383 308
f 308 2383 306
f 306 2383 304
f 304 2383 302
f 2382 2384 2385
f 2385 2384 2386
f 2386 2384 2387
f 2387 2384 2388
f 2388 2384 2389
f 2376 2384 2377
f 2377 2384 2382
f 2383 2384 2376
f 318 2390 316
f 316 2390 314
f 314 2390 312
f 312 2390 310
f 310 2390 2383
f 2383 2390 2384
f 2390 2391 2384
f 2389 2391 2392
f 2392 2391 2393
f 2393 2391 2394
f 2394 2391 2395
f 2395 2391 2396
f 2384 2391 2389
f 328 2397 326
f 326 2397 324
f 324 2397 322
f 322 2397 320
f 320 2397 318
f 318 2397 2390
f 2391 2398 2396
f 2397 2398 2390
f 2390 2398 2391
f 2396 2398 2399
f 2399 2398 2400
f 2400 2398 2401
f 2401 2398 2402
f 2402 2398 2403
f 328 2404 2397
f 1317 2404 338
f 338 2404 336
f 336 2404 334
f 334 2404 332
f 332 2404 330
f 330 2404 328
f 1317 2405 2404
f 2397 2405 2398
f 2404 2405 2397
f 2403 2405 2406
f 2406 2405 2407
f 2407 2405 2408
f 2408 2405 2409
f 2409 2405 2410
f 2410 2405 2411
f 2411 2405 2412
f 2412 2405 1317
f 2398 2405 2403
f 1985 767 748
f 1985 1986 767
f 1986 771 767
f 1990 775 1986
f 1986 775 771
f 1990 779 775
f 1991 779 1990
f 1991 781 779
f 1987 781 1991
f 1987 785 781
f 1988 785 1987
f 1988 789 785
f 1988 1993 789
f 1993 792 789
f 1993 797 792
f 1994 797 1993
f 1994 2413 797
f 1995 2413 1994
f 1995 2414 2413
f 1996 2414 1995
f 1996 2415 2414
f 1997 2415 1996
f 1997 2416 2415
f 1999 2416 1997
f 1999 2417 2416
f 2000 2417 1999
f 2000 2418 2417
f 2001 2418 2000
f 2002 2418 2001
f 2002 2419 2418
f 2003 2419 2002
f 2003 2420 2419
f 2006 2420 2003
f 2006 2421 2420
f 2007 2421 2006
f 2007 2422 2421
f 2008 2422 2007
f 2008 2423 2422
f 2009 2423 2008
f 2009 2424 2423
f 2012 2424 2009
f 2012 2425 2424
f 2013 2425 2012
f 2013 2426 2425
f 2014 2426 2013
f 2014 2427 2426
f 2015 2427 2014
f 2015 2428 2427
f 2016 2428 2015
f 2016 2429 2428
f 2019 2429 2016
f 2019 2430 2429
f 2020 2430 2019
f 2021 2431 2020
f 2020 2431 2430
f 2021 2432 2431
f 2022 2432 2021
f 2022 2433 2432
f 2023 2434 2022
f 2022 2434 2433
f 2026 2435 2023
f 2023 2435 2434
f 2027 2436 2026
f 2026 2436 2435
f 2028 2437 2027
f 2027 2437 2436
f 2029 2438 2028
f 2028 2438 2437
f 2030 2439 2029
f 2029 2439 2438
f 2033 2440 2030
f 2030 2440 2439
f 2034 2441 2033
f 2033 2441 2440
f 2035 2442 2034
f 2034 2442 2441
f 2036 2443 2035
f 2035 2443 2442
f 2039 2444 2036
f 2036 2444 2443
f 2040 2445 2039
f 2039 2445 2444
f 2041 2446 2040
f 2040 2446 2445
f 2042 2447 2041
f 2041 2447 2446
f 2043 2448 2042
f 2042 2448 2447
f 2044 2449 2043
f 2043 2449 2448
f 2047 2450 2044
f 2044 2450 2449
f 2050 2451 2049
f 2051 2452 2050
f 2054 2452 2051
f 2050 2452 2451
f 2054 2453 2452
f 2058 2454 2057
f 2058 2455 2454
f 2061 2455 2058
f 2065 2456 2064
f 2065 2457 2456
f 2068 2457 2065
f 2077 2458 2072
f 2077 2459 2458
f 2082 2460 2076
f 2048 2461 2047
f 2049 2461 2048
f 2450 2461 2462
f 2462 2461 2463
f 2463 2461 2451
f 2047 2461 2450
f 2451 2461 2049
f 2055 2464 2054
f 2056 2464 2055
f 2057 2464 2056
f 2453 2464 2465
f 2465 2464 2466
f 2466 2464 2454
f 2454 2464 2057
f 2054 2464 2453
f 2061 2467 2455
f 2062 2467 2061
f 2063 2467 2062
f 2064 2467 2063
f 2456 2467 2064
f 2455 2467 2468
f 2468 2467 2469
f 2469 2467 2470
f 2470 2467 2456
f 2069 2471 2068
f 2070 2471 2069
f 2071 2471 2070
f 2068 2471 2457
f 2072 2471 2071
f 2457 2471 2472
f 2472 2471 2473
f 2458 2471 2072
f 2473 2471 2474
f 2474 2471 2458
f 2078 2475 2077
f 2079 2475 2078
f 2074 2475 2079
f 2076 2475 2074
f 2459 2475 2476
f 2077 2475 2459
f 2476 2475 2477
f 2477 2475 2478
f 2460 2475 2076
f 2479 2475 2460
f 2478 2475 2479
f 2083 2480 2082
f 2084 2480 2083
f 2085 2480 2084
f 2086 2480 2085
f 2481 2480 2086
f 2082 2480 2460
f 2482 2480 2481
f 2483 2480 2482
f 2484 2480 2483
f 2485 2480 2484
f 2460 2480 2485
f 2089 2486 2086
f 2090 2486 2089
f 2091 2486 2090
f 2092 2486 2091
f 2093 2486 2092
f 2086 2486 2481
f 2487 2486 2488
f 2489 2486 2487
f 2490 2486 2489
f 2491 2486 2490
f 2481 2486 2491
f 2096 2492 2093
f 2097 2492 2096
f 2098 2492 2097
f 2099 2492 2098
f 2100 2492 2099
f 2486 2492 2488
f 2093 2492 2486
f 2493 2492 2494
f 2495 2492 2493
f 2496 2492 2495
f 2488 2492 2496
f 2492 2497 2494
f 2100 2497 2492
f 2103 2497 2100
f 2104 2497 2103
f 2105 2497 2104
f 2106 2497 2105
f 2107 2497 2106
f 2498 2497 2499
f 2500 2497 2498
f 2501 2497 2500
f 2502 2497 2501
f 2494 2497 2502
f 2497 2503 2499
f 2110 2503 2107
f 2111 2503 2110
f 2112 2503 2111
f 2113 2503 2112
f 2114 2503 2113
f 2115 2503 2114
f 2504 2503 2505
f 2506 2503 2504
f 2507 2503 2506
f 2508 2503 2507
f 2499 2503 2508
f 2107 2503 2497
f 2503 2509 2505
f 2115 2509 2503
f 2510 2509 2511
f 2512 2509 2510
f 2513 2509 2512
f 2514 2509 2513
f 2505 2509 2514
f 2118 2509 2115
f 2119 2509 2118
f 2120 2509 2119
f 2121 2509 2120
f 2122 2509 2121
f 158 2515 157
f 2122 2515 2509
f 2511 2515 2516
f 2125 2515 2122
f 2126 2515 2125
f 2127 2515 2126
f 2128 2515 2127
f 2129 2515 2128
f 2509 2515 2511
f 2515 2517 2516
f 159 2517 158
f 158 2517 2515
f 160 2517 159
f 2516 2517 160
f 2129 2518 2515
f 142 2518 137
f 157 2518 149
f 2515 2518 157
f 2132 2518 2129
f 2133 2518 2132
f 2134 2518 2133
f 2135 2518 2134
f 2136 2518 2135
f 143 2519 142
f 148 2519 143
f 149 2519 148
f 142 2519 2518
f 2518 2519 149
f 2136 2520 2518
f 137 2520 136
f 2518 2520 137
f 2139 2520 2136
f 2140 2520 2139
f 2141 2520 2140
f 2142 2520 2141
f 2143 2520 2142
f 130 2521 125
f 131 2521 130
f 136 2521 131
f 125 2521 2520
f 2520 2521 136
f 125 2522 124
f 2520 2522 125
f 2143 2522 2520
f 2146 2522 2143
f 2147 2522 2146
f 2148 2522 2147
f 2149 2522 2148
f 2150 2522 2149
f 112 2523 2522
f 2522 2523 124
f 113 2523 112
f 118 2523 113
f 119 2523 118
f 124 2523 119
f 2522 2524 112
f 112 2524 111
f 2150 2524 2522
f 2153 2524 2150
f 2154 2524 2153
f 2155 2524 2154
f 2156 2524 2155
f 2157 2524 2156
f 100 2525 99
f 105 2525 100
f 106 2525 105
f 111 2525 106
f 2524 2525 111
f 2162 2526 2161
f 2163 2526 2162
f 2164 2526 2163
f 2157 2526 2524
f 2160 2526 2157
f 2161 2526 2160
f 83 2527 82
f 88 2527 83
f 2526 2527 2524
f 89 2527 88
f 94 2527 89
f 99 2527 94
f 2525 2527 99
f 2524 2527 2525
f 2164 2528 2526
f 2167 2528 2164
f 2168 2528 2167
f 2169 2528 2168
f 2170 2528 2169
f 2171 2528 2170
f 73 2529 72
f 77 2529 73
f 78 2529 77
f 82 2529 78
f 2527 2529 82
f 2526 2529 2527
f 2528 2529 2526
f 2174 2530 2171
f 2175 2530 2174
f 2176 2530 2175
f 2177 2530 2176
f 2178 2530 2177
f 2171 2530 2528
f 2528 2531 2529
f 64 2531 63
f 66 2531 64
f 67 2531 66
f 72 2531 67
f 2530 2531 2528
f 2529 2531 72
f 2181 2532 2178
f 2182 2532 2181
f 2183 2532 2182
f 2184 2532 2183
f 2185 2532 2184
f 2178 2532 2530
f 56 2533 55
f 60 2533 56
f 61 2533 60
f 63 2533 61
f 2530 2533 2531
f 2532 2533 2530
f 2531 2533 63
f 55 2533 51
f 2188 2534 2185
f 2189 2534 2188
f 2190 2534 2189
f 2191 2534 2190
f 2192 2534 2191
f 2185 2534 2532
f 2532 2535 2533
f 2533 2535 51
f 2534 2535 2532
f 42 2535 41
f 46 2535 42
f 47 2535 46
f 51 2535 47
f 2195 2536 2192
f 2196 2536 2195
f 2197 2536 2196
f 2198 2536 2197
f 2199 2536 2198
f 2200 2536 2199
f 2192 2536 2534
f 33 2537 394
f 394 2537 395
f 2536 2537 2534
f 2534 2537 2535
f 37 2537 33
f 41 2537 37
f 2535 2537 41
f 2203 2538 2200
f 2204 2538 2203
f 2205 2538 2204
f 2206 2538 2205
f 2207 2538 2206
f 2200 2538 2536
f 2537 2539 395
f 395 2539 396
f 396 2539 397
f 397 2539 398
f 398 2539 399
f 2538 2539 2536
f 2536 2539 2537
f 2210 2540 2207
f 2211 2540 2210
f 2212 2540 2211
f 2213 2540 2212
f 2214 2540 2213
f 2207 2540 2538
f 2539 2541 399
f 2538 2541 2539
f 2540 2541 2538
f 399 2541 400
f 400 2541 401
f 401 2541 402
f 402 2541 403
f 403 2541 404
f 2220 2542 2214
f 2221 2542 2220
f 2216 2542 2221
f 2218 2542 2216
f 2219 2542 2218
f 2214 2542 2540
f 2541 2543 404
f 404 2543 405
f 405 2543 406
f 406 2543 408
f 408 2543 410
f 2542 2543 2540
f 2540 2543 2541
f 2542 2544 2543
f 2219 2544 2542
f 2224 2544 2219
f 2225 2544 2224
f 2226 2544 2225
f 2227 2544 2226
f 2228 2544 2227
f 2544 2545 2543
f 410 2545 412
f 412 2545 414
f 414 2545 416
f 416 2545 418
f 2543 2545 410
f 2228 2546 2544
f 2231 2546 2228
f 2232 2546 2231
f 2233 2546 2232
f 2234 2546 2233
f 2235 2546 2234
f 2545 2547 418
f 2546 2547 2544
f 418 2547 420
f 420 2547 422
f 422 2547 424
f 424 2547 426
f 2544 2547 2545
f 2238 2548 2235
f 2239 2548 2238
f 2240 2548 2239
f 2241 2548 2240
f 2242 2548 2241
f 2243 2548 2242
f 2235 2548 2546
f 2547 2549 426
f 2548 2549 2546
f 426 2549 428
f 428 2549 430
f 430 2549 432
f 432 2549 435
f 435 2549 437
f 2546 2549 2547
f 2243 2550 2548
f 2246 2550 2243
f 2247 2550 2246
f 2248 2550 2247
f 2249 2550 2248
f 2250 2550 2249
f 2549 2551 437
f 2550 2551 2548
f 437 2551 439
f 439 2551 441
f 441 2551 443
f 443 2551 445
f 2548 2551 2549
f 2250 2552 2550
f 2253 2552 2250
f 2254 2552 2253
f 2255 2552 2254
f 2256 2552 2255
f 2257 2552 2256
f 2551 2553 445
f 2552 2553 2550
f 445 2553 447
f 447 2553 448
f 448 2553 450
f 450 2553 452
f 452 2553 454
f 2550 2553 2551
f 2260 2554 2257
f 2261 2554 2260
f 2262 2554 2261
f 2263 2554 2262
f 2264 2554 2263
f 2257 2554 2552
f 2552 2555 2553
f 454 2555 456
f 456 2555 458
f 458 2555 460
f 460 2555 462
f 462 2555 463
f 2554 2555 2552
f 2553 2555 454
f 2264 2556 2554
f 2267 2556 2264
f 2268 2556 2267
f 2269 2556 2268
f 2270 2556 2269
f 2271 2556 2270
f 2554 2557 2555
f 2555 2557 463
f 463 2557 465
f 465 2557 467
f 467 2557 469
f 469 2557 471
f 471 2557 472
f 2556 2557 2554
f 2271 2558 2556
f 2274 2558 2271
f 2275 2558 2274
f 2276 2558 2275
f 2277 2558 2276
f 2558 2559 2556
f 2556 2559 2557
f 2557 2559 472
f 472 2559 474
f 474 2559 476
f 476 2559 1782
f 1782 2559 1784
f 1784 2559 1787
f 2277 2560 2558
f 2280 2560 2277
f 2281 2560 2280
f 2282 2560 2281
f 2283 2560 2282
f 2284 2560 2283
f 2558 2561 2559
f 2560 2561 2558
f 1787 2561 1789
f 1789 2561 1791
f 1791 2561 1793
f 2559 2561 1787
f 1793 2561 1795
f 2284 2562 2560
f 2287 2562 2284
f 2288 2562 2287
f 2289 2562 2288
f 2290 2562 2289
f 2291 2562 2290
f 2562 2563 2560
f 2560 2563 2561
f 2561 2563 1795
f 1795 2563 1797
f 1797 2563 1799
f 1799 2563 1801
f 1801 2563 1803
f 1803 2563 1806
f 2562 2564 2563
f 2291 2564 2562
f 2294 2564 2291
f 2295 2564 2294
f 2296 2564 2295
f 2297 2564 2296
f 2298 2564 2297
f 1808 2565 1810
f 1810 2565 1812
f 1812 2565 1814
f 2564 2565 2563
f 2563 2565 1806
f 1806 2565 1808
f 2303 2566 2302
f 2304 2566 2303
f 2305 2566 2304
f 2298 2566 2564
f 2301 2566 2298
f 2302 2566 2301
f 1814 2567 1816
f 1816 2567 1818
f 1818 2567 1820
f 2566 2567 2564
f 1820 2567 1822
f 2564 2567 2565
f 2565 2567 1814
f 2308 2568 2305
f 2309 2568 2308
f 2310 2568 2309
f 2311 2568 2310
f 2312 2568 2311
f 2305 2568 2566
f 1822 2569 1824
f 1824 2569 1826
f 1826 2569 1828
f 1828 2569 1830
f 2567 2569 1822
f 2568 2569 2566
f 2566 2569 2567
f 2315 2570 2312
f 2316 2570 2315
f 2317 2570 2316
f 2318 2570 2317
f 2319 2570 2318
f 2312 2570 2568
f 1830 2571 1832
f 1832 2571 1834
f 1834 2571 1836
f 1836 2571 1838
f 1838 2571 1840
f 2568 2571 2569
f 2570 2571 2568
f 2569 2571 1830
f 2322 2572 2319
f 2323 2572 2322
f 2324 2572 2323
f 2325 2572 2324
f 2326 2572 2325
f 2319 2572 2570
f 1840 2573 1842
f 1842 2573 1844
f 1844 2573 1846
f 1846 2573 1848
f 2570 2573 2571
f 2571 2573 1840
f 2572 2573 2570
f 2329 2574 2326
f 2330 2574 2329
f 2331 2574 2330
f 2332 2574 2331
f 2333 2574 2332
f 2326 2574 2572
f 2572 2574 2573
f 2573 2575 1848
f 1848 2575 1850
f 1850 2575 1852
f 1852 2575 1854
f 1854 2575 1856
f 2574 2575 2573
f 2333 2576 2574
f 2336 2576 2333
f 2337 2576 2336
f 2338 2576 2337
f 2339 2576 2338
f 2340 2576 2339
f 1856 2577 1858
f 1858 2577 1860
f 1860 2577 1862
f 2574 2577 2575
f 1862 2577 1864
f 2576 2577 2574
f 2575 2577 1856
f 2343 2578 2340
f 2344 2578 2343
f 2345 2578 2344
f 2346 2578 2345
f 2340 2578 2576
f 2576 2578 2577
f 1864 2579 1866
f 1866 2579 1868
f 1868 2579 1870
f 1870 2579 1872
f 2577 2579 1864
f 2578 2579 2577
f 2346 2580 2578
f 2349 2580 2346
f 2350 2580 2349
f 2351 2580 2350
f 2352 2580 2351
f 2353 2580 2352
f 2579 2581 1872
f 1872 2581 1874
f 1874 2581 1876
f 1876 2581 1878
f 1878 2581 1880
f 1880 2581 1882
f 2578 2581 2579
f 2580 2581 2578
f 2356 2582 2353
f 2357 2582 2356
f 2358 2582 2357
f 2359 2582 2358
f 2360 2582 2359
f 2353 2582 2580
f 1882 2583 1884
f 1884 2583 1886
f 1886 2583 1888
f 1888 2583 1890
f 2580 2583 2581
f 2581 2583 1882
f 2582 2583 2580
f 2360 2584 2582
f 2363 2584 2360
f 2364 2584 2363
f 2365 2584 2364
f 2366 2584 2365
f 2367 2584 2366
f 2584 2585 2582
f 2583 2585 1890
f 2582 2585 2583
f 1890 2585 1892
f 1892 2585 1894
f 1894 2585 1896
f 1896 2585 1898
f 2367 2586 2584
f 2584 2586 2585
f 2370 2586 2367
f 2371 2586 2370
f 2372 2586 2371
f 2373 2586 2372
f 2374 2586 2373
f 2375 2586 2374
f 1898 2587 1900
f 1900 2587 1902
f 1902 2587 1904
f 1904 2587 1906
f 2586 2587 2585
f 2585 2587 1898
f 2378 2588 2375
f 2379 2588 2378
f 2380 2588 2379
f 2381 2588 2380
f 2382 2588 2381
f 2375 2588 2586
f 2586 2589 2587
f 1906 2589 1908
f 1908 2589 1910
f 1910 2589 1912
f 1912 2589 1914
f 1914 2589 1916
f 2587 2589 1906
f 2588 2589 2586
f 2385 2590 2382
f 2386 2590 2385
f 2387 2590 2386
f 2388 2590 2387
f 2389 2590 2388
f 2382 2590 2588
f 2588 2590 2589
f 2589 2591 1916
f 1916 2591 1918
f 1918 2591 1920
f 1920 2591 1922
f 1922 2591 1924
f 2590 2591 2589
f 2389 2592 2590
f 2392 2592 2389
f 2393 2592 2392
f 2394 2592 2393
f 2395 2592 2394
f 2396 2592 2395
f 2591 2593 1924
f 2590 2593 2591
f 2592 2593 2590
f 1924 2593 1926
f 1926 2593 1928
f 1928 2593 1930
f 1930 2593 1931
f 1931 2593 1933
f 2396 2594 2592
f 2399 2594 2396
f 2400 2594 2399
f 2401 2594 2400
f 2402 2594 2401
f 2403 2594 2402
f 2594 2595 2592
f 2593 2595 1933
f 2592 2595 2593
f 1933 2595 1935
f 1935 2595 1937
f 1937 2595 1939
f 1939 2595 1941
f 2594 2596 2595
f 2403 2596 2594
f 2406 2596 2403
f 2407 2596 2406
f 2408 2596 2407
f 2409 2596 2408
f 2410 2596 2409
f 2411 2596 2410
f 2412 2596 2411
f 1317 2596 2412
f 2595 2597 1941
f 2596 2597 2595
f 1317 2597 2596
f 1941 2597 1943
f 1943 2597 1945
f 1945 2597 1947
f 1947 2597 1949
f 1949 2597 1951
f 1951 2597 1708
f 1708 2597 1317
f 729 732 2449
f 735 738 2447
f 2446 738 2445
f 2447 738 2446
f 738 741 2445
f 2445 741 2444
f 741 744 2444
f 2444 744 2443
f 744 747 2443
f 2443 747 2442
f 747 751 2442
f 2442 751 2441
f 751 754 2441
f 2441 754 2440
f 754 757 2440
f 2440 757 2439
f 757 760 2439
f 2439 760 2438
f 760 763 2438
f 2438 763 2437
f 763 766 2437
f 2437 766 2436
f 2435 770 2434
f 2436 770 2435
f 766 770 2436
f 2434 774 2433
f 770 774 2434
f 2433 778 2432
f 774 778 2433
f 2432 783 2431
f 778 783 2432
f 2431 787 2430
f 783 787 2431
f 2430 791 2429
f 787 791 2430
f 2429 795 2428
f 791 795 2429
f 2428 800 2427
f 795 800 2428
f 2427 804 2426
f 800 804 2427
f 2426 808 2425
f 804 808 2426
f 2425 812 2424
f 808 812 2425
f 2424 816 2423
f 812 816 2424
f 2423 820 2422
f 816 820 2423
f 820 824 2422
f 2422 824 2421
f 824 826 2421
f 2421 826 2420
f 826 822 2420
f 2420 822 2419
f 822 817 2419
f 2419 817 2418
f 817 814 2418
f 2418 814 2417
f 814 809 2417
f 2417 809 2416
f 2416 806 2415
f 809 806 2416
f 2415 802 2414
f 806 802 2415
f 2414 798 2413
f 802 798 2414
f 798 797 2413
f 161 2598 160
f 160 2598 2516
f 2516 2598 2511
f 2511 2598 2510
f 161 2599 2598
f 657 2599 661
f 661 2599 665
f 665 2599 161
f 2510 2600 2512
f 2512 2600 2513
f 2598 2600 2510
f 2598 2601 2600
f 657 2601 2599
f 649 2601 653
f 653 2601 657
f 2599 2601 2598
f 2600 2602 2513
f 2513 2602 2514
f 2514 2602 2505
f 2601 2603 2600
f 2600 2603 2602
f 641 2603 645
f 645 2603 649
f 649 2603 2601
f 2602 2604 2505
f 2505 2604 2504
f 2504 2604 2506
f 2602 2605 2604
f 641 2605 2603
f 2603 2605 2602
f 633 2605 637
f 637 2605 641
f 2604 2606 2506
f 2506 2606 2507
f 2507 2606 2508
f 2604 2607 2606
f 633 2607 2605
f 625 2607 629
f 2605 2607 2604
f 629 2607 633
f 2499 2608 2498
f 2606 2608 2508
f 2508 2608 2499
f 2606 2609 2608
f 617 2609 621
f 621 2609 625
f 2607 2609 2606
f 625 2609 2607
f 2498 2610 2500
f 2500 2610 2501
f 2608 2610 2498
f 2609 2611 2608
f 617 2611 2609
f 609 2611 613
f 613 2611 617
f 2608 2611 2610
f 2501 2612 2502
f 2502 2612 2494
f 2494 2612 2493
f 2610 2612 2501
f 609 2613 2611
f 2610 2613 2612
f 612 2613 607
f 607 2613 609
f 2611 2613 2610
f 2493 2614 2495
f 2495 2614 2496
f 2612 2614 2493
f 2612 2615 2614
f 612 2615 2613
f 2613 2615 2612
f 620 2615 616
f 616 2615 612
f 2496 2616 2488
f 2488 2616 2487
f 2614 2616 2496
f 2614 2617 2616
f 628 2617 623
f 623 2617 620
f 620 2617 2615
f 2615 2617 2614
f 2487 2618 2489
f 2489 2618 2490
f 2617 2618 2616
f 2616 2618 2487
f 628 2619 2617
f 636 2619 632
f 632 2619 628
f 2617 2619 2618
f 2490 2620 2491
f 2491 2620 2481
f 2618 2620 2490
f 2619 2620 2618
f 636 2621 2619
f 2619 2621 2620
f 2620 2621 2481
f 644 2621 640
f 640 2621 636
f 2481 2622 2482
f 2482 2622 2483
f 2621 2623 2481
f 644 2623 2621
f 2481 2623 2622
f 652 2623 648
f 648 2623 644
f 2622 2623 2483
f 2483 2624 2484
f 2484 2624 2485
f 2483 2625 2624
f 2623 2625 2483
f 2624 2625 2485
f 660 2625 656
f 656 2625 652
f 652 2625 2623
f 2625 2626 2485
f 2485 2626 2460
f 2460 2626 2479
f 668 2626 664
f 664 2626 660
f 660 2626 2625
f 2479 2627 2478
f 2626 2627 2479
f 673 2627 671
f 671 2627 668
f 668 2627 2626
f 2477 2627 2476
f 2478 2627 2477
f 2627 2628 2476
f 680 2628 677
f 673 2628 2627
f 677 2628 673
f 2459 2628 2458
f 2476 2628 2459
f 680 2629 2628
f 685 2629 682
f 682 2629 680
f 2474 2629 2473
f 2458 2629 2474
f 2628 2629 2458
f 685 2630 2629
f 691 2630 689
f 689 2630 685
f 2629 2630 2473
f 2472 2630 2457
f 2473 2630 2472
f 698 2631 695
f 695 2631 691
f 691 2631 2630
f 2456 2631 2470
f 2457 2631 2456
f 2630 2631 2457
f 704 2632 701
f 701 2632 698
f 698 2632 2631
f 2468 2632 2455
f 2469 2632 2468
f 2470 2632 2469
f 2631 2632 2470
f 2632 2633 2455
f 707 2633 704
f 704 2633 2632
f 2454 2633 2466
f 2455 2633 2454
f 2633 2634 2466
f 712 2634 710
f 710 2634 707
f 2465 2634 2453
f 2466 2634 2465
f 707 2634 2633
f 717 2635 715
f 715 2635 712
f 2452 2635 2451
f 2453 2635 2452
f 712 2635 2634
f 2634 2635 2453
f 723 2636 720
f 720 2636 717
f 2463 2636 2462
f 2451 2636 2463
f 2635 2636 2451
f 717 2636 2635
f 2462 2636 723
f 2449 2637 729
f 729 2637 726
f 726 2637 723
f 2450 2637 2449
f 2462 2637 2450
f 723 2637 2462
f 732 2638 2449
f 2447 2638 735
f 735 2638 732
f 2448 2638 2447
f 2449 2638 2448
f 30 748 28
