# Full FreeCAD instance transform baked; body-local coordinates in mm
v 22.315500900 157.064882720 114.625001775
v 22.364668122 157.018829731 114.636169056
v 22.367432738 157.030416860 114.625000404
v 22.421017905 156.998582283 114.625000404
v 22.414057384 156.977226949 114.646788977
v 22.476123319 156.969458346 114.625000404
v 22.467491763 156.936874352 114.657742261
v 22.532611974 156.943117459 114.625000404
v 22.522910123 156.899526820 114.668610569
v 22.590343422 156.919625113 114.625000404
v 22.579133548 156.865788883 114.679198371
v 22.649174127 156.899039716 114.625000404
v 22.635215835 156.835867425 114.689374389
v 22.708957820 156.881412450 114.625000404
v 22.696810109 156.806881632 114.700156984
v 22.769545861 156.866787141 114.625000404
v 22.760648939 156.780721168 114.710964991
v 22.830787613 156.855200151 114.625000404
v 22.793858149 156.768605663 114.716472832
v 22.827773114 156.757256572 114.722029766
v 22.892530810 156.846680289 114.625000404
v 22.888687692 156.739386955 114.731858399
v 22.954621942 156.841248738 114.625000404
v 22.922292920 156.730867503 114.737205161
v 22.956102963 156.723227929 114.742534820
v 23.016906633 156.838919002 114.625000404
v 23.021668138 156.711000257 114.752738182
v 23.079230026 156.839696873 114.625000404
v 23.084551021 156.702377266 114.762372349
v 24.181521036 156.939773926 115.000000000
v 24.236518078 156.997539125 115.000000000
v 24.125519605 156.995775353 114.920801998
v 23.141436477 156.843588314 114.624981849
v 23.144339721 156.718380419 114.750000269
v 23.208793311 156.848243437 114.628044500
v 23.151028768 156.696451703 114.772407554
v 23.215703205 156.693714634 114.782042823
v 23.279111656 156.736123351 114.750000269
v 23.273901293 156.856223015 114.631018048
v 23.339942247 156.867893143 114.634048181
v 23.281786432 156.693970926 114.791819047
v 23.346858481 156.697281969 114.801416888
v 23.411473032 156.767087075 114.750000269
v 23.405349435 156.883097048 114.637066147
v 23.469881397 156.901775640 114.640073223
v 23.416494263 156.704211764 114.811679047
v 23.481545598 156.713875651 114.821270191
v 23.550641747 156.727557150 114.831471858
v 23.540130197 156.810968963 114.750000269
v 23.619361695 156.744711904 114.841639352
v 23.533487589 156.923914491 114.643081810
v 23.686333081 156.764892065 114.851575920
v 23.663825701 156.867340129 114.750000269
v 23.751955923 156.788046389 114.861389065
v 23.595954106 156.949451248 114.646093856
v 23.657050724 156.978301607 114.649109281
v 23.818579283 156.815214603 114.871493571
v 23.781350590 156.935649621 114.750000269
v 23.885278612 156.846346822 114.881789969
v 23.716416174 157.010291833 114.652109969
v 23.774107605 157.045443139 114.655105503
v 23.891556216 157.015229808 114.750000269
v 23.829963560 157.083667443 114.658097555
v 23.883822299 157.124865105 114.661087714
v 23.993365470 157.105302900 114.750000269
v 23.935523836 157.168925208 114.664077498
v 23.984911987 157.215726257 114.667068378
v 23.948730898 156.879858186 114.891778619
v 23.969654601 156.917630635 114.875000135
v 24.008850930 156.915362538 114.901437766
v 24.066616410 156.953176512 114.910916436
v 24.085783304 157.204988556 114.750000269
v 24.031836199 157.265137120 114.670061783
v 24.075961040 157.316791627 114.673039011
v 24.080719229 157.015892180 114.875000135
v 24.167906460 157.313312485 114.750000269
v 24.117397368 157.370804172 114.676010693
v 24.156023878 157.427032616 114.678978487
v 24.181538674 157.124640157 114.875000135
v 24.337684705 157.120811017 115.000000000
v 24.288614469 157.057933321 115.000000000
v 24.238932295 157.429215965 114.750000269
v 24.191722856 157.485322935 114.681943957
v 24.224382121 157.545510179 114.684908587
v 24.271127562 157.242811703 114.875000135
v 24.426281429 157.253405385 115.000000000
v 24.383610572 157.186020738 115.000000000
v 24.298166628 157.551566200 114.750000269
v 24.253896845 157.607419856 114.687873805
v 24.348610283 157.369251850 114.875000135
v 24.501455015 157.394045272 115.000000000
v 24.465594480 157.322802625 115.000000000
v 24.345030525 157.679167380 114.750000269
v 24.280171168 157.670869686 114.690840998
v 24.303099344 157.735617998 114.693806181
v 24.413229549 157.502724819 114.875000135
v 24.562481500 157.541376240 115.000000000
v 24.533776644 157.466961698 115.000000000
v 24.379065954 157.810772379 114.750000269
v 24.322583798 157.801368819 114.696755196
v 24.338657032 157.868198492 114.699700224
v 24.464353795 157.641926092 114.875000135
v 24.608773165 157.693979410 115.000000000
v 24.587500431 157.617109626 115.000000000
v 24.399940266 157.945094936 114.750000269
v 24.350705137 157.932449337 114.702492671
v 24.359967649 158.000749622 114.705430038
v 24.501483350 157.785495166 114.875000135
v 24.639884198 157.850385131 115.000000000
v 24.626248454 157.771800404 115.000000000
v 24.407449441 158.080822230 114.750000269
v 24.365456057 158.065568494 114.708197535
v 24.367810334 158.133773015 114.711098056
v 24.524255324 157.932028849 114.875000135
v 24.655514980 158.009087129 115.000000000
v 24.649647547 157.929544273 115.000000000
v 24.401520089 158.216627712 114.750000269
v 24.366848271 158.197804899 114.713818916
v 24.363159094 158.257714189 114.716365164
v 24.532447151 158.080094973 114.875000135
v 24.655514980 158.168557019 115.000000000
v 24.657472363 158.088822074 115.000000000
v 24.382210160 158.351184068 114.750000269
v 24.357270989 158.313590511 114.718741011
v 24.349638786 158.365651565 114.720959906
v 24.337477558 158.429173093 114.723680302
v 24.525978767 158.228246392 114.875000135
v 24.639884198 158.327259018 115.000000000
v 24.649647547 158.248099876 115.000000000
v 24.349708383 158.483176191 114.750000269
v 24.321960726 158.493255827 114.726446914
v 24.303142889 158.557119195 114.729235066
v 24.608773165 158.483664739 115.000000000
v 24.504913392 158.375035128 114.875000135
v 24.626248454 158.405843745 115.000000000
v 24.304332419 158.611314039 114.750000269
v 24.281236854 158.619913320 114.732016234
v 24.256628965 158.680751849 114.734758316
v 24.469456912 158.519026520 114.875000135
v 24.562481500 158.636267909 115.000000000
v 24.587500431 158.560534523 115.000000000
v 24.246525756 158.734345237 114.750000269
v 24.232688363 158.732989610 114.737156606
v 24.202527983 158.791606929 114.739895217
v 24.419955866 158.658813248 114.875000135
v 24.501455015 158.783598877 115.000000000
v 24.533776644 158.710682451 115.000000000
v 24.176853375 158.851067324 114.750000269
v 24.168487316 158.850461556 114.742708731
v 24.132160223 158.906674175 114.745472947
v 24.356894058 158.793029087 114.875000135
v 24.426281429 158.924238764 115.000000000
v 24.465594480 158.854841524 115.000000000
v 24.095996230 158.960339499 114.750000269
v 24.093767291 158.960208233 114.748193781
v 24.051851555 159.013044749 114.750980517
v 24.280887832 158.920362258 114.875000135
v 24.337684705 159.056833131 115.000000000
v 24.383610572 158.991623411 115.000000000
v 24.192680047 159.039568255 114.875000135
v 24.007406984 159.063756221 114.753765502
v 24.181521036 159.237870223 115.000000000
v 24.236518078 159.180105023 115.000000000
v 24.288614469 159.119710828 115.000000000
v 22.148589412 158.972705551 111.593719565
v 22.197148186 159.018732086 111.651747831
v 22.148589412 158.972705551 111.656527480
v 22.196665788 159.018298531 111.588979474
v 22.245672167 159.060132851 111.584376334
v 22.248019821 159.062029774 111.646932910
v 22.298805002 159.100865266 111.579589055
v 22.301087294 159.102515745 111.642094431
v 22.354039894 159.138692849 111.574789734
v 22.354158167 159.138769213 111.637423588
v 22.411241842 159.173521100 111.569982587
v 22.411560049 159.173703318 111.632542485
v 22.470245504 159.205245099 111.565174487
v 22.470090889 159.205167263 111.627732752
v 22.521625993 159.229670640 111.623627704
v 22.530808901 159.233738335 111.560380930
v 22.581839088 159.254767696 111.618979076
v 22.592833236 159.258957525 111.555594245
v 22.644111483 159.276961560 111.614306846
v 22.656141932 159.280826694 111.550808268
v 22.707561151 159.295856614 111.609643979
v 22.720529023 159.299272828 111.546016972
v 22.771336742 159.311240952 111.605016210
v 22.785774695 159.314236289 111.541214502
v 22.818448669 159.320363119 111.601610249
v 22.851751962 159.325689062 111.536404750
v 22.868968424 159.328081987 111.597957049
v 22.918271729 159.333594381 111.531597863
v 22.923089009 159.334026015 111.594041477
v 22.980996440 159.337760414 111.589848457
v 22.985071287 159.337922987 111.526807353
v 23.042863293 159.338777583 111.585363316
v 23.052015695 159.338669296 111.522024622
v 23.108840312 159.336486173 111.580572223
v 23.118928133 159.335828688 111.517238714
v 23.171619843 159.331052789 111.576003844
v 23.185609605 159.329406269 111.512440529
v 23.237856425 159.321833650 111.571171786
v 23.251795701 159.319430647 111.507635903
v 23.300192323 159.309816072 111.566616915
v 23.317376803 159.305920966 111.502827682
v 23.365044491 159.293768646 111.561873353
v 23.382163305 159.288912324 111.498024058
v 23.429091102 159.274230913 111.557149646
v 23.445932180 159.268462452 111.493233809
v 23.491977126 159.251300425 111.552435096
v 23.508491136 159.244636349 111.488451014
v 23.553555074 159.225032161 111.547703862
v 23.569706588 159.217484983 111.483663060
v 23.613710537 159.195466938 111.542923272
v 23.629401008 159.187082890 111.478861099
v 23.672175496 159.162731019 111.538102223
v 23.687327647 159.153559237 111.474055313
v 23.728784131 159.126921404 111.533254332
v 23.743396844 159.116969484 111.469251025
v 23.783374662 159.088144878 111.528393411
v 23.797445496 159.077415470 111.464452328
v 23.835791217 159.046516941 111.523533310
v 23.849305599 159.035016727 111.459663086
v 23.885885480 159.002160441 111.518687764
v 23.898783989 158.989935306 111.454877733
v 23.933518061 158.955203977 111.513870250
v 23.945794736 158.942252320 111.450085094
v 23.978639692 158.905687053 111.509089069
v 23.990199988 158.892102101 111.445281686
v 24.021031874 158.853839167 111.504352101
v 24.031823718 158.839686796 111.440476234
v 24.060572872 158.799814649 111.499635976
v 24.070564076 158.785145334 111.435680295
v 24.097151717 158.743771686 111.494916838
v 24.106343961 158.728587397 111.430887922
v 24.130728900 158.685758655 111.490156766
v 24.139057689 158.670172733 111.426096487
v 24.161140232 158.626044806 111.485353988
v 24.168607224 158.610068319 111.421303419
v 24.188300358 158.564805102 111.480520413
v 24.194903444 158.548446648 111.416506174
v 24.212133643 158.502219151 111.475668212
v 24.217867100 158.485483803 111.411702196
v 24.232574168 158.438470981 111.470809643
v 24.237421625 158.421385666 111.406893491
v 24.249566417 158.373746967 111.465956903
v 24.253451718 158.356610594 111.402114049
v 24.263065602 158.308233699 111.461121991
v 24.265448503 158.294421517 111.397584978
v 24.273051895 158.242000911 111.456313094
v 24.274675483 158.228223350 111.392808976
v 24.279476182 158.175325673 111.451555383
v 24.280127772 158.165354989 111.388295342
v 24.282319209 158.108424874 111.446830975
v 24.282429222 158.099269390 111.383552359
v 24.281576531 158.041491959 111.442116544
v 24.281410237 158.037290611 111.379101052
v 24.277251604 157.974690822 111.437386632
v 24.277662882 157.979268984 111.374927781
v 24.271700402 157.925068685 111.371021178
v 24.269345372 157.908139929 111.432611020
v 24.263973133 157.874562534 111.367367324
v 24.257887570 157.842128577 111.427797787
v 24.254860883 157.827541393 111.363945284
v 24.242914869 157.776846760 111.422957947
v 24.239499129 157.763879535 111.359266037
v 24.224474475 157.712483338 111.418102658
v 24.220625587 157.700501134 111.354532442
v 24.202623657 157.649223924 111.413243084
v 24.198485031 157.638360516 111.349799754
v 24.177428913 157.587248907 111.408390268
v 24.174224102 157.579995883 111.345261641
v 24.148905917 157.526614383 111.403552817
v 24.144604128 157.518152215 111.340341610
v 24.117174764 157.467595336 111.398767549
v 24.113522329 157.461261634 111.335700385
v 24.082339180 157.410381209 111.394022280
v 24.079074290 157.405356272 111.331009703
v 24.044502451 157.355134492 111.389298770
v 24.039285132 157.347992064 111.326020577
v 24.003776722 157.302012141 111.384578709
v 24.000721380 157.298255788 111.321510220
v 23.961984707 157.253054033 111.380024325
v 23.959718759 157.250540820 111.316991719
v 23.916341272 157.204923505 111.375298117
v 23.916357742 157.204939975 111.312472803
v 23.891106672 157.180390451 111.372772790
v 23.865703690 157.157035387 111.307475800
v 23.865206065 157.156590656 111.370238162
v 23.826001314 157.122999815 111.303735549
v 23.814463924 157.113634940 111.365424508
v 23.784753782 157.090546635 111.299995442
v 23.759951445 157.072320762 111.360452416
v 23.734058323 157.054279723 111.300000000
v 23.703217867 157.034022958 111.355470766
v 23.681613569 157.020591586 111.300000000
v 23.643551428 156.998371205 111.350441687
v 23.627554649 156.989559732 111.300000000
v 23.600333457 156.975253717 111.346922640
v 23.572015987 156.961261324 111.300000000
v 23.549874620 156.950931249 111.342926856
v 23.515135687 156.935766732 111.300000000
v 23.490906311 156.925921046 111.338390141
v 23.457055188 156.913139349 111.300000000
v 23.429859004 156.903670477 111.333810265
v 23.397918914 156.893435442 111.300000000
v 23.367698964 156.884611319 111.329221537
v 23.337873916 156.876704006 111.300000000
v 23.305259894 156.868950238 111.324660723
v 23.277069501 156.862986646 111.300000000
v 23.259092871 156.859536348 111.321305279
v 23.215656867 156.852317473 111.300000000
v 23.209465083 156.851416014 111.317702495
v 23.153788725 156.844723016 111.300000000
v 23.156245717 156.844965075 111.313836822
v 23.099259294 156.840607553 111.309694648
v 23.091618917 156.840222160 111.300000000
v 23.030609879 156.838823480 111.304700956
v 23.029302034 156.838826096 111.300000000
v 22.966996171 156.840598044 111.300035274
v 22.148589440 158.972705579 112.156233104
v 22.179050861 159.002151645 112.215906853
v 22.148589435 158.972705575 112.218892937
v 22.197175161 159.018756327 112.151448508
v 22.210507134 159.030561135 112.212913713
v 22.246690630 159.060956969 112.146790556
v 22.242932951 159.057907660 112.209909796
v 22.276303009 159.084164833 112.206891381
v 22.299898357 159.101656985 112.141984120
v 22.322216209 159.117430576 112.202838285
v 22.355125158 159.139393297 112.137183143
v 22.377354147 159.153396831 112.198096848
v 22.412306333 159.174129728 112.132388400
v 22.433735246 159.186097430 112.193374110
v 22.471287240 159.205768508 112.127596682
v 22.479082930 159.209651921 112.189659084
v 22.531900474 159.234215378 112.122805284
v 22.532067908 159.234289166 112.185405889
v 22.593881257 159.259350721 112.180584525
v 22.593972242 159.259384424 112.118011549
v 22.657734360 159.281328113 112.175747139
v 22.657324201 159.281199172 112.113212838
v 22.722712258 159.299833105 112.170939784
v 22.721775456 159.299593356 112.108406497
v 22.787935177 159.314669029 112.166200208
v 22.787083234 159.314498997 112.103599561
v 22.836125033 159.323304640 112.162737064
v 22.853052352 159.325878364 112.098805430
v 22.887898725 159.330433221 112.159039529
v 22.919560150 159.333711914 112.094016851
v 22.943472621 159.335649633 112.155083497
v 22.986415815 159.337973285 112.089230331
v 23.008137488 159.338585136 112.150474667
v 23.053339564 159.338647890 112.084439722
v 23.077462628 159.338011963 112.145494539
v 23.120227822 159.335737890 112.079635758
v 23.143696340 159.333863599 112.140695001
v 23.186888348 159.329247752 112.074826658
v 23.208356712 159.326385802 112.135969475
v 23.253115297 159.319194754 112.070022077
v 23.276374135 159.314795872 112.130954618
v 23.318660525 159.305619772 112.065233024
v 23.340241725 159.300341084 112.126203019
v 23.383408390 159.288548824 112.060448523
v 23.404732198 159.282104549 112.121367821
v 23.447171883 159.268027207 112.055661008
v 23.468147514 159.260439607 112.116583184
v 23.509720150 159.244129416 112.050865270
v 23.530290710 159.235415821 112.111836101
v 23.570887168 159.216922275 112.046058955
v 23.590983708 159.207108871 112.107109822
v 23.630531178 159.186467866 112.041249227
v 23.650052124 159.175604357 112.102387526
v 23.688477632 159.152851105 112.036446362
v 23.707327220 159.140996813 112.097652387
v 23.744489072 159.116213412 112.031660960
v 23.762647633 159.103388428 112.092887643
v 23.798478290 159.076615438 112.026878518
v 23.815948350 159.062817057 112.088070084
v 23.850287988 159.034167760 112.022088866
v 23.867012122 159.019437100 112.083212090
v 23.899751374 158.989004290 112.017285319
v 23.915661700 158.973399690 112.078337201
v 23.946696473 158.941286262 112.012478840
v 23.961759022 158.924840810 112.073466100
v 23.991035433 158.891104951 112.007672707
v 24.005173749 158.873903664 112.068619430
v 24.032637703 158.838602271 112.002873681
v 24.045784580 158.820736977 112.063817595
v 24.071343502 158.783982380 111.998088292
v 24.083551113 158.765382953 112.059059456
v 24.107071717 158.727365226 111.993303713
v 24.118289505 158.708097770 112.054326605
v 24.139728609 158.668895149 111.988511109
v 24.149898169 158.649054934 112.049603041
v 24.169213710 158.608745434 111.983704602
v 24.178289353 158.588426663 112.044873074
v 24.195397493 158.547195390 111.978906556
v 24.203385008 158.526389067 112.040121035
v 24.218258872 158.484310011 111.974113461
v 24.225130912 158.463077121 112.035328279
v 24.237729412 158.420266387 111.969322470
v 24.243476472 158.398612628 112.030490684
v 24.253749293 158.355247717 111.964530811
v 24.258335921 158.333279199 112.025631936
v 24.266268296 158.289441441 111.959735752
v 24.269670124 158.267265743 112.020767058
v 24.275246448 158.223037203 111.954934572
v 24.277450057 158.200764365 112.015911187
v 24.280654319 158.156224722 111.950124526
v 24.281657203 158.133968250 112.011079406
v 24.282472790 158.089312624 111.945320921
v 24.282283588 158.067069509 112.006286579
v 24.280706134 158.022386002 111.940525343
v 24.279328512 158.000215898 112.001543672
v 24.275356151 157.955626006 111.935735389
v 24.272791551 157.933549239 111.996821957
v 24.266435726 157.889233212 111.930949016
v 24.262697004 157.867352731 111.992097309
v 24.253983115 157.823468082 111.926156918
v 24.249077810 157.801816021 111.987354336
v 24.238021655 157.758440257 111.921353716
v 24.231948329 157.737028519 111.982569266
v 24.218593460 157.694337615 111.916545322
v 24.211370405 157.673249401 111.977738943
v 24.195764955 157.631381838 111.911742380
v 24.187412208 157.610685132 111.972880131
v 24.169607681 157.569760942 111.906952217
v 24.160146359 157.549514948 111.968009873
v 24.140177822 157.509607278 111.902166287
v 24.129655505 157.489914675 111.963145308
v 24.107556493 157.451095453 111.897378808
v 24.096031403 157.432054770 111.958303489
v 24.071882927 157.394468584 111.892584808
v 24.059373689 157.376098574 111.953501211
v 24.033215103 157.339812721 111.887777964
v 24.019719849 157.322112572 111.948742657
v 23.991660860 157.287287025 111.882968251
v 23.977209729 157.270303702 111.944002549
v 23.947345554 157.237054496 111.878166617
v 23.932000121 157.220864346 111.939267783
v 23.900439184 157.189303031 111.873381136
v 23.884223957 157.173934168 111.934528227
v 23.851025610 157.144115007 111.868598063
v 23.834022108 157.129646012 111.929773763
v 23.799244242 157.101623162 111.863807748
v 23.781541814 157.088124431 111.924994308
v 23.745281466 157.061980359 111.859006500
v 23.726934906 157.049484534 111.920179835
v 23.689285087 157.025291314 111.854199151
v 23.670263437 157.013776387 111.915317973
v 23.631383491 156.991641113 111.849391578
v 23.611769013 156.981159658 111.910439956
v 23.571743045 156.961130761 111.844592433
v 23.551634647 156.951733209 111.905572221
v 23.510610468 156.933882914 111.839808652
v 23.490024069 156.925573641 111.900738407
v 23.448084442 156.909938260 111.835024892
v 23.427043691 156.902730196 111.895955012
v 23.384343026 156.889369111 111.830231952
v 23.362951367 156.883299751 111.891216685
v 23.319589685 156.872243290 111.825424986
v 23.297933348 156.867334938 111.886500134
v 23.254051779 156.858617717 111.820619159
v 23.232178005 156.854878040 111.881782015
v 23.187854418 156.848517049 111.815816391
v 23.165754381 156.845947949 111.877027662
v 23.121187450 156.841974158 111.811021188
v 23.098951781 156.840591112 111.872226703
v 23.054308874 156.839012816 111.806236611
v 23.031979834 156.838822301 111.867391959
v 22.987364053 156.839636271 111.801448857
v 22.965031681 156.840642931 111.862536926
v 22.920524679 156.843845130 111.796652220
v 22.898301223 156.846043900 111.857675215
v 22.853990720 156.851630048 111.791843850
v 22.831980967 156.855005673 111.852820405
v 22.788067548 156.862948612 111.787045030
v 22.766259948 156.867498733 111.847985891
v 22.722820893 156.877783382 111.782251239
v 22.701253113 156.883503252 111.843180813
v 22.658436700 156.896095996 111.777459755
v 22.637162349 156.902976556 111.838422557
v 22.595101389 156.917837532 111.772667932
v 22.574227902 156.925846773 111.833698199
v 22.532999756 156.942948700 111.767873164
v 22.512630531 156.952044201 111.828983747
v 22.472312904 156.971360398 111.763072857
v 22.452479593 156.981524598 111.824248691
v 22.413216300 157.002994612 111.758264387
v 22.393964347 157.014203153 111.819467390
v 22.355978749 157.037700922 111.753463681
v 22.337300751 157.049960544 111.814649166
v 22.300671452 157.075428444 111.748672048
v 22.282650866 157.088690269 111.809805918
v 22.247444651 157.116078189 111.743884763
v 22.230171857 157.130276314 111.804949703
v 22.196459758 157.159530923 111.739097649
v 22.180014188 157.174594379 111.800092598
v 22.147915559 157.205612973 111.734302102
v 22.132320060 157.221513392 111.795246550
v 22.101891293 157.254245608 111.729495444
v 22.087210657 157.270910518 111.790422051
v 22.058522103 157.305291688 111.724686323
v 22.044746511 157.322730253 111.785636506
v 22.017958003 157.358575848 111.719886707
v 22.005132464 157.376732350 111.780896780
v 21.980319216 157.413934937 111.715100212
v 21.968479965 157.432758692 111.776179721
v 21.945686064 157.471250702 111.710315839
v 21.934891451 157.490645670 111.771462124
v 21.914161432 157.530360359 111.705525646
v 21.904411270 157.550326922 111.766710569
v 21.885874031 157.591015824 111.700727551
v 21.877171625 157.611560100 111.761911427
v 21.860865177 157.653121064 111.695919198
v 21.853260282 157.674144678 111.757077479
v 21.839210244 157.716499278 111.691110606
v 21.832742687 157.737899068 111.752222445
v 21.820978533 157.780956144 111.686312452
v 21.815674656 157.802637367 111.747360176
v 21.806515876 157.844835575 111.681631953
v 21.802101727 157.868171404 111.742504496
v 21.794911247 157.912920987 111.676697809
v 21.792058868 157.934312859 111.737669054
v 21.787421996 157.977699270 111.672030996
v 21.785566476 158.000933507 111.732863680
v 21.783207488 158.045974175 111.667121871
v 21.782648735 158.067855346 111.728103620
v 21.782653335 158.110059733 111.662520214
v 21.783319297 158.134814724 111.723378266
v 21.785117399 158.170088645 111.658209705
v 21.787572453 158.201617985 111.718663780
v 21.790047751 158.226225773 111.654173622
v 21.795401015 158.268135008 111.713931044
v 21.796966010 158.278618687 111.650395775
v 21.806790638 158.334183203 111.709151709
v 21.805451974 158.327400518 111.646857547
v 21.820158709 158.393443689 111.642019086
v 21.821699471 158.399507409 111.704334569
v 21.838623245 158.459258344 111.637120558
v 21.840080919 158.463919510 111.699491690
v 21.860623846 158.523873488 111.632220665
v 21.861877771 158.527232746 111.694635308
v 21.885688592 158.586200386 111.627405644
v 21.887022732 158.589263825 111.689777683
v 21.910307421 158.639497585 111.623202252
v 21.915439326 158.649834916 111.684930957
v 21.933867044 158.685113767 111.619528288
v 21.947043082 158.708775407 111.680107016
v 21.966604878 158.741833664 111.614842006
v 21.981818106 158.766040344 111.675319216
v 22.002643359 158.797306716 111.610106263
v 22.019598327 158.821341847 111.670578263
v 22.036029925 158.843541391 111.606019967
v 22.060271585 158.874522213 111.665860871
v 22.062471364 158.877236324 111.602947767
v 22.090088530 158.910047818 111.599868406
v 22.102491133 158.924066922 111.661273160
v 22.118807906 158.941884971 111.596791381
v 22.148589411 158.972705550 112.718750004
v 22.188492942 159.010883819 112.777296920
v 22.148589412 158.972705551 112.781263218
v 22.197186942 159.018766893 112.713947161
v 22.230087595 159.047298908 112.773335836
v 22.246688044 159.060954845 112.709276742
v 22.279705969 159.086740872 112.768802789
v 22.299879114 159.101643053 112.704470167
v 22.331981083 159.124105182 112.764209610
v 22.355192159 159.139436568 112.699671955
v 22.390233931 159.161216130 112.759270177
v 22.412395932 159.174181266 112.694888299
v 22.445596111 159.192486705 112.754717210
v 22.471398802 159.205825152 112.690103742
v 22.504175066 159.221760411 112.750034147
v 22.532033300 159.234274047 112.685310008
v 22.557404319 159.245027026 112.746048818
v 22.594110794 159.259436729 112.680502305
v 22.611571466 159.265827621 112.741826730
v 22.657403448 159.281224224 112.675697095
v 22.674797105 159.286556644 112.736984932
v 22.721795089 159.299598388 112.670895688
v 22.740010005 159.304126768 112.732092306
v 22.787101621 159.314502677 112.666101522
v 22.802183183 159.317425612 112.727527685
v 22.853053094 159.325878442 112.661316757
v 22.864157293 159.327438196 112.723066843
v 22.919494522 159.333705734 112.656526877
v 22.930185322 159.334629967 112.718379219
v 22.986285006 159.337967990 112.651730580
v 22.999182623 159.338378718 112.713514436
v 23.053233624 159.338649114 112.646930497
v 23.064105968 159.338421754 112.708933427
v 23.120146848 159.335743194 112.642129359
v 23.129087650 159.335082721 112.704313098
v 23.186830651 159.329254782 112.637329924
v 23.193147546 159.328452534 112.699706377
v 23.253092653 159.319198804 112.632534910
v 23.256629993 159.318559282 112.695078642
v 23.307019800 159.308299010 112.691352671
v 23.318710753 159.305607955 112.627746116
v 23.360225991 159.295088187 112.687362784
v 23.383436991 159.288540444 112.622952709
v 23.416252397 159.278449466 112.683103108
v 23.447179745 159.268024432 112.618149371
v 23.475086212 159.257835965 112.678571016
v 23.509754485 159.244115231 112.613340816
v 23.536664599 159.232627442 112.673769216
v 23.570919772 159.216906714 112.608540459
v 23.594041599 159.205576584 112.669236387
v 23.630544272 159.186460729 112.603750178
v 23.653146717 159.173840003 112.664474727
v 23.688473777 159.152853482 112.598963736
v 23.707464544 159.140908529 112.659984202
v 23.744535533 159.116181209 112.594176094
v 23.762762266 159.103305676 112.655262017
v 23.798505764 159.076594125 112.589379895
v 23.816024465 159.062755691 112.650526200
v 23.850298143 159.034158968 112.584572432
v 23.867019897 159.019430109 112.645769250
v 23.899761341 158.988994691 112.579763189
v 23.915606013 158.973455286 112.640977023
v 23.946728081 158.941252392 112.574964120
v 23.961723345 158.924880450 112.636131038
v 23.991051190 158.891086146 112.570178648
v 24.005176549 158.873900186 112.631256686
v 24.032639678 158.838599638 112.565394650
v 24.045821958 158.820685260 112.626381400
v 24.071370960 158.783941342 112.560603389
v 24.083545247 158.765392051 112.621529244
v 24.107086224 158.727340814 112.555804117
v 24.118256849 158.708154935 112.616721711
v 24.139732111 158.668888463 112.550995776
v 24.149894806 158.649061573 112.611951288
v 24.169211569 158.608750123 112.546187899
v 24.178310328 158.588378257 112.607206026
v 24.195432111 158.547107848 112.541390494
v 24.203425352 158.526280494 112.602473131
v 24.218296408 158.484198594 112.536607322
v 24.225170797 158.462949366 112.597739762
v 24.237766834 158.420132374 112.531823281
v 24.243487459 158.398569572 112.592993078
v 24.253783772 158.355092102 112.527028574
v 24.258326558 158.333327330 112.588220276
v 24.266290156 158.289308822 112.522222153
v 24.269649908 158.267408276 112.583408627
v 24.275254066 158.222967149 112.517415894
v 24.277440964 158.200869011 112.578545359
v 24.280654749 158.156216596 112.512612825
v 24.281655278 158.134026098 112.573666485
v 24.282472815 158.089249558 112.507818372
v 24.282283781 158.067078753 112.568797616
v 24.280703917 158.022344313 112.503034888
v 24.279328826 158.000220292 112.563963522
v 24.275353977 157.955605764 112.498247092
v 24.272786791 157.933511183 112.559171006
v 24.266434519 157.889225749 112.493449597
v 24.262680882 157.867263430 112.554413460
v 24.253970922 157.823411917 112.488640453
v 24.249044183 157.801674126 112.549677123
v 24.238011898 157.758404646 112.483837445
v 24.231919772 157.736931866 112.544948074
v 24.218588247 157.694321959 112.479039943
v 24.211361086 157.673223285 112.540212365
v 24.195752094 157.631349136 112.474249092
v 24.187431293 157.610730983 112.535456070
v 24.169599893 157.569743959 112.469465826
v 24.160202330 157.549631618 112.530665329
v 24.140199673 157.509649568 112.464676927
v 24.129706610 157.490008103 112.525821728
v 24.107613383 157.451192299 112.459881109
v 24.096052123 157.432088291 112.520947167
v 24.071930882 157.394541379 112.455081064
v 24.059357127 157.376074701 112.516070518
v 24.033252007 157.339862710 112.450279590
v 24.019731164 157.322127133 112.511216085
v 23.991685667 157.287316958 112.445479515
v 23.977274269 157.270378214 112.506405986
v 23.947348607 157.237057791 112.440683623
v 23.932043372 157.220909069 112.501633602
v 23.900388400 157.189254033 112.435893305
v 23.884242478 157.173951377 112.496887373
v 23.850988569 157.144082926 112.431096159
v 23.834011175 157.129637043 112.492154348
v 23.799222210 157.101606059 112.426289307
v 23.781497316 157.088091371 112.487421529
v 23.745235760 157.061948621 112.421480538
v 23.726855461 157.049431559 112.482675915
v 23.689238891 157.025262758 112.416683822
v 23.670245092 157.013765492 112.477904540
v 23.631354792 156.991625436 112.411897104
v 23.611828680 156.981190874 112.473094517
v 23.571730979 156.961124990 112.407111973
v 23.551654453 156.951742250 112.468232475
v 23.510542267 156.933854685 112.402321475
v 23.490004962 156.925566105 112.463353887
v 23.448035102 156.909920872 112.397521688
v 23.427065911 156.902737597 112.458484415
v 23.384313074 156.889360328 112.392712570
v 23.363020461 156.883318732 112.453648774
v 23.319558105 156.872235834 112.387904367
v 23.297928244 156.867333843 112.448855131
v 23.253988528 156.858606311 112.383108945
v 23.232083379 156.854862754 112.444096589
v 23.187812326 156.848511768 112.378325962
v 23.165686889 156.845940866 112.439359540
v 23.121166448 156.841972664 112.373541630
v 23.098930875 156.840590176 112.434630190
v 23.054242192 156.839011650 112.368745811
v 23.032009125 156.838822275 112.429894719
v 22.987317081 156.839637972 112.363942408
v 22.965114944 156.840638233 112.425139320
v 22.920498524 156.843847501 112.359134872
v 22.898439035 156.846028860 112.420350257
v 22.853977384 156.851631976 112.354330400
v 22.832079851 156.854989573 112.415509272
v 22.787956311 156.862970678 112.349536483
v 22.766269251 156.867496699 112.410635290
v 22.722688450 156.877816870 112.344753300
v 22.701246780 156.883504970 112.405758194
v 22.658285900 156.896142696 112.339966543
v 22.637199568 156.902964141 112.400902367
v 22.594934701 156.917899218 112.335168380
v 22.574291849 156.925821586 112.396090511
v 22.532857950 156.943010177 112.330360103
v 22.512607736 156.952054612 112.391316667
v 22.472232198 156.971400785 112.325556016
v 22.452438975 156.981545914 112.386569713
v 22.413192346 157.003008280 112.320756895
v 22.393956300 157.014207667 112.381836606
v 22.355910447 157.037744883 112.315965762
v 22.337326994 157.049942043 112.377104256
v 22.300658777 157.075437678 112.311182486
v 22.282712953 157.088642173 112.372359564
v 22.247484344 157.116046537 112.306390815
v 22.230268951 157.130193429 112.367589470
v 22.196539738 157.159459664 112.301593292
v 22.180141170 157.174474955 112.362780989
v 22.147973831 157.205555360 112.296792615
v 22.132379652 157.221451226 112.357920275
v 22.101929935 157.254203020 112.291991560
v 22.087213788 157.270906871 112.353042122
v 22.058544134 157.305264459 112.287192918
v 22.044777141 157.322690787 112.348172075
v 22.017943855 157.358595509 112.282399413
v 22.005188998 157.376650879 112.343334546
v 21.980289562 157.413981178 112.277611588
v 21.968513243 157.432704800 112.338545464
v 21.945669732 157.471279472 112.272814363
v 21.934900715 157.490628685 112.333804634
v 21.914156252 157.530370747 112.268008595
v 21.904448739 157.550248473 112.329087714
v 21.885843797 157.591085471 112.263199845
v 21.877228521 157.611422412 112.324366849
v 21.860846259 157.653171940 112.258404317
v 21.853299735 157.674033012 112.319605307
v 21.839200525 157.716530436 112.253616227
v 21.832767230 157.737817410 112.314806647
v 21.820972369 157.780980407 112.248830177
v 21.815686757 157.802590743 112.309980358
v 21.806515835 157.844835796 112.244148700
v 21.802104395 157.868163620 112.305136110
v 21.794917900 157.912874236 112.239198897
v 21.792055887 157.934344186 112.300283633
v 21.787434013 157.977564752 112.234521927
v 21.785566346 158.000940281 112.295432590
v 21.783215082 158.045753150 112.229618277
v 21.782650335 158.067761567 112.290592456
v 21.782649241 158.109818569 112.225031069
v 21.783318080 158.134782087 112.285769667
v 21.785098198 158.169793562 112.220741821
v 21.787576241 158.201659653 112.280994389
v 21.790006058 158.225848267 112.216722315
v 21.795409271 158.268191361 112.276252593
v 21.796897294 158.278170832 112.212948576
v 21.806790846 158.334185408 112.271527818
v 21.805362991 158.326942402 112.209401766
v 21.820033917 158.392946534 112.204547942
v 21.821684118 158.399451048 112.266803542
v 21.838444296 158.458681069 112.199645680
v 21.840042159 158.463800728 112.262063250
v 21.860394109 158.523254273 112.194755448
v 21.861808762 158.527052081 112.257290503
v 21.885462418 158.585679187 112.189944888
v 21.886959234 158.589120437 112.252464834
v 21.910108196 158.639092471 112.185742697
v 21.915401005 158.649759091 112.247604956
v 21.933712699 158.684830511 112.182063997
v 21.947038118 158.708766677 112.242732057
v 21.966541251 158.741730755 112.177358766
v 21.981775736 158.765974563 112.237864002
v 22.002678491 158.797358228 112.172596050
v 22.019584167 158.821322322 112.233023407
v 22.036102823 158.843637717 112.168498052
v 22.060290673 158.874545931 112.228234897
v 22.079501749 158.897738627 112.163524646
v 22.102525476 158.924105204 112.223617499
v 22.113277044 158.935922422 112.159876168
v 22.148589392 158.972705531 113.281237637
v 22.185390295 159.008034281 113.340126812
v 22.148589412 158.972705551 113.343783731
v 22.196138676 159.017824261 113.276552979
v 22.223618455 159.041845947 113.336463215
v 22.244488966 159.059173108 113.271995820
v 22.277777926 159.085283556 113.331478583
v 22.299285480 159.101213195 113.267041399
v 22.324097498 159.118727061 113.327380981
v 22.352240566 159.137527730 113.262433340
v 22.379761929 159.154874795 113.322630394
v 22.406203153 159.170619653 113.257893039
v 22.436715445 159.187718338 113.317932514
v 22.454603370 159.197229391 113.253936858
v 22.482438313 159.211302171 113.314250903
v 22.504196661 159.221714477 113.249998167
v 22.535763094 159.235895927 113.310043785
v 22.565560030 159.248344516 113.245184255
v 22.597990021 159.260881483 113.305235967
v 22.626390138 159.271021896 113.240535455
v 22.662357344 159.282770670 113.300360478
v 22.690260301 159.291065782 113.235747157
v 22.727946726 159.301159975 113.295477934
v 22.755135980 159.307667314 113.230958159
v 22.793871230 159.315838432 113.290642481
v 22.820830587 159.320774722 113.226164170
v 22.842635410 159.324322674 113.287104335
v 22.887155504 159.330346479 113.221360906
v 22.895021562 159.331241942 113.283328942
v 22.953874037 159.336348507 113.216551742
v 22.951132905 159.336172782 113.279298094
v 23.011152503 159.338640231 113.274992661
v 23.020736414 159.338766874 113.211756956
v 23.075249042 159.338089940 113.270391644
v 23.087657288 159.337603128 113.206967436
v 23.143518599 159.333879843 113.265480823
v 23.154444980 159.332856718 113.202178940
v 23.208272884 159.326398070 113.260812213
v 23.220906343 159.324537446 113.197387265
v 23.276357048 159.314799444 113.255873853
v 23.286848895 159.312665522 113.192588228
v 23.340257162 159.300337176 113.251192457
v 23.352080477 159.297271903 113.187778003
v 23.404718110 159.282108910 113.246398465
v 23.416304857 159.278432516 113.182972999
v 23.468087734 159.260461811 113.241596076
v 23.479451317 159.256173890 113.178172468
v 23.530184988 159.235461799 113.236789599
v 23.541337257 159.230556304 113.173378322
v 23.590885655 159.207157975 113.231980875
v 23.601754000 159.201664826 113.168592214
v 23.649987138 159.175641362 113.227186066
v 23.660471195 159.169617025 113.163805530
v 23.707295470 159.141017158 113.222402084
v 23.717410621 159.134460282 113.159011265
v 23.762648135 159.103388046 113.217619951
v 23.772407999 159.096291489 113.154212082
v 23.815953646 159.062812773 113.212823986
v 23.825302390 159.055217533 113.149410767
v 23.866994352 159.019452976 113.208017949
v 23.875938103 159.011354376 113.144610155
v 23.915622454 158.973438839 113.203209487
v 23.924166433 158.964825805 113.139813065
v 23.961716670 158.924887858 113.198404535
v 23.969843247 158.915766335 113.135022007
v 24.005170332 158.873907859 113.193610653
v 24.012762428 158.864407271 113.130230349
v 24.045816629 158.820692600 113.188828009
v 24.052885149 158.810804618 113.125426791
v 24.083541771 158.765397427 113.184045932
v 24.090092986 158.755110095 113.120618162
v 24.118273998 158.708124870 113.179249256
v 24.124261475 158.697507283 113.115814613
v 24.149887031 158.649077048 113.174440291
v 24.155280944 158.638187224 113.111024808
v 24.178282276 158.588442782 113.169630319
v 24.183089796 158.577269341 113.106239310
v 24.203381705 158.526397833 113.164829704
v 24.207604598 158.514927068 113.101451800
v 24.225142789 158.463039273 113.160038453
v 24.228728267 158.451414227 113.096657571
v 24.243472623 158.398627890 113.155255176
v 24.246425808 158.386846073 113.091850785
v 24.258321813 158.333351042 113.150471040
v 24.260645467 158.321399196 113.087040990
v 24.269657377 158.267356504 113.145674420
v 24.271341356 158.255270030 113.082239000
v 24.277444708 158.200827261 113.140864593
v 24.278474918 158.188716726 113.077453627
v 24.281656185 158.134000432 113.136054835
v 24.282036403 158.121852730 113.072670775
v 24.282283586 158.067068421 113.131255510
v 24.282011706 158.054869995 113.067880540
v 24.279323566 158.000146322 113.126467198
v 24.278400492 157.988003491 113.063078686
v 24.272784308 157.933491521 113.121682538
v 24.271216311 157.921446225 113.058271594
v 24.262688648 157.867306420 113.116895261
v 24.260474717 157.855345142 113.053464361
v 24.249068763 157.801777691 113.112099073
v 24.246202924 157.789891646 113.048665133
v 24.231944060 157.737014041 113.107289204
v 24.228463400 157.725357216 113.043881228
v 24.211382367 157.673283369 113.102481557
v 24.207287017 157.661842249 113.039097236
v 24.187446543 157.610767840 113.097683659
v 24.182730874 157.599530167 113.034304487
v 24.160173797 157.549571995 113.092894787
v 24.154868645 157.538615057 113.029497355
v 24.129649316 157.489903417 113.088099816
v 24.123806530 157.479321581 113.024691832
v 24.095982016 157.431975529 113.083299566
v 24.089602038 157.421755409 113.019889626
v 24.059272001 157.375953071 113.078497175
v 24.052350208 157.366084050 113.015094581
v 24.019628836 157.321996203 113.073695832
v 24.012203770 157.312531326 113.010309218
v 23.977170388 157.270258700 113.068898705
v 23.969268066 157.261226611 113.005519351
v 23.932021393 157.220886378 113.064108862
v 23.923631147 157.212274405 113.000723136
v 23.884288557 157.173994186 113.059326831
v 23.875420733 157.165817430 112.995923159
v 23.834024826 157.129648308 113.054534762
v 23.824773454 157.121992820 112.991122110
v 23.781474172 157.088074185 113.049736500
v 23.771833511 157.080930473 112.986322707
v 23.726789535 157.049388028 113.044935004
v 23.716751064 157.042751640 112.981527627
v 23.670131323 157.013698623 113.040133309
v 23.659707198 157.007583379 112.976738825
v 23.611665724 156.981106019 113.035334449
v 23.600927790 156.975557060 112.971946388
v 23.551562821 156.951700523 113.030541383
v 23.540496018 156.946713290 112.967143966
v 23.489994594 156.925562049 113.025756927
v 23.478584015 156.921138529 112.962335653
v 23.427018436 156.902721826 113.020967273
v 23.415428041 156.898929075 112.957534179
v 23.362927216 156.883293184 113.016168605
v 23.351173457 156.880132726 112.952743060
v 23.297910955 156.867330110 113.011364094
v 23.285981031 156.864798536 112.947956216
v 23.232131714 156.854870554 113.006555431
v 23.220041330 156.852974964 112.943168994
v 23.165742740 156.845946718 113.001754536
v 23.153622435 156.844706816 112.938373853
v 23.098994839 156.840593396 112.996966859
v 23.086831782 156.840004595 112.933567022
v 23.032080094 156.838822135 112.992184586
v 23.019861049 156.838885700 112.928757690
v 22.965123502 156.840637773 112.987394251
v 22.952932748 156.841355294 112.923957489
v 22.898363305 156.846037067 112.982591984
v 22.886265392 156.847402175 112.919171275
v 22.832011771 156.855000650 112.977784442
v 22.819993447 156.857013449 112.914387223
v 22.766259158 156.867498919 112.972978118
v 22.754307957 156.870165326 112.909596953
v 22.701210320 156.883515009 112.968177490
v 22.689477364 156.886801246 112.904798519
v 22.637134285 156.902985913 112.963391773
v 22.625611995 156.906889668 112.899990362
v 22.574215416 156.925851697 112.958610714
v 22.562891416 156.930377754 112.895181914
v 22.512599818 156.952058252 112.953821196
v 22.501506292 156.957197368 112.890383425
v 22.452451582 156.981539259 112.949015860
v 22.441693241 156.987241656 112.885599974
v 22.393989373 157.014187838 112.944205638
v 22.383553546 157.020457110 112.880816395
v 22.337379800 157.049906491 112.939400194
v 22.327256131 157.056751666 112.876022721
v 22.282723995 157.088633792 112.934603256
v 22.272998489 157.095998514 112.871216814
v 22.230229130 157.130226772 112.929818072
v 22.220935944 157.138081446 112.866410306
v 22.180055024 157.174555271 112.925036093
v 22.171183463 157.182907894 112.861606440
v 22.132343087 157.221489185 112.920247521
v 22.123887033 157.230351491 112.856811044
v 22.087170292 157.270957170 112.915440509
v 22.079241285 157.280212462 112.852027618
v 22.044727172 157.322755239 112.910629337
v 22.037313733 157.332410648 112.847240638
v 22.005132817 157.376731927 112.905824740
v 21.998227675 157.386798686 112.842444149
v 21.968469868 157.432775145 112.901032531
v 21.962106187 157.443209866 112.837635244
v 21.934855755 157.490711191 112.896247394
v 21.929081024 157.501432619 112.832831663
v 21.904403666 157.550342892 112.891462754
v 21.899209692 157.561361639 112.828033310
v 21.877197586 157.611497262 112.886671553
v 21.872581491 157.622826423 112.823241724
v 21.853284940 157.674074228 112.881863979
v 21.849301480 157.685578552 112.818458037
v 21.832764180 157.737824932 112.877053984
v 21.829422313 157.749456864 112.813669211
v 21.815692815 157.802559529 112.872250909
v 21.812983625 157.814332087 112.808873442
v 21.802110970 157.868119673 112.867461161
v 21.800617368 157.876618013 112.804320822
v 21.792049421 157.934389465 112.862667434
v 21.791018047 157.942915270 112.799518361
v 21.785556401 158.001080902 112.857867977
v 21.785225453 158.005916382 112.794985364
v 21.782646793 158.068002412 112.853065814
v 21.782582133 158.072297879 112.790230674
v 21.783325185 158.134960203 112.848264041
v 21.783314835 158.134693158 112.785770903
v 21.786828309 158.193079275 112.781582771
v 21.787585686 158.201760394 112.843465750
v 21.792596686 158.247589129 112.777650615
v 21.795412118 158.268211148 112.838673956
v 21.800170856 158.298420954 112.773961063
v 21.806778544 158.334124692 112.833891524
v 21.809168599 158.345778520 112.770500923
v 21.821690528 158.399476199 112.829101672
v 21.824409818 158.409888452 112.765778119
v 21.840079008 158.463917065 112.824304614
v 21.843194799 158.473682600 112.761022324
v 21.861886889 158.527259349 112.819503420
v 21.865313077 158.536301657 112.756277164
v 21.887047587 158.589321347 112.814701225
v 21.890368416 158.596854923 112.751592228
v 21.915484576 158.649924677 112.809901181
v 21.914863286 158.648687037 112.747483583
v 21.938214951 158.693056767 112.743883787
v 21.947112267 158.708896233 112.805106386
v 21.970556695 158.748241515 112.739289647
v 21.981837207 158.766069922 112.800319810
v 22.006051119 158.802235245 112.734655221
v 22.019625608 158.821379491 112.795532855
v 22.045603844 158.856017938 112.729879894
v 22.060327799 158.874591652 112.790737178
v 22.085547979 158.904808113 112.725375743
v 22.102536250 158.924117093 112.786070813
v 22.116432561 158.939333755 112.722065866
v 22.148589412 158.972705551 113.843716269
v 22.179376535 159.002455818 113.903205516
v 22.148589412 158.972705551 113.906262522
v 22.197187155 159.018767091 113.838926614
v 22.211171606 159.031140604 113.900146057
v 22.246740216 159.060997041 113.834276339
v 22.243947798 159.058733505 113.897081391
v 22.277653911 159.085189634 113.894010709
v 22.299933931 159.101682712 113.829489838
v 22.323939376 159.118618299 113.889911537
v 22.355207020 159.139446136 113.824691104
v 22.379526601 159.154730677 113.885149289
v 22.412443665 159.174208525 113.819882960
v 22.436422928 159.187559734 113.880436327
v 22.471481200 159.205866535 113.815073252
v 22.482199552 159.211185321 113.876749950
v 22.532071963 159.234290937 113.810278058
v 22.535620448 159.235834565 113.872546550
v 22.594119770 159.259440092 113.805491437
v 22.597999659 159.260885646 113.867745062
v 22.657448147 159.281238296 113.800706916
v 22.662569825 159.282837034 113.862866102
v 22.721865505 159.299616464 113.795917948
v 22.728351930 159.301261946 113.857964892
v 22.787123050 159.314506965 113.791117944
v 22.794343227 159.315930161 113.853108410
v 22.843073068 159.324389841 113.849557696
v 22.853108298 159.325886478 113.786307867
v 22.895399527 159.331283701 113.845775889
v 22.919632180 159.333718446 113.781498261
v 22.951503478 159.336196901 113.841750765
v 22.986458704 159.337974867 113.776702316
v 23.011486413 159.338645889 113.837462247
v 23.053399248 159.338646897 113.771918884
v 23.075504525 159.338081166 113.832885756
v 23.120303948 159.335732540 113.767135698
v 23.143692605 159.333864313 113.827992605
v 23.186979675 159.329236381 113.762343385
v 23.208433838 159.326375198 113.823314128
v 23.253150222 159.319188491 113.757541956
v 23.276462542 159.314778444 113.818359093
v 23.318711669 159.305607743 113.752732077
v 23.340269571 159.300334019 113.813668058
v 23.383475011 159.288529336 113.747923720
v 23.404691484 159.282117225 113.808880816
v 23.447234782 159.268005087 113.743127664
v 23.468082043 159.260463940 113.804094956
v 23.509763222 159.244111626 113.738345819
v 23.530199598 159.235455458 113.799305142
v 23.570944779 159.216894782 113.733562916
v 23.590867159 159.207167209 113.794508393
v 23.630602036 159.186429255 113.728768325
v 23.649997792 159.175635288 113.789697772
v 23.688509697 159.152831324 113.723962538
v 23.707359918 159.140975609 113.784892896
v 23.744534652 159.116181795 113.719154295
v 23.762764138 159.103304006 113.780095852
v 23.798536160 159.076570547 113.714348998
v 23.816052955 159.062732134 113.775303662
v 23.850353210 159.034111332 113.709553828
v 23.867074273 159.019380659 113.770513357
v 23.899778776 158.988977898 113.704771775
v 23.915683104 158.973377955 113.765721944
v 23.946734016 158.941246030 113.699987268
v 23.961743004 158.924858532 113.760926375
v 23.991081397 158.891050054 113.695191632
v 24.005168962 158.873909550 113.756119274
v 24.032672392 158.838555991 113.690382596
v 24.045852900 158.820642192 113.751310114
v 24.071374361 158.783936236 113.685576381
v 24.083610973 158.765289238 113.746510290
v 24.107109175 158.727302170 113.680774622
v 24.118337860 158.708011749 113.741716729
v 24.139770782 158.668814639 113.675981373
v 24.149936293 158.648977568 113.736926375
v 24.169228426 158.608713256 113.671198771
v 24.178318229 158.588359516 113.732136155
v 24.195433248 158.547104939 113.666411153
v 24.203405688 158.526333424 113.727342951
v 24.218309534 158.484159203 113.661613590
v 24.225131234 158.463076093 113.722543568
v 24.237784128 158.420069424 113.656804156
v 24.243468517 158.398643946 113.717738866
v 24.253777586 158.355119868 113.652005773
v 24.258323085 158.333344670 113.712949123
v 24.266277604 158.289383681 113.647213034
v 24.269655812 158.267367359 113.708166470
v 24.275244897 158.223046923 113.642422784
v 24.277441983 158.200857558 113.703379402
v 24.280649715 158.156300192 113.637631933
v 24.281655927 158.134007234 113.698579061
v 24.282472494 158.089336611 113.632837430
v 24.282283266 158.067050958 113.693772072
v 24.280704146 158.022349701 113.628036230
v 24.279326060 158.000181426 113.688964936
v 24.275346014 157.955531438 113.623225296
v 24.272786961 157.933512673 113.684161320
v 24.266430362 157.889200062 113.618423352
v 24.262688340 157.867304678 113.679373381
v 24.253972127 157.823417477 113.613629431
v 24.249063648 157.801755994 113.674592216
v 24.238003249 157.758373063 113.608841269
v 24.231953887 157.737047524 113.669806882
v 24.218570149 157.694267535 113.604055941
v 24.211386089 157.673293948 113.665003744
v 24.195749384 157.631342276 113.599262736
v 24.187441442 157.610755576 113.660193779
v 24.169582859 157.569706585 113.594458142
v 24.160192603 157.549611328 113.655386598
v 24.140142242 157.509539240 113.589648461
v 24.129694088 157.489985168 113.650587546
v 24.107533711 157.451057047 113.584845887
v 24.096042351 157.432072503 113.645800511
v 24.071848164 157.394416550 113.580055741
v 24.059350559 157.376065278 113.641018714
v 24.033166951 157.339748384 113.575270296
v 24.019727346 157.322122239 113.636232306
v 23.991598694 157.287212638 113.570484135
v 23.977234578 157.270332397 113.631427705
v 23.947318751 157.237025714 113.565690302
v 23.932042406 157.220908093 113.626616507
v 23.900398497 157.189263780 113.560883062
v 23.884285840 157.173991655 113.621809710
v 23.850969937 157.144066773 113.556072300
v 23.834083442 157.129697202 113.617015821
v 23.799187513 157.101579102 113.551269458
v 23.781552520 157.088132459 113.612229716
v 23.745240079 157.061951619 113.546482656
v 23.726890402 157.049454807 113.607445587
v 23.689228046 157.025256061 113.541699696
v 23.670256372 157.013772201 113.602656329
v 23.631310251 156.991601124 113.536912177
v 23.611753443 156.981151530 113.597851373
v 23.571704781 156.961112462 113.532115186
v 23.551592652 156.951714054 113.593041019
v 23.510555941 156.933860345 113.527307128
v 23.489964016 156.925550027 113.588235810
v 23.448012919 156.909913051 113.522496443
v 23.427046084 156.902731018 113.583444511
v 23.384257618 156.889344061 113.517693973
v 23.362895655 156.883284568 113.578652171
v 23.319550075 156.872233940 113.512909572
v 23.297816536 156.867309850 113.573853589
v 23.253995577 156.858607582 113.508128233
v 23.231996502 156.854849171 113.569051713
v 23.187781687 156.848507929 113.503339344
v 23.165626482 156.845934795 113.564249626
v 23.121126234 156.841969809 113.498536473
v 23.098899300 156.840588674 113.559450417
v 23.054250643 156.839011818 113.493728685
v 23.032007540 156.838822283 113.554657115
v 22.987288260 156.839639015 113.488920474
v 22.965141451 156.840636804 113.549872612
v 22.920432031 156.843853462 113.484119953
v 22.898341883 156.846039379 113.545084611
v 22.853953135 156.851635464 113.479335890
v 22.831928085 156.855014423 113.540288705
v 22.787969512 156.862968040 113.474553908
v 22.766112174 156.867531408 113.535488070
v 22.722664036 156.877823114 113.469763840
v 22.701083226 156.883550519 113.530685831
v 22.658233972 156.896158991 113.464957834
v 22.637028754 156.903021565 113.525885148
v 22.594928664 156.917901488 113.460150722
v 22.574132639 156.925884526 113.521089139
v 22.532855733 156.943011154 113.455345727
v 22.512573207 156.952070443 113.516300809
v 22.472195143 156.971419351 113.450547952
v 22.452456978 156.981536410 113.511516416
v 22.413159874 157.003026794 113.445762073
v 22.393976179 157.014195660 113.506723405
v 22.355919307 157.037739184 113.440977820
v 22.337348642 157.049927344 113.501923085
v 22.300599674 157.075480278 113.436185424
v 22.282735013 157.088625535 113.497117633
v 22.247362619 157.116144397 113.431378921
v 22.230229054 157.130226837 113.492308578
v 22.196459817 157.159530968 113.426578788
v 22.180038751 157.174570450 113.487513727
v 22.147934194 157.205594736 113.421785145
v 22.132312144 157.221521300 113.482728371
v 22.101925532 157.254208212 113.416994758
v 22.087177709 157.270948597 113.477945495
v 22.058568855 157.305234448 113.412204469
v 22.044720023 157.322764471 113.473149820
v 22.017992707 157.358528237 113.407411164
v 22.005112676 157.376761014 113.468345665
v 21.980317623 157.413937608 113.402611746
v 21.968466538 157.432780553 113.463538444
v 21.945654886 157.471305576 113.397803101
v 21.934856287 157.490710212 113.458730884
v 21.914141326 157.530400627 113.392994452
v 21.904394262 157.550362579 113.453937659
v 21.885848806 157.591073945 113.388196727
v 21.877180383 157.611538887 113.449154841
v 21.860836731 157.653197566 113.383405593
v 21.853289257 157.674061946 113.444372520
v 21.839181261 157.716592185 113.378619863
v 21.832762520 157.737830608 113.439574897
v 21.820979305 157.780953426 113.373837843
v 21.815685883 157.802589087 113.434767265
v 21.806541494 157.844708442 113.369156773
v 21.802106366 157.868145405 113.429958414
v 21.794956340 157.912607674 113.364219308
v 21.792056511 157.934331906 113.425155422
v 21.787470964 157.977157775 113.359559531
v 21.785561583 158.001002954 113.420363332
v 21.783234959 158.045189458 113.354672726
v 21.782647955 158.067902314 113.415581056
v 21.782638374 158.109155717 113.350090456
v 21.783320141 158.134837455 113.410798140
v 21.785058147 158.169174149 113.345793435
v 21.787578335 158.201682845 113.405999866
v 21.789951728 158.225354725 113.341761921
v 21.795410580 158.268201128 113.401189948
v 21.796832184 158.277745429 113.337974842
v 21.806789763 158.334180745 113.396380230
v 21.805285513 158.326542766 113.334419729
v 21.819956277 158.392636925 113.329557081
v 21.821679371 158.399432857 113.391581434
v 21.838394430 158.458520109 113.324649627
v 21.840058881 158.463853857 113.386792059
v 21.860362637 158.523169353 113.319764913
v 21.861855321 158.527176397 113.382008533
v 21.885443904 158.585636436 113.314955973
v 21.887002071 158.589218528 113.377222924
v 21.910132083 158.639141181 113.310745877
v 21.915441309 158.649839410 113.372424656
v 21.933791012 158.684974847 113.307056091
v 21.947097482 158.708870634 113.367614518
v 21.966635899 158.741885131 113.302347466
v 21.981857326 158.766101137 113.362805758
v 22.002739760 158.797447015 113.297594017
v 22.019617551 158.821368364 113.358008043
v 22.043067186 158.852743503 113.292683493
v 22.060314914 158.874575769 113.353221467
v 22.067972984 158.883957053 113.289820131
v 22.093874115 158.914371703 113.286957878
v 22.102532534 158.924112996 113.348572688
v 22.120752333 158.943962759 113.284096967
v 23.072809176 156.839473051 114.620047884
v 23.006041260 156.839101567 114.615277667
v 22.939152194 156.842310447 114.610492728
v 22.872507440 156.849099905 114.605696922
v 22.806334774 156.859447624 114.600888675
v 22.740855357 156.873314308 114.596084683
v 22.676188608 156.890672912 114.591283928
v 22.612521584 156.911477234 114.586488598
v 22.550041874 156.935669736 114.581700853
v 22.489050774 156.963125758 114.576918432
v 22.429594971 156.993816402 114.572126549
v 22.371844569 157.027658128 114.567328132
v 22.315967608 157.064557027 114.562526261
v 22.265030056 157.102145075 114.620520616
v 22.262128083 157.104409509 114.557724093
v 22.216503230 157.141883049 114.616041137
v 22.210484069 157.147103337 114.552924791
v 22.170015468 157.184019777 114.611553276
v 22.161186059 157.192518967 114.548131446
v 22.120992933 157.233424923 114.606562254
v 22.114443381 157.240457876 114.543342653
v 22.077466699 157.282309100 114.601861231
v 22.070339747 157.290824710 114.538540954
v 22.037046228 157.332762715 114.597220160
v 22.028981438 157.343500062 114.533731659
v 21.997198489 157.388317377 114.592325623
v 21.990493258 157.398330619 114.528923297
v 21.963219636 157.441367556 114.587822695
v 21.955027155 157.455094458 114.524130703
v 21.930663751 157.498469166 114.583125493
v 21.922639153 157.513696801 114.519345131
v 21.901094755 157.557330292 114.578412862
v 21.893425629 157.573971278 114.514560161
v 21.874883135 157.617137896 114.573730023
v 21.867485952 157.635715643 114.509769355
v 21.857710411 157.661700176 114.570299871
v 21.844900000 157.698731536 114.504965899
v 21.841287502 157.709906029 114.566641685
v 21.825713547 157.762889734 114.500154969
v 21.825947554 157.762024557 114.562743874
v 21.812090459 157.818328586 114.558595186
v 21.810108484 157.827431058 114.495389290
v 21.800208693 157.879000835 114.554178435
v 21.798483998 157.889394338 114.490876795
v 21.790861489 157.944249837 114.549468249
v 21.789628503 157.955263718 114.486128690
v 21.785162695 158.006863032 114.544969189
v 21.784116397 158.024743417 114.481149693
v 21.782567116 158.073474171 114.540187305
v 21.782473551 158.090109995 114.476469894
v 21.783387495 158.136630603 114.535651726
v 21.784038446 158.151363636 114.472072807
v 21.787698408 158.202999442 114.530878799
v 21.788228041 158.208633432 114.467947509
v 21.795594557 158.269465346 114.526085709
v 21.794541900 158.262104713 114.464081229
v 21.802552781 158.311973433 114.460460810
v 21.807048286 158.335468673 114.521300267
v 21.811886933 158.358395685 114.457074435
v 21.822017536 158.400748078 114.516512667
v 21.827465305 158.421172390 114.452454934
v 21.840454379 158.465109028 114.511719511
v 21.846469581 158.483658955 114.447788939
v 21.862306992 158.528380688 114.506916845
v 21.868692657 158.545018933 114.443115467
v 21.887552181 158.590475718 114.502107436
v 21.893713746 158.604309793 114.438495257
v 21.916079734 158.651108054 114.497307208
v 21.918071130 158.655045237 114.434453282
v 21.941238207 158.698499723 114.430918918
v 21.947804519 158.710105550 114.492513176
v 21.973262944 158.752579780 114.426415605
v 21.982631377 158.767299321 114.487722374
v 22.008320075 158.805488680 114.421878830
v 22.020456042 158.822525680 114.482931829
v 22.040605846 158.849545269 114.417977248
v 22.061166377 158.875627884 114.478138526
v 22.082370521 158.901106200 114.413233333
v 22.102966063 158.924595402 114.473519375
v 22.114775858 158.937545918 114.409739788
v 22.148589412 158.972705551 114.468755914
v 22.148589380 158.972705519 114.406236591
v 22.890386350 161.886164753 115.000000000
v 23.012250953 159.713695721 115.000000000
v 23.079844884 161.888526786 115.000000000
v 23.093267119 159.712683939 115.000000000
v 23.269185643 161.881442155 115.000000000
v 22.931285059 159.710668034 115.000000000
v 22.701281066 161.874361927 115.000000000
v 23.174132149 159.707635204 115.000000000
v 23.457937898 161.864928472 115.000000000
v 22.512999177 161.853147653 115.000000000
v 22.850570719 159.703608405 115.000000000
v 23.254645012 159.698562066 115.000000000
v 23.645632379 161.839026794 115.000000000
v 22.326008781 161.822574673 115.000000000
v 22.770308593 159.692534385 115.000000000
v 23.334605550 159.685487083 115.000000000
v 23.831802449 161.803801516 115.000000000
v 22.140774767 161.782718995 115.000000000
v 22.690698212 159.677473504 115.000000000
v 23.413814981 159.668442757 115.000000000
v 24.015985260 161.759340214 115.000000000
v 21.957757654 161.733679708 115.000000000
v 22.611937490 159.658463203 115.000000000
v 23.492076387 159.647471463 115.000000000
v 24.197722904 161.705753426 115.000000000
v 21.777412453 161.675578730 115.000000000
v 22.534222227 159.635550742 115.000000000
v 23.569195210 159.622625335 115.000000000
v 24.376563553 161.643174376 115.000000000
v 21.600187530 161.608560510 115.000000000
v 22.457745626 159.608793083 115.000000000
v 23.644979730 159.593966142 115.000000000
v 24.552062581 161.571758647 115.000000000
v 22.382697808 159.578256745 115.000000000
v 21.426523494 161.532791665 115.000000000
v 23.719241545 159.561565129 115.000000000
v 24.723783669 161.491683788 115.000000000
v 21.256852101 161.448460570 115.000000000
v 22.309265345 159.544017643 115.000000000
v 23.791796040 159.525502848 115.000000000
v 24.891299893 161.403148879 115.000000000
v 21.091595181 161.355776884 115.000000000
v 22.237630789 159.506160895 115.000000000
v 23.862462843 159.485868949 115.000000000
v 25.054194779 161.306374032 115.000000000
v 20.931163589 161.254971033 115.000000000
v 22.167972228 159.464780613 115.000000000
v 23.931066273 159.442761963 115.000000000
v 25.212063347 161.201599843 115.000000000
v 20.775956183 161.146293638 115.000000000
v 22.100462832 159.419979672 115.000000000
v 23.997435782 159.396289056 115.000000000
v 25.364513109 161.089086798 115.000000000
v 20.626358833 161.030014886 115.000000000
v 22.035270432 159.371869445 115.000000000
v 24.061406374 159.346565759 115.000000000
v 25.511165051 160.969114622 115.000000000
v 20.482743462 160.906423865 115.000000000
v 21.972557098 159.320569537 115.000000000
v 24.122819017 159.293715686 115.000000000
v 25.651654575 160.841981586 115.000000000
v 20.345467120 160.775827843 115.000000000
v 21.912478736 159.266207479 115.000000000
v 25.785632400 160.708003761 115.000000000
v 20.214871097 160.638551501 115.000000000
v 21.855184702 159.208918418 115.000000000
v 25.912765436 160.567514237 115.000000000
v 20.091280077 160.494936130 115.000000000
v 21.800817430 159.148844775 115.000000000
v 26.032737612 160.420862295 115.000000000
v 19.975001325 160.345338780 115.000000000
v 21.749512078 159.086135893 115.000000000
v 26.145250657 160.268412533 115.000000000
v 19.866323930 160.190131374 115.000000000
v 21.701396193 159.020947670 115.000000000
v 26.250024845 160.110543965 115.000000000
v 19.765518079 160.029699782 115.000000000
v 21.656589392 158.953442163 115.000000000
v 26.346799693 159.947649079 115.000000000
v 19.672834393 159.864442862 115.000000000
v 21.615203065 158.883787194 115.000000000
v 26.435334602 159.780132855 115.000000000
v 19.588503298 159.694771469 115.000000000
v 21.577340099 158.812155924 115.000000000
v 26.515409461 159.608411767 115.000000000
v 19.512734453 159.521107433 115.000000000
v 21.543094623 158.738726433 115.000000000
v 26.586825190 159.432912739 115.000000000
v 19.445716233 159.343882510 115.000000000
v 21.512551771 158.663681266 115.000000000
v 26.649404240 159.254072090 115.000000000
v 19.387615255 159.163537309 115.000000000
v 21.485787474 158.587206987 115.000000000
v 26.702991028 159.072334446 115.000000000
v 19.338575968 158.980520196 115.000000000
v 21.462868268 158.509493714 115.000000000
v 26.747452330 158.888151635 115.000000000
v 19.298720290 158.795286182 115.000000000
v 21.443851131 158.430734642 115.000000000
v 26.782677608 158.701981565 115.000000000
v 19.268147310 158.608295786 115.000000000
v 21.428783339 158.351125569 115.000000000
v 26.808579286 158.514287084 115.000000000
v 19.246933036 158.420013897 115.000000000
v 21.417702352 158.270864404 115.000000000
v 26.825092968 158.325534829 115.000000000
v 19.235130210 158.230908613 115.000000000
v 21.410635718 158.190150678 115.000000000
v 26.832177600 158.136194070 115.000000000
v 21.407601003 158.109185047 115.000000000
v 19.232768177 158.041450079 115.000000000
v 21.408605753 158.028168793 115.000000000
v 26.829815567 157.946735536 115.000000000
v 19.239852808 157.852109320 115.000000000
v 21.413647469 157.947303325 115.000000000
v 26.818012741 157.757630252 115.000000000
v 19.256366491 157.663357065 115.000000000
v 21.422713618 157.866789675 115.000000000
v 26.796798467 157.569348363 115.000000000
v 19.282268169 157.475662584 115.000000000
v 21.435781662 157.786828002 115.000000000
v 26.766225487 157.382357967 115.000000000
v 19.317493446 157.289492514 115.000000000
v 21.452819111 157.707617093 115.000000000
v 26.726369809 157.197123953 115.000000000
v 19.361954748 157.105309703 115.000000000
v 21.473783612 157.629353866 115.000000000
v 26.677330521 157.014106840 115.000000000
v 19.415541537 156.923572059 115.000000000
v 21.498623046 157.552232887 115.000000000
v 24.222513649 156.898781364 114.999999685
v 26.619229544 156.833761639 115.000000000
v 19.478120587 156.744731410 115.000000000
v 21.527275662 157.476445880 115.000000000
v 26.552211323 156.656536716 115.000000000
v 19.549536316 156.569232382 115.000000000
v 21.559670229 157.402181252 115.000000000
v 26.476442479 156.482872680 115.000000000
v 19.629611175 156.397511294 115.000000000
v 21.595726212 157.329623627 115.000000000
v 26.392111384 156.313201287 115.000000000
v 19.718146084 156.229995070 115.000000000
v 21.635353977 157.258953385 115.000000000
v 26.299427698 156.147944367 115.000000000
v 19.814920931 156.067100184 115.000000000
v 21.678455008 157.190346213 115.000000000
v 26.198621847 155.987512775 115.000000000
v 19.919695120 155.909231616 115.000000000
v 21.724922155 157.123972671 115.000000000
v 26.089944451 155.832305369 115.000000000
v 20.032208165 155.756781854 115.000000000
v 21.774639899 157.059997763 115.000000000
v 25.973665700 155.682708019 115.000000000
v 20.152180340 155.610129912 115.000000000
v 21.827484641 156.998580533 115.000000000
v 25.850074679 155.539092648 115.000000000
v 20.279313377 155.469640388 115.000000000
v 21.883325009 156.939873666 115.000000000
v 25.719478657 155.401816306 115.000000000
v 20.413291202 155.335662563 115.000000000
v 21.942022181 156.884023108 115.000000000
v 24.163286081 156.851801701 115.000000000
v 25.582202315 155.271220284 115.000000000
v 20.553780726 155.208529527 115.000000000
v 22.003430236 156.831167705 115.000000000
v 24.102000609 156.807540146 115.000000000
v 25.438586943 155.147629263 115.000000000
v 20.700432668 155.088557351 115.000000000
v 22.067396512 156.781438856 115.000000000
v 24.038778215 156.766096986 115.000000000
v 25.288989594 155.031350511 115.000000000
v 20.852882430 154.976044306 115.000000000
v 22.133761987 156.734960187 115.000000000
v 23.973740269 156.727572041 115.000000000
v 25.133782188 154.922673116 115.000000000
v 21.010750998 154.871270117 115.000000000
v 22.202361676 156.691847247 115.000000000
v 24.973350596 154.821867265 115.000000000
v 23.907076185 156.692100667 115.000000000
v 21.173645884 154.774495270 115.000000000
v 22.273025037 156.652207215 115.000000000
v 24.808093676 154.729183579 115.000000000
v 23.838977746 156.659805483 115.000000000
v 21.341162108 154.685960361 115.000000000
v 22.345576402 156.616138636 115.000000000
v 23.769481804 156.630717658 115.000000000
v 24.638422283 154.644852484 115.000000000
v 23.726046533 156.614428554 115.000000000
v 21.512883196 154.605885502 115.000000000
v 22.419835405 156.583731178 115.000000000
v 24.464758247 154.569083639 115.000000000
v 23.682109994 156.599350937 115.000000000
v 23.607068217 156.568801186 115.000000000
v 21.688382224 154.534469773 115.000000000
v 22.495617437 156.555065406 115.000000000
v 24.287533324 154.502065419 115.000000000
v 23.530589294 156.542050165 115.000000000
v 21.867222873 154.471890723 115.000000000
v 22.572734103 156.530212584 115.000000000
v 24.107188123 154.443964441 115.000000000
v 23.452872043 156.519144450 115.000000000
v 22.048960517 154.418303935 115.000000000
v 22.650993689 156.509234497 115.000000000
v 23.374109671 156.500140986 115.000000000
v 23.924171010 154.394925154 115.000000000
v 22.233143328 154.373842633 115.000000000
v 22.730201639 156.492183297 115.000000000
v 23.738936996 154.355069476 115.000000000
v 23.294497983 156.485087014 115.000000000
v 22.419313398 154.338617355 115.000000000
v 22.810161043 156.479101373 115.000000000
v 23.214234895 156.474019961 115.000000000
v 23.551946600 154.324496496 115.000000000
v 22.607007879 154.312715677 115.000000000
v 22.890673117 156.470021247 115.000000000
v 23.363664711 154.303282222 115.000000000
v 23.133519944 156.466967338 115.000000000
v 22.795760133 154.296201994 115.000000000
v 22.971537709 156.464965493 115.000000000
v 23.174559427 154.291479396 115.000000000
v 23.052553787 156.463946679 115.000000000
v 22.985100893 154.289117363 115.000000000
v 20.345467120 160.775827843 114.300000000
v 20.214871097 160.638551501 114.300000000
v 20.091280077 160.494936130 114.300000000
v 19.975001325 160.345338780 114.300000000
v 19.866323930 160.190131374 114.300000000
v 19.765518079 160.029699782 114.300000000
v 19.672834393 159.864442862 114.300000000
v 19.588503298 159.694771469 114.300000000
v 19.512734453 159.521107433 114.300000000
v 19.445716233 159.343882510 114.300000000
v 19.387615255 159.163537309 114.300000000
v 19.338575968 158.980520196 114.300000000
v 19.298720290 158.795286182 114.300000000
v 19.268147310 158.608295786 114.300000000
v 19.246933036 158.420013897 114.300000000
v 19.235130210 158.230908613 114.300000000
v 19.232768177 158.041450079 114.300000000
v 19.239852808 157.852109320 114.300000000
v 19.256366491 157.663357065 114.300000000
v 19.282268169 157.475662584 114.300000000
v 19.317493446 157.289492514 114.300000000
v 19.361954748 157.105309703 114.300000000
v 19.415541537 156.923572059 114.300000000
v 19.478120587 156.744731410 114.300000000
v 19.549536316 156.569232382 114.300000000
v 19.629611175 156.397511294 114.300000000
v 19.718146084 156.229995070 114.300000000
v 19.814920931 156.067100184 114.300000000
v 19.919695120 155.909231616 114.300000000
v 20.032208165 155.756781854 114.300000000
v 20.152180340 155.610129912 114.300000000
v 20.279313377 155.469640388 114.300000000
v 20.413291202 155.335662563 114.300000000
v 20.553780726 155.208529527 114.300000000
v 20.700432668 155.088557351 114.300000000
v 20.852882430 154.976044306 114.300000000
v 21.010750998 154.871270117 114.300000000
v 21.173645884 154.774495270 114.300000000
v 21.341162108 154.685960361 114.300000000
v 21.512883196 154.605885502 114.300000000
v 21.688382224 154.534469773 114.300000000
v 21.867222873 154.471890723 114.300000000
v 22.048960517 154.418303935 114.300000000
v 22.233143328 154.373842633 114.300000000
v 22.419313398 154.338617355 114.300000000
v 22.607007879 154.312715677 114.300000000
v 22.795760133 154.296201994 114.300000000
v 22.985100893 154.289117363 114.300000000
v 23.174559427 154.291479396 114.300000000
v 23.363664711 154.303282222 114.300000000
v 23.551946600 154.324496496 114.300000000
v 23.738936996 154.355069476 114.300000000
v 23.924171010 154.394925154 114.300000000
v 24.107188123 154.443964441 114.300000000
v 24.287533324 154.502065419 114.300000000
v 24.464758247 154.569083639 114.300000000
v 24.638422283 154.644852484 114.300000000
v 24.808093676 154.729183579 114.300000000
v 24.973350596 154.821867265 114.300000000
v 25.133782188 154.922673116 114.300000000
v 25.288989594 155.031350511 114.300000000
v 25.438586943 155.147629263 114.300000000
v 25.582202315 155.271220284 114.300000000
v 25.719478657 155.401816306 114.300000000
v 25.850074679 155.539092648 114.300000000
v 25.973665700 155.682708019 114.300000000
v 26.089944451 155.832305369 114.300000000
v 26.198621847 155.987512775 114.300000000
v 26.299427698 156.147944367 114.300000000
v 26.392111384 156.313201287 114.300000000
v 26.476442479 156.482872680 114.300000000
v 26.552211323 156.656536716 114.300000000
v 26.619229544 156.833761639 114.300000000
v 26.677330521 157.014106840 114.300000000
v 26.726369809 157.197123953 114.300000000
v 26.766225487 157.382357967 114.300000000
v 26.796798467 157.569348363 114.300000000
v 26.818012741 157.757630252 114.300000000
v 26.829815567 157.946735536 114.300000000
v 26.832177600 158.136194070 114.300000000
v 26.825092968 158.325534829 114.300000000
v 26.808579286 158.514287084 114.300000000
v 26.782677608 158.701981565 114.300000000
v 26.747452330 158.888151635 114.300000000
v 26.702991028 159.072334446 114.300000000
v 26.649404240 159.254072090 114.300000000
v 26.586825190 159.432912739 114.300000000
v 26.515409461 159.608411767 114.300000000
v 26.435334602 159.780132855 114.300000000
v 26.346799693 159.947649079 114.300000000
v 26.250024845 160.110543965 114.300000000
v 26.145250657 160.268412533 114.300000000
v 26.032737612 160.420862295 114.300000000
v 25.912765436 160.567514237 114.300000000
v 25.785632400 160.708003761 114.300000000
v 25.651654575 160.841981586 114.300000000
v 25.511165051 160.969114622 114.300000000
v 25.364513109 161.089086798 114.300000000
v 25.212063347 161.201599843 114.300000000
v 25.054194779 161.306374032 114.300000000
v 24.891299893 161.403148879 114.300000000
v 24.723783669 161.491683788 114.300000000
v 24.552062581 161.571758647 114.300000000
v 24.376563553 161.643174376 114.300000000
v 24.197722904 161.705753426 114.300000000
v 24.015985260 161.759340214 114.300000000
v 23.831802449 161.803801516 114.300000000
v 23.645632379 161.839026794 114.300000000
v 23.457937898 161.864928472 114.300000000
v 23.269185643 161.881442155 114.300000000
v 23.079844884 161.888526786 114.300000000
v 22.890386350 161.886164753 114.300000000
v 22.701281066 161.874361927 114.300000000
v 22.512999177 161.853147653 114.300000000
v 22.326008781 161.822574673 114.300000000
v 22.140774767 161.782718995 114.300000000
v 21.957757654 161.733679708 114.300000000
v 21.777412453 161.675578730 114.300000000
v 21.600187530 161.608560510 114.300000000
v 21.426523494 161.532791665 114.300000000
v 21.256852101 161.448460570 114.300000000
v 21.091595181 161.355776884 114.300000000
v 20.931163589 161.254971033 114.300000000
v 20.775956183 161.146293638 114.300000000
v 20.626358833 161.030014886 114.300000000
v 20.482743462 160.906423865 114.300000000
v 25.478246157 155.643048806 114.250000000
v 25.237013657 155.884281306 114.200000000
v 25.344160526 155.996909011 114.200000000
v 25.124385952 155.777134437 114.200000000
v 25.709612938 155.898722780 114.250000000
v 25.445560176 156.114737541 114.200000000
v 25.540960510 156.237473957 114.200000000
v 25.914373098 156.176162945 114.250000000
v 25.630124349 156.364813116 114.200000000
v 25.712830017 156.496438432 114.200000000
v 26.090491639 156.472611976 114.250000000
v 25.788871895 156.632022666 114.200000000
v 25.858060930 156.771228732 114.200000000
v 26.236218216 156.785123629 114.250000000
v 25.920225109 156.913710542 114.200000000
v 25.975209880 157.059113866 114.200000000
v 26.350104533 157.110592023 114.250000000
v 26.022878544 157.207077206 114.200000000
v 26.063112588 157.357232703 114.200000000
v 26.431018736 157.445782506 114.250000000
v 26.095811985 157.509207046 114.200000000
v 26.120895437 157.662622403 114.200000000
v 26.478156663 157.787363806 114.250000000
v 26.138300585 157.817097360 114.200000000
v 26.147984155 157.972247868 114.200000000
v 26.491049837 158.131941133 114.250000000
v 26.149922074 158.127688197 114.200000000
v 26.144109523 158.283031899 114.200000000
v 26.469570119 158.476089924 114.250000000
v 26.130560953 158.437892765 114.200000000
v 26.109310047 158.591885786 114.200000000
v 26.413930985 158.816389873 114.250000000
v 26.080409640 158.744628111 114.200000000
v 26.043931582 158.895739999 114.200000000
v 26.324685401 159.149458926 114.250000000
v 25.999966563 159.044845762 114.200000000
v 25.948623887 159.191574700 114.200000000
v 26.202720330 159.471986894 114.250000000
v 25.890031200 159.335562021 114.200000000
v 25.824334173 159.476449750 114.200000000
v 26.049247916 159.780768348 114.250000000
v 25.751696139 159.613887618 114.200000000
v 25.672297688 159.747533932 114.200000000
v 25.865793436 160.072734480 114.250000000
v 25.586336216 159.877056428 114.200000000
v 25.494025438 160.002133091 114.200000000
v 25.654180144 160.344983600 114.250000000
v 25.395594852 160.122452962 114.200000000
v 25.291289172 160.237716906 114.200000000
v 25.416511147 160.594809972 114.250000000
v 25.181367720 160.347638358 114.200000000
v 25.066103776 160.451944038 114.200000000
v 25.155148507 160.819730711 114.250000000
v 24.945783905 160.550374624 114.200000000
v 24.820707242 160.642685402 114.200000000
v 24.872689763 161.017510453 114.250000000
v 24.691184746 160.728646874 114.200000000
v 24.557538432 160.808045325 114.200000000
v 24.571942117 161.186183574 114.250000000
v 24.420100564 160.880683359 114.200000000
v 24.279212835 160.946380386 114.200000000
v 24.255894534 161.324073725 114.250000000
v 24.135225514 161.004973073 114.200000000
v 23.988496576 161.056315749 114.200000000
v 23.927688037 161.429810491 114.250000000
v 23.839390813 161.100280768 114.200000000
v 23.688278925 161.136758826 114.200000000
v 23.590584489 161.502343014 114.250000000
v 23.535536599 161.165659233 114.200000000
v 23.381543578 161.186910139 114.200000000
v 23.247934178 161.540950432 114.250000000
v 23.226682713 161.200458709 114.200000000
v 23.071339011 161.206271260 114.200000000
v 22.903142516 161.545249047 114.250000000
v 22.915898681 161.204333341 114.200000000
v 22.760748174 161.194649771 114.200000000
v 22.559636197 161.515196138 114.250000000
v 22.606273217 161.177244623 114.200000000
v 22.452857859 161.152161171 114.200000000
v 22.220829142 161.451090385 114.250000000
v 22.300883516 161.119461774 114.200000000
v 22.150728020 161.079227730 114.200000000
v 21.890088566 161.353568898 114.250000000
v 22.002764679 161.031559067 114.200000000
v 21.857361356 160.976574295 114.200000000
v 21.570701520 161.223600891 114.250000000
v 21.714879546 160.914410116 114.200000000
v 21.575673479 160.845221081 114.200000000
v 21.265842214 161.062478043 114.250000000
v 21.440089246 160.769179203 114.200000000
v 21.308463930 160.686473535 114.200000000
v 20.978540477 160.871801667 114.250000000
v 21.181124771 160.597309696 114.200000000
v 21.058388355 160.501909362 114.200000000
v 20.711651643 160.653466789 114.250000000
v 20.940559825 160.400509712 114.200000000
v 20.827932120 160.293362843 114.200000000
v 20.467828174 160.409643319 114.250000000
v 20.720785251 160.180735138 114.200000000
v 20.619385601 160.062906608 114.200000000
v 20.249493296 160.142754486 114.250000000
v 20.523985267 159.940170192 114.200000000
v 20.434821428 159.812831033 114.200000000
v 20.058816920 159.855452749 114.250000000
v 20.352115760 159.681205717 114.200000000
v 20.276073882 159.545621483 114.200000000
v 19.897694072 159.550593443 114.250000000
v 20.206884846 159.406415417 114.200000000
v 20.144720668 159.263933606 114.200000000
v 19.767726065 159.231206397 114.250000000
v 20.089735896 159.118530283 114.200000000
v 20.042067233 158.970566943 114.200000000
v 19.670204578 158.900465821 114.250000000
v 20.001833188 158.820411446 114.200000000
v 19.969133792 158.668437103 114.200000000
v 19.606098825 158.561658766 114.250000000
v 19.944050340 158.515021746 114.200000000
v 19.926645192 158.360546789 114.200000000
v 19.576045916 158.218152447 114.250000000
v 19.916961621 158.205396281 114.200000000
v 19.915023703 158.049955952 114.200000000
v 19.580344531 157.873360785 114.250000000
v 19.920836254 157.894612250 114.200000000
v 19.934384824 157.739751384 114.200000000
v 19.618951949 157.530710474 114.250000000
v 19.955635729 157.585758363 114.200000000
v 19.984536137 157.433016038 114.200000000
v 19.691484472 157.193606926 114.250000000
v 20.021014195 157.281904150 114.200000000
v 20.064979214 157.132798387 114.200000000
v 19.797221238 156.865400429 114.250000000
v 20.116321890 156.986069449 114.200000000
v 20.174914576 156.842082128 114.200000000
v 19.935111389 156.549352846 114.250000000
v 20.240611603 156.701194399 114.200000000
v 20.313249637 156.563756531 114.200000000
v 20.103784510 156.248605200 114.250000000
v 20.392648089 156.430110217 114.200000000
v 20.478609561 156.300587721 114.200000000
v 20.301564252 155.966146456 114.250000000
v 20.570920339 156.175511058 114.200000000
v 20.669350925 156.055191187 114.200000000
v 20.526484991 155.704783816 114.250000000
v 20.773656604 155.939927243 114.200000000
v 20.883578057 155.830005791 114.200000000
v 20.776311363 155.467114819 114.250000000
v 20.998842001 155.725700111 114.200000000
v 21.119161871 155.627269525 114.200000000
v 21.048560483 155.255501526 114.250000000
v 21.244238535 155.534958747 114.200000000
v 21.373761030 155.448997275 114.200000000
v 21.340526615 155.072047047 114.250000000
v 21.507407345 155.369598824 114.200000000
v 21.644845213 155.296960790 114.200000000
v 21.649308069 154.918574632 114.250000000
v 21.785732942 155.231263763 114.200000000
v 21.929720263 155.172671076 114.200000000
v 21.971836037 154.796609562 114.250000000
v 22.076449200 155.121328400 114.200000000
v 22.225554964 155.077363381 114.200000000
v 22.304905090 154.707363978 114.250000000
v 22.376666852 155.040885323 114.200000000
v 22.529409177 155.011984916 114.200000000
v 22.645205039 154.651724844 114.250000000
v 22.683402198 154.990734010 114.200000000
v 22.838263064 154.977185440 114.200000000
v 22.989353829 154.630245126 114.250000000
v 22.993606766 154.971372889 114.200000000
v 23.149047095 154.973310808 114.200000000
v 23.333931157 154.643138300 114.250000000
v 23.304197603 154.982994378 114.200000000
v 23.458672560 155.000399526 114.200000000
v 23.675512456 154.690276227 114.250000000
v 23.612087917 155.025482978 114.200000000
v 23.764062260 155.058182375 114.200000000
v 24.010702940 154.771190430 114.250000000
v 23.914217757 155.098416419 114.200000000
v 24.062181097 155.146085082 114.200000000
v 24.336171334 154.885076747 114.250000000
v 24.207584420 155.201069854 114.200000000
v 24.350066231 155.263234033 114.200000000
v 24.648682987 155.030803324 114.250000000
v 24.489272297 155.332423068 114.200000000
v 24.624856531 155.408464946 114.200000000
v 24.945132017 155.206921865 114.250000000
v 24.756481847 155.491170614 114.200000000
v 24.883821006 155.580334453 114.200000000
v 25.222572182 155.411682025 114.250000000
v 25.006557422 155.675734787 114.200000000
v 24.873297932 155.786823971 111.489910707
v 25.237013657 155.884281306 111.575000000
v 24.568691302 155.705204871 111.434039846
v 24.307431272 155.635200457 111.398704265
v 24.054211918 155.567350535 111.376463923
v 23.805413819 155.500685285 111.366699508
v 23.557622079 155.434289689 111.369143913
v 23.307467741 155.367261036 111.383863732
v 23.051473643 155.298667624 111.411263846
v 22.785889730 155.227504629 111.452115691
v 22.514499198 155.154785755 111.505857756
v 22.225554963 155.077363381 111.575000000
v 25.071659758 156.049635205 111.458077137
v 24.906305859 156.214989104 111.341154273
v 24.996912660 156.310205651 111.341154273
v 25.314436031 156.173225541 111.505857756
v 25.387154905 156.444616073 111.452115691
v 25.163417325 156.513520260 111.341154273
v 25.238905577 156.621118156 111.341154273
v 25.458317900 156.710199985 111.411263846
v 25.308965867 156.732326694 111.341154273
v 25.373425845 156.846872295 111.341154273
v 25.526911312 156.966194083 111.383863732
v 25.432126934 156.964473169 111.341154273
v 25.484924726 157.084840010 111.341154273
v 25.593939965 157.216348422 111.369143913
v 25.531689335 157.207676709 111.341154273
v 25.572305717 157.332681080 111.341154273
v 25.660335561 157.464140161 111.366699508
v 25.606673954 157.459545605 111.341154273
v 25.634709497 157.587958188 111.341154273
v 25.727000811 157.712938261 111.376463923
v 25.656343378 157.717602928 111.341154273
v 25.671522375 157.848160890 111.341154273
v 25.794850733 157.966157615 111.398704265
v 25.680209148 157.979310893 111.341154273
v 25.682382326 158.110730300 111.341154273
v 25.864855146 158.227417644 111.434039846
v 25.678036564 158.242095812 111.341154273
v 25.667182552 158.373084261 111.341154273
v 25.946474247 158.532024274 111.489910707
v 25.649846991 158.503373407 111.341154273
v 25.633738063 159.305933518 111.452115691
v 25.467989704 159.133215603 111.341154273
v 25.413208990 159.252693035 111.341154273
v 25.439317146 159.500354436 111.411263846
v 25.352571519 159.369307273 111.341154273
v 25.286226463 159.482771438 111.341154273
v 25.251916460 159.687755122 111.383863732
v 25.214337033 159.592806401 111.341154273
v 25.137080083 159.699141471 111.341154273
v 25.068790774 159.870880807 111.369143913
v 25.054645669 159.801515055 111.341154273
v 24.967236586 159.899675309 111.341154273
v 24.887394631 160.052276950 111.366699508
v 24.875067864 159.993380752 111.341154273
v 24.778366245 160.082400863 111.341154273
v 24.705261781 160.234409800 111.376463923
v 24.677369621 160.166516648 111.341154273
v 24.572326449 160.245521175 111.341154273
v 24.519892349 160.419779232 111.398704265
v 24.463495143 160.319220090 111.341154273
v 24.351143433 160.387432088 111.341154273
v 24.328636733 160.611034848 111.434039846
v 24.235547713 160.449989364 111.341154273
v 24.116992354 160.506738022 111.341154273
v 23.279056046 160.950139520 111.452115691
v 23.229467278 160.731489895 111.341154273
v 23.098191575 160.738007054 111.341154273
v 23.360258361 160.718471611 111.341154273
v 23.013472134 160.878976525 111.411263846
v 22.966754201 160.738007054 111.341154273
v 22.835478499 160.731489895 111.341154273
v 22.757478036 160.810383113 111.383863732
v 22.704687416 160.718471611 111.341154273
v 22.574702704 160.698984226 111.341154273
v 22.507323698 160.743354460 111.369143913
v 22.445844136 160.673075682 111.341154273
v 22.259531958 160.676958864 111.366699508
v 22.318428711 160.640809714 111.341154273
v 22.192769878 160.602265699 111.341154273
v 22.010733858 160.610293614 111.376463923
v 22.069176766 160.557538458 111.341154273
v 21.947953423 160.506738022 111.341154273
v 21.757514505 160.542443692 111.398704265
v 21.829398064 160.449989364 111.341154273
v 21.713802344 160.387432088 111.341154273
v 21.496254475 160.472439278 111.434039846
v 21.601450634 160.319220090 111.341154273
v 21.492619328 160.245521175 111.341154273
v 21.191647845 160.390820178 111.489910707
v 21.387576156 160.166516648 111.341154273
v 20.677790872 159.733028076 111.452115691
v 20.850608744 159.592806401 111.341154273
v 20.778719314 159.482771438 111.341154273
v 20.927865694 159.699141471 111.341154273
v 20.606627877 159.467444164 111.411263846
v 20.712374257 159.369307273 111.341154273
v 20.651736786 159.252693035 111.341154273
v 20.538034465 159.211450066 111.383863732
v 20.596956073 159.133215603 111.341154273
v 20.548166881 159.011168898 111.341154273
v 20.471005812 158.961295727 111.369143913
v 20.505489236 158.886853164 111.341154273
v 20.469028126 158.760574223 111.341154273
v 20.404610215 158.713503988 111.366699508
v 20.438873248 158.632642731 111.341154273
v 20.337944966 158.464705888 111.376463923
v 20.415098786 158.503373407 111.341154273
v 20.397763225 158.373084261 111.341154273
v 20.270095044 158.211486534 111.398704265
v 20.386909213 158.242095812 111.341154273
v 20.382563450 158.110730300 111.341154273
v 20.200090630 157.950226505 111.434039846
v 20.384736629 157.979310893 111.341154273
v 20.393423402 157.848160890 111.341154273
v 20.431207714 156.871710631 111.452115691
v 20.632818843 156.964473169 111.341154273
v 20.691519932 156.846872295 111.341154273
v 20.580021051 157.084840010 111.341154273
v 20.625628631 156.677289713 111.411263846
v 20.755979909 156.732326694 111.341154273
v 20.826040200 156.621118156 111.341154273
v 20.813029317 156.489889027 111.383863732
v 20.901528451 156.513520260 111.341154273
v 20.982258957 156.409797704 111.341154273
v 20.996155003 156.306763342 111.369143913
v 21.068033116 156.310205651 111.341154273
v 21.158639918 156.214989104 111.341154273
v 21.177551146 156.125367199 111.366699508
v 21.252841658 156.125301592 111.341154273
v 21.351330685 156.040344373 111.341154273
v 21.359683996 155.943234349 111.376463923
v 21.453869731 155.960322116 111.341154273
v 21.545053428 155.757864917 111.398704265
v 21.560211771 155.885427602 111.341154273
v 21.670100616 155.815841258 111.341154273
v 21.736309044 155.566609301 111.434039846
v 21.783271536 155.751730724 111.341154273
v 21.899451891 155.693250448 111.341154273
v 22.018361793 155.640541313 111.341154273
v 21.959296573 155.343621771 111.489910707
v 22.139714777 155.593730302 111.341154273
v 22.643637131 155.467504323 111.341154273
v 22.772727467 155.451582549 111.341154273
v 22.902443551 155.442014116 111.341154273
v 23.032472888 155.438822074 111.341154273
v 23.162502225 155.442014116 111.341154273
v 23.292218310 155.451582549 111.341154273
v 23.421308646 155.467504323 111.341154273
v 23.549462242 155.489741081 111.341154273
v 23.676370365 155.518239254 111.341154273
v 23.801727283 155.552930185 111.341154273
v 23.925231000 155.593730302 111.341154273
v 24.046583984 155.640541313 111.341154273
v 24.165493886 155.693250448 111.341154273
v 24.281674241 155.751730724 111.341154273
v 24.394845160 155.815841258 111.341154273
v 24.504734006 155.885427602 111.341154273
v 24.611076045 155.960322116 111.341154273
v 24.812104119 156.125301592 111.341154273
v 25.264564025 156.262805828 111.458077137
v 25.082686819 156.409797704 111.341154273
v 25.851795938 158.695438690 111.458077137
v 25.626072528 158.632642731 111.341154273
v 25.595917651 158.760574223 111.341154273
v 26.043931582 158.895739999 111.575000000
v 25.777386578 158.973138200 111.458077137
v 25.559456541 158.886853164 111.341154273
v 25.516778895 159.011168898 111.341154273
v 25.832409721 159.107261860 111.505857756
v 25.675697033 159.242048980 111.458077137
v 24.052512393 160.786244100 111.458077137
v 24.105649204 160.834022378 111.489910707
v 23.995769010 160.557538458 111.341154273
v 23.872175899 160.602265699 111.341154273
v 23.778867086 160.874403141 111.458077137
v 23.550446578 161.022858394 111.505857756
v 23.839390813 161.100280768 111.575000000
v 23.746517066 160.640809714 111.341154273
v 23.619101641 160.673075682 111.341154273
v 23.497803777 160.934877826 111.458077137
v 23.490243072 160.698984226 111.341154273
v 21.097465965 160.227119149 111.458077137
v 20.827932120 160.293362843 111.575000000
v 21.286579532 160.082400863 111.341154273
v 21.189877913 159.993380752 111.341154273
v 20.894175813 160.023828998 111.458077137
v 21.097709191 159.899675309 111.341154273
v 21.010300108 159.801515055 111.341154273
v 20.750509745 160.004418608 111.505857756
v 20.712137019 159.801307879 111.458077137
v 20.186417137 157.623491186 111.458077137
v 20.408602399 157.717602928 111.341154273
v 20.430236280 157.587958188 111.341154273
v 20.118471530 157.645619875 111.489910707
v 20.246891822 157.342427877 111.458077137
v 20.458271823 157.459545605 111.341154273
v 20.492640060 157.332681080 111.341154273
v 20.232536055 157.070382289 111.505857756
v 20.021014195 157.281904150 111.575000000
v 20.335050863 157.068782569 111.458077137
v 20.533256442 157.207676709 111.341154273
v 22.148156763 155.343908384 111.458077137
v 22.263218494 155.552930185 111.341154273
v 22.388575412 155.518239254 111.341154273
v 22.425856273 155.269499025 111.458077137
v 22.515483535 155.489741081 111.341154273
v 24.858489135 155.856730937 111.458077137
v 24.713615091 156.040344373 111.341154273
v 21.158639918 156.214989104 110.400000000
v 21.067761390 156.310505812 110.400000000
v 20.981745987 156.410424274 110.400000000
v 20.900806619 156.514497167 110.400000000
v 20.825143629 156.622466886 110.400000000
v 20.754944300 156.734066181 110.400000000
v 20.690382394 156.849018818 110.400000000
v 20.631617715 156.967040261 110.400000000
v 20.578795721 157.087838379 110.400000000
v 20.532047158 157.211114168 110.400000000
v 20.491487741 157.336562492 110.400000000
v 20.457217862 157.463872837 110.400000000
v 20.429322349 157.592730079 110.400000000
v 20.407870249 157.722815265 110.400000000
v 20.392914661 157.853806406 110.400000000
v 20.384492604 157.985379265 110.400000000
v 20.382624925 158.117208170 110.400000000
v 20.387316246 158.248966813 110.400000000
v 20.398554955 158.380329059 110.400000000
v 20.416313235 158.510969757 110.400000000
v 20.440547128 158.640565539 110.400000000
v 20.471196650 158.768795626 110.400000000
v 20.508185937 158.895342618 110.400000000
v 20.551423431 159.019893280 110.400000000
v 20.600802109 159.142139321 110.400000000
v 20.656199748 159.261778153 110.400000000
v 20.717479225 159.378513641 110.400000000
v 20.784488858 159.492056837 110.400000000
v 20.857062784 159.602126696 110.400000000
v 20.935021364 159.708450767 110.400000000
v 21.018171632 159.810765875 110.400000000
v 21.106307773 159.908818764 110.400000000
v 21.199211628 160.002366731 110.400000000
v 21.296653238 160.091178222 110.400000000
v 21.398391413 160.175033409 110.400000000
v 21.504174325 160.253724729 110.400000000
v 21.613740138 160.327057402 110.400000000
v 21.726817650 160.394849914 110.400000000
v 21.843126968 160.456934462 110.400000000
v 21.962380198 160.513157372 110.400000000
v 22.084282160 160.563379478 110.400000000
v 22.208531119 160.607476469 110.400000000
v 22.334819528 160.645339195 110.400000000
v 22.462834795 160.676873937 110.400000000
v 22.592260050 160.702002638 110.400000000
v 22.722774937 160.720663099 110.400000000
v 22.854056399 160.732809131 110.400000000
v 22.985779484 160.738410670 110.400000000
v 23.117618147 160.737453851 110.400000000
v 23.249246054 160.729941041 110.400000000
v 23.380337397 160.715890837 110.400000000
v 23.510567693 160.695338017 110.400000000
v 23.639614591 160.668333453 110.400000000
v 23.767158670 160.634943989 110.400000000
v 23.892884228 160.595252270 110.400000000
v 24.016480065 160.549356544 110.400000000
v 24.137640250 160.497370414 110.400000000
v 24.256064885 160.439422556 110.400000000
v 24.371460841 160.375656407 110.400000000
v 24.483542485 160.306229801 110.400000000
v 24.592032388 160.231314587 110.400000000
v 24.696662013 160.151096197 110.400000000
v 24.797172376 160.065773192 110.400000000
v 24.893314690 159.975556764 110.400000000
v 24.985243953 159.880241949 110.400000000
v 25.072296946 159.780453776 110.400000000
v 25.154256290 159.676441424 110.400000000
v 25.230917322 159.568464624 110.400000000
v 25.302088613 159.456793004 110.400000000
v 25.367592440 159.341705421 110.400000000
v 25.427265234 159.223489259 110.400000000
v 25.480957986 159.102439717 110.400000000
v 25.528536620 158.978859067 110.400000000
v 25.569882326 158.853055904 110.400000000
v 25.604891860 158.725344371 110.400000000
v 25.633477800 158.596043376 110.400000000
v 25.655568764 158.465475797 110.400000000
v 25.671109588 158.333967675 110.400000000
v 25.680061466 158.201847400 110.400000000
v 25.682402043 158.069444889 110.400000000
v 25.678125475 157.937090765 110.400000000
v 25.667242441 157.805115529 110.400000000
v 25.649780117 157.673848738 110.400000000
v 25.625782108 157.543618177 110.400000000
v 25.595308340 157.414749047 110.400000000
v 25.558434909 157.287563146 110.400000000
v 25.515253891 157.162378071 110.400000000
v 25.465873115 157.039506422 110.400000000
v 25.410415888 156.919255022 110.400000000
v 25.349020694 156.801924151 110.400000000
v 25.281840841 156.687806795 110.400000000
v 25.209044087 156.577187919 110.400000000
v 25.130812210 156.470343749 110.400000000
v 25.047340565 156.367541085 110.400000000
v 24.958837589 156.269036636 110.400000000
v 24.865524282 156.175076378 110.400000000
v 24.767633657 156.085894940 110.400000000
v 24.665410158 156.001715016 110.400000000
v 24.559109048 155.922746813 110.400000000
v 24.448995770 155.849187522 110.400000000
v 24.335345289 155.781220829 110.400000000
v 24.218441401 155.719016452 110.400000000
v 24.098576029 155.662729724 110.400000000
v 23.976048488 155.612501197 110.400000000
v 23.851164742 155.568456298 110.400000000
v 23.724236638 155.530705010 110.400000000
v 23.595581129 155.499341603 110.400000000
v 23.465519481 155.474444395 110.400000000
v 23.334376471 155.456075557 110.400000000
v 23.202479577 155.444280956 110.400000000
v 23.070158159 155.439090046 110.400000000
v 22.937742636 155.440515789 110.400000000
v 22.805563665 155.448554625 110.400000000
v 22.673951310 155.463186479 110.400000000
v 22.543234220 155.484374815 110.400000000
v 22.413738808 155.512066724 110.400000000
v 22.285788440 155.546193054 110.400000000
v 22.159702619 155.586668591 110.400000000
v 22.035796195 155.633392261 110.400000000
v 21.914378575 155.686247392 110.400000000
v 21.795752951 155.745101998 110.400000000
v 21.680215544 155.809809114 110.400000000
v 21.568054863 155.880207159 110.400000000
v 21.459550983 155.956120342 110.400000000
v 21.354974851 156.037359100 110.400000000
v 21.254587604 156.123720572 110.400000000
v 24.891181077 159.973393462 110.365270360
v 24.982808686 159.878401836 110.365270360
v 24.976160333 159.872301472 110.331595963
v 24.884845066 159.966969288 110.331595963
v 24.965304425 159.862340360 110.299999988
v 24.874499174 159.956479437 110.299999988
v 24.950570815 159.848821165 110.271442464
v 24.860457755 159.942242638 110.271442464
v 25.069587453 159.778961032 110.365270360
v 24.932407176 159.832154660 110.246791097
v 24.843147452 159.924691468 110.246791097
v 25.062643286 159.773199644 110.331595963
v 24.911365401 159.812847249 110.226794906
v 24.823094228 159.904359212 110.226794906
v 25.051304353 159.763792037 110.299999988
v 24.888084834 159.791485578 110.212061465
v 24.800907392 159.881863654 110.212061465
v 25.035915182 159.751024058 110.271442464
v 24.863272843 159.768718711 110.203038443
v 24.837683328 159.745238407 110.200000000
v 24.752873771 159.833161664 110.200000000
v 24.777261079 159.857888312 110.203038443
v 25.151301633 159.675318276 110.365270360
v 25.016943365 159.735283653 110.246791097
v 25.144078916 159.669910189 110.331595963
v 24.994965352 159.717049089 110.226794906
v 25.132285148 159.661079475 110.299999988
v 24.970648933 159.696874413 110.212061465
v 25.116278675 159.649094454 110.271442464
v 24.944732950 159.675372622 110.203038443
v 24.918004849 159.653197037 110.200000000
v 25.227748070 159.567731241 110.365270360
v 25.096545848 159.634319283 110.246791097
v 25.220264761 159.562689899 110.331595963
v 25.073686236 159.617202900 110.226794906
v 25.208045478 159.554458034 110.299999988
v 25.048394420 159.598265375 110.212061465
v 25.191461499 159.543285768 110.271442464
v 25.021438877 159.578082118 110.203038443
v 24.993638640 159.557266386 110.200000000
v 25.298736707 159.456467405 110.365270360
v 25.171016719 159.529512564 110.246791097
v 25.291011410 159.451805341 110.331595963
v 25.147332343 159.513556915 110.226794906
v 25.278396993 159.444192790 110.299999988
v 25.121128009 159.495903624 110.212061465
v 25.261276737 159.433861055 110.271442464
v 25.093199922 159.477089079 110.203038443
v 25.064396663 159.457684950 110.200000000
v 25.364091055 159.341803387 110.365270360
v 25.240170834 159.421124061 110.246791097
v 25.356142977 159.337532193 110.331595963
v 25.215720576 159.406368814 110.226794906
v 25.343164786 159.330557882 110.299999988
v 25.188668872 159.390043647 110.212061465
v 25.325550818 159.321092364 110.271442464
v 25.159837674 159.372644590 110.203038443
v 25.130103004 159.354700305 110.200000000
v 25.423648634 159.224024260 110.365270360
v 25.303836264 159.309423245 110.246791097
v 25.415497534 159.220154554 110.331595963
v 25.278680912 159.295905085 110.226794906
v 25.402187835 159.213835822 110.299999988
v 25.250849092 159.280948627 110.212061465
v 25.384123945 159.205260055 110.271442464
v 25.221186462 159.265008315 110.203038443
v 25.190594306 159.248568488 110.200000000
v 25.477261372 159.103422841 110.365270360
v 25.361854727 159.194687823 110.246791097
v 25.468927516 159.099964245 110.331595963
v 25.336056820 159.182440358 110.226794906
v 25.455319399 159.094316801 110.299999988
v 25.307514080 159.168889793 110.212061465
v 25.436850498 159.086652105 110.271442464
v 25.277093764 159.154447857 110.203038443
v 25.245720179 159.139553358 110.200000000
v 25.524795981 158.980298966 110.365270360
v 25.414081980 159.077203044 110.246791097
v 25.516300088 158.977260077 110.331595963
v 25.387705655 159.066256723 110.226794906
v 25.502427385 158.972297962 110.299999988
v 25.358522956 159.054145741 110.212061465
v 25.483599388 158.965563392 110.271442464
v 25.327420584 159.041238084 110.203038443
v 25.295343569 159.027925945 110.200000000
v 25.339341107 158.913963772 110.200000000
v 25.566134282 158.854958738 110.365270360
v 25.460388177 158.957260994 110.246791097
v 25.557497474 158.852347112 110.331595963
v 25.433499011 158.947643031 110.226794906
v 25.543394675 158.848082662 110.299999988
v 25.403748906 158.937001742 110.212061465
v 25.524254392 158.842294962 110.271442464
v 25.372041803 158.925660456 110.203038443
v 25.601173502 158.727713773 110.365270360
v 25.500658194 158.835159868 110.246791097
v 25.592417251 158.725535903 110.331595963
v 25.473323038 158.826894176 110.226794906
v 25.578119418 158.721979721 110.299999988
v 25.443079490 158.817749035 110.212061465
v 25.558714435 158.717153280 110.271442464
v 25.410846485 158.808002315 110.203038443
v 25.377603407 158.797950166 110.200000000
v 25.629826528 158.598880423 110.365270360
v 25.534791913 158.711203229 110.246791097
v 25.620972603 158.597141724 110.331595963
v 25.507078726 158.704310356 110.226794906
v 25.606515283 158.594302651 110.299999988
v 25.476416926 158.696684100 110.212061465
v 25.586893843 158.590449468 110.271442464
v 25.443738155 158.688556179 110.203038443
v 25.410035342 158.680173557 110.200000000
v 25.652022122 158.468778988 110.365270360
v 25.562704473 158.585699252 110.246791097
v 25.643092537 158.467483782 110.331595963
v 25.534682155 158.580196336 110.226794906
v 25.628511672 158.465368876 110.299999988
v 25.503678332 158.574107924 110.212061465
v 25.608722559 158.462498530 110.271442464
v 25.470635040 158.567619010 110.203038443
v 25.436556283 158.560926754 110.200000000
v 25.667705105 158.337732920 110.365270360
v 25.584326479 158.458959960 110.246791097
v 25.658722060 158.336884427 110.331595963
v 25.556064697 158.454860682 110.226794906
v 25.644053900 158.335498946 110.299999988
v 25.524795932 158.450325252 110.212061465
v 25.624146311 158.333618575 110.271442464
v 25.491470270 158.445491475 110.203038443
v 25.457100294 158.440506225 110.200000000
v 25.676836486 158.206068021 110.365270360
v 25.599604175 158.331300447 110.246791097
v 25.667822313 158.205668350 110.331595963
v 25.571173192 158.328614999 110.226794906
v 25.653103326 158.205015738 110.299999988
v 25.539717224 158.325643826 110.212061465
v 25.633126755 158.204130016 110.271442464
v 25.506192044 158.322477205 110.203038443
v 25.471616299 158.319211353 110.200000000
v 25.679393561 158.074111629 110.365270360
v 25.608499578 158.203038095 110.246791097
v 25.670370672 158.074161775 110.331595963
v 25.579970078 158.201773152 110.226794906
v 25.655637452 158.074243655 110.299999988
v 25.548405112 158.200373623 110.212061465
v 25.635641564 158.074354784 110.271442464
v 25.514763764 158.198882031 110.203038443
v 25.480068209 158.197343697 110.200000000
v 25.675369975 157.942191810 110.365270360
v 25.610990572 158.074491784 110.246791097
v 25.666360802 157.942691647 110.331595963
v 25.582433485 158.074650492 110.226794906
v 25.651649978 157.943507817 110.299999988
v 25.550837995 158.074826086 110.212061465
v 25.631684485 157.944615520 110.271442464
v 25.517164116 158.075013231 110.203038443
v 25.482435012 158.075206240 110.200000000
v 25.664775731 157.810636537 110.365270360
v 25.607070966 157.945981100 110.246791097
v 25.655802671 157.811584823 110.331595963
v 25.578557288 157.947563064 110.226794906
v 25.641150817 157.813133252 110.299999988
v 25.547009827 157.949313345 110.212061465
v 25.621265357 157.815234776 110.271442464
v 25.513387135 157.951178761 110.203038443
v 25.478710823 157.953102634 110.200000000
v 25.468904901 157.831336447 110.200000000
v 25.647637166 157.679772877 110.365270360
v 25.596750503 157.817825541 110.246791097
v 25.638722529 157.681167254 110.331595963
v 25.568351124 157.820826828 110.226794906
v 25.624166071 157.683444093 110.299999988
v 25.536930123 157.824147444 110.212061465
v 25.604410083 157.686534213 110.271442464
v 25.503442211 157.827686495 110.203038443
v 25.623996892 157.549926178 110.365270360
v 25.580054841 157.690343722 110.246791097
v 25.615162840 157.551763180 110.331595963
v 25.551840367 157.694756870 110.226794906
v 25.600737968 157.554762768 110.299999988
v 25.520623944 157.699639567 110.212061465
v 25.581160568 157.558833801 110.271442464
v 25.487354067 157.704843453 110.203038443
v 25.453041625 157.710210411 110.200000000
v 25.593913680 157.421419259 110.365270360
v 25.557025490 157.563852583 110.246791097
v 25.585182176 157.423694318 110.331595963
v 25.529066066 157.569666621 110.226794906
v 25.570924753 157.427409198 110.299999988
v 25.498131829 157.576099258 110.212061465
v 25.551574613 157.432451024 110.271442464
v 25.465162702 157.582955042 110.203038443
v 25.431160433 157.590025662 110.200000000
v 25.403315727 157.471081000 110.200000000
v 25.557462323 157.294571608 110.365270360
v 25.527719703 157.438666601 110.246791097
v 25.548855075 157.297279069 110.331595963
v 25.500084841 157.445867074 110.226794906
v 25.534800546 157.301700005 110.299999988
v 25.469509698 157.453833659 110.212061465
v 25.515725775 157.307700088 110.271442464
v 25.436923286 157.462324296 110.203038443
v 25.514733444 157.169698590 110.365270360
v 25.492210339 157.315097009 110.246791097
v 25.506271852 157.172831721 110.331595963
v 25.464968743 157.323666015 110.226794906
v 25.492455159 157.177947722 110.299999988
v 25.434828710 157.333146742 110.212061465
v 25.473703179 157.184891145 110.271442464
v 25.402706028 157.343251123 110.203038443
v 25.369576731 157.353672140 110.200000000
v 25.465833274 157.047110657 110.365270360
v 25.450585680 157.193451018 110.246791097
v 25.457538375 157.050661669 110.331595963
v 25.423805078 157.203367254 110.226794906
v 25.443993869 157.056460015 110.299999988
v 25.394175086 157.214338552 110.212061465
v 25.425611299 157.064329516 110.271442464
v 25.362595998 157.226031556 110.203038443
v 25.330027328 157.238090979 110.200000000
v 25.410883388 156.927112583 110.365270360
v 25.402949212 157.074031061 110.246791097
v 25.402775802 156.931072647 110.331595963
v 25.376696184 157.085269873 110.226794906
v 25.389537157 156.937538923 110.299999988
v 25.347649898 157.097704466 110.212061465
v 25.371569701 156.946314938 110.271442464
v 25.316692913 157.110957022 110.203038443
v 25.284765841 157.124624869 110.200000000
v 25.350020397 156.810002701 110.365270360
v 25.349419367 156.957134034 110.246791097
v 25.342120283 156.814361973 110.331595963
v 25.323759181 156.969667481 110.226794906
v 25.329220412 156.821480103 110.299999988
v 25.295368816 156.983534455 110.212061465
v 25.311712739 156.831140812 110.271442464
v 25.265110898 156.998313615 110.203038443
v 25.233904800 157.013555905 110.200000000
v 25.283395619 156.696072166 110.365270360
v 25.290129227 156.843050563 110.246791097
v 25.275722617 156.700819807 110.331595963
v 25.265125680 156.856847484 110.226794906
v 25.263193591 156.708572095 110.299999988
v 25.237461818 156.872112363 110.212061465
v 25.246189228 156.719093480 110.271442464
v 25.207978193 156.888381384 110.203038443
v 25.177570652 156.905160222 110.200000000
v 25.115903453 156.799707309 110.200000000
v 25.211174692 156.585604227 110.365270360
v 25.225226198 156.732064275 110.246791097
v 25.203747879 156.590728434 110.331595963
v 25.200941452 156.747090370 110.226794906
v 25.191620847 156.599095605 110.299999988
v 25.174072870 156.763715203 110.212061465
v 25.175162069 156.610451509 110.271442464
v 25.145436840 156.781433638 110.203038443
v 25.133537169 156.478873524 110.365270360
v 25.154871639 156.624451101 110.246791097
v 25.126375009 156.484361557 110.331595963
v 25.131366070 156.640669012 110.226794906
v 25.114680120 156.493322810 110.299999988
v 25.105359567 156.658612468 110.212061465
v 25.098807848 156.505485000 110.271442464
v 25.077642324 156.677736265 110.203038443
v 25.049056518 156.697459338 110.200000000
v 25.050676069 156.376145407 110.365270360
v 25.079240462 156.520478584 110.246791097
v 25.043796368 156.381983622 110.331595963
v 25.056572508 156.537847991 110.226794906
v 25.032562699 156.391516678 110.299999988
v 25.031492741 156.557065458 110.212061465
v 25.017316392 156.404454916 110.271442464
v 25.004763196 156.577547074 110.203038443
v 24.977196038 156.598670515 110.200000000
v 24.962797398 156.277675274 110.365270360
v 24.998520698 156.420405216 110.246791097
v 24.956217260 156.283849157 110.331595963
v 24.976746716 156.438882935 110.226794906
v 24.945472739 156.293930314 110.299999988
v 24.952656036 156.459326638 110.212061465
v 24.930890302 156.307612435 110.271442464
v 24.926980643 156.481115151 110.203038443
v 24.900500669 156.503586443 110.200000000
v 24.870119637 156.183707938 110.365270360
v 24.912913030 156.324479795 110.246791097
v 24.863855420 156.190202138 110.331595963
v 24.892087153 156.344019889 110.226794906
v 24.853626760 156.200806334 110.299999988
v 24.869045454 156.365638999 110.212061465
v 24.839744448 156.215198322 110.271442464
v 24.844488045 156.388680241 110.203038443
v 24.819161090 156.412443516 110.200000000
v 24.733379522 156.325468331 110.200000000
v 24.772873196 156.094477015 110.365270360
v 24.822630291 156.232940808 110.246791097
v 24.766940475 156.101275388 110.331595963
v 24.802804295 156.253494695 110.226794906
v 24.757253105 156.112376259 110.299999988
v 24.780868863 156.276235465 110.212061465
v 24.744105431 156.127442332 110.271442464
v 24.757490492 156.300472150 110.203038443
v 24.643369232 156.242877121 110.200000000
v 24.671299845 156.010204348 110.365270360
v 24.727896939 156.146015833 110.246791097
v 24.665713371 156.017289992 110.331595963
v 24.709120115 156.167532415 110.226794906
v 24.656591376 156.028859939 110.299999988
v 24.688345484 156.191338307 110.212061465
v 24.644211027 156.044562642 110.271442464
v 24.666204273 156.216710180 110.203038443
v 24.565652113 155.931099453 110.365270360
v 24.628948496 156.063920981 110.246791097
v 24.560425773 155.938454752 110.331595963
v 24.611267526 156.086346763 110.226794906
v 24.551891831 155.950465010 110.299999988
v 24.591705345 156.111158593 110.212061465
v 24.540309588 155.966765302 110.271442464
v 24.570856341 156.137602575 110.203038443
v 24.549353999 156.164875221 110.200000000
v 24.456192655 155.857358996 110.365270360
v 24.526030962 155.986860352 110.246791097
v 24.451339443 155.864965663 110.331595963
v 24.509489804 156.010139581 110.226794906
v 24.443414772 155.877386373 110.299999988
v 24.491188709 156.035895662 110.212061465
v 24.432659429 155.894243730 110.271442464
v 24.471683745 156.063346009 110.203038443
v 24.451567562 156.091656556 110.200000000
v 24.343193606 155.789166307 110.365270360
v 24.419400208 155.915025531 110.246791097
v 24.338725588 155.797005431 110.331595963
v 24.404039986 155.939100331 110.226794906
v 24.331429889 155.809805714 110.299999988
v 24.387045475 155.965736629 110.212061465
v 24.321528185 155.827178226 110.271442464
v 24.368933044 155.994125095 110.203038443
v 24.350253031 156.023403160 110.200000000
v 24.245662292 155.960284720 110.200000000
v 24.226935898 155.726690926 110.365270360
v 24.309321334 155.848595111 110.246791097
v 24.222864183 155.734743017 110.331595963
v 24.295180236 155.873405628 110.226794906
v 24.216215594 155.747891049 110.299999988
v 24.279534560 155.900855921 110.212061465
v 24.207192147 155.765735524 110.271442464
v 24.262859693 155.930111929 110.203038443
v 24.107708567 155.670088174 110.365270360
v 24.196068014 155.787734248 110.246791097
v 24.104043277 155.678333215 110.331595963
v 24.183181196 155.813218799 110.226794906
v 24.098058329 155.691796307 110.299999988
v 24.168923253 155.841414842 110.212061465
v 24.089935572 155.710068382 110.271442464
v 24.153727406 155.871465655 110.203038443
v 24.138055372 155.902458159 110.200000000
v 24.027699800 155.850067244 110.200000000
v 23.985808031 155.619498776 110.365270360
v 24.079921813 155.732594251 110.246791097
v 23.982558278 155.627916267 110.331595963
v 24.068321315 155.758689478 110.226794906
v 23.977251850 155.641660949 110.299999988
v 24.055486552 155.787561171 110.212061465
v 23.970049978 155.660315196 110.271442464
v 24.041807504 155.818332080 110.203038443
v 23.861537354 155.575048505 110.365270360
v 23.961171489 155.683312209 110.246791097
v 23.858711218 155.583617519 110.331595963
v 23.950886150 155.709953234 110.226794906
v 23.854096501 155.597609619 110.299999988
v 23.939506478 155.739428798 110.212061465
v 23.847833420 155.616599661 110.271442464
v 23.927378237 155.770843300 110.203038443
v 23.914869937 155.803242225 110.200000000
v 23.799846297 155.762099519 110.200000000
v 23.735205491 155.536847871 110.365270360
v 23.840112274 155.640010643 110.246791097
v 23.732809999 155.545547105 110.331595963
v 23.831167666 155.667131233 110.226794906
v 23.728898467 155.559751836 110.299999988
v 23.821271375 155.697137386 110.212061465
v 23.723589747 155.579030461 110.271442464
v 23.810724094 155.729117380 110.203038443
v 23.607126525 155.504991847 110.365270360
v 23.717045140 155.602797208 110.246791097
v 23.605167631 155.513799672 110.331595963
v 23.709463501 155.630329937 110.226794906
v 23.601969009 155.528181719 110.299999988
v 23.701075195 155.660792080 110.212061465
v 23.597627848 155.547700997 110.271442464
v 23.692135096 155.693258058 110.203038443
v 23.682914844 155.726741411 110.200000000
v 23.477618879 155.479559632 110.365270360
v 23.592276051 155.571764423 110.246791097
v 23.476101454 155.488454151 110.331595963
v 23.586076230 155.599640840 110.226794906
v 23.473623695 155.502977759 110.299999988
v 23.579216764 155.630483238 110.212061465
v 23.470260885 155.522689162 110.271442464
v 23.571906074 155.663354486 110.203038443
v 23.564366291 155.697255808 110.200000000
v 23.347004530 155.460614455 110.365270360
v 23.466115204 155.546989439 110.246791097
v 23.345932347 155.469573555 110.331595963
v 23.461312614 155.575140239 110.226794906
v 23.344181609 155.484202614 110.299999988
v 23.455999042 155.606286214 110.212061465
v 23.341805512 155.504057137 110.271442464
v 23.450335936 155.639481009 110.203038443
v 23.444495367 155.673716016 110.200000000
v 23.215608206 155.448203416 110.365270360
v 23.338876253 155.528533852 110.246791097
v 23.214983930 155.457204823 110.331595963
v 23.335482836 155.556889048 110.226794906
v 23.213964567 155.471902964 110.299999988
v 23.331728367 155.588261166 110.212061465
v 23.212581090 155.491851244 110.271442464
v 23.327726924 155.621696979 110.203038443
v 23.323600090 155.656180557 110.200000000
v 23.083756579 155.442357371 110.365270360
v 23.210875536 155.516443545 110.246791097
v 23.083581762 155.451378706 110.331595963
v 23.208899726 155.544932641 110.226794906
v 23.083296308 155.466109387 110.299999988
v 23.206713695 155.576452905 110.212061465
v 23.082908890 155.486101831 110.271442464
v 23.204383865 155.610046611 110.203038443
v 23.201981025 155.644693029 110.200000000
v 23.079940536 155.639281991 110.200000000
v 22.951777452 155.443090854 110.365270360
v 23.082431281 155.510748576 110.246791097
v 22.952052529 155.452109688 110.331595963
v 23.081877992 155.539300744 110.226794906
v 22.952501693 155.466836287 110.299999988
v 23.081265834 155.570890791 110.212061465
v 22.953111299 155.486823190 110.271442464
v 23.080613408 155.604558869 110.203038443
v 22.819998947 155.450402042 110.365270360
v 22.953862822 155.511463104 110.246791097
v 22.820723233 155.459395954 110.331595963
v 22.954733429 155.540007359 110.226794906
v 22.821905900 155.474081857 110.299999988
v 22.955696666 155.571588650 110.212061465
v 22.823511013 155.494013528 110.271442464
v 22.956723265 155.605247397 110.203038443
v 22.957782035 155.639960895 110.200000000
v 22.835809228 155.646728054 110.200000000
v 22.688748685 155.464272757 110.365270360
v 22.825489800 155.518585353 110.246791097
v 22.689920381 155.473219387 110.331595963
v 22.827782138 155.547050728 110.226794906
v 22.691833610 155.487828083 110.299999988
v 22.830318375 155.578544749 110.212061465
v 22.694430239 155.507654970 110.271442464
v 22.833021449 155.612110483 110.203038443
v 22.714325357 155.659566644 110.200000000
v 22.558352977 155.484668516 110.365270360
v 22.697631371 155.532097615 110.246791097
v 22.559969168 155.493545620 110.331595963
v 22.701339741 155.560413342 110.226794906
v 22.562608202 155.508040790 110.299999988
v 22.705442673 155.591741792 110.212061465
v 22.566189892 155.527713599 110.271442464
v 22.709815500 155.625131065 110.203038443
v 22.429136004 155.511538611 110.365270360
v 22.570605410 155.551966297 110.246791097
v 22.431192674 155.520324119 110.331595963
v 22.575720593 155.580061978 110.226794906
v 22.434550952 155.534669726 110.299999988
v 22.581380019 155.611146970 110.212061465
v 22.439108798 155.554139547 110.271442464
v 22.587411728 155.644276770 110.203038443
v 22.593632451 155.678444745 110.200000000
v 22.301419023 155.544816239 110.365270360
v 22.444727725 155.578142002 110.246791097
v 22.303911058 155.553488310 110.331595963
v 22.451237003 155.605947788 110.226794906
v 22.307980230 155.567648687 110.299999988
v 22.458438853 155.636712039 110.212061465
v 22.313502901 155.586867116 110.271442464
v 22.466114448 155.669500000 110.203038443
v 22.474030571 155.703315425 110.200000000
v 22.355817067 155.734116849 110.200000000
v 22.175519556 155.584418666 110.365270360
v 22.320311266 155.610559653 110.246791097
v 22.178440760 155.592955739 110.331595963
v 22.328198457 155.638006413 110.226794906
v 22.183210711 155.606895683 110.299999988
v 22.336924826 155.668373440 110.212061465
v 22.189684477 155.625814939 110.271442464
v 22.346225225 155.700738046 110.203038443
v 22.239285837 155.770772442 110.200000000
v 22.051750611 155.630247434 110.365270360
v 22.197665354 155.649138656 110.246791097
v 22.055093722 155.638628285 110.331595963
v 22.206910849 155.676158153 110.226794906
v 22.060552592 155.652313138 110.299999988
v 22.217140041 155.706052457 110.212061465
v 22.067961357 155.670886186 110.271442464
v 22.228042122 155.737913245 110.203038443
v 21.930419896 155.682188607 110.365270360
v 22.077094905 155.693783095 110.246791097
v 21.934176601 155.690392399 110.331595963
v 22.087675717 155.720308155 110.226794906
v 21.940310820 155.703788139 110.299999988
v 22.099382302 155.749655416 110.212061465
v 21.948636165 155.721968802 110.271442464
v 22.111858960 155.780933174 110.203038443
v 22.124726594 155.813191071 110.200000000
v 21.811829058 155.740113049 110.365270360
v 21.958899676 155.744381979 110.246791097
v 21.815990019 155.748119387 110.331595963
v 21.970789501 155.770346657 110.226794906
v 21.822784334 155.761192709 110.299999988
v 21.983944373 155.799073911 110.212061465
v 21.832005562 155.778935788 110.271442464
v 21.997964589 155.829690878 110.203038443
v 22.012424151 155.861267278 110.200000000
v 21.696272933 155.803876753 110.365270360
v 21.843373519 155.800809510 110.246791097
v 21.700827804 155.811665731 110.331595963
v 21.856542796 155.826149253 110.226794906
v 21.708265325 155.824384133 110.299999988
v 21.871113252 155.854185081 110.212061465
v 21.718359509 155.841645516 110.271442464
v 21.886642169 155.884065139 110.203038443
v 21.902657710 155.914881537 110.200000000
v 21.584038811 155.873321190 110.365270360
v 21.730803650 155.862925402 110.246791097
v 21.588976269 155.880873445 110.331595963
v 21.745219639 155.887577210 110.226794906
v 21.597038505 155.893205307 110.299999988
v 21.761169453 155.914851910 110.212061465
v 21.607980550 155.909942079 110.271442464
v 21.778168465 155.943920772 110.203038443
v 21.795700168 155.973900554 110.200000000
v 21.475405725 155.948273711 110.365270360
v 21.621469937 155.930575222 110.246791097
v 21.480713495 155.955570466 110.331595963
v 21.637096797 155.954477810 110.226794906
v 21.489380400 155.967485130 110.299999988
v 21.654386315 155.980923572 110.212061465
v 21.501143103 155.983655681 110.271442464
v 21.672813159 156.009108969 110.203038443
v 21.691817438 156.038177600 110.200000000
v 21.370643753 156.028547973 110.365270360
v 21.515644199 156.003590785 110.246791097
v 21.376308638 156.035571087 110.331595963
v 21.532443079 156.026684725 110.226794906
v 21.385558667 156.047038930 110.299999988
v 21.551029318 156.052235802 110.212061465
v 21.398112783 156.062603058 110.271442464
v 21.570838181 156.079467659 110.203038443
v 21.591267788 156.107552871 110.200000000
v 21.270013350 156.113944401 110.365270360
v 21.413589536 156.081790561 110.246791097
v 21.276021267 156.120676414 110.331595963
v 21.431518671 156.104018438 110.226794906
v 21.285831422 156.131668926 110.299999988
v 21.451355422 156.128611306 110.212061465
v 21.299145740 156.146587935 110.271442464
v 21.472497058 156.154821922 110.203038443
v 21.494301201 156.181853889 110.200000000
v 21.173764700 156.204250687 110.365270360
v 21.315559672 156.164980134 110.246791097
v 21.180100711 156.210674861 110.331595963
v 21.334574489 156.186286686 110.226794906
v 21.190446603 156.221164712 110.299999988
v 21.355612434 156.209860203 110.212061465
v 21.204488022 156.235401511 110.271442464
v 21.378034280 156.234984413 110.203038443
v 21.401158752 156.260895931 110.200000000
v 21.312072006 156.344482485 110.200000000
v 21.082137091 156.299242313 110.365270360
v 21.221798325 156.252952681 110.246791097
v 21.088785444 156.305342677 110.331595963
v 21.241851549 156.273284937 110.226794906
v 21.099641351 156.315303789 110.299999988
v 21.264038385 156.295780495 110.212061465
v 21.114374961 156.328822984 110.271442464
v 21.287684698 156.319755837 110.203038443
v 20.995358324 156.398683117 110.365270360
v 21.132538600 156.345489489 110.246791097
v 21.002302491 156.404444505 110.331595963
v 21.153580375 156.364796900 110.226794906
v 21.013641424 156.413852112 110.299999988
v 21.176860943 156.386158571 110.212061465
v 21.029030595 156.426620091 110.271442464
v 21.201672934 156.408925438 110.203038443
v 21.227262448 156.432405742 110.200000000
v 21.146940928 156.524447111 110.200000000
v 20.913644144 156.502325872 110.365270360
v 21.048002412 156.442360496 110.246791097
v 20.920866861 156.507733960 110.331595963
v 21.069980425 156.460595060 110.226794906
v 20.932660629 156.516564673 110.299999988
v 21.094296844 156.480769736 110.212061465
v 20.948667101 156.528549695 110.271442464
v 21.120212827 156.502271527 110.203038443
v 20.837197707 156.609912908 110.365270360
v 20.968399929 156.543324866 110.246791097
v 20.844681016 156.614954250 110.331595963
v 20.991259540 156.560441249 110.226794906
v 20.856900298 156.623186115 110.299999988
v 21.016551357 156.579378774 110.212061465
v 20.873484278 156.634358381 110.271442464
v 21.043506899 156.599562031 110.203038443
v 21.071307137 156.620377763 110.200000000
v 20.766209070 156.721176744 110.365270360
v 20.893929057 156.648131585 110.246791097
v 20.773934367 156.725838807 110.331595963
v 20.917613433 156.664087234 110.226794906
v 20.786548784 156.733451359 110.299999988
v 20.943817768 156.681740525 110.212061465
v 20.803669039 156.743783094 110.271442464
v 20.971745855 156.700555070 110.203038443
v 21.000549114 156.719959199 110.200000000
v 20.700854721 156.835840762 110.365270360
v 20.824774942 156.756520088 110.246791097
v 20.708802800 156.840111956 110.331595963
v 20.849225200 156.771275335 110.226794906
v 20.721780991 156.847086267 110.299999988
v 20.876276905 156.787600502 110.212061465
v 20.739394959 156.856551785 110.271442464
v 20.905108103 156.804999559 110.203038443
v 20.934842772 156.822943844 110.200000000
v 20.874351470 156.929075661 110.200000000
v 20.641297143 156.953619889 110.365270360
v 20.761109512 156.868220904 110.246791097
v 20.649448243 156.957489595 110.331595963
v 20.786264865 156.881739064 110.226794906
v 20.662757942 156.963808327 110.299999988
v 20.814096684 156.896695522 110.212061465
v 20.680821832 156.972384094 110.271442464
v 20.843759314 156.912635834 110.203038443
v 20.587684405 157.074221307 110.365270360
v 20.703091050 156.982956326 110.246791097
v 20.596018261 157.077679904 110.331595963
v 20.728888957 156.995203791 110.226794906
v 20.609626378 157.083327348 110.299999988
v 20.757431697 157.008754356 110.212061465
v 20.628095279 157.090992044 110.271442464
v 20.787852013 157.023196292 110.203038443
v 20.819225598 157.038090791 110.200000000
v 20.540149796 157.197345183 110.365270360
v 20.650863797 157.100441105 110.246791097
v 20.548645689 157.200384072 110.331595963
v 20.677240121 157.111387426 110.226794906
v 20.562518392 157.205346187 110.299999988
v 20.706422820 157.123498408 110.212061465
v 20.581346388 157.212080757 110.271442464
v 20.737525192 157.136406065 110.203038443
v 20.769602208 157.149718204 110.200000000
v 20.498811494 157.322685411 110.365270360
v 20.604557600 157.220383155 110.246791097
v 20.507448303 157.325297037 110.331595963
v 20.631446765 157.230001118 110.226794906
v 20.521551102 157.329561487 110.299999988
v 20.661196871 157.240642407 110.212061465
v 20.540691384 157.335349187 110.271442464
v 20.692903974 157.251983693 110.203038443
v 20.725604670 157.263680377 110.200000000
v 20.463772275 157.449930376 110.365270360
v 20.564287583 157.342484281 110.246791097
v 20.472528526 157.452108246 110.331595963
v 20.591622739 157.350749973 110.226794906
v 20.486826359 157.455664428 110.299999988
v 20.621866287 157.359895114 110.212061465
v 20.506231342 157.460490869 110.271442464
v 20.654099292 157.369641834 110.203038443
v 20.687342370 157.379693983 110.200000000
v 20.435119249 157.578763725 110.365270360
v 20.530153863 157.466440920 110.246791097
v 20.443973173 157.580502425 110.331595963
v 20.557867050 157.473333793 110.226794906
v 20.458430494 157.583341498 110.299999988
v 20.588528851 157.480960049 110.212061465
v 20.478051933 157.587194681 110.271442464
v 20.621207622 157.489087970 110.203038443
v 20.654910434 157.497470592 110.200000000
v 20.412923654 157.708865161 110.365270360
v 20.502241303 157.591944897 110.246791097
v 20.421853239 157.710160367 110.331595963
v 20.530263622 157.597447813 110.226794906
v 20.436434105 157.712275273 110.299999988
v 20.561267445 157.603536224 110.212061465
v 20.456223218 157.715145619 110.271442464
v 20.594310737 157.610025139 110.203038443
v 20.628389493 157.616717395 110.200000000
v 20.397240671 157.839911229 110.365270360
v 20.480619297 157.718684189 110.246791097
v 20.406223717 157.840759722 110.331595963
v 20.508881080 157.722783467 110.226794906
v 20.420891877 157.842145203 110.299999988
v 20.540149845 157.727318897 110.212061465
v 20.440799466 157.844025574 110.271442464
v 20.573475507 157.732152674 110.203038443
v 20.607845483 157.737137924 110.200000000
v 20.388109291 157.971576128 110.365270360
v 20.465341602 157.846343702 110.246791097
v 20.397123464 157.971975799 110.331595963
v 20.493772585 157.849029150 110.226794906
v 20.411842450 157.972628410 110.299999988
v 20.525228553 157.852000323 110.212061465
v 20.431819022 157.973514133 110.271442464
v 20.558753732 157.855166944 110.203038443
v 20.593329478 157.858432796 110.200000000
v 20.584877567 157.980300451 110.200000000
v 20.385552215 158.103532520 110.365270360
v 20.456446199 157.974606054 110.246791097
v 20.394575105 158.103482374 110.331595963
v 20.484975698 157.975870997 110.226794906
v 20.409308324 158.103400494 110.299999988
v 20.516540665 157.977270526 110.212061465
v 20.429304213 158.103289365 110.271442464
v 20.550182013 157.978762118 110.203038443
v 20.389575802 158.235452339 110.365270360
v 20.453955204 158.103152365 110.246791097
v 20.398584975 158.234952502 110.331595963
v 20.482512292 158.102993657 110.226794906
v 20.413295799 158.234136332 110.299999988
v 20.514107781 158.102818063 110.212061465
v 20.433261291 158.233028629 110.271442464
v 20.547781660 158.102630918 110.203038443
v 20.582510765 158.102437909 110.200000000
v 20.400170046 158.367007612 110.365270360
v 20.457874811 158.231663049 110.246791097
v 20.409143106 158.366059326 110.331595963
v 20.486388489 158.230081085 110.226794906
v 20.423794960 158.364510897 110.299999988
v 20.517935950 158.228330804 110.212061465
v 20.443680420 158.362409373 110.271442464
v 20.551558641 158.226465388 110.203038443
v 20.586234954 158.224541515 110.200000000
v 20.417308610 158.497871272 110.365270360
v 20.468195274 158.359818608 110.246791097
v 20.426223248 158.496476895 110.331595963
v 20.496594653 158.356817321 110.226794906
v 20.440779706 158.494200056 110.299999988
v 20.528015654 158.353496705 110.212061465
v 20.460535694 158.491109936 110.271442464
v 20.561503566 158.349957654 110.203038443
v 20.596040876 158.346307702 110.200000000
v 20.611904152 158.467433738 110.200000000
v 20.440948885 158.627717971 110.365270360
v 20.484890936 158.487300427 110.246791097
v 20.449782937 158.625880969 110.331595963
v 20.513105409 158.482887279 110.226794906
v 20.464207809 158.622881381 110.299999988
v 20.544321833 158.478004582 110.212061465
v 20.483785209 158.618810348 110.271442464
v 20.577591710 158.472800696 110.203038443
v 20.471032097 158.756224890 110.365270360
v 20.507920287 158.613791566 110.246791097
v 20.479763600 158.753949831 110.331595963
v 20.535879711 158.607977528 110.226794906
v 20.494021024 158.750234951 110.299999988
v 20.566813947 158.601544891 110.212061465
v 20.513371163 158.745193125 110.271442464
v 20.599783075 158.594689107 110.203038443
v 20.633785344 158.587618487 110.200000000
v 20.507483454 158.883072541 110.365270360
v 20.537226074 158.738977547 110.246791097
v 20.516090701 158.880365080 110.331595963
v 20.564860936 158.731777075 110.226794906
v 20.530145230 158.875944144 110.299999988
v 20.595436078 158.723810490 110.212061465
v 20.549220002 158.869944061 110.271442464
v 20.628022490 158.715319853 110.203038443
v 20.661630050 158.706563148 110.200000000
v 20.695369045 158.823972009 110.200000000
v 20.550212333 159.007945559 110.365270360
v 20.572735438 158.862547140 110.246791097
v 20.558673925 159.004812428 110.331595963
v 20.599977034 158.853978134 110.226794906
v 20.572490618 158.999696427 110.299999988
v 20.630117067 158.844497407 110.212061465
v 20.591242598 158.992753004 110.271442464
v 20.662239748 158.834393026 110.203038443
v 20.599112502 159.130533492 110.365270360
v 20.614360096 158.984193131 110.246791097
v 20.607407402 159.126982480 110.331595963
v 20.641140699 158.974276895 110.226794906
v 20.620951908 159.121184134 110.299999988
v 20.670770691 158.963305597 110.212061465
v 20.639334477 159.113314633 110.271442464
v 20.702349779 158.951612593 110.203038443
v 20.734918449 158.939553170 110.200000000
v 20.654062389 159.250531566 110.365270360
v 20.661996564 159.103613088 110.246791097
v 20.662169974 159.246571502 110.331595963
v 20.688249593 159.092374276 110.226794906
v 20.675408620 159.240105225 110.299999988
v 20.717295878 159.079939683 110.212061465
v 20.693376076 159.231329211 110.271442464
v 20.748252863 159.066687127 110.203038443
v 20.780179935 159.053019280 110.200000000
v 20.831040977 159.164088244 110.200000000
v 20.714925379 159.367641448 110.365270360
v 20.715526410 159.220510115 110.246791097
v 20.722825493 159.363282176 110.331595963
v 20.741186596 159.207976668 110.226794906
v 20.735725365 159.356164046 110.299999988
v 20.769576961 159.194109694 110.212061465
v 20.753233037 159.346503337 110.271442464
v 20.799834878 159.179330533 110.203038443
v 20.781550158 159.481571983 110.365270360
v 20.774816550 159.334593586 110.246791097
v 20.789223159 159.476824342 110.331595963
v 20.799820097 159.320796665 110.226794906
v 20.801752186 159.469072054 110.299999988
v 20.827483959 159.305531786 110.212061465
v 20.818756549 159.458550669 110.271442464
v 20.856967583 159.289262765 110.203038443
v 20.887375124 159.272483927 110.200000000
v 20.853771085 159.592039922 110.365270360
v 20.839719579 159.445579874 110.246791097
v 20.861197898 159.586915715 110.331595963
v 20.864004325 159.430553779 110.226794906
v 20.873324930 159.578548544 110.299999988
v 20.890872907 159.413928946 110.212061465
v 20.889783707 159.567192640 110.271442464
v 20.919508937 159.396210511 110.203038443
v 20.949042323 159.377936840 110.200000000
v 21.015889259 159.480184811 110.200000000
v 20.931408608 159.698770625 110.365270360
v 20.910074138 159.553193048 110.246791097
v 20.938570768 159.693282592 110.331595963
v 20.933579707 159.536975137 110.226794906
v 20.950265656 159.684321339 110.299999988
v 20.959586210 159.519031681 110.212061465
v 20.966137929 159.672159149 110.271442464
v 20.987303452 159.499907884 110.203038443
v 21.014269707 159.801498742 110.365270360
v 20.985705315 159.657165565 110.246791097
v 21.021149409 159.795660527 110.331595963
v 21.008373269 159.639796158 110.226794906
v 21.032383078 159.786127471 110.299999988
v 21.033453036 159.620578691 110.212061465
v 21.047629385 159.773189233 110.271442464
v 21.060182581 159.600097075 110.203038443
v 21.087749739 159.578973634 110.200000000
v 21.102148378 159.899968875 110.365270360
v 21.066425079 159.757238933 110.246791097
v 21.108728517 159.893794992 110.331595963
v 21.088199061 159.738761214 110.226794906
v 21.119473038 159.883713835 110.299999988
v 21.112289741 159.718317511 110.212061465
v 21.134055475 159.870031714 110.271442464
v 21.137965134 159.696528998 110.203038443
v 21.164445107 159.674057706 110.200000000
v 21.194826140 159.993936211 110.365270360
v 21.152032747 159.853164354 110.246791097
v 21.201090356 159.987442011 110.331595963
v 21.172858624 159.833624260 110.226794906
v 21.211319017 159.976837815 110.299999988
v 21.195900323 159.812005150 110.212061465
v 21.225201329 159.962445827 110.271442464
v 21.220457732 159.788963908 110.203038443
v 21.245784687 159.765200633 110.200000000
v 21.331566255 159.852175818 110.200000000
v 21.292072581 160.083167134 110.365270360
v 21.242315486 159.944703341 110.246791097
v 21.298005301 160.076368761 110.331595963
v 21.262141481 159.924149454 110.226794906
v 21.307692671 160.065267890 110.299999988
v 21.284076914 159.901408684 110.212061465
v 21.320840345 160.050201817 110.271442464
v 21.307455285 159.877171998 110.203038443
v 21.393645932 160.167439801 110.365270360
v 21.337048838 160.031628316 110.246791097
v 21.399232406 160.160354157 110.331595963
v 21.355825662 160.010111734 110.226794906
v 21.408354401 160.148784210 110.299999988
v 21.376600292 159.986305842 110.212061465
v 21.420734750 160.133081507 110.271442464
v 21.398741504 159.960933969 110.203038443
v 21.421576545 159.934767028 110.200000000
v 21.515591777 160.012768928 110.200000000
v 21.499293664 160.246544696 110.365270360
v 21.435997281 160.113723168 110.246791097
v 21.504520004 160.239189397 110.331595963
v 21.453678251 160.091297386 110.226794906
v 21.513053945 160.227179139 110.299999988
v 21.473240431 160.066485556 110.212061465
v 21.524636189 160.210878847 110.271442464
v 21.494089436 160.040041574 110.203038443
v 21.608753122 160.320285153 110.365270360
v 21.538914814 160.190783797 110.246791097
v 21.613606333 160.312678486 110.331595963
v 21.555455972 160.167504568 110.226794906
v 21.621531005 160.300257776 110.299999988
v 21.573757068 160.141748487 110.212061465
v 21.632286348 160.283400419 110.271442464
v 21.593262032 160.114298140 110.203038443
v 21.613378215 160.085987592 110.200000000
v 21.721752171 160.388477842 110.365270360
v 21.645545568 160.262618618 110.246791097
v 21.726220189 160.380638718 110.331595963
v 21.660905791 160.238543818 110.226794906
v 21.733515888 160.367838435 110.299999988
v 21.677900302 160.211907520 110.212061465
v 21.743417592 160.350465923 110.271442464
v 21.696012733 160.183519054 110.203038443
v 21.714692745 160.154240989 110.200000000
v 21.838009879 160.450953223 110.365270360
v 21.755624442 160.329049038 110.246791097
v 21.842081594 160.442901132 110.331595963
v 21.769765541 160.304238521 110.226794906
v 21.848730182 160.429753100 110.299999988
v 21.785411217 160.276788228 110.212061465
v 21.857753630 160.411908625 110.271442464
v 21.802086084 160.247532220 110.203038443
v 21.819283485 160.217359429 110.200000000
v 21.957237210 160.507555975 110.365270360
v 21.868877763 160.389909901 110.246791097
v 21.960902500 160.499310934 110.331595963
v 21.881764580 160.364425350 110.226794906
v 21.966887448 160.485847842 110.299999988
v 21.896022523 160.336229307 110.212061465
v 21.975010205 160.467575767 110.271442464
v 21.911218371 160.306178494 110.203038443
v 21.926890405 160.275185990 110.200000000
v 22.037245977 160.327576905 110.200000000
v 22.079137746 160.558145373 110.365270360
v 21.985023964 160.445049898 110.246791097
v 22.082387498 160.549727882 110.331595963
v 21.996624462 160.418954671 110.226794906
v 22.087693927 160.535983200 110.299999988
v 22.009459225 160.390082978 110.212061465
v 22.094895799 160.517328953 110.271442464
v 22.023138273 160.359312069 110.203038443
v 22.150075839 160.374401923 110.200000000
v 22.203408423 160.602595644 110.365270360
v 22.103774288 160.494331940 110.246791097
v 22.206234559 160.594026630 110.331595963
v 22.114059626 160.467690915 110.226794906
v 22.210849275 160.580034530 110.299999988
v 22.125439299 160.438215351 110.212061465
v 22.217112357 160.561044488 110.271442464
v 22.137567540 160.406800849 110.203038443
v 22.329740285 160.640796278 110.365270360
v 22.224833503 160.537633506 110.246791097
v 22.332135778 160.632097044 110.331595963
v 22.233778111 160.510512916 110.226794906
v 22.336047310 160.617892313 110.299999988
v 22.243674402 160.480506763 110.212061465
v 22.341356030 160.598613688 110.271442464
v 22.254221683 160.448526769 110.203038443
v 22.265099480 160.415544630 110.200000000
v 22.457819252 160.672652302 110.365270360
v 22.347900637 160.574846941 110.246791097
v 22.459778145 160.663844477 110.331595963
v 22.355482276 160.547314212 110.226794906
v 22.462976767 160.649462430 110.299999988
v 22.363870582 160.516852069 110.212061465
v 22.467317929 160.629943152 110.271442464
v 22.372810681 160.484386090 110.203038443
v 22.382030932 160.450902738 110.200000000
v 22.587326898 160.698084517 110.365270360
v 22.472669726 160.605879726 110.246791097
v 22.588844322 160.689189998 110.331595963
v 22.478869547 160.578003309 110.226794906
v 22.591322082 160.674666390 110.299999988
v 22.485729013 160.547160911 110.212061465
v 22.594684892 160.654954987 110.271442464
v 22.493039703 160.514289663 110.203038443
v 22.500579486 160.480388341 110.200000000
v 22.717941247 160.717029694 110.365270360
v 22.598830573 160.630654710 110.246791097
v 22.719013430 160.708070594 110.331595963
v 22.603633162 160.602503910 110.226794906
v 22.720764168 160.693441535 110.299999988
v 22.608946735 160.571357935 110.212061465
v 22.723140264 160.673587012 110.271442464
v 22.614609841 160.538163140 110.203038443
v 22.620450410 160.503928133 110.200000000
v 22.741345686 160.521463592 110.200000000
v 22.849337571 160.729440733 110.365270360
v 22.726069524 160.649110297 110.246791097
v 22.849961847 160.720439326 110.331595963
v 22.729462941 160.620755101 110.226794906
v 22.850981210 160.705741185 110.299999988
v 22.733217410 160.589382983 110.212061465
v 22.852364687 160.685792905 110.271442464
v 22.737218852 160.555947170 110.203038443
v 22.862964751 160.532951120 110.200000000
v 22.981189198 160.735286778 110.365270360
v 22.854070241 160.661200604 110.246791097
v 22.981364015 160.726265443 110.331595963
v 22.856046051 160.632711508 110.226794906
v 22.981649469 160.711534762 110.299999988
v 22.858232081 160.601191243 110.212061465
v 22.982036886 160.691542318 110.271442464
v 22.860561912 160.567597538 110.203038443
v 23.113168325 160.734553295 110.365270360
v 22.982514496 160.666895573 110.246791097
v 23.112893248 160.725534460 110.331595963
v 22.983067785 160.638343405 110.226794906
v 23.112444083 160.710807862 110.299999988
v 22.983679943 160.606753358 110.212061465
v 23.111834478 160.690820959 110.271442464
v 22.984332369 160.573085280 110.203038443
v 22.985005240 160.538362158 110.200000000
v 23.107163741 160.537683254 110.200000000
v 23.244946830 160.727242107 110.365270360
v 23.111082955 160.666181045 110.246791097
v 23.244222543 160.718248195 110.331595963
v 23.110212348 160.637636790 110.226794906
v 23.243039877 160.703562292 110.299999988
v 23.109249111 160.606055499 110.212061465
v 23.241434764 160.683630621 110.271442464
v 23.108222511 160.572396752 110.203038443
v 23.376197091 160.713371392 110.365270360
v 23.239455977 160.659058796 110.246791097
v 23.375025396 160.704424762 110.331595963
v 23.237163639 160.630593421 110.226794906
v 23.373112167 160.689816066 110.299999988
v 23.234627402 160.599099400 110.212061465
v 23.370515538 160.669989179 110.271442464
v 23.231924328 160.565533666 110.203038443
v 23.229136549 160.530916095 110.200000000
v 23.350620420 160.518077505 110.200000000
v 23.506592800 160.692975633 110.365270360
v 23.367314406 160.645546534 110.246791097
v 23.504976608 160.684098529 110.331595963
v 23.363606036 160.617230807 110.226794906
v 23.502337575 160.669603359 110.299999988
v 23.359503104 160.585902357 110.212061465
v 23.498755885 160.649930550 110.271442464
v 23.355130277 160.552513084 110.203038443
v 23.635809772 160.666105538 110.365270360
v 23.494340367 160.625677852 110.246791097
v 23.633753102 160.657320029 110.331595963
v 23.489225184 160.597582171 110.226794906
v 23.630394825 160.642974423 110.299999988
v 23.483565758 160.566497179 110.212061465
v 23.625836979 160.623504602 110.271442464
v 23.477534049 160.533367379 110.203038443
v 23.471313326 160.499199404 110.200000000
v 23.763526754 160.632827910 110.365270360
v 23.620218052 160.599502147 110.246791097
v 23.761034719 160.624155839 110.331595963
v 23.613708774 160.571696361 110.226794906
v 23.756965547 160.609995462 110.299999988
v 23.606506924 160.540932110 110.212061465
v 23.751442876 160.590777033 110.271442464
v 23.598831328 160.508144149 110.203038443
v 23.590915205 160.474328724 110.200000000
v 23.889426220 160.593225483 110.365270360
v 23.744634510 160.567084496 110.246791097
v 23.886505016 160.584688410 110.331595963
v 23.736747319 160.539637736 110.226794906
v 23.881735065 160.570748466 110.299999988
v 23.728020951 160.509270709 110.212061465
v 23.875261300 160.551829210 110.271442464
v 23.718720552 160.476906103 110.203038443
v 23.709128709 160.443527300 110.200000000
v 24.013195166 160.547396715 110.365270360
v 23.867280423 160.528505493 110.246791097
v 24.009852055 160.539015864 110.331595963
v 23.858034928 160.501485996 110.226794906
v 24.004393185 160.525331011 110.299999988
v 23.847805736 160.471591692 110.212061465
v 23.996984420 160.506757963 110.271442464
v 23.836903655 160.439730904 110.203038443
v 23.825659940 160.406871707 110.200000000
v 24.134525881 160.495455542 110.365270360
v 23.987850872 160.483861054 110.246791097
v 24.130769175 160.487251750 110.331595963
v 23.977270059 160.457335993 110.226794906
v 24.124634957 160.473856010 110.299999988
v 23.965563475 160.427988733 110.212061465
v 24.116309612 160.455675347 110.271442464
v 23.953086817 160.396710975 110.203038443
v 23.940219183 160.364453078 110.200000000
v 24.253116719 160.437531100 110.365270360
v 24.106046101 160.433262170 110.246791097
v 24.248955758 160.429524762 110.331595963
v 24.094156276 160.407297492 110.226794906
v 24.242161443 160.416451440 110.299999988
v 24.081001404 160.378570238 110.212061465
v 24.232940215 160.398708360 110.271442464
v 24.066981188 160.347953271 110.203038443
v 24.052521626 160.316376871 110.200000000
v 24.162288067 160.262762612 110.200000000
v 24.368672844 160.373767396 110.365270360
v 24.221572258 160.376834639 110.246791097
v 24.364117972 160.365978418 110.331595963
v 24.208402981 160.351494896 110.226794906
v 24.356680452 160.353260016 110.299999988
v 24.193832525 160.323459068 110.212061465
v 24.346586267 160.335998633 110.271442464
v 24.178303608 160.293579010 110.203038443
v 24.269245609 160.203743595 110.200000000
v 24.480906966 160.304322959 110.365270360
v 24.334142126 160.314718747 110.246791097
v 24.475969507 160.296770704 110.331595963
v 24.319726138 160.290066938 110.226794906
v 24.467907272 160.284438842 110.299999988
v 24.303776324 160.262792239 110.212061465
v 24.456965227 160.267702070 110.271442464
v 24.286777312 160.233723377 110.203038443
v 24.373128339 160.139466549 110.200000000
v 24.589540052 160.229370438 110.365270360
v 24.443475840 160.247068927 110.246791097
v 24.584232282 160.222073683 110.331595963
v 24.427848980 160.223166339 110.226794906
v 24.575565376 160.210159019 110.299999988
v 24.410559462 160.196720577 110.212061465
v 24.563802674 160.193988468 110.271442464
v 24.392132618 160.168535180 110.203038443
v 24.694302024 160.149096176 110.365270360
v 24.549301578 160.174053364 110.246791097
v 24.688637139 160.142073062 110.331595963
v 24.532502698 160.150959424 110.226794906
v 24.679387110 160.130605219 110.299999988
v 24.513916459 160.125408347 110.212061465
v 24.666832993 160.115041091 110.271442464
v 24.494107595 160.098176490 110.203038443
v 24.473677989 160.070091278 110.200000000
v 24.794932426 160.063699748 110.365270360
v 24.651356241 160.095853588 110.246791097
v 24.788924510 160.056967735 110.331595963
v 24.633427105 160.073625711 110.226794906
v 24.779114355 160.045975223 110.299999988
v 24.613590355 160.049032843 110.212061465
v 24.765800036 160.031056214 110.271442464
v 24.592448719 160.022822227 110.203038443
v 24.570644575 159.995790260 110.200000000
v 24.663787025 159.916748218 110.200000000
v 24.749386105 160.012664015 110.246791097
v 24.730371288 159.991357463 110.226794906
v 24.709333343 159.967783946 110.212061465
v 24.686911496 159.942659736 110.203038443
v 20.782647730 158.060772867 110.200000000
v 20.784046303 158.172952262 110.200000000
v 20.786842578 157.948663206 110.200000000
v 20.791034818 158.284922496 110.200000000
v 20.796620416 157.836902003 110.200000000
v 20.803595901 158.396405193 110.200000000
v 20.811956936 157.725767113 110.200000000
v 20.821698324 158.507123191 110.200000000
v 20.832814008 157.615534835 110.200000000
v 20.845297080 158.616801226 110.200000000
v 20.859139779 157.506479223 110.200000000
v 20.874333500 158.725166621 110.200000000
v 20.890868799 157.398871407 110.200000000
v 20.908735395 158.831949964 110.200000000
v 20.927922183 157.292978918 110.200000000
v 20.948417236 158.936885774 110.200000000
v 20.970207813 157.189065020 110.200000000
v 20.993280368 159.039713163 110.200000000
v 21.017620558 157.087388059 110.200000000
v 21.043213253 159.140176488 110.200000000
v 21.070042543 156.988200822 110.200000000
v 21.098091751 159.238025980 110.200000000
v 21.127343440 156.891749902 110.200000000
v 21.157779426 159.333018370 110.200000000
v 21.189380789 156.798275093 110.200000000
v 21.222127884 159.424917492 110.200000000
v 21.256000355 156.708008786 110.200000000
v 21.290977145 159.513494870 110.200000000
v 21.327036511 156.621175399 110.200000000
v 21.364156038 159.598530287 110.200000000
v 21.402312651 156.537990813 110.200000000
v 21.441482631 159.679812332 110.200000000
v 21.481641627 156.458661838 110.200000000
v 21.522764675 159.757138924 110.200000000
v 21.564826213 156.383385697 110.200000000
v 21.607800093 159.830317818 110.200000000
v 21.651659600 156.312349541 110.200000000
v 21.696377471 159.899167079 110.200000000
v 21.741925907 156.245729975 110.200000000
v 21.788276593 159.963515537 110.200000000
v 21.835400716 156.183692626 110.200000000
v 21.883268983 160.023203212 110.200000000
v 21.931851636 156.126391730 110.200000000
v 21.981118475 160.078081710 110.200000000
v 22.031038873 156.073969744 110.200000000
v 22.081581799 160.128014595 110.200000000
v 22.132715834 156.026556999 110.200000000
v 22.184409189 160.172877727 110.200000000
v 22.236629732 155.984271369 110.200000000
v 22.289344999 160.212559568 110.200000000
v 22.342522221 155.947217985 110.200000000
v 22.396128342 160.246961462 110.200000000
v 22.450130037 155.915488965 110.200000000
v 22.504493737 160.275997883 110.200000000
v 22.559185649 155.889163194 110.200000000
v 22.614171772 160.299596639 110.200000000
v 22.669417927 155.868306122 110.200000000
v 22.724889770 160.317699062 110.200000000
v 22.780552817 155.852969602 110.200000000
v 22.836372467 160.330260145 110.200000000
v 22.892314020 155.843191764 110.200000000
v 22.948342701 160.337248660 110.200000000
v 23.004423681 155.838996916 110.200000000
v 23.060522096 160.338647233 110.200000000
v 23.116603075 155.840395489 110.200000000
v 23.172631756 160.334452385 110.200000000
v 23.228573310 155.847384004 110.200000000
v 23.284392960 160.324674547 110.200000000
v 23.340056007 155.859945087 110.200000000
v 23.395527850 160.309338027 110.200000000
v 23.450774004 155.878047510 110.200000000
v 23.505760128 160.288480955 110.200000000
v 23.560452039 155.901646266 110.200000000
v 23.614815740 160.262155184 110.200000000
v 23.668817435 155.930682686 110.200000000
v 23.722423555 160.230426164 110.200000000
v 23.775600778 155.965084581 110.200000000
v 23.828316045 160.193372780 110.200000000
v 23.880536588 156.004766422 110.200000000
v 23.932229943 160.151087150 110.200000000
v 23.983363977 156.049629554 110.200000000
v 24.033906903 160.103674405 110.200000000
v 24.083827302 156.099562439 110.200000000
v 24.133094141 160.051252419 110.200000000
v 24.181676794 156.154440937 110.200000000
v 24.229545061 159.993951523 110.200000000
v 24.276669184 156.214128612 110.200000000
v 24.323019870 159.931914174 110.200000000
v 24.368568306 156.278477070 110.200000000
v 24.413286177 159.865294608 110.200000000
v 24.457145684 156.347326331 110.200000000
v 24.500119564 159.794258452 110.200000000
v 24.542181101 156.420505225 110.200000000
v 24.583304150 159.718982311 110.200000000
v 24.623463146 156.497831817 110.200000000
v 24.662633125 159.639653336 110.200000000
v 24.700789738 156.579113862 110.200000000
v 24.737909265 159.556468750 110.200000000
v 24.773968632 156.664149279 110.200000000
v 24.808945422 159.469635363 110.200000000
v 24.842817893 156.752726657 110.200000000
v 24.875564988 159.379369056 110.200000000
v 24.907166351 156.844625779 110.200000000
v 24.937602337 159.285894247 110.200000000
v 24.966854025 156.939618169 110.200000000
v 24.994903233 159.189443327 110.200000000
v 25.021732524 157.037467661 110.200000000
v 25.047325219 159.090256089 110.200000000
v 25.071665409 157.137930986 110.200000000
v 25.094737964 158.988579129 110.200000000
v 25.116528541 157.240758375 110.200000000
v 25.137023593 158.884665231 110.200000000
v 25.156210382 157.345694185 110.200000000
v 25.174076978 158.778772742 110.200000000
v 25.190612276 157.452477528 110.200000000
v 25.205805998 158.671164926 110.200000000
v 25.219648697 157.560842923 110.200000000
v 25.232131768 158.562109314 110.200000000
v 25.243247453 157.670520958 110.200000000
v 25.252988841 158.451877036 110.200000000
v 25.261349876 157.781238956 110.200000000
v 25.268325361 158.340742146 110.200000000
v 25.273910959 157.892721653 110.200000000
v 25.278103199 158.228980943 110.200000000
v 25.280899474 158.004691887 110.200000000
v 25.282298046 158.116871282 110.200000000
v 21.441482631 159.679812332 110.300000000
v 21.522764675 159.757138924 110.300000000
v 21.607800093 159.830317818 110.300000000
v 21.696377471 159.899167079 110.300000000
v 21.788276593 159.963515537 110.300000000
v 21.883268983 160.023203212 110.300000000
v 21.981118475 160.078081710 110.300000000
v 22.081581799 160.128014595 110.300000000
v 22.184409189 160.172877727 110.300000000
v 22.289344999 160.212559568 110.300000000
v 22.396128342 160.246961462 110.300000000
v 22.504493737 160.275997883 110.300000000
v 22.614171772 160.299596639 110.300000000
v 22.724889770 160.317699062 110.300000000
v 22.836372467 160.330260145 110.300000000
v 22.948342701 160.337248660 110.300000000
v 23.060522096 160.338647233 110.300000000
v 23.172631756 160.334452385 110.300000000
v 23.284392960 160.324674547 110.300000000
v 23.395527850 160.309338027 110.300000000
v 23.505760128 160.288480955 110.300000000
v 23.614815740 160.262155184 110.300000000
v 23.722423555 160.230426164 110.300000000
v 23.828316045 160.193372780 110.300000000
v 23.932229943 160.151087150 110.300000000
v 24.033906903 160.103674405 110.300000000
v 24.133094141 160.051252419 110.300000000
v 24.229545061 159.993951523 110.300000000
v 24.323019870 159.931914174 110.300000000
v 24.413286177 159.865294608 110.300000000
v 24.500119564 159.794258452 110.300000000
v 24.583304150 159.718982311 110.300000000
v 24.662633125 159.639653336 110.300000000
v 24.737909265 159.556468750 110.300000000
v 24.808945422 159.469635363 110.300000000
v 24.875564988 159.379369056 110.300000000
v 24.937602337 159.285894247 110.300000000
v 24.994903233 159.189443327 110.300000000
v 25.047325219 159.090256089 110.300000000
v 25.094737964 158.988579129 110.300000000
v 25.137023593 158.884665231 110.300000000
v 25.174076978 158.778772742 110.300000000
v 25.205805998 158.671164926 110.300000000
v 25.232131768 158.562109314 110.300000000
v 25.252988841 158.451877036 110.300000000
v 25.268325361 158.340742146 110.300000000
v 25.278103199 158.228980943 110.300000000
v 25.282298046 158.116871282 110.300000000
v 25.280899474 158.004691887 110.300000000
v 25.273910959 157.892721653 110.300000000
v 25.261349876 157.781238956 110.300000000
v 25.243247453 157.670520958 110.300000000
v 25.219648697 157.560842923 110.300000000
v 25.190612276 157.452477528 110.300000000
v 25.156210382 157.345694185 110.300000000
v 25.116528541 157.240758375 110.300000000
v 25.071665409 157.137930986 110.300000000
v 25.021732524 157.037467661 110.300000000
v 24.966854025 156.939618169 110.300000000
v 24.907166351 156.844625779 110.300000000
v 24.842817893 156.752726657 110.300000000
v 24.773968632 156.664149279 110.300000000
v 24.700789738 156.579113862 110.300000000
v 24.623463146 156.497831817 110.300000000
v 24.542181101 156.420505225 110.300000000
v 24.457145684 156.347326331 110.300000000
v 24.368568306 156.278477070 110.300000000
v 24.276669184 156.214128612 110.300000000
v 24.181676794 156.154440937 110.300000000
v 24.083827302 156.099562439 110.300000000
v 23.983363977 156.049629554 110.300000000
v 23.880536588 156.004766422 110.300000000
v 23.775600778 155.965084581 110.300000000
v 23.668817435 155.930682686 110.300000000
v 23.560452039 155.901646266 110.300000000
v 23.450774004 155.878047510 110.300000000
v 23.340056007 155.859945087 110.300000000
v 23.228573310 155.847384004 110.300000000
v 23.116603075 155.840395489 110.300000000
v 23.004423681 155.838996916 110.300000000
v 22.892314020 155.843191764 110.300000000
v 22.780552817 155.852969602 110.300000000
v 22.669417927 155.868306122 110.300000000
v 22.559185649 155.889163194 110.300000000
v 22.450130037 155.915488965 110.300000000
v 22.342522221 155.947217985 110.300000000
v 22.236629732 155.984271369 110.300000000
v 22.132715834 156.026556999 110.300000000
v 22.031038873 156.073969744 110.300000000
v 21.931851636 156.126391730 110.300000000
v 21.835400716 156.183692626 110.300000000
v 21.741925907 156.245729975 110.300000000
v 21.651659600 156.312349541 110.300000000
v 21.564826213 156.383385697 110.300000000
v 21.481641627 156.458661838 110.300000000
v 21.402312651 156.537990813 110.300000000
v 21.327036511 156.621175399 110.300000000
v 21.256000355 156.708008786 110.300000000
v 21.189380789 156.798275093 110.300000000
v 21.127343440 156.891749902 110.300000000
v 21.070042543 156.988200822 110.300000000
v 21.017620558 157.087388059 110.300000000
v 20.970207813 157.189065020 110.300000000
v 20.927922183 157.292978918 110.300000000
v 20.890868799 157.398871407 110.300000000
v 20.859139779 157.506479223 110.300000000
v 20.832814008 157.615534835 110.300000000
v 20.811956936 157.725767113 110.300000000
v 20.796620416 157.836902003 110.300000000
v 20.786842578 157.948663206 110.300000000
v 20.782647730 158.060772867 110.300000000
v 20.784046303 158.172952262 110.300000000
v 20.791034818 158.284922496 110.300000000
v 20.803595901 158.396405193 110.300000000
v 20.821698324 158.507123191 110.300000000
v 20.845297080 158.616801226 110.300000000
v 20.874333500 158.725166621 110.300000000
v 20.908735395 158.831949964 110.300000000
v 20.948417236 158.936885774 110.300000000
v 20.993280368 159.039713163 110.300000000
v 21.043213253 159.140176488 110.300000000
v 21.098091751 159.238025980 110.300000000
v 21.157779426 159.333018370 110.300000000
v 21.222127884 159.424917492 110.300000000
v 21.290977145 159.513494870 110.300000000
v 21.364156038 159.598530287 110.300000000
v 23.047432466 159.288728825 110.300000000
v 22.987603455 159.287982920 110.300000000
v 23.107224285 159.286491573 110.300000000
v 22.927885997 159.284255712 110.300000000
v 23.166830260 159.281276726 110.300000000
v 22.868428558 159.277556468 110.300000000
v 23.226102201 159.273097249 110.300000000
v 22.809378960 159.267901842 110.300000000
v 23.284892750 159.261973477 110.300000000
v 22.750884008 159.255315839 110.300000000
v 23.343055742 159.247933066 110.300000000
v 22.693089130 159.239829748 110.300000000
v 23.400446577 159.231010922 110.300000000
v 22.636138014 159.221482071 110.300000000
v 23.456922572 159.211249117 110.300000000
v 22.580172249 159.200318422 110.300000000
v 23.512343318 159.188696782 110.300000000
v 22.525330974 159.176391419 110.300000000
v 23.566571030 159.163409984 110.300000000
v 22.471750534 159.149760547 110.300000000
v 23.619470890 159.135451592 110.300000000
v 22.419564139 159.120492014 110.300000000
v 23.670911380 159.104891114 110.300000000
v 22.368901531 159.088658588 110.300000000
v 23.720764612 159.071804528 110.300000000
v 22.319888666 159.054339410 110.300000000
v 23.768906642 159.036274092 110.300000000
v 22.272647397 159.017619804 110.300000000
v 23.815217782 158.998388142 110.300000000
v 22.227295175 158.978591061 110.300000000
v 23.859582895 158.958240868 110.300000000
v 22.183944751 158.937350212 110.300000000
v 23.901891681 158.915932081 110.300000000
v 22.142703902 158.893999788 110.300000000
v 23.942038956 158.871566968 110.300000000
v 22.103675158 158.848647566 110.300000000
v 23.979924906 158.825255828 110.300000000
v 22.066955553 158.801406297 110.300000000
v 24.015455342 158.777113798 110.300000000
v 22.032636375 158.752393432 110.300000000
v 24.048541927 158.727260566 110.300000000
v 22.000802949 158.701730824 110.300000000
v 24.079102406 158.675820076 110.300000000
v 21.971534416 158.649544428 110.300000000
v 24.107060798 158.622920216 110.300000000
v 21.944903544 158.595963989 110.300000000
v 24.132347595 158.568692504 110.300000000
v 21.920976540 158.541122714 110.300000000
v 24.154899931 158.513271758 110.300000000
v 21.899812892 158.485156949 110.300000000
v 24.174661736 158.456795764 110.300000000
v 21.881465215 158.428205833 110.300000000
v 24.191583880 158.399404929 110.300000000
v 21.865979124 158.370410955 110.300000000
v 24.205624291 158.341241936 110.300000000
v 21.853393120 158.311916003 110.300000000
v 24.216748063 158.282451387 110.300000000
v 21.843738495 158.252866404 110.300000000
v 24.224927540 158.223179446 110.300000000
v 21.837039251 158.193408966 110.300000000
v 24.230142387 158.163573471 110.300000000
v 21.833312043 158.133691508 110.300000000
v 24.232379639 158.103781652 110.300000000
v 21.832566137 158.073862497 110.300000000
v 24.231633734 158.043952641 110.300000000
v 24.227906526 157.984235183 110.300000000
v 21.834803389 158.014070678 110.300000000
v 24.221207282 157.924777745 110.300000000
v 21.840018237 157.954464703 110.300000000
v 24.211552656 157.865728146 110.300000000
v 21.848197714 157.895192762 110.300000000
v 24.198966653 157.807233194 110.300000000
v 21.859321486 157.836402213 110.300000000
v 24.183480562 157.749438316 110.300000000
v 21.873361897 157.778239220 110.300000000
v 21.890284041 157.720848385 110.300000000
v 24.143969236 157.636521435 110.300000000
v 24.165132885 157.692487200 110.300000000
v 21.910045846 157.664372391 110.300000000
v 21.932598181 157.608951645 110.300000000
v 24.093411361 157.528099721 110.300000000
v 24.120042233 157.581680160 110.300000000
v 21.957884979 157.554723933 110.300000000
v 24.064142828 157.475913325 110.300000000
v 21.985843371 157.501824073 110.300000000
v 22.016403849 157.450383583 110.300000000
v 23.997990224 157.376237852 110.300000000
v 24.032309402 157.425250717 110.300000000
v 22.049490435 157.400530351 110.300000000
v 23.961270618 157.328996583 110.300000000
v 22.085020870 157.352388321 110.300000000
v 22.122906821 157.306077181 110.300000000
v 23.922241875 157.283644361 110.300000000
v 22.163054095 157.261712068 110.300000000
v 23.881001026 157.240293937 110.300000000
v 23.837650602 157.199053088 110.300000000
v 22.205362882 157.219403281 110.300000000
v 23.792298379 157.160024345 110.300000000
v 22.249727995 157.179256007 110.300000000
v 23.745057111 157.123304739 110.300000000
v 22.296039135 157.141370057 110.300000000
v 23.696044246 157.088985561 110.300000000
v 22.344181165 157.105839621 110.300000000
v 23.645381638 157.057152135 110.300000000
v 22.394034397 157.072753035 110.300000000
v 23.593195242 157.027883602 110.300000000
v 22.445474887 157.042192557 110.300000000
v 23.539614802 157.001252730 110.300000000
v 22.498374747 157.014234165 110.300000000
v 23.484773528 156.977325727 110.300000000
v 22.552602459 156.988947367 110.300000000
v 23.428807763 156.956162078 110.300000000
v 22.608023205 156.966395032 110.300000000
v 23.371856647 156.937814401 110.300000000
v 22.664499199 156.946633227 110.300000000
v 23.314061769 156.922328310 110.300000000
v 22.721890034 156.929711083 110.300000000
v 23.255566817 156.909742307 110.300000000
v 22.780053027 156.915670672 110.300000000
v 22.838843576 156.904546900 110.300000000
v 23.137059780 156.893388437 110.300000000
v 23.196517218 156.900087681 110.300000000
v 22.898115517 156.896367423 110.300000000
v 22.957721492 156.891152576 110.300000000
v 23.017513311 156.888915324 110.300000000
v 23.077342322 156.889661229 110.300000000
v 23.881001026 157.240293937 111.300000000
v 23.837650602 157.199053088 111.300000000
v 23.792298379 157.160024345 111.300000000
v 23.745057111 157.123304739 111.300000000
v 23.696044246 157.088985561 111.300000000
v 23.645381638 157.057152135 111.300000000
v 23.593195242 157.027883602 111.300000000
v 23.539614802 157.001252730 111.300000000
v 23.484773528 156.977325727 111.300000000
v 23.428807763 156.956162078 111.300000000
v 23.371856647 156.937814401 111.300000000
v 23.314061769 156.922328310 111.300000000
v 23.255566817 156.909742307 111.300000000
v 23.196517218 156.900087681 111.300000000
v 23.137059780 156.893388437 111.300000000
v 23.077342322 156.889661229 111.300000000
v 23.017513311 156.888915324 111.300000000
v 22.957721492 156.891152576 111.300000000
v 22.898115517 156.896367423 111.300000000
v 22.838843576 156.904546900 111.300000000
v 22.780053027 156.915670672 111.300000000
v 22.721890034 156.929711083 111.300000000
v 22.664499199 156.946633227 111.300000000
v 22.608023205 156.966395032 111.300000000
v 22.552602459 156.988947367 111.300000000
v 22.498374747 157.014234165 111.300000000
v 22.445474887 157.042192557 111.300000000
v 22.394034397 157.072753035 111.300000000
v 22.344181165 157.105839621 111.300000000
v 22.296039135 157.141370057 111.300000000
v 22.249727995 157.179256007 111.300000000
v 22.205362882 157.219403281 111.300000000
v 22.163054095 157.261712068 111.300000000
v 22.122906821 157.306077181 111.300000000
v 22.085020870 157.352388321 111.300000000
v 22.049490435 157.400530351 111.300000000
v 22.016403849 157.450383583 111.300000000
v 21.985843371 157.501824073 111.300000000
v 21.957884979 157.554723933 111.300000000
v 21.932598181 157.608951645 111.300000000
v 21.910045846 157.664372391 111.300000000
v 21.890284041 157.720848385 111.300000000
v 21.873361897 157.778239220 111.300000000
v 21.859321486 157.836402213 111.300000000
v 21.848197714 157.895192762 111.300000000
v 21.840018237 157.954464703 111.300000000
v 21.834803389 158.014070678 111.300000000
v 21.832566137 158.073862497 111.300000000
v 21.833312043 158.133691508 111.300000000
v 21.837039251 158.193408966 111.300000000
v 21.843738495 158.252866404 111.300000000
v 21.853393120 158.311916003 111.300000000
v 21.865979124 158.370410955 111.300000000
v 21.881465215 158.428205833 111.300000000
v 21.899812892 158.485156949 111.300000000
v 21.920976540 158.541122714 111.300000000
v 21.944903544 158.595963989 111.300000000
v 21.971534416 158.649544428 111.300000000
v 22.000802949 158.701730824 111.300000000
v 22.032636375 158.752393432 111.300000000
v 22.066955553 158.801406297 111.300000000
v 22.103675158 158.848647566 111.300000000
v 22.142703902 158.893999788 111.300000000
v 22.183944751 158.937350212 111.300000000
v 22.227295175 158.978591061 111.300000000
v 22.272647397 159.017619804 111.300000000
v 22.319888666 159.054339410 111.300000000
v 22.368901531 159.088658588 111.300000000
v 22.419564139 159.120492014 111.300000000
v 22.471750534 159.149760547 111.300000000
v 22.525330974 159.176391419 111.300000000
v 22.580172249 159.200318422 111.300000000
v 22.636138014 159.221482071 111.300000000
v 22.693089130 159.239829748 111.300000000
v 22.750884008 159.255315839 111.300000000
v 22.809378960 159.267901842 111.300000000
v 22.868428558 159.277556468 111.300000000
v 22.927885997 159.284255712 111.300000000
v 22.987603455 159.287982920 111.300000000
v 23.047432466 159.288728825 111.300000000
v 23.107224285 159.286491573 111.300000000
v 23.166830260 159.281276726 111.300000000
v 23.226102201 159.273097249 111.300000000
v 23.284892750 159.261973477 111.300000000
v 23.343055742 159.247933066 111.300000000
v 23.400446577 159.231010922 111.300000000
v 23.456922572 159.211249117 111.300000000
v 23.512343318 159.188696782 111.300000000
v 23.566571030 159.163409984 111.300000000
v 23.619470890 159.135451592 111.300000000
v 23.670911380 159.104891114 111.300000000
v 23.720764612 159.071804528 111.300000000
v 23.768906642 159.036274092 111.300000000
v 23.815217782 158.998388142 111.300000000
v 23.859582895 158.958240868 111.300000000
v 23.901891681 158.915932081 111.300000000
v 23.942038956 158.871566968 111.300000000
v 23.979924906 158.825255828 111.300000000
v 24.015455342 158.777113798 111.300000000
v 24.048541927 158.727260566 111.300000000
v 24.079102406 158.675820076 111.300000000
v 24.107060798 158.622920216 111.300000000
v 24.132347595 158.568692504 111.300000000
v 24.154899931 158.513271758 111.300000000
v 24.174661736 158.456795764 111.300000000
v 24.191583880 158.399404929 111.300000000
v 24.205624291 158.341241936 111.300000000
v 24.216748063 158.282451387 111.300000000
v 24.224927540 158.223179446 111.300000000
v 24.230142387 158.163573471 111.300000000
v 24.232379639 158.103781652 111.300000000
v 24.231633734 158.043952641 111.300000000
v 24.227906526 157.984235183 111.300000000
v 24.221207282 157.924777745 111.300000000
v 24.211552656 157.865728146 111.300000000
v 24.198966653 157.807233194 111.300000000
v 24.183480562 157.749438316 111.300000000
v 24.165132885 157.692487200 111.300000000
v 24.143969236 157.636521435 111.300000000
v 24.120042233 157.581680160 111.300000000
v 24.093411361 157.528099721 111.300000000
v 24.064142828 157.475913325 111.300000000
v 24.032309402 157.425250717 111.300000000
v 23.997990224 157.376237852 111.300000000
v 23.961270618 157.328996583 111.300000000
v 23.922241875 157.283644361 111.300000000
v 22.923633876 156.838267455 111.300000000
v 22.880348202 156.837420099 111.300000000
v 22.837149077 156.838101042 111.300000000
v 22.794053295 156.840295080 111.300000000
v 22.730520422 156.846283901 111.300000000
v 22.662561314 156.856325139 111.300000000
v 22.595797799 156.869868860 111.300000000
v 22.531904229 156.886304600 111.300000000
v 22.466381295 156.906791645 111.300000000
v 22.405899559 156.929096587 111.300000000
v 22.345989395 156.954558243 111.300000000
v 22.282371621 156.985448183 111.300000000
v 22.232804898 157.012521709 111.300000000
v 22.177680005 157.046020046 111.300000000
v 23.839639268 157.124094524 111.300000000
v 22.123429629 157.082798658 111.300000000
v 23.893845199 157.161187883 111.300000000
v 22.070918661 157.122369406 111.300000000
v 23.948485697 157.203027828 111.300000000
v 22.018942539 157.165807233 111.300000000
v 24.000707502 157.247730108 111.300000000
v 21.968641391 157.212366908 111.300000000
v 24.050448971 157.295217899 111.300000000
v 21.919766304 157.262413091 111.300000000
v 24.097673542 157.345443164 111.300000000
v 21.877429556 157.310162220 111.300000000
v 24.141821299 157.397709597 111.300000000
v 21.837144297 157.360004160 111.300000000
v 24.183130642 157.452174328 111.300000000
v 21.799040107 157.411791287 111.300000000
v 24.221652494 157.508891284 111.300000000
v 21.763240579 157.465363675 111.300000000
v 24.257263254 157.567701686 111.300000000
v 21.729861263 157.520550910 111.300000000
v 24.289846235 157.628436578 111.300000000
v 21.699007841 157.577174287 111.300000000
v 24.319293388 157.690918544 111.300000000
v 21.670774608 157.635049283 111.300000000
v 21.645150484 157.694216597 111.300000000
v 24.345613835 157.755242583 111.300000000
v 21.621971405 157.755214537 111.300000000
v 24.366725457 157.815130880 111.300000000
v 21.601624374 157.817188095 111.300000000
v 24.385079440 157.876174630 111.300000000
v 21.584111776 157.880172279 111.300000000
v 24.400594891 157.938131648 111.300000000
v 21.569446467 157.944205971 111.300000000
v 24.413220264 158.000806902 111.300000000
v 21.557652116 158.009334604 111.300000000
v 24.422924219 158.064045001 111.300000000
v 21.548763936 158.075616322 111.300000000
v 24.429688530 158.127723539 111.300000000
v 21.542884362 158.142310927 111.300000000
v 24.433502641 158.191747353 111.300000000
v 21.539839401 158.216339582 111.300000000
v 24.434359273 158.256075521 111.300000000
v 21.540398943 158.292849045 111.300000000
v 24.432213612 158.321333733 111.300000000
v 21.544310307 158.364267840 111.300000000
v 24.427047495 158.386591230 111.300000000
v 21.551785571 158.436954287 111.300000000
v 24.418883092 158.451585789 111.300000000
v 21.562604374 158.508114736 111.300000000
v 24.407750101 158.516126797 111.300000000
v 21.576611477 158.577684746 111.300000000
v 24.393679483 158.580075985 111.300000000
v 21.593429046 158.644811736 111.300000000
v 24.374973066 158.649179700 111.300000000
v 24.353526909 158.715357285 111.300000000
v 21.615183697 158.716803086 111.300000000
v 24.330350622 158.776910697 111.300000000
v 21.639781599 158.785817520 111.300000000
v 24.304182654 158.837898506 111.300000000
v 21.668978362 158.856609028 111.300000000
v 24.272783953 158.902540044 111.300000000
v 21.701976614 158.926534777 111.300000000
v 24.238567545 158.965105255 111.300000000
v 21.738393819 158.994760503 111.300000000
v 24.200685087 159.027051089 111.300000000
v 21.778105307 159.061147086 111.300000000
v 24.160364169 159.086328621 111.300000000
v 21.820986408 159.125555408 111.300000000
v 24.115867690 159.145337916 111.300000000
v 21.866912452 159.187846350 111.300000000
v 24.068030265 159.202635787 111.300000000
v 21.915758769 159.247880792 111.300000000
v 24.020287995 159.254528266 111.300000000
v 23.968816949 159.305456215 111.300000000
v 21.967400689 159.305519616 111.300000000
v 23.912501888 159.356038835 111.300000000
v 22.021721056 159.360630807 111.300000000
v 23.856965073 159.401317595 111.300000000
v 22.078661979 159.413129812 111.300000000
v 23.799111029 159.444167501 111.300000000
v 22.138155634 159.462908865 111.300000000
v 23.736268020 159.486227607 111.300000000
v 22.200127840 159.509853147 111.300000000
v 23.671943586 159.524898327 111.300000000
v 22.264494495 159.553843563 111.300000000
v 23.606347241 159.560168086 111.300000000
v 23.539674249 159.592050178 111.300000000
v 22.330965210 159.594703818 111.300000000
v 23.472324103 159.620495905 111.300000000
v 22.399304746 159.632357298 111.300000000
v 23.398163275 159.647738926 111.300000000
v 22.469342022 159.666765555 111.300000000
v 23.324942502 159.670651815 111.300000000
v 23.256219160 159.688712424 111.300000000
v 22.540840331 159.698124632 111.300000000
v 23.186672471 159.703721305 111.300000000
v 22.578556691 159.705757298 111.300000000
v 22.616422498 159.712267740 111.300000000
v 23.116368043 159.715660880 111.300000000
v 22.687658424 159.722092212 111.300000000
v 23.045371481 159.724513571 111.300000000
v 22.759112723 159.728804717 111.300000000
v 22.973915915 159.730259651 111.300000000
v 22.830698401 159.732404178 111.300000000
v 22.902328463 159.732889515 111.300000000
v 22.174034414 158.997438210 114.466209315
v 22.197136996 159.018721867 114.401435888
v 22.200147402 159.021417327 114.463667942
v 22.246539974 159.060834645 114.396785916
v 22.251292841 159.064658485 114.458872523
v 22.299702752 159.101514724 114.391996452
v 22.306216178 159.106196074 114.453946716
v 22.354988090 159.139304315 114.387207010
v 22.361199058 159.143284219 114.449203165
v 22.412237842 159.174090570 114.382413813
v 22.420719120 159.178894060 114.444238725
v 22.471288377 159.205769602 114.377613091
v 22.481452066 159.210818524 114.439319974
v 22.531971593 159.234247084 114.372801197
v 22.534929750 159.235535129 114.435090773
v 22.593996878 159.259394061 114.367996032
v 22.597363343 159.260649574 114.430272024
v 22.657302173 159.281192367 114.363196949
v 22.661946740 159.282643828 114.425396114
v 22.721707064 159.299575807 114.358404661
v 22.727758201 159.301112865 114.420512194
v 22.787002348 159.314482793 114.353619698
v 22.793841348 159.315832656 114.415665946
v 22.842611389 159.324318965 114.412115158
v 22.852920218 159.325859048 114.348833992
v 22.894953603 159.331234410 114.408324269
v 22.919376869 159.333694877 114.344039685
v 22.951072940 159.336168876 114.404278427
v 22.986183570 159.337964142 114.339239797
v 23.011143509 159.338640087 114.399965738
v 23.053147913 159.338650593 114.334437481
v 23.075228702 159.338090642 114.395382191
v 23.120075867 159.335748336 114.329635947
v 23.143443070 159.333886584 114.390501241
v 23.186773919 159.329261952 114.324838386
v 23.208220000 159.326405588 114.385841134
v 23.253048207 159.319206782 114.320047768
v 23.276349105 159.314801014 114.380888763
v 23.318588006 159.305636817 114.315257939
v 23.340208419 159.300349532 114.376186919
v 23.383330969 159.288571456 114.310455116
v 23.404628979 159.282136710 114.371378457
v 23.447090077 159.268055971 114.305645871
v 23.467993913 159.260496704 114.366577495
v 23.509658896 159.244154718 114.300839700
v 23.530133057 159.235484343 114.361788152
v 23.570822344 159.216953211 114.296047923
v 23.590821675 159.207189918 114.357006186
v 23.630463205 159.186504898 114.291262015
v 23.649886964 159.175698268 114.352221623
v 23.688408379 159.152893798 114.286476509
v 23.707223760 159.141063142 114.347420247
v 23.744432158 159.116252848 114.281685304
v 23.762614498 159.103412251 114.342609472
v 23.798418849 159.076661521 114.276880022
v 23.815890243 159.062863783 114.337800917
v 23.850226809 159.034220679 114.272069150
v 23.866900393 159.019537250 114.333005284
v 23.899700125 158.989053667 114.267263185
v 23.915563745 158.973497462 114.328217839
v 23.946643908 158.941342660 114.262474464
v 23.961674697 158.924934506 114.323433864
v 23.990982108 158.891168681 114.257691304
v 24.005103493 158.873990661 114.318646266
v 24.032584480 158.838673264 114.252905416
v 24.045756811 158.820775414 114.313844998
v 24.071308026 158.784035395 114.248110251
v 24.083510187 158.765446475 114.309034756
v 24.107036304 158.727424820 114.243303970
v 24.118233658 158.708195576 114.304227820
v 24.139694004 158.668961199 114.238492909
v 24.149830715 158.649189352 114.299432789
v 24.169183808 158.608810810 114.233687740
v 24.178261265 158.588490907 114.294641921
v 24.195385610 158.547225831 114.228901412
v 24.203393533 158.526365617 114.289844643
v 24.218261327 158.484303778 114.224120270
v 24.225153532 158.463003556 114.285043298
v 24.237741655 158.420223951 114.219333726
v 24.243482073 158.398588746 114.280240969
v 24.253764026 158.355182638 114.214533046
v 24.258329784 158.333308918 114.275440765
v 24.266271231 158.289425165 114.209726357
v 24.269657641 158.267353437 114.270645752
v 24.275243160 158.223068145 114.204917468
v 24.277437142 158.200911189 114.265858875
v 24.280650132 158.156302181 114.200114613
v 24.281653043 158.134087301 114.261075642
v 24.282472772 158.089369120 114.195326761
v 24.282284291 158.067109237 114.256286745
v 24.280709421 158.022447588 114.190545222
v 24.279328618 158.000217451 114.251491613
v 24.275363283 157.955692522 114.185757611
v 24.272798368 157.933603827 114.246689398
v 24.266446066 157.889297146 114.180954534
v 24.262694602 157.867339664 114.241876385
v 24.253997707 157.823535264 114.176147656
v 24.249056620 157.801727205 114.237072891
v 24.238040917 157.758510566 114.171341873
v 24.231927990 157.736960909 114.232277026
v 24.218617801 157.694410817 114.166542197
v 24.211361830 157.673226778 114.227485688
v 24.195787630 157.631439508 114.161753510
v 24.187421456 157.610708339 114.222695771
v 24.169635466 157.569821821 114.156970080
v 24.160179656 157.549584630 114.217904139
v 24.140211184 157.509671091 114.152179794
v 24.129717642 157.490028355 114.213107594
v 24.107595883 157.451161862 114.147376863
v 24.096076316 157.432127511 114.208299505
v 24.071912785 157.394513287 114.142568170
v 24.059374410 157.376099645 114.203501808
v 24.033249882 157.339859202 114.137765721
v 24.019738796 157.322136985 114.198715114
v 23.991700912 157.287334963 114.132969665
v 23.977286347 157.270392158 114.193932808
v 23.947385238 157.237097125 114.128181731
v 23.932082829 157.220950000 114.189139627
v 23.900516485 157.189377751 114.123398269
v 23.884310894 157.174015006 114.184336760
v 23.851144273 157.144218269 114.118605648
v 23.834112328 157.129721354 114.179529683
v 23.799405920 157.101749427 114.113806818
v 23.781608243 157.088174173 114.174721921
v 23.745447735 157.062096417 114.109004878
v 23.726929235 157.049480746 114.169925340
v 23.689423681 157.025377254 114.104203005
v 23.670276512 157.013784144 114.165141204
v 23.631493756 156.991701385 114.099404374
v 23.611814868 156.981183652 114.160359597
v 23.571822151 156.961168594 114.094612089
v 23.551648939 156.951739749 114.155565327
v 23.510672269 156.933908512 114.089825738
v 23.489999345 156.925563940 114.150759133
v 23.448153346 156.909962574 114.085027781
v 23.427059029 156.902735340 114.145949934
v 23.384418797 156.889391349 114.080221050
v 23.363010360 156.883315965 114.141146170
v 23.319656466 156.872259050 114.075411385
v 23.297952714 156.867339179 114.136350861
v 23.254125402 156.858630967 114.070615262
v 23.232155970 156.854874480 114.131567511
v 23.187934831 156.848527117 114.065826704
v 23.165810201 156.845953954 114.126785624
v 23.121274184 156.841980332 114.061041253
v 23.099058052 156.840596767 114.121991363
v 23.054368927 156.839013865 114.056253419
v 23.032099460 156.838822130 114.117182721
v 22.987430350 156.839633878 114.051453017
v 22.965165944 156.840635479 114.112372138
v 22.920596630 156.843838664 114.046643631
v 22.898449776 156.846027720 114.107570327
v 22.854060302 156.851620010 114.041834314
v 22.832062699 156.854992362 114.102778840
v 22.788097827 156.862942459 114.037040806
v 22.766267073 156.867497194 114.097994793
v 22.722812817 156.877785064 114.032255580
v 22.701258955 156.883501647 114.093210354
v 22.658393092 156.896109071 114.027471284
v 22.637213640 156.902959466 114.088416703
v 22.595036526 156.917861174 114.022680733
v 22.574252712 156.925837009 114.083607504
v 22.532983055 156.942955631 114.017879081
v 22.512629572 156.952044650 114.078797696
v 22.472340017 156.971346721 114.013068444
v 22.452519986 156.981503408 114.073996905
v 22.413283422 157.002956334 114.008259587
v 22.394043745 157.014155507 114.069208551
v 22.356025745 157.037670675 114.003465636
v 22.337395737 157.049895825 114.064423321
v 22.300720658 157.075392909 113.998683257
v 22.282762759 157.088604738 114.059635488
v 22.247495562 157.116037103 113.993899742
v 22.230299392 157.130167975 114.054840026
v 22.196507052 157.159488378 113.989105200
v 22.180092955 157.174519916 114.050030493
v 22.147963066 157.205565413 113.984302012
v 22.132348217 157.221483881 114.045223220
v 22.101938453 157.254193052 113.979492239
v 22.087203163 157.270919188 114.040424575
v 22.058568548 157.305233966 113.974685211
v 22.044770689 157.322699130 114.035638462
v 22.017994035 157.358525791 113.969890988
v 22.005147313 157.376711019 114.030851975
v 21.980354619 157.413879735 113.965109487
v 21.968486858 157.432747599 114.026060426
v 21.945720452 157.471190182 113.960325675
v 21.934891407 157.490645770 114.021261919
v 21.914194351 157.530294445 113.955529209
v 21.904412800 157.550323783 114.016450396
v 21.885895945 157.590965376 113.950722425
v 21.877172336 157.611558809 114.011644802
v 21.860885633 157.653066113 113.945914834
v 21.853260427 157.674145198 114.006847453
v 21.839228810 157.716439808 113.941111130
v 21.832742416 157.737901346 114.002055269
v 21.820992503 157.780901181 113.936317533
v 21.815674078 157.802641314 113.997265179
v 21.806513111 157.844849480 113.931632913
v 21.802100957 157.868176868 113.992474090
v 21.794899995 157.913000191 113.926691282
v 21.792058082 157.934319598 113.987678853
v 21.787410109 157.977832533 113.922016959
v 21.785566818 158.000928659 113.982873492
v 21.783201145 158.046159847 113.917102191
v 21.782648835 158.067850075 113.978070221
v 21.782656222 158.110219488 113.912509383
v 21.783319059 158.134807905 113.973279212
v 21.785121453 158.170144642 113.908215043
v 21.787571714 158.201609776 113.968495438
v 21.790036151 158.226115721 113.904194836
v 21.795400962 158.268134770 113.963706958
v 21.796921925 158.278327823 113.900427391
v 21.806781163 158.334137708 113.958908035
v 21.805371441 158.326983759 113.896893809
v 21.820028647 158.392924962 113.892056441
v 21.821674323 158.399413144 113.954102899
v 21.838455424 158.458717024 113.887156429
v 21.840033911 158.463774451 113.949295959
v 21.860451947 158.523410234 113.882249206
v 21.861833858 158.527119085 113.944492717
v 21.885526953 158.585827644 113.877425820
v 21.886986697 158.589183341 113.939704650
v 21.910158479 158.639194031 113.873216775
v 21.915416487 158.649789991 113.934922792
v 21.933731160 158.684863330 113.869539024
v 21.947060568 158.708806019 113.930134647
v 21.966487086 158.741641250 113.864849321
v 21.981829648 158.766058177 113.925332535
v 22.002544031 158.797162185 113.860111539
v 22.019601674 158.821346382 113.920524375
v 22.035945468 158.843429795 113.856024470
v 22.060264727 158.874513673 113.915717603
v 22.062396804 158.877144560 113.852952204
v 22.090027424 158.909977691 113.849872132
v 22.102517230 158.924095967 113.911048406
v 22.118777615 158.941852526 113.846791288
v 24.164456829 156.843450235 114.995736748
v 24.100558600 156.788218149 114.991249869
v 24.037946368 156.739197432 114.987022524
v 23.977378251 156.696093161 114.983066623
v 23.912741850 156.654352439 114.978969088
v 23.618304594 156.511138518 114.961517268
v 23.695474154 156.541956898 114.965937764
v 23.539705768 156.484144795 114.957096380
v 23.459870402 156.461041706 114.952675094
v 23.055445700 156.405998452 114.930916505
v 22.973271792 156.406881180 114.926546622
v 22.896302065 156.411346335 114.922444890
v 22.362641033 156.544893636 114.893057824
v 22.429178072 156.517708250 114.896878014
v 21.852073973 156.889225201 114.860117802
v 21.905323831 156.839072102 114.864002930
v 21.501551986 157.389817011 114.827425791
v 21.535048889 157.320689641 114.831503850
v 21.353030645 157.980207030 114.794853070
v 21.359945334 157.901869522 114.799030611
v 21.405819621 158.520424473 114.765843603
v 21.425253943 158.587967628 114.762104826
v 21.677613041 159.087132477 114.732212182
v 21.720691333 159.143101605 114.728455021
v 22.725781521 159.743578212 114.664843912
v 22.656921896 159.729328576 114.668584571
v 23.329199954 159.745398480 114.632566041
v 23.258930920 159.756468041 114.636344958
v 23.909183819 159.525372243 114.599372273
v 23.842715790 159.563893168 114.603451176
v 24.375778954 159.102657439 114.565679241
v 24.324844436 159.166850084 114.570030892
v 24.713575132 158.009004365 114.503554406
v 23.721675119 156.553412788 114.404976740
v 23.796972233 156.589501540 114.409413822
v 23.133133915 156.408874833 114.372565619
v 23.210000306 156.415260269 114.376660987
v 22.524413281 156.484397890 114.339747505
v 22.594385013 156.463900743 114.343618677
v 21.974466149 156.780046378 114.306332531
v 22.035685024 156.732840307 114.310439965
v 21.581536230 157.236140043 114.274127843
v 21.623567940 157.168352982 114.278370886
v 21.376260994 158.387538261 114.210587556
v 21.995175631 159.414092188 114.145384329
v 22.545990486 159.699924866 114.112176806
v 22.467454715 159.674104948 114.116567165
v 23.169141772 159.766245658 114.078646726
v 23.090719526 159.770816359 114.082820613
v 23.760655490 159.606093665 114.045866125
v 23.692243135 159.637077530 114.049858546
v 24.248747949 159.252054236 114.013629538
v 24.196322168 159.304507000 114.017574441
v 24.544444519 158.827993841 113.986020578
v 24.575542226 158.760665304 113.982075510
v 24.713513981 158.169440662 113.949618117
v 24.707651708 158.250498243 113.953938776
v 24.633680164 157.570526534 113.917304905
v 24.656497693 157.647268814 113.921558755
v 24.328583089 157.015292317 113.883406100
v 24.376293955 157.075676616 113.887493164
v 23.347551697 156.435637970 113.821550167
v 22.683302604 156.442503964 113.785977430
v 22.759194460 156.428222769 113.790085529
v 21.431495382 157.570038040 113.692111142
v 21.352000980 158.179964796 113.659199050
v 21.865946780 159.301938932 113.591983043
v 21.815503573 159.251353917 113.595779934
v 22.306108667 159.606976754 113.563375632
v 22.382347581 159.641143154 113.558932740
v 22.977691765 159.770898300 113.526352202
v 22.902718157 159.766779570 113.530346437
v 23.581023727 159.679921026 113.493726207
v 23.504608325 159.704232631 113.497991255
v 24.480808952 158.945957598 113.430671927
v 24.693148401 158.361721384 113.397410537
v 24.678395880 158.439875832 113.401632958
v 24.680534316 157.747929701 113.364560509
v 24.693802250 157.819978130 113.368452370
v 24.439896918 157.166073806 113.330859474
v 24.483441306 157.236197752 113.335250589
v 24.088276804 156.778268556 113.302899085
v 24.029092895 156.732716661 113.298926143
v 23.497733235 156.471477264 113.267264031
v 23.568995919 156.493699098 113.271235017
v 21.817501435 156.924283385 113.169965124
v 21.876647244 156.865539176 113.174391984
v 21.505745093 157.380666143 113.140422038
v 21.474641599 157.452031414 113.136286887
v 21.352233025 157.993008576 113.106645653
v 22.232516887 159.569500967 113.005277448
v 22.164927339 159.530957133 113.009411110
v 22.277273621 159.592824251 113.002596422
v 22.321257618 159.614028488 112.999922825
v 23.778458345 156.743028685 114.891691615
v 23.843966650 156.614363453 114.974731553
v 23.771021719 156.576533960 114.970357874
v 23.251938645 156.565835229 114.859191615
v 23.378991224 156.441895228 114.948253405
v 23.297260961 156.426771336 114.943831307
v 23.214591782 156.415698483 114.939394668
v 23.138753271 156.409190286 114.935348233
v 22.728302332 156.728041231 114.743347200
v 22.696811881 156.587161049 114.826691615
v 22.818642274 156.419453517 114.918288977
v 22.740447057 156.431333745 114.914078130
v 22.661871048 156.447118040 114.909811595
v 22.582873652 156.466991760 114.905478379
v 22.502507693 156.491472011 114.901015053
v 22.264903691 156.924742284 114.710847200
v 22.185438074 156.804226351 114.794191615
v 22.295829758 156.575611331 114.889146212
v 22.228973462 156.610003641 114.885143504
v 22.162301362 156.648212875 114.881050023
v 22.096042670 156.690381338 114.876866094
v 22.030424037 156.736653237 114.872591882
v 21.964726524 156.787942890 114.868163593
v 21.901556656 157.273179563 114.678347200
v 21.784474110 157.188736968 114.761691615
v 21.799408934 156.943396315 114.856100759
v 21.747698459 157.001680845 114.851952975
v 21.697312296 157.064174190 114.847675627
v 21.648620191 157.130971752 114.843269888
v 21.606551311 157.194848511 114.839195922
v 21.570189454 157.255707877 114.835426057
v 21.685623022 157.727934740 114.645847200
v 21.546185098 157.690572461 114.729191615
v 21.470170186 157.463034930 114.823192935
v 21.441374931 157.540288342 114.818806332
v 21.418060344 157.613221257 114.814727809
v 21.399479076 157.681584360 114.810952025
v 21.383433077 157.752497260 114.807077241
v 21.370172890 157.825930698 114.803104017
v 21.645249446 158.229731093 114.613347200
v 21.501631690 158.244319253 114.696691615
v 21.349733628 158.060763891 114.790569292
v 21.350359128 158.143360658 114.786177179
v 21.354527784 158.219293552 114.782129916
v 21.362072405 158.294420389 114.778108796
v 21.374325418 158.376879186 114.773667820
v 21.389204791 158.452143839 114.769582357
v 21.785698569 158.713160146 114.580847200
v 21.656621360 158.777797198 114.664191615
v 21.447441150 158.654529591 114.758372456
v 21.472354849 158.720040670 114.754643955
v 21.499968650 158.784431172 114.750916782
v 21.530256162 158.847631404 114.747188399
v 21.563190991 158.909571674 114.743456265
v 21.598746748 158.970182289 114.739717842
v 21.636897041 159.029393557 114.735970590
v 22.088663038 159.115207576 114.548347200
v 22.023394817 159.435698738 114.706000608
v 21.990951416 159.221468167 114.631691615
v 22.080672036 159.476754440 114.702251606
v 22.139743822 159.515462132 114.698494615
v 21.765973431 159.197103384 114.724705892
v 21.813400873 159.249083433 114.720962504
v 21.862915194 159.298987374 114.717222570
v 21.914457934 159.346760825 114.713483802
v 21.967970629 159.392349406 114.709743911
v 22.514651844 159.383467044 114.515847200
v 22.461042387 159.517500250 114.599191615
v 22.200435205 159.551699169 114.694734356
v 22.262408898 159.585268944 114.690984773
v 22.325581979 159.616143134 114.687244021
v 22.389882554 159.644300262 114.683509582
v 22.455238727 159.669718848 114.679778935
v 22.521578604 159.692377415 114.676049564
v 22.588830292 159.712254484 114.672318948
v 23.008137923 159.482971292 114.483347200
v 23.005618550 159.627306066 114.566691615
v 22.795225010 159.754964971 114.661100151
v 22.877697412 159.764668791 114.656678429
v 22.956485322 159.770106021 114.652471553
v 23.028131641 159.771821747 114.648654903
v 23.098433042 159.770525158 114.644912521
v 23.180896446 159.765238187 114.640517897
v 23.504796032 159.400750075 114.450847200
v 23.553695141 159.536572575 114.534191615
v 23.410844434 159.728688568 114.628136794
v 23.487235204 159.709196615 114.623940218
v 23.555290204 159.688558041 114.620150651
v 23.633545480 159.660836042 114.615725838
v 23.706030597 159.631156480 114.611553826
v 23.769988866 159.601593265 114.607804746
v 23.939887458 159.147520819 114.418347200
v 24.033831116 159.257126765 114.501691615
v 23.978134486 159.480966550 114.595017821
v 24.040292031 159.436686249 114.590959166
v 24.104901812 159.385904588 114.586581319
v 24.163573104 159.335083136 114.582443957
v 24.224122686 159.277302524 114.577984522
v 24.278432153 159.220203030 114.573790152
v 24.630314089 158.617362786 114.536395654
v 24.256698622 158.756291613 114.385847200
v 24.383441400 158.825394018 114.469191615
v 24.420478994 159.040561801 114.561617813
v 24.464804999 158.972501786 114.557301263
v 24.503415448 158.906672151 114.553238105
v 24.541906194 158.833271601 114.548822705
v 24.575051363 158.761895513 114.544630837
v 24.602149006 158.695979934 114.540837115
v 24.413933618 158.278058655 114.353347200
v 24.556954767 158.297650116 114.436691615
v 24.653362919 158.541730956 114.532194370
v 24.671100830 158.472643110 114.528405876
v 24.688073796 158.391262213 114.523988329
v 24.700401255 158.313686995 114.519808503
v 24.708462851 158.242547128 114.515996495
v 24.713431455 158.172138376 114.512238152
v 24.715482435 158.088751174 114.507798065
v 24.391097077 157.775158966 114.320847200
v 24.579500295 157.426190419 114.471583306
v 24.531753983 157.742685760 114.404191615
v 24.708550014 157.936449080 114.499687567
v 24.700548591 157.865255715 114.495879963
v 24.689724218 157.795547939 114.492130777
v 24.673219700 157.714013084 114.487706680
v 24.653475928 157.636213546 114.483436356
v 24.631907440 157.565126776 114.479484367
v 24.607231559 157.495078442 114.475533587
v 24.191165711 157.313144838 114.288347200
v 24.247483096 156.924296072 114.439411649
v 24.311123937 157.232839805 114.371691615
v 24.548765655 157.358584584 114.467632817
v 24.515079648 157.292382813 114.463681409
v 24.478494281 157.227706984 114.459728375
v 24.439061562 157.164678972 114.455773005
v 24.396710669 157.103248689 114.451804063
v 24.350741047 157.042594651 114.447759255
v 24.301008461 156.982844023 114.443628453
v 23.840200302 156.952239189 114.255847200
v 23.923823456 156.834569981 114.339191615
v 24.190135140 156.867250068 114.435108835
v 24.128934780 156.812005280 114.430720005
v 24.070536010 156.764072355 114.426696507
v 24.003908265 156.714467379 114.422272860
v 23.935535348 156.668628386 114.417892449
v 23.868278106 156.628052992 114.413718937
v 23.383948718 156.739485581 114.223347200
v 23.420336634 156.599790220 114.306691615
v 23.650542638 156.523401152 114.400870233
v 23.583833597 156.498664443 114.397082511
v 23.514607945 156.476323635 114.393207558
v 23.442896182 156.456611902 114.389245180
v 23.368728808 156.439762418 114.385195184
v 23.291523209 156.425914389 114.381025368
v 22.881882736 156.702616160 114.190847200
v 22.866292298 156.559103747 114.274191615
v 23.061311962 156.406088497 114.368745449
v 22.987153703 156.406429244 114.364799136
v 22.910820013 156.410207907 114.360727761
v 22.832471765 156.417735318 114.356532409
v 22.752269835 156.429322311 114.352214164
v 22.670299727 156.445296324 114.347770113
v 22.399445975 156.846436805 114.158347200
v 22.333909377 156.717813989 114.241691615
v 22.453177096 156.508702517 114.335748773
v 22.380963113 156.537057476 114.331622691
v 22.308057991 156.569705620 114.327369473
v 22.234748385 156.606889799 114.322989330
v 22.168660828 156.644434589 114.318938854
v 22.104530663 156.684806052 114.314903571
v 21.999523417 157.152200688 114.125847200
v 21.815001534 156.926849988 114.294800804
v 21.892583265 157.055233280 114.209191615
v 21.764451313 156.982227225 114.290808882
v 21.715553156 157.040907951 114.286740618
v 21.668516908 157.102941447 114.282594612
v 21.920218796 156.825808847 114.302561227
v 21.866993977 156.874726956 114.298717785
v 21.383164966 157.754081196 114.244488726
v 21.734244425 157.580051903 114.093347200
v 21.599840223 157.527379472 114.176691615
v 21.542834879 157.305680288 114.269894099
v 21.507510326 157.376872690 114.265666116
v 21.475609014 157.449616225 114.261440353
v 21.447177381 157.523809868 114.257213271
v 21.422261869 157.599352595 114.252981333
v 21.400908917 157.676143379 114.248740997
v 21.638187756 158.074220621 114.060847200
v 21.493838911 158.072708948 114.144191615
v 21.369116192 157.832833146 114.240233173
v 21.358840488 157.911936231 114.235989517
v 21.352335479 157.991273954 114.231754493
v 21.349598026 158.070733633 114.227524636
v 21.350624990 158.150202586 114.223296480
v 21.355413233 158.229568130 114.219066558
v 21.363959613 158.308717582 114.214831405
v 21.723874269 158.570292619 114.028347200
v 21.588396457 158.620138748 114.111691615
v 21.392244949 158.465612009 114.206347373
v 21.411551845 158.541625952 114.202171793
v 21.433975659 158.615416168 114.198065026
v 21.459335362 158.686951501 114.194024535
v 21.487449928 158.756200794 114.190047784
v 21.518138327 158.823132889 114.186132239
v 21.551219531 158.887716628 114.182275364
v 21.586512514 158.949920855 114.178474622
v 21.980134841 159.003605582 113.995847200
v 21.871187411 159.098312139 114.079191615
v 21.623836246 159.009714413 114.174727478
v 21.670945527 159.078085034 114.170308551
v 21.718709757 159.140739520 114.166111686
v 21.764450265 159.195473486 114.162311577
v 21.820980312 159.257084386 114.157859048
v 21.877342523 159.312814346 114.153642190
v 21.930502516 159.360852634 114.149833907
v 22.373566255 159.317677753 113.963347200
v 22.305350357 159.444899865 114.046691615
v 22.058579772 159.461359132 114.141183290
v 22.117443000 159.501309764 114.137399575
v 22.188178218 159.544729138 114.132978105
v 22.256839335 159.582452472 114.128802235
v 22.320107847 159.613635484 114.125043612
v 22.395348175 159.646551109 114.120671374
v 22.852885256 159.471570249 113.930847200
v 22.834292741 159.614724685 114.014191615
v 22.620325547 159.720530735 114.108082313
v 22.700111516 159.738660350 114.103734563
v 22.775589754 159.752116232 114.099652698
v 22.857987515 159.762790211 114.095225804
v 22.936452461 159.769120708 114.091032015
v 23.007548134 159.771664653 114.087244537
v 23.355613263 159.445223390 113.898347200
v 23.389067639 159.585650165 113.981691615
v 23.239466138 159.759019908 114.074892559
v 23.320739766 159.746939678 114.070527404
v 23.396561886 159.731979566 114.066415116
v 23.470073779 159.713954937 114.062383929
v 23.546889240 159.691287510 114.058117686
v 23.620966705 159.665568593 114.053942479
v 23.816220358 159.242071455 113.865847200
v 23.897360894 159.361466128 113.949191615
v 23.826140731 159.572896341 114.041965457
v 23.888635820 159.537764903 114.038156780
v 23.959630878 159.493423313 114.033705968
v 24.025663921 159.447535739 114.029427781
v 24.084695079 159.402339143 114.025472452
v 24.141609520 159.354632433 114.021521709
v 24.174667032 158.888595024 113.833347200
v 24.292917167 158.971394660 113.916691615
v 24.298801788 159.197365534 114.009685888
v 24.346398610 159.140532285 114.005742380
v 24.391453340 159.081645881 114.001797904
v 24.433874228 159.020808869 113.997852115
v 24.473553738 158.958176825 113.993907769
v 24.510429429 158.893868082 113.989964294
v 24.384230244 158.430869270 113.800847200
v 24.524176234 158.466281050 113.884191615
v 24.603665765 158.691993674 113.978127978
v 24.628758353 158.622090153 113.974176874
v 24.650763208 158.551065942 113.970221084
v 24.669623547 158.479032244 113.966259499
v 24.685407623 158.405469394 113.962258775
v 24.698181752 158.329239479 113.958152429
v 24.417593713 157.928558127 113.768347200
v 24.560993787 157.911966172 113.851691615
v 24.715465062 158.086261712 113.945190753
v 24.713626112 158.009748035 113.941115142
v 24.708869293 157.939669080 113.937373583
v 24.701006689 157.868544969 113.933562550
v 24.689869367 157.796430995 113.929679736
v 24.675136334 157.722672719 113.925683557
v 24.270408557 157.447137173 113.735847200
v 24.398570709 157.380704223 113.819191615
v 24.606410463 157.492753130 113.912921578
v 24.577835259 157.422129401 113.908865527
v 24.546202653 157.353133862 113.904821906
v 24.511635861 157.285937398 113.900795676
v 24.469878583 157.213438036 113.896340934
v 24.424115077 157.142423809 113.891851620
v 23.961860160 157.049358978 113.703347200
v 23.922782414 156.660649962 113.854599369
v 24.281718519 156.961068706 113.879595707
v 24.058078629 156.941744477 113.786691615
v 24.231011878 156.907291131 113.875661262
v 24.176343741 156.854278010 113.871603761
v 24.117594680 156.802347760 113.867424202
v 24.054645271 156.751818801 113.863123582
v 23.987332998 156.702976939 113.858699756
v 23.532167391 156.787073391 113.670847200
v 23.583900227 156.652304745 113.754191615
v 23.861456557 156.624181132 113.850809646
v 23.797079181 156.589539389 113.846924420
v 23.729658770 156.557001667 113.842942381
v 23.659203805 156.526844898 113.838862219
v 23.585722771 156.499346014 113.834682623
v 23.509224149 156.474781947 113.830402285
v 23.429716674 156.453429687 113.826019906
v 23.037340119 156.694468984 113.638347200
v 23.037844018 156.550113103 113.721691615
v 23.271681691 156.422950517 113.817462154
v 23.201939496 156.414395174 113.813727387
v 23.130900582 156.408702289 113.809937607
v 23.058647558 156.406016309 113.806090515
v 22.985263035 156.406481679 113.802183817
v 22.910829624 156.410242846 113.798215213
v 22.835429934 156.417444256 113.794182408
v 22.541878410 156.783616616 113.605847200
v 22.182518572 156.636290981 113.757290231
v 22.491087689 156.648490094 113.689191615
v 22.608304781 156.460200306 113.781878092
v 22.534297884 156.481279554 113.777784376
v 22.461378808 156.505709467 113.773693142
v 22.389644445 156.533457807 113.769601250
v 22.319191689 156.564492333 113.765505560
v 22.250117434 156.598780804 113.761402934
v 22.110365027 157.042896014 113.573347200
v 21.718722533 157.036997640 113.724502682
v 22.014900189 156.934612410 113.656691615
v 22.116603544 156.676920272 113.753171152
v 22.052796208 156.720404373 113.749063306
v 21.991191922 156.766658370 113.744964921
v 21.931862293 156.815611430 113.740872790
v 21.874878931 156.867192720 113.736783706
v 21.820313444 156.921331407 113.732694465
v 21.768237442 156.977956658 113.728601858
v 21.799047157 157.438510459 113.540847200
v 21.671351913 157.371184395 113.624191615
v 21.671847867 157.098373319 113.720394363
v 21.628280563 157.161137277 113.716327315
v 21.588341109 157.224590929 113.712334024
v 21.551922539 157.288570916 113.708413221
v 21.518917884 157.352913877 113.704563637
v 21.489220176 157.417456452 113.700784004
v 21.457797488 157.494941021 113.696338991
v 21.648504663 157.918892144 113.508347200
v 21.505223915 157.901299480 113.591691615
v 21.410720014 157.639153065 113.688276183
v 21.393248879 157.707646361 113.684516644
v 21.376469737 157.788658032 113.680110211
v 21.364289842 157.865976105 113.675938867
v 21.356409293 157.936181354 113.672174850
v 21.350961031 158.018495826 113.667783042
v 21.349530663 158.096299844 113.663645118
v 21.678360554 158.421423965 113.475847200
v 21.538170755 158.455857882 113.559191615
v 21.358077812 158.258238849 113.655030711
v 21.368564024 158.341392273 113.650576669
v 21.382145183 158.418826001 113.646390505
v 21.397486692 158.488020966 113.642613074
v 21.419064788 158.567833814 113.638206433
v 21.442983280 158.641996620 113.634056350
v 21.472501083 158.720391223 113.629600564
v 21.503685590 158.792485529 113.625427812
v 21.884723156 158.880601579 113.443347200
v 21.765897857 158.962573663 113.526691615
v 21.540634675 158.867768535 113.620976230
v 21.578271417 158.936001995 113.616837601
v 21.621775802 159.006676541 113.612420872
v 21.666200630 159.071621265 113.608229136
v 21.709012021 159.128562151 113.604433726
v 21.762211124 159.192905947 113.599987913
v 22.240693384 159.236571807 113.410847200
v 22.158721300 159.355397106 113.494191615
v 21.927490443 159.358241229 113.587552596
v 21.987958589 159.408458365 113.583377404
v 22.044204228 159.451114819 113.579623129
v 22.112545631 159.498176178 113.575205112
v 22.179868139 159.539883321 113.570987295
v 22.242794865 159.575047027 113.567149143
v 22.699870998 159.442934409 113.378347200
v 22.665437081 159.583124208 113.461691615
v 22.456452682 159.670146274 113.554703446
v 22.524823246 159.693421866 113.550865828
v 22.592729637 159.713365806 113.547103584
v 22.673951669 159.733202313 113.542655438
v 22.753650829 159.748559120 113.538337341
v 22.827992252 159.759330700 113.534341239
v 23.202402819 159.472790300 113.345847200
v 23.219995483 159.616071047 113.429191615
v 23.052776297 159.771679461 113.522357803
v 23.127834975 159.769115621 113.518362506
v 23.202731019 159.763199353 113.514365577
v 23.277387417 159.753915268 113.510363310
v 23.352570539 159.741097176 113.506308743
v 23.428384052 159.724580489 113.502185079
v 23.682784504 159.322247806 113.313347200
v 24.076290174 159.409010661 113.463559804
v 23.750110568 159.449943050 113.396691615
v 23.657410624 159.651513097 113.489388875
v 23.733549384 159.618876269 113.484978194
v 23.801680585 159.585777840 113.480944990
v 23.874659470 159.545947800 113.476520115
v 23.945504699 159.502610592 113.472106345
v 24.011096444 159.458021310 113.467893703
v 24.078398949 159.010929936 113.280847200
v 24.186682553 159.106394774 113.364191615
v 24.140703536 159.355451289 113.459104375
v 24.197692336 159.303253436 113.454990356
v 24.247946643 159.252960217 113.451203221
v 24.297009120 159.199456137 113.447335866
v 24.344676571 159.142673514 113.443388146
v 24.391062717 159.082110042 113.439332251
v 24.436623868 159.016558451 113.435094251
v 24.337678347 158.579416553 113.248347200
v 24.472804869 158.630207274 113.331691615
v 24.518899673 158.878104183 113.426535877
v 24.551445932 158.813546249 113.422688347
v 24.582015182 158.745685113 113.418723409
v 24.610286363 158.674523649 113.414642118
v 24.635938412 158.600064733 113.410445526
v 24.658670951 158.522233908 113.406130585
v 24.426825979 158.083954844 113.215847200
v 24.571181860 158.083450945 113.299191615
v 24.703579019 158.288285479 113.393469794
v 24.710945699 158.212064690 113.389396611
v 24.714894443 158.133202719 113.385191691
v 24.715071253 158.051843268 113.380855733
v 24.711122130 157.968130038 113.376389440
v 24.703747692 157.890894476 113.372258922
v 24.334221572 157.589127572 113.183347200
v 24.468990218 157.537394736 113.266691615
v 24.663756780 157.674947319 113.360581550
v 24.643282528 157.601229110 113.356513705
v 24.618924449 157.526973204 113.352355186
v 24.590495430 157.452377729 113.348104202
v 24.557808360 157.377640811 113.343758967
v 24.520676127 157.302960580 113.339317692
v 24.071935985 157.159434802 113.150847200
v 24.179550486 157.063216334 113.234191615
v 24.394420892 157.100153735 113.326599149
v 24.349602351 157.041164462 113.322658007
v 24.302231199 156.984217179 113.318717278
v 24.252360252 156.929382918 113.314773993
v 24.200042327 156.876732707 113.310825180
v 24.145330238 156.826337577 113.306867868
v 23.674157790 156.850886406 113.118347200
v 23.740590740 156.722724253 113.201691615
v 23.968102751 156.689928709 113.294962704
v 23.905393494 156.649950176 113.291006286
v 23.841048993 156.612823927 113.287054188
v 23.775153117 156.578592829 113.283103712
v 23.707789733 156.547299748 113.279152158
v 23.639042711 156.518987549 113.275196826
v 23.192736836 156.703701250 113.085847200
v 23.209328790 156.560301176 113.169191615
v 22.910288081 156.410324825 113.235682184
v 23.425592187 156.452431250 113.263294790
v 23.352906876 156.436640665 113.259337686
v 23.279765206 156.424106646 113.255389723
v 23.206255081 156.414830329 113.251447906
v 23.132464403 156.408812852 113.247509240
v 23.058481074 156.406055351 113.243570727
v 22.984392999 156.406558963 113.239629374
v 22.690425693 156.737064719 113.053347200
v 22.655013913 156.597118729 113.136691615
v 22.836266073 156.417352763 113.231726757
v 22.763470982 156.427487509 113.227814185
v 22.692636806 156.440492659 113.223977974
v 22.623797571 156.456184312 113.220217016
v 22.543871726 156.478301551 113.215801638
v 22.469039786 156.502951600 113.211610395
v 22.402308702 156.528290046 113.207816410
v 22.325539641 156.561553112 113.203371775
v 22.232699939 156.946627931 113.020847200
v 22.149900303 156.828377796 113.104191615
v 22.254445323 156.596513026 113.199162496
v 22.191767579 156.630876912 113.195360176
v 22.120498874 156.674329505 113.190913347
v 22.055267037 156.718568722 113.186712225
v 21.998351376 156.761004842 113.182929479
v 21.934386057 156.813424520 113.178527078
v 21.879223507 157.305074604 112.988347200
v 21.759828835 157.223934069 113.071691615
v 21.764941540 156.981711135 113.165832568
v 21.712075715 157.045281653 113.161438058
v 21.665370834 157.107217167 113.157306967
v 21.618189361 157.176484812 113.152840103
v 21.576878999 157.243969528 113.148623746
v 21.542448318 157.306331216 113.144830945
v 21.676071572 157.765681700 112.955847200
v 21.535644798 157.732227324 113.039191615
v 21.445051870 157.529838194 113.131867778
v 21.420979846 157.603492668 113.127751223
v 21.399012208 157.683430995 113.123338490
v 21.381826708 157.760308518 113.119142061
v 21.369384605 157.830637627 113.115337420
v 21.358614363 157.913756779 113.110874961
v 21.649724714 158.268409707 112.923347200
v 21.506570278 158.287002222 113.006691615
v 21.428392069 158.598094601 113.074031774
v 21.349680993 158.064850714 113.102825097
v 21.350570930 158.148865705 113.098362071
v 21.355237794 158.227973049 113.094151696
v 21.362625296 158.298930268 113.090356621
v 21.372860478 158.368527601 113.086611971
v 21.388749694 158.450337994 113.082174946
v 21.407781641 158.527968809 113.077920501
v 21.803617210 158.747728708 112.890847200
v 21.707545667 159.126530209 113.042080004
v 21.621123467 159.005605720 113.049988683
v 21.676395098 158.815944606 112.974191615
v 21.663005277 159.067019996 113.046034183
v 21.451722529 158.666445757 113.070191022
v 21.477623713 158.732937025 113.066397603
v 21.505946312 158.797483149 113.062650879
v 21.542919474 158.872250871 113.058215548
v 21.581991748 158.942400802 113.053943508
v 22.117689380 159.141160121 112.858347200
v 22.022982824 159.250107552 112.941691615
v 21.754653127 159.184022941 113.038126143
v 21.804236148 159.239384771 113.034172594
v 21.856203220 159.292502280 113.030219355
v 21.910120993 159.342959701 113.026289632
v 21.964656687 159.389723046 113.022463541
v 22.030446820 159.441041821 113.018019427
v 22.094380665 159.486128315 113.013855452
v 22.393050130 159.645388960 112.995961261
v 22.468488211 159.674414465 112.991625068
v 22.077498621 156.703264094 111.500758071
v 21.718358925 157.037610763 111.474540238
v 21.668714393 157.103006887 111.470215011
v 21.441864509 157.539429867 111.443916360
v 21.470711908 157.462290685 111.448353208
v 21.416816802 157.617884235 111.439482596
v 21.357378741 157.926020279 111.422729838
v 21.351802090 158.001873834 111.418715509
v 21.349677998 158.079462067 111.414633006
v 21.350942449 158.152203372 111.410812656
v 21.390038999 158.454975402 111.394561346
v 21.375708780 158.383034976 111.398493099
v 21.407819808 158.527489449 111.390551106
v 21.429205590 158.600402780 111.386467783
v 21.454350726 158.673541060 111.382316776
v 21.483409599 158.746729952 111.378103488
v 21.516536591 158.819795122 111.373833320
v 21.553886084 158.892562234 111.369511674
v 21.595160066 158.964105486 111.365170722
v 21.639870807 159.033485715 111.360832035
v 21.687942614 159.100608878 111.356481172
v 21.739299655 159.165380885 111.352103751
v 21.793805207 159.227637408 111.347699367
v 21.851296865 159.287193840 111.343277020
v 21.911639155 159.343900263 111.338840899
v 21.974696597 159.397606759 111.334395189
v 22.040333715 159.448163410 111.329944077
v 22.108413144 159.495418779 111.325492302
v 22.178694649 159.539168013 111.321068939
v 22.250955001 159.579306397 111.316681364
v 22.325020351 159.615784474 111.312319534
v 22.400716853 159.648552786 111.307973408
v 22.470226779 159.674878289 111.304059641
v 22.756848680 159.455765827 112.812150963
v 22.728295978 159.597371447 112.895552419
v 22.544977445 159.699674917 112.987304033
v 22.620605663 159.720695186 112.983099244
v 22.694042410 159.737484669 112.979075927
v 22.772456052 159.751605260 112.974841014
v 22.855110649 159.762357981 112.970437823
v 22.938653923 159.769011030 112.966020429
v 23.184924190 159.474311410 112.784525963
v 23.200717057 159.617838220 112.867927419
v 23.022430865 159.771505769 112.961603822
v 23.106232836 159.769856282 112.957181479
v 23.189851199 159.764076649 112.952746881
v 23.273077315 159.754180954 112.948293505
v 23.355690550 159.740185947 112.943815207
v 23.437420694 159.722133085 112.939315240
v 23.598759228 159.363115490 112.756900963
v 23.657422452 159.495123196 112.840302419
v 23.518094783 159.700064635 112.934806692
v 23.597557374 159.674020730 112.930303115
v 23.667868176 159.647227804 112.926270262
v 23.742225780 159.614821584 112.921957806
v 23.812828236 159.579928059 112.917796049
v 23.876656459 159.544682529 112.913955414
v 23.938922878 159.506663867 112.910114614
v 23.958636929 159.130519694 112.729275963
v 24.054580916 159.238432136 112.812677419
v 23.999483081 159.465983896 112.906265367
v 24.058228325 159.422733153 112.902406411
v 24.115063317 159.376991756 112.898537121
v 24.169892762 159.328839822 112.894656872
v 24.222621368 159.278357470 112.890765039
v 24.273153841 159.225624816 112.886860997
v 24.321394889 159.170721980 112.882944120
v 24.231746372 158.800332467 112.701650963
v 24.355982549 158.874039867 112.785052419
v 24.367249217 159.113729078 112.879013784
v 24.410592400 159.054764992 112.875078245
v 24.451219584 158.994094216 112.871175116
v 24.489079387 158.931829843 112.867301864
v 24.524139439 158.868062628 112.863450527
v 24.556367371 158.802883322 112.859613146
v 24.585730812 158.736382679 112.855781761
v 24.390622577 158.402374374 112.674025963
v 24.531317195 158.434856156 112.757427419
v 24.612197392 158.668651451 112.851948414
v 24.635734740 158.599780391 112.848105143
v 24.656310487 158.529860251 112.844243990
v 24.674102593 158.458067695 112.840308451
v 24.689427595 158.381881719 112.836157339
v 24.701740046 158.301372789 112.831792852
v 24.709754337 158.225423202 112.827692113
v 24.422278382 157.975047662 112.646400963
v 24.566252316 157.963261445 112.729802419
v 24.714111204 158.154395270 112.823868928
v 24.715434862 158.080971147 112.819926690
v 24.713409478 158.005282377 112.815871656
v 24.707719219 157.927460504 112.811710088
v 24.698126551 157.848187088 112.807476411
v 24.684735203 157.769340272 112.803257599
v 24.667611419 157.691217192 112.799050067
v 24.321546478 157.558557407 112.618775963
v 24.455085306 157.503625771 112.702177419
v 24.646810009 157.613989972 112.794843504
v 24.622394566 157.537855584 112.790625842
v 24.594463661 157.463075994 112.786386100
v 24.563090437 157.389796802 112.782128957
v 24.528344147 157.318150310 112.777860408
v 24.490294041 157.248268822 112.773586452
v 24.100061145 157.191738332 112.591150963
v 24.210655671 157.098806856 112.674552419
v 24.449009369 157.180284641 112.769313084
v 24.404559382 157.114330072 112.765046303
v 24.357013330 157.050537418 112.760792105
v 24.306441557 156.989041062 112.756556434
v 24.252976899 156.930051769 112.752340322
v 24.196782084 156.873715605 112.748138171
v 24.138004740 156.820128879 112.743944242
v 23.776882469 156.910371721 112.563525963
v 23.853997991 156.788292672 112.646927419
v 24.076792497 156.769387901 112.739752799
v 24.013292982 156.721588983 112.735558103
v 23.947653825 156.676828435 112.731354416
v 23.880022654 156.635202566 112.727136002
v 23.810547097 156.596807687 112.722897122
v 23.739371939 156.561734452 112.718635164
v 23.666644729 156.530055977 112.714360758
v 23.383972191 156.739395468 112.535900963
v 23.420385011 156.599604499 112.619302419
v 23.592518211 156.501842694 112.710088015
v 23.517145134 156.477165038 112.705831049
v 23.441114209 156.456200722 112.701622033
v 23.365610845 156.439147162 112.697507856
v 23.290819502 156.425838026 112.693484704
v 23.216879755 156.416093518 112.689546717
v 22.957579597 156.696959419 112.508275963
v 22.949821186 156.552772377 112.591677419
v 23.143931182 156.409733838 112.685688030
v 23.072113360 156.406579189 112.681902783
v 23.001565867 156.406449773 112.678185113
v 22.918782231 156.410034624 112.673804855
v 22.840488693 156.417151365 112.669622687
v 22.769175440 156.426832332 112.665771643
v 22.698349502 156.439535172 112.661909906
v 22.538202499 156.784904627 112.480650963
v 22.486999613 156.649828082 112.564052419
v 22.628113656 156.455255851 112.658040584
v 22.558570679 156.473990336 112.654166784
v 22.489871553 156.495718739 112.650298710
v 22.422309292 156.520349055 112.646464039
v 22.355986869 156.547819111 112.642658070
v 22.290984850 156.578072499 112.638872586
v 22.227383806 156.611052807 112.635099370
v 22.165907390 156.997055150 112.453025963
v 22.076137386 156.883955886 112.536427419
v 22.045792205 156.725791152 112.623771162
v 21.988600745 156.769115040 112.619964850
v 21.933221626 156.814876528 112.616131799
v 21.879808554 156.862952251 112.612284186
v 21.828475084 156.913245019 112.608428900
v 21.779321821 156.965667985 112.604570070
v 22.165264304 156.646703626 112.631330205
v 22.104706915 156.684968544 112.627556875
v 21.874786936 157.311475844 112.425400963
v 21.754858931 157.230948320 112.508802419
v 21.732449374 157.020134297 112.600711824
v 21.688629370 157.075642017 112.596918734
v 21.641206579 157.141643678 112.592569370
v 21.600207711 157.204762058 112.588555798
v 21.560156320 157.273208211 112.584345798
v 21.522921848 157.344528408 112.580096617
v 21.693942416 157.699943025 112.397775963
v 21.555280208 157.659657930 112.481177419
v 21.489115088 157.417745827 112.575857956
v 21.459299733 157.491403722 112.571693140
v 21.431504363 157.570867105 112.567267822
v 21.409573369 157.644344356 112.563193771
v 21.389708098 157.724449503 112.558779861
v 21.374172952 157.803082794 112.554474980
v 21.363130350 157.876430359 112.550483952
v 21.638483371 158.124838051 112.370150963
v 21.494076002 158.128569050 112.453552419
v 21.355323882 157.950167339 112.546495300
v 21.350775821 158.024168263 112.542516050
v 21.349508444 158.098307659 112.538553224
v 21.351522582 158.171983301 112.534632872
v 21.356690031 158.244274124 112.530788706
v 21.364834608 158.315082549 112.527017827
v 21.378289730 158.397978681 112.522584581
v 21.715809477 158.546302360 112.342525963
v 21.579412541 158.593694053 112.425927419
v 21.394944354 158.476256414 112.518366031
v 21.413263091 158.546600514 112.514534691
v 21.434140203 158.614783791 112.510770673
v 21.462257158 158.693603781 112.506336505
v 21.492484142 158.767002994 112.502101584
v 21.523276068 158.833144709 112.498184411
v 21.556862529 158.897823747 112.494258858
v 21.916472689 158.924912669 112.314900963
v 21.800863031 159.011525690 112.398302419
v 21.593193506 158.960944495 112.490334308
v 21.632218979 159.022411336 112.486420144
v 21.673888927 159.082128654 112.482525751
v 21.718127460 159.139959916 112.478656730
v 21.764800549 159.195729338 112.474806274
v 21.813808601 159.249362939 112.470969086
v 21.865053911 159.300790614 112.467140080
v 22.223441044 159.223880761 112.287275963
v 22.139631116 159.341464744 112.370677419
v 21.918438773 159.349942262 112.463314170
v 21.973865483 159.396747777 112.459486269
v 22.031236337 159.441137058 112.455651290
v 22.090453628 159.483040000 112.451804148
v 22.151419654 159.522386502 112.447939757
v 22.214017046 159.559094931 112.444055931
v 22.278091574 159.593063934 112.440161683
v 22.606194632 159.416523387 112.259650963
v 22.562035246 159.554063770 112.343052419
v 22.343559298 159.624235515 112.436262189
v 22.410341870 159.652555037 112.432362042
v 22.478352694 159.677964480 112.428467132
v 22.547354973 159.700361313 112.424601676
v 22.617181572 159.719711618 112.420766453
v 22.687717087 159.736008095 112.416952411
v 22.758846114 159.749243445 112.413150498
v 23.029553563 159.482695177 112.232025963
v 23.029251142 159.627090486 112.315427419
v 22.830418396 159.759406162 112.409348126
v 22.902244256 159.766487867 112.405533914
v 22.974211333 159.770496465 112.401708937
v 23.046210145 159.771440330 112.397874638
v 23.118131209 159.769327836 112.394032465
v 23.189865040 159.764167359 112.390183862
v 23.261302156 159.755967272 112.386330276
v 23.453185959 159.418297324 112.204400963
v 23.496768832 159.556021475 112.287802419
v 23.332333074 159.744735951 112.382473152
v 23.402848309 159.730481770 112.378613936
v 23.471685639 159.713500730 112.374813602
v 23.549904434 159.690386377 112.370452065
v 23.621324507 159.665561211 112.366423464
v 23.695349422 159.635878810 112.362193145
v 23.768990838 159.602122532 112.357917834
v 23.836743127 159.227259658 112.176775963
v 23.920059786 159.345193670 112.260177419
v 23.841165162 159.564677694 112.353646186
v 23.910525953 159.524336941 112.349440334
v 23.981980313 159.477992377 112.344958587
v 24.045365774 159.432483145 112.340805835
v 24.100433556 159.389177304 112.337055303
v 24.153627426 159.343661986 112.333293854
v 24.204866678 159.296008637 112.329527834
v 24.144961099 158.929580011 112.149150963
v 24.260206941 159.016676535 112.232552419
v 24.254070609 159.246288705 112.325763589
v 24.301158515 159.194573636 112.322007467
v 24.346049690 159.140934877 112.318265812
v 24.391800098 159.081159472 112.314259599
v 24.437363172 159.015483082 112.310018579
v 24.478983615 158.948941530 112.305865826
v 24.516775308 158.881766156 112.301796720
v 24.347208465 158.551813557 112.121525963
v 24.483405691 158.599776172 112.204927419
v 24.550852133 158.814188297 112.297806639
v 24.581327972 158.746439293 112.293890960
v 24.608316705 158.678750481 112.290045063
v 24.631932214 158.611353201 112.286264325
v 24.655981036 158.531177790 112.281806475
v 24.675315149 158.453161904 112.277495270
v 24.689865063 158.380274871 112.273493542
v 24.426299314 158.130676848 112.093900963
v 24.570689788 158.135012704 112.177302419
v 24.701174034 158.306856548 112.269490838
v 24.709224695 158.232998306 112.265495454
v 24.713969044 158.159439720 112.261548825
v 24.715463080 158.087185664 112.257697972
v 24.713882258 158.016315444 112.253937421
v 24.708174372 157.933199579 112.249535714
v 24.698914612 157.854539033 112.245364193
v 24.372620548 157.705553242 112.066275963
v 24.579281881 157.426241914 112.221701269
v 24.511450285 157.665849325 112.149677419
v 24.549744465 157.360969231 112.217848998
v 24.687323652 157.783676405 112.241587511
v 24.673059343 157.714802621 112.237885792
v 24.652725649 157.634907511 112.233532297
v 24.629929144 157.560231632 112.229380158
v 24.606019418 157.492696059 112.225546682
v 24.193404815 157.316331953 112.038650963
v 24.313669080 157.236307488 112.122052419
v 24.517435104 157.296978042 112.213994949
v 24.482381731 157.234368377 112.210144204
v 24.444612281 157.173240270 112.206301841
v 24.404154985 157.113694073 112.202472964
v 24.361118317 157.055901958 112.198664895
v 24.315637567 157.000014209 112.194873669
v 24.267805188 156.946123998 112.191089216
v 23.903603946 157.000694587 112.011025963
v 23.993846909 156.887972342 112.094427419
v 24.217713632 156.894324498 112.187301465
v 24.165460635 156.844712935 112.183499805
v 24.111164416 156.797390762 112.179677891
v 24.054927779 156.752432677 112.175839228
v 23.996851247 156.709910870 112.171987972
v 23.937035341 156.669897532 112.168128276
v 23.875580582 156.632464854 112.164264296
v 23.532200762 156.786986456 111.983400963
v 23.583969005 156.652125573 112.066802419
v 23.812587493 156.597685028 112.160400187
v 23.748156594 156.565630243 112.156540105
v 23.682388407 156.536372693 112.152688204
v 23.615354411 156.509973368 112.148847324
v 23.546701629 156.486339699 112.144997706
v 23.476387815 156.465521695 112.141126026
v 23.404530187 156.447633773 112.137225204
v 23.113195756 156.697285310 111.955775963
v 23.121558069 156.553132029 112.039177419
v 23.331245963 156.432790347 112.133288159
v 23.256652359 156.421105832 112.129307810
v 23.180866592 156.412694643 112.125277075
v 23.104005881 156.407671194 112.121188875
v 23.026187442 156.406149901 112.117036128
v 22.947604584 156.408241950 112.112817114
v 22.869050706 156.413993656 112.108577091
v 22.686629118 156.737934954 111.928150963
v 22.650802170 156.597992686 112.011552419
v 22.790849155 156.423399297 112.104336811
v 22.713175187 156.436452688 112.100107396
v 22.636327970 156.453116544 112.095905895
v 22.562651032 156.472709533 112.091846334
v 22.492992248 156.494619122 112.087969503
v 22.422295659 156.520369482 112.083988831
v 22.351259540 156.549983403 112.079931648
v 22.293005996 156.907264008 111.900525963
v 22.216402502 156.784863022 111.983927419
v 22.285773224 156.580780360 112.076127142
v 22.214557449 156.618302408 112.071897330
v 22.146728557 156.658186195 112.067743102
v 22.079758085 156.701856236 112.063485360
v 22.016790475 156.747220226 112.059331565
v 21.960443359 156.791725532 112.055476764
v 21.906057479 156.838578358 112.051618016
v 21.968651683 157.187274311 111.872900963
v 21.858447395 157.093880395 111.956302419
v 21.853710996 156.887722332 112.047759618
v 21.803482075 156.939101080 112.043905867
v 21.755448878 156.992658232 112.040061061
v 21.709689569 157.048337413 112.036229495
v 21.666282496 157.106081965 112.032415455
v 21.625392576 157.165684951 112.028614152
v 21.587140571 157.226943366 112.024814274
v 21.745632176 157.553161986 111.845275963
v 21.612324659 157.497671422 111.928677419
v 21.551561724 157.289770876 112.021008595
v 21.518691278 157.354081148 112.017189889
v 21.488357488 157.420259202 112.013324003
v 21.459902054 157.490206119 112.009296304
v 21.433683016 157.564040030 112.005102000
v 21.410168914 157.641654265 112.000749541
v 21.389828289 157.722942153 111.996247378
v 21.643156163 157.969227074 111.817650963
v 21.499232863 157.956837885 111.901052419
v 21.374622301 157.799154064 111.992074421
v 21.363741496 157.870150829 111.988226028
v 21.355775892 157.943368215 111.984294441
v 21.350974531 158.018748513 111.980284200
v 21.349583496 158.095124649 111.976248057
v 21.351665162 158.171414314 111.972224753
v 21.673020192 158.396684242 111.790025963
v 21.532190591 158.428576566 111.873427419
v 21.357200565 158.247497324 111.968206496
v 21.366170744 158.323253494 111.964185498
v 21.378556738 158.398562641 111.960153968
v 21.394339584 158.473304581 111.956104115
v 21.413500321 158.547359130 111.952028151
v 21.436013363 158.620585573 111.947922373
v 21.461814639 158.692740213 111.943806360
v 21.830229567 158.795302734 111.762400963
v 21.705685736 158.868489091 111.845802419
v 21.490855997 158.763652755 111.939689161
v 21.523093607 158.833167842 111.935577115
v 21.558461862 158.901091185 111.931478943
v 21.596319457 158.966332251 111.927458266
v 21.636213126 159.028477522 111.923537563
v 21.677910283 159.087559652 111.919712068
v 21.721178338 159.143611293 111.915977016
v 22.101959216 159.126625068 111.734775963
v 22.005564638 159.234134054 111.818177419
v 21.774846108 159.206918991 111.911607630
v 21.828476569 159.264370375 111.907471011
v 21.879098315 159.314022146 111.903731229
v 21.940644987 159.369165538 111.899349590
v 22.002319152 159.419332053 111.895100925
v 22.063968320 159.464932514 111.890985765
v 22.130147756 159.509303713 111.886701030
v 22.460853785 159.360732263 111.707150963
v 22.401638124 159.492493084 111.790552419
v 22.200892659 159.551940036 111.882259343
v 22.268495638 159.588411519 111.878138066
v 22.332545718 159.619379561 111.874336568
v 22.399653784 159.648310355 111.870454541
v 22.469500106 159.674811586 111.866511612
v 22.540601819 159.698197977 111.862565130
v 22.612656030 159.718386825 111.858618712
v 22.874198210 159.473683033 111.679525963
v 22.857802082 159.617144748 111.762927419
v 22.685515856 159.735361068 111.854669580
v 22.759034417 159.749103642 111.850714956
v 22.833064835 159.759597482 111.846752064
v 22.907460228 159.766825526 111.842778125
v 22.982073716 159.770770710 111.838790361
v 23.056758626 159.771415973 111.834785995
v 23.131390717 159.768748371 111.830765531
v 23.302368855 159.456908363 111.651900963
v 23.330328152 159.598632342 111.735302419
v 23.353612416 159.740875590 111.818729060
v 23.426608035 159.724985705 111.814767036
v 23.498761399 159.705860265 111.810830448
v 23.569979365 159.683536845 111.806906154
v 23.640170796 159.658052424 111.802981016
v 23.205840060 159.762767655 111.826740245
v 23.279962134 159.753476002 111.822723601
v 23.704830429 159.309815968 111.624275963
v 23.774481873 159.436302224 111.707677419
v 23.709244556 159.629443980 111.799041894
v 23.777213480 159.597697880 111.795069997
v 23.845247986 159.562145608 111.790985242
v 23.913423197 159.522458212 111.786770558
v 23.981384918 159.478493041 111.782432615
v 24.048778954 159.430107448 111.777978087
v 24.044309593 159.048348213 111.596650963
v 24.149128657 159.147748275 111.680052419
v 24.108655473 159.382663053 111.773874845
v 24.165894643 159.332906064 111.769805786
v 24.220396045 159.281010730 111.765778690
v 24.277747297 159.220951386 111.761354513
v 24.331167942 159.159174652 111.757030334
v 24.377870882 159.099746442 111.753047203
v 24.421853363 159.038278762 111.749072863
v 24.287405757 158.695480328 111.569025963
v 24.417407849 158.758325795 111.652427419
v 24.463051817 158.974870513 111.745096397
v 24.501402680 158.909620600 111.741106886
v 24.536842385 158.842627927 111.737093412
v 24.569657906 158.773229987 111.733002841
v 24.602525854 158.694333594 111.728436499
v 24.628560410 158.622341177 111.724337217
v 24.651237113 158.549381050 111.720239147
v 24.412947368 158.285784349 111.541400963
v 24.555954675 158.306188235 111.624802419
v 24.671706718 158.470495262 111.715865205
v 24.687571937 158.394538272 111.711704810
v 24.699271707 158.322240295 111.707788237
v 24.708081279 158.246283948 111.703716529
v 24.713567374 158.166777028 111.699499215
v 24.715279244 158.085912577 111.695236858
v 24.406991219 157.857326632 111.513775963
v 24.549381511 157.833345355 111.597177419
v 24.713115085 158.005056550 111.690978044
v 24.707095135 157.924395247 111.686714661
v 24.697239793 157.844116048 111.682438510
v 24.683582400 157.764463577 111.678139567
v 24.666161572 157.685628706 111.673820089
v 24.645011727 157.607757691 111.669487327
v 24.620167286 157.530996785 111.665148533
v 24.272278443 157.450554016 111.486150963
v 24.400713453 157.384433999 111.569552419
v 24.591662667 157.455492245 111.660810959
v 24.559532291 157.381390325 111.656481856
v 24.523810577 157.308837280 111.652168476
v 24.484531983 157.237979432 111.647878065
v 24.441821472 157.169083929 111.643605252
v 24.395858928 157.102390220 111.639336958
v 24.019467354 157.104579938 111.458525963
v 24.121712939 157.002619474 111.541927419
v 24.346771056 157.038019628 111.635067492
v 24.294684623 156.976093546 111.630791142
v 24.239744616 156.916754904 111.626496417
v 24.182082187 156.860133694 111.622181030
v 24.121809367 156.806338744 111.617850814
v 24.059038182 156.755478888 111.613511599
v 23.674200644 156.850803733 111.430900963
v 23.740679061 156.722553865 111.514302419
v 23.993880661 156.707662957 111.609169217
v 23.926448834 156.662999782 111.604829500
v 23.856854728 156.621598194 111.600498277
v 23.785210371 156.583567026 111.596181382
v 23.711725388 156.549041890 111.591888943
v 23.636677686 156.518136158 111.587619480
v 23.560185712 156.490889592 111.583353837
v 23.267805960 156.714955558 111.403275963
v 23.292184788 156.572632789 111.486677419
v 23.482365340 156.467341018 111.579072666
v 23.403380279 156.447540089 111.574761871
v 23.323496360 156.431547990 111.570427153
v 23.242901529 156.419397509 111.566073636
v 23.161779341 156.411120216 111.561706131
v 23.080313347 156.406747677 111.557329448
v 22.839366389 156.707802956 111.375650963
v 22.819361933 156.564739228 111.459052419
v 22.998687100 156.406311460 111.552948396
v 22.917084154 156.409843133 111.548567786
v 22.835688060 156.417374263 111.544192428
v 22.754714813 156.428920863 111.539833968
v 22.674437560 156.444423670 111.535509060
v 22.595029382 156.463820133 111.531205737
v 22.516656424 156.487049394 111.526910330
v 22.429320839 156.832200038 111.348025963
v 22.366838589 156.702022960 111.431427419
v 22.439484831 156.514050596 111.522609172
v 22.363680750 156.544762881 111.518288593
v 22.289409604 156.579124214 111.513937346
v 22.216839397 156.617055644 111.509559471
v 22.146144269 156.658466056 111.505163556
v 22.075776069 157.074309816 111.320400963
v 21.976669104 156.969213584 111.403802419
v 22.011076854 156.751358401 111.496351484
v 21.947053369 156.802657619 111.491952265
v 21.885602569 156.857070391 111.487568883
v 21.826903715 156.914488577 111.483208761
v 21.771121449 156.974721230 111.478868694
v 21.687072503 157.343052912 111.376177419
v 21.622286103 157.170759318 111.465884630
v 21.579172306 157.240717767 111.461540714
v 21.539471252 157.312731947 111.457174880
v 21.503281190 157.386651573 111.452778745
v 21.523500275 157.786751793 111.348552419
v 21.395646490 157.697469123 111.435066267
v 21.378730958 157.776339031 111.430760049
v 21.366117208 157.852597417 111.426648024
v 21.503659319 158.259225079 111.320927419
v 21.355979721 158.232594559 111.406573487
v 21.364674769 158.311842504 111.402340964
v 22.781152823 159.606923524 113.058907189
v 22.804734128 159.464480406 113.142266091
v 23.322918639 159.599925993 113.027219689
v 23.295666179 159.458139452 113.110578591
v 23.828674979 159.405581740 112.995532189
v 23.753967516 159.282030477 113.078891091
v 24.235718153 159.047985574 112.963844689
v 24.122817921 158.957987478 113.047203591
v 24.493582934 158.571472280 112.932157189
v 24.356487307 158.526185320 113.015516091
v 24.570299235 158.035119995 112.900469689
v 24.426005335 158.040158849 112.983828591
v 24.456355767 157.505425696 112.868782189
v 24.322753157 157.560165647 112.952141091
v 24.165879245 157.048060903 112.837094689
v 24.059531981 157.145715289 112.920453591
v 23.734882959 156.719729719 112.805407189
v 23.668975981 156.848191347 112.888766091
v 23.216801846 156.561138658 112.773719689
v 23.199506302 156.704480849 112.857078591
v 22.675867622 156.591949846 112.742032189
v 22.709327814 156.732401030 112.825391091
v 22.179145333 156.808343309 112.710344689
v 22.259212865 156.928490344 112.793703591
v 21.788218626 157.183490579 112.678657189
v 21.904966723 157.268437630 112.762016091
v 21.551554611 157.670880883 112.646969689
v 21.690508839 157.710096211 112.730328591
v 21.498494900 158.210087551 112.615282189
v 21.642427709 158.198709239 112.698641091
v 21.635617839 158.734259721 112.583594689
v 21.766684434 158.673698452 112.666953591
v 21.945922920 159.178410507 112.551907189
v 22.047873659 159.076174670 112.635266091
v 22.390938508 159.487474077 112.520219689
v 22.451133535 159.356238875 112.603578591
v 22.915491554 159.623132719 112.488532189
v 22.926467886 159.479168696 112.571891091
v 23.454547949 159.568567468 112.456844689
v 23.414944741 159.429723290 112.540203591
v 23.941275462 159.330543326 112.425157189
v 23.856002721 159.214032901 112.508516091
v 24.315329598 158.938570536 112.393469689
v 24.194959441 158.858838829 112.476828591
v 24.530335109 158.441245900 112.361782189
v 24.389791034 158.408178051 112.445141091
v 24.559635605 157.900227744 112.330094689
v 24.416342271 157.917923507 112.413453591
v 24.399598409 157.382591520 112.298407189
v 24.271321329 157.448856974 112.381766091
v 24.070064939 156.952513788 112.266719689
v 23.972707910 157.059133338 112.350078591
v 23.611890766 156.663315600 112.235032189
v 23.557524117 156.797070552 112.318391091
v 23.081880343 156.550851760 112.203344689
v 23.077244452 156.695159168 112.286703591
v 22.545744381 156.629065538 112.171657189
v 22.591414008 156.766034165 112.255016091
v 22.069953039 156.888259988 112.139969689
v 22.160266060 157.000908458 112.223328591
v 21.713494944 157.296300171 112.108282189
v 21.837254348 157.370662322 112.191641091
v 21.520563786 157.802597249 112.076594689
v 21.662425876 157.829453660 112.159953591
v 21.515079176 158.344380493 112.044907189
v 21.657455886 158.320401504 112.128266091
v 21.697721096 158.854479594 112.013219689
v 21.822960556 158.782638122 112.096578591
v 22.045845595 159.269652447 111.981532189
v 22.138420612 159.158855399 112.064891091
v 22.516292183 159.538425905 111.949844689
v 22.564725302 159.402409904 112.033203591
v 23.050734875 159.627477424 111.918157189
v 23.049021357 159.483105739 112.001516091
v 23.582913445 159.525766394 111.886469689
v 23.531265732 159.390938232 111.969828591
v 24.046848374 159.245902953 111.854782189
v 23.951669751 159.137334314 111.938141091
v 24.385020991 158.822584580 111.823094689
v 24.258111707 158.753735809 111.906453591
v 24.555504643 158.308294303 111.791407189
v 24.412598916 158.287701273 111.874766091
v 24.537162760 157.766793851 111.759719689
v 24.395978048 157.797009687 111.843078591
v 24.332269368 157.265218471 111.728032189
v 24.210309757 157.342497011 111.811391091
v 23.966227159 156.865753497 111.696344689
v 23.878613206 156.980513746 111.779703591
v 23.484418060 156.617924612 111.664657189
v 23.442012147 156.755938589 111.748016091
v 22.946576782 156.552457650 111.632969689
v 22.954636394 156.696614378 111.716328591
v 22.419384906 156.677469209 111.601282189
v 22.476910813 156.809896131 111.684641091
v 21.968203701 156.977460350 111.569594689
v 22.068063839 157.081739171 111.652953591
v 21.648970631 157.415238161 111.537907189
v 21.778784336 157.478440388 111.621266091
v 21.501264224 157.936526930 111.506219689
v 21.644937188 157.950816749 111.589578591
v 21.543397126 158.476697258 111.474532189
v 21.683116769 158.440303017 111.557891091
v 21.770145697 158.968778805 111.442844689
v 21.888589574 158.886212663 111.526203591
v 22.153397643 159.351763283 111.411157189
v 22.235881075 159.233261794 111.494516091
v 22.645637370 159.578168262 111.379469689
v 22.681934060 159.438423245 111.462828591
v 23.185836981 159.619924044 111.347782189
v 23.171446862 159.476261091 111.431141091
v 23.707022505 159.471853744 111.316094689
v 23.643729666 159.342084194 111.399453591
v 24.040228831 159.052527812 111.367766091
v 24.311786376 158.643491156 111.336078591
v 23.628418052 156.579221720 114.997976152
v 23.574072696 156.561013401 114.995971571
v 23.498997011 156.539298551 114.993239254
v 23.422964260 156.521230142 114.990505103
v 23.346120888 156.506855425 114.987764493
v 23.268613344 156.496221649 114.985012797
v 23.190634023 156.489376641 114.982248606
v 23.112468245 156.486345447 114.979479386
v 23.034282125 156.487126566 114.976706722
v 22.956233472 156.491717645 114.973931690
v 22.878480091 156.500116328 114.971155369
v 22.801179789 156.512320263 114.968378834
v 22.724643866 156.528290538 114.965600970
v 22.649177841 156.547953150 114.962819672
v 22.574907513 156.571257337 114.960034827
v 22.501958585 156.598152354 114.957246323
v 22.430456760 156.628587458 114.954454050
v 22.360527740 156.662511905 114.951657896
v 22.292297228 156.699874949 114.948857751
v 22.225891154 156.740625716 114.946053503
v 22.161616322 156.784597441 114.943245778
v 22.099741029 156.831604780 114.940434870
v 22.040369754 156.881547896 114.937620326
v 21.983606972 156.934326951 114.934801695
v 21.933465514 156.985638242 114.932187813
v 21.884394443 157.040792230 114.929494196
v 21.839226677 157.096619125 114.926871317
v 21.795971658 157.155501555 114.924201095
v 21.755330192 157.216700580 114.921508409
v 21.717691028 157.279692600 114.918806404
v 21.683106601 157.344377054 114.916098927
v 21.651629164 157.410653610 114.913389830
v 21.623874695 157.476988257 114.910738775
v 21.599259054 157.544527900 114.908090162
v 21.577835920 157.613148846 114.905437708
v 21.545293713 157.750392736 114.900201582
v 21.533745018 157.820584218 114.897545418
v 21.525300937 157.893268857 114.894807709
v 21.520451812 157.964242643 114.892145460
v 21.518929993 158.034997370 114.889500328
v 21.520712163 158.105735794 114.886856625
v 21.525804807 158.176324056 114.884208121
v 21.561257599 158.387048154 114.876139600
v 21.546063967 158.317172986 114.878847715
v 21.579756749 158.456104515 114.873428604
v 21.601527767 158.524208661 114.870716880
v 21.626309914 158.590660018 114.868029087
v 21.653794909 158.654930844 114.865374308
v 21.794313720 158.898899597 114.854597718
v 21.754909147 158.840552302 114.857296760
v 21.836471471 158.955327081 114.851894349
v 21.881324358 159.009740823 114.849186018
v 21.930160404 159.063458125 114.846397147
v 22.196443124 159.283329929 114.832993135
v 22.141061383 159.245878466 114.835594907
v 22.258129157 159.320881812 114.830179121
v 22.316715132 159.352817521 114.827577343
v 22.381664507 159.384298486 114.824762671
v 22.708385679 159.488053249 114.811261138
v 22.643492107 159.474143251 114.813882973
v 22.779112111 159.499687024 114.808425219
v 22.844880533 159.507278094 114.805803342
v 23.172766044 159.499594109 114.792729128
v 23.236036718 159.489266075 114.790159789
v 23.298711533 159.476095066 114.787588283
v 23.360664445 159.460111973 114.785015489
v 23.655150136 159.339506392 114.772116951
v 23.710269892 159.307543720 114.769522236
v 23.763816552 159.273140419 114.766932698
v 23.815659848 159.236384799 114.764348111
v 21.546179680 157.690571009 114.895805146
v 21.559658222 157.682728878 114.902775050
v 21.501626108 158.244319820 114.863305146
v 21.534213984 158.246638217 114.881548290
v 21.718315793 158.780379125 114.859992115
v 21.656616344 158.777799710 114.830805146
v 21.684591699 158.718473996 114.862684418
v 21.990947618 159.221472297 114.798305146
v 22.083143143 159.202543506 114.838404747
v 22.031428676 159.159853285 114.841003276
v 21.977764159 159.111068808 114.843805258
v 22.574081396 159.455733332 114.816713948
v 22.461040303 159.517505459 114.765805146
v 22.510622373 159.435590033 114.819331703
v 22.443130481 159.410537529 114.822153198
v 23.109027831 159.507053762 114.795295402
v 23.005618452 159.627311676 114.733305146
v 23.044951702 159.511625394 114.797857712
v 22.980667581 159.513295260 114.800415179
v 22.916318279 159.512056714 114.802966862
v 23.598634059 159.368920885 114.774709658
v 23.553697041 159.536577854 114.700805146
v 23.540817053 159.395736065 114.777296723
v 23.481796110 159.419904273 114.779874525
v 23.421772589 159.441352762 114.782442246
v 24.033834767 159.257131024 114.668305146
v 23.963488160 159.109314213 114.756374304
v 23.913741242 159.156211016 114.759180290
v 23.865673540 159.197374661 114.761765141
v 24.383446326 158.825396704 114.635805146
v 24.256708694 158.756297104 114.719146177
v 24.556960325 158.297650877 114.603305146
v 24.413944983 158.278060212 114.686646177
v 24.531759449 157.742684498 114.570805146
v 24.391108254 157.775156385 114.654146177
v 24.311128598 157.232836684 114.538305146
v 24.191175243 157.313138457 114.621646177
v 23.923826706 156.834565408 114.505805146
v 23.840206947 156.952229838 114.589146177
v 23.420338049 156.599784791 114.473305146
v 23.383951610 156.739474480 114.556646177
v 22.866291692 156.559098170 114.440805146
v 22.881881497 156.702604756 114.524146177
v 22.333906831 156.717808991 114.408305146
v 22.399440767 156.846426584 114.491646177
v 21.892579109 157.055229512 114.375805146
v 21.999514919 157.152192983 114.459146177
v 21.599835000 157.527377425 114.343305146
v 21.734233744 157.580047717 114.426646177
v 21.493833301 158.072708889 114.310805146
v 21.638176286 158.074220501 114.394146177
v 21.588391192 158.620140685 114.278305146
v 21.723863503 158.570296580 114.361646177
v 21.871183177 159.098315819 114.245805146
v 21.980126184 159.003613108 114.329146177
v 22.305347706 159.444904809 114.213305146
v 22.373560834 159.317687863 114.296646177
v 22.834292018 159.614730249 114.180805146
v 22.852883779 159.471581625 114.264146177
v 23.389068939 159.585655622 114.148305146
v 23.355615921 159.445234550 114.231646177
v 23.897364047 159.361470768 114.115805146
v 23.816226806 159.242080943 114.199146177
v 24.292921763 158.971397878 114.083305146
v 24.174676428 158.888601603 114.166646177
v 24.524181672 158.466282426 114.050805146
v 24.384241364 158.430872084 114.134146177
v 24.560999360 157.911965528 114.018305146
v 24.417605108 157.928556809 114.101646177
v 24.398575690 157.380701641 113.985805146
v 24.270418741 157.447131894 114.069146177
v 24.058082368 156.941740295 113.953305146
v 23.961867806 157.049350426 114.036646177
v 23.583902237 156.652299507 113.920805146
v 23.532171502 156.787062681 114.004146177
v 23.037844037 156.550107493 113.888305146
v 23.037340159 156.694457513 113.971646177
v 22.491085715 156.648484842 113.855805146
v 22.541874374 156.783605878 113.939146177
v 22.014896479 156.934608202 113.823305146
v 22.110357441 157.042887409 113.906646177
v 21.671346951 157.371181778 113.790805146
v 21.799037010 157.438505109 113.874146177
v 21.505218347 157.901298796 113.758305146
v 21.648493277 157.918890746 113.841646177
v 21.538165307 158.455859220 113.725805146
v 21.678349414 158.421426701 113.809146177
v 21.765893239 158.962576848 113.693305146
v 21.884713714 158.880608093 113.776646177
v 22.158718114 159.355401724 113.660805146
v 22.240686870 159.236581249 113.744146177
v 22.665435743 159.583129656 113.628305146
v 22.699868262 159.442945549 113.711646177
v 23.219996167 159.616076616 113.595805146
v 23.202404217 159.472801686 113.679146177
v 23.750113185 159.449948012 113.563305146
v 23.682789854 159.322257953 113.646646177
v 24.186686761 159.106398484 113.530805146
v 24.078407554 159.010937522 113.614146177
v 24.472810120 158.630209248 113.498305146
v 24.337689085 158.579420589 113.581646177
v 24.571187470 158.083450926 113.465805146
v 24.426837450 158.083954804 113.549146177
v 24.468995456 157.537392725 113.433305146
v 24.334232282 157.589123461 113.516646177
v 24.179554668 157.063212595 113.400805146
v 24.071944537 157.159427156 113.484146177
v 23.740593322 156.722719273 113.368305146
v 23.674163069 156.850876222 113.451646177
v 23.209329435 156.560295603 113.335805146
v 23.192738154 156.703689855 113.419146177
v 22.655012537 156.597113290 113.303305146
v 22.690422879 156.737053598 113.386646177
v 22.149897085 156.828373200 113.270805146
v 22.232693359 156.946618534 113.354146177
v 21.759824195 157.223930916 113.238305146
v 21.879214020 157.305068157 113.321646177
v 21.535639341 157.732226024 113.205805146
v 21.676060413 157.765679042 113.289146177
v 21.506564714 158.287002944 113.173305146
v 21.649713338 158.268411184 113.256646177
v 21.676390154 158.815947257 113.140805146
v 21.803607100 158.747734129 113.224146177
v 22.022979144 159.250111786 113.108305146
v 22.117681855 159.141168779 113.191646177
v 23.958745060 159.218460382 114.835843667
v 24.010788083 159.281929624 114.917921834
v 23.843047752 159.304153812 114.835843667
v 23.888590269 159.372437778 114.917921834
v 23.719476921 159.378042110 114.835843667
v 23.758076555 159.450477525 114.917921834
v 23.589232872 159.439407563 114.835843667
v 23.620514685 159.515290823 114.917921834
v 23.453580732 159.487654096 114.835843667
v 23.477240868 159.566248110 114.917921834
v 23.313838159 159.522313067 114.835843667
v 23.329646795 159.602854411 114.917921834
v 23.171362543 159.543047815 114.835843667
v 23.179166121 159.624754150 114.917921834
v 23.027537821 159.549656934 114.835843667
v 23.027260542 159.631734605 114.917921834
v 22.883761037 159.542076225 114.835843667
v 22.875405594 159.623727971 114.917921834
v 22.741428765 159.520379324 114.835843667
v 22.725076319 159.600812020 114.917921834
v 22.601923552 159.484776984 114.835843667
v 22.577732942 159.563209346 114.917921834
v 22.466600483 159.435615029 114.835843667
v 22.434806684 159.511285204 114.917921834
v 22.297685861 159.445543958 114.917921834
v 22.167702395 159.366624187 114.917921834
v 22.046118882 159.275292478 114.917921834
v 21.934116323 159.172435983 114.917921834
v 21.832782658 159.059053798 114.917921834
v 21.743102190 158.936247261 114.917921834
v 21.665946031 158.805209256 114.917921834
v 21.602063638 158.667212620 114.917921834
v 21.552075534 158.523597784 114.917921834
v 21.516467277 158.375759752 114.917921834
v 21.495584748 158.225134549 114.917921834
v 21.489630791 158.073185274 114.917921834
v 21.498663239 157.921387888 114.917921834
v 21.522594356 157.771216874 114.917921834
v 21.561191686 157.624130920 114.917921834
v 21.614080314 157.481558746 114.917921834
v 21.680746505 157.344885228 114.917921834
f 1 2 3
f 2 4 3
f 2 5 4
f 5 6 4
f 5 7 6
f 7 8 6
f 7 9 8
f 9 10 8
f 10 11 12
f 9 11 10
f 12 13 14
f 11 13 12
f 14 15 16
f 13 15 14
f 16 17 18
f 15 17 16
f 17 19 18
f 18 20 21
f 19 20 18
f 21 22 23
f 20 22 21
f 22 24 23
f 23 25 26
f 24 25 23
f 26 27 28
f 25 27 26
f 27 29 28
f 30 31 32
f 33 34 35
f 28 34 33
f 29 34 28
f 36 34 29
f 37 34 36
f 37 38 34
f 35 38 39
f 39 38 40
f 34 38 35
f 41 38 37
f 42 38 41
f 40 43 44
f 44 43 45
f 38 43 40
f 42 43 38
f 46 43 42
f 47 43 46
f 48 49 47
f 50 49 48
f 45 49 51
f 47 49 43
f 43 49 45
f 52 53 50
f 54 53 52
f 51 53 55
f 55 53 56
f 50 53 49
f 49 53 51
f 57 58 54
f 59 58 57
f 56 58 60
f 60 58 61
f 54 58 53
f 53 58 56
f 61 62 63
f 63 62 64
f 59 62 58
f 58 62 61
f 64 65 66
f 66 65 67
f 62 65 64
f 68 69 59
f 70 69 68
f 71 69 70
f 59 69 62
f 67 72 73
f 73 72 74
f 65 72 67
f 32 75 71
f 69 75 62
f 71 75 69
f 62 75 65
f 74 76 77
f 77 76 78
f 72 76 74
f 65 79 72
f 72 79 76
f 31 79 32
f 80 79 81
f 81 79 31
f 32 79 75
f 75 79 65
f 76 82 78
f 78 82 83
f 83 82 84
f 79 85 76
f 80 85 79
f 86 85 87
f 87 85 80
f 84 88 89
f 82 88 84
f 85 90 76
f 86 90 85
f 76 90 82
f 82 90 88
f 91 90 92
f 92 90 86
f 89 93 94
f 94 93 95
f 88 93 89
f 90 96 88
f 91 96 90
f 97 96 98
f 98 96 91
f 93 99 95
f 95 99 100
f 100 99 101
f 88 102 93
f 97 102 96
f 96 102 88
f 93 102 99
f 103 102 104
f 104 102 97
f 101 105 106
f 106 105 107
f 99 105 101
f 103 108 102
f 102 108 99
f 109 108 110
f 110 108 103
f 107 111 112
f 112 111 113
f 105 111 107
f 99 114 105
f 109 114 108
f 108 114 99
f 115 114 116
f 116 114 109
f 113 117 118
f 118 117 119
f 111 117 113
f 115 120 114
f 105 120 111
f 121 120 122
f 122 120 115
f 114 120 105
f 117 123 119
f 119 123 124
f 124 123 125
f 125 123 126
f 111 127 117
f 128 127 129
f 129 127 121
f 120 127 111
f 121 127 120
f 123 130 126
f 126 130 131
f 131 130 132
f 133 134 135
f 135 134 128
f 127 134 117
f 128 134 127
f 117 134 123
f 132 136 137
f 137 136 138
f 130 136 132
f 123 139 130
f 140 139 141
f 141 139 133
f 134 139 123
f 133 139 134
f 138 142 143
f 143 142 144
f 130 145 136
f 139 145 130
f 146 145 147
f 147 145 140
f 136 145 138
f 140 145 139
f 144 148 149
f 149 148 150
f 142 151 144
f 152 151 153
f 153 151 146
f 146 151 145
f 145 151 138
f 138 151 142
f 150 154 155
f 155 154 156
f 144 157 148
f 148 157 150
f 152 157 151
f 151 157 144
f 158 157 159
f 159 157 152
f 154 160 156
f 150 160 154
f 156 160 161
f 161 160 162
f 162 160 163
f 163 160 164
f 164 160 158
f 158 160 157
f 157 160 150
f 165 166 167
f 165 168 166
f 166 169 170
f 168 169 166
f 170 171 172
f 169 171 170
f 172 173 174
f 171 173 172
f 174 175 176
f 173 175 174
f 176 177 178
f 175 177 176
f 177 179 178
f 177 180 179
f 180 181 179
f 180 182 181
f 182 183 181
f 182 184 183
f 184 185 183
f 184 186 185
f 186 187 185
f 186 188 187
f 188 189 187
f 188 190 189
f 189 190 191
f 191 192 193
f 190 192 191
f 192 194 193
f 192 195 194
f 195 196 194
f 195 197 196
f 197 198 196
f 197 199 198
f 199 200 198
f 199 201 200
f 201 202 200
f 201 203 202
f 203 204 202
f 203 205 204
f 205 206 204
f 205 207 206
f 207 208 206
f 207 209 208
f 209 210 208
f 209 211 210
f 211 212 210
f 211 213 212
f 213 214 212
f 213 215 214
f 215 216 214
f 215 217 216
f 217 218 216
f 217 219 218
f 219 220 218
f 219 221 220
f 221 222 220
f 221 223 222
f 223 224 222
f 223 225 224
f 225 226 224
f 225 227 226
f 227 228 226
f 227 229 228
f 229 230 228
f 229 231 230
f 231 232 230
f 231 233 232
f 233 234 232
f 233 235 234
f 235 236 234
f 235 237 236
f 237 238 236
f 237 239 238
f 239 240 238
f 239 241 240
f 241 242 240
f 241 243 242
f 243 244 242
f 243 245 244
f 245 246 244
f 245 247 246
f 247 248 246
f 247 249 248
f 249 250 248
f 249 251 250
f 251 252 250
f 251 253 252
f 253 254 252
f 253 255 254
f 255 256 254
f 255 257 256
f 257 258 256
f 257 259 258
f 259 260 258
f 258 260 261
f 260 262 261
f 262 263 261
f 262 264 263
f 264 265 263
f 264 266 265
f 266 267 265
f 266 268 267
f 268 269 267
f 268 270 269
f 270 271 269
f 270 272 271
f 272 273 271
f 272 274 273
f 274 275 273
f 274 276 275
f 276 277 275
f 276 278 277
f 278 279 277
f 278 280 279
f 280 281 279
f 280 282 281
f 282 283 281
f 282 284 283
f 284 285 283
f 284 286 285
f 286 287 285
f 287 288 289
f 286 288 287
f 288 290 289
f 289 290 291
f 290 292 291
f 292 293 291
f 292 294 293
f 294 295 293
f 294 296 295
f 296 297 295
f 296 298 297
f 298 299 297
f 298 300 299
f 300 301 299
f 300 302 301
f 302 303 301
f 302 304 303
f 304 305 303
f 304 306 305
f 306 307 305
f 306 308 307
f 308 309 307
f 308 310 309
f 310 311 309
f 310 312 311
f 312 313 311
f 313 314 315
f 312 314 313
f 314 316 315
f 314 317 316
f 317 318 316
f 317 319 318
f 319 320 318
f 321 322 323
f 321 324 322
f 324 325 322
f 325 326 327
f 324 326 325
f 326 328 327
f 326 329 328
f 329 330 328
f 329 331 330
f 331 332 330
f 331 333 332
f 333 334 332
f 334 335 336
f 333 335 334
f 336 337 338
f 335 337 336
f 337 339 338
f 337 340 339
f 340 341 339
f 340 342 341
f 342 343 341
f 342 344 343
f 344 345 343
f 344 346 345
f 346 347 345
f 346 348 347
f 348 349 347
f 348 350 349
f 350 351 349
f 350 352 351
f 352 353 351
f 352 354 353
f 354 355 353
f 354 356 355
f 356 357 355
f 356 358 357
f 358 359 357
f 358 360 359
f 360 361 359
f 360 362 361
f 362 363 361
f 362 364 363
f 364 365 363
f 364 366 365
f 366 367 365
f 366 368 367
f 368 369 367
f 368 370 369
f 370 371 369
f 370 372 371
f 372 373 371
f 372 374 373
f 374 375 373
f 374 376 375
f 376 377 375
f 376 378 377
f 378 379 377
f 378 380 379
f 380 381 379
f 380 382 381
f 382 383 381
f 382 384 383
f 384 385 383
f 384 386 385
f 386 387 385
f 386 388 387
f 388 389 387
f 388 390 389
f 390 391 389
f 390 392 391
f 392 393 391
f 392 394 393
f 394 395 393
f 394 396 395
f 396 397 395
f 396 398 397
f 398 399 397
f 398 400 399
f 400 401 399
f 400 402 401
f 402 403 401
f 402 404 403
f 404 405 403
f 404 406 405
f 406 407 405
f 406 408 407
f 408 409 407
f 408 410 409
f 410 411 409
f 410 412 411
f 412 413 411
f 412 414 413
f 414 415 413
f 414 416 415
f 416 417 415
f 416 418 417
f 418 419 417
f 418 420 419
f 420 421 419
f 420 422 421
f 422 423 421
f 422 424 423
f 424 425 423
f 424 426 425
f 426 427 425
f 426 428 427
f 428 429 427
f 428 430 429
f 430 431 429
f 430 432 431
f 432 433 431
f 432 434 433
f 434 435 433
f 434 436 435
f 436 437 435
f 436 438 437
f 438 439 437
f 438 440 439
f 440 441 439
f 440 442 441
f 442 443 441
f 442 444 443
f 444 445 443
f 444 446 445
f 446 447 445
f 446 448 447
f 448 449 447
f 448 450 449
f 450 451 449
f 450 452 451
f 452 453 451
f 452 454 453
f 454 455 453
f 454 456 455
f 456 457 455
f 456 458 457
f 458 459 457
f 458 460 459
f 460 461 459
f 460 462 461
f 462 463 461
f 462 464 463
f 464 465 463
f 464 466 465
f 466 467 465
f 466 468 467
f 468 469 467
f 468 470 469
f 470 471 469
f 470 472 471
f 472 473 471
f 472 474 473
f 474 475 473
f 474 476 475
f 476 477 475
f 476 478 477
f 478 479 477
f 478 480 479
f 480 481 479
f 480 482 481
f 482 483 481
f 482 484 483
f 484 485 483
f 484 486 485
f 486 487 485
f 486 488 487
f 488 489 487
f 488 490 489
f 490 491 489
f 490 492 491
f 492 493 491
f 492 494 493
f 494 495 493
f 494 496 495
f 496 497 495
f 496 498 497
f 498 499 497
f 498 500 499
f 500 501 499
f 500 502 501
f 502 503 501
f 502 504 503
f 504 505 503
f 504 506 505
f 506 507 505
f 506 508 507
f 508 509 507
f 508 510 509
f 510 511 509
f 510 512 511
f 512 513 511
f 512 514 513
f 514 515 513
f 514 516 515
f 516 517 515
f 516 518 517
f 518 519 517
f 518 520 519
f 520 521 519
f 520 522 521
f 522 523 521
f 522 524 523
f 524 525 523
f 524 526 525
f 526 527 525
f 526 528 527
f 528 529 527
f 528 530 529
f 530 531 529
f 530 532 531
f 532 533 531
f 532 534 533
f 534 535 533
f 534 536 535
f 536 537 535
f 536 538 537
f 537 539 540
f 538 539 537
f 540 541 542
f 539 541 540
f 542 543 544
f 541 543 542
f 544 545 546
f 543 545 544
f 545 547 546
f 547 548 546
f 547 549 548
f 549 550 548
f 549 551 550
f 551 552 550
f 551 553 552
f 553 554 552
f 553 555 554
f 555 556 554
f 555 557 556
f 557 558 556
f 558 559 556
f 558 560 559
f 560 167 559
f 560 165 167
f 561 562 563
f 561 564 562
f 564 565 562
f 564 566 565
f 566 567 565
f 566 568 567
f 568 569 567
f 568 570 569
f 570 571 569
f 570 572 571
f 572 573 571
f 572 574 573
f 574 575 573
f 574 576 575
f 576 577 575
f 576 578 577
f 578 579 577
f 578 580 579
f 580 581 579
f 580 582 581
f 582 583 581
f 582 584 583
f 584 585 583
f 585 586 587
f 584 586 585
f 587 588 589
f 586 588 587
f 588 590 589
f 590 591 589
f 590 592 591
f 591 592 593
f 593 594 595
f 592 594 593
f 595 596 597
f 594 596 595
f 597 598 599
f 596 598 597
f 598 600 599
f 598 601 600
f 601 602 600
f 601 603 602
f 603 604 602
f 603 605 604
f 605 606 604
f 605 607 606
f 607 608 606
f 607 609 608
f 609 610 608
f 609 611 610
f 611 612 610
f 611 613 612
f 613 614 612
f 613 615 614
f 615 616 614
f 615 617 616
f 617 618 616
f 617 619 618
f 619 620 618
f 619 621 620
f 621 622 620
f 621 623 622
f 623 624 622
f 623 625 624
f 625 626 624
f 625 627 626
f 627 628 626
f 627 629 628
f 629 630 628
f 629 631 630
f 631 632 630
f 631 633 632
f 633 634 632
f 633 635 634
f 635 636 634
f 635 637 636
f 637 638 636
f 637 639 638
f 639 640 638
f 639 641 640
f 641 642 640
f 641 643 642
f 643 644 642
f 643 645 644
f 645 646 644
f 645 647 646
f 647 648 646
f 647 649 648
f 649 650 648
f 649 651 650
f 651 652 650
f 651 653 652
f 653 654 652
f 653 655 654
f 655 656 654
f 655 657 656
f 657 658 656
f 657 659 658
f 659 660 658
f 659 661 660
f 661 662 660
f 661 663 662
f 663 664 662
f 663 665 664
f 665 666 664
f 665 667 666
f 667 668 666
f 667 669 668
f 669 670 668
f 669 671 670
f 671 672 670
f 671 673 672
f 673 674 672
f 673 675 674
f 675 676 674
f 675 677 676
f 677 678 676
f 677 679 678
f 679 680 678
f 679 681 680
f 681 682 680
f 681 683 682
f 683 684 682
f 683 685 684
f 685 686 684
f 685 687 686
f 687 688 686
f 687 689 688
f 689 690 688
f 689 691 690
f 691 692 690
f 691 693 692
f 693 694 692
f 693 695 694
f 695 696 694
f 695 697 696
f 697 698 696
f 697 699 698
f 699 700 698
f 699 701 700
f 701 702 700
f 701 703 702
f 703 704 702
f 703 705 704
f 705 706 704
f 705 707 706
f 707 708 706
f 707 709 708
f 709 710 708
f 709 711 710
f 711 712 710
f 711 713 712
f 713 714 712
f 713 715 714
f 715 716 714
f 715 717 716
f 717 718 716
f 717 719 718
f 719 720 718
f 719 721 720
f 721 722 720
f 721 723 722
f 723 724 722
f 723 725 724
f 725 726 724
f 725 727 726
f 727 728 726
f 727 729 728
f 729 730 728
f 729 731 730
f 731 732 730
f 731 733 732
f 733 734 732
f 733 735 734
f 735 736 734
f 735 737 736
f 737 738 736
f 737 739 738
f 739 740 738
f 739 741 740
f 741 742 740
f 741 743 742
f 743 744 742
f 743 745 744
f 745 746 744
f 745 747 746
f 747 748 746
f 747 749 748
f 749 750 748
f 749 751 750
f 751 752 750
f 751 753 752
f 753 754 752
f 753 755 754
f 755 756 754
f 755 757 756
f 757 758 756
f 757 759 758
f 759 760 758
f 759 761 760
f 761 762 760
f 761 763 762
f 763 764 762
f 763 765 764
f 765 766 764
f 765 767 766
f 767 768 766
f 767 769 768
f 769 770 768
f 769 771 770
f 771 772 770
f 771 773 772
f 773 774 772
f 773 775 774
f 775 776 774
f 775 777 776
f 776 778 779
f 777 778 776
f 779 780 781
f 778 780 779
f 781 782 783
f 780 782 781
f 783 784 785
f 782 784 783
f 785 786 787
f 784 786 785
f 786 788 787
f 788 789 787
f 788 790 789
f 790 791 789
f 790 792 791
f 792 793 791
f 792 794 793
f 794 795 793
f 794 796 795
f 796 797 795
f 796 798 797
f 798 323 797
f 798 321 323
f 799 800 801
f 799 802 800
f 802 803 800
f 802 804 803
f 804 805 803
f 804 806 805
f 806 807 805
f 806 808 807
f 808 809 807
f 808 810 809
f 810 811 809
f 810 812 811
f 812 813 811
f 812 814 813
f 814 815 813
f 814 816 815
f 816 817 815
f 816 818 817
f 818 819 817
f 818 820 819
f 820 821 819
f 820 822 821
f 822 823 821
f 822 824 823
f 824 825 823
f 825 826 827
f 824 826 825
f 827 828 829
f 826 828 827
f 828 830 829
f 828 831 830
f 831 832 830
f 831 833 832
f 833 834 832
f 833 835 834
f 835 836 834
f 835 837 836
f 837 838 836
f 837 839 838
f 839 840 838
f 839 841 840
f 841 842 840
f 841 843 842
f 843 844 842
f 843 845 844
f 845 846 844
f 845 847 846
f 847 848 846
f 847 849 848
f 849 850 848
f 849 851 850
f 851 852 850
f 851 853 852
f 853 854 852
f 853 855 854
f 855 856 854
f 855 857 856
f 857 858 856
f 857 859 858
f 859 860 858
f 859 861 860
f 861 862 860
f 861 863 862
f 863 864 862
f 863 865 864
f 865 866 864
f 865 867 866
f 867 868 866
f 867 869 868
f 869 870 868
f 869 871 870
f 871 872 870
f 871 873 872
f 873 874 872
f 873 875 874
f 875 876 874
f 875 877 876
f 877 878 876
f 877 879 878
f 879 880 878
f 879 881 880
f 881 882 880
f 881 883 882
f 883 884 882
f 883 885 884
f 885 886 884
f 885 887 886
f 887 888 886
f 887 889 888
f 889 890 888
f 889 891 890
f 891 892 890
f 891 893 892
f 893 894 892
f 893 895 894
f 895 896 894
f 895 897 896
f 897 898 896
f 897 899 898
f 899 900 898
f 899 901 900
f 901 902 900
f 901 903 902
f 903 904 902
f 903 905 904
f 905 906 904
f 905 907 906
f 907 908 906
f 907 909 908
f 909 910 908
f 909 911 910
f 911 912 910
f 911 913 912
f 913 914 912
f 913 915 914
f 915 916 914
f 915 917 916
f 917 918 916
f 917 919 918
f 919 920 918
f 919 921 920
f 921 922 920
f 921 923 922
f 923 924 922
f 923 925 924
f 925 926 924
f 925 927 926
f 927 928 926
f 927 929 928
f 929 930 928
f 929 931 930
f 931 932 930
f 931 933 932
f 933 934 932
f 933 935 934
f 935 936 934
f 935 937 936
f 937 938 936
f 937 939 938
f 939 940 938
f 939 941 940
f 941 942 940
f 941 943 942
f 943 944 942
f 943 945 944
f 945 946 944
f 945 947 946
f 947 948 946
f 947 949 948
f 949 950 948
f 949 951 950
f 951 952 950
f 951 953 952
f 953 954 952
f 953 955 954
f 955 956 954
f 955 957 956
f 957 958 956
f 957 959 958
f 959 960 958
f 959 961 960
f 961 962 960
f 961 963 962
f 963 964 962
f 963 965 964
f 965 966 964
f 965 967 966
f 967 968 966
f 967 969 968
f 969 970 968
f 969 971 970
f 971 972 970
f 971 973 972
f 973 974 972
f 973 975 974
f 975 976 974
f 975 977 976
f 977 978 976
f 977 979 978
f 979 980 978
f 979 981 980
f 981 982 980
f 981 983 982
f 983 984 982
f 983 985 984
f 985 986 984
f 985 987 986
f 987 988 986
f 987 989 988
f 989 990 988
f 989 991 990
f 991 992 990
f 991 993 992
f 993 994 992
f 993 995 994
f 995 996 994
f 995 997 996
f 997 998 996
f 997 999 998
f 999 1000 998
f 999 1001 1000
f 1001 1002 1000
f 1001 1003 1002
f 1003 1004 1002
f 1003 1005 1004
f 1005 1006 1004
f 1005 1007 1006
f 1007 1008 1006
f 1007 1009 1008
f 1008 1010 1011
f 1009 1010 1008
f 1010 1012 1011
f 1012 1013 1011
f 1012 1014 1013
f 1014 1015 1013
f 1014 1016 1015
f 1016 1017 1015
f 1016 1018 1017
f 1018 1019 1017
f 1018 1020 1019
f 1020 1021 1019
f 1020 1022 1021
f 1022 1023 1021
f 1022 1024 1023
f 1024 1025 1023
f 1024 1026 1025
f 1026 1027 1025
f 1027 1028 1025
f 1027 1029 1028
f 1029 1030 1028
f 1029 1031 1030
f 1031 1032 1030
f 1031 1033 1032
f 1033 1034 1032
f 1033 1035 1034
f 1035 1036 1034
f 1035 1037 1036
f 1037 563 1036
f 1037 561 563
f 1038 1039 1040
f 1038 1041 1039
f 1041 1042 1039
f 1042 1043 1044
f 1041 1043 1042
f 1043 1045 1044
f 1043 1046 1045
f 1046 1047 1045
f 1046 1048 1047
f 1048 1049 1047
f 1048 1050 1049
f 1050 1051 1049
f 1051 1052 1053
f 1050 1052 1051
f 1053 1054 1055
f 1052 1054 1053
f 1055 1056 1057
f 1054 1056 1055
f 1057 1058 1059
f 1056 1058 1057
f 1059 1060 1061
f 1058 1060 1059
f 1061 1062 1063
f 1060 1062 1061
f 1062 1064 1063
f 1062 1065 1064
f 1065 1066 1064
f 1065 1067 1066
f 1067 1068 1066
f 1067 1069 1068
f 1069 1070 1068
f 1069 1071 1070
f 1071 1072 1070
f 1071 1073 1072
f 1073 1074 1072
f 1073 1075 1074
f 1075 1076 1074
f 1075 1077 1076
f 1077 1078 1076
f 1077 1079 1078
f 1079 1080 1078
f 1079 1081 1080
f 1081 1082 1080
f 1081 1083 1082
f 1083 1084 1082
f 1083 1085 1084
f 1085 1086 1084
f 1085 1087 1086
f 1087 1088 1086
f 1087 1089 1088
f 1089 1090 1088
f 1089 1091 1090
f 1091 1092 1090
f 1091 1093 1092
f 1093 1094 1092
f 1093 1095 1094
f 1095 1096 1094
f 1095 1097 1096
f 1097 1098 1096
f 1097 1099 1098
f 1099 1100 1098
f 1099 1101 1100
f 1101 1102 1100
f 1101 1103 1102
f 1103 1104 1102
f 1103 1105 1104
f 1105 1106 1104
f 1105 1107 1106
f 1107 1108 1106
f 1107 1109 1108
f 1109 1110 1108
f 1109 1111 1110
f 1111 1112 1110
f 1111 1113 1112
f 1113 1114 1112
f 1113 1115 1114
f 1115 1116 1114
f 1115 1117 1116
f 1117 1118 1116
f 1117 1119 1118
f 1119 1120 1118
f 1119 1121 1120
f 1121 1122 1120
f 1121 1123 1122
f 1123 1124 1122
f 1123 1125 1124
f 1125 1126 1124
f 1125 1127 1126
f 1127 1128 1126
f 1127 1129 1128
f 1129 1130 1128
f 1129 1131 1130
f 1131 1132 1130
f 1131 1133 1132
f 1133 1134 1132
f 1133 1135 1134
f 1135 1136 1134
f 1135 1137 1136
f 1137 1138 1136
f 1137 1139 1138
f 1139 1140 1138
f 1139 1141 1140
f 1141 1142 1140
f 1141 1143 1142
f 1143 1144 1142
f 1143 1145 1144
f 1145 1146 1144
f 1145 1147 1146
f 1147 1148 1146
f 1147 1149 1148
f 1149 1150 1148
f 1149 1151 1150
f 1151 1152 1150
f 1151 1153 1152
f 1153 1154 1152
f 1153 1155 1154
f 1155 1156 1154
f 1155 1157 1156
f 1157 1158 1156
f 1157 1159 1158
f 1159 1160 1158
f 1159 1161 1160
f 1161 1162 1160
f 1161 1163 1162
f 1163 1164 1162
f 1163 1165 1164
f 1165 1166 1164
f 1165 1167 1166
f 1167 1168 1166
f 1167 1169 1168
f 1169 1170 1168
f 1169 1171 1170
f 1171 1172 1170
f 1171 1173 1172
f 1173 1174 1172
f 1173 1175 1174
f 1175 1176 1174
f 1175 1177 1176
f 1177 1178 1176
f 1177 1179 1178
f 1179 1180 1178
f 1179 1181 1180
f 1181 1182 1180
f 1181 1183 1182
f 1183 1184 1182
f 1183 1185 1184
f 1185 1186 1184
f 1185 1187 1186
f 1187 1188 1186
f 1187 1189 1188
f 1189 1190 1188
f 1189 1191 1190
f 1191 1192 1190
f 1191 1193 1192
f 1193 1194 1192
f 1193 1195 1194
f 1195 1196 1194
f 1195 1197 1196
f 1197 1198 1196
f 1197 1199 1198
f 1199 1200 1198
f 1199 1201 1200
f 1201 1202 1200
f 1201 1203 1202
f 1203 1204 1202
f 1203 1205 1204
f 1205 1206 1204
f 1205 1207 1206
f 1207 1208 1206
f 1207 1209 1208
f 1209 1210 1208
f 1209 1211 1210
f 1211 1212 1210
f 1211 1213 1212
f 1213 1214 1212
f 1213 1215 1214
f 1215 1216 1214
f 1215 1217 1216
f 1217 1218 1216
f 1217 1219 1218
f 1219 1220 1218
f 1219 1221 1220
f 1221 1222 1220
f 1221 1223 1222
f 1223 1224 1222
f 1223 1225 1224
f 1225 1226 1224
f 1225 1227 1226
f 1227 1228 1226
f 1227 1229 1228
f 1229 1230 1228
f 1229 1231 1230
f 1231 1232 1230
f 1231 1233 1232
f 1233 1234 1232
f 1233 1235 1234
f 1235 1236 1234
f 1235 1237 1236
f 1237 1238 1236
f 1237 1239 1238
f 1239 1240 1238
f 1239 1241 1240
f 1241 1242 1240
f 1241 1243 1242
f 1243 1244 1242
f 1243 1245 1244
f 1245 1246 1244
f 1245 1247 1246
f 1247 1248 1246
f 1247 1249 1248
f 1249 1250 1248
f 1249 1251 1250
f 1251 1252 1250
f 1251 1253 1252
f 1253 1254 1252
f 1253 1255 1254
f 1254 1256 1257
f 1255 1256 1254
f 1257 1258 1259
f 1256 1258 1257
f 1259 1260 1261
f 1258 1260 1259
f 1261 1262 1263
f 1260 1262 1261
f 1262 1264 1263
f 1264 1265 1263
f 1264 1266 1265
f 1266 1267 1265
f 1266 1268 1267
f 1268 1269 1267
f 1268 1270 1269
f 1270 1271 1269
f 1270 1272 1271
f 1272 1273 1271
f 1272 1274 1273
f 1274 1275 1273
f 1275 1276 1273
f 1275 1277 1276
f 1277 801 1276
f 1277 799 801
f 33 1278 28
f 1278 26 28
f 1278 1279 26
f 1279 23 26
f 1279 1280 23
f 1280 21 23
f 1280 1281 21
f 1281 18 21
f 1281 1282 18
f 1282 16 18
f 1282 1283 16
f 1283 14 16
f 1283 1284 14
f 1284 12 14
f 1284 1285 12
f 1285 10 12
f 10 1286 8
f 1285 1286 10
f 8 1287 6
f 1286 1287 8
f 6 1288 4
f 1287 1288 6
f 4 1289 3
f 1288 1289 4
f 3 1290 1
f 1289 1290 3
f 1290 1291 1
f 1290 1292 1291
f 1292 1293 1291
f 1292 1294 1293
f 1294 1295 1293
f 1294 1296 1295
f 1296 1297 1295
f 1296 1298 1297
f 1298 1299 1297
f 1298 1300 1299
f 1300 1301 1299
f 1300 1302 1301
f 1302 1303 1301
f 1302 1304 1303
f 1304 1305 1303
f 1304 1306 1305
f 1306 1307 1305
f 1306 1308 1307
f 1308 1309 1307
f 1308 1310 1309
f 1310 1311 1309
f 1311 1312 1313
f 1310 1312 1311
f 1312 1314 1313
f 1313 1314 1315
f 1314 1316 1315
f 1315 1316 1317
f 1316 1318 1317
f 1316 1319 1318
f 1319 1320 1318
f 1319 1321 1320
f 1321 1322 1320
f 1321 1323 1322
f 1323 1324 1322
f 1323 1325 1324
f 1325 1326 1324
f 1325 1327 1326
f 1327 1328 1326
f 1327 1329 1328
f 1329 1330 1328
f 1329 1331 1330
f 1331 1332 1330
f 1331 1333 1332
f 1332 1334 1335
f 1333 1334 1332
f 1334 1336 1335
f 1336 1337 1335
f 1336 1338 1337
f 1338 1339 1337
f 1338 1340 1339
f 1340 1341 1339
f 1340 1342 1341
f 1342 1343 1341
f 1342 1344 1343
f 1344 1345 1343
f 1344 1346 1345
f 1345 1347 1348
f 1346 1347 1345
f 1348 1349 1350
f 1347 1349 1348
f 1350 1351 1352
f 1349 1351 1350
f 1352 1353 1354
f 1351 1353 1352
f 1354 1355 1356
f 1353 1355 1354
f 1355 1357 1356
f 1357 1358 1356
f 1357 1359 1358
f 1360 1361 1362
f 1361 1363 1362
f 1362 1363 1364
f 1360 1365 1361
f 1366 1365 1360
f 1364 1367 1368
f 1363 1367 1364
f 1369 1370 1366
f 1366 1370 1365
f 1368 1371 1372
f 1367 1371 1368
f 1373 1374 1369
f 1369 1374 1370
f 1372 1375 1376
f 1371 1375 1372
f 1377 1378 1373
f 1373 1378 1374
f 1376 1379 1380
f 1375 1379 1376
f 1381 1382 1377
f 1377 1382 1378
f 1380 1383 1384
f 1379 1383 1380
f 1385 1386 1381
f 1381 1386 1382
f 1384 1387 1388
f 1383 1387 1384
f 1389 1390 1385
f 1385 1390 1386
f 1388 1391 1392
f 1387 1391 1388
f 1389 1393 1390
f 1394 1393 1389
f 1392 1395 1396
f 1391 1395 1392
f 1397 1398 1394
f 1394 1398 1393
f 1396 1399 1400
f 1395 1399 1396
f 1401 1402 1397
f 1397 1402 1398
f 1399 1403 1400
f 1400 1403 1404
f 1405 1406 1401
f 1401 1406 1402
f 1403 1407 1404
f 1404 1407 1408
f 1409 1410 1405
f 1405 1410 1406
f 1407 1411 1408
f 1408 1411 1412
f 1413 1414 1409
f 1409 1414 1410
f 1411 1415 1412
f 1412 1415 1416
f 1417 1418 1413
f 1413 1418 1414
f 1415 1419 1416
f 1416 1419 1420
f 1421 1422 1417
f 1417 1422 1418
f 1419 162 1420
f 1420 162 1423
f 1424 1425 1421
f 1421 1425 1422
f 162 163 1423
f 1423 163 1426
f 1427 1428 1424
f 1424 1428 1425
f 163 164 1426
f 1426 164 1429
f 1430 1431 1427
f 1427 1431 1428
f 164 158 1429
f 1429 158 1432
f 1433 1434 1430
f 1430 1434 1431
f 158 159 1432
f 1432 159 1435
f 1436 1437 1433
f 1433 1437 1434
f 159 152 1435
f 1435 152 1438
f 1439 1440 1436
f 1436 1440 1437
f 152 153 1438
f 1438 153 1441
f 1442 1443 1439
f 1439 1443 1440
f 153 146 1441
f 1441 146 1444
f 1445 1446 1442
f 1442 1446 1443
f 146 147 1444
f 1444 147 1447
f 1448 1449 1445
f 1445 1449 1446
f 147 140 1447
f 1447 140 1450
f 1451 1452 1448
f 1448 1452 1449
f 140 141 1450
f 1450 141 1453
f 1454 1455 1451
f 1451 1455 1452
f 141 133 1453
f 1453 133 1456
f 1457 1458 1454
f 1454 1458 1455
f 133 135 1456
f 1456 135 1459
f 1460 1461 1457
f 1457 1461 1458
f 1459 128 1462
f 135 128 1459
f 1463 1464 1460
f 1460 1464 1461
f 1462 129 1465
f 128 129 1462
f 1466 1467 1463
f 1463 1467 1464
f 129 121 1465
f 121 1468 1465
f 1466 1469 1467
f 121 122 1468
f 1466 1470 1469
f 1470 1471 1469
f 122 1472 1468
f 115 1472 122
f 1471 1473 1474
f 1470 1473 1471
f 115 1475 1472
f 116 1475 115
f 1474 1476 1477
f 1473 1476 1474
f 116 1478 1475
f 109 1478 116
f 1477 1479 1480
f 1476 1479 1477
f 109 1481 1478
f 110 1481 109
f 1480 1482 1483
f 1479 1482 1480
f 110 1484 1481
f 103 1484 110
f 1483 1485 1486
f 1482 1485 1483
f 103 1487 1484
f 104 1487 103
f 1486 1488 1489
f 1485 1488 1486
f 81 1490 80
f 31 1490 81
f 30 1490 31
f 97 1491 104
f 104 1491 1487
f 1488 1492 1489
f 1489 1492 1493
f 98 1494 97
f 97 1494 1491
f 1492 1495 1493
f 1493 1495 1496
f 98 1497 1494
f 91 1497 98
f 1495 1498 1496
f 1496 1498 1499
f 91 1500 1497
f 92 1500 91
f 1498 1501 1499
f 1499 1501 1502
f 92 1503 1500
f 86 1503 92
f 1501 1504 1502
f 1502 1504 1505
f 86 1506 1503
f 87 1506 86
f 1504 1507 1505
f 1505 1507 1508
f 80 1509 87
f 87 1509 1506
f 1490 1509 80
f 1507 1510 1508
f 1508 1510 1511
f 1490 1512 1509
f 1510 1513 1511
f 1511 1513 1514
f 1490 1515 1512
f 1514 1516 1517
f 1513 1516 1514
f 1490 1518 1515
f 1517 1519 1520
f 1516 1519 1517
f 1521 1522 1490
f 1490 1522 1518
f 1519 1523 1520
f 1520 1523 1524
f 1525 1526 1521
f 1521 1526 1522
f 1523 1527 1524
f 1524 1527 1528
f 1529 1530 1525
f 1525 1530 1526
f 1527 1531 1528
f 1528 1531 1532
f 1533 1534 1529
f 1529 1534 1530
f 1531 1535 1532
f 1532 1535 1536
f 1533 1537 1534
f 1538 1537 1533
f 1535 1539 1536
f 1536 1539 1540
f 1538 1541 1537
f 1542 1541 1538
f 1539 1543 1540
f 1540 1543 1544
f 1545 1546 1542
f 1547 1546 1545
f 1542 1546 1541
f 1543 1548 1544
f 1544 1548 1549
f 1547 1550 1546
f 1551 1550 1547
f 1552 1550 1551
f 1548 1553 1549
f 1549 1553 1554
f 1552 1555 1550
f 1556 1555 1552
f 1553 1557 1554
f 1554 1557 1558
f 1556 1559 1555
f 1560 1559 1556
f 1557 1561 1558
f 1558 1561 1562
f 1563 1564 1560
f 1560 1564 1559
f 1561 1565 1562
f 1562 1565 1566
f 1563 1567 1564
f 1568 1567 1563
f 1565 1569 1566
f 1566 1569 1570
f 1571 1572 1568
f 1568 1572 1567
f 1569 1573 1570
f 1570 1573 1574
f 1571 1575 1572
f 1576 1575 1571
f 1573 1577 1574
f 1574 1577 1578
f 1576 1579 1575
f 1580 1579 1576
f 1580 1581 1579
f 1577 1581 1578
f 1578 1581 1580
f 1424 1421 1582
f 1424 1582 1583
f 1427 1583 1584
f 1427 1424 1583
f 1430 1584 1585
f 1430 1427 1584
f 1433 1585 1586
f 1433 1430 1585
f 1436 1586 1587
f 1436 1433 1586
f 1439 1587 1588
f 1439 1436 1587
f 1442 1588 1589
f 1442 1439 1588
f 1445 1589 1590
f 1445 1442 1589
f 1448 1590 1591
f 1448 1445 1590
f 1451 1591 1592
f 1451 1448 1591
f 1454 1451 1592
f 1454 1592 1593
f 1457 1454 1593
f 1457 1593 1594
f 1460 1457 1594
f 1460 1594 1595
f 1463 1460 1595
f 1463 1595 1596
f 1463 1596 1597
f 1466 1463 1597
f 1470 1466 1597
f 1470 1597 1598
f 1473 1470 1598
f 1473 1598 1599
f 1476 1473 1599
f 1476 1599 1600
f 1479 1476 1600
f 1479 1600 1601
f 1482 1479 1601
f 1482 1601 1602
f 1485 1482 1602
f 1485 1602 1603
f 1488 1485 1603
f 1488 1603 1604
f 1488 1604 1605
f 1492 1488 1605
f 1495 1605 1606
f 1495 1606 1607
f 1495 1492 1605
f 1498 1495 1607
f 1501 1607 1608
f 1501 1608 1609
f 1501 1498 1607
f 1504 1501 1609
f 1507 1609 1610
f 1507 1504 1609
f 1510 1610 1611
f 1510 1611 1612
f 1510 1507 1610
f 1513 1510 1612
f 1516 1612 1613
f 1516 1513 1612
f 1519 1613 1614
f 1519 1516 1613
f 1523 1614 1615
f 1523 1519 1614
f 1527 1615 1616
f 1527 1523 1615
f 1531 1616 1617
f 1531 1527 1616
f 1535 1617 1618
f 1535 1531 1617
f 1539 1535 1618
f 1539 1618 1619
f 1543 1539 1619
f 1543 1619 1620
f 1548 1543 1620
f 1548 1620 1621
f 1548 1621 1622
f 1553 1548 1622
f 1557 1553 1622
f 1557 1622 1623
f 1561 1557 1623
f 1561 1623 1624
f 1565 1561 1624
f 1565 1624 1625
f 1569 1565 1625
f 1569 1625 1626
f 1573 1569 1626
f 1573 1626 1627
f 1577 1573 1627
f 1577 1627 1628
f 1581 1577 1628
f 1581 1628 1629
f 1579 1581 1629
f 1579 1629 1630
f 1575 1579 1630
f 1575 1630 1631
f 1572 1575 1631
f 1572 1631 1632
f 1567 1572 1632
f 1567 1632 1633
f 1564 1567 1633
f 1564 1633 1634
f 1564 1634 1635
f 1559 1564 1635
f 1559 1635 1636
f 1555 1559 1636
f 1550 1555 1636
f 1550 1636 1637
f 1546 1550 1637
f 1546 1637 1638
f 1541 1546 1638
f 1541 1638 1639
f 1537 1639 1640
f 1537 1640 1641
f 1537 1541 1639
f 1534 1537 1641
f 1530 1641 1642
f 1530 1534 1641
f 1526 1642 1643
f 1526 1530 1642
f 1522 1526 1643
f 1522 1643 1644
f 1522 1644 1645
f 1518 1522 1645
f 1518 1645 1646
f 1515 1518 1646
f 1515 1646 1647
f 1512 1515 1647
f 1512 1647 1648
f 1509 1512 1648
f 1506 1509 1648
f 1506 1648 1649
f 1503 1506 1649
f 1503 1649 1650
f 1503 1650 1651
f 1500 1503 1651
f 1500 1651 1652
f 1497 1500 1652
f 1497 1652 1653
f 1494 1497 1653
f 1494 1653 1654
f 1491 1494 1654
f 1491 1654 1655
f 1487 1491 1655
f 1484 1656 1657
f 1484 1487 1655
f 1484 1655 1656
f 1481 1657 1658
f 1481 1484 1657
f 1478 1658 1659
f 1478 1481 1658
f 1475 1659 1660
f 1475 1478 1659
f 1472 1475 1660
f 1468 1660 1661
f 1468 1661 1662
f 1468 1472 1660
f 1465 1468 1662
f 1462 1662 1663
f 1462 1465 1662
f 1459 1663 1664
f 1459 1462 1663
f 1456 1664 1665
f 1456 1665 1666
f 1456 1459 1664
f 1453 1456 1666
f 1450 1666 1667
f 1450 1667 1668
f 1450 1453 1666
f 1447 1450 1668
f 1444 1668 1669
f 1444 1447 1668
f 1441 1444 1669
f 1441 1669 1670
f 1438 1441 1670
f 1438 1670 1671
f 1438 1671 1672
f 1435 1438 1672
f 1432 1435 1672
f 1432 1672 1673
f 1432 1673 1674
f 1429 1674 1675
f 1429 1432 1674
f 1426 1429 1675
f 1423 1675 1676
f 1423 1676 1677
f 1423 1426 1675
f 1420 1423 1677
f 1416 1677 1678
f 1416 1678 1679
f 1416 1420 1677
f 1412 1416 1679
f 1408 1679 1680
f 1408 1412 1679
f 1404 1680 1681
f 1404 1681 1682
f 1404 1408 1680
f 1400 1682 1683
f 1400 1404 1682
f 1396 1683 1684
f 1396 1400 1683
f 1392 1396 1684
f 1388 1684 1685
f 1388 1685 1686
f 1388 1392 1684
f 1384 1388 1686
f 1380 1686 1687
f 1380 1687 1688
f 1380 1384 1686
f 1376 1380 1688
f 1372 1688 1689
f 1372 1689 1690
f 1372 1376 1688
f 1368 1372 1690
f 1364 1690 1691
f 1364 1691 1692
f 1364 1368 1690
f 1362 1364 1692
f 1360 1692 1693
f 1360 1693 1694
f 1360 1362 1692
f 1366 1694 1695
f 1366 1360 1694
f 1369 1366 1695
f 1373 1695 1696
f 1373 1696 1697
f 1373 1369 1695
f 1377 1373 1697
f 1381 1377 1697
f 1381 1697 1698
f 1385 1381 1698
f 1385 1698 1699
f 1389 1385 1699
f 1389 1699 1700
f 1394 1389 1700
f 1394 1700 1701
f 1397 1394 1701
f 1397 1701 1702
f 1397 1702 1703
f 1401 1397 1703
f 1405 1401 1703
f 1405 1703 1704
f 1405 1704 1705
f 1409 1405 1705
f 1409 1705 1706
f 1413 1409 1706
f 1417 1706 1707
f 1417 1413 1706
f 1421 1707 1582
f 1421 1417 1707
f 1708 1709 1710
f 1646 1645 1708
f 1708 1711 1709
f 1645 1644 1708
f 1712 1647 1646
f 1712 1648 1647
f 1712 1708 1710
f 1712 1646 1708
f 1712 1713 1714
f 1712 1710 1713
f 1715 1649 1648
f 1715 1650 1649
f 1715 1648 1712
f 1715 1716 1717
f 1715 1714 1716
f 1715 1712 1714
f 1718 1651 1650
f 1718 1652 1651
f 1718 1650 1715
f 1718 1715 1717
f 1718 1719 1720
f 1718 1717 1719
f 1721 1653 1652
f 1721 1654 1653
f 1721 1652 1718
f 1721 1718 1720
f 1721 1722 1723
f 1721 1720 1722
f 1724 1655 1654
f 1724 1656 1655
f 1724 1725 1726
f 1724 1723 1725
f 1724 1721 1723
f 1724 1654 1721
f 1727 1657 1656
f 1727 1658 1657
f 1727 1656 1724
f 1727 1724 1726
f 1727 1728 1729
f 1727 1726 1728
f 1730 1659 1658
f 1730 1660 1659
f 1730 1658 1727
f 1730 1731 1732
f 1730 1729 1731
f 1730 1727 1729
f 1733 1661 1660
f 1733 1662 1661
f 1733 1734 1735
f 1733 1732 1734
f 1733 1730 1732
f 1733 1660 1730
f 1736 1733 1735
f 1736 1663 1662
f 1736 1664 1663
f 1736 1662 1733
f 1736 1737 1738
f 1736 1735 1737
f 1739 1665 1664
f 1739 1666 1665
f 1739 1740 1741
f 1739 1738 1740
f 1739 1736 1738
f 1739 1664 1736
f 1742 1743 1744
f 1742 1741 1743
f 1742 1666 1739
f 1742 1667 1666
f 1742 1668 1667
f 1742 1739 1741
f 1745 1746 1747
f 1745 1744 1746
f 1745 1669 1668
f 1745 1670 1669
f 1745 1668 1742
f 1745 1742 1744
f 1748 1749 1750
f 1748 1747 1749
f 1748 1671 1670
f 1748 1672 1671
f 1748 1745 1747
f 1748 1670 1745
f 1751 1750 1752
f 1751 1673 1672
f 1751 1674 1673
f 1751 1672 1748
f 1751 1748 1750
f 1751 1752 1753
f 1754 1751 1753
f 1754 1675 1674
f 1754 1676 1675
f 1754 1674 1751
f 1754 1755 1756
f 1754 1753 1755
f 1757 1677 1676
f 1757 1678 1677
f 1757 1754 1756
f 1757 1676 1754
f 1757 1758 1759
f 1757 1756 1758
f 1760 1757 1759
f 1760 1679 1678
f 1760 1680 1679
f 1760 1678 1757
f 1760 1761 1762
f 1760 1759 1761
f 1763 1681 1680
f 1763 1682 1681
f 1763 1760 1762
f 1763 1680 1760
f 1763 1764 1765
f 1763 1762 1764
f 1766 1763 1765
f 1766 1682 1763
f 1766 1683 1682
f 1766 1684 1683
f 1766 1767 1768
f 1766 1765 1767
f 1769 1685 1684
f 1769 1686 1685
f 1769 1766 1768
f 1769 1684 1766
f 1769 1770 1771
f 1769 1768 1770
f 1772 1769 1771
f 1772 1686 1769
f 1772 1773 1774
f 1772 1687 1686
f 1772 1688 1687
f 1772 1771 1773
f 1775 1776 1777
f 1775 1774 1776
f 1775 1689 1688
f 1775 1690 1689
f 1775 1688 1772
f 1775 1772 1774
f 1778 1775 1777
f 1778 1779 1780
f 1778 1777 1779
f 1778 1690 1775
f 1778 1691 1690
f 1778 1692 1691
f 1781 1782 1783
f 1781 1780 1782
f 1781 1693 1692
f 1781 1694 1693
f 1781 1778 1780
f 1781 1692 1778
f 1784 1694 1781
f 1784 1785 1786
f 1784 1783 1785
f 1784 1695 1694
f 1784 1696 1695
f 1784 1781 1783
f 1787 1788 1789
f 1787 1786 1788
f 1787 1784 1786
f 1787 1696 1784
f 1787 1697 1696
f 1787 1698 1697
f 1790 1791 1792
f 1790 1789 1791
f 1790 1699 1698
f 1790 1700 1699
f 1790 1698 1787
f 1790 1787 1789
f 1793 1700 1790
f 1793 1794 1795
f 1793 1792 1794
f 1793 1701 1700
f 1793 1702 1701
f 1793 1790 1792
f 1796 1797 1798
f 1796 1795 1797
f 1796 1793 1795
f 1796 1702 1793
f 1796 1703 1702
f 1796 1704 1703
f 1799 1796 1798
f 1799 1800 1801
f 1799 1798 1800
f 1799 1705 1704
f 1799 1706 1705
f 1799 1704 1796
f 1802 1803 1804
f 1802 1801 1803
f 1802 1707 1706
f 1802 1582 1707
f 1802 1799 1801
f 1802 1706 1799
f 1805 1806 1807
f 1805 1804 1806
f 1805 1802 1804
f 1805 1583 1582
f 1805 1584 1583
f 1805 1582 1802
f 1808 1805 1807
f 1808 1809 1810
f 1808 1807 1809
f 1808 1584 1805
f 1808 1585 1584
f 1808 1586 1585
f 1811 1808 1810
f 1811 1586 1808
f 1811 1812 1813
f 1811 1810 1812
f 1811 1587 1586
f 1811 1588 1587
f 1814 1815 1816
f 1814 1813 1815
f 1814 1811 1813
f 1814 1588 1811
f 1814 1589 1588
f 1814 1590 1589
f 1817 1591 1590
f 1817 1592 1591
f 1817 1814 1816
f 1817 1590 1814
f 1817 1818 1819
f 1817 1816 1818
f 1820 1593 1592
f 1820 1594 1593
f 1820 1817 1819
f 1820 1821 1822
f 1820 1819 1821
f 1820 1592 1817
f 1823 1595 1594
f 1823 1596 1595
f 1823 1824 1825
f 1823 1822 1824
f 1823 1594 1820
f 1823 1820 1822
f 1826 1597 1596
f 1826 1598 1597
f 1826 1827 1828
f 1826 1825 1827
f 1826 1596 1823
f 1826 1823 1825
f 1829 1599 1598
f 1829 1600 1599
f 1829 1830 1831
f 1829 1828 1830
f 1829 1598 1826
f 1829 1826 1828
f 1832 1601 1600
f 1832 1602 1601
f 1832 1833 1834
f 1832 1831 1833
f 1832 1600 1829
f 1832 1829 1831
f 1835 1832 1834
f 1835 1602 1832
f 1835 1603 1602
f 1835 1604 1603
f 1835 1834 1836
f 1835 1836 1837
f 1838 1835 1837
f 1838 1605 1604
f 1838 1606 1605
f 1838 1604 1835
f 1838 1839 1840
f 1838 1837 1839
f 1841 1607 1606
f 1841 1608 1607
f 1841 1838 1840
f 1841 1606 1838
f 1841 1842 1843
f 1841 1840 1842
f 1844 1609 1608
f 1844 1610 1609
f 1844 1841 1843
f 1844 1608 1841
f 1844 1845 1846
f 1844 1843 1845
f 1847 1611 1610
f 1847 1612 1611
f 1847 1610 1844
f 1847 1848 1849
f 1847 1846 1848
f 1847 1844 1846
f 1850 1613 1612
f 1850 1614 1613
f 1850 1851 1852
f 1850 1849 1851
f 1850 1847 1849
f 1850 1612 1847
f 1853 1615 1614
f 1853 1616 1615
f 1853 1854 1855
f 1853 1852 1854
f 1853 1614 1850
f 1853 1850 1852
f 1856 1617 1616
f 1856 1618 1617
f 1856 1857 1858
f 1856 1855 1857
f 1856 1853 1855
f 1856 1616 1853
f 1859 1856 1858
f 1859 1618 1856
f 1859 1619 1618
f 1859 1620 1619
f 1859 1860 1861
f 1859 1858 1860
f 1862 1620 1859
f 1862 1859 1861
f 1862 1621 1620
f 1862 1622 1621
f 1862 1863 1864
f 1862 1861 1863
f 1865 1623 1622
f 1865 1622 1862
f 1865 1624 1623
f 1865 1866 1867
f 1865 1864 1866
f 1865 1862 1864
f 1868 1625 1624
f 1868 1626 1625
f 1868 1865 1867
f 1868 1624 1865
f 1868 1869 1870
f 1868 1867 1869
f 1871 1868 1870
f 1871 1627 1626
f 1871 1628 1627
f 1871 1626 1868
f 1871 1872 1873
f 1871 1870 1872
f 1874 1629 1628
f 1874 1630 1629
f 1874 1871 1873
f 1874 1628 1871
f 1874 1875 1876
f 1874 1873 1875
f 1877 1631 1630
f 1877 1632 1631
f 1877 1630 1874
f 1877 1874 1876
f 1877 1878 1879
f 1877 1876 1878
f 1880 1877 1879
f 1880 1633 1632
f 1880 1634 1633
f 1880 1632 1877
f 1880 1881 1882
f 1880 1879 1881
f 1883 1880 1882
f 1883 1634 1880
f 1883 1635 1634
f 1883 1636 1635
f 1883 1884 1885
f 1883 1882 1884
f 1886 1636 1883
f 1886 1883 1885
f 1886 1637 1636
f 1886 1638 1637
f 1886 1887 1888
f 1886 1885 1887
f 1889 1886 1888
f 1889 1639 1638
f 1889 1640 1639
f 1889 1638 1886
f 1889 1890 1891
f 1889 1888 1890
f 1892 1889 1891
f 1892 1640 1889
f 1892 1641 1640
f 1892 1642 1641
f 1892 1893 1894
f 1892 1891 1893
f 1895 1892 1894
f 1895 1643 1642
f 1895 1644 1643
f 1895 1708 1644
f 1895 1711 1708
f 1895 1896 1711
f 1895 1894 1896
f 1895 1642 1892
f 1876 1879 1878
f 1876 1881 1879
f 1875 1882 1876
f 1873 1882 1875
f 1872 1882 1873
f 1870 1882 1872
f 1876 1882 1881
f 1882 1885 1884
f 1870 1885 1882
f 1885 1888 1887
f 1888 1891 1890
f 1885 1891 1888
f 1885 1893 1891
f 1885 1894 1893
f 1896 1709 1711
f 1894 1709 1896
f 1869 1709 1870
f 1867 1709 1869
f 1870 1709 1885
f 1885 1709 1894
f 1836 1867 1837
f 1837 1867 1839
f 1839 1867 1840
f 1840 1867 1842
f 1842 1867 1843
f 1843 1867 1845
f 1845 1867 1846
f 1846 1867 1848
f 1848 1867 1849
f 1849 1867 1851
f 1851 1867 1852
f 1852 1867 1854
f 1854 1867 1855
f 1855 1867 1857
f 1857 1867 1866
f 1857 1866 1858
f 1858 1866 1860
f 1860 1866 1861
f 1861 1866 1863
f 1863 1866 1864
f 1833 1836 1834
f 1831 1836 1833
f 1830 1836 1831
f 1828 1836 1830
f 1827 1836 1828
f 1825 1836 1827
f 1824 1836 1825
f 1822 1836 1824
f 1821 1836 1822
f 1821 1819 1836
f 1819 1818 1836
f 1818 1816 1836
f 1816 1815 1836
f 1815 1813 1836
f 1813 1812 1836
f 1812 1810 1836
f 1810 1809 1836
f 1809 1807 1836
f 1807 1806 1836
f 1806 1804 1836
f 1803 1800 1804
f 1801 1800 1803
f 1798 1797 1800
f 1800 1797 1804
f 1791 1789 1792
f 1795 1788 1797
f 1794 1788 1795
f 1792 1788 1794
f 1789 1788 1792
f 1786 1782 1788
f 1785 1782 1786
f 1783 1782 1785
f 1780 1779 1782
f 1779 1777 1782
f 1776 1774 1777
f 1797 1774 1804
f 1788 1774 1797
f 1782 1774 1788
f 1777 1774 1782
f 1774 1773 1804
f 1771 1741 1773
f 1770 1741 1771
f 1768 1741 1770
f 1767 1741 1768
f 1765 1741 1767
f 1764 1741 1765
f 1762 1741 1764
f 1761 1741 1762
f 1759 1741 1761
f 1758 1741 1759
f 1756 1741 1758
f 1755 1741 1756
f 1753 1741 1755
f 1752 1741 1753
f 1750 1741 1752
f 1749 1741 1750
f 1747 1741 1749
f 1746 1741 1747
f 1744 1741 1746
f 1743 1741 1744
f 1723 1741 1725
f 1722 1741 1723
f 1720 1741 1722
f 1719 1741 1720
f 1717 1741 1719
f 1716 1741 1717
f 1714 1741 1716
f 1713 1741 1714
f 1710 1741 1713
f 1709 1741 1710
f 1741 1726 1725
f 1741 1728 1726
f 1740 1738 1741
f 1741 1729 1728
f 1738 1737 1741
f 1741 1731 1729
f 1737 1735 1741
f 1741 1732 1731
f 1735 1734 1741
f 1741 1734 1732
f 1897 1898 1709
f 1899 1897 1709
f 1900 1899 1709
f 1901 1900 1709
f 1902 1709 1867
f 1902 1901 1709
f 1903 1902 1867
f 1904 1903 1867
f 1905 1904 1867
f 1906 1905 1867
f 1907 1906 1867
f 1908 1907 1867
f 1909 1910 1911
f 1912 1898 1909
f 1913 1914 1915
f 1916 1913 1915
f 1916 1917 1918
f 1916 1915 1917
f 1919 1916 1918
f 1919 1918 1920
f 1921 1919 1920
f 1922 1921 1923
f 1922 1919 1921
f 1924 1922 1923
f 1925 1924 1926
f 1925 1922 1924
f 1927 1925 1926
f 1928 1927 1929
f 1928 1925 1927
f 1930 1928 1929
f 1931 1930 1932
f 1931 1928 1930
f 1933 1931 1932
f 1934 1935 1936
f 1934 1933 1935
f 1934 1931 1933
f 1937 1936 1938
f 1937 1934 1936
f 1939 1940 1941
f 1942 1943 1944
f 1942 1941 1943
f 1942 1939 1941
f 1945 1946 1947
f 1945 1944 1946
f 1945 1942 1944
f 1948 1947 1949
f 1948 1945 1947
f 1950 1948 1949
f 1951 1948 1950
f 1951 1950 1952
f 1953 1951 1952
f 1954 1951 1953
f 1954 1953 1955
f 1956 1954 1955
f 1957 1954 1956
f 1957 1956 1958
f 1959 1957 1958
f 1960 1957 1959
f 1960 1961 1962
f 1960 1959 1961
f 1963 1964 1965
f 1963 1966 1964
f 1967 1963 1965
f 1967 1965 1968
f 1969 1967 1968
f 1970 1967 1969
f 1970 1969 1971
f 1972 1970 1971
f 1973 1970 1972
f 1974 1973 1972
f 1975 1973 1974
f 1975 1974 1976
f 1977 1975 1976
f 1978 1975 1977
f 1978 1977 1979
f 1980 1978 1979
f 1981 1978 1980
f 1981 1982 1983
f 1981 1980 1982
f 1984 1985 1986
f 1984 1983 1985
f 1984 1981 1983
f 1987 1986 1988
f 1987 1984 1986
f 1989 1990 1991
f 1989 1992 1990
f 1993 1989 1991
f 1993 1991 1994
f 1995 1993 1994
f 1996 1993 1995
f 1996 1995 1997
f 1998 1996 1997
f 1999 1996 1998
f 2000 1999 1998
f 2001 1999 2000
f 2002 1999 2001
f 2003 2002 2001
f 2004 2002 2003
f 2004 2003 2005
f 2006 2004 2005
f 2007 2004 2006
f 2007 2008 2009
f 2007 2006 2008
f 2010 2007 2009
f 2010 2011 2012
f 2010 2009 2011
f 2013 2014 2015
f 2013 2016 2014
f 2017 2015 2018
f 2017 2013 2015
f 2019 2017 2018
f 2020 2019 2021
f 2020 2017 2019
f 2022 2020 2021
f 2023 2022 2024
f 2023 2020 2022
f 2025 2023 2024
f 2026 2023 2025
f 2027 2026 2025
f 2028 2026 2027
f 2029 2028 2030
f 2029 2026 2028
f 2031 2032 2033
f 2031 2030 2032
f 2031 2029 2030
f 2034 2031 2033
f 2034 2035 2036
f 2034 2033 2035
f 2037 2034 2036
f 2038 2034 2037
f 2038 2037 2039
f 1906 1907 2040
f 1906 2041 2042
f 1906 2040 2041
f 1905 1906 2042
f 1905 2043 2044
f 1905 2042 2043
f 1904 1905 2044
f 1904 2044 2045
f 2046 1904 2045
f 1903 2046 2047
f 1903 1904 2046
f 2048 1903 2047
f 1902 2048 2049
f 1902 1903 2048
f 2050 1902 2049
f 1901 2050 2051
f 1901 1902 2050
f 2052 1901 2051
f 1900 2052 2053
f 1900 1901 2052
f 2054 1900 2053
f 1899 2055 2056
f 1899 2054 2055
f 1899 1900 2054
f 1909 2057 1910
f 1898 1897 1909
f 2058 1909 1911
f 2058 1912 1909
f 2058 1914 1913
f 2058 2059 1914
f 2058 1911 2059
f 2058 1913 1912
f 2060 2061 2062
f 2060 1938 2061
f 2060 2063 1937
f 2060 1937 1938
f 2064 2065 2066
f 2064 2062 2065
f 2064 2067 2063
f 2064 2060 2062
f 2064 2063 2060
f 2068 2066 1940
f 2068 1939 2067
f 2068 2067 2064
f 2068 1940 1939
f 2068 2064 2066
f 2069 1960 1962
f 2069 2070 1960
f 2069 2071 2072
f 2069 1962 2071
f 2073 2074 2075
f 2073 2075 2070
f 2073 2069 2072
f 2073 2070 2069
f 2073 2076 2077
f 2073 2072 2076
f 2078 1963 2074
f 2078 1966 1963
f 2078 2073 2077
f 2078 2074 2073
f 2078 2079 1966
f 2078 2077 2079
f 2080 2081 1987
f 2080 2082 2083
f 2080 1988 2082
f 2080 1987 1988
f 2084 2080 2083
f 2084 2081 2080
f 2084 2085 2086
f 2084 2083 2085
f 2084 2087 2081
f 2088 1992 1989
f 2088 2086 1992
f 2088 2087 2084
f 2088 2084 2086
f 2088 1989 2087
f 2089 2010 2012
f 2089 2090 2091
f 2089 2012 2090
f 2089 2092 2010
f 2093 2092 2089
f 2093 2094 2095
f 2093 2091 2094
f 2093 2089 2091
f 2093 2096 2097
f 2093 2097 2092
f 2098 2093 2095
f 2098 2096 2093
f 2098 2099 2016
f 2098 2095 2099
f 2098 2016 2013
f 2098 2013 2096
f 2100 2038 2039
f 2100 2101 2102
f 2100 2039 2101
f 2100 1908 2038
f 2103 2040 1907
f 2103 2104 2040
f 2103 2102 2104
f 2103 1908 2100
f 2103 1907 1908
f 2103 2100 2102
f 2105 2106 2057
f 2105 2056 2106
f 2105 1899 2056
f 2105 1897 1899
f 2105 2057 1909
f 2105 1909 1897
f 1937 2063 1741
f 1934 1937 1741
f 1931 1934 1741
f 1928 1931 1741
f 1925 1741 1709
f 1925 1928 1741
f 1922 1925 1709
f 1919 1922 1709
f 1916 1919 1709
f 1913 1916 1709
f 1912 1913 1709
f 1898 1912 1709
f 2070 2075 1773
f 1960 2070 1773
f 1957 1960 1773
f 1954 1957 1773
f 1951 1773 1741
f 1951 1954 1773
f 1948 1951 1741
f 1945 1948 1741
f 1942 1945 1741
f 1939 1942 1741
f 2067 1939 1741
f 2063 2067 1741
f 1987 2081 1804
f 1984 1987 1804
f 1981 1984 1804
f 1978 1981 1804
f 1975 1804 1773
f 1975 1978 1804
f 1973 1975 1773
f 1970 1973 1773
f 1967 1970 1773
f 1963 1967 1773
f 2074 1963 1773
f 2075 2074 1773
f 2092 2097 1836
f 2010 2092 1836
f 2007 2010 1836
f 2004 2007 1836
f 2002 1836 1804
f 2002 2004 1836
f 1999 2002 1804
f 1996 1999 1804
f 1993 1996 1804
f 1989 1993 1804
f 2087 1989 1804
f 2081 2087 1804
f 2038 1908 1867
f 2034 2038 1867
f 2031 2034 1867
f 2029 2031 1867
f 2026 1867 1836
f 2026 2029 1867
f 2023 2026 1836
f 2020 2023 1836
f 2017 2020 1836
f 2013 2017 1836
f 2096 2013 1836
f 2097 2096 1836
f 2107 2025 2024
f 2108 2024 2022
f 2108 2107 2024
f 2109 2022 2021
f 2109 2108 2022
f 2110 2021 2019
f 2110 2109 2021
f 2111 2019 2018
f 2111 2110 2019
f 2112 2018 2015
f 2112 2111 2018
f 2113 2015 2014
f 2113 2112 2015
f 2114 2014 2016
f 2114 2113 2014
f 2115 2016 2099
f 2115 2114 2016
f 2116 2099 2095
f 2116 2115 2099
f 2117 2095 2094
f 2117 2116 2095
f 2118 2117 2094
f 2118 2094 2091
f 2119 2118 2091
f 2119 2091 2090
f 2120 2119 2090
f 2120 2090 2012
f 2121 2120 2012
f 2121 2012 2011
f 2122 2121 2011
f 2122 2011 2009
f 2123 2122 2009
f 2123 2009 2008
f 2124 2123 2008
f 2124 2008 2006
f 2125 2124 2006
f 2125 2006 2005
f 2126 2125 2005
f 2126 2005 2003
f 2127 2126 2003
f 2127 2003 2001
f 2128 2127 2001
f 2128 2001 2000
f 2129 2128 2000
f 2129 2000 1998
f 2130 1998 1997
f 2130 2129 1998
f 2131 1997 1995
f 2131 2130 1997
f 2132 1995 1994
f 2132 2131 1995
f 2133 1994 1991
f 2133 2132 1994
f 2134 1991 1990
f 2134 2133 1991
f 2135 1990 1992
f 2135 2134 1990
f 2136 1992 2086
f 2136 2135 1992
f 2137 2086 2085
f 2137 2136 2086
f 2138 2085 2083
f 2138 2137 2085
f 2139 2083 2082
f 2139 2138 2083
f 2140 2082 1988
f 2140 2139 2082
f 2141 1988 1986
f 2141 2140 1988
f 2142 1986 1985
f 2142 2141 1986
f 2143 2142 1985
f 2143 1985 1983
f 2144 2143 1983
f 2144 1983 1982
f 2145 2144 1982
f 2145 1982 1980
f 2146 2145 1980
f 2146 1980 1979
f 2147 2146 1979
f 2147 1979 1977
f 2148 2147 1977
f 2148 1977 1976
f 2149 2148 1976
f 2149 1976 1974
f 2150 2149 1974
f 2150 1974 1972
f 2151 2150 1972
f 2151 1972 1971
f 2152 2151 1971
f 2152 1971 1969
f 2153 2152 1969
f 2153 1969 1968
f 2154 2153 1968
f 2154 1968 1965
f 2155 2154 1965
f 2155 1965 1964
f 2156 2155 1964
f 2156 1964 1966
f 2157 2156 1966
f 2157 1966 2079
f 2158 2157 2079
f 2158 2079 2077
f 2159 2158 2077
f 2159 2077 2076
f 2160 2159 2076
f 2160 2076 2072
f 2161 2160 2072
f 2161 2072 2071
f 2162 2161 2071
f 2162 2071 1962
f 2163 1962 1961
f 2163 2162 1962
f 2164 1961 1959
f 2164 2163 1961
f 2165 1959 1958
f 2165 2164 1959
f 2166 1958 1956
f 2166 2165 1958
f 2167 1956 1955
f 2167 2166 1956
f 2168 1955 1953
f 2168 2167 1955
f 2169 2168 1953
f 2169 1953 1952
f 2170 2169 1952
f 2170 1952 1950
f 2171 2170 1950
f 2171 1950 1949
f 2172 2171 1949
f 2172 1949 1947
f 2173 2172 1947
f 2173 1947 1946
f 2174 2173 1946
f 2174 1946 1944
f 2175 2174 1944
f 2175 1944 1943
f 2176 2175 1943
f 2176 1943 1941
f 2177 2176 1941
f 2177 1941 1940
f 2178 2177 1940
f 2178 1940 2066
f 2179 2178 2066
f 2179 2066 2065
f 2180 2179 2065
f 2180 2065 2062
f 2181 2062 2061
f 2181 2180 2062
f 2182 2061 1938
f 2182 2181 2061
f 2183 1938 1936
f 2183 2182 1938
f 2184 1936 1935
f 2184 2183 1936
f 2185 1935 1933
f 2185 2184 1935
f 2186 1933 1932
f 2186 2185 1933
f 2187 1932 1930
f 2187 2186 1932
f 2188 1930 1929
f 2188 2187 1930
f 2189 1929 1927
f 2189 2188 1929
f 2190 1927 1926
f 2190 2189 1927
f 2191 1926 1924
f 2191 2190 1926
f 2192 1924 1923
f 2192 2191 1924
f 2193 1923 1921
f 2193 2192 1923
f 2194 2193 1921
f 2194 1921 1920
f 2195 2194 1920
f 2195 1920 1918
f 2196 2195 1918
f 2196 1918 1917
f 2197 2196 1917
f 2197 1917 1915
f 2198 2197 1915
f 2198 1915 1914
f 2199 1914 2059
f 2199 2198 1914
f 2200 2059 1911
f 2200 2199 2059
f 2201 1911 1910
f 2201 2200 1911
f 2202 1910 2057
f 2202 2201 1910
f 2203 2057 2106
f 2203 2202 2057
f 2204 2106 2056
f 2204 2203 2106
f 2205 2056 2055
f 2205 2204 2056
f 2206 2055 2054
f 2206 2205 2055
f 2207 2054 2053
f 2207 2206 2054
f 2208 2053 2052
f 2208 2207 2053
f 2209 2052 2051
f 2209 2208 2052
f 2210 2051 2050
f 2210 2209 2051
f 2211 2050 2049
f 2211 2210 2050
f 2212 2049 2048
f 2212 2211 2049
f 2213 2048 2047
f 2213 2212 2048
f 2214 2047 2046
f 2214 2213 2047
f 2215 2046 2045
f 2215 2214 2046
f 2216 2045 2044
f 2216 2215 2045
f 2217 2044 2043
f 2217 2216 2044
f 2218 2043 2042
f 2218 2217 2043
f 2219 2218 2042
f 2219 2042 2041
f 2220 2219 2041
f 2220 2041 2040
f 2221 2220 2040
f 2221 2040 2104
f 2222 2221 2104
f 2222 2104 2102
f 2223 2222 2102
f 2223 2102 2101
f 2224 2223 2101
f 2224 2101 2039
f 2225 2224 2039
f 2225 2039 2037
f 2226 2225 2037
f 2226 2037 2036
f 2227 2226 2036
f 2227 2036 2035
f 2228 2227 2035
f 2228 2035 2033
f 2229 2228 2033
f 2229 2033 2032
f 2230 2229 2032
f 2230 2032 2030
f 2231 2230 2030
f 2231 2030 2028
f 2232 2028 2027
f 2232 2231 2028
f 2107 2027 2025
f 2107 2232 2027
f 2233 2169 2170
f 2234 2233 2170
f 2234 2170 2171
f 2235 2233 2234
f 2235 2236 2233
f 2237 2238 2236
f 2237 2236 2235
f 2239 2240 2238
f 2239 2238 2237
f 2241 2234 2171
f 2241 2171 2172
f 2242 2240 2239
f 2242 2243 2240
f 2244 2235 2234
f 2244 2234 2241
f 2245 2243 2242
f 2245 2246 2243
f 2247 2235 2244
f 2247 2237 2235
f 2248 2249 2246
f 2248 2246 2245
f 2250 2239 2237
f 2250 2237 2247
f 2251 2252 2253
f 2251 2253 2254
f 2251 2254 2249
f 2251 2249 2248
f 2255 2172 2173
f 2255 2241 2172
f 2256 2239 2250
f 2256 2242 2239
f 2257 2241 2255
f 2257 2244 2241
f 2258 2245 2242
f 2258 2242 2256
f 2259 2244 2257
f 2259 2247 2244
f 2260 2248 2245
f 2260 2245 2258
f 2261 2247 2259
f 2261 2250 2247
f 2262 2263 2252
f 2262 2248 2260
f 2262 2252 2251
f 2262 2251 2248
f 2264 2255 2173
f 2264 2173 2174
f 2265 2256 2250
f 2265 2250 2261
f 2266 2255 2264
f 2266 2257 2255
f 2267 2256 2265
f 2267 2258 2256
f 2268 2257 2266
f 2268 2259 2257
f 2269 2258 2267
f 2269 2260 2258
f 2270 2259 2268
f 2270 2261 2259
f 2271 2272 2263
f 2271 2262 2260
f 2271 2263 2262
f 2271 2260 2269
f 2273 2174 2175
f 2273 2264 2174
f 2274 2261 2270
f 2274 2265 2261
f 2275 2264 2273
f 2275 2266 2264
f 2276 2265 2274
f 2276 2267 2265
f 2277 2268 2266
f 2277 2266 2275
f 2278 2269 2267
f 2278 2267 2276
f 2279 2268 2277
f 2279 2270 2268
f 2280 2281 2272
f 2280 2272 2271
f 2280 2271 2269
f 2280 2269 2278
f 2282 2175 2176
f 2282 2273 2175
f 2283 2270 2279
f 2283 2274 2270
f 2284 2273 2282
f 2284 2275 2273
f 2285 2274 2283
f 2285 2276 2274
f 2286 2275 2284
f 2286 2277 2275
f 2287 2276 2285
f 2287 2278 2276
f 2288 2279 2277
f 2288 2277 2286
f 2289 2290 2281
f 2289 2278 2287
f 2289 2280 2278
f 2289 2281 2280
f 2291 2176 2177
f 2291 2282 2176
f 2292 2283 2279
f 2292 2279 2288
f 2293 2284 2282
f 2293 2282 2291
f 2294 2283 2292
f 2294 2285 2283
f 2295 2286 2284
f 2295 2284 2293
f 2296 2287 2285
f 2296 2285 2294
f 2297 2288 2286
f 2297 2286 2295
f 2298 2299 2290
f 2298 2289 2287
f 2298 2290 2289
f 2298 2287 2296
f 2300 2177 2178
f 2300 2293 2291
f 2300 2291 2177
f 2301 2288 2297
f 2301 2292 2288
f 2302 2293 2300
f 2303 2292 2301
f 2303 2294 2292
f 2304 2295 2293
f 2304 2293 2302
f 2305 2296 2294
f 2305 2294 2303
f 2306 2297 2295
f 2306 2295 2304
f 2307 2308 2299
f 2307 2296 2305
f 2307 2299 2298
f 2307 2298 2296
f 2309 2300 2178
f 2309 2178 2179
f 2310 2301 2297
f 2310 2297 2306
f 2311 2300 2309
f 2311 2302 2300
f 2312 2303 2301
f 2312 2301 2310
f 2313 2306 2304
f 2313 2302 2311
f 2313 2304 2302
f 2314 2305 2303
f 2314 2303 2312
f 2315 2306 2313
f 2316 2317 2308
f 2316 2318 2317
f 2316 2305 2314
f 2316 2308 2307
f 2316 2307 2305
f 2319 2179 2180
f 2319 2309 2179
f 2320 2312 2310
f 2320 2306 2315
f 2320 2310 2306
f 2321 2311 2309
f 2321 2309 2319
f 2322 2312 2320
f 2323 2311 2321
f 2323 2313 2311
f 2324 2312 2322
f 2324 2316 2314
f 2324 2314 2312
f 2325 2313 2323
f 2325 2315 2313
f 2326 2318 2316
f 2326 2316 2324
f 2327 2319 2180
f 2327 2180 2181
f 2327 2321 2319
f 2328 2315 2325
f 2328 2320 2315
f 2329 2321 2327
f 2330 2320 2328
f 2330 2322 2320
f 2331 2323 2321
f 2331 2321 2329
f 2332 2324 2322
f 2332 2322 2330
f 2333 2323 2331
f 2333 2328 2325
f 2333 2325 2323
f 2334 2318 2326
f 2334 2335 2318
f 2334 2324 2332
f 2334 2326 2324
f 2336 2181 2182
f 2336 2327 2181
f 2337 2328 2333
f 2338 2327 2336
f 2338 2329 2327
f 2339 2328 2337
f 2339 2330 2328
f 2340 2331 2329
f 2340 2329 2338
f 2340 2333 2331
f 2341 2332 2330
f 2341 2330 2339
f 2342 2333 2340
f 2343 2334 2332
f 2343 2344 2335
f 2343 2332 2341
f 2343 2335 2334
f 2345 2338 2336
f 2345 2182 2183
f 2345 2336 2182
f 2346 2337 2333
f 2346 2333 2342
f 2346 2339 2337
f 2347 2340 2338
f 2347 2338 2345
f 2348 2339 2346
f 2349 2340 2347
f 2350 2341 2339
f 2350 2343 2341
f 2350 2339 2348
f 2351 2342 2340
f 2351 2340 2349
f 2352 2353 2344
f 2352 2343 2350
f 2352 2344 2343
f 2354 2345 2183
f 2354 2183 2184
f 2355 2346 2342
f 2355 2342 2351
f 2356 2347 2345
f 2356 2345 2354
f 2357 2350 2348
f 2357 2346 2355
f 2357 2348 2346
f 2358 2349 2347
f 2358 2347 2356
f 2359 2350 2357
f 2360 2351 2349
f 2360 2349 2358
f 2361 2362 2353
f 2361 2353 2352
f 2361 2352 2350
f 2361 2350 2359
f 2363 2354 2184
f 2363 2184 2185
f 2364 2351 2360
f 2364 2355 2351
f 2365 2354 2363
f 2365 2356 2354
f 2366 2357 2355
f 2366 2355 2364
f 2367 2358 2356
f 2367 2356 2365
f 2368 2359 2357
f 2368 2357 2366
f 2369 2360 2358
f 2369 2358 2367
f 2370 2371 2362
f 2370 2359 2368
f 2370 2362 2361
f 2370 2361 2359
f 2372 2185 2186
f 2372 2363 2185
f 2372 2365 2363
f 2373 2364 2360
f 2373 2360 2369
f 2374 2367 2365
f 2374 2365 2372
f 2375 2366 2364
f 2375 2364 2373
f 2376 2367 2374
f 2377 2368 2366
f 2377 2366 2375
f 2378 2369 2367
f 2378 2373 2369
f 2378 2367 2376
f 2379 2380 2371
f 2379 2371 2370
f 2379 2370 2368
f 2379 2368 2377
f 2381 2186 2187
f 2381 2372 2186
f 2382 2373 2378
f 2383 2372 2381
f 2383 2374 2372
f 2384 2373 2382
f 2384 2375 2373
f 2384 2377 2375
f 2385 2376 2374
f 2385 2374 2383
f 2386 2377 2384
f 2387 2376 2385
f 2387 2378 2376
f 2388 2389 2380
f 2388 2377 2386
f 2388 2380 2379
f 2388 2379 2377
f 2390 2187 2188
f 2390 2381 2187
f 2391 2378 2387
f 2391 2382 2378
f 2392 2383 2381
f 2392 2381 2390
f 2393 2382 2391
f 2393 2384 2382
f 2394 2385 2383
f 2394 2383 2392
f 2395 2384 2393
f 2395 2386 2384
f 2396 2387 2385
f 2396 2385 2394
f 2397 2398 2389
f 2397 2389 2388
f 2397 2399 2398
f 2397 2386 2395
f 2397 2388 2386
f 2400 2390 2188
f 2400 2188 2189
f 2400 2392 2390
f 2401 2391 2387
f 2401 2387 2396
f 2402 2392 2400
f 2403 2391 2401
f 2403 2393 2391
f 2404 2392 2402
f 2404 2394 2392
f 2404 2396 2394
f 2405 2395 2393
f 2405 2393 2403
f 2406 2401 2396
f 2406 2396 2404
f 2407 2399 2397
f 2407 2397 2395
f 2407 2395 2405
f 2408 2400 2189
f 2408 2189 2190
f 2409 2401 2406
f 2410 2402 2400
f 2410 2400 2408
f 2411 2403 2401
f 2411 2405 2403
f 2411 2401 2409
f 2412 2404 2402
f 2412 2402 2410
f 2413 2405 2411
f 2414 2406 2404
f 2414 2404 2412
f 2415 2416 2399
f 2415 2407 2405
f 2415 2399 2407
f 2415 2405 2413
f 2417 2190 2191
f 2417 2408 2190
f 2418 2406 2414
f 2418 2409 2406
f 2419 2408 2417
f 2419 2410 2408
f 2420 2411 2409
f 2420 2409 2418
f 2421 2410 2419
f 2421 2412 2410
f 2422 2411 2420
f 2422 2413 2411
f 2423 2412 2421
f 2423 2414 2412
f 2424 2413 2422
f 2424 2425 2416
f 2424 2426 2425
f 2424 2416 2415
f 2424 2415 2413
f 2427 2191 2192
f 2427 2417 2191
f 2427 2419 2417
f 2428 2414 2423
f 2428 2418 2414
f 2429 2419 2427
f 2430 2420 2418
f 2430 2418 2428
f 2431 2423 2421
f 2431 2419 2429
f 2431 2421 2419
f 2432 2422 2420
f 2432 2420 2430
f 2433 2423 2431
f 2434 2424 2422
f 2434 2426 2424
f 2434 2422 2432
f 2435 2192 2193
f 2435 2427 2192
f 2436 2428 2423
f 2436 2430 2428
f 2436 2423 2433
f 2437 2429 2427
f 2437 2427 2435
f 2438 2430 2436
f 2439 2431 2429
f 2439 2429 2437
f 2440 2432 2430
f 2440 2434 2432
f 2440 2430 2438
f 2441 2433 2431
f 2441 2431 2439
f 2442 2443 2426
f 2442 2426 2434
f 2442 2434 2440
f 2444 2435 2193
f 2444 2193 2194
f 2445 2433 2441
f 2445 2436 2433
f 2446 2435 2444
f 2446 2437 2435
f 2447 2438 2436
f 2447 2436 2445
f 2448 2439 2437
f 2448 2437 2446
f 2449 2440 2438
f 2449 2438 2447
f 2450 2439 2448
f 2450 2441 2439
f 2451 2440 2449
f 2451 2452 2443
f 2451 2443 2442
f 2451 2442 2440
f 2453 2194 2195
f 2453 2444 2194
f 2454 2445 2441
f 2454 2441 2450
f 2455 2444 2453
f 2455 2446 2444
f 2456 2445 2454
f 2456 2447 2445
f 2457 2448 2446
f 2457 2446 2455
f 2458 2447 2456
f 2458 2449 2447
f 2459 2454 2450
f 2459 2450 2448
f 2459 2448 2457
f 2460 2449 2458
f 2460 2461 2452
f 2460 2451 2449
f 2460 2452 2451
f 2462 2195 2196
f 2462 2453 2195
f 2463 2456 2454
f 2463 2454 2459
f 2464 2453 2462
f 2464 2455 2453
f 2465 2456 2463
f 2465 2458 2456
f 2466 2457 2455
f 2466 2455 2464
f 2467 2458 2465
f 2468 2457 2466
f 2468 2459 2457
f 2469 2460 2458
f 2469 2470 2461
f 2469 2458 2467
f 2469 2461 2460
f 2471 2462 2196
f 2471 2196 2197
f 2472 2459 2468
f 2472 2463 2459
f 2473 2466 2464
f 2473 2462 2471
f 2473 2464 2462
f 2474 2465 2463
f 2474 2463 2472
f 2475 2466 2473
f 2476 2467 2465
f 2476 2465 2474
f 2477 2468 2466
f 2477 2466 2475
f 2478 2470 2469
f 2478 2479 2470
f 2478 2480 2479
f 2478 2469 2467
f 2478 2467 2476
f 2481 2471 2197
f 2481 2197 2198
f 2482 2472 2468
f 2482 2468 2477
f 2482 2474 2472
f 2483 2471 2481
f 2483 2473 2471
f 2484 2476 2474
f 2484 2474 2482
f 2485 2475 2473
f 2485 2473 2483
f 2486 2476 2484
f 2487 2477 2475
f 2487 2475 2485
f 2488 2480 2478
f 2488 2478 2476
f 2488 2476 2486
f 2489 2198 2199
f 2489 2481 2198
f 2490 2482 2477
f 2490 2477 2487
f 2491 2481 2489
f 2491 2483 2481
f 2491 2485 2483
f 2492 2482 2490
f 2492 2484 2482
f 2493 2485 2491
f 2494 2486 2484
f 2494 2484 2492
f 2495 2485 2493
f 2495 2487 2485
f 2496 2497 2480
f 2496 2480 2488
f 2496 2486 2494
f 2496 2488 2486
f 2498 2199 2200
f 2498 2489 2199
f 2499 2487 2495
f 2499 2490 2487
f 2499 2492 2490
f 2500 2489 2498
f 2500 2491 2489
f 2501 2494 2492
f 2501 2492 2499
f 2502 2491 2500
f 2502 2493 2491
f 2503 2494 2501
f 2504 2495 2493
f 2504 2493 2502
f 2505 2497 2496
f 2505 2496 2494
f 2505 2506 2497
f 2505 2494 2503
f 2507 2498 2200
f 2507 2200 2201
f 2508 2495 2504
f 2508 2499 2495
f 2509 2500 2498
f 2509 2498 2507
f 2510 2499 2508
f 2510 2501 2499
f 2511 2500 2509
f 2511 2502 2500
f 2512 2503 2501
f 2512 2501 2510
f 2513 2504 2502
f 2513 2502 2511
f 2513 2508 2504
f 2514 2503 2512
f 2514 2515 2506
f 2514 2505 2503
f 2514 2506 2505
f 2516 2507 2201
f 2516 2201 2202
f 2517 2508 2513
f 2518 2511 2509
f 2518 2509 2507
f 2518 2507 2516
f 2519 2510 2508
f 2519 2508 2517
f 2520 2511 2518
f 2521 2512 2510
f 2521 2510 2519
f 2522 2513 2511
f 2522 2511 2520
f 2523 2524 2515
f 2523 2515 2514
f 2523 2525 2524
f 2523 2514 2512
f 2523 2512 2521
f 2526 2516 2202
f 2526 2202 2203
f 2527 2513 2522
f 2527 2517 2513
f 2527 2519 2517
f 2528 2518 2516
f 2528 2516 2526
f 2529 2521 2519
f 2529 2519 2527
f 2530 2518 2528
f 2530 2520 2518
f 2531 2521 2529
f 2532 2522 2520
f 2532 2520 2530
f 2533 2534 2525
f 2533 2525 2523
f 2533 2523 2521
f 2533 2521 2531
f 2535 2203 2204
f 2535 2526 2203
f 2536 2527 2522
f 2536 2522 2532
f 2537 2528 2526
f 2537 2526 2535
f 2538 2529 2527
f 2538 2527 2536
f 2539 2530 2528
f 2539 2528 2537
f 2540 2529 2538
f 2540 2531 2529
f 2541 2532 2530
f 2541 2530 2539
f 2542 2533 2531
f 2542 2531 2540
f 2542 2534 2533
f 2543 2535 2204
f 2543 2204 2205
f 2544 2536 2532
f 2544 2532 2541
f 2545 2535 2543
f 2545 2537 2535
f 2546 2538 2536
f 2546 2536 2544
f 2547 2541 2539
f 2547 2539 2537
f 2547 2537 2545
f 2548 2540 2538
f 2548 2538 2546
f 2549 2541 2547
f 2550 2542 2540
f 2550 2534 2542
f 2550 2551 2534
f 2550 2540 2548
f 2552 2543 2205
f 2552 2545 2543
f 2552 2205 2206
f 2553 2544 2541
f 2553 2541 2549
f 2554 2545 2552
f 2555 2546 2544
f 2555 2544 2553
f 2555 2548 2546
f 2556 2547 2545
f 2556 2549 2547
f 2556 2545 2554
f 2557 2548 2555
f 2558 2549 2556
f 2559 2560 2551
f 2559 2551 2550
f 2559 2550 2548
f 2559 2548 2557
f 2561 2552 2206
f 2561 2554 2552
f 2561 2206 2207
f 2562 2553 2549
f 2562 2549 2558
f 2563 2556 2554
f 2563 2554 2561
f 2564 2553 2562
f 2564 2555 2553
f 2565 2558 2556
f 2565 2556 2563
f 2566 2557 2555
f 2566 2559 2557
f 2566 2555 2564
f 2567 2558 2565
f 2568 2569 2560
f 2568 2570 2569
f 2568 2559 2566
f 2568 2560 2559
f 2571 2563 2561
f 2571 2207 2208
f 2571 2561 2207
f 2572 2564 2562
f 2572 2562 2558
f 2572 2558 2567
f 2573 2563 2571
f 2574 2564 2572
f 2574 2566 2564
f 2575 2563 2573
f 2575 2565 2563
f 2576 2566 2574
f 2576 2568 2566
f 2577 2565 2575
f 2577 2567 2565
f 2578 2568 2576
f 2578 2570 2568
f 2579 2571 2208
f 2579 2208 2209
f 2580 2567 2577
f 2580 2572 2567
f 2581 2573 2571
f 2581 2571 2579
f 2582 2572 2580
f 2582 2574 2572
f 2583 2575 2573
f 2583 2573 2581
f 2584 2578 2576
f 2584 2574 2582
f 2584 2576 2574
f 2585 2575 2583
f 2585 2577 2575
f 2586 2570 2578
f 2586 2578 2584
f 2586 2587 2570
f 2586 2588 2587
f 2589 2579 2209
f 2589 2581 2579
f 2589 2209 2210
f 2590 2580 2577
f 2590 2577 2585
f 2591 2581 2589
f 2592 2580 2590
f 2592 2582 2580
f 2593 2583 2581
f 2593 2585 2583
f 2593 2581 2591
f 2594 2584 2582
f 2594 2582 2592
f 2595 2585 2593
f 2596 2584 2594
f 2596 2588 2586
f 2596 2586 2584
f 2597 2589 2210
f 2597 2210 2211
f 2598 2590 2585
f 2598 2585 2595
f 2599 2591 2589
f 2599 2589 2597
f 2600 2592 2590
f 2600 2590 2598
f 2601 2593 2591
f 2601 2591 2599
f 2602 2592 2600
f 2602 2596 2594
f 2602 2594 2592
f 2603 2595 2593
f 2603 2593 2601
f 2604 2605 2588
f 2604 2606 2605
f 2604 2588 2596
f 2604 2596 2602
f 2607 2597 2211
f 2607 2211 2212
f 2608 2598 2595
f 2608 2595 2603
f 2609 2599 2597
f 2609 2597 2607
f 2610 2600 2598
f 2610 2598 2608
f 2611 2599 2609
f 2611 2601 2599
f 2611 2603 2601
f 2612 2600 2610
f 2612 2602 2600
f 2613 2603 2611
f 2614 2602 2612
f 2614 2606 2604
f 2614 2604 2602
f 2615 2212 2213
f 2615 2607 2212
f 2616 2603 2613
f 2616 2608 2603
f 2617 2607 2615
f 2617 2609 2607
f 2618 2610 2608
f 2618 2608 2616
f 2619 2613 2611
f 2619 2609 2617
f 2619 2611 2609
f 2620 2612 2610
f 2620 2614 2612
f 2620 2610 2618
f 2621 2613 2619
f 2622 2614 2620
f 2622 2606 2614
f 2622 2623 2606
f 2624 2615 2213
f 2624 2213 2214
f 2625 2618 2616
f 2625 2616 2613
f 2625 2613 2621
f 2626 2617 2615
f 2626 2615 2624
f 2627 2618 2625
f 2628 2619 2617
f 2628 2617 2626
f 2629 2622 2620
f 2629 2618 2627
f 2629 2620 2618
f 2630 2621 2619
f 2630 2619 2628
f 2631 2623 2622
f 2631 2632 2623
f 2631 2622 2629
f 2633 2624 2214
f 2633 2626 2624
f 2633 2214 2215
f 2634 2625 2621
f 2634 2621 2630
f 2635 2626 2633
f 2636 2627 2625
f 2636 2625 2634
f 2637 2626 2635
f 2637 2628 2626
f 2638 2629 2627
f 2638 2627 2636
f 2639 2630 2628
f 2639 2628 2637
f 2640 2641 2632
f 2640 2632 2631
f 2640 2631 2629
f 2640 2629 2638
f 2642 2633 2215
f 2642 2215 2216
f 2643 2630 2639
f 2643 2634 2630
f 2644 2635 2633
f 2644 2633 2642
f 2645 2638 2636
f 2645 2636 2634
f 2645 2634 2643
f 2646 2637 2635
f 2646 2635 2644
f 2647 2638 2645
f 2648 2639 2637
f 2648 2637 2646
f 2649 2650 2641
f 2649 2641 2640
f 2649 2638 2647
f 2649 2640 2638
f 2651 2216 2217
f 2651 2642 2216
f 2651 2644 2642
f 2652 2639 2648
f 2652 2643 2639
f 2653 2644 2651
f 2654 2645 2643
f 2654 2643 2652
f 2655 2646 2644
f 2655 2644 2653
f 2656 2645 2654
f 2656 2647 2645
f 2657 2646 2655
f 2657 2648 2646
f 2658 2647 2656
f 2658 2649 2647
f 2658 2659 2650
f 2658 2660 2659
f 2658 2650 2649
f 2661 2651 2217
f 2661 2217 2218
f 2662 2652 2648
f 2662 2648 2657
f 2662 2654 2652
f 2663 2651 2661
f 2663 2653 2651
f 2664 2654 2662
f 2664 2656 2654
f 2665 2655 2653
f 2665 2653 2663
f 2666 2656 2664
f 2667 2655 2665
f 2667 2657 2655
f 2668 2658 2656
f 2668 2656 2666
f 2668 2660 2658
f 2669 2661 2218
f 2669 2218 2219
f 2670 2662 2657
f 2670 2657 2667
f 2671 2663 2661
f 2671 2661 2669
f 2672 2664 2662
f 2672 2662 2670
f 2673 2667 2665
f 2673 2663 2671
f 2673 2665 2663
f 2674 2666 2664
f 2674 2664 2672
f 2675 2667 2673
f 2676 2677 2660
f 2676 2678 2677
f 2676 2666 2674
f 2676 2668 2666
f 2676 2660 2668
f 2679 2669 2219
f 2679 2219 2220
f 2679 2671 2669
f 2680 2672 2670
f 2680 2667 2675
f 2680 2670 2667
f 2681 2671 2679
f 2682 2672 2680
f 2682 2674 2672
f 2683 2673 2671
f 2683 2671 2681
f 2684 2674 2682
f 2685 2673 2683
f 2685 2675 2673
f 2686 2674 2684
f 2686 2687 2678
f 2686 2678 2676
f 2686 2676 2674
f 2688 2220 2221
f 2688 2679 2220
f 2689 2680 2675
f 2689 2675 2685
f 2689 2682 2680
f 2690 2679 2688
f 2690 2681 2679
f 2691 2682 2689
f 2692 2681 2690
f 2692 2683 2681
f 2692 2685 2683
f 2693 2684 2682
f 2693 2682 2691
f 2694 2685 2692
f 2695 2687 2686
f 2695 2686 2684
f 2695 2684 2693
f 2696 2688 2221
f 2696 2221 2222
f 2697 2689 2685
f 2697 2685 2694
f 2698 2690 2688
f 2698 2688 2696
f 2699 2691 2689
f 2699 2689 2697
f 2700 2690 2698
f 2700 2692 2690
f 2701 2693 2691
f 2701 2691 2699
f 2702 2694 2692
f 2702 2692 2700
f 2703 2695 2693
f 2703 2693 2701
f 2703 2704 2687
f 2703 2687 2695
f 2705 2696 2222
f 2705 2222 2223
f 2705 2698 2696
f 2706 2697 2694
f 2706 2694 2702
f 2707 2698 2705
f 2708 2699 2697
f 2708 2697 2706
f 2709 2700 2698
f 2709 2698 2707
f 2710 2701 2699
f 2710 2699 2708
f 2711 2700 2709
f 2711 2702 2700
f 2712 2703 2701
f 2712 2701 2710
f 2712 2713 2704
f 2712 2714 2713
f 2712 2704 2703
f 2715 2705 2223
f 2715 2223 2224
f 2716 2702 2711
f 2716 2706 2702
f 2717 2705 2715
f 2717 2707 2705
f 2718 2708 2706
f 2718 2706 2716
f 2719 2707 2717
f 2719 2709 2707
f 2720 2710 2708
f 2720 2708 2718
f 2721 2711 2709
f 2721 2709 2719
f 2722 2712 2710
f 2722 2723 2714
f 2722 2714 2712
f 2722 2710 2720
f 2724 2717 2715
f 2724 2715 2224
f 2724 2224 2225
f 2725 2716 2711
f 2725 2711 2721
f 2725 2718 2716
f 2726 2717 2724
f 2727 2718 2725
f 2728 2717 2726
f 2728 2719 2717
f 2729 2722 2720
f 2729 2718 2727
f 2729 2720 2718
f 2730 2719 2728
f 2730 2721 2719
f 2731 2723 2722
f 2731 2722 2729
f 2732 2724 2225
f 2732 2225 2226
f 2733 2725 2721
f 2733 2721 2730
f 2734 2726 2724
f 2734 2724 2732
f 2735 2727 2725
f 2735 2725 2733
f 2736 2726 2734
f 2736 2728 2726
f 2737 2729 2727
f 2737 2727 2735
f 2738 2728 2736
f 2738 2730 2728
f 2739 2731 2729
f 2739 2729 2737
f 2739 2740 2723
f 2739 2723 2731
f 2741 2732 2226
f 2741 2226 2227
f 2742 2733 2730
f 2742 2730 2738
f 2743 2732 2741
f 2743 2734 2732
f 2744 2735 2733
f 2744 2733 2742
f 2745 2736 2734
f 2745 2738 2736
f 2745 2734 2743
f 2746 2737 2735
f 2746 2735 2744
f 2747 2738 2745
f 2748 2739 2737
f 2748 2737 2746
f 2748 2740 2739
f 2748 2749 2740
f 2750 2743 2741
f 2750 2741 2227
f 2750 2227 2228
f 2751 2738 2747
f 2751 2742 2738
f 2751 2744 2742
f 2752 2743 2750
f 2753 2746 2744
f 2753 2744 2751
f 2754 2745 2743
f 2754 2743 2752
f 2755 2746 2753
f 2756 2747 2745
f 2756 2745 2754
f 2757 2748 2746
f 2757 2758 2749
f 2757 2746 2755
f 2757 2749 2748
f 2759 2750 2228
f 2759 2228 2229
f 2760 2747 2756
f 2760 2751 2747
f 2760 2753 2751
f 2761 2750 2759
f 2761 2752 2750
f 2762 2753 2760
f 2763 2752 2761
f 2763 2754 2752
f 2764 2753 2762
f 2764 2755 2753
f 2764 2757 2755
f 2765 2754 2763
f 2765 2756 2754
f 2766 2757 2764
f 2766 2767 2758
f 2766 2758 2757
f 2768 2759 2229
f 2768 2229 2230
f 2769 2756 2765
f 2769 2760 2756
f 2770 2759 2768
f 2770 2761 2759
f 2771 2760 2769
f 2771 2762 2760
f 2772 2763 2761
f 2772 2761 2770
f 2773 2764 2762
f 2773 2762 2771
f 2774 2765 2763
f 2774 2763 2772
f 2775 2766 2764
f 2775 2767 2766
f 2775 2764 2773
f 2775 2776 2767
f 2777 2768 2230
f 2777 2230 2231
f 2778 2769 2765
f 2778 2765 2774
f 2779 2768 2777
f 2779 2770 2768
f 2780 2771 2769
f 2780 2769 2778
f 2781 2772 2770
f 2781 2770 2779
f 2782 2773 2771
f 2782 2771 2780
f 2783 2774 2772
f 2783 2772 2781
f 2784 2775 2773
f 2784 2776 2775
f 2784 2773 2782
f 2784 2785 2776
f 2786 2779 2777
f 2786 2777 2231
f 2786 2231 2232
f 2787 2778 2774
f 2787 2774 2783
f 2788 2779 2786
f 2789 2780 2778
f 2789 2778 2787
f 2790 2781 2779
f 2790 2779 2788
f 2791 2782 2780
f 2791 2780 2789
f 2792 2783 2781
f 2792 2781 2790
f 2793 2794 2785
f 2793 2782 2791
f 2793 2784 2782
f 2793 2785 2784
f 2795 2786 2232
f 2795 2788 2786
f 2795 2232 2107
f 2796 2787 2783
f 2796 2783 2792
f 2797 2788 2795
f 2798 2789 2787
f 2798 2787 2796
f 2799 2790 2788
f 2799 2788 2797
f 2800 2789 2798
f 2800 2791 2789
f 2801 2792 2790
f 2801 2790 2799
f 2802 2791 2800
f 2802 2803 2794
f 2802 2804 2803
f 2802 2794 2793
f 2802 2793 2791
f 2805 2795 2107
f 2805 2107 2108
f 2806 2792 2801
f 2806 2798 2796
f 2806 2796 2792
f 2807 2799 2797
f 2807 2797 2795
f 2807 2795 2805
f 2808 2798 2806
f 2809 2799 2807
f 2810 2800 2798
f 2810 2802 2800
f 2810 2798 2808
f 2811 2806 2801
f 2811 2799 2809
f 2811 2801 2799
f 2812 2804 2802
f 2812 2802 2810
f 2813 2805 2108
f 2813 2108 2109
f 2814 2806 2811
f 2815 2809 2807
f 2815 2805 2813
f 2815 2807 2805
f 2816 2808 2806
f 2816 2810 2808
f 2816 2806 2814
f 2817 2809 2815
f 2818 2810 2816
f 2818 2812 2810
f 2819 2811 2809
f 2819 2809 2817
f 2820 2804 2812
f 2820 2812 2818
f 2820 2821 2804
f 2820 2822 2821
f 2823 2813 2109
f 2823 2109 2110
f 2824 2814 2811
f 2824 2811 2819
f 2825 2815 2813
f 2825 2813 2823
f 2826 2816 2814
f 2826 2814 2824
f 2827 2817 2815
f 2827 2815 2825
f 2828 2818 2816
f 2828 2816 2826
f 2829 2824 2819
f 2829 2819 2817
f 2829 2817 2827
f 2830 2820 2818
f 2830 2822 2820
f 2830 2818 2828
f 2831 2110 2111
f 2831 2823 2110
f 2832 2824 2829
f 2833 2823 2831
f 2833 2825 2823
f 2834 2826 2824
f 2834 2824 2832
f 2835 2825 2833
f 2835 2827 2825
f 2836 2826 2834
f 2836 2828 2826
f 2836 2830 2828
f 2837 2827 2835
f 2837 2829 2827
f 2838 2830 2836
f 2838 2839 2822
f 2838 2822 2830
f 2840 2111 2112
f 2840 2831 2111
f 2841 2829 2837
f 2841 2832 2829
f 2842 2831 2840
f 2842 2833 2831
f 2842 2835 2833
f 2843 2832 2841
f 2843 2836 2834
f 2843 2834 2832
f 2844 2835 2842
f 2845 2836 2843
f 2846 2837 2835
f 2846 2841 2837
f 2846 2835 2844
f 2847 2839 2838
f 2847 2836 2845
f 2847 2848 2839
f 2847 2838 2836
f 2849 2112 2113
f 2849 2840 2112
f 2850 2841 2846
f 2851 2840 2849
f 2851 2842 2840
f 2851 2844 2842
f 2852 2841 2850
f 2852 2843 2841
f 2853 2846 2844
f 2853 2844 2851
f 2854 2845 2843
f 2854 2843 2852
f 2855 2846 2853
f 2856 2845 2854
f 2856 2847 2845
f 2856 2848 2847
f 2856 2857 2848
f 2856 2858 2857
f 2859 2113 2114
f 2859 2849 2113
f 2860 2850 2846
f 2860 2846 2855
f 2861 2849 2859
f 2861 2851 2849
f 2862 2852 2850
f 2862 2854 2852
f 2862 2850 2860
f 2863 2853 2851
f 2863 2851 2861
f 2864 2854 2862
f 2864 2856 2854
f 2865 2855 2853
f 2865 2853 2863
f 2866 2858 2856
f 2866 2856 2864
f 2867 2114 2115
f 2867 2859 2114
f 2868 2860 2855
f 2868 2855 2865
f 2869 2861 2859
f 2869 2859 2867
f 2870 2862 2860
f 2870 2860 2868
f 2871 2863 2861
f 2871 2861 2869
f 2872 2864 2862
f 2872 2862 2870
f 2873 2865 2863
f 2873 2868 2865
f 2873 2863 2871
f 2874 2875 2858
f 2874 2858 2866
f 2874 2866 2864
f 2874 2864 2872
f 2876 2115 2116
f 2876 2867 2115
f 2877 2868 2873
f 2878 2867 2876
f 2878 2869 2867
f 2878 2871 2869
f 2879 2868 2877
f 2879 2870 2868
f 2880 2871 2878
f 2881 2872 2870
f 2881 2870 2879
f 2882 2871 2880
f 2882 2873 2871
f 2882 2877 2873
f 2883 2875 2874
f 2883 2874 2872
f 2883 2872 2881
f 2883 2884 2875
f 2885 2116 2117
f 2885 2876 2116
f 2886 2877 2882
f 2887 2878 2876
f 2887 2876 2885
f 2888 2877 2886
f 2888 2881 2879
f 2888 2879 2877
f 2889 2880 2878
f 2889 2878 2887
f 2890 2881 2888
f 2890 2883 2881
f 2891 2880 2889
f 2891 2882 2880
f 2892 2884 2883
f 2892 2883 2890
f 2892 2893 2884
f 2894 2117 2118
f 2894 2885 2117
f 2895 2886 2882
f 2895 2882 2891
f 2896 2887 2885
f 2896 2889 2887
f 2896 2885 2894
f 2897 2888 2886
f 2897 2886 2895
f 2898 2889 2896
f 2899 2890 2888
f 2899 2888 2897
f 2900 2889 2898
f 2900 2891 2889
f 2901 2892 2890
f 2901 2893 2892
f 2901 2890 2899
f 2901 2902 2893
f 2903 2118 2119
f 2903 2894 2118
f 2904 2895 2891
f 2904 2897 2895
f 2904 2891 2900
f 2905 2896 2894
f 2905 2894 2903
f 2906 2899 2897
f 2906 2897 2904
f 2907 2898 2896
f 2907 2896 2905
f 2908 2901 2899
f 2908 2899 2906
f 2909 2900 2898
f 2909 2898 2907
f 2910 2911 2902
f 2910 2902 2901
f 2910 2901 2908
f 2912 2119 2120
f 2912 2903 2119
f 2913 2904 2900
f 2913 2900 2909
f 2914 2903 2912
f 2914 2907 2905
f 2914 2905 2903
f 2915 2906 2904
f 2915 2904 2913
f 2916 2907 2914
f 2917 2906 2915
f 2917 2908 2906
f 2918 2907 2916
f 2918 2909 2907
f 2918 2913 2909
f 2919 2910 2908
f 2919 2908 2917
f 2919 2920 2911
f 2919 2911 2910
f 2921 2120 2121
f 2921 2912 2120
f 2922 2913 2918
f 2923 2914 2912
f 2923 2912 2921
f 2924 2917 2915
f 2924 2913 2922
f 2924 2915 2913
f 2925 2916 2914
f 2925 2914 2923
f 2926 2919 2917
f 2926 2917 2924
f 2927 2916 2925
f 2927 2918 2916
f 2928 2920 2919
f 2928 2919 2926
f 2928 2929 2920
f 2930 2121 2122
f 2930 2921 2121
f 2931 2918 2927
f 2931 2922 2918
f 2932 2923 2921
f 2932 2921 2930
f 2933 2924 2922
f 2933 2922 2931
f 2934 2925 2923
f 2934 2923 2932
f 2935 2926 2924
f 2935 2924 2933
f 2936 2927 2925
f 2936 2925 2934
f 2937 2928 2926
f 2937 2929 2928
f 2937 2926 2935
f 2937 2938 2929
f 2937 2939 2938
f 2940 2122 2123
f 2940 2930 2122
f 2941 2931 2927
f 2941 2927 2936
f 2942 2930 2940
f 2942 2932 2930
f 2942 2934 2932
f 2943 2933 2931
f 2943 2931 2941
f 2944 2934 2942
f 2945 2935 2933
f 2945 2937 2935
f 2945 2933 2943
f 2946 2936 2934
f 2946 2934 2944
f 2947 2937 2945
f 2947 2939 2937
f 2948 2123 2124
f 2948 2940 2123
f 2949 2936 2946
f 2949 2941 2936
f 2950 2940 2948
f 2950 2942 2940
f 2951 2941 2949
f 2951 2943 2941
f 2951 2945 2943
f 2952 2942 2950
f 2952 2944 2942
f 2953 2945 2951
f 2953 2947 2945
f 2954 2944 2952
f 2954 2946 2944
f 2955 2947 2953
f 2955 2956 2939
f 2955 2939 2947
f 2957 2124 2125
f 2957 2948 2124
f 2958 2946 2954
f 2958 2949 2946
f 2959 2952 2950
f 2959 2948 2957
f 2959 2950 2948
f 2960 2951 2949
f 2960 2953 2951
f 2960 2949 2958
f 2961 2952 2959
f 2962 2953 2960
f 2963 2954 2952
f 2963 2958 2954
f 2963 2952 2961
f 2964 2955 2953
f 2964 2956 2955
f 2964 2953 2962
f 2964 2965 2956
f 2966 2125 2126
f 2966 2957 2125
f 2967 2958 2963
f 2968 2957 2966
f 2968 2959 2957
f 2969 2960 2958
f 2969 2958 2967
f 2970 2961 2959
f 2970 2959 2968
f 2971 2962 2960
f 2971 2960 2969
f 2972 2963 2961
f 2972 2961 2970
f 2973 2964 2962
f 2973 2965 2964
f 2973 2962 2971
f 2973 2974 2965
f 2973 2975 2974
f 2976 2966 2126
f 2976 2126 2127
f 2977 2967 2963
f 2977 2963 2972
f 2978 2968 2966
f 2978 2970 2968
f 2978 2966 2976
f 2979 2969 2967
f 2979 2967 2977
f 2980 2970 2978
f 2981 2971 2969
f 2981 2969 2979
f 2982 2977 2972
f 2982 2972 2970
f 2982 2970 2980
f 2983 2973 2971
f 2983 2975 2973
f 2983 2971 2981
f 2984 2127 2128
f 2984 2976 2127
f 2985 2977 2982
f 2986 2976 2984
f 2986 2978 2976
f 2987 2979 2977
f 2987 2981 2979
f 2987 2977 2985
f 2988 2980 2978
f 2988 2978 2986
f 2989 2981 2987
f 2989 2983 2981
f 2990 2980 2988
f 2990 2982 2980
f 2991 2983 2989
f 2991 2992 2975
f 2991 2975 2983
f 2993 2128 2129
f 2993 2984 2128
f 2994 2982 2990
f 2994 2985 2982
f 2995 2984 2993
f 2995 2988 2986
f 2995 2986 2984
f 2996 2985 2994
f 2996 2987 2985
f 2997 2988 2995
f 2998 2989 2987
f 2998 2987 2996
f 2999 2990 2988
f 2999 2988 2997
f 3000 2991 2989
f 3000 2992 2991
f 3000 2989 2998
f 3000 3001 2992
f 3000 3002 3001
f 3003 2129 2130
f 3003 2993 2129
f 3004 2994 2990
f 3004 2990 2999
f 3005 2997 2995
f 3005 2993 3003
f 3005 2995 2993
f 3006 2996 2994
f 3006 2998 2996
f 3006 2994 3004
f 3007 2997 3005
f 3008 2998 3006
f 3008 3000 2998
f 3009 2999 2997
f 3009 2997 3007
f 3010 3002 3000
f 3010 3000 3008
f 3011 2130 2131
f 3011 3003 2130
f 3012 3004 2999
f 3012 3006 3004
f 3012 2999 3009
f 3013 3003 3011
f 3013 3005 3003
f 3013 3007 3005
f 3014 3008 3006
f 3014 3006 3012
f 3015 3007 3013
f 3016 3008 3014
f 3016 3010 3008
f 3017 3007 3015
f 3017 3009 3007
f 3018 3002 3010
f 3018 3010 3016
f 3018 3019 3002
f 3020 2131 2132
f 3020 3011 2131
f 3021 3012 3009
f 3021 3009 3017
f 3022 3013 3011
f 3022 3011 3020
f 3023 3014 3012
f 3023 3016 3014
f 3023 3012 3021
f 3024 3013 3022
f 3024 3015 3013
f 3025 3018 3016
f 3025 3016 3023
f 3026 3017 3015
f 3026 3021 3017
f 3026 3015 3024
f 3027 3028 3019
f 3027 3019 3018
f 3027 3029 3028
f 3027 3018 3025
f 3030 2132 2133
f 3030 3020 2132
f 3031 3021 3026
f 3032 3020 3030
f 3032 3024 3022
f 3032 3022 3020
f 3033 3021 3031
f 3033 3023 3021
f 3034 3024 3032
f 3035 3023 3033
f 3035 3025 3023
f 3036 3026 3024
f 3036 3024 3034
f 3037 3027 3025
f 3037 3029 3027
f 3037 3025 3035
f 3038 2133 2134
f 3038 3030 2133
f 3039 3031 3026
f 3039 3026 3036
f 3040 3034 3032
f 3040 3030 3038
f 3040 3032 3030
f 3041 3033 3031
f 3041 3035 3033
f 3041 3031 3039
f 3042 3034 3040
f 3043 3035 3041
f 3044 3036 3034
f 3044 3039 3036
f 3044 3034 3042
f 3045 3037 3035
f 3045 3029 3037
f 3045 3035 3043
f 3045 3046 3029
f 3047 2134 2135
f 3047 3038 2134
f 3048 3039 3044
f 3049 3040 3038
f 3049 3038 3047
f 3050 3041 3039
f 3050 3039 3048
f 3051 3042 3040
f 3051 3040 3049
f 3052 3043 3041
f 3052 3045 3043
f 3052 3041 3050
f 3053 3044 3042
f 3053 3042 3051
f 3054 3045 3052
f 3054 3046 3045
f 3054 3055 3046
f 3054 3056 3055
f 3057 2135 2136
f 3057 3047 2135
f 3058 3048 3044
f 3058 3044 3053
f 3059 3049 3047
f 3059 3047 3057
f 3060 3050 3048
f 3060 3048 3058
f 3061 3051 3049
f 3061 3049 3059
f 3062 3052 3050
f 3062 3050 3060
f 3063 3053 3051
f 3063 3051 3061
f 3064 3054 3052
f 3064 3052 3062
f 3064 3056 3054
f 3065 2136 2137
f 3065 3057 2136
f 3066 3058 3053
f 3066 3053 3063
f 3067 3057 3065
f 3067 3059 3057
f 3067 3061 3059
f 3068 3060 3058
f 3068 3058 3066
f 3069 3061 3067
f 3070 3060 3068
f 3070 3062 3060
f 3071 3063 3061
f 3071 3061 3069
f 3071 3066 3063
f 3072 3056 3064
f 3072 3062 3070
f 3072 3073 3056
f 3072 3064 3062
f 3074 2137 2138
f 3074 3065 2137
f 3075 3066 3071
f 3076 3065 3074
f 3076 3067 3065
f 3077 3066 3075
f 3077 3068 3066
f 3078 3069 3067
f 3078 3067 3076
f 3079 3068 3077
f 3079 3070 3068
f 3079 3072 3070
f 3080 3071 3069
f 3080 3069 3078
f 3081 3073 3072
f 3081 3072 3079
f 3081 3082 3073
f 3083 2138 2139
f 3083 3074 2138
f 3084 3075 3071
f 3084 3071 3080
f 3085 3078 3076
f 3085 3076 3074
f 3085 3074 3083
f 3086 3077 3075
f 3086 3075 3084
f 3087 3078 3085
f 3088 3079 3077
f 3088 3077 3086
f 3089 3080 3078
f 3089 3078 3087
f 3090 3081 3079
f 3090 3082 3081
f 3090 3079 3088
f 3090 3091 3082
f 3090 3092 3091
f 3093 2139 2140
f 3093 3083 2139
f 3094 3084 3080
f 3094 3086 3084
f 3094 3080 3089
f 3095 3085 3083
f 3095 3083 3093
f 3096 3086 3094
f 3097 3087 3085
f 3097 3085 3095
f 3098 3088 3086
f 3098 3090 3088
f 3098 3086 3096
f 3099 3089 3087
f 3099 3087 3097
f 3100 3090 3098
f 3100 3092 3090
f 3101 2140 2141
f 3101 3093 2140
f 3102 3094 3089
f 3102 3089 3099
f 3103 3095 3093
f 3103 3093 3101
f 3104 3096 3094
f 3104 3094 3102
f 3105 3095 3103
f 3105 3097 3095
f 3106 3096 3104
f 3106 3098 3096
f 3107 3097 3105
f 3107 3099 3097
f 3107 3102 3099
f 3108 3092 3100
f 3108 3098 3106
f 3108 3109 3092
f 3108 3110 3109
f 3108 3100 3098
f 3111 2141 2142
f 3111 3101 2141
f 3112 3102 3107
f 3113 3103 3101
f 3113 3101 3111
f 3114 3102 3112
f 3114 3104 3102
f 3115 3105 3103
f 3115 3103 3113
f 3116 3108 3106
f 3116 3106 3104
f 3116 3104 3114
f 3117 3107 3105
f 3117 3105 3115
f 3118 3110 3108
f 3118 3108 3116
f 3119 3111 2142
f 3119 2142 2143
f 3120 3114 3112
f 3120 3112 3107
f 3120 3107 3117
f 3121 3113 3111
f 3121 3115 3113
f 3121 3111 3119
f 3122 3114 3120
f 3123 3115 3121
f 3124 3116 3114
f 3124 3114 3122
f 3125 3117 3115
f 3125 3115 3123
f 3126 3110 3118
f 3126 3118 3116
f 3126 3116 3124
f 3126 3127 3110
f 3128 2143 2144
f 3128 3119 2143
f 3129 3120 3117
f 3129 3117 3125
f 3130 3121 3119
f 3130 3119 3128
f 3131 3122 3120
f 3131 3120 3129
f 3132 3123 3121
f 3132 3121 3130
f 3133 3122 3131
f 3133 3124 3122
f 3133 3126 3124
f 3134 3125 3123
f 3134 3123 3132
f 3135 3127 3126
f 3135 3126 3133
f 3135 3136 3127
f 3137 2144 2145
f 3137 3128 2144
f 3138 3129 3125
f 3138 3125 3134
f 3139 3130 3128
f 3139 3128 3137
f 3140 3131 3129
f 3140 3129 3138
f 3141 3132 3130
f 3141 3130 3139
f 3142 3133 3131
f 3142 3131 3140
f 3143 3132 3141
f 3143 3134 3132
f 3144 3133 3142
f 3144 3135 3133
f 3144 3136 3135
f 3144 3145 3136
f 3146 2145 2146
f 3146 3137 2145
f 3147 3138 3134
f 3147 3134 3143
f 3148 3139 3137
f 3148 3137 3146
f 3149 3140 3138
f 3149 3138 3147
f 3150 3139 3148
f 3150 3141 3139
f 3151 3142 3140
f 3151 3140 3149
f 3152 3143 3141
f 3152 3141 3150
f 3153 3154 3145
f 3153 3155 3154
f 3153 3142 3151
f 3153 3145 3144
f 3153 3144 3142
f 3156 3146 2146
f 3156 2146 2147
f 3157 3143 3152
f 3157 3147 3143
f 3158 3146 3156
f 3158 3148 3146
f 3159 3147 3157
f 3159 3149 3147
f 3160 3152 3150
f 3160 3150 3148
f 3160 3148 3158
f 3161 3151 3149
f 3161 3149 3159
f 3162 3152 3160
f 3163 3164 3155
f 3163 3155 3153
f 3163 3153 3151
f 3163 3151 3161
f 3165 2147 2148
f 3165 3156 2147
f 3166 3159 3157
f 3166 3152 3162
f 3166 3157 3152
f 3167 3156 3165
f 3167 3158 3156
f 3168 3159 3166
f 3169 3160 3158
f 3169 3158 3167
f 3170 3159 3168
f 3170 3161 3159
f 3170 3163 3161
f 3171 3162 3160
f 3171 3160 3169
f 3172 3164 3163
f 3172 3163 3170
f 3173 3165 2148
f 3173 2148 2149
f 3174 3166 3162
f 3174 3162 3171
f 3175 3165 3173
f 3175 3167 3165
f 3176 3168 3166
f 3176 3166 3174
f 3177 3169 3167
f 3177 3167 3175
f 3178 3168 3176
f 3178 3170 3168
f 3179 3171 3169
f 3179 3169 3177
f 3179 3174 3171
f 3180 3181 3164
f 3180 3170 3178
f 3180 3164 3172
f 3180 3172 3170
f 3182 3173 2149
f 3182 2149 2150
f 3183 3174 3179
f 3184 3173 3182
f 3184 3175 3173
f 3185 3174 3183
f 3185 3176 3174
f 3186 3177 3175
f 3186 3175 3184
f 3187 3178 3176
f 3187 3176 3185
f 3188 3177 3186
f 3188 3179 3177
f 3189 3190 3181
f 3189 3180 3178
f 3189 3178 3187
f 3189 3181 3180
f 3191 3182 2150
f 3191 2150 2151
f 3192 3183 3179
f 3192 3179 3188
f 3193 3184 3182
f 3193 3182 3191
f 3193 3186 3184
f 3194 3183 3192
f 3194 3185 3183
f 3195 3186 3193
f 3196 3187 3185
f 3196 3185 3194
f 3196 3189 3187
f 3197 3188 3186
f 3197 3186 3195
f 3197 3192 3188
f 3198 3189 3196
f 3198 3199 3190
f 3198 3190 3189
f 3200 2151 2152
f 3200 3191 2151
f 3201 3192 3197
f 3202 3191 3200
f 3202 3193 3191
f 3203 3194 3192
f 3203 3192 3201
f 3204 3193 3202
f 3204 3195 3193
f 3205 3198 3196
f 3205 3194 3203
f 3205 3196 3194
f 3206 3197 3195
f 3206 3195 3204
f 3206 3201 3197
f 3207 3208 3199
f 3207 3209 3208
f 3207 3198 3205
f 3207 3199 3198
f 3210 2152 2153
f 3210 3200 2152
f 3211 3201 3206
f 3212 3202 3200
f 3212 3200 3210
f 3212 3204 3202
f 3213 3203 3201
f 3213 3201 3211
f 3214 3204 3212
f 3215 3205 3203
f 3215 3203 3213
f 3216 3206 3204
f 3216 3204 3214
f 3217 3218 3209
f 3217 3205 3215
f 3217 3209 3207
f 3217 3207 3205
f 3219 2153 2154
f 3219 3210 2153
f 3220 3211 3206
f 3220 3206 3216
f 3220 3213 3211
f 3221 3210 3219
f 3221 3212 3210
f 3222 3213 3220
f 3223 3216 3214
f 3223 3212 3221
f 3223 3214 3212
f 3224 3213 3222
f 3224 3215 3213
f 3224 3217 3215
f 3225 3216 3223
f 3226 3218 3217
f 3226 3217 3224
f 3227 3219 2154
f 3227 2154 2155
f 3228 3220 3216
f 3228 3222 3220
f 3228 3216 3225
f 3229 3221 3219
f 3229 3219 3227
f 3230 3222 3228
f 3231 3225 3223
f 3231 3221 3229
f 3231 3223 3221
f 3232 3224 3222
f 3232 3222 3230
f 3232 3226 3224
f 3233 3225 3231
f 3234 3235 3218
f 3234 3236 3235
f 3234 3218 3226
f 3234 3226 3232
f 3237 3227 2155
f 3237 2155 2156
f 3238 3228 3225
f 3238 3230 3228
f 3238 3225 3233
f 3239 3229 3227
f 3239 3227 3237
f 3239 3231 3229
f 3240 3230 3238
f 3241 3231 3239
f 3242 3232 3230
f 3242 3234 3232
f 3242 3230 3240
f 3243 3233 3231
f 3243 3231 3241
f 3244 3236 3234
f 3244 3234 3242
f 3245 2156 2157
f 3245 3237 2156
f 3246 3238 3233
f 3246 3233 3243
f 3247 3237 3245
f 3247 3239 3237
f 3248 3238 3246
f 3248 3240 3238
f 3249 3241 3239
f 3249 3239 3247
f 3250 3242 3240
f 3250 3240 3248
f 3251 3243 3241
f 3251 3241 3249
f 3252 3253 3236
f 3252 3254 3253
f 3252 3236 3244
f 3252 3244 3242
f 3252 3242 3250
f 3255 3245 2157
f 3255 2157 2158
f 3256 3243 3251
f 3256 3246 3243
f 3257 3245 3255
f 3257 3247 3245
f 3258 3246 3256
f 3258 3248 3246
f 3259 3247 3257
f 3259 3249 3247
f 3260 3252 3250
f 3260 3248 3258
f 3260 3250 3248
f 3261 3251 3249
f 3261 3249 3259
f 3261 3256 3251
f 3262 3252 3260
f 3262 3254 3252
f 3263 3255 2158
f 3263 2158 2159
f 3264 3256 3261
f 3265 3257 3255
f 3265 3255 3263
f 3266 3256 3264
f 3266 3258 3256
f 3267 3257 3265
f 3267 3259 3257
f 3268 3260 3258
f 3268 3258 3266
f 3269 3261 3259
f 3269 3259 3267
f 3269 3264 3261
f 3270 3271 3254
f 3270 3262 3260
f 3270 3254 3262
f 3270 3260 3268
f 3272 3263 2159
f 3272 2159 2160
f 3273 3264 3269
f 3274 3263 3272
f 3274 3265 3263
f 3275 3266 3264
f 3275 3264 3273
f 3276 3267 3265
f 3276 3265 3274
f 3277 3268 3266
f 3277 3266 3275
f 3277 3270 3268
f 3278 3267 3276
f 3278 3269 3267
f 3279 3280 3271
f 3279 3271 3270
f 3279 3270 3277
f 3281 2160 2161
f 3281 3272 2160
f 3282 3273 3269
f 3282 3269 3278
f 3283 3274 3272
f 3283 3272 3281
f 3284 3273 3282
f 3284 3275 3273
f 3285 3276 3274
f 3285 3274 3283
f 3286 3277 3275
f 3286 3275 3284
f 3287 3278 3276
f 3287 3282 3278
f 3287 3276 3285
f 3288 3289 3280
f 3288 3280 3279
f 3288 3279 3277
f 3288 3277 3286
f 3290 2161 2162
f 3290 3281 2161
f 3291 3282 3287
f 3292 3281 3290
f 3292 3283 3281
f 3293 3282 3291
f 3293 3284 3282
f 3294 3283 3292
f 3294 3285 3283
f 3295 3288 3286
f 3295 3284 3293
f 3295 3286 3284
f 3296 3285 3294
f 3296 3287 3285
f 3297 3288 3295
f 3297 3298 3289
f 3297 3289 3288
f 3299 2162 2163
f 3299 3290 2162
f 3300 3291 3287
f 3300 3287 3296
f 3301 3290 3299
f 3301 3292 3290
f 3302 3291 3300
f 3302 3293 3291
f 3303 3294 3292
f 3303 3296 3294
f 3303 3292 3301
f 3304 3293 3302
f 3304 3295 3293
f 3305 3296 3303
f 3306 3307 3298
f 3306 3298 3297
f 3306 3295 3304
f 3306 3297 3295
f 3308 3299 2163
f 3308 2163 2164
f 3309 3296 3305
f 3309 3300 3296
f 3309 3302 3300
f 3310 3299 3308
f 3310 3301 3299
f 3311 3302 3309
f 3312 3303 3301
f 3312 3301 3310
f 3313 3304 3302
f 3313 3306 3304
f 3313 3302 3311
f 3314 3305 3303
f 3314 3303 3312
f 3315 3306 3313
f 3315 3316 3307
f 3315 3317 3316
f 3315 3307 3306
f 3318 3308 2164
f 3318 2164 2165
f 3319 3309 3305
f 3319 3305 3314
f 3320 3310 3308
f 3320 3308 3318
f 3320 3312 3310
f 3321 3311 3309
f 3321 3309 3319
f 3322 3312 3320
f 3323 3311 3321
f 3323 3313 3311
f 3324 3314 3312
f 3324 3312 3322
f 3325 3326 3317
f 3325 3315 3313
f 3325 3317 3315
f 3325 3313 3323
f 3327 2165 2166
f 3327 3318 2165
f 3328 3319 3314
f 3328 3314 3324
f 3328 3321 3319
f 3329 3320 3318
f 3329 3318 3327
f 3330 3321 3328
f 3331 3322 3320
f 3331 3320 3329
f 3332 3321 3330
f 3332 3323 3321
f 3332 3325 3323
f 3333 3322 3331
f 3333 3324 3322
f 3334 3325 3332
f 3334 3335 3326
f 3334 3326 3325
f 3336 2166 2167
f 3336 3327 2166
f 3337 3324 3333
f 3337 3328 3324
f 3338 3327 3336
f 3338 3329 3327
f 3339 3328 3337
f 3339 3330 3328
f 3340 3329 3338
f 3340 3331 3329
f 3341 3330 3339
f 3341 3332 3330
f 3342 3333 3331
f 3342 3331 3340
f 3342 3337 3333
f 3343 3334 3332
f 3343 3335 3334
f 3343 3332 3341
f 3344 2167 2168
f 3344 3336 2167
f 3345 3337 3342
f 3346 3340 3338
f 3346 3336 3344
f 3346 3338 3336
f 3347 3339 3337
f 3347 3337 3345
f 3348 3340 3346
f 3349 3341 3339
f 3349 3343 3341
f 3349 3339 3347
f 3350 3340 3348
f 3350 3342 3340
f 3351 3352 3335
f 3351 3335 3343
f 3351 3343 3349
f 3353 3344 2168
f 3353 2168 2169
f 3353 2233 2236
f 3353 2169 2233
f 3354 3345 3342
f 3354 3342 3350
f 3354 3347 3345
f 3355 3346 3344
f 3355 3344 3353
f 3355 3353 2236
f 3356 3347 3354
f 3357 3348 3346
f 3357 2236 2238
f 3357 3355 2236
f 3357 3346 3355
f 3358 3347 3356
f 3358 3349 3347
f 3359 3350 3348
f 3359 2240 2243
f 3359 2238 2240
f 3359 3348 3357
f 3359 3357 2238
f 3360 3361 3352
f 3360 3362 3361
f 3360 3352 3351
f 3360 3351 3349
f 3360 3349 3358
f 3363 3350 3359
f 3363 3354 3350
f 3363 3359 2243
f 3364 3354 3363
f 3364 2243 2246
f 3364 3356 3354
f 3364 3363 2243
f 3365 3364 2246
f 3365 2246 2249
f 3365 3358 3356
f 3365 3356 3364
f 3366 3365 2249
f 3366 2253 3362
f 3366 2254 2253
f 3366 2249 2254
f 3366 3362 3360
f 3366 3360 3358
f 3366 3358 3365
f 3367 2939 2956
f 3368 3367 2956
f 3368 2956 2965
f 3369 2939 3367
f 3369 2938 2939
f 3370 2965 2974
f 3370 3368 2965
f 3371 2929 2938
f 3371 2938 3369
f 3372 2974 2975
f 3372 3370 2974
f 3373 2920 2929
f 3373 2929 3371
f 3374 2975 2992
f 3374 3372 2975
f 3375 2920 3373
f 3375 2911 2920
f 3376 3374 2992
f 3376 2992 3001
f 3377 2911 3375
f 3377 2902 2911
f 3378 3376 3001
f 3378 3001 3002
f 3379 2902 3377
f 3379 2893 2902
f 3380 3002 3019
f 3380 3378 3002
f 3381 2893 3379
f 3381 2884 2893
f 3382 3019 3028
f 3382 3380 3019
f 3383 2884 3381
f 3383 2875 2884
f 3384 3382 3028
f 3384 3028 3029
f 3385 2875 3383
f 3385 2858 2875
f 3386 3384 3029
f 3386 3029 3046
f 3387 2858 3385
f 3387 2857 2858
f 3388 3386 3046
f 3388 3046 3055
f 3389 2857 3387
f 3389 2848 2857
f 3390 3388 3055
f 3390 3055 3056
f 3391 2848 3389
f 3391 2839 2848
f 3392 3390 3056
f 3392 3056 3073
f 3393 2839 3391
f 3393 2822 2839
f 3394 3392 3073
f 3394 3073 3082
f 3395 2821 2822
f 3395 2822 3393
f 3396 3394 3082
f 3396 3082 3091
f 3397 2821 3395
f 3397 2804 2821
f 3398 3396 3091
f 3398 3091 3092
f 3399 2803 2804
f 3399 2804 3397
f 3400 3398 3092
f 3400 3092 3109
f 3401 2803 3399
f 3401 2794 2803
f 3402 3400 3109
f 3402 3109 3110
f 3403 2785 2794
f 3403 2794 3401
f 3404 3402 3110
f 3404 3110 3127
f 3405 2776 2785
f 3405 2785 3403
f 3406 3404 3127
f 3406 3127 3136
f 3407 2767 2776
f 3407 2776 3405
f 3408 3406 3136
f 3408 3136 3145
f 3409 2767 3407
f 3409 2758 2767
f 3410 3145 3154
f 3410 3408 3145
f 3411 2749 2758
f 3411 2758 3409
f 3412 3154 3155
f 3412 3410 3154
f 3413 2749 3411
f 3413 2740 2749
f 3414 3155 3164
f 3414 3412 3155
f 3415 2740 3413
f 2723 2740 3415
f 3416 3164 3181
f 3416 3414 3164
f 3417 2723 3415
f 2714 2723 3417
f 3418 3181 3190
f 3418 3416 3181
f 3419 2714 3417
f 2713 2714 3419
f 3420 3190 3199
f 3420 3418 3190
f 3421 2713 3419
f 2704 2713 3421
f 3422 3420 3199
f 3208 3422 3199
f 3423 2704 3421
f 2687 2704 3423
f 3424 3422 3208
f 3209 3424 3208
f 3425 2687 3423
f 2678 2687 3425
f 3426 3424 3209
f 3218 3426 3209
f 3427 2678 3425
f 3428 3426 3218
f 2677 2678 3427
f 3235 3428 3218
f 3429 2677 3427
f 3430 3428 3235
f 2660 2677 3429
f 3236 3430 3235
f 3431 2660 3429
f 3432 3430 3236
f 2659 2660 3431
f 3433 2659 3431
f 3253 3432 3236
f 3434 3432 3253
f 2650 2659 3433
f 3435 2650 3433
f 3254 3434 3253
f 3436 3434 3254
f 2641 2650 3435
f 3437 2641 3435
f 3271 3436 3254
f 3438 3436 3271
f 2632 2641 3437
f 2632 3437 3439
f 3280 3438 3271
f 3440 3438 3280
f 2623 2632 3439
f 2623 3439 3441
f 3289 3440 3280
f 3442 3440 3289
f 2606 2623 3441
f 2606 3441 3443
f 3298 3442 3289
f 3444 3442 3298
f 2605 2606 3443
f 2605 3443 3445
f 3307 3444 3298
f 3307 3446 3444
f 2588 2605 3445
f 2588 3445 3447
f 3316 3448 3446
f 3316 3446 3307
f 2587 2588 3447
f 2587 3447 3449
f 3317 3450 3448
f 3317 3448 3316
f 2570 2587 3449
f 2570 3449 3451
f 3326 3452 3450
f 3326 3450 3317
f 2569 2570 3451
f 2569 3451 3453
f 3335 3454 3452
f 3335 3452 3326
f 2560 3453 3455
f 2560 2569 3453
f 3352 3456 3454
f 3352 3454 3335
f 2551 2560 3455
f 2551 3455 3457
f 3361 3456 3352
f 3361 3458 3456
f 2534 2551 3457
f 2534 3457 3459
f 3362 3460 3458
f 3362 3458 3361
f 2525 2534 3459
f 2525 3459 3461
f 2253 3460 3362
f 2253 3462 3460
f 2524 2525 3461
f 2524 3461 3463
f 2252 3462 2253
f 2252 3464 3462
f 2515 2524 3463
f 2515 3463 3465
f 2263 3464 2252
f 2263 3466 3464
f 2506 2515 3465
f 2506 3465 3467
f 2272 3466 2263
f 2272 3468 3466
f 2497 2506 3467
f 2497 3467 3469
f 2281 3470 3468
f 2281 3468 2272
f 2480 2497 3469
f 2480 3469 3471
f 2290 3470 2281
f 2290 3472 3470
f 2479 2480 3471
f 2479 3471 3473
f 2299 3474 3472
f 2299 3472 2290
f 2470 3473 3475
f 2470 2479 3473
f 2308 3476 3474
f 2308 3474 2299
f 2461 2470 3475
f 2461 3475 3477
f 2317 3476 2308
f 2317 3478 3476
f 2452 2461 3477
f 2452 3477 3479
f 2318 3478 2317
f 2318 3480 3478
f 2443 2452 3479
f 2443 3479 3481
f 2335 3482 3480
f 2335 3480 2318
f 2426 2443 3481
f 2426 3481 3483
f 2344 3482 2335
f 2344 3484 3482
f 2425 2426 3483
f 2425 3483 3485
f 2353 3486 3484
f 2353 3484 2344
f 2416 2425 3485
f 2416 3485 3487
f 2362 3488 3486
f 2362 3486 2353
f 2399 2416 3487
f 2399 3487 3489
f 2371 3488 2362
f 2371 3490 3488
f 2398 2399 3489
f 2398 3489 3491
f 2380 3490 2371
f 2380 3492 3490
f 2389 2398 3491
f 2389 3492 2380
f 2389 3491 3492
f 3398 3400 3493
f 3493 3400 3494
f 3494 3402 3495
f 3400 3402 3494
f 3495 3404 3496
f 3402 3404 3495
f 3496 3406 3497
f 3404 3406 3496
f 3497 3408 3498
f 3406 3408 3497
f 3498 3410 3499
f 3408 3410 3498
f 3499 3412 3500
f 3410 3412 3499
f 3500 3414 3501
f 3412 3414 3500
f 3501 3416 3502
f 3414 3416 3501
f 3502 3418 3503
f 3416 3418 3502
f 3418 3420 3503
f 3503 3420 3504
f 3420 3422 3504
f 3504 3422 3505
f 3422 3424 3505
f 3505 3424 3506
f 3424 3426 3506
f 3506 3426 3507
f 3426 3428 3507
f 3507 3428 3508
f 3428 3430 3508
f 3508 3430 3509
f 3430 3432 3509
f 3509 3432 3510
f 3432 3434 3510
f 3510 3434 3511
f 3511 3434 3512
f 3434 3436 3512
f 3436 3438 3512
f 3512 3438 3513
f 3438 3440 3513
f 3513 3440 3514
f 3440 3442 3514
f 3514 3442 3515
f 3515 3444 3516
f 3442 3444 3515
f 3516 3446 3517
f 3444 3446 3516
f 3517 3448 3518
f 3446 3448 3517
f 3518 3450 3519
f 3448 3450 3518
f 3519 3452 3520
f 3450 3452 3519
f 3520 3454 3521
f 3452 3454 3520
f 3521 3456 3522
f 3522 3456 3523
f 3454 3456 3521
f 3456 3458 3523
f 3523 3460 3524
f 3458 3460 3523
f 3524 3462 3525
f 3460 3462 3524
f 3525 3464 3526
f 3462 3464 3525
f 3526 3466 3527
f 3464 3466 3526
f 3527 3468 3528
f 3466 3468 3527
f 3528 3470 3529
f 3468 3470 3528
f 3470 3472 3529
f 3529 3472 3530
f 3530 3472 3531
f 3472 3474 3531
f 3474 3476 3531
f 3531 3476 3532
f 3476 3478 3532
f 3532 3478 3533
f 3478 3480 3533
f 3533 3480 3534
f 3480 3482 3534
f 3534 3482 3535
f 3482 3484 3535
f 3535 3484 3536
f 3484 3486 3536
f 3536 3486 3537
f 3537 3486 3538
f 3486 3488 3538
f 3488 3490 3538
f 3538 3490 3539
f 3490 3492 3539
f 3539 3492 3540
f 3492 3491 3540
f 3540 3491 3541
f 3491 3489 3541
f 3541 3489 3542
f 3489 3487 3542
f 3542 3487 3543
f 3487 3485 3543
f 3543 3485 3544
f 3485 3483 3544
f 3544 3483 3545
f 3483 3481 3545
f 3545 3481 3546
f 3481 3479 3546
f 3546 3479 3547
f 3479 3477 3547
f 3547 3477 3548
f 3477 3475 3548
f 3548 3475 3549
f 3475 3473 3549
f 3549 3473 3550
f 3550 3471 3551
f 3473 3471 3550
f 3551 3471 3552
f 3471 3469 3552
f 3552 3467 3553
f 3469 3467 3552
f 3553 3465 3554
f 3467 3465 3553
f 3465 3463 3554
f 3554 3463 3555
f 3463 3461 3555
f 3555 3461 3556
f 3461 3459 3556
f 3556 3459 3557
f 3459 3457 3557
f 3557 3457 3558
f 3457 3455 3558
f 3558 3455 3559
f 3455 3453 3559
f 3559 3453 3560
f 3453 3451 3560
f 3560 3451 3561
f 3451 3449 3561
f 3561 3449 3562
f 3449 3447 3562
f 3562 3447 3563
f 3447 3445 3563
f 3563 3445 3564
f 3445 3443 3564
f 3564 3443 3565
f 3565 3443 3566
f 3443 3441 3566
f 3566 3439 3567
f 3441 3439 3566
f 3567 3437 3568
f 3568 3437 3569
f 3439 3437 3567
f 3569 3435 3570
f 3437 3435 3569
f 3435 3433 3570
f 3570 3431 3571
f 3433 3431 3570
f 3571 3429 3572
f 3572 3429 3573
f 3431 3429 3571
f 3429 3427 3573
f 3573 3425 3574
f 3427 3425 3573
f 3574 3423 3575
f 3425 3423 3574
f 3575 3421 3576
f 3423 3421 3575
f 3576 3419 3577
f 3421 3419 3576
f 3577 3417 3578
f 3419 3417 3577
f 3578 3415 3579
f 3417 3415 3578
f 3579 3413 3580
f 3415 3413 3579
f 3413 3411 3580
f 3580 3411 3581
f 3411 3409 3581
f 3581 3409 3582
f 3409 3407 3582
f 3582 3407 3583
f 3407 3405 3583
f 3583 3405 3584
f 3584 3403 3585
f 3405 3403 3584
f 3585 3401 3586
f 3403 3401 3585
f 3586 3399 3587
f 3401 3399 3586
f 3587 3397 3588
f 3399 3397 3587
f 3588 3395 3589
f 3397 3395 3588
f 3589 3393 3590
f 3395 3393 3589
f 3590 3391 3591
f 3393 3391 3590
f 3591 3389 3592
f 3391 3389 3591
f 3592 3387 3593
f 3389 3387 3592
f 3593 3385 3594
f 3387 3385 3593
f 3594 3383 3595
f 3385 3383 3594
f 3595 3381 3596
f 3383 3381 3595
f 3596 3379 3597
f 3381 3379 3596
f 3597 3377 3598
f 3379 3377 3597
f 3598 3375 3599
f 3377 3375 3598
f 3599 3373 3600
f 3375 3373 3599
f 3600 3371 3601
f 3373 3371 3600
f 3601 3369 3602
f 3371 3369 3601
f 3602 3367 3603
f 3369 3367 3602
f 3603 3368 3604
f 3367 3368 3603
f 3368 3370 3604
f 3604 3370 3605
f 3370 3372 3605
f 3605 3372 3606
f 3372 3374 3606
f 3606 3374 3607
f 3374 3376 3607
f 3607 3376 3608
f 3376 3378 3608
f 3608 3378 3609
f 3609 3378 3610
f 3378 3380 3610
f 3380 3382 3610
f 3610 3382 3611
f 3611 3382 3612
f 3382 3384 3612
f 3384 3386 3612
f 3612 3386 3613
f 3386 3388 3613
f 3613 3388 3614
f 3614 3388 3615
f 3388 3390 3615
f 3390 3392 3615
f 3615 3392 3616
f 3392 3394 3616
f 3616 3394 3617
f 3394 3396 3617
f 3617 3396 3618
f 3618 3398 3493
f 3396 3398 3618
f 3619 3508 3509
f 3620 3507 3508
f 3620 3508 3619
f 3621 3509 3510
f 3621 3619 3509
f 3622 3506 3507
f 3622 3507 3620
f 3623 3510 3511
f 3623 3621 3510
f 3624 3506 3622
f 3624 3505 3506
f 3625 3511 3512
f 3625 3623 3511
f 3626 3504 3505
f 3626 3505 3624
f 3627 3625 3512
f 3627 3512 3513
f 3628 3503 3504
f 3628 3504 3626
f 3629 3513 3514
f 3629 3627 3513
f 3630 3502 3503
f 3630 3503 3628
f 3631 3514 3515
f 3631 3629 3514
f 3632 3501 3502
f 3632 3502 3630
f 3633 3515 3516
f 3633 3631 3515
f 3634 3500 3501
f 3634 3501 3632
f 3635 3516 3517
f 3635 3633 3516
f 3636 3499 3500
f 3636 3500 3634
f 3637 3517 3518
f 3637 3635 3517
f 3638 3498 3499
f 3638 3499 3636
f 3639 3518 3519
f 3639 3637 3518
f 3640 3497 3498
f 3640 3498 3638
f 3641 3519 3520
f 3641 3639 3519
f 3642 3496 3497
f 3642 3497 3640
f 3643 3641 3520
f 3643 3520 3521
f 3644 3495 3496
f 3644 3496 3642
f 3645 3521 3522
f 3645 3643 3521
f 3646 3494 3495
f 3646 3495 3644
f 3647 3522 3523
f 3647 3645 3522
f 3648 3493 3494
f 3648 3494 3646
f 3649 3523 3524
f 3649 3647 3523
f 3650 3493 3648
f 3650 3618 3493
f 3651 3524 3525
f 3651 3649 3524
f 3652 3617 3618
f 3652 3618 3650
f 3653 3525 3526
f 3653 3651 3525
f 3654 3616 3617
f 3654 3617 3652
f 3655 3653 3526
f 3655 3526 3527
f 3656 3615 3616
f 3656 3616 3654
f 3657 3527 3528
f 3657 3655 3527
f 3658 3614 3615
f 3658 3615 3656
f 3659 3528 3529
f 3659 3657 3528
f 3660 3613 3614
f 3660 3614 3658
f 3661 3659 3529
f 3661 3529 3530
f 3662 3613 3660
f 3662 3612 3613
f 3663 3661 3530
f 3663 3530 3531
f 3664 3611 3612
f 3664 3612 3662
f 3665 3663 3531
f 3665 3531 3532
f 3666 3611 3664
f 3666 3610 3611
f 3667 3532 3533
f 3667 3665 3532
f 3668 3609 3610
f 3668 3610 3666
f 3669 3533 3534
f 3669 3667 3533
f 3670 3608 3609
f 3670 3609 3668
f 3671 3534 3535
f 3671 3669 3534
f 3672 3607 3608
f 3672 3608 3670
f 3673 3535 3536
f 3673 3671 3535
f 3674 3607 3672
f 3675 3536 3537
f 3675 3673 3536
f 3676 3606 3607
f 3676 3607 3674
f 3677 3537 3538
f 3677 3675 3537
f 3678 3605 3606
f 3678 3606 3676
f 3604 3605 3678
f 3679 3538 3539
f 3679 3677 3538
f 3680 3604 3678
f 3681 3539 3540
f 3681 3679 3539
f 3603 3604 3680
f 3603 3680 3682
f 3683 3681 3540
f 3541 3683 3540
f 3684 3683 3541
f 3602 3682 3685
f 3602 3603 3682
f 3542 3684 3541
f 3542 3686 3684
f 3601 3685 3687
f 3601 3602 3685
f 3543 3686 3542
f 3543 3688 3686
f 3600 3687 3689
f 3600 3601 3687
f 3544 3688 3543
f 3544 3690 3688
f 3599 3689 3691
f 3599 3600 3689
f 3545 3692 3690
f 3545 3690 3544
f 3598 3691 3693
f 3598 3599 3691
f 3546 3692 3545
f 3597 3693 3694
f 3597 3598 3693
f 3547 3692 3546
f 3547 3695 3696
f 3547 3696 3692
f 3596 3694 3697
f 3596 3597 3694
f 3548 3695 3547
f 3595 3697 3698
f 3595 3596 3697
f 3549 3699 3700
f 3549 3700 3695
f 3549 3695 3548
f 3594 3698 3701
f 3594 3595 3698
f 3550 3702 3699
f 3550 3699 3549
f 3593 3701 3703
f 3593 3594 3701
f 3551 3702 3550
f 3592 3703 3704
f 3592 3593 3703
f 3552 3705 3706
f 3552 3706 3702
f 3552 3702 3551
f 3591 3704 3707
f 3591 3592 3704
f 3553 3708 3705
f 3553 3705 3552
f 3590 3707 3709
f 3590 3591 3707
f 3554 3708 3553
f 3589 3709 3710
f 3589 3590 3709
f 3555 3711 3708
f 3555 3708 3554
f 3588 3710 3712
f 3588 3589 3710
f 3556 3711 3555
f 3556 3713 3711
f 3556 3714 3713
f 3587 3712 3715
f 3587 3588 3712
f 3557 3716 3714
f 3557 3714 3556
f 3586 3715 3717
f 3586 3587 3715
f 3558 3718 3716
f 3558 3716 3557
f 3585 3717 3719
f 3585 3586 3717
f 3559 3718 3558
f 3559 3720 3718
f 3584 3585 3719
f 3584 3719 3721
f 3560 3720 3559
f 3560 3722 3720
f 3583 3721 3723
f 3583 3584 3721
f 3561 3722 3560
f 3561 3724 3722
f 3582 3723 3725
f 3582 3583 3723
f 3562 3724 3561
f 3562 3726 3724
f 3581 3582 3725
f 3581 3725 3727
f 3563 3726 3562
f 3563 3728 3726
f 3580 3581 3727
f 3580 3727 3729
f 3564 3728 3563
f 3564 3730 3728
f 3579 3580 3729
f 3579 3729 3731
f 3565 3730 3564
f 3565 3732 3730
f 3578 3579 3731
f 3578 3731 3733
f 3566 3732 3565
f 3566 3734 3732
f 3577 3578 3733
f 3577 3733 3735
f 3567 3734 3566
f 3567 3736 3734
f 3576 3735 3737
f 3576 3577 3735
f 3568 3736 3567
f 3575 3737 3738
f 3575 3576 3737
f 3569 3736 3568
f 3569 3739 3740
f 3569 3740 3736
f 3574 3738 3741
f 3574 3575 3738
f 3570 3739 3569
f 3573 3741 3742
f 3573 3574 3741
f 3571 3743 3744
f 3571 3744 3739
f 3571 3739 3570
f 3572 3742 3743
f 3572 3743 3571
f 3572 3573 3742
f 3713 3714 3745
f 3745 3714 3746
f 3746 3716 3747
f 3714 3716 3746
f 3747 3718 3748
f 3716 3718 3747
f 3748 3720 3749
f 3718 3720 3748
f 3749 3722 3750
f 3720 3722 3749
f 3750 3724 3751
f 3722 3724 3750
f 3751 3726 3752
f 3724 3726 3751
f 3752 3728 3753
f 3726 3728 3752
f 3753 3730 3754
f 3728 3730 3753
f 3754 3732 3755
f 3730 3732 3754
f 3732 3734 3755
f 3755 3734 3756
f 3734 3736 3756
f 3756 3736 3757
f 3736 3740 3757
f 3757 3740 3758
f 3740 3739 3758
f 3758 3739 3759
f 3739 3744 3759
f 3759 3744 3760
f 3744 3743 3760
f 3761 3743 3762
f 3760 3743 3761
f 3743 3742 3762
f 3742 3741 3762
f 3762 3741 3763
f 3763 3738 3764
f 3741 3738 3763
f 3765 3737 3766
f 3764 3737 3765
f 3738 3737 3764
f 3737 3735 3766
f 3766 3733 3767
f 3735 3733 3766
f 3767 3731 3768
f 3733 3731 3767
f 3769 3729 3770
f 3768 3729 3769
f 3731 3729 3768
f 3729 3727 3770
f 3770 3725 3771
f 3727 3725 3770
f 3771 3723 3772
f 3725 3723 3771
f 3772 3721 3773
f 3723 3721 3772
f 3773 3719 3774
f 3721 3719 3773
f 3774 3717 3775
f 3719 3717 3774
f 3775 3715 3776
f 3717 3715 3775
f 3776 3712 3777
f 3715 3712 3776
f 3777 3710 3778
f 3712 3710 3777
f 3778 3709 3779
f 3710 3709 3778
f 3779 3707 3780
f 3709 3707 3779
f 3707 3704 3780
f 3780 3704 3781
f 3704 3703 3781
f 3781 3703 3782
f 3703 3701 3782
f 3782 3701 3783
f 3783 3698 3784
f 3701 3698 3783
f 3784 3697 3785
f 3698 3697 3784
f 3785 3694 3786
f 3697 3694 3785
f 3786 3693 3787
f 3694 3693 3786
f 3787 3691 3788
f 3693 3691 3787
f 3788 3689 3789
f 3691 3689 3788
f 3789 3687 3790
f 3689 3687 3789
f 3790 3685 3791
f 3687 3685 3790
f 3791 3682 3792
f 3685 3682 3791
f 3792 3680 3793
f 3682 3680 3792
f 3793 3678 3794
f 3680 3678 3793
f 3794 3676 3795
f 3678 3676 3794
f 3795 3674 3796
f 3676 3674 3795
f 3796 3672 3797
f 3674 3672 3796
f 3797 3670 3798
f 3672 3670 3797
f 3670 3668 3798
f 3798 3668 3799
f 3668 3666 3799
f 3799 3666 3800
f 3666 3664 3800
f 3800 3664 3801
f 3664 3662 3801
f 3801 3662 3802
f 3662 3660 3802
f 3802 3660 3803
f 3660 3658 3803
f 3803 3658 3804
f 3804 3656 3805
f 3658 3656 3804
f 3656 3654 3805
f 3805 3654 3806
f 3654 3652 3806
f 3806 3652 3807
f 3652 3650 3807
f 3807 3650 3808
f 3650 3648 3808
f 3808 3648 3809
f 3648 3646 3809
f 3809 3646 3810
f 3646 3644 3810
f 3810 3644 3811
f 3644 3642 3811
f 3811 3642 3812
f 3642 3640 3812
f 3812 3640 3813
f 3640 3638 3813
f 3813 3638 3814
f 3638 3636 3814
f 3814 3636 3815
f 3636 3634 3815
f 3815 3634 3816
f 3634 3632 3816
f 3816 3632 3817
f 3632 3630 3817
f 3817 3630 3818
f 3630 3628 3818
f 3818 3628 3819
f 3628 3626 3819
f 3819 3626 3820
f 3626 3624 3820
f 3820 3624 3821
f 3624 3622 3821
f 3821 3622 3822
f 3622 3620 3822
f 3822 3620 3823
f 3620 3619 3823
f 3823 3619 3824
f 3824 3621 3825
f 3619 3621 3824
f 3621 3623 3825
f 3825 3623 3826
f 3826 3625 3827
f 3623 3625 3826
f 3827 3627 3828
f 3625 3627 3827
f 3828 3629 3829
f 3627 3629 3828
f 3829 3631 3830
f 3629 3631 3829
f 3830 3633 3831
f 3631 3633 3830
f 3633 3635 3831
f 3831 3635 3832
f 3635 3637 3832
f 3832 3637 3833
f 3637 3639 3833
f 3833 3639 3834
f 3639 3641 3834
f 3835 3641 3836
f 3834 3641 3835
f 3641 3643 3836
f 3643 3645 3836
f 3836 3645 3837
f 3645 3647 3837
f 3837 3647 3838
f 3647 3649 3838
f 3838 3649 3839
f 3649 3651 3839
f 3839 3651 3840
f 3651 3653 3840
f 3840 3653 3841
f 3653 3655 3841
f 3841 3655 3842
f 3655 3657 3842
f 3842 3657 3843
f 3657 3659 3843
f 3843 3659 3844
f 3844 3661 3845
f 3659 3661 3844
f 3661 3663 3845
f 3845 3663 3846
f 3846 3665 3847
f 3663 3665 3846
f 3847 3667 3848
f 3665 3667 3847
f 3848 3669 3849
f 3667 3669 3848
f 3849 3671 3850
f 3669 3671 3849
f 3850 3673 3851
f 3671 3673 3850
f 3851 3675 3852
f 3673 3675 3851
f 3852 3677 3853
f 3675 3677 3852
f 3853 3679 3854
f 3677 3679 3853
f 3854 3681 3855
f 3679 3681 3854
f 3855 3683 3856
f 3681 3683 3855
f 3856 3684 3857
f 3683 3684 3856
f 3684 3686 3857
f 3857 3686 3858
f 3686 3688 3858
f 3858 3688 3859
f 3688 3690 3859
f 3859 3690 3860
f 3690 3692 3860
f 3860 3692 3861
f 3692 3696 3861
f 3861 3696 3862
f 3696 3695 3862
f 3862 3695 3863
f 3695 3700 3863
f 3863 3700 3864
f 3864 3699 3865
f 3700 3699 3864
f 3699 3702 3865
f 3865 3702 3866
f 3866 3706 3867
f 3702 3706 3866
f 3706 3705 3867
f 3867 3705 3868
f 3868 3708 3869
f 3705 3708 3868
f 3869 3711 3870
f 3708 3711 3869
f 3870 3713 3745
f 3711 3713 3870
f 319 3761 320
f 317 3760 319
f 319 3760 3761
f 320 3762 3871
f 3761 3762 320
f 314 3759 317
f 317 3759 3760
f 3871 3763 3872
f 3762 3763 3871
f 314 3758 3759
f 312 3758 314
f 3873 3764 3874
f 3872 3764 3873
f 3763 3764 3872
f 312 3757 3758
f 310 3757 312
f 3874 3765 3875
f 3764 3765 3874
f 310 3756 3757
f 308 3756 310
f 3875 3766 3876
f 3765 3766 3875
f 308 3755 3756
f 306 3755 308
f 3766 3767 3876
f 3876 3767 3877
f 306 3754 3755
f 304 3754 306
f 3877 3768 3878
f 3767 3768 3877
f 304 3753 3754
f 302 3753 304
f 3768 3769 3878
f 3878 3769 3879
f 302 3752 3753
f 300 3752 302
f 3879 3770 3880
f 3769 3770 3879
f 300 3751 3752
f 298 3751 300
f 3880 3771 3881
f 3770 3771 3880
f 298 3750 3751
f 296 3750 298
f 3771 3772 3881
f 3881 3772 3882
f 296 3749 3750
f 294 3749 296
f 3882 3773 3883
f 3772 3773 3882
f 292 3748 294
f 294 3748 3749
f 3883 3774 3884
f 3773 3774 3883
f 3885 3747 292
f 292 3747 3748
f 3884 3775 3886
f 3774 3775 3884
f 3887 3746 3885
f 3885 3746 3747
f 3886 3776 3888
f 3775 3776 3886
f 3889 3745 3887
f 3887 3745 3746
f 3888 3777 3890
f 3776 3777 3888
f 3891 3870 3889
f 3889 3870 3745
f 3890 3778 3892
f 3777 3778 3890
f 3893 3869 3891
f 3891 3869 3870
f 3778 3779 3892
f 3892 3779 3894
f 3895 3868 3893
f 3893 3868 3869
f 3894 3780 3896
f 3779 3780 3894
f 3897 3867 3895
f 3895 3867 3868
f 3896 3781 3898
f 3780 3781 3896
f 3897 3866 3867
f 3899 3866 3897
f 3898 3782 3900
f 3781 3782 3898
f 3899 3865 3866
f 3901 3865 3899
f 3900 3783 3902
f 3782 3783 3900
f 3903 3864 3901
f 3901 3864 3865
f 3902 3784 3904
f 3783 3784 3902
f 3905 3863 3903
f 3903 3863 3864
f 3904 3785 3906
f 3784 3785 3904
f 3907 3862 3905
f 3905 3862 3863
f 3908 3786 3909
f 3906 3786 3908
f 3785 3786 3906
f 3907 3861 3862
f 3907 3910 3861
f 3909 3787 3911
f 3786 3787 3909
f 3910 3860 3861
f 3910 3912 3860
f 3911 3788 3913
f 3787 3788 3911
f 3912 3859 3860
f 3912 3914 3859
f 3913 3789 3915
f 3788 3789 3913
f 3914 3858 3859
f 3914 3916 3858
f 3915 3790 3917
f 3789 3790 3915
f 3916 3857 3858
f 3916 3918 3857
f 3917 3791 3919
f 3790 3791 3917
f 3918 3856 3857
f 3918 3920 3856
f 3791 3792 3919
f 3792 3921 3919
f 3920 3855 3856
f 3920 3922 3855
f 3792 3793 3921
f 3793 3923 3921
f 3922 3854 3855
f 3922 3924 3854
f 3793 3794 3923
f 3794 3925 3923
f 3924 3853 3854
f 3794 3795 3925
f 3924 3926 3853
f 3926 3852 3853
f 3795 3927 3925
f 3795 3796 3927
f 3926 3928 3852
f 3928 3851 3852
f 3796 3929 3927
f 3796 3797 3929
f 3928 3930 3851
f 3930 3850 3851
f 3798 3931 3797
f 3797 3931 3929
f 3930 3932 3850
f 3932 3849 3850
f 3799 3933 3798
f 3798 3933 3931
f 3932 3934 3849
f 3799 3935 3933
f 3849 3936 3848
f 3934 3936 3849
f 3800 3937 3799
f 3799 3937 3935
f 3848 3938 3847
f 3936 3938 3848
f 3847 3939 3846
f 3938 3939 3847
f 3801 3940 3800
f 3800 3940 3937
f 3846 3941 3845
f 3939 3941 3846
f 3802 3942 3801
f 3801 3942 3940
f 3941 3943 3845
f 3845 3943 3844
f 3803 3944 3802
f 3802 3944 3942
f 3943 3945 3844
f 3844 3945 3843
f 3804 3946 3803
f 3803 3946 3944
f 3945 3947 3843
f 3843 3947 3842
f 3804 3948 3946
f 3805 3948 3804
f 3947 3949 3842
f 3842 3949 3841
f 3805 3950 3948
f 3806 3950 3805
f 3949 3951 3841
f 3841 3951 3840
f 3806 3952 3950
f 3807 3952 3806
f 3951 3953 3840
f 3840 3953 3839
f 3807 3954 3952
f 3808 3954 3807
f 3953 3955 3839
f 3839 3955 3838
f 3808 3956 3954
f 3809 3956 3808
f 3955 3957 3838
f 3838 3957 3837
f 3837 3958 3836
f 3957 3958 3837
f 3809 3959 3956
f 3810 3959 3809
f 3958 3960 3836
f 3836 3960 3835
f 3810 3961 3959
f 3811 3961 3810
f 3960 3962 3835
f 3835 3962 3834
f 3811 3963 3961
f 3812 3963 3811
f 3834 3964 3833
f 3962 3964 3834
f 3812 3965 3963
f 3813 3965 3812
f 3964 3966 3833
f 3833 3966 3832
f 3813 3967 3965
f 3814 3967 3813
f 3832 3968 3831
f 3966 3968 3832
f 3814 3969 3967
f 3815 3969 3814
f 3831 3970 3830
f 3968 3970 3831
f 3970 3971 3830
f 3815 3972 3969
f 3816 3972 3815
f 3971 3973 3830
f 3830 3973 3829
f 3816 3974 3972
f 3817 3974 3816
f 3973 3975 3829
f 3829 3975 3828
f 3817 3976 3974
f 3818 3976 3817
f 3828 3977 3827
f 3975 3977 3828
f 3977 3978 3827
f 3827 3978 3826
f 3818 3979 3976
f 3978 3980 3826
f 3826 3980 3825
f 3818 3981 3979
f 3818 3982 3981
f 3819 3982 3818
f 3980 3983 3825
f 3825 3983 3824
f 3819 3984 3982
f 3820 3984 3819
f 3983 3985 3824
f 3824 3985 3823
f 3820 3986 3984
f 3821 3986 3820
f 3985 3987 3823
f 3823 3987 3822
f 3821 3988 3986
f 3987 3989 3822
f 3821 3989 3988
f 3822 3989 3821
f 1359 3990 1358
f 3990 3991 3992
f 1359 3991 3990
f 3992 3993 3994
f 3991 3993 3992
f 3994 3995 3996
f 3993 3995 3994
f 3996 3997 3998
f 3995 3997 3996
f 3998 3999 4000
f 3997 3999 3998
f 4000 4001 4002
f 3999 4001 4000
f 4002 4003 4004
f 4001 4003 4002
f 4004 4005 4006
f 4003 4005 4004
f 4006 4007 4008
f 4005 4007 4006
f 4008 4009 4010
f 4007 4009 4008
f 4010 4011 4012
f 4009 4011 4010
f 4011 4013 4012
f 4011 4014 4013
f 4014 4015 4013
f 4014 4016 4015
f 4016 4017 4015
f 4016 4018 4017
f 4018 4019 4017
f 4018 4020 4019
f 4020 4021 4019
f 4020 4022 4021
f 4022 4023 4021
f 4022 4024 4023
f 4024 4025 4023
f 4024 4026 4025
f 4026 4027 4025
f 4026 4028 4027
f 4028 4029 4027
f 4028 4030 4029
f 4030 4031 4029
f 4030 4032 4031
f 4032 4033 4031
f 4032 4034 4033
f 4034 4035 4033
f 4034 4036 4035
f 4036 4037 4035
f 4036 4038 4037
f 4038 4039 4037
f 4038 4040 4039
f 4040 4041 4039
f 4040 4042 4041
f 4042 4043 4041
f 4042 4044 4043
f 4044 4045 4043
f 4044 4046 4045
f 4046 4047 4045
f 4046 4048 4047
f 4048 4049 4047
f 4048 4050 4049
f 4050 4051 4049
f 4050 4052 4051
f 4052 4053 4051
f 4052 4054 4053
f 4054 4055 4053
f 4054 4056 4055
f 4056 4057 4055
f 4056 4058 4057
f 4058 4059 4057
f 4058 4060 4059
f 4060 4061 4059
f 4060 4062 4061
f 4062 4063 4061
f 4062 4064 4063
f 4064 4065 4063
f 4064 4066 4065
f 4066 4067 4065
f 4066 4068 4067
f 4068 4069 4067
f 4068 4070 4069
f 4070 4071 4069
f 4070 4072 4071
f 4072 4073 4071
f 4072 4074 4073
f 4074 4075 4073
f 4074 4076 4075
f 4076 4077 4075
f 4076 4078 4077
f 4078 4079 4077
f 4078 4080 4079
f 4080 4081 4079
f 4080 4082 4081
f 4082 4083 4081
f 4082 4084 4083
f 4084 4085 4083
f 4084 4086 4085
f 4086 4087 4085
f 4086 4088 4087
f 4088 4089 4087
f 4088 4090 4089
f 4090 4091 4089
f 4090 4092 4091
f 4092 4093 4091
f 4092 4094 4093
f 4094 4095 4093
f 4094 4096 4095
f 4096 4097 4095
f 4096 4098 4097
f 4098 4099 4097
f 4098 4100 4099
f 4100 4101 4099
f 4100 4102 4101
f 4102 4103 4101
f 4102 4104 4103
f 4104 4105 4103
f 4104 4106 4105
f 4106 4107 4105
f 4106 4108 4107
f 4108 4109 4107
f 4108 4110 4109
f 4110 4111 4109
f 4110 4112 4111
f 4112 4113 4111
f 4112 4114 4113
f 4114 4115 4113
f 4114 4116 4115
f 4116 4117 4115
f 4116 4118 4117
f 4118 4119 4117
f 4118 4120 4119
f 4120 4121 4119
f 4120 4122 4121
f 4122 4123 4121
f 4122 4124 4123
f 4124 4125 4123
f 4124 4126 4125
f 4126 4127 4125
f 4126 4128 4127
f 4128 4129 4127
f 4128 4130 4129
f 4130 4131 4129
f 4130 4132 4131
f 4132 4133 4131
f 4132 4134 4133
f 4134 4135 4133
f 4134 4136 4135
f 4136 4137 4135
f 4136 4138 4137
f 4138 4139 4137
f 4138 4140 4139
f 4140 4141 4139
f 4140 4142 4141
f 4142 4143 4141
f 4142 4144 4143
f 4144 4145 4143
f 4144 4146 4145
f 4146 4147 4145
f 4146 4148 4147
f 4148 4149 4147
f 4148 4150 4149
f 4150 4151 4149
f 4150 4152 4151
f 4152 4153 4151
f 4152 4154 4153
f 4154 4155 4153
f 4154 4156 4155
f 4156 4157 4155
f 4156 4158 4157
f 4158 4159 4157
f 4158 4160 4159
f 4160 4161 4159
f 4160 4162 4161
f 4162 4163 4161
f 4162 4164 4163
f 4164 4165 4163
f 4164 4166 4165
f 4166 4167 4165
f 4166 4168 4167
f 4168 4169 4167
f 4168 4170 4169
f 4170 4171 4169
f 4170 4172 4171
f 4172 4173 4171
f 4172 4174 4173
f 4174 4175 4173
f 4174 4176 4175
f 4176 4177 4175
f 4176 4178 4177
f 4178 4179 4177
f 4178 4180 4179
f 4180 4181 4179
f 4180 4182 4181
f 4182 4183 4181
f 4182 4184 4183
f 4184 4185 4183
f 4184 4186 4185
f 4186 4187 4185
f 4186 4188 4187
f 4188 4189 4187
f 4188 4190 4189
f 4190 4191 4189
f 4190 4192 4191
f 4192 4193 4191
f 4192 4194 4193
f 4194 4195 4193
f 4194 4196 4195
f 4196 4197 4195
f 4196 4198 4197
f 4198 4199 4197
f 4198 4200 4199
f 4200 4201 4199
f 4200 4202 4201
f 4202 4203 4201
f 4202 4204 4203
f 4203 4205 4206
f 4204 4205 4203
f 4206 4207 4208
f 4205 4207 4206
f 4208 4209 4210
f 4207 4209 4208
f 4210 4211 4212
f 4209 4211 4210
f 4211 4213 4212
f 4213 4214 4212
f 4213 4215 4214
f 4215 4216 4214
f 4215 4217 4216
f 4217 4218 4216
f 4217 4219 4218
f 4219 4220 4218
f 4219 4221 4220
f 4221 4222 4220
f 4221 4223 4222
f 4223 4224 4222
f 4224 4225 4222
f 4224 4226 4225
f 4226 1040 4225
f 4226 1038 1040
f 71 4227 32
f 32 4227 1490
f 70 4228 71
f 71 4228 4227
f 70 4229 4228
f 68 4229 70
f 59 4230 68
f 68 4230 4229
f 59 4231 4230
f 48 4232 50
f 50 4232 4233
f 47 4234 48
f 48 4234 4232
f 46 4235 47
f 47 4235 4234
f 27 4236 29
f 25 4237 27
f 27 4237 4236
f 25 4238 4237
f 9 4239 11
f 11 4239 4240
f 1295 4241 4242
f 1309 4243 4244
f 1324 4245 4246
f 1339 4247 1337
f 1339 4248 4247
f 1354 4249 1352
f 1354 4250 4249
f 4012 4251 4252
f 4025 4253 4254
f 4027 4253 4025
f 4039 4255 4256
f 4053 4257 4258
f 4081 4259 4079
f 4121 4260 4261
f 4133 4262 4263
f 4135 4262 4133
f 4147 4264 4265
f 4149 4264 4147
f 4161 4266 4267
f 4175 4268 4269
f 4203 4270 4201
f 1045 4271 1044
f 1059 4272 4273
f 1074 4274 1072
f 1072 4274 4275
f 1086 4276 4277
f 1100 4278 4279
f 1114 4280 1112
f 1114 4281 4280
f 1128 4282 1126
f 1126 4282 4283
f 1140 4284 4285
f 1154 4286 4287
f 1182 4288 1180
f 1194 4289 4290
f 1196 4289 1194
f 1236 4291 1234
f 1250 4292 1248
f 801 4293 4294
f 815 4295 813
f 815 4296 4295
f 829 4297 4298
f 842 4299 4300
f 870 4301 868
f 884 4302 882
f 882 4302 4303
f 896 4304 4305
f 910 4306 4307
f 924 4308 922
f 924 4309 4308
f 936 4310 4311
f 938 4310 936
f 978 4312 4313
f 992 4314 990
f 992 4315 4314
f 1006 4316 1004
f 573 4317 571
f 571 4317 4318
f 575 4319 573
f 573 4319 4317
f 575 4320 4319
f 50 4321 52
f 52 4321 54
f 54 4321 57
f 57 4321 59
f 4231 4321 4322
f 4322 4321 4323
f 4323 4321 4233
f 4233 4321 50
f 59 4321 4231
f 29 4324 36
f 36 4324 37
f 37 4324 41
f 41 4324 42
f 42 4324 46
f 4235 4324 4325
f 4325 4324 4326
f 4326 4324 4327
f 4327 4324 4328
f 4328 4324 4236
f 46 4324 4235
f 4236 4324 29
f 13 4329 15
f 15 4329 17
f 17 4329 19
f 19 4329 20
f 20 4329 22
f 11 4330 13
f 22 4330 24
f 24 4330 25
f 4240 4330 11
f 4329 4330 22
f 13 4330 4329
f 4238 4330 4331
f 4331 4330 4332
f 4332 4330 4333
f 4333 4330 4334
f 4334 4330 4335
f 4335 4330 4240
f 25 4330 4238
f 7 4336 9
f 1295 4336 1293
f 1293 4336 1291
f 1291 4336 1
f 1 4336 2
f 2 4336 5
f 5 4336 7
f 4336 4337 9
f 9 4337 4239
f 4239 4337 4338
f 4338 4337 4339
f 4339 4337 4340
f 4340 4337 4341
f 4341 4337 4342
f 4342 4337 4343
f 4343 4337 4242
f 4242 4337 1295
f 1295 4337 4336
f 1295 4344 4241
f 1309 4344 1307
f 1307 4344 1305
f 1305 4344 1303
f 1303 4344 1301
f 1301 4344 1299
f 1299 4344 1297
f 1297 4344 1295
f 4344 4345 4241
f 4241 4345 4346
f 4346 4345 4347
f 4347 4345 4348
f 4348 4345 4349
f 4349 4345 4350
f 4350 4345 4351
f 4351 4345 4244
f 1309 4345 4344
f 4244 4345 1309
f 4246 4352 1324
f 1324 4352 1322
f 1322 4352 1320
f 1320 4352 1318
f 1318 4352 1317
f 1317 4352 1315
f 1315 4352 1313
f 1313 4352 1311
f 1311 4352 1309
f 1309 4352 4243
f 4243 4353 4354
f 4354 4353 4355
f 4355 4353 4356
f 4356 4353 4357
f 4357 4353 4358
f 4358 4353 4359
f 4359 4353 4246
f 4352 4353 4243
f 4246 4353 4352
f 1324 4360 4245
f 4247 4360 1337
f 1337 4360 1335
f 1335 4360 1332
f 1332 4360 1330
f 1330 4360 1328
f 1328 4360 1326
f 1326 4360 1324
f 4245 4361 4362
f 4362 4361 4363
f 4363 4361 4364
f 4247 4361 4360
f 4364 4361 4365
f 4365 4361 4366
f 4366 4361 4367
f 4367 4361 4247
f 4360 4361 4245
f 1339 4368 4248
f 1352 4368 1350
f 1350 4368 1348
f 1348 4368 1345
f 1345 4368 1343
f 1343 4368 1341
f 1341 4368 1339
f 4249 4368 1352
f 4249 4369 4368
f 4368 4369 4248
f 4248 4369 4370
f 4370 4369 4371
f 4371 4369 4372
f 4372 4369 4373
f 4373 4369 4374
f 4374 4369 4375
f 4375 4369 4376
f 4376 4369 4249
f 3998 4377 3996
f 3996 4377 3994
f 3994 4377 3992
f 3992 4377 3990
f 3990 4377 1358
f 1358 4377 1356
f 1356 4377 1354
f 1354 4377 4250
f 4378 4379 4380
f 4380 4379 4381
f 4381 4379 3998
f 4377 4379 4250
f 3998 4379 4377
f 4250 4379 4382
f 4382 4379 4383
f 4383 4379 4384
f 4384 4379 4385
f 4385 4379 4386
f 4386 4379 4378
f 3998 4387 4381
f 4252 4387 4012
f 4012 4387 4010
f 4010 4387 4008
f 4008 4387 4006
f 4006 4387 4004
f 4004 4387 4002
f 4002 4387 4000
f 4000 4387 3998
f 4381 4388 4389
f 4389 4388 4390
f 4390 4388 4391
f 4391 4388 4392
f 4392 4388 4393
f 4393 4388 4394
f 4394 4388 4395
f 4395 4388 4252
f 4252 4388 4387
f 4387 4388 4381
f 4012 4396 4251
f 4025 4396 4023
f 4023 4396 4021
f 4021 4396 4019
f 4019 4396 4017
f 4017 4396 4015
f 4015 4396 4013
f 4013 4396 4012
f 4251 4397 4398
f 4398 4397 4399
f 4399 4397 4400
f 4400 4397 4401
f 4401 4397 4402
f 4402 4397 4403
f 4403 4397 4254
f 4025 4397 4396
f 4254 4397 4025
f 4396 4397 4251
f 4039 4404 4037
f 4037 4404 4035
f 4035 4404 4033
f 4033 4404 4031
f 4031 4404 4029
f 4029 4404 4027
f 4027 4404 4253
f 4256 4405 4039
f 4253 4405 4406
f 4406 4405 4407
f 4407 4405 4408
f 4408 4405 4409
f 4409 4405 4410
f 4410 4405 4411
f 4404 4405 4253
f 4411 4405 4256
f 4039 4405 4404
f 4039 4412 4255
f 4053 4412 4051
f 4051 4412 4049
f 4049 4412 4047
f 4047 4412 4045
f 4045 4412 4043
f 4258 4412 4053
f 4043 4412 4041
f 4041 4412 4039
f 4412 4413 4255
f 4255 4413 4414
f 4414 4413 4415
f 4415 4413 4416
f 4416 4413 4417
f 4417 4413 4418
f 4418 4413 4419
f 4419 4413 4258
f 4258 4413 4412
f 4420 4421 4067
f 4067 4421 4065
f 4065 4421 4063
f 4063 4421 4061
f 4061 4421 4059
f 4059 4421 4057
f 4057 4421 4055
f 4055 4421 4053
f 4420 4422 4421
f 4257 4422 4423
f 4423 4422 4424
f 4424 4422 4425
f 4425 4422 4426
f 4426 4422 4427
f 4053 4422 4257
f 4427 4422 4428
f 4428 4422 4420
f 4421 4422 4053
f 4079 4429 4077
f 4077 4429 4075
f 4075 4429 4073
f 4073 4429 4071
f 4071 4429 4069
f 4069 4429 4067
f 4259 4429 4079
f 4067 4430 4420
f 4259 4430 4429
f 4420 4430 4431
f 4431 4430 4432
f 4432 4430 4433
f 4433 4430 4434
f 4434 4430 4435
f 4435 4430 4436
f 4436 4430 4437
f 4437 4430 4259
f 4429 4430 4067
f 4093 4438 4091
f 4091 4438 4089
f 4089 4438 4087
f 4087 4438 4085
f 4085 4438 4083
f 4083 4438 4081
f 4081 4438 4259
f 4439 4440 4093
f 4259 4440 4441
f 4441 4440 4442
f 4442 4440 4443
f 4438 4440 4259
f 4443 4440 4444
f 4444 4440 4445
f 4445 4440 4446
f 4446 4440 4447
f 4447 4440 4439
f 4093 4440 4438
f 4107 4448 4105
f 4105 4448 4103
f 4103 4448 4101
f 4101 4448 4099
f 4099 4448 4097
f 4097 4448 4095
f 4095 4448 4093
f 4093 4448 4439
f 4449 4448 4107
f 4449 4450 4448
f 4448 4450 4439
f 4439 4450 4451
f 4451 4450 4452
f 4452 4450 4453
f 4453 4450 4454
f 4454 4450 4455
f 4455 4450 4456
f 4456 4450 4457
f 4457 4450 4449
f 4115 4458 4113
f 4113 4458 4111
f 4111 4458 4109
f 4109 4458 4107
f 4121 4458 4119
f 4119 4458 4117
f 4117 4458 4115
f 4121 4459 4458
f 4107 4459 4449
f 4458 4459 4107
f 4449 4459 4460
f 4460 4459 4461
f 4461 4459 4462
f 4462 4459 4463
f 4463 4459 4464
f 4464 4459 4465
f 4465 4459 4261
f 4261 4459 4121
f 4263 4466 4133
f 4121 4466 4260
f 4133 4466 4131
f 4131 4466 4129
f 4129 4466 4127
f 4127 4466 4125
f 4125 4466 4123
f 4123 4466 4121
f 4263 4467 4466
f 4260 4467 4468
f 4468 4467 4469
f 4469 4467 4470
f 4470 4467 4471
f 4471 4467 4472
f 4472 4467 4473
f 4473 4467 4263
f 4466 4467 4260
f 4135 4474 4262
f 4147 4474 4145
f 4145 4474 4143
f 4143 4474 4141
f 4141 4474 4139
f 4139 4474 4137
f 4137 4474 4135
f 4265 4475 4147
f 4474 4475 4262
f 4147 4475 4474
f 4262 4475 4476
f 4476 4475 4477
f 4477 4475 4478
f 4478 4475 4479
f 4479 4475 4480
f 4480 4475 4481
f 4481 4475 4265
f 4149 4482 4264
f 4161 4482 4159
f 4159 4482 4157
f 4157 4482 4155
f 4155 4482 4153
f 4153 4482 4151
f 4151 4482 4149
f 4482 4483 4264
f 4267 4483 4161
f 4161 4483 4482
f 4264 4483 4484
f 4484 4483 4485
f 4485 4483 4486
f 4486 4483 4487
f 4487 4483 4488
f 4488 4483 4489
f 4489 4483 4267
f 4161 4490 4266
f 4175 4490 4173
f 4173 4490 4171
f 4171 4490 4169
f 4169 4490 4167
f 4167 4490 4165
f 4165 4490 4163
f 4163 4490 4161
f 4269 4490 4175
f 4491 4492 4493
f 4493 4492 4494
f 4494 4492 4495
f 4495 4492 4269
f 4269 4492 4490
f 4490 4492 4266
f 4266 4492 4496
f 4496 4492 4497
f 4497 4492 4491
f 4498 4499 4189
f 4189 4499 4187
f 4187 4499 4185
f 4185 4499 4183
f 4183 4499 4181
f 4181 4499 4179
f 4179 4499 4177
f 4177 4499 4175
f 4175 4500 4268
f 4268 4500 4501
f 4501 4500 4502
f 4502 4500 4503
f 4503 4500 4504
f 4504 4500 4505
f 4505 4500 4506
f 4506 4500 4498
f 4499 4500 4175
f 4498 4500 4499
f 4201 4507 4199
f 4199 4507 4197
f 4197 4507 4195
f 4195 4507 4193
f 4193 4507 4191
f 4191 4507 4189
f 4498 4508 4509
f 4509 4508 4510
f 4510 4508 4511
f 4511 4508 4512
f 4512 4508 4513
f 4513 4508 4514
f 4514 4508 4515
f 4515 4508 4270
f 4189 4508 4498
f 4270 4508 4201
f 4507 4508 4189
f 4201 4508 4507
f 4216 4516 4214
f 4214 4516 4212
f 4212 4516 4210
f 4210 4516 4208
f 4208 4516 4206
f 4206 4516 4203
f 4203 4516 4270
f 4270 4517 4518
f 4518 4517 4519
f 4519 4517 4520
f 4520 4517 4521
f 4521 4517 4522
f 4522 4517 4523
f 4523 4517 4524
f 4524 4517 4525
f 4516 4517 4270
f 4216 4517 4516
f 4525 4517 4216
f 1044 4526 1042
f 1042 4526 1039
f 1039 4526 1040
f 1040 4526 4225
f 4225 4526 4222
f 4222 4526 4220
f 4220 4526 4218
f 4218 4526 4216
f 4216 4526 4525
f 4271 4527 1044
f 4525 4527 4528
f 4528 4527 4529
f 4529 4527 4530
f 4530 4527 4531
f 4531 4527 4532
f 4532 4527 4533
f 4533 4527 4534
f 4534 4527 4271
f 1044 4527 4526
f 4526 4527 4525
f 1045 4535 4271
f 1059 4535 1057
f 1057 4535 1055
f 1055 4535 1053
f 1053 4535 1051
f 1051 4535 1049
f 1049 4535 1047
f 1047 4535 1045
f 4273 4535 1059
f 4273 4536 4535
f 4271 4536 4537
f 4537 4536 4538
f 4538 4536 4539
f 4539 4536 4540
f 4540 4536 4541
f 4541 4536 4542
f 4542 4536 4273
f 4535 4536 4271
f 1072 4543 1070
f 1070 4543 1068
f 1068 4543 1066
f 1066 4543 1064
f 1064 4543 1063
f 1063 4543 1061
f 1061 4543 1059
f 4275 4543 1072
f 4275 4544 4543
f 4272 4544 4545
f 4545 4544 4546
f 4546 4544 4547
f 4547 4544 4548
f 4548 4544 4549
f 4549 4544 4550
f 1059 4544 4272
f 4550 4544 4275
f 4543 4544 1059
f 4277 4551 1086
f 1086 4551 1084
f 1084 4551 1082
f 1082 4551 1080
f 1080 4551 1078
f 1078 4551 1076
f 1076 4551 1074
f 1074 4551 4274
f 4277 4552 4551
f 4274 4552 4553
f 4553 4552 4554
f 4554 4552 4555
f 4555 4552 4556
f 4556 4552 4557
f 4557 4552 4558
f 4558 4552 4277
f 4551 4552 4274
f 1100 4559 1098
f 1098 4559 1096
f 1096 4559 1094
f 1094 4559 1092
f 1092 4559 1090
f 1090 4559 1088
f 1088 4559 1086
f 4279 4559 1100
f 1086 4560 4276
f 4559 4560 1086
f 4279 4560 4559
f 4276 4560 4561
f 4561 4560 4562
f 4562 4560 4563
f 4563 4560 4564
f 4564 4560 4565
f 4565 4560 4566
f 4566 4560 4279
f 1112 4567 1110
f 1110 4567 1108
f 1108 4567 1106
f 1106 4567 1104
f 1104 4567 1102
f 1102 4567 1100
f 4280 4567 1112
f 1100 4568 4278
f 4567 4568 1100
f 4280 4568 4567
f 4278 4568 4569
f 4569 4568 4570
f 4570 4568 4571
f 4571 4568 4572
f 4572 4568 4573
f 4573 4568 4574
f 4574 4568 4280
f 1126 4575 1124
f 1124 4575 1122
f 1122 4575 1120
f 1120 4575 1118
f 1118 4575 1116
f 1116 4575 1114
f 1114 4575 4281
f 4575 4576 4281
f 1126 4576 4575
f 4281 4576 4577
f 4577 4576 4578
f 4578 4576 4579
f 4579 4576 4580
f 4580 4576 4581
f 4581 4576 4582
f 4582 4576 4283
f 4283 4576 1126
f 1128 4583 4282
f 1140 4583 1138
f 1138 4583 1136
f 1136 4583 1134
f 1134 4583 1132
f 1132 4583 1130
f 1130 4583 1128
f 1140 4584 4583
f 4583 4584 4282
f 4285 4584 1140
f 4282 4584 4585
f 4585 4584 4586
f 4586 4584 4587
f 4587 4584 4588
f 4588 4584 4589
f 4589 4584 4590
f 4590 4584 4285
f 1140 4591 4284
f 4287 4591 1154
f 1154 4591 1152
f 1152 4591 1150
f 1150 4591 1148
f 1148 4591 1146
f 1146 4591 1144
f 1144 4591 1142
f 1142 4591 1140
f 4591 4592 4284
f 4287 4592 4591
f 4284 4592 4593
f 4593 4592 4594
f 4594 4592 4595
f 4595 4592 4596
f 4596 4592 4597
f 4597 4592 4598
f 4598 4592 4287
f 1168 4599 1166
f 4600 4599 1168
f 1166 4599 1164
f 1164 4599 1162
f 1162 4599 1160
f 1160 4599 1158
f 1158 4599 1156
f 1156 4599 1154
f 4601 4602 4603
f 4603 4602 4604
f 4604 4602 4605
f 4605 4602 4606
f 4606 4602 4607
f 4607 4602 4600
f 1154 4602 4286
f 4600 4602 4599
f 4599 4602 1154
f 4286 4602 4601
f 4288 4608 1180
f 1180 4608 1178
f 1178 4608 1176
f 1176 4608 1174
f 1174 4608 1172
f 1172 4608 1170
f 1170 4608 1168
f 4600 4609 4610
f 4610 4609 4611
f 4611 4609 4612
f 4612 4609 4613
f 4613 4609 4614
f 4614 4609 4615
f 4615 4609 4616
f 4616 4609 4288
f 4608 4609 1168
f 4288 4609 4608
f 1168 4609 4600
f 4290 4617 1194
f 1194 4617 1192
f 1192 4617 1190
f 1190 4617 1188
f 1188 4617 1186
f 1186 4617 1184
f 1184 4617 1182
f 1182 4618 4288
f 4288 4618 4619
f 4619 4618 4620
f 4620 4618 4621
f 4621 4618 4622
f 4622 4618 4623
f 4623 4618 4624
f 4624 4618 4625
f 4625 4618 4290
f 4617 4618 1182
f 4290 4618 4617
f 1196 4626 4289
f 1208 4626 1206
f 1206 4626 1204
f 1204 4626 1202
f 1202 4626 1200
f 1200 4626 1198
f 1198 4626 1196
f 4627 4626 1208
f 4289 4628 4629
f 4629 4628 4630
f 4630 4628 4631
f 4631 4628 4632
f 4632 4628 4633
f 4633 4628 4634
f 4634 4628 4627
f 4626 4628 4289
f 4627 4628 4626
f 1222 4635 1220
f 1220 4635 1218
f 1218 4635 1216
f 1216 4635 1214
f 1214 4635 1212
f 1212 4635 1210
f 1210 4635 1208
f 4636 4635 1222
f 4636 4637 4635
f 4627 4637 4638
f 4638 4637 4639
f 4639 4637 4640
f 4640 4637 4641
f 4641 4637 4642
f 4642 4637 4643
f 4643 4637 4644
f 4635 4637 1208
f 4644 4637 4636
f 1208 4637 4627
f 4291 4645 1234
f 1234 4645 1232
f 1232 4645 1230
f 1230 4645 1228
f 1228 4645 1226
f 1226 4645 1224
f 1224 4645 1222
f 4291 4646 4645
f 4636 4646 4647
f 4647 4646 4648
f 4648 4646 4649
f 4649 4646 4650
f 4650 4646 4651
f 4651 4646 4652
f 4652 4646 4653
f 4653 4646 4291
f 4645 4646 1222
f 1222 4646 4636
f 1248 4654 1246
f 1246 4654 1244
f 1244 4654 1242
f 1242 4654 1240
f 1240 4654 1238
f 1238 4654 1236
f 4292 4654 1248
f 4654 4655 1236
f 1236 4655 4291
f 4291 4655 4656
f 4656 4655 4657
f 4657 4655 4658
f 4658 4655 4659
f 4659 4655 4660
f 4660 4655 4661
f 4661 4655 4662
f 4662 4655 4292
f 4292 4655 4654
f 1263 4663 1261
f 1261 4663 1259
f 1259 4663 1257
f 1257 4663 1254
f 1254 4663 1252
f 1252 4663 1250
f 1250 4663 4292
f 1263 4664 4663
f 4292 4664 4665
f 4665 4664 4666
f 4666 4664 4667
f 4667 4664 4668
f 4668 4664 4669
f 4669 4664 4670
f 4670 4664 4671
f 4671 4664 4672
f 4663 4664 4292
f 4672 4664 1263
f 4294 4673 801
f 801 4673 1276
f 1276 4673 1273
f 1273 4673 1271
f 1271 4673 1269
f 1269 4673 1267
f 1267 4673 1265
f 1265 4673 1263
f 1263 4673 4672
f 4294 4674 4673
f 4672 4674 4675
f 4675 4674 4676
f 4676 4674 4677
f 4677 4674 4678
f 4678 4674 4679
f 4679 4674 4680
f 4680 4674 4294
f 4673 4674 4672
f 801 4681 4293
f 813 4681 811
f 811 4681 809
f 809 4681 807
f 807 4681 805
f 805 4681 803
f 803 4681 800
f 800 4681 801
f 4295 4681 813
f 4295 4682 4681
f 4681 4682 4293
f 4293 4682 4683
f 4683 4682 4684
f 4684 4682 4685
f 4685 4682 4686
f 4686 4682 4687
f 4687 4682 4688
f 4688 4682 4295
f 829 4689 827
f 827 4689 825
f 825 4689 823
f 823 4689 821
f 821 4689 819
f 819 4689 817
f 817 4689 815
f 4298 4689 829
f 4298 4690 4689
f 4689 4690 815
f 815 4690 4296
f 4296 4690 4691
f 4691 4690 4692
f 4692 4690 4693
f 4693 4690 4694
f 4694 4690 4695
f 4695 4690 4696
f 4696 4690 4298
f 842 4697 840
f 840 4697 838
f 838 4697 836
f 836 4697 834
f 834 4697 832
f 832 4697 830
f 830 4697 829
f 829 4697 4297
f 4300 4697 842
f 4300 4698 4697
f 4697 4698 4297
f 4297 4698 4699
f 4699 4698 4700
f 4700 4698 4701
f 4701 4698 4702
f 4702 4698 4703
f 4703 4698 4704
f 4704 4698 4300
f 852 4705 850
f 850 4705 848
f 848 4705 846
f 846 4705 844
f 844 4705 842
f 4706 4705 856
f 856 4705 854
f 854 4705 852
f 4705 4707 842
f 4706 4707 4705
f 4299 4707 4708
f 4708 4707 4709
f 4709 4707 4710
f 842 4707 4299
f 4710 4707 4711
f 4711 4707 4712
f 4712 4707 4713
f 4713 4707 4706
f 4301 4714 868
f 868 4714 866
f 866 4714 864
f 864 4714 862
f 862 4714 860
f 860 4714 858
f 858 4714 856
f 4706 4715 4716
f 4716 4715 4717
f 4717 4715 4718
f 4718 4715 4719
f 4719 4715 4720
f 4720 4715 4721
f 4721 4715 4722
f 4722 4715 4301
f 856 4715 4706
f 4714 4715 856
f 4301 4715 4714
f 870 4723 4301
f 882 4723 880
f 880 4723 878
f 878 4723 876
f 876 4723 874
f 874 4723 872
f 872 4723 870
f 4301 4724 4725
f 4725 4724 4726
f 4726 4724 4727
f 4727 4724 4728
f 4728 4724 4729
f 4729 4724 4730
f 4730 4724 4303
f 882 4724 4723
f 4303 4724 882
f 4723 4724 4301
f 896 4731 894
f 894 4731 892
f 892 4731 890
f 890 4731 888
f 888 4731 886
f 886 4731 884
f 884 4731 4302
f 4731 4732 4302
f 4302 4732 4733
f 4733 4732 4734
f 4734 4732 4735
f 4305 4732 896
f 4735 4732 4736
f 4736 4732 4737
f 4737 4732 4738
f 4738 4732 4305
f 896 4732 4731
f 896 4739 4304
f 4307 4739 910
f 910 4739 908
f 908 4739 906
f 906 4739 904
f 904 4739 902
f 902 4739 900
f 900 4739 898
f 898 4739 896
f 4304 4740 4741
f 4741 4740 4742
f 4742 4740 4743
f 4743 4740 4744
f 4744 4740 4745
f 4745 4740 4746
f 4746 4740 4307
f 4307 4740 4739
f 4739 4740 4304
f 922 4747 920
f 920 4747 918
f 918 4747 916
f 916 4747 914
f 914 4747 912
f 912 4747 910
f 4308 4747 922
f 4747 4748 910
f 4306 4748 4749
f 910 4748 4306
f 4749 4748 4750
f 4750 4748 4751
f 4751 4748 4752
f 4752 4748 4753
f 4753 4748 4754
f 4754 4748 4308
f 4308 4748 4747
f 936 4755 934
f 934 4755 932
f 932 4755 930
f 930 4755 928
f 928 4755 926
f 926 4755 924
f 4311 4756 936
f 4309 4756 4757
f 4757 4756 4758
f 4758 4756 4759
f 4759 4756 4760
f 4760 4756 4761
f 4761 4756 4762
f 4762 4756 4311
f 924 4756 4309
f 4755 4756 924
f 936 4756 4755
f 938 4763 4310
f 950 4763 948
f 948 4763 946
f 946 4763 944
f 944 4763 942
f 942 4763 940
f 940 4763 938
f 950 4764 4763
f 4763 4764 4310
f 4765 4764 950
f 4310 4764 4766
f 4766 4764 4767
f 4767 4764 4768
f 4768 4764 4769
f 4769 4764 4770
f 4770 4764 4771
f 4771 4764 4772
f 4772 4764 4765
f 950 4773 4765
f 964 4773 962
f 962 4773 960
f 960 4773 958
f 958 4773 956
f 956 4773 954
f 954 4773 952
f 952 4773 950
f 4773 4774 4765
f 964 4774 4773
f 4765 4774 4775
f 4775 4774 4776
f 4776 4774 4777
f 4777 4774 4778
f 4778 4774 4779
f 4779 4774 4780
f 4780 4774 4781
f 4781 4774 4782
f 4782 4774 964
f 978 4783 976
f 976 4783 974
f 974 4783 972
f 972 4783 970
f 970 4783 968
f 968 4783 966
f 966 4783 964
f 964 4783 4782
f 4783 4784 4782
f 978 4784 4783
f 4782 4784 4785
f 4785 4784 4786
f 4786 4784 4787
f 4787 4784 4788
f 4788 4784 4789
f 4789 4784 4790
f 4790 4784 4313
f 4313 4784 978
f 4314 4791 990
f 990 4791 988
f 988 4791 986
f 986 4791 984
f 984 4791 982
f 982 4791 980
f 980 4791 978
f 978 4791 4312
f 4791 4792 4312
f 4312 4792 4793
f 4793 4792 4794
f 4314 4792 4791
f 4794 4792 4795
f 4795 4792 4796
f 4796 4792 4797
f 4797 4792 4798
f 4798 4792 4314
f 1004 4799 1002
f 1002 4799 1000
f 1000 4799 998
f 998 4799 996
f 996 4799 994
f 994 4799 992
f 992 4800 4315
f 4799 4800 992
f 4316 4800 1004
f 1004 4800 4799
f 4315 4800 4801
f 4801 4800 4802
f 4802 4800 4803
f 4803 4800 4804
f 4804 4800 4805
f 4805 4800 4806
f 4806 4800 4316
f 1019 4807 1017
f 1017 4807 1015
f 1015 4807 1013
f 1013 4807 1011
f 1011 4807 1008
f 1008 4807 1006
f 1006 4807 4316
f 4807 4808 4316
f 4809 4808 1019
f 4316 4808 4810
f 4810 4808 4811
f 4811 4808 4812
f 4812 4808 4813
f 4813 4808 4814
f 4814 4808 4815
f 4815 4808 4816
f 4816 4808 4809
f 1019 4808 4807
f 1034 4817 1032
f 4818 4817 1034
f 1032 4817 1030
f 1030 4817 1028
f 1028 4817 1025
f 1025 4817 1023
f 1023 4817 1021
f 1021 4817 1019
f 1019 4817 4809
f 4819 4820 4821
f 4821 4820 4818
f 4817 4820 4809
f 4818 4820 4817
f 4809 4820 4822
f 4822 4820 4823
f 4823 4820 4824
f 4824 4820 4825
f 4825 4820 4826
f 4826 4820 4819
f 571 4827 569
f 569 4827 567
f 567 4827 565
f 565 4827 562
f 562 4827 563
f 563 4827 1036
f 1036 4827 1034
f 4318 4827 571
f 4818 4828 4829
f 4829 4828 4830
f 4830 4828 4831
f 4831 4828 4832
f 4318 4828 4827
f 4832 4828 4833
f 4833 4828 4834
f 4834 4828 4835
f 4835 4828 4318
f 1034 4828 4818
f 4827 4828 1034
f 577 4836 575
f 575 4836 4320
f 577 4837 4836
f 3883 4838 3882
f 3894 4839 3892
f 3896 4840 3894
f 3894 4840 4839
f 3906 4841 4842
f 3909 4841 3908
f 3908 4841 3906
f 3909 4843 4841
f 3919 4844 3917
f 3919 4845 4844
f 3921 4845 3919
f 3921 4846 4845
f 3923 4846 3921
f 3923 4847 4846
f 3929 4848 4849
f 3931 4848 3929
f 3933 4850 3931
f 3931 4850 4848
f 3935 4851 3933
f 3933 4851 4850
f 3937 4852 3935
f 3935 4852 4851
f 3940 4853 3937
f 3937 4853 4852
f 3942 4854 3940
f 3940 4854 4853
f 3944 4855 3942
f 3942 4855 4854
f 3946 4856 3944
f 3944 4856 4855
f 3948 4857 3946
f 3946 4857 4856
f 3950 4858 3948
f 3948 4858 4857
f 3952 4859 3950
f 3950 4859 4858
f 3954 4860 3952
f 3952 4860 4859
f 3956 4861 3954
f 3954 4861 4860
f 3959 4862 3956
f 3956 4862 4861
f 3959 4863 4862
f 3961 4863 3959
f 3961 4864 4863
f 3963 4864 3961
f 3963 4865 4864
f 3965 4865 3963
f 3965 4866 4865
f 3967 4866 3965
f 3967 3969 4866
f 3969 4867 4866
f 3969 3972 4867
f 3972 4868 4867
f 3972 3974 4868
f 3974 4869 4868
f 3974 3976 4869
f 3976 4870 4869
f 3976 3979 4870
f 591 4871 589
f 589 4871 587
f 587 4871 585
f 585 4871 583
f 583 4871 581
f 581 4871 579
f 579 4871 577
f 4837 4872 4873
f 4873 4872 4874
f 4874 4872 4875
f 4875 4872 4876
f 4876 4872 4877
f 4877 4872 4878
f 4871 4872 577
f 577 4872 4837
f 591 4879 4871
f 602 4879 600
f 600 4879 599
f 599 4879 597
f 597 4879 595
f 595 4879 593
f 593 4879 591
f 4872 4880 4878
f 4878 4880 4881
f 4881 4880 4882
f 4882 4880 4883
f 4883 4880 4884
f 4884 4880 4885
f 4885 4880 4886
f 4879 4880 4871
f 4871 4880 4872
f 602 4887 4879
f 614 4887 612
f 612 4887 610
f 610 4887 608
f 608 4887 606
f 606 4887 604
f 604 4887 602
f 4886 4888 4889
f 4889 4888 4890
f 4890 4888 4891
f 4887 4888 4879
f 4891 4888 4892
f 4892 4888 4893
f 4893 4888 4894
f 4894 4888 4895
f 4879 4888 4880
f 4880 4888 4886
f 614 4896 4887
f 626 4896 624
f 624 4896 622
f 622 4896 620
f 620 4896 618
f 618 4896 616
f 616 4896 614
f 4895 4897 4898
f 4898 4897 4899
f 4899 4897 4900
f 4900 4897 4901
f 4901 4897 4902
f 4902 4897 4903
f 4896 4897 4887
f 4903 4897 4904
f 4888 4897 4895
f 4887 4897 4888
f 626 4905 4896
f 638 4905 636
f 636 4905 634
f 634 4905 632
f 632 4905 630
f 630 4905 628
f 628 4905 626
f 4905 4906 4896
f 4897 4906 4904
f 4896 4906 4897
f 4904 4906 4907
f 4907 4906 4908
f 4908 4906 4909
f 4909 4906 4910
f 4910 4906 4911
f 4911 4906 4912
f 4912 4906 4913
f 648 4914 646
f 646 4914 644
f 644 4914 642
f 642 4914 640
f 640 4914 638
f 638 4914 4905
f 4905 4915 4906
f 4913 4915 4916
f 4916 4915 4917
f 4917 4915 4918
f 4918 4915 4919
f 4919 4915 4920
f 4920 4915 4921
f 4921 4915 4922
f 4914 4915 4905
f 4906 4915 4913
f 648 4923 4914
f 660 4923 658
f 658 4923 656
f 656 4923 654
f 654 4923 652
f 652 4923 650
f 650 4923 648
f 4923 4924 4914
f 4922 4924 4925
f 4925 4924 4926
f 4926 4924 4927
f 4927 4924 4928
f 4928 4924 4929
f 4914 4924 4915
f 4929 4924 4930
f 4930 4924 4931
f 4915 4924 4922
f 660 4932 4923
f 672 4932 670
f 670 4932 668
f 668 4932 666
f 666 4932 664
f 664 4932 662
f 662 4932 660
f 4932 4933 4923
f 4931 4933 4934
f 4934 4933 4935
f 4935 4933 4936
f 4936 4933 4937
f 4937 4933 4938
f 4938 4933 4939
f 4923 4933 4924
f 4924 4933 4931
f 672 4940 4932
f 684 4940 682
f 682 4940 680
f 680 4940 678
f 678 4940 676
f 676 4940 674
f 674 4940 672
f 4940 4941 4932
f 4933 4941 4939
f 4932 4941 4933
f 4939 4941 4942
f 4942 4941 4943
f 4943 4941 4944
f 4944 4941 4945
f 4945 4941 4946
f 4946 4941 4947
f 4947 4941 4948
f 694 4949 692
f 692 4949 690
f 690 4949 688
f 688 4949 686
f 686 4949 684
f 684 4949 4940
f 4940 4950 4941
f 4941 4950 4948
f 4948 4950 4951
f 4951 4950 4952
f 4952 4950 4953
f 4953 4950 4954
f 4954 4950 4955
f 4955 4950 4956
f 4956 4950 4957
f 4949 4950 4940
f 706 4958 704
f 704 4958 702
f 702 4958 700
f 700 4958 698
f 698 4958 696
f 696 4958 694
f 694 4958 4949
f 4958 4959 4949
f 4957 4959 4960
f 4960 4959 4961
f 4961 4959 4962
f 4962 4959 4963
f 4963 4959 4964
f 4964 4959 4965
f 4950 4959 4957
f 4949 4959 4950
f 718 4966 716
f 716 4966 714
f 714 4966 712
f 712 4966 710
f 710 4966 708
f 708 4966 706
f 706 4966 4958
f 4966 4967 4958
f 4965 4967 4968
f 4968 4967 4969
f 4969 4967 4970
f 4970 4967 4971
f 4971 4967 4972
f 4972 4967 4973
f 4973 4967 4974
f 4959 4967 4965
f 4958 4967 4959
f 718 4975 4966
f 730 4975 728
f 728 4975 726
f 726 4975 724
f 724 4975 722
f 722 4975 720
f 720 4975 718
f 4975 4976 4966
f 4966 4976 4967
f 4967 4976 4974
f 4974 4976 4977
f 4977 4976 4978
f 4978 4976 4979
f 4979 4976 4980
f 4980 4976 4981
f 4981 4976 4982
f 4982 4976 4983
f 740 4984 738
f 738 4984 736
f 736 4984 734
f 734 4984 732
f 732 4984 730
f 730 4984 4975
f 4984 4985 4975
f 4986 4985 4987
f 4987 4985 4988
f 4988 4985 4989
f 4989 4985 4990
f 4990 4985 4991
f 4976 4985 4983
f 4983 4985 4992
f 4975 4985 4976
f 4992 4985 4993
f 4993 4985 4986
f 752 4994 750
f 750 4994 748
f 748 4994 746
f 746 4994 744
f 744 4994 742
f 742 4994 740
f 740 4994 4984
f 4991 4995 4996
f 4996 4995 4997
f 4997 4995 4998
f 4998 4995 4999
f 4999 4995 5000
f 5000 4995 5001
f 4985 4995 4991
f 4984 4995 4985
f 4994 4995 4984
f 764 5002 762
f 762 5002 760
f 760 5002 758
f 758 5002 756
f 756 5002 754
f 754 5002 752
f 752 5002 4994
f 5001 5003 5004
f 5004 5003 5005
f 5005 5003 5006
f 5006 5003 5007
f 5007 5003 5008
f 5008 5003 5009
f 5009 5003 5010
f 4994 5003 4995
f 4995 5003 5001
f 5002 5003 4994
f 776 5011 774
f 774 5011 772
f 772 5011 770
f 770 5011 768
f 768 5011 766
f 766 5011 764
f 764 5011 5002
f 5011 5012 5002
f 5010 5012 5013
f 5013 5012 5014
f 5014 5012 5015
f 5015 5012 5016
f 5016 5012 5017
f 5017 5012 5018
f 5018 5012 5019
f 5002 5012 5003
f 5003 5012 5010
f 787 5020 785
f 785 5020 783
f 783 5020 781
f 781 5020 779
f 779 5020 776
f 776 5020 5011
f 5011 5021 5012
f 5012 5021 5019
f 5019 5021 5022
f 5022 5021 5023
f 5023 5021 5024
f 5024 5021 5025
f 5025 5021 5026
f 5026 5021 5027
f 5027 5021 5028
f 5020 5021 5011
f 793 5029 791
f 791 5029 789
f 789 5029 787
f 787 5029 5020
f 323 5029 797
f 797 5029 795
f 795 5029 793
f 5021 5030 5028
f 5020 5030 5021
f 5028 5030 5031
f 5031 5030 5032
f 5032 5030 5033
f 5033 5030 5034
f 5034 5030 5035
f 5035 5030 5036
f 5036 5030 5037
f 5029 5030 5020
f 323 5038 5029
f 336 5038 334
f 334 5038 332
f 332 5038 330
f 330 5038 328
f 328 5038 327
f 327 5038 325
f 325 5038 322
f 322 5038 323
f 5030 5039 5037
f 5029 5039 5030
f 5037 5039 5040
f 5040 5039 5041
f 5041 5039 5042
f 5042 5039 5043
f 5043 5039 5044
f 5044 5039 5045
f 5045 5039 5046
f 5038 5039 5029
f 336 5047 5038
f 347 5047 345
f 345 5047 343
f 343 5047 341
f 341 5047 339
f 339 5047 338
f 338 5047 336
f 5039 5048 5046
f 5047 5048 5038
f 5046 5048 5049
f 5049 5048 5050
f 5050 5048 5051
f 5051 5048 5052
f 5052 5048 5053
f 5053 5048 5054
f 5054 5048 5055
f 5038 5048 5039
f 359 5056 357
f 357 5056 355
f 355 5056 353
f 353 5056 351
f 351 5056 349
f 349 5056 347
f 347 5056 5047
f 5047 5057 5048
f 5048 5057 5055
f 5055 5057 5058
f 5058 5057 5059
f 5059 5057 5060
f 5060 5057 5061
f 5061 5057 5062
f 5062 5057 5063
f 5063 5057 5064
f 5056 5057 5047
f 359 5065 5056
f 371 5065 369
f 369 5065 367
f 367 5065 365
f 365 5065 363
f 363 5065 361
f 361 5065 359
f 5065 5066 5056
f 5064 5066 5067
f 5056 5066 5057
f 5067 5066 5068
f 5068 5066 5069
f 5069 5066 5070
f 5070 5066 5071
f 5071 5066 5072
f 5072 5066 5073
f 5057 5066 5064
f 371 5074 5065
f 383 5074 381
f 381 5074 379
f 379 5074 377
f 377 5074 375
f 375 5074 373
f 373 5074 371
f 5074 5075 5065
f 5073 5075 5076
f 5065 5075 5066
f 5076 5075 5077
f 5077 5075 5078
f 5078 5075 5079
f 5079 5075 5080
f 5080 5075 5081
f 5081 5075 5082
f 5066 5075 5073
f 383 5083 5074
f 393 5083 391
f 391 5083 389
f 389 5083 387
f 387 5083 385
f 385 5083 383
f 5083 5084 5074
f 5082 5084 5085
f 5085 5084 5086
f 5086 5084 5087
f 5087 5084 5088
f 5088 5084 5089
f 5089 5084 5090
f 5090 5084 5091
f 5074 5084 5075
f 5075 5084 5082
f 393 5092 5083
f 405 5092 403
f 403 5092 401
f 401 5092 399
f 399 5092 397
f 397 5092 395
f 395 5092 393
f 5092 5093 5083
f 5091 5093 5094
f 5094 5093 5095
f 5095 5093 5096
f 5096 5093 5097
f 5097 5093 5098
f 5098 5093 5099
f 5099 5093 5100
f 5084 5093 5091
f 5083 5093 5084
f 405 5101 5092
f 417 5101 415
f 415 5101 413
f 413 5101 411
f 411 5101 409
f 409 5101 407
f 407 5101 405
f 5092 5101 5093
f 5101 5102 5093
f 5093 5102 5100
f 5100 5102 5103
f 5103 5102 5104
f 5104 5102 5105
f 5105 5102 5106
f 5106 5102 5107
f 5107 5102 5108
f 5108 5102 5109
f 417 5110 5101
f 429 5110 427
f 427 5110 425
f 425 5110 423
f 423 5110 421
f 421 5110 419
f 419 5110 417
f 5101 5110 5102
f 5111 5112 5113
f 5102 5112 5109
f 5109 5112 5114
f 5114 5112 5115
f 5115 5112 5116
f 5116 5112 5117
f 5117 5112 5118
f 5110 5112 5102
f 5118 5112 5111
f 429 5119 5110
f 5110 5119 5112
f 441 5119 439
f 439 5119 437
f 437 5119 435
f 435 5119 433
f 433 5119 431
f 431 5119 429
f 5113 5120 5121
f 5121 5120 5122
f 5122 5120 5123
f 5123 5120 5124
f 5124 5120 5125
f 5125 5120 5126
f 5126 5120 5127
f 5112 5120 5113
f 5119 5120 5112
f 451 5128 449
f 449 5128 447
f 447 5128 445
f 445 5128 443
f 443 5128 441
f 441 5128 5119
f 5127 5129 5130
f 5130 5129 5131
f 5131 5129 5132
f 5132 5129 5133
f 5133 5129 5134
f 5134 5129 5135
f 5135 5129 5136
f 5120 5129 5127
f 5119 5129 5120
f 5128 5129 5119
f 463 5137 461
f 461 5137 459
f 459 5137 457
f 457 5137 455
f 455 5137 453
f 453 5137 451
f 451 5137 5128
f 5136 5138 5139
f 5139 5138 5140
f 5140 5138 5141
f 5141 5138 5142
f 5142 5138 5143
f 5143 5138 5144
f 5144 5138 5145
f 5137 5138 5128
f 5129 5138 5136
f 5128 5138 5129
f 475 5146 473
f 473 5146 471
f 471 5146 469
f 469 5146 467
f 467 5146 465
f 465 5146 463
f 463 5146 5137
f 5145 5147 5148
f 5148 5147 5149
f 5149 5147 5150
f 5150 5147 5151
f 5151 5147 5152
f 5152 5147 5153
f 5138 5147 5145
f 5153 5147 5154
f 5137 5147 5138
f 5146 5147 5137
f 475 5155 5146
f 487 5155 485
f 485 5155 483
f 483 5155 481
f 481 5155 479
f 479 5155 477
f 477 5155 475
f 5146 5155 5147
f 5154 5156 5157
f 5157 5156 5158
f 5158 5156 5159
f 5159 5156 5160
f 5160 5156 5161
f 5161 5156 5162
f 5162 5156 5163
f 5147 5156 5154
f 5155 5156 5147
f 497 5164 495
f 495 5164 493
f 493 5164 491
f 491 5164 489
f 489 5164 487
f 487 5164 5155
f 5156 5165 5163
f 5163 5165 5166
f 5166 5165 5167
f 5167 5165 5168
f 5168 5165 5169
f 5169 5165 5170
f 5170 5165 5171
f 5171 5165 5172
f 5155 5165 5156
f 5164 5165 5155
f 509 5173 507
f 507 5173 505
f 505 5173 503
f 503 5173 501
f 501 5173 499
f 499 5173 497
f 497 5173 5164
f 5164 5173 5165
f 5173 5174 5165
f 5165 5174 5172
f 5172 5174 5175
f 5175 5174 5176
f 5176 5174 5177
f 5177 5174 5178
f 5178 5174 5179
f 5179 5174 5180
f 5180 5174 5181
f 515 5182 513
f 513 5182 511
f 511 5182 509
f 509 5182 5173
f 521 5182 519
f 519 5182 517
f 517 5182 515
f 5182 5183 5173
f 5174 5183 5181
f 5181 5183 5184
f 5184 5183 5185
f 5185 5183 5186
f 5186 5183 5187
f 5187 5183 5188
f 5188 5183 5189
f 5189 5183 5190
f 5173 5183 5174
f 521 5191 5182
f 5182 5191 5183
f 533 5191 531
f 531 5191 529
f 529 5191 527
f 527 5191 525
f 525 5191 523
f 523 5191 521
f 5190 5192 5193
f 5193 5192 5194
f 5194 5192 5195
f 5195 5192 5196
f 5196 5192 5197
f 5197 5192 5198
f 5183 5192 5190
f 5191 5192 5183
f 533 5199 5191
f 544 5199 542
f 542 5199 540
f 540 5199 537
f 537 5199 535
f 535 5199 533
f 5192 5200 5198
f 5199 5200 5191
f 5198 5200 5201
f 5201 5200 5202
f 5202 5200 5203
f 5203 5200 5204
f 5204 5200 5205
f 5205 5200 5206
f 5206 5200 5207
f 5191 5200 5192
f 544 5208 5199
f 556 5208 554
f 554 5208 552
f 552 5208 550
f 550 5208 548
f 548 5208 546
f 546 5208 544
f 5199 5209 5200
f 5208 5209 5199
f 5200 5209 5207
f 5207 5209 5210
f 5210 5209 5211
f 5211 5209 5212
f 5212 5209 5213
f 5213 5209 5214
f 5214 5209 5215
f 5215 5209 5216
f 556 5217 5208
f 174 5217 172
f 172 5217 170
f 170 5217 166
f 166 5217 167
f 167 5217 559
f 559 5217 556
f 5208 5218 5209
f 5217 5218 5208
f 5216 5218 5219
f 5219 5218 5220
f 5209 5218 5216
f 5220 5218 5221
f 5221 5218 5222
f 5222 5218 5223
f 5223 5218 5224
f 5224 5218 5225
f 174 5226 5217
f 185 5226 183
f 183 5226 181
f 181 5226 179
f 179 5226 178
f 178 5226 176
f 176 5226 174
f 5226 5227 5217
f 5217 5227 5218
f 5218 5227 5225
f 5225 5227 5228
f 5228 5227 5229
f 5229 5227 5230
f 5230 5227 5231
f 5231 5227 5232
f 5232 5227 5233
f 5233 5227 5234
f 185 5235 5226
f 198 5235 196
f 196 5235 194
f 194 5235 193
f 193 5235 191
f 191 5235 189
f 189 5235 187
f 187 5235 185
f 5227 5236 5234
f 5235 5236 5226
f 5226 5236 5227
f 5234 5236 5237
f 5237 5236 5238
f 5238 5236 5239
f 5239 5236 5240
f 5240 5236 5241
f 5241 5236 5242
f 5242 5236 5243
f 198 5244 5235
f 208 5244 206
f 206 5244 204
f 204 5244 202
f 202 5244 200
f 200 5244 198
f 5235 5245 5236
f 5246 5245 5247
f 5247 5245 5248
f 5248 5245 5249
f 5249 5245 5250
f 5244 5245 5235
f 5243 5245 5251
f 5251 5245 5252
f 5236 5245 5243
f 5252 5245 5246
f 208 5253 5244
f 220 5253 218
f 218 5253 216
f 216 5253 214
f 214 5253 212
f 212 5253 210
f 210 5253 208
f 5250 5254 5255
f 5255 5254 5256
f 5245 5254 5250
f 5256 5254 5257
f 5257 5254 5258
f 5244 5254 5245
f 5258 5254 5259
f 5259 5254 5260
f 5253 5254 5244
f 232 5261 230
f 230 5261 228
f 228 5261 226
f 226 5261 224
f 224 5261 222
f 222 5261 220
f 220 5261 5253
f 5260 5262 5263
f 5263 5262 5264
f 5253 5262 5254
f 5264 5262 5265
f 5265 5262 5266
f 5266 5262 5267
f 5267 5262 5268
f 5254 5262 5260
f 5268 5262 5269
f 5261 5262 5253
f 244 5270 242
f 242 5270 240
f 240 5270 238
f 238 5270 236
f 236 5270 234
f 234 5270 232
f 232 5270 5261
f 5261 5271 5262
f 5262 5271 5269
f 5269 5271 5272
f 5272 5271 5273
f 5273 5271 5274
f 5274 5271 5275
f 5275 5271 5276
f 5276 5271 5277
f 5277 5271 5278
f 5270 5271 5261
f 256 5279 254
f 254 5279 252
f 252 5279 250
f 250 5279 248
f 248 5279 246
f 246 5279 244
f 244 5279 5270
f 5271 5280 5278
f 5270 5280 5271
f 5278 5280 5281
f 5281 5280 5282
f 5282 5280 5283
f 5283 5280 5284
f 5284 5280 5285
f 5285 5280 5286
f 5279 5280 5270
f 267 5287 265
f 265 5287 263
f 263 5287 261
f 261 5287 258
f 258 5287 256
f 256 5287 5279
f 5280 5288 5286
f 5286 5288 5289
f 5289 5288 5290
f 5290 5288 5291
f 5291 5288 5292
f 5279 5288 5280
f 5292 5288 5293
f 5293 5288 5294
f 5294 5288 5295
f 5287 5288 5279
f 279 5296 277
f 277 5296 275
f 275 5296 273
f 273 5296 271
f 271 5296 269
f 269 5296 267
f 267 5296 5287
f 5295 5297 5298
f 5298 5297 5299
f 5299 5297 5300
f 5300 5297 5301
f 5301 5297 5302
f 5302 5297 5303
f 5288 5297 5295
f 5287 5297 5288
f 5296 5297 5287
f 293 5304 291
f 291 5304 289
f 289 5304 287
f 287 5304 285
f 285 5304 283
f 283 5304 281
f 281 5304 279
f 279 5304 5296
f 5297 5305 5303
f 5303 5305 5306
f 5296 5305 5297
f 5306 5305 5307
f 5307 5305 5308
f 5308 5305 5309
f 5309 5305 5310
f 5310 5305 5311
f 5304 5305 5296
f 305 5312 303
f 303 5312 301
f 301 5312 299
f 299 5312 297
f 297 5312 295
f 295 5312 293
f 293 5312 5304
f 5312 5313 5304
f 5305 5313 5311
f 5304 5313 5305
f 5311 5313 5314
f 5314 5313 5315
f 5315 5313 5316
f 5316 5313 5317
f 5317 5313 5318
f 5318 5313 5319
f 5319 5313 5320
f 318 5321 316
f 316 5321 315
f 315 5321 313
f 313 5321 311
f 311 5321 309
f 309 5321 307
f 307 5321 305
f 305 5321 5312
f 5313 5322 5320
f 5312 5322 5313
f 5321 5322 5312
f 5320 5322 5323
f 5323 5322 5324
f 5324 5322 5325
f 5325 5322 5326
f 5326 5322 5327
f 5327 5322 5328
f 320 5329 318
f 318 5329 5321
f 3876 5329 3875
f 3875 5329 3874
f 3874 5329 3873
f 3873 5329 3872
f 3872 5329 3871
f 3871 5329 320
f 3876 5330 5329
f 5328 5330 5331
f 5331 5330 5332
f 5332 5330 5333
f 5321 5330 5322
f 5333 5330 5334
f 5334 5330 5335
f 5335 5330 5336
f 5336 5330 5337
f 5329 5330 5321
f 5322 5330 5328
f 3881 5338 3880
f 3880 5338 3879
f 3879 5338 3878
f 3878 5338 3877
f 3881 5339 5338
f 5338 5339 3877
f 4838 5339 3882
f 3882 5339 3881
f 5337 5339 5340
f 5340 5339 5341
f 5341 5339 5342
f 5342 5339 5343
f 5343 5339 5344
f 3877 5339 3876
f 5344 5339 4838
f 5330 5339 5337
f 3876 5339 5330
f 3890 5345 3888
f 3888 5345 3886
f 3886 5345 3884
f 3890 5346 5345
f 5345 5346 3884
f 3892 5346 3890
f 3883 5346 4838
f 3884 5346 3883
f 4839 5346 3892
f 4838 5346 5347
f 5347 5346 5348
f 5348 5346 5349
f 5349 5346 5350
f 5350 5346 5351
f 5351 5346 4839
f 4842 5352 3906
f 3906 5352 3904
f 3904 5352 3902
f 3902 5352 3900
f 3900 5352 3898
f 3898 5352 3896
f 3896 5352 4840
f 4840 5352 5353
f 5353 5352 5354
f 5354 5352 5355
f 5355 5352 5356
f 5356 5352 4842
f 3909 5357 4843
f 4844 5357 3917
f 3917 5357 3915
f 3915 5357 3913
f 3913 5357 3911
f 3911 5357 3909
f 4843 5357 5358
f 5358 5357 5359
f 5359 5357 5360
f 5360 5357 4844
f 4849 5361 3929
f 3923 5361 4847
f 3929 5361 3927
f 3927 5361 3925
f 3925 5361 3923
f 4847 5361 5362
f 5362 5361 5363
f 5363 5361 4849
f 4836 814 4320
f 4837 816 4836
f 4836 816 814
f 4837 818 816
f 4881 833 831
f 4882 833 4881
f 4891 845 4890
f 4900 859 857
f 4901 859 4900
f 4911 871 4910
f 4931 897 4930
f 4931 899 897
f 4952 925 4951
f 4981 965 963
f 5013 1003 5010
f 5013 1005 1003
f 5023 1018 5022
f 5033 1031 5032
f 5063 596 594
f 5095 637 635
f 5117 663 5116
f 5116 663 661
f 5145 703 701
f 5197 769 767
f 5207 782 5206
f 5219 796 5216
f 5238 348 346
f 5267 388 386
f 5308 440 5307
f 5317 454 452
f 5336 480 5335
f 4843 520 518
f 4854 545 4853
f 4854 547 545
f 3987 192 3989
f 3987 195 192
f 3971 207 3973
f 3973 207 205
f 3971 209 207
f 3958 219 3960
f 3958 221 219
f 3957 221 3958
f 3957 223 221
f 3947 233 231
f 3943 233 3945
f 3945 233 3947
f 3943 235 233
f 3941 235 3943
f 3941 237 235
f 3934 243 3936
f 3930 245 3932
f 3932 245 3934
f 3934 245 243
f 3928 247 3930
f 3930 247 245
f 3926 249 3928
f 3928 249 247
f 3924 251 3926
f 3926 251 249
f 3922 253 3924
f 3924 253 251
f 3920 255 3922
f 3922 255 253
f 3918 257 3920
f 3920 257 255
f 3916 259 3918
f 3918 259 257
f 3914 260 3916
f 3916 260 259
f 3912 262 3914
f 3914 262 260
f 3910 264 3912
f 3912 264 262
f 3907 266 3910
f 3910 266 264
f 3905 268 3907
f 3907 268 266
f 3905 270 268
f 3903 270 3905
f 3903 272 270
f 3901 272 3903
f 3901 274 272
f 3899 274 3901
f 3897 276 3899
f 3899 276 274
f 3895 278 3897
f 3897 278 276
f 3893 280 3895
f 3895 280 278
f 3893 282 280
f 3893 3891 282
f 3891 284 282
f 3891 3889 284
f 3889 286 284
f 3889 3887 286
f 3887 288 286
f 3887 3885 288
f 3885 290 288
f 3885 292 290
f 4837 5364 818
f 4873 5364 4837
f 4874 5364 4873
f 4875 5364 4874
f 4876 5364 4875
f 4877 5364 4876
f 4878 5364 4877
f 4881 5364 4878
f 818 5365 820
f 820 5365 822
f 822 5365 824
f 824 5365 826
f 5364 5365 818
f 826 5365 828
f 828 5365 831
f 831 5365 4881
f 4881 5365 5364
f 845 5366 4890
f 4883 5366 4882
f 4884 5366 4883
f 4885 5366 4884
f 4886 5366 4885
f 4889 5366 4886
f 4890 5366 4889
f 833 5367 835
f 835 5367 837
f 837 5367 839
f 839 5367 841
f 841 5367 843
f 843 5367 845
f 4882 5367 833
f 845 5367 5366
f 5366 5367 4882
f 4891 5368 845
f 4892 5368 4891
f 4893 5368 4892
f 4894 5368 4893
f 4895 5368 4894
f 4898 5368 4895
f 4899 5368 4898
f 4900 5368 4899
f 845 5369 847
f 847 5369 849
f 849 5369 851
f 851 5369 853
f 853 5369 855
f 855 5369 857
f 4900 5369 5368
f 857 5369 4900
f 5368 5369 845
f 4908 5370 4907
f 4909 5370 4908
f 4910 5370 4909
f 871 5370 4910
f 4902 5370 4901
f 4903 5370 4902
f 4904 5370 4903
f 4907 5370 4904
f 4901 5371 859
f 5370 5371 4901
f 859 5371 861
f 861 5371 863
f 863 5371 865
f 865 5371 867
f 867 5371 869
f 869 5371 871
f 871 5371 5370
f 4912 5372 4911
f 4913 5372 4912
f 4916 5372 4913
f 4917 5372 4916
f 4918 5372 4917
f 4919 5372 4918
f 4920 5372 4919
f 4921 5372 4920
f 885 5372 4921
f 5372 5373 4911
f 4911 5373 871
f 871 5373 873
f 873 5373 875
f 875 5373 877
f 877 5373 879
f 879 5373 881
f 881 5373 883
f 883 5373 885
f 885 5373 5372
f 4922 5374 4921
f 4925 5374 4922
f 4926 5374 4925
f 4927 5374 4926
f 4928 5374 4927
f 4929 5374 4928
f 4930 5374 4929
f 885 5375 887
f 5374 5375 4921
f 887 5375 889
f 889 5375 891
f 891 5375 893
f 893 5375 895
f 895 5375 897
f 4921 5375 885
f 4930 5375 5374
f 897 5375 4930
f 911 5376 4942
f 4934 5376 4931
f 4935 5376 4934
f 4936 5376 4935
f 4937 5376 4936
f 4938 5376 4937
f 4939 5376 4938
f 4942 5376 4939
f 5376 5377 4931
f 911 5377 5376
f 899 5377 901
f 901 5377 903
f 903 5377 905
f 905 5377 907
f 907 5377 909
f 909 5377 911
f 4931 5377 899
f 4943 5378 4942
f 4944 5378 4943
f 4945 5378 4944
f 4946 5378 4945
f 4947 5378 4946
f 4948 5378 4947
f 4951 5378 4948
f 4942 5379 911
f 5378 5379 4942
f 925 5379 4951
f 911 5379 913
f 913 5379 915
f 915 5379 917
f 917 5379 919
f 919 5379 921
f 921 5379 923
f 923 5379 925
f 4951 5379 5378
f 4953 5380 4952
f 4952 5380 925
f 4954 5380 4953
f 4955 5380 4954
f 4956 5380 4955
f 4957 5380 4956
f 4960 5380 4957
f 4961 5380 4960
f 937 5380 4961
f 937 5381 5380
f 925 5381 927
f 927 5381 929
f 929 5381 931
f 931 5381 933
f 933 5381 935
f 935 5381 937
f 5380 5381 925
f 4962 5382 4961
f 4963 5382 4962
f 4964 5382 4963
f 4965 5382 4964
f 4968 5382 4965
f 4969 5382 4968
f 4970 5382 4969
f 4971 5382 4970
f 951 5382 4971
f 951 5383 5382
f 937 5383 939
f 4961 5383 937
f 939 5383 941
f 941 5383 943
f 943 5383 945
f 945 5383 947
f 5382 5383 4961
f 947 5383 949
f 949 5383 951
f 4972 5384 4971
f 4973 5384 4972
f 4974 5384 4973
f 4977 5384 4974
f 4978 5384 4977
f 4979 5384 4978
f 4980 5384 4979
f 4981 5384 4980
f 963 5385 4981
f 951 5385 953
f 953 5385 955
f 955 5385 957
f 957 5385 959
f 959 5385 961
f 961 5385 963
f 4981 5385 5384
f 5384 5385 4971
f 4971 5385 951
f 4982 5386 4981
f 4983 5386 4982
f 4992 5386 4983
f 4993 5386 4992
f 4986 5386 4993
f 4987 5386 4986
f 4988 5386 4987
f 4989 5386 4988
f 4981 5387 965
f 977 5387 4989
f 5386 5387 4981
f 965 5387 967
f 967 5387 969
f 969 5387 971
f 971 5387 973
f 973 5387 975
f 975 5387 977
f 4989 5387 5386
f 4989 5388 977
f 4990 5388 4989
f 4991 5388 4990
f 4996 5388 4991
f 4997 5388 4996
f 4998 5388 4997
f 4999 5388 4998
f 5000 5388 4999
f 5001 5388 5000
f 5388 5389 977
f 5001 5389 5388
f 991 5389 5001
f 977 5389 979
f 979 5389 981
f 981 5389 983
f 983 5389 985
f 985 5389 987
f 987 5389 989
f 989 5389 991
f 1003 5390 5010
f 5004 5390 5001
f 5005 5390 5004
f 5006 5390 5005
f 5007 5390 5006
f 5008 5390 5007
f 5009 5390 5008
f 5001 5390 991
f 5010 5390 5009
f 5390 5391 991
f 991 5391 993
f 993 5391 995
f 995 5391 997
f 997 5391 999
f 999 5391 1001
f 1001 5391 1003
f 1003 5391 5390
f 1018 5392 5022
f 5014 5392 5013
f 5015 5392 5014
f 5016 5392 5015
f 5017 5392 5016
f 5018 5392 5017
f 5019 5392 5018
f 5022 5392 5019
f 1014 5393 1016
f 1016 5393 1018
f 1018 5393 5392
f 5392 5393 5013
f 1005 5393 1007
f 1007 5393 1009
f 1009 5393 1010
f 1010 5393 1012
f 5013 5393 1005
f 1012 5393 1014
f 1031 5394 5032
f 5024 5394 5023
f 5025 5394 5024
f 5026 5394 5025
f 5027 5394 5026
f 5028 5394 5027
f 5031 5394 5028
f 5032 5394 5031
f 1018 5395 1020
f 1020 5395 1022
f 1022 5395 1024
f 1024 5395 1026
f 1026 5395 1027
f 1027 5395 1029
f 1029 5395 1031
f 5394 5395 5023
f 1031 5395 5394
f 5023 5395 1018
f 568 5396 5043
f 5037 5396 5036
f 5040 5396 5037
f 5041 5396 5040
f 5042 5396 5041
f 5043 5396 5042
f 5033 5396 1031
f 5034 5396 5033
f 5035 5396 5034
f 5036 5396 5035
f 568 5397 5396
f 1031 5397 1033
f 1033 5397 1035
f 1035 5397 1037
f 1037 5397 561
f 561 5397 564
f 564 5397 566
f 566 5397 568
f 5396 5397 1031
f 5044 5398 5043
f 5045 5398 5044
f 5046 5398 5045
f 5049 5398 5046
f 5050 5398 5049
f 5051 5398 5050
f 5052 5398 5051
f 5053 5398 5052
f 582 5398 5053
f 5043 5399 568
f 568 5399 570
f 570 5399 572
f 572 5399 574
f 574 5399 576
f 576 5399 578
f 578 5399 580
f 580 5399 582
f 582 5399 5398
f 5398 5399 5043
f 5054 5400 5053
f 5055 5400 5054
f 5058 5400 5055
f 5059 5400 5058
f 5060 5400 5059
f 5061 5400 5060
f 5062 5400 5061
f 5063 5400 5062
f 582 5401 584
f 584 5401 586
f 586 5401 588
f 588 5401 590
f 590 5401 592
f 592 5401 594
f 5053 5401 582
f 5063 5401 5400
f 594 5401 5063
f 5400 5401 5053
f 5064 5402 5063
f 5067 5402 5064
f 5068 5402 5067
f 5069 5402 5068
f 5070 5402 5069
f 5071 5402 5070
f 5072 5402 5071
f 5073 5402 5072
f 609 5402 5073
f 5402 5403 5063
f 596 5403 598
f 598 5403 601
f 601 5403 603
f 603 5403 605
f 605 5403 607
f 607 5403 609
f 5063 5403 596
f 609 5403 5402
f 5076 5404 5073
f 5077 5404 5076
f 5078 5404 5077
f 5079 5404 5078
f 5080 5404 5079
f 5081 5404 5080
f 5082 5404 5081
f 5085 5404 5082
f 5085 5405 5404
f 623 5405 5085
f 5404 5405 5073
f 609 5405 611
f 611 5405 613
f 613 5405 615
f 615 5405 617
f 617 5405 619
f 619 5405 621
f 621 5405 623
f 5073 5405 609
f 5086 5406 5085
f 5087 5406 5086
f 5088 5406 5087
f 5089 5406 5088
f 5090 5406 5089
f 5091 5406 5090
f 5094 5406 5091
f 5095 5406 5094
f 5095 5407 5406
f 5085 5407 623
f 635 5407 5095
f 623 5407 625
f 625 5407 627
f 627 5407 629
f 629 5407 631
f 631 5407 633
f 633 5407 635
f 5406 5407 5085
f 5096 5408 5095
f 5097 5408 5096
f 5098 5408 5097
f 5099 5408 5098
f 5100 5408 5099
f 5103 5408 5100
f 5104 5408 5103
f 5105 5408 5104
f 649 5408 5105
f 5095 5409 637
f 637 5409 639
f 639 5409 641
f 649 5409 5408
f 641 5409 643
f 643 5409 645
f 645 5409 647
f 647 5409 649
f 5408 5409 5095
f 5106 5410 5105
f 5107 5410 5106
f 5108 5410 5107
f 5109 5410 5108
f 5114 5410 5109
f 5115 5410 5114
f 5116 5410 5115
f 5116 5411 5410
f 649 5411 651
f 651 5411 653
f 653 5411 655
f 655 5411 657
f 657 5411 659
f 659 5411 661
f 5105 5411 649
f 5410 5411 5105
f 661 5411 5116
f 675 5412 5125
f 5118 5412 5117
f 5111 5412 5118
f 5113 5412 5111
f 5121 5412 5113
f 5122 5412 5121
f 5123 5412 5122
f 5124 5412 5123
f 5125 5412 5124
f 5117 5413 663
f 663 5413 665
f 665 5413 667
f 667 5413 669
f 669 5413 671
f 671 5413 673
f 673 5413 675
f 5412 5413 5117
f 675 5413 5412
f 5126 5414 5125
f 5127 5414 5126
f 5130 5414 5127
f 5131 5414 5130
f 5132 5414 5131
f 5133 5414 5132
f 5134 5414 5133
f 5135 5414 5134
f 5125 5415 675
f 689 5415 5135
f 675 5415 677
f 677 5415 679
f 679 5415 681
f 5414 5415 5125
f 681 5415 683
f 683 5415 685
f 685 5415 687
f 687 5415 689
f 5135 5415 5414
f 5135 5416 689
f 5136 5416 5135
f 5139 5416 5136
f 5140 5416 5139
f 5141 5416 5140
f 5142 5416 5141
f 5143 5416 5142
f 5144 5416 5143
f 5145 5416 5144
f 701 5417 5145
f 689 5417 691
f 691 5417 693
f 5145 5417 5416
f 693 5417 695
f 695 5417 697
f 697 5417 699
f 699 5417 701
f 5416 5417 689
f 5148 5418 5145
f 5149 5418 5148
f 5150 5418 5149
f 5151 5418 5150
f 5152 5418 5151
f 5153 5418 5152
f 5154 5418 5153
f 5157 5418 5154
f 715 5419 5157
f 5157 5419 5418
f 703 5419 705
f 705 5419 707
f 707 5419 709
f 5418 5419 5145
f 709 5419 711
f 711 5419 713
f 713 5419 715
f 5145 5419 703
f 5158 5420 5157
f 5159 5420 5158
f 5160 5420 5159
f 5161 5420 5160
f 5162 5420 5161
f 5163 5420 5162
f 5166 5420 5163
f 5167 5420 5166
f 5157 5421 715
f 729 5421 5167
f 5420 5421 5157
f 5167 5421 5420
f 715 5421 717
f 717 5421 719
f 719 5421 721
f 721 5421 723
f 723 5421 725
f 725 5421 727
f 727 5421 729
f 5168 5422 5167
f 5169 5422 5168
f 5170 5422 5169
f 5171 5422 5170
f 5172 5422 5171
f 5175 5422 5172
f 5176 5422 5175
f 5177 5422 5176
f 741 5422 5177
f 739 5423 741
f 5167 5423 729
f 5422 5423 5167
f 741 5423 5422
f 729 5423 731
f 731 5423 733
f 733 5423 735
f 735 5423 737
f 737 5423 739
f 5178 5424 5177
f 5179 5424 5178
f 5180 5424 5179
f 5181 5424 5180
f 5184 5424 5181
f 5185 5424 5184
f 5186 5424 5185
f 5187 5424 5186
f 741 5425 743
f 743 5425 745
f 745 5425 747
f 747 5425 749
f 749 5425 751
f 751 5425 753
f 753 5425 755
f 5187 5425 5424
f 755 5425 5187
f 5177 5425 741
f 5424 5425 5177
f 5188 5426 5187
f 5189 5426 5188
f 5190 5426 5189
f 5193 5426 5190
f 5194 5426 5193
f 5195 5426 5194
f 5196 5426 5195
f 5197 5426 5196
f 767 5426 5197
f 755 5427 757
f 757 5427 759
f 759 5427 761
f 761 5427 763
f 763 5427 765
f 765 5427 767
f 5187 5427 755
f 767 5427 5426
f 5426 5427 5187
f 5198 5428 5197
f 5201 5428 5198
f 5202 5428 5201
f 5203 5428 5202
f 5204 5428 5203
f 5205 5428 5204
f 5206 5428 5205
f 5206 5429 5428
f 769 5429 771
f 771 5429 773
f 773 5429 775
f 775 5429 777
f 777 5429 778
f 778 5429 780
f 780 5429 782
f 5197 5429 769
f 782 5429 5206
f 5428 5429 5197
f 5210 5430 5207
f 5211 5430 5210
f 5212 5430 5211
f 5213 5430 5212
f 5214 5430 5213
f 5215 5430 5214
f 5216 5430 5215
f 5207 5430 782
f 5216 5431 5430
f 782 5431 784
f 784 5431 786
f 786 5431 788
f 788 5431 790
f 790 5431 792
f 792 5431 794
f 794 5431 796
f 5430 5431 782
f 796 5431 5216
f 333 5432 5228
f 5220 5432 5219
f 5221 5432 5220
f 5222 5432 5221
f 5223 5432 5222
f 5224 5432 5223
f 5225 5432 5224
f 5228 5432 5225
f 5219 5432 796
f 796 5433 798
f 798 5433 321
f 321 5433 324
f 324 5433 326
f 326 5433 329
f 329 5433 331
f 331 5433 333
f 333 5433 5432
f 5432 5433 796
f 5229 5434 5228
f 5230 5434 5229
f 5231 5434 5230
f 5232 5434 5231
f 5233 5434 5232
f 5234 5434 5233
f 5237 5434 5234
f 5238 5434 5237
f 5228 5435 333
f 5238 5435 5434
f 333 5435 335
f 335 5435 337
f 337 5435 340
f 340 5435 342
f 342 5435 344
f 344 5435 346
f 346 5435 5238
f 5434 5435 5228
f 5239 5436 5238
f 5240 5436 5239
f 5241 5436 5240
f 5242 5436 5241
f 5243 5436 5242
f 5251 5436 5243
f 5252 5436 5251
f 5246 5436 5252
f 360 5436 5246
f 5436 5437 5238
f 360 5437 5436
f 348 5437 350
f 350 5437 352
f 352 5437 354
f 354 5437 356
f 356 5437 358
f 358 5437 360
f 5238 5437 348
f 5247 5438 5246
f 5248 5438 5247
f 5249 5438 5248
f 5250 5438 5249
f 5255 5438 5250
f 5256 5438 5255
f 5257 5438 5256
f 5258 5438 5257
f 374 5439 5258
f 5438 5439 5246
f 5258 5439 5438
f 360 5439 362
f 362 5439 364
f 364 5439 366
f 366 5439 368
f 368 5439 370
f 370 5439 372
f 372 5439 374
f 5246 5439 360
f 5259 5440 5258
f 5260 5440 5259
f 5263 5440 5260
f 5264 5440 5263
f 5265 5440 5264
f 5266 5440 5265
f 5267 5440 5266
f 5258 5441 374
f 5267 5441 5440
f 5440 5441 5258
f 386 5441 5267
f 374 5441 376
f 376 5441 378
f 378 5441 380
f 380 5441 382
f 382 5441 384
f 384 5441 386
f 5269 5442 5268
f 5272 5442 5269
f 5273 5442 5272
f 5274 5442 5273
f 5275 5442 5274
f 5276 5442 5275
f 5277 5442 5276
f 5267 5443 388
f 388 5443 390
f 400 5443 5277
f 390 5443 392
f 392 5443 394
f 394 5443 396
f 396 5443 398
f 398 5443 400
f 5442 5443 5268
f 5268 5443 5267
f 5277 5443 5442
f 5278 5444 5277
f 5281 5444 5278
f 5282 5444 5281
f 5283 5444 5282
f 5284 5444 5283
f 5285 5444 5284
f 5286 5444 5285
f 5289 5444 5286
f 5289 5445 5444
f 5444 5445 5277
f 5277 5445 400
f 400 5445 402
f 402 5445 404
f 404 5445 406
f 406 5445 408
f 408 5445 410
f 410 5445 412
f 412 5445 414
f 414 5445 5289
f 5290 5446 5289
f 5291 5446 5290
f 5292 5446 5291
f 5293 5446 5292
f 5294 5446 5293
f 5295 5446 5294
f 5298 5446 5295
f 5446 5447 5289
f 426 5447 5298
f 5298 5447 5446
f 414 5447 416
f 416 5447 418
f 418 5447 420
f 420 5447 422
f 422 5447 424
f 424 5447 426
f 5289 5447 414
f 5299 5448 5298
f 5300 5448 5299
f 5301 5448 5300
f 5302 5448 5301
f 5303 5448 5302
f 5306 5448 5303
f 5307 5448 5306
f 5307 5449 5448
f 5448 5449 5298
f 5298 5449 426
f 440 5449 5307
f 426 5449 428
f 428 5449 430
f 430 5449 432
f 432 5449 434
f 434 5449 436
f 436 5449 438
f 438 5449 440
f 5309 5450 5308
f 5310 5450 5309
f 5311 5450 5310
f 5314 5450 5311
f 5315 5450 5314
f 5316 5450 5315
f 5317 5450 5316
f 5308 5450 440
f 452 5450 5317
f 452 5451 5450
f 5450 5451 440
f 440 5451 442
f 442 5451 444
f 444 5451 446
f 446 5451 448
f 448 5451 450
f 450 5451 452
f 5318 5452 5317
f 5319 5452 5318
f 5320 5452 5319
f 5323 5452 5320
f 5324 5452 5323
f 5325 5452 5324
f 5326 5452 5325
f 464 5453 466
f 466 5453 5326
f 5452 5453 5317
f 5326 5453 5452
f 5317 5453 454
f 454 5453 456
f 456 5453 458
f 458 5453 460
f 460 5453 462
f 462 5453 464
f 5327 5454 5326
f 5328 5454 5327
f 5331 5454 5328
f 5332 5454 5331
f 5333 5454 5332
f 5334 5454 5333
f 5335 5454 5334
f 466 5455 468
f 468 5455 470
f 5326 5455 466
f 470 5455 472
f 472 5455 474
f 474 5455 476
f 476 5455 478
f 478 5455 480
f 5335 5455 5454
f 480 5455 5335
f 5454 5455 5326
f 5336 5456 480
f 5337 5456 5336
f 5340 5456 5337
f 5341 5456 5340
f 5342 5456 5341
f 5343 5456 5342
f 5344 5456 5343
f 4838 5456 5344
f 492 5456 4838
f 5456 5457 480
f 480 5457 482
f 482 5457 484
f 484 5457 486
f 486 5457 488
f 488 5457 490
f 490 5457 492
f 492 5457 5456
f 5347 5458 4838
f 5348 5458 5347
f 5349 5458 5348
f 5350 5458 5349
f 5351 5458 5350
f 4839 5458 5351
f 4840 5458 4839
f 492 5459 494
f 494 5459 496
f 496 5459 498
f 498 5459 500
f 500 5459 502
f 502 5459 504
f 504 5459 506
f 4840 5459 5458
f 4838 5459 492
f 5458 5459 4838
f 506 5459 4840
f 5353 5460 4840
f 5354 5460 5353
f 5355 5460 5354
f 5356 5460 5355
f 4842 5460 5356
f 4841 5460 4842
f 4843 5460 4841
f 4843 5461 5460
f 518 5461 4843
f 506 5461 508
f 508 5461 510
f 510 5461 512
f 512 5461 514
f 514 5461 516
f 516 5461 518
f 4840 5461 506
f 5460 5461 4840
f 532 5462 5362
f 5358 5462 4843
f 5359 5462 5358
f 5360 5462 5359
f 4844 5462 5360
f 4845 5462 4844
f 4846 5462 4845
f 4847 5462 4846
f 5362 5462 4847
f 4843 5463 520
f 520 5463 522
f 522 5463 524
f 524 5463 526
f 526 5463 528
f 528 5463 530
f 530 5463 532
f 5462 5463 4843
f 532 5463 5462
f 5363 5464 5362
f 4849 5464 5363
f 4848 5464 4849
f 4850 5464 4848
f 4851 5464 4850
f 4852 5464 4851
f 4853 5464 4852
f 545 5464 4853
f 5464 5465 5362
f 532 5465 534
f 534 5465 536
f 536 5465 538
f 538 5465 539
f 539 5465 541
f 541 5465 543
f 5362 5465 532
f 543 5465 545
f 545 5465 5464
f 165 5466 4861
f 4855 5466 4854
f 4856 5466 4855
f 4857 5466 4856
f 4858 5466 4857
f 4859 5466 4858
f 4860 5466 4859
f 4861 5466 4860
f 165 5467 5466
f 547 5467 549
f 549 5467 551
f 551 5467 553
f 553 5467 555
f 555 5467 557
f 557 5467 558
f 558 5467 560
f 560 5467 165
f 5466 5467 4854
f 4854 5467 547
f 4862 5468 4861
f 4863 5468 4862
f 4864 5468 4863
f 4865 5468 4864
f 4866 5468 4865
f 4867 5468 4866
f 4868 5468 4867
f 4861 5469 165
f 180 5469 4868
f 4868 5469 5468
f 165 5469 168
f 168 5469 169
f 169 5469 171
f 171 5469 173
f 173 5469 175
f 175 5469 177
f 177 5469 180
f 5468 5469 4861
f 3989 5470 3988
f 3988 5470 3986
f 3986 5470 3984
f 3984 5470 3982
f 3982 5470 3981
f 3981 5470 3979
f 4869 5470 4868
f 4870 5470 4869
f 3979 5470 4870
f 5470 5471 4868
f 3989 5471 5470
f 4868 5471 180
f 192 5471 3989
f 180 5471 182
f 182 5471 184
f 184 5471 186
f 186 5471 188
f 188 5471 190
f 190 5471 192
f 3975 5472 3977
f 3977 5472 3978
f 3978 5472 3980
f 3980 5472 3983
f 3983 5472 3985
f 3985 5472 3987
f 3975 5473 5472
f 5472 5473 3987
f 3987 5473 195
f 3973 5473 3975
f 195 5473 197
f 197 5473 199
f 199 5473 201
f 201 5473 203
f 203 5473 205
f 205 5473 3973
f 3964 5474 3966
f 3966 5474 3968
f 3968 5474 3970
f 219 5475 3960
f 5474 5475 3970
f 3960 5475 3962
f 3962 5475 3964
f 3970 5475 3971
f 3964 5475 5474
f 209 5475 211
f 211 5475 213
f 213 5475 215
f 215 5475 217
f 217 5475 219
f 3971 5475 209
f 3957 5476 223
f 231 5476 3947
f 3947 5476 3949
f 3949 5476 3951
f 3951 5476 3953
f 3953 5476 3955
f 3955 5476 3957
f 223 5476 225
f 225 5476 227
f 227 5476 229
f 229 5476 231
f 3936 5477 3938
f 3938 5477 3939
f 3939 5477 3941
f 3941 5477 237
f 243 5477 3936
f 237 5477 239
f 239 5477 241
f 241 5477 243
f 4227 1521 1490
f 4228 1525 4227
f 4227 1525 1521
f 4229 1529 4228
f 4228 1529 1525
f 4230 1533 4229
f 4229 1533 1529
f 4231 1538 4230
f 4230 1538 1533
f 4322 1542 4231
f 4231 1542 1538
f 4323 1545 4322
f 4322 1545 1542
f 4233 1547 4323
f 4323 1547 1545
f 4233 1551 1547
f 4232 5478 4233
f 4233 5478 1551
f 4234 5479 4232
f 4232 5479 5478
f 4235 5480 4234
f 4234 5480 5479
f 4325 5481 4235
f 4235 5481 5480
f 4326 5482 4325
f 4325 5482 5481
f 4327 5483 4326
f 4326 5483 5482
f 4328 5484 4327
f 4327 5484 5483
f 4236 5485 4328
f 4328 5485 5484
f 4237 5486 4236
f 4236 5486 5485
f 4238 5487 4237
f 4237 5487 5486
f 4331 5488 4238
f 4238 5488 5487
f 4331 5489 5488
f 4332 5489 4331
f 4332 5490 5489
f 4333 5490 4332
f 4333 5491 5490
f 4334 5491 4333
f 4334 5492 5491
f 4335 5492 4334
f 4335 5493 5492
f 4240 5493 4335
f 4239 5494 4240
f 4240 5494 5493
f 4338 5495 4239
f 4239 5495 5494
f 4338 5496 5495
f 4339 5496 4338
f 4340 5497 4339
f 4339 5497 5496
f 4341 5498 4340
f 4342 5498 4341
f 4340 5498 5497
f 4343 5499 4342
f 4342 5499 5498
f 4242 5500 4343
f 4343 5500 5499
f 4241 5501 4242
f 4242 5501 5500
f 4346 5502 4241
f 4241 5502 5501
f 4347 5503 4346
f 4346 5503 5502
f 4348 5504 4347
f 4347 5504 5503
f 4349 5505 4348
f 4348 5505 5504
f 4350 5506 4349
f 4349 5506 5505
f 4351 5507 4350
f 4350 5507 5506
f 4244 5508 4351
f 4351 5508 5507
f 4243 5509 4244
f 4244 5509 5508
f 4354 5510 4243
f 4243 5510 5509
f 4355 5511 4354
f 4354 5511 5510
f 4355 5512 5511
f 4356 5512 4355
f 4358 5513 4357
f 4358 5514 5513
f 4359 5514 4358
f 4359 5515 5514
f 4246 5515 4359
f 4246 5516 5515
f 4245 5516 4246
f 4245 5517 5516
f 4362 5517 4245
f 4362 5518 5517
f 4363 5518 4362
f 4363 5519 5518
f 4366 5520 5521
f 4367 5520 4366
f 4367 5522 5520
f 4247 5522 4367
f 4247 5523 5522
f 4248 5523 4247
f 4370 5523 4248
f 4370 5524 5523
f 4371 5524 4370
f 4371 5525 5524
f 4376 5526 4375
f 4375 5526 5527
f 4249 5528 4376
f 4376 5528 5526
f 4250 5529 4249
f 4382 5529 4250
f 4249 5529 5528
f 4383 5530 4382
f 4382 5530 5529
f 4378 5531 5532
f 4380 5531 4378
f 4380 5533 5531
f 4381 5533 4380
f 4389 5533 4381
f 4389 5534 5533
f 4390 5534 4389
f 4390 5535 5534
f 4395 5536 5537
f 4252 5536 4395
f 4251 5536 4252
f 4251 5538 5536
f 4398 5538 4251
f 4398 5539 5538
f 4254 5540 4403
f 4254 5541 5540
f 4253 5541 4254
f 4253 5542 5541
f 4406 5542 4253
f 4406 5543 5542
f 4256 5544 4411
f 4256 5545 5544
f 4255 5545 4256
f 4255 5546 5545
f 4414 5546 4255
f 4414 5547 5546
f 4258 156 4419
f 4257 155 4258
f 4258 155 156
f 4257 150 155
f 4420 132 4428
f 4431 131 4420
f 4420 131 132
f 4259 112 4437
f 4259 107 112
f 4441 107 4259
f 4439 89 4447
f 4451 84 4439
f 4439 84 89
f 4460 66 4449
f 4449 66 67
f 4260 55 4261
f 4260 51 55
f 4262 33 4263
f 4264 1284 4265
f 4266 1292 4267
f 4269 1306 1304
f 4268 1306 4269
f 4498 1321 1319
f 4525 1349 1347
f 4272 4007 4273
f 4274 4022 4275
f 4275 4022 4020
f 4277 4036 4034
f 4276 4036 4277
f 4278 4048 4279
f 4281 4062 4280
f 4282 4076 4283
f 4284 4088 4285
f 4284 4090 4088
f 4286 4102 4287
f 4286 4104 4102
f 4290 4144 4142
f 4289 4144 4290
f 4627 4158 4156
f 4672 4213 4211
f 4293 1038 4294
f 4296 1054 4295
f 4297 1069 4298
f 4298 1069 1067
f 4299 1081 4300
f 4299 1083 1081
f 4302 1123 4303
f 4304 1135 4305
f 4304 1137 1135
f 4306 1149 4307
f 4309 1163 4308
f 4310 1177 4311
f 4765 1191 1189
f 4782 1205 1203
f 4312 1217 4313
f 4315 1231 4314
f 4316 1245 1243
f 4818 1274 1272
f 4317 810 4318
f 4317 812 810
f 4319 812 4317
f 4319 814 812
f 4320 814 4319
f 5513 5548 4357
f 4357 5548 4356
f 5549 5548 5513
f 5512 5548 5549
f 4356 5548 5512
f 4363 5550 5519
f 5551 5550 5521
f 5519 5550 5551
f 5521 5550 4366
f 4364 5550 4363
f 4365 5550 4364
f 4366 5550 4365
f 5552 5553 5527
f 5554 5553 5552
f 5525 5553 5554
f 4372 5553 4371
f 4373 5553 4372
f 4374 5553 4373
f 4375 5553 4374
f 4371 5553 5525
f 5527 5553 4375
f 5532 5555 4378
f 5556 5555 5532
f 5557 5555 5556
f 5558 5555 5557
f 5530 5555 5558
f 4384 5555 4383
f 4385 5555 4384
f 4386 5555 4385
f 4378 5555 4386
f 4383 5555 5530
f 5559 5560 5537
f 5561 5560 5559
f 5562 5560 5561
f 5535 5560 5562
f 4390 5560 5535
f 5537 5560 4395
f 4391 5560 4390
f 4392 5560 4391
f 4393 5560 4392
f 4394 5560 4393
f 4395 5560 4394
f 5563 5564 5540
f 5565 5564 5563
f 5566 5564 5565
f 5567 5564 5566
f 5539 5564 5567
f 4398 5564 5539
f 5540 5564 4403
f 4399 5564 4398
f 4400 5564 4399
f 4401 5564 4400
f 4402 5564 4401
f 4403 5564 4402
f 5568 5569 5544
f 5570 5569 5568
f 5571 5569 5570
f 5572 5569 5571
f 5543 5569 5572
f 5544 5569 4411
f 4407 5569 4406
f 4408 5569 4407
f 4406 5569 5543
f 4409 5569 4408
f 4410 5569 4409
f 4411 5569 4410
f 4414 5573 5547
f 4415 5573 4414
f 4416 5573 4415
f 4417 5573 4416
f 4418 5573 4417
f 4419 5573 4418
f 161 5573 156
f 156 5573 4419
f 5574 5573 161
f 5575 5573 5574
f 5576 5573 5575
f 5547 5573 5576
f 4423 5577 4257
f 4424 5577 4423
f 4425 5577 4424
f 4426 5577 4425
f 4427 5577 4426
f 4428 5577 4427
f 137 5577 132
f 138 5577 137
f 150 5577 149
f 4257 5577 150
f 132 5577 4428
f 143 5578 138
f 144 5578 143
f 149 5578 144
f 138 5578 5577
f 5577 5578 149
f 112 5579 4437
f 113 5579 112
f 4432 5579 4431
f 4433 5579 4432
f 4434 5579 4433
f 126 5579 125
f 4435 5579 4434
f 131 5579 126
f 4436 5579 4435
f 4437 5579 4436
f 4431 5579 131
f 113 5580 5579
f 118 5580 113
f 119 5580 118
f 124 5580 119
f 125 5580 124
f 5579 5580 125
f 94 5581 89
f 107 5581 106
f 4441 5581 107
f 4442 5581 4441
f 4443 5581 4442
f 4444 5581 4443
f 4445 5581 4444
f 4446 5581 4445
f 4447 5581 4446
f 89 5581 4447
f 95 5582 94
f 100 5582 95
f 101 5582 100
f 106 5582 101
f 94 5582 5581
f 5581 5582 106
f 84 5583 83
f 4452 5583 4451
f 4453 5583 4452
f 4454 5583 4453
f 4455 5583 4454
f 4456 5583 4455
f 4457 5583 4456
f 4449 5583 4457
f 4451 5583 84
f 67 5583 4449
f 74 5584 73
f 77 5584 74
f 78 5584 77
f 83 5584 78
f 67 5584 5583
f 5583 5584 83
f 73 5584 67
f 55 5585 4261
f 4461 5585 4460
f 4462 5585 4461
f 4463 5585 4462
f 4464 5585 4463
f 4465 5585 4464
f 4261 5585 4465
f 4460 5585 66
f 55 5586 5585
f 5585 5586 66
f 56 5586 55
f 60 5586 56
f 61 5586 60
f 63 5586 61
f 64 5586 63
f 66 5586 64
f 4260 5587 51
f 33 5587 4263
f 4468 5587 4260
f 4469 5587 4468
f 4470 5587 4469
f 4471 5587 4470
f 4472 5587 4471
f 4473 5587 4472
f 4263 5587 4473
f 5587 5588 51
f 33 5588 5587
f 35 5588 33
f 39 5588 35
f 40 5588 39
f 44 5588 40
f 45 5588 44
f 51 5588 45
f 4476 5589 4262
f 4477 5589 4476
f 4478 5589 4477
f 4479 5589 4478
f 4480 5589 4479
f 4481 5589 4480
f 4265 5589 4481
f 1284 5589 4265
f 5589 5590 4262
f 4262 5590 33
f 33 5590 1278
f 1278 5590 1279
f 1279 5590 1280
f 1280 5590 1281
f 1284 5590 5589
f 1281 5590 1282
f 1282 5590 1283
f 1283 5590 1284
f 4484 5591 4264
f 4485 5591 4484
f 4486 5591 4485
f 4487 5591 4486
f 4488 5591 4487
f 4489 5591 4488
f 4267 5591 4489
f 5591 5592 4264
f 1284 5592 1285
f 1285 5592 1286
f 1286 5592 1287
f 1287 5592 1288
f 1288 5592 1289
f 1289 5592 1290
f 1290 5592 1292
f 4267 5592 5591
f 4264 5592 1284
f 1292 5592 4267
f 4496 5593 4266
f 4497 5593 4496
f 4491 5593 4497
f 4493 5593 4491
f 4494 5593 4493
f 4495 5593 4494
f 4269 5593 4495
f 4266 5593 1292
f 5593 5594 1292
f 4269 5594 5593
f 1304 5594 4269
f 1292 5594 1294
f 1294 5594 1296
f 1296 5594 1298
f 1298 5594 1300
f 1300 5594 1302
f 1302 5594 1304
f 4501 5595 4268
f 4502 5595 4501
f 4503 5595 4502
f 4504 5595 4503
f 4505 5595 4504
f 4506 5595 4505
f 4498 5595 4506
f 4268 5596 1306
f 1319 5596 4498
f 1306 5596 1308
f 1308 5596 1310
f 1310 5596 1312
f 1312 5596 1314
f 1314 5596 1316
f 1316 5596 1319
f 5595 5596 4268
f 4498 5596 5595
f 4509 5597 4498
f 4510 5597 4509
f 4511 5597 4510
f 4512 5597 4511
f 4513 5597 4512
f 4514 5597 4513
f 4515 5597 4514
f 4270 5597 4515
f 4270 5598 5597
f 4498 5598 1321
f 1321 5598 1323
f 1323 5598 1325
f 1325 5598 1327
f 1327 5598 1329
f 1329 5598 1331
f 1331 5598 1333
f 1333 5598 1334
f 5597 5598 4498
f 1334 5598 4270
f 1347 5599 4525
f 4518 5599 4270
f 4519 5599 4518
f 4520 5599 4519
f 4521 5599 4520
f 4522 5599 4521
f 4523 5599 4522
f 4524 5599 4523
f 4525 5599 4524
f 5599 5600 4270
f 1334 5600 1336
f 1336 5600 1338
f 1338 5600 1340
f 1340 5600 1342
f 1342 5600 1344
f 1344 5600 1346
f 1346 5600 1347
f 4270 5600 1334
f 1347 5600 5599
f 4528 5601 4525
f 4529 5601 4528
f 4530 5601 4529
f 4531 5601 4530
f 4532 5601 4531
f 4533 5601 4532
f 4534 5601 4533
f 4271 5601 4534
f 3993 5601 4271
f 4525 5602 1349
f 3993 5602 5601
f 1349 5602 1351
f 1351 5602 1353
f 1353 5602 1355
f 1355 5602 1357
f 1357 5602 1359
f 1359 5602 3991
f 3991 5602 3993
f 5601 5602 4525
f 4537 5603 4271
f 4538 5603 4537
f 4539 5603 4538
f 4540 5603 4539
f 4541 5603 4540
f 4542 5603 4541
f 4273 5603 4542
f 4007 5603 4273
f 4007 5604 5603
f 4271 5604 3993
f 3993 5604 3995
f 3995 5604 3997
f 3997 5604 3999
f 3999 5604 4001
f 4001 5604 4003
f 4003 5604 4005
f 4005 5604 4007
f 5603 5604 4271
f 4545 5605 4272
f 4546 5605 4545
f 4547 5605 4546
f 4548 5605 4547
f 4549 5605 4548
f 4550 5605 4549
f 4275 5605 4550
f 4275 5606 5605
f 4272 5606 4007
f 5605 5606 4272
f 4007 5606 4009
f 4009 5606 4011
f 4011 5606 4014
f 4014 5606 4016
f 4016 5606 4018
f 4018 5606 4020
f 4020 5606 4275
f 4553 5607 4274
f 4554 5607 4553
f 4555 5607 4554
f 4556 5607 4555
f 4557 5607 4556
f 4558 5607 4557
f 4277 5607 4558
f 4274 5607 4022
f 5607 5608 4022
f 4034 5608 4277
f 4277 5608 5607
f 4022 5608 4024
f 4024 5608 4026
f 4026 5608 4028
f 4028 5608 4030
f 4030 5608 4032
f 4032 5608 4034
f 4276 5609 4036
f 4561 5609 4276
f 4562 5609 4561
f 4563 5609 4562
f 4564 5609 4563
f 4565 5609 4564
f 4566 5609 4565
f 4279 5609 4566
f 4036 5610 4038
f 4038 5610 4040
f 4040 5610 4042
f 4042 5610 4044
f 4044 5610 4046
f 4046 5610 4048
f 4279 5610 5609
f 4048 5610 4279
f 5609 5610 4036
f 4569 5611 4278
f 4570 5611 4569
f 4571 5611 4570
f 4572 5611 4571
f 4573 5611 4572
f 4574 5611 4573
f 4280 5611 4574
f 4062 5611 4280
f 4048 5612 4050
f 4050 5612 4052
f 4052 5612 4054
f 4054 5612 4056
f 4056 5612 4058
f 4058 5612 4060
f 4060 5612 4062
f 5611 5612 4278
f 4062 5612 5611
f 4278 5612 4048
f 4577 5613 4281
f 4578 5613 4577
f 4579 5613 4578
f 4580 5613 4579
f 4581 5613 4580
f 4582 5613 4581
f 4283 5613 4582
f 4062 5614 4064
f 4064 5614 4066
f 4066 5614 4068
f 4068 5614 4070
f 4070 5614 4072
f 4072 5614 4074
f 5613 5614 4281
f 4074 5614 4076
f 4283 5614 5613
f 4076 5614 4283
f 4281 5614 4062
f 4282 5615 4076
f 4088 5615 4285
f 4585 5615 4282
f 4586 5615 4585
f 4587 5615 4586
f 4588 5615 4587
f 4589 5615 4588
f 4590 5615 4589
f 4285 5615 4590
f 4088 5616 5615
f 4076 5616 4078
f 4078 5616 4080
f 4080 5616 4082
f 4082 5616 4084
f 4084 5616 4086
f 4086 5616 4088
f 5615 5616 4076
f 4593 5617 4284
f 4594 5617 4593
f 4595 5617 4594
f 4596 5617 4595
f 4597 5617 4596
f 4598 5617 4597
f 4287 5617 4598
f 5617 5618 4284
f 4090 5618 4092
f 4092 5618 4094
f 4094 5618 4096
f 4096 5618 4098
f 4098 5618 4100
f 4100 5618 4102
f 4284 5618 4090
f 4102 5618 4287
f 4287 5618 5617
f 4601 5619 4286
f 4603 5619 4601
f 4604 5619 4603
f 4605 5619 4604
f 4606 5619 4605
f 4607 5619 4606
f 4600 5619 4607
f 4116 5620 4600
f 4600 5620 5619
f 4104 5620 4106
f 4106 5620 4108
f 4108 5620 4110
f 4110 5620 4112
f 4112 5620 4114
f 4114 5620 4116
f 4286 5620 4104
f 5619 5620 4286
f 4600 5621 4116
f 4610 5621 4600
f 4611 5621 4610
f 4612 5621 4611
f 4613 5621 4612
f 4614 5621 4613
f 4615 5621 4614
f 4616 5621 4615
f 4288 5621 4616
f 5621 5622 4116
f 4130 5622 4288
f 4116 5622 4118
f 4118 5622 4120
f 4120 5622 4122
f 4122 5622 4124
f 4124 5622 4126
f 4126 5622 4128
f 4128 5622 4130
f 4288 5622 5621
f 4288 5623 4130
f 4619 5623 4288
f 4620 5623 4619
f 4621 5623 4620
f 4622 5623 4621
f 4623 5623 4622
f 4624 5623 4623
f 4625 5623 4624
f 4290 5623 4625
f 4130 5624 4132
f 4132 5624 4134
f 4142 5624 4290
f 4134 5624 4136
f 4136 5624 4138
f 4138 5624 4140
f 4140 5624 4142
f 5623 5624 4130
f 4290 5624 5623
f 4634 5625 4633
f 4627 5625 4634
f 4629 5625 4289
f 4630 5625 4629
f 4631 5625 4630
f 4632 5625 4631
f 4289 5625 4144
f 4633 5625 4632
f 4144 5626 4146
f 4146 5626 4148
f 4148 5626 4150
f 4150 5626 4152
f 4152 5626 4154
f 4154 5626 4156
f 4627 5626 5625
f 5625 5626 4144
f 4156 5626 4627
f 4638 5627 4627
f 4639 5627 4638
f 4640 5627 4639
f 4641 5627 4640
f 4642 5627 4641
f 4643 5627 4642
f 4644 5627 4643
f 4636 5627 4644
f 4170 5627 4636
f 4627 5627 4158
f 4170 5628 5627
f 5627 5628 4158
f 4158 5628 4160
f 4160 5628 4162
f 4162 5628 4164
f 4164 5628 4166
f 4166 5628 4168
f 4168 5628 4170
f 4647 5629 4636
f 4648 5629 4647
f 4649 5629 4648
f 4650 5629 4649
f 4651 5629 4650
f 4652 5629 4651
f 4653 5629 4652
f 4291 5629 4653
f 4291 5630 5629
f 4636 5630 4170
f 4184 5630 4291
f 4170 5630 4172
f 4172 5630 4174
f 4174 5630 4176
f 4176 5630 4178
f 4178 5630 4180
f 4180 5630 4182
f 4182 5630 4184
f 5629 5630 4636
f 4656 5631 4291
f 4657 5631 4656
f 4658 5631 4657
f 4659 5631 4658
f 4660 5631 4659
f 4661 5631 4660
f 4662 5631 4661
f 4292 5631 4662
f 4291 5631 4184
f 5631 5632 4184
f 4292 5632 5631
f 4184 5632 4186
f 4186 5632 4188
f 4188 5632 4190
f 4198 5632 4292
f 4190 5632 4192
f 4192 5632 4194
f 4194 5632 4196
f 4196 5632 4198
f 4211 5633 4672
f 4665 5633 4292
f 4666 5633 4665
f 4667 5633 4666
f 4668 5633 4667
f 4669 5633 4668
f 4670 5633 4669
f 4671 5633 4670
f 4672 5633 4671
f 4292 5633 4198
f 4211 5634 5633
f 5633 5634 4198
f 4198 5634 4200
f 4200 5634 4202
f 4202 5634 4204
f 4204 5634 4205
f 4205 5634 4207
f 4207 5634 4209
f 4209 5634 4211
f 4675 5635 4672
f 4676 5635 4675
f 4677 5635 4676
f 4678 5635 4677
f 4679 5635 4678
f 4680 5635 4679
f 4294 5635 4680
f 4672 5636 4213
f 5635 5636 4672
f 1038 5636 4294
f 4294 5636 5635
f 4213 5636 4215
f 4215 5636 4217
f 4217 5636 4219
f 4219 5636 4221
f 4221 5636 4223
f 4223 5636 4224
f 4224 5636 4226
f 4226 5636 1038
f 4683 5637 4293
f 4684 5637 4683
f 4685 5637 4684
f 4686 5637 4685
f 4687 5637 4686
f 4688 5637 4687
f 4295 5637 4688
f 1048 5638 1050
f 1050 5638 1052
f 1052 5638 1054
f 4293 5638 1038
f 5637 5638 4293
f 1054 5638 4295
f 4295 5638 5637
f 1038 5638 1041
f 1041 5638 1043
f 1043 5638 1046
f 1046 5638 1048
f 4691 5639 4296
f 4692 5639 4691
f 4693 5639 4692
f 4694 5639 4693
f 4695 5639 4694
f 4696 5639 4695
f 4298 5639 4696
f 4296 5639 1054
f 1054 5640 1056
f 1056 5640 1058
f 1058 5640 1060
f 1060 5640 1062
f 1062 5640 1065
f 1065 5640 1067
f 4298 5640 5639
f 5639 5640 1054
f 1067 5640 4298
f 4297 5641 1069
f 4699 5641 4297
f 4700 5641 4699
f 4701 5641 4700
f 4702 5641 4701
f 4703 5641 4702
f 4704 5641 4703
f 4300 5641 4704
f 1069 5642 1071
f 1071 5642 1073
f 1073 5642 1075
f 1075 5642 1077
f 1077 5642 1079
f 1079 5642 1081
f 1081 5642 4300
f 5641 5642 1069
f 4300 5642 5641
f 1095 5643 4706
f 4708 5643 4299
f 4709 5643 4708
f 4710 5643 4709
f 4711 5643 4710
f 4712 5643 4711
f 4713 5643 4712
f 4706 5643 4713
f 1083 5644 1085
f 1085 5644 1087
f 1087 5644 1089
f 1089 5644 1091
f 1091 5644 1093
f 1093 5644 1095
f 4299 5644 1083
f 1095 5644 5643
f 5643 5644 4299
f 4716 5645 4706
f 4717 5645 4716
f 4718 5645 4717
f 4719 5645 4718
f 4720 5645 4719
f 4721 5645 4720
f 4722 5645 4721
f 4301 5645 4722
f 1109 5645 4301
f 1095 5646 1097
f 1097 5646 1099
f 1099 5646 1101
f 1109 5646 5645
f 1101 5646 1103
f 5645 5646 4706
f 1103 5646 1105
f 1105 5646 1107
f 1107 5646 1109
f 4706 5646 1095
f 4725 5647 4301
f 4726 5647 4725
f 4727 5647 4726
f 4728 5647 4727
f 4729 5647 4728
f 4730 5647 4729
f 4303 5647 4730
f 4303 5648 5647
f 1123 5648 4303
f 1109 5648 1111
f 1111 5648 1113
f 1113 5648 1115
f 1115 5648 1117
f 1117 5648 1119
f 1119 5648 1121
f 1121 5648 1123
f 5647 5648 4301
f 4301 5648 1109
f 4733 5649 4302
f 4734 5649 4733
f 4735 5649 4734
f 4736 5649 4735
f 4737 5649 4736
f 4738 5649 4737
f 4305 5649 4738
f 4302 5650 1123
f 1123 5650 1125
f 1125 5650 1127
f 4305 5650 5649
f 1127 5650 1129
f 1129 5650 1131
f 1131 5650 1133
f 1133 5650 1135
f 1135 5650 4305
f 5649 5650 4302
f 4745 5651 4744
f 4746 5651 4745
f 4307 5651 4746
f 1149 5651 4307
f 4741 5651 4304
f 4742 5651 4741
f 4743 5651 4742
f 4744 5651 4743
f 4304 5652 1137
f 1137 5652 1139
f 1139 5652 1141
f 1141 5652 1143
f 1143 5652 1145
f 1145 5652 1147
f 1147 5652 1149
f 1149 5652 5651
f 5651 5652 4304
f 4749 5653 4306
f 4750 5653 4749
f 4751 5653 4750
f 4752 5653 4751
f 4753 5653 4752
f 4754 5653 4753
f 4308 5653 4754
f 5653 5654 4306
f 1163 5654 4308
f 1149 5654 1151
f 1151 5654 1153
f 1153 5654 1155
f 1155 5654 1157
f 1157 5654 1159
f 1159 5654 1161
f 1161 5654 1163
f 4306 5654 1149
f 4308 5654 5653
f 4757 5655 4309
f 4758 5655 4757
f 4759 5655 4758
f 4760 5655 4759
f 4761 5655 4760
f 4762 5655 4761
f 4311 5655 4762
f 4309 5655 1163
f 1177 5656 4311
f 1163 5656 1165
f 1165 5656 1167
f 1167 5656 1169
f 1169 5656 1171
f 1171 5656 1173
f 1173 5656 1175
f 1175 5656 1177
f 4311 5656 5655
f 5655 5656 1163
f 4766 5657 4310
f 4767 5657 4766
f 4768 5657 4767
f 4769 5657 4768
f 4770 5657 4769
f 4771 5657 4770
f 4772 5657 4771
f 4765 5657 4772
f 4310 5658 1177
f 4765 5658 5657
f 5657 5658 4310
f 1189 5658 4765
f 1177 5658 1179
f 1179 5658 1181
f 1181 5658 1183
f 1183 5658 1185
f 1185 5658 1187
f 1187 5658 1189
f 4775 5659 4765
f 4776 5659 4775
f 4777 5659 4776
f 4778 5659 4777
f 4779 5659 4778
f 4780 5659 4779
f 4781 5659 4780
f 4782 5659 4781
f 1203 5659 4782
f 1203 5660 5659
f 4765 5660 1191
f 1191 5660 1193
f 1193 5660 1195
f 1195 5660 1197
f 1197 5660 1199
f 1199 5660 1201
f 1201 5660 1203
f 5659 5660 4765
f 1217 5661 4313
f 4785 5661 4782
f 4786 5661 4785
f 4787 5661 4786
f 4788 5661 4787
f 4789 5661 4788
f 4790 5661 4789
f 4313 5661 4790
f 1217 5662 5661
f 5661 5662 4782
f 1205 5662 1207
f 1207 5662 1209
f 1209 5662 1211
f 1211 5662 1213
f 1213 5662 1215
f 1215 5662 1217
f 4782 5662 1205
f 4793 5663 4312
f 4794 5663 4793
f 4795 5663 4794
f 4796 5663 4795
f 4797 5663 4796
f 4798 5663 4797
f 4314 5663 4798
f 5663 5664 4312
f 4312 5664 1217
f 4314 5664 5663
f 1231 5664 4314
f 1217 5664 1219
f 1219 5664 1221
f 1221 5664 1223
f 1223 5664 1225
f 1225 5664 1227
f 1227 5664 1229
f 1229 5664 1231
f 4315 5665 1231
f 4801 5665 4315
f 4802 5665 4801
f 4803 5665 4802
f 4804 5665 4803
f 4805 5665 4804
f 4806 5665 4805
f 4316 5665 4806
f 4316 5666 5665
f 1243 5666 4316
f 5665 5666 1231
f 1231 5666 1233
f 1233 5666 1235
f 1235 5666 1237
f 1237 5666 1239
f 1239 5666 1241
f 1241 5666 1243
f 1258 5667 4809
f 4810 5667 4316
f 4811 5667 4810
f 4812 5667 4811
f 4813 5667 4812
f 4814 5667 4813
f 4815 5667 4814
f 4816 5667 4815
f 4809 5667 4816
f 4316 5667 1245
f 1251 5668 1253
f 1253 5668 1255
f 1255 5668 1256
f 1256 5668 1258
f 1258 5668 5667
f 5667 5668 1245
f 1245 5668 1247
f 1247 5668 1249
f 1249 5668 1251
f 4822 5669 4809
f 4823 5669 4822
f 4824 5669 4823
f 4825 5669 4824
f 4826 5669 4825
f 4819 5669 4826
f 4821 5669 4819
f 4818 5669 4821
f 5669 5670 4809
f 1258 5670 1260
f 4809 5670 1258
f 1260 5670 1262
f 1262 5670 1264
f 1264 5670 1266
f 1266 5670 1268
f 1268 5670 1270
f 1270 5670 1272
f 1272 5670 4818
f 4818 5670 5669
f 4818 5671 1274
f 4829 5671 4818
f 4830 5671 4829
f 4831 5671 4830
f 4832 5671 4831
f 4833 5671 4832
f 4834 5671 4833
f 4835 5671 4834
f 4318 5671 4835
f 1274 5672 1275
f 1275 5672 1277
f 1277 5672 799
f 799 5672 802
f 802 5672 804
f 804 5672 806
f 806 5672 808
f 808 5672 810
f 4318 5672 5671
f 5671 5672 1274
f 810 5672 4318
f 1477 1480 5514
f 1483 1486 5549
f 1489 1493 5511
f 1496 1499 5509
f 1502 1505 5507
f 5507 1505 5506
f 1505 1508 5506
f 5506 1508 5505
f 1508 1511 5505
f 5505 1511 5504
f 1511 1514 5504
f 5504 1514 5503
f 1514 1517 5503
f 5503 1517 5502
f 5502 1517 5501
f 1517 1520 5501
f 5501 1520 5500
f 1520 1524 5500
f 5500 1524 5499
f 1524 1528 5499
f 5499 1528 5498
f 1528 1532 5498
f 5498 1532 5497
f 5497 1536 5496
f 1532 1536 5497
f 1536 1540 5496
f 1540 5495 5496
f 1540 1544 5495
f 1544 5494 5495
f 1544 1549 5494
f 1549 5493 5494
f 1549 1554 5493
f 1554 5492 5493
f 1554 1558 5492
f 1558 5491 5492
f 1558 1562 5491
f 1562 5490 5491
f 1562 1566 5490
f 1566 5489 5490
f 1566 1570 5489
f 1570 5488 5489
f 1570 1574 5488
f 1574 5487 5488
f 1574 1578 5487
f 1578 5486 5487
f 1578 1580 5486
f 1580 5485 5486
f 1580 1576 5485
f 1576 5484 5485
f 1576 1571 5484
f 1571 5483 5484
f 1571 1568 5483
f 1568 5482 5483
f 1568 1563 5482
f 1563 5481 5482
f 1563 1560 5481
f 1560 5480 5481
f 1560 1556 5480
f 1556 5479 5480
f 1556 1552 5479
f 1552 5478 5479
f 1552 1551 5478
f 162 5673 161
f 161 5673 5574
f 5574 5673 5575
f 5575 5673 5576
f 162 5674 5673
f 1411 5674 1415
f 1415 5674 1419
f 1419 5674 162
f 5576 5675 5547
f 5547 5675 5546
f 5673 5675 5576
f 5673 5676 5675
f 1411 5676 5674
f 5674 5676 5673
f 1403 5676 1407
f 1407 5676 1411
f 5675 5677 5546
f 5546 5677 5545
f 5545 5677 5544
f 5544 5677 5568
f 5676 5678 5675
f 5675 5678 5677
f 1395 5678 1399
f 1399 5678 1403
f 1403 5678 5676
f 5677 5679 5568
f 5568 5679 5570
f 5570 5679 5571
f 5677 5680 5679
f 1395 5680 5678
f 5678 5680 5677
f 1387 5680 1391
f 1391 5680 1395
f 5679 5681 5571
f 5571 5681 5572
f 5572 5681 5543
f 5679 5682 5681
f 1387 5682 5680
f 5680 5682 5679
f 1379 5682 1383
f 1383 5682 1387
f 5543 5683 5542
f 5542 5683 5541
f 5681 5683 5543
f 5681 5684 5683
f 1371 5684 1375
f 1375 5684 1379
f 1379 5684 5682
f 5682 5684 5681
f 5541 5685 5540
f 5540 5685 5563
f 5683 5685 5541
f 5684 5686 5683
f 1371 5686 5684
f 1363 5686 1367
f 5683 5686 5685
f 1367 5686 1371
f 5563 5687 5565
f 5565 5687 5566
f 5685 5687 5563
f 5686 5688 5685
f 1363 5688 5686
f 5685 5688 5687
f 1365 5688 1361
f 1361 5688 1363
f 5566 5689 5567
f 5567 5689 5539
f 5687 5689 5566
f 5687 5690 5689
f 1374 5690 1370
f 1370 5690 1365
f 5688 5690 5687
f 1365 5690 5688
f 5689 5691 5539
f 5539 5691 5538
f 5538 5691 5536
f 5536 5691 5537
f 5690 5692 5689
f 1374 5692 5690
f 5689 5692 5691
f 1382 5692 1378
f 1378 5692 1374
f 5537 5693 5559
f 5559 5693 5561
f 5691 5693 5537
f 5692 5694 5691
f 1382 5694 5692
f 5691 5694 5693
f 1390 5694 1386
f 1386 5694 1382
f 5693 5694 5561
f 5561 5695 5562
f 5562 5696 5535
f 1398 5696 1393
f 1393 5696 1390
f 5695 5696 5562
f 5694 5696 5561
f 5561 5696 5695
f 1390 5696 5694
f 5535 5697 5534
f 5534 5697 5533
f 1398 5697 5696
f 1406 5697 1402
f 1402 5697 1398
f 5696 5697 5535
f 5533 5698 5531
f 5531 5698 5532
f 5697 5698 5533
f 1414 5698 1410
f 1410 5698 1406
f 1406 5698 5697
f 1414 5699 5698
f 5532 5699 5556
f 5556 5699 5557
f 5698 5699 5532
f 1422 5699 1418
f 1418 5699 1414
f 5557 5700 5558
f 5558 5700 5530
f 1428 5700 1425
f 1425 5700 1422
f 5699 5700 5557
f 1422 5700 5699
f 5530 5701 5529
f 5529 5701 5528
f 5700 5701 5530
f 1428 5701 5700
f 1434 5701 1431
f 1431 5701 1428
f 5528 5702 5526
f 5526 5702 5527
f 1434 5702 5701
f 1440 5702 1437
f 1437 5702 1434
f 5701 5702 5528
f 5702 5703 5527
f 5527 5703 5552
f 5552 5703 5554
f 1446 5703 1443
f 1443 5703 1440
f 1440 5703 5702
f 1446 5704 5703
f 5554 5704 5525
f 5525 5704 5524
f 5703 5704 5554
f 1452 5704 1449
f 1449 5704 1446
f 5524 5705 5523
f 5523 5705 5522
f 5704 5705 5524
f 1458 5705 1455
f 1455 5705 1452
f 1452 5705 5704
f 5522 5706 5520
f 5520 5706 5521
f 1461 5706 1458
f 1458 5706 5705
f 5705 5706 5522
f 5521 5707 5551
f 5551 5707 5519
f 1467 5707 1464
f 1464 5707 1461
f 1461 5707 5706
f 5706 5707 5521
f 5519 5708 5518
f 5518 5708 5517
f 5517 5708 5516
f 1471 5708 1469
f 1469 5708 1467
f 1467 5708 5707
f 5707 5708 5519
f 5516 5708 1471
f 1477 5709 1474
f 1474 5709 1471
f 5516 5709 5515
f 5515 5709 5514
f 1471 5709 5516
f 5514 5709 1477
f 1483 5710 1480
f 5514 5710 5513
f 5513 5710 5549
f 1480 5710 5514
f 5549 5710 1483
f 1486 5711 5549
f 5511 5711 1489
f 1489 5711 1486
f 5549 5711 5512
f 5512 5711 5511
f 1493 5712 5511
f 5509 5712 1496
f 1496 5712 1493
f 5511 5712 5510
f 5510 5712 5509
f 1499 5713 5509
f 5507 5713 1502
f 1502 5713 1499
f 5509 5713 5508
f 5508 5713 5507
f 32 1490 30
