# smartdrone2 body-local mesh, millimetres
v -13.840152 0.849458 -41.555510
v -13.500000 0.873756 -41.516000
v -13.500000 2.000000 -41.516000
v -13.855144 2.000000 -41.559122
v -14.162160 0.824991 -41.671919
v -14.189649 2.000000 -41.685983
v -14.461973 0.799459 -41.870016
v -14.484074 2.000000 -41.889210
v -14.705089 0.773848 -42.133967
v -14.721308 2.000000 -42.156992
v -14.877601 0.748321 -42.448210
v -14.887564 2.000000 -42.473766
v -14.969835 0.722788 -42.795453
v -14.973180 2.000000 -42.821124
v -14.976034 0.697220 -43.153558
v -14.973180 2.000000 -43.178876
v -14.896050 0.671701 -43.503287
v -14.887564 2.000000 -43.526234
v -14.734653 0.646156 -43.823339
v -14.721308 2.000000 -43.843008
v -14.501294 0.620604 -44.095293
v -14.484074 2.000000 -44.110790
v -14.209160 0.595085 -44.303590
v -14.189649 2.000000 -44.314017
v -13.876133 0.569518 -44.435542
v -13.855144 2.000000 -44.440878
v -13.500000 1.205047 -44.484000
v -13.500000 2.000000 -44.484000
v -13.319689 1.192222 -44.473005
v -13.144856 2.000000 -44.440878
v -13.500000 0.674950 -44.484000
v -13.520053 0.544011 -44.483865
v -13.142418 1.179360 -44.440275
v -12.810351 2.000000 -44.314017
v -13.162754 0.518360 -44.445172
v -13.144971 0.649492 -44.440906
v -12.808560 1.153946 -44.313075
v -12.515926 2.000000 -44.110790
v -12.825269 0.492769 -44.321739
v -12.810679 0.623995 -44.314189
v -12.515222 1.128490 -44.110166
v -12.278692 2.000000 -43.843008
v -12.527342 0.467218 -44.120800
v -12.517197 0.598670 -44.111915
v -12.278130 1.103093 -43.842193
v -12.112436 2.000000 -43.526234
v -12.286433 0.441539 -43.854114
v -12.280075 0.573209 -43.845007
v -12.112049 1.077551 -43.525212
v -12.026820 2.000000 -43.178876
v -12.116689 0.416027 -43.537314
v -12.113630 0.547800 -43.529371
v -12.026682 1.052072 -43.177735
v -12.026820 2.000000 -42.821124
v -12.028091 0.390373 -43.189048
v -12.027240 0.522317 -43.182304
v -12.026967 1.026628 -42.819919
v -12.112436 2.000000 -42.473766
v -12.025804 0.364795 -42.829703
v -12.026394 0.496810 -42.824667
v -12.112923 1.001058 -42.472485
v -12.278692 2.000000 -42.156992
v -12.109972 0.339229 -42.480309
v -12.111175 0.471406 -42.477102
v -12.279524 0.975656 -42.155788
v -12.515926 2.000000 -41.889210
v -12.275490 0.313577 -42.161649
v -12.276635 0.445843 -42.159980
v -12.516879 0.950103 -41.888367
v -12.810351 2.000000 -41.685983
v -12.513137 0.420430 -41.891687
v -12.512917 0.288068 -41.891883
v -12.810525 0.924744 -41.685892
v -13.144856 2.000000 -41.559122
v -12.806948 0.394933 -41.687775
v -12.808180 0.262410 -41.687125
v -13.145118 0.899286 -41.559058
v -13.141055 0.369435 -41.560065
v -13.143989 0.236847 -41.559336
v -13.319189 0.356563 -41.527056
v -13.500000 0.211324 -41.516000
v -13.500000 0.343745 -41.516000
v -13.855224 0.318172 -41.559142
v -13.843174 0.186660 -41.556224
v -14.168257 0.162083 -41.674976
v -14.189755 0.292761 -41.686039
v -14.466156 0.136523 -41.873590
v -14.484168 0.267240 -41.889293
v -14.708151 0.111010 -42.138242
v -14.721055 0.241833 -42.156627
v -14.879518 0.085480 -42.453022
v -14.887149 0.216412 -42.472673
v -14.970388 0.059930 -42.799465
v -14.973024 0.190872 -42.819842
v -14.975553 0.034421 -43.158110
v -14.973479 0.165535 -43.176394
v -14.894708 0.008865 -43.506996
v -14.888674 0.140072 -43.523297
v -14.732007 -0.016646 -43.827293
v -14.723565 0.114652 -43.839729
v -14.497104 -0.042271 -44.099109
v -14.487860 0.089289 -44.107423
v -14.203789 -0.067873 -44.306498
v -14.194628 0.063809 -44.311391
v -13.869215 -0.093402 -44.437337
v -13.861694 0.038458 -44.439248
v -13.512969 -0.119078 -44.483943
v -13.506729 0.012896 -44.483985
v -13.155974 -0.144586 -44.443573
v -13.151361 -0.012545 -44.442466
v -12.819174 -0.170219 -44.318610
v -12.816281 -0.038017 -44.317112
v -12.520931 -0.063553 -44.115204
v -12.522272 -0.195806 -44.116380
v -12.282464 -0.088953 -43.848447
v -12.282645 -0.221345 -43.848707
v -12.114774 -0.114523 -43.532358
v -12.114381 -0.247016 -43.531335
v -12.027621 -0.139953 -43.185357
v -12.027448 -0.272465 -43.183971
v -12.026049 -0.165446 -42.827593
v -12.026317 -0.298048 -42.825323
v -12.110159 -0.190968 -42.479810
v -12.111104 -0.323532 -42.477293
v -12.274881 -0.216351 -42.162539
v -12.276871 -0.349038 -42.159638
v -12.510921 -0.241921 -41.893664
v -12.514177 -0.374615 -41.890763
v -12.804413 -0.267335 -41.689117
v -12.808521 -0.400056 -41.686945
v -13.138303 -0.292843 -41.560753
v -13.144226 -0.425699 -41.559278
v -13.318046 -0.305800 -41.527197
v -13.500000 -0.451194 -41.516000
v -13.500000 -0.318825 -41.516000
v -13.855993 -0.344306 -41.559332
v -13.853911 -0.476572 -41.558819
v -14.191613 -0.369955 -41.687016
v -14.187826 -0.502054 -41.685028
v -14.485979 -0.395404 -41.890901
v -14.482654 -0.527464 -41.887953
v -14.723222 -0.420963 -42.159772
v -14.720334 -0.553042 -42.155583
v -14.889026 -0.446510 -42.477636
v -14.886906 -0.578455 -42.472033
v -14.973715 -0.471964 -42.825588
v -14.972979 -0.603957 -42.819479
v -14.973359 -0.629490 -43.177393
v -14.972513 -0.497552 -43.184286
v -14.888026 -0.654912 -43.525015
v -14.885451 -0.523027 -43.531772
v -14.721913 -0.680496 -43.842131
v -14.717037 -0.548678 -43.849163
v -14.485048 -0.705894 -44.109926
v -14.477303 -0.574255 -44.116752
v -14.191276 -0.731348 -44.313161
v -14.180293 -0.599804 -44.318885
v -13.857314 -0.756828 -44.440341
v -13.843378 -0.625472 -44.443727
v -13.502220 -0.782287 -44.483998
v -13.486304 -0.650978 -44.483937
v -13.147907 -0.807755 -44.441626
v -13.130068 -0.676636 -44.437152
v -12.812925 -0.833172 -44.315364
v -12.795533 -0.702204 -44.306133
v -12.517896 -0.858717 -44.112532
v -12.502281 -0.727768 -44.098551
v -12.280050 -0.884221 -43.844972
v -12.267489 -0.753429 -43.826542
v -12.113250 -0.909669 -43.528376
v -12.104996 -0.778920 -43.506182
v -12.027075 -0.935228 -43.180968
v -12.024357 -0.804483 -43.157269
v -12.026605 -0.960649 -42.822907
v -12.029727 -0.829999 -42.798622
v -12.111917 -0.986213 -42.475136
v -12.120880 -0.855537 -42.452018
v -12.278028 -1.011702 -42.157954
v -12.292392 -0.881086 -42.137482
v -12.515254 -1.037167 -41.889805
v -12.534631 -0.906597 -41.872916
v -12.809844 -1.062745 -41.686249
v -12.832737 -0.932158 -41.674475
v -13.144598 -1.088161 -41.559186
v -13.157506 -0.956725 -41.556063
v -13.500000 -0.981304 -41.516000
v -13.500000 -1.113728 -41.516000
v -13.836712 -1.137823 -41.554704
v -13.856135 -1.006874 -41.559367
v -14.155450 -1.161970 -41.668595
v -14.191897 -1.032401 -41.687165
v -14.454227 -1.187368 -41.863467
v -14.487140 -1.058076 -41.891934
v -14.697778 -1.212729 -42.123883
v -14.724527 -1.083590 -42.161674
v -14.872357 -1.238197 -42.435296
v -14.890019 -1.109210 -42.480286
v -14.967419 -1.263524 -42.778784
v -14.974186 -1.134808 -42.829616
v -14.977798 -1.288963 -43.135523
v -14.971926 -1.160349 -43.188916
v -14.902709 -1.314397 -43.484421
v -14.883369 -1.186021 -43.537165
v -14.746188 -1.339837 -43.805774
v -14.713675 -1.211535 -43.853961
v -14.518117 -1.365280 -44.079673
v -14.473152 -1.237155 -44.120371
v -14.230257 -1.390665 -44.291890
v -14.176023 -1.262692 -44.321078
v -13.900170 -1.416180 -44.429028
v -13.839163 -1.288212 -44.444723
v -13.546904 -1.441635 -44.483259
v -13.482223 -1.313818 -44.483893
v -13.344576 -1.455971 -44.475838
v -13.127131 -1.339287 -44.436393
v -13.145150 -1.470445 -44.440950
v -12.810509 -1.495856 -44.314100
v -12.792750 -1.364953 -44.304628
v -12.515766 -1.521444 -44.110649
v -12.499862 -1.390528 -44.096348
v -12.278396 -1.546892 -43.842580
v -12.265638 -1.416095 -43.823775
v -12.112137 -1.572406 -43.525444
v -12.103859 -1.441741 -43.503037
v -12.026784 -1.597859 -43.178572
v -12.023875 -1.467264 -43.152676
v -12.026829 -1.623293 -42.821049
v -12.030471 -1.492941 -42.793265
v -12.112454 -1.648847 -42.473719
v -12.123285 -1.518509 -42.446005
v -12.278881 -1.674275 -42.156718
v -12.296865 -1.544092 -42.131252
v -12.516368 -1.699802 -41.888818
v -12.541027 -1.569757 -41.867469
v -12.811125 -1.725319 -41.685577
v -12.841472 -1.595273 -41.670114
v -13.145072 -1.750738 -41.559070
v -13.161950 -1.619602 -41.555016
v -13.500000 -1.776250 -41.516000
v -13.500000 -1.643774 -41.516000
v -13.839203 -1.800489 -41.555287
v -13.855214 -1.669286 -41.559140
v -14.159710 -1.824794 -41.670700
v -14.190113 -1.694788 -41.686228
v -14.459674 -1.850360 -41.868063
v -14.484852 -1.720283 -41.889900
v -14.703606 -1.875921 -42.131905
v -14.721900 -1.745822 -42.157850
v -14.877019 -1.901586 -42.446760
v -14.888153 -1.771309 -42.475322
v -14.969634 -1.927107 -42.794013
v -14.973405 -1.796832 -42.822990
v -14.976081 -1.952759 -43.153101
v -14.972807 -1.822389 -43.181918
v -14.895994 -1.978310 -43.503445
v -14.886469 -1.847818 -43.529112
v -14.734048 -2.003903 -43.824246
v -14.718996 -1.873456 -43.846348
v -14.499703 -2.029552 -44.096745
v -14.480102 -1.898942 -44.114296
v -14.206713 -2.055073 -44.304918
v -14.183838 -1.924574 -44.317050
v -13.872482 -2.080749 -44.436493
v -13.874863 -1.948119 -44.435874
v -13.546909 -1.971696 -44.483258
v -13.517465 -2.106203 -44.483897
v -13.190561 -1.997180 -44.451380
v -13.160307 -2.131792 -44.444599
v -12.852518 -2.022693 -44.335299
v -12.823833 -2.157341 -44.321004
v -12.551813 -2.048087 -44.141577
v -12.526516 -2.182866 -44.120083
v -12.306304 -2.073620 -43.881672
v -12.286018 -2.208509 -43.853524
v -12.130136 -2.099034 -43.570727
v -12.116460 -2.234033 -43.536724
v -12.033386 -2.124506 -43.226496
v -12.028017 -2.259645 -43.188476
v -12.021784 -2.150019 -42.869103
v -12.025868 -2.285265 -42.829146
v -12.096028 -2.175412 -42.519253
v -12.110142 -2.310800 -42.479856
v -12.251786 -2.200966 -42.197369
v -12.275731 -2.336455 -42.161298
v -12.479998 -2.226377 -41.922108
v -12.513172 -2.361968 -41.891656
v -12.767262 -2.251840 -41.709515
v -12.808429 -2.387589 -41.686994
v -13.097117 -2.277334 -41.571735
v -13.144235 -2.413191 -41.559275
v -13.296642 -2.291823 -41.530000
v -13.500000 -2.438662 -41.516000
v -13.500000 -2.306250 -41.516000
v -13.681623 -2.451625 -41.527156
v -13.855231 -2.331818 -41.559144
v -13.861002 -2.464646 -41.560579
v -14.189493 -2.357208 -41.685902
v -14.194774 -2.490047 -41.688686
v -14.483238 -2.382653 -41.888470
v -14.487675 -2.515495 -41.892411
v -14.720727 -2.408181 -42.156151
v -14.723614 -2.540928 -42.160344
v -14.886820 -2.433536 -42.471809
v -14.888813 -2.566340 -42.477072
v -14.972865 -2.459022 -42.818551
v -14.973470 -2.591802 -42.823526
v -14.973613 -2.484386 -43.175274
v -14.972947 -2.617214 -43.180780
v -14.889111 -2.509814 -43.522135
v -14.887151 -2.642654 -43.527322
v -14.724117 -2.535281 -43.838924
v -14.720589 -2.668114 -43.844048
v -14.488612 -2.560624 -44.106752
v -14.483062 -2.693583 -44.111686
v -14.195073 -2.586194 -44.311156
v -14.188373 -2.719136 -44.314686
v -13.860965 -2.611607 -44.439431
v -13.853598 -2.744539 -44.441258
v -13.505895 -2.637142 -44.483988
v -13.498293 -2.770108 -44.483999
v -13.150513 -2.662628 -44.442260
v -13.143112 -2.795549 -44.440447
v -12.815437 -2.688066 -44.316673
v -12.808899 -2.821042 -44.313254
v -12.520124 -2.713638 -44.114495
v -12.514951 -2.846503 -44.109925
v -12.281809 -2.739043 -43.847506
v -12.278571 -2.871850 -43.842832
v -12.114359 -2.764589 -43.531277
v -12.112369 -2.897405 -43.526057
v -12.027528 -2.789989 -43.184609
v -12.026868 -2.922833 -43.179268
v -12.026041 -2.815422 -42.827657
v -12.026716 -2.948252 -42.821984
v -12.110138 -2.840966 -42.479866
v -12.112173 -2.973770 -42.474459
v -12.274866 -2.866348 -42.162562
v -12.278363 -2.999196 -42.157469
v -12.510918 -2.891909 -41.893667
v -12.515637 -3.024779 -41.889466
v -12.804452 -2.917359 -41.689096
v -12.810138 -3.050194 -41.686095
v -13.138424 -2.942832 -41.560723
v -13.144736 -3.075719 -41.559152
v -13.318075 -2.955816 -41.527193
v -13.500000 -3.101216 -41.516000
v -13.500000 -2.968839 -41.516000
v -13.842129 -3.125696 -41.555977
v -13.856130 -2.994316 -41.559366
v -14.165802 -3.150303 -41.673741
v -14.191565 -3.019943 -41.686991
v -14.464142 -3.175761 -41.871867
v -14.485990 -3.045414 -41.890910
v -14.706657 -3.201348 -42.136151
v -14.723115 -3.070935 -42.159617
v -14.878485 -3.226820 -42.450423
v -14.888987 -3.096506 -42.477533
v -14.970041 -3.252344 -42.796938
v -14.973690 -3.121944 -42.825380
v -14.975828 -3.277917 -43.155518
v -14.972549 -3.147519 -43.183991
v -14.895623 -3.303361 -43.504473
v -14.885495 -3.173037 -43.531657
v -14.733555 -3.329011 -43.824983
v -14.717147 -3.198644 -43.849005
v -14.499724 -3.354541 -44.096725
v -14.477488 -3.224256 -44.116590
v -14.207345 -3.380052 -44.304576
v -14.180540 -3.249771 -44.318758
v -13.873111 -3.405688 -44.436330
v -13.843654 -3.275451 -44.443661
v -13.516970 -3.431202 -44.483903
v -13.486666 -3.300966 -44.483940
v -13.159802 -3.456882 -44.444480
v -13.130482 -3.326586 -44.437259
v -12.822821 -3.482392 -44.320487
v -12.795950 -3.352192 -44.306357
v -12.525280 -3.508002 -44.119007
v -12.502642 -3.377717 -44.098878
v -12.284906 -3.533631 -43.851940
v -12.267801 -3.403389 -43.827007
v -12.115739 -3.559155 -43.534862
v -12.105248 -3.428871 -43.506875
v -12.027756 -3.584840 -43.186427
v -12.024439 -3.454427 -43.158034
v -12.026105 -3.610364 -42.827119
v -12.029602 -3.479947 -42.799538
v -12.110853 -3.635976 -42.477959
v -12.120584 -3.505467 -42.452765
v -12.277045 -3.661595 -42.159383
v -12.291813 -3.531024 -42.138293
v -12.514278 -3.687111 -41.890673
v -12.533840 -3.556531 -41.873594
v -12.809247 -3.712695 -41.686564
v -12.831883 -3.582080 -41.674905
v -13.143976 -3.738138 -41.559340
v -13.157155 -3.606719 -41.556146
v -13.500000 -3.631282 -41.516000
v -13.500000 -3.763706 -41.516000
v -13.811569 -3.785997 -41.549076
v -13.856158 -3.656889 -41.559373
v -14.109325 -3.808304 -41.646864
v -14.191800 -3.682386 -41.687114
v -14.414792 -3.833753 -41.831492
v -14.486973 -3.708052 -41.891785
v -14.667598 -3.859179 -42.084047
v -14.724282 -3.733574 -42.161317
v -14.852313 -3.884617 -42.388850
v -14.889852 -3.759157 -42.479840
v -14.959239 -3.910004 -42.730041
v -14.974111 -3.784776 -42.828964
v -14.981451 -3.935517 -43.086951
v -14.972026 -3.810279 -43.188135
v -14.917649 -3.960991 -43.438779
v -14.883674 -3.835954 -43.536379
v -14.771632 -3.986411 -43.764990
v -14.714283 -3.861480 -43.853095
v -14.551810 -4.011928 -44.046877
v -14.473774 -3.887076 -44.119830
v -14.270764 -4.037328 -44.268140
v -14.176808 -3.912594 -44.320676
v -13.945160 -4.062845 -44.415658
v -13.840363 -3.938107 -44.444441
v -13.593762 -4.088277 -44.481035
v -13.484552 -3.963662 -44.483919
v -13.365425 -4.104565 -44.477886
v -13.129052 -3.989165 -44.436890
v -13.140264 -4.120710 -44.439738
v -12.806686 -4.146185 -44.312086
v -12.795595 -4.014705 -44.306166
v -12.513135 -4.171609 -44.108311
v -12.503097 -4.040235 -44.099291
v -12.276638 -4.197081 -43.840025
v -12.268447 -4.065735 -43.827970
v -12.111187 -4.222549 -43.522929
v -12.105725 -4.091324 -43.508183
v -12.026516 -4.248016 -43.176352
v -12.024583 -4.116794 -43.159374
v -12.027068 -4.273410 -42.819095
v -12.029512 -4.142429 -42.800195
v -12.113115 -4.298882 -42.471978
v -12.120587 -4.168009 -42.452757
v -12.279718 -4.324349 -42.155507
v -12.292471 -4.193541 -42.137371
v -12.516517 -4.349816 -41.888688
v -12.534946 -4.219182 -41.872646
v -12.810596 -4.375206 -41.685855
v -12.834069 -4.244694 -41.673806
v -13.144978 -4.400679 -41.559092
v -13.157822 -4.269293 -41.555988
v -13.500000 -4.293796 -41.516000
v -13.500000 -4.426143 -41.516000
v -13.685125 -4.439305 -41.527593
v -13.855326 -4.319273 -41.559167
v -13.866985 -4.452558 -41.562093
v -14.189852 -4.344801 -41.686090
v -14.200040 -4.477934 -41.691489
v -14.484353 -4.370225 -41.889457
v -14.492747 -4.503430 -41.896954
v -14.721663 -4.395804 -42.157506
v -14.727818 -4.528875 -42.166502
v -14.887881 -4.421250 -42.474602
v -14.891230 -4.554356 -42.483536
v -14.973316 -4.446754 -42.822251
v -14.974349 -4.579730 -42.831033
v -14.973016 -4.472291 -43.180221
v -14.972018 -4.605157 -43.188194
v -14.886986 -4.497713 -43.527756
v -14.884553 -4.630579 -43.534105
v -14.720244 -4.523298 -43.844547
v -14.717172 -4.656056 -43.848968
v -14.482514 -4.548732 -44.112170
v -14.479006 -4.681425 -44.115259
v -14.187776 -4.574230 -44.314998
v -14.183798 -4.706920 -44.317071
v -13.899616 -4.596307 -44.429183
v -13.849581 -4.732333 -44.442237
v -13.593770 -4.618382 -44.481035
v -13.495074 -4.757760 -44.483992
v -13.236849 -4.643832 -44.460482
v -13.140216 -4.783207 -44.439726
v -12.895169 -4.669432 -44.355152
v -12.806244 -4.808705 -44.311853
v -12.588492 -4.694779 -44.171072
v -12.513070 -4.834126 -44.108253
v -12.335120 -4.720281 -43.919407
v -12.276982 -4.859547 -43.840525
v -12.149336 -4.745619 -43.614787
v -12.111413 -4.884995 -43.523529
v -12.041480 -4.771219 -43.273817
v -12.026488 -4.910496 -43.176123
v -12.018325 -4.796570 -42.916965
v -12.027063 -4.935924 -42.819139
v -12.081059 -4.822071 -42.565418
v -12.112860 -4.961341 -42.472649
v -12.225788 -4.847406 -42.239316
v -12.279314 -4.986790 -42.156092
v -12.444753 -4.873003 -41.956588
v -12.516670 -5.012294 -41.888551
v -12.724976 -4.898354 -41.734459
v -12.810741 -5.037715 -41.685779
v -13.049721 -4.923856 -41.585962
v -13.144911 -5.063189 -41.559109
v -13.271811 -4.939973 -41.533649
v -13.500008 -5.088630 -41.516000
v -13.500000 -4.956362 -41.516000
v -11.479021 2.000000 -44.790431
v -11.966225 2.000000 -45.222056
v -11.109269 2.000000 -44.254753
v -12.542567 2.000000 -45.524544
v -10.878457 2.000000 -43.646152
v -13.174551 2.000000 -45.680314
v -10.800000 2.000000 -43.000000
v -13.825449 2.000000 -45.680314
v -10.878457 2.000000 -42.353848
v -14.457433 2.000000 -45.524544
v -11.109269 2.000000 -41.745247
v -15.033775 2.000000 -45.222056
v -11.479021 2.000000 -41.209569
v -15.520979 2.000000 -44.790431
v -11.966225 2.000000 -40.777944
v -15.890731 2.000000 -44.254753
v -12.542567 2.000000 -40.475456
v -16.121543 2.000000 -43.646152
v -13.174551 2.000000 -40.319686
v -16.200000 2.000000 -43.000000
v -13.825449 2.000000 -40.319686
v -16.121543 2.000000 -42.353848
v -14.457433 2.000000 -40.475456
v -15.890731 2.000000 -41.745247
v -15.033775 2.000000 -40.777944
v -15.520979 2.000000 -41.209569
v -10.878268 4.200000 -43.645386
v -10.800000 4.200000 -43.000000
v -11.108536 4.200000 -44.253355
v -11.477452 4.200000 -44.788659
v -11.963629 4.200000 -45.220262
v -12.538879 4.200000 -45.523142
v -13.169852 4.200000 -45.679739
v -13.819966 4.200000 -45.680974
v -14.451529 4.200000 -45.526775
v -15.027926 4.200000 -45.226082
v -15.515739 4.200000 -44.796329
v -15.886686 4.200000 -44.262430
v -16.119261 4.200000 -43.655340
v -16.199981 4.200000 -43.010256
v -16.124164 4.200000 -42.364577
v -15.896208 4.200000 -41.755738
v -15.529327 4.200000 -41.219037
v -15.044794 4.200000 -40.785590
v -14.470698 4.200000 -40.480527
v -13.840324 4.200000 -40.321534
v -13.190220 4.200000 -40.317830
v -12.558076 4.200000 -40.469629
v -11.980541 4.200000 -40.768130
v -11.491099 4.200000 -41.196027
v -11.118127 4.200000 -41.728513
v -10.883247 4.200000 -42.334715
v -10.800078 4.200000 -42.979488
v -10.800035 4.200000 -42.986325
v -10.800009 4.200000 -42.993163
v -10.812614 4.311260 -42.979583
v -11.359990 4.700000 -43.510251
v -11.300063 4.700000 -42.983286
v -11.188806 4.687464 -42.982441
v -10.885818 4.311260 -43.623310
v -10.921789 4.416942 -43.614733
v -10.849592 4.416942 -42.979864
v -10.979734 4.511745 -43.600917
v -10.909159 4.511745 -42.980317
v -11.056746 4.590916 -43.582555
v -10.988328 4.590916 -42.980918
v -11.148964 4.650484 -43.560567
v -11.083128 4.650484 -42.981638
v -11.251763 4.687464 -43.536056
v -11.110949 4.311260 -44.230812
v -11.143823 4.416942 -44.213876
v -11.196777 4.511745 -44.186595
v -11.267157 4.590916 -44.150336
v -11.351433 4.650484 -44.106918
v -11.445380 4.687464 -44.058518
v -11.544286 4.700000 -44.007562
v -11.474923 4.311260 -44.766785
v -11.502789 4.416942 -44.742474
v -11.547675 4.511745 -44.703312
v -11.607333 4.590916 -44.651264
v -11.678769 4.650484 -44.588939
v -11.758403 4.687464 -44.519462
v -11.842241 4.700000 -44.446317
v -11.956588 4.311260 -45.200078
v -11.977825 4.416942 -45.169804
v -12.012035 4.511745 -45.121039
v -12.057503 4.590916 -45.056226
v -12.111949 4.650484 -44.978616
v -12.172642 4.687464 -44.892101
v -12.236539 4.700000 -44.801018
v -12.527950 4.311260 -45.505510
v -12.541325 4.416942 -45.471034
v -12.562871 4.511745 -45.415499
v -12.591507 4.590916 -45.341688
v -12.625797 4.650484 -45.253304
v -12.664022 4.687464 -45.154777
v -12.704264 4.700000 -45.051050
v -13.155803 4.311260 -45.665331
v -13.160539 4.416942 -45.628656
v -13.168169 4.511745 -45.569578
v -13.178309 4.590916 -45.491059
v -13.190450 4.650484 -45.397037
v -13.203986 4.687464 -45.292226
v -13.218235 4.700000 -45.181882
v -13.803661 4.311260 -45.670253
v -13.799482 4.416942 -45.633511
v -13.792751 4.511745 -45.574323
v -13.783806 4.590916 -45.495660
v -13.773094 4.650484 -45.401464
v -13.761153 4.687464 -45.296459
v -13.748581 4.700000 -45.185911
v -14.433870 4.311260 -45.519990
v -14.421020 4.416942 -45.485315
v -14.400321 4.511745 -45.429458
v -14.372809 4.590916 -45.355221
v -14.339866 4.650484 -45.266326
v -14.303143 4.687464 -45.167230
v -14.264481 4.700000 -45.062903
v -15.009807 4.311260 -45.223274
v -14.989032 4.416942 -45.192682
v -14.955566 4.511745 -45.143402
v -14.911088 4.590916 -45.077906
v -14.857828 4.650484 -44.999477
v -14.798457 4.687464 -44.912050
v -14.735951 4.700000 -44.820007
v -15.497999 4.311260 -44.797349
v -15.470506 4.416942 -44.772618
v -15.426220 4.511745 -44.732779
v -15.367360 4.590916 -44.679830
v -15.296879 4.650484 -44.616427
v -15.218310 4.687464 -44.545748
v -15.135593 4.700000 -44.471338
v -15.870074 4.311260 -44.266969
v -15.837462 4.416942 -44.249536
v -15.784928 4.511745 -44.221453
v -15.715108 4.590916 -44.184129
v -15.631501 4.650484 -44.139435
v -15.538300 4.687464 -44.089613
v -15.440180 4.700000 -44.037161
v -16.104410 4.311260 -43.662957
v -16.068573 4.416942 -43.653835
v -16.010845 4.511745 -43.639140
v -15.934121 4.590916 -43.619610
v -15.842248 4.650484 -43.596224
v -15.739833 4.687464 -43.570153
v -15.632011 4.700000 -43.542707
v -15.699937 4.700000 -43.016714
v -16.187386 4.311260 -43.020417
v -16.150408 4.416942 -43.020136
v -16.090841 4.511745 -43.019683
v -16.011672 4.590916 -43.019082
v -15.916872 4.650484 -43.018362
v -15.811194 4.687464 -43.017559
v -15.640010 4.700000 -42.489749
v -16.114182 4.311260 -42.376690
v -16.078211 4.416942 -42.385267
v -16.020266 4.511745 -42.399083
v -15.943254 4.590916 -42.417445
v -15.851036 4.650484 -42.439433
v -15.748237 4.687464 -42.463944
v -15.889051 4.311260 -41.769188
v -15.856177 4.416942 -41.786124
v -15.803223 4.511745 -41.813405
v -15.732843 4.590916 -41.849664
v -15.648567 4.650484 -41.893082
v -15.554620 4.687464 -41.941482
v -15.455714 4.700000 -41.992438
v -15.525077 4.311260 -41.233215
v -15.497211 4.416942 -41.257526
v -15.452325 4.511745 -41.296688
v -15.392667 4.590916 -41.348736
v -15.321231 4.650484 -41.411061
v -15.241597 4.687464 -41.480538
v -15.157759 4.700000 -41.553683
v -15.043412 4.311260 -40.799922
v -15.022175 4.416942 -40.830196
v -14.987965 4.511745 -40.878961
v -14.942497 4.590916 -40.943774
v -14.888051 4.650484 -41.021384
v -14.827358 4.687464 -41.107899
v -14.763461 4.700000 -41.198982
v -14.472050 4.311260 -40.494490
v -14.458675 4.416942 -40.528966
v -14.437129 4.511745 -40.584501
v -14.408493 4.590916 -40.658312
v -14.374203 4.650484 -40.746696
v -14.335978 4.687464 -40.845223
v -14.295736 4.700000 -40.948950
v -13.781765 4.700000 -40.818118
v -13.844197 4.311260 -40.334669
v -13.839461 4.416942 -40.371344
v -13.831831 4.511745 -40.430422
v -13.821691 4.590916 -40.508941
v -13.809550 4.650484 -40.602963
v -13.796014 4.687464 -40.707774
v -13.196339 4.311260 -40.329747
v -13.200518 4.416942 -40.366489
v -13.207249 4.511745 -40.425677
v -13.216194 4.590916 -40.504340
v -13.226906 4.650484 -40.598536
v -13.238847 4.687464 -40.703541
v -13.251419 4.700000 -40.814089
v -12.566130 4.311260 -40.480010
v -12.578980 4.416942 -40.514685
v -12.599679 4.511745 -40.570542
v -12.627191 4.590916 -40.644779
v -12.660134 4.650484 -40.733674
v -12.696857 4.687464 -40.832770
v -12.735519 4.700000 -40.937097
v -11.990193 4.311260 -40.776726
v -12.010968 4.416942 -40.807318
v -12.044434 4.511745 -40.856598
v -12.088912 4.590916 -40.922094
v -12.142172 4.650484 -41.000523
v -12.201543 4.687464 -41.087950
v -12.264049 4.700000 -41.179993
v -11.502001 4.311260 -41.202651
v -11.529494 4.416942 -41.227382
v -11.573780 4.511745 -41.267221
v -11.632640 4.590916 -41.320170
v -11.703121 4.650484 -41.383573
v -11.781690 4.687464 -41.454252
v -11.864407 4.700000 -41.528662
v -11.129926 4.311260 -41.733031
v -11.162538 4.416942 -41.750464
v -11.215072 4.511745 -41.778547
v -11.284892 4.590916 -41.815871
v -11.368499 4.650484 -41.860565
v -11.461700 4.687464 -41.910387
v -11.559820 4.700000 -41.962839
v -10.895590 4.311260 -42.337043
v -10.931427 4.416942 -42.346165
v -10.989155 4.511745 -42.360860
v -11.065879 4.590916 -42.380390
v -11.157752 4.650484 -42.403776
v -11.260167 4.687464 -42.429847
v -11.367989 4.700000 -42.457293
v -12.214818 4.700000 -43.742000
v -13.500000 4.700000 -44.484000
v -12.214818 4.700000 -42.258000
v -14.785182 4.700000 -43.742000
v -13.500000 4.700000 -41.516000
v -14.785182 4.700000 -42.258000
v -12.214818 2.977500 -43.742000
v -13.500000 2.977500 -44.484000
v -12.214818 2.977500 -42.258000
v -13.500000 2.977500 -41.516000
v -14.785182 2.977500 -42.258000
v -14.785182 2.977500 -43.742000
v -13.855391 -4.981841 -41.559183
v -13.854159 -5.114116 -41.558880
v -14.190117 -5.007362 -41.686229
v -14.188389 -5.139490 -41.685322
v -14.483996 -5.032738 -41.889141
v -14.482242 -5.164960 -41.887590
v -14.721120 -5.058258 -42.156719
v -14.719540 -5.190336 -42.154435
v -14.887530 -5.083738 -42.473676
v -14.886388 -5.215836 -42.470676
v -14.973199 -5.109261 -42.821280
v -14.972754 -5.241265 -42.817650
v -14.973240 -5.134635 -43.178376
v -14.973718 -5.266731 -43.174388
v -14.887842 -5.160151 -43.525501
v -14.889411 -5.292108 -43.521339
v -14.721631 -5.185625 -43.842540
v -14.724397 -5.317608 -43.838515
v -14.484728 -5.211063 -44.110210
v -14.488311 -5.343033 -44.107022
v -14.190882 -5.236532 -44.313369
v -14.195558 -5.368496 -44.310898
v -13.856273 -5.262049 -44.440599
v -13.862354 -5.393874 -44.439081
v -13.500929 -5.287520 -44.484000
v -13.507677 -5.419373 -44.483980
v -13.146026 -5.312962 -44.441165
v -13.153013 -5.444820 -44.442863
v -12.811862 -5.338431 -44.314809
v -12.818696 -5.470206 -44.318363
v -12.517017 -5.363953 -44.111755
v -12.523143 -5.495641 -44.117142
v -12.279376 -5.389422 -43.843999
v -12.284308 -5.521143 -43.851088
v -12.112953 -5.414867 -43.527594
v -12.116175 -5.546576 -43.535989
v -12.027055 -5.440336 -43.180798
v -12.028198 -5.572016 -43.189879
v -12.016187 -5.587281 -42.976458
v -12.026620 -5.465863 -42.822778
v -12.034958 -5.602481 -42.763551
v -12.111942 -5.491329 -42.475071
v -12.116134 -5.602497 -42.464118
v -12.277771 -5.516778 -42.158329
v -12.453739 -5.602497 -41.947577
v -12.514371 -5.542245 -41.890589
v -12.808772 -5.567776 -41.686813
v -12.972253 -5.602497 -41.613011
v -13.034162 -5.585239 -41.591011
v -13.272158 -5.602499 -41.533595
v -13.500000 0.939999 -44.168140
v -13.216261 0.914131 -44.133173
v -12.382970 0.805683 -43.341686
v -12.603827 0.700958 -42.250675
v -12.464848 0.723576 -42.458706
v -14.278465 0.531838 -42.129068
v -14.077173 0.554249 -41.984375
v -14.668071 0.444256 -42.987480
v -14.649834 0.461796 -42.793900
v -14.345052 0.362774 -43.806462
v -14.450009 0.377603 -43.679775
v -13.177147 0.247959 -44.122633
v -12.990010 0.229860 -44.050925
v -12.332858 0.107601 -42.952657
v -13.201953 -0.026528 -41.870530
v -13.039339 -0.011008 -41.926556
v -14.460431 -0.155487 -42.335022
v -14.346355 -0.139195 -42.194900
v -14.634579 -0.244706 -43.278208
v -14.665554 -0.226363 -43.077448
v -14.110716 -0.326983 -43.995799
v -14.281923 -0.307672 -43.867847
v -13.630210 -0.373221 -44.160860
v -13.881356 -0.349936 -44.104141
v -12.893175 -0.442607 -43.998161
v -12.452599 -0.502263 -43.517212
v -12.557216 -0.484046 -43.689752
v -12.350500 -0.569534 -42.791980
v -12.393778 -0.585107 -42.624784
v -13.009375 -0.670545 -41.939911
v -12.843639 -0.653372 -42.033669
v -13.893876 -0.752514 -41.900307
v -13.734983 -0.737627 -41.855732
v -14.593073 -0.843874 -42.588066
v -14.507418 -0.825914 -42.408734
v -12.943412 -1.099837 -44.027018
v -13.097466 -1.084596 -44.096575
v -12.650233 -1.133383 -43.801488
v -12.424081 -1.255298 -42.545102
v -12.523105 -1.274296 -42.359458
v -14.500747 -1.487240 -42.397493
v -14.383202 -1.469153 -42.235440
v -14.621413 -1.574298 -43.327032
v -14.659023 -1.557608 -43.145900
v -13.640446 -1.697291 -44.159624
v -13.536924 -1.706667 -44.167598
v -13.074452 1.083625 -44.311464
v -13.106956 0.995259 -44.211295
v -12.947962 0.888110 -44.029438
v -12.589138 1.040617 -44.035065
v -12.596224 0.846731 -43.740057
v -12.658710 0.952250 -43.956007
v -12.719012 0.862806 -43.868753
v -12.253281 0.997608 -43.588829
v -12.348505 0.909242 -43.543855
v -12.447270 0.821666 -43.506404
v -12.121989 0.954600 -43.045977
v -12.227241 0.866234 -43.042465
v -12.333246 0.779628 -43.058041
v -12.337576 0.763954 -42.884669
v -12.216805 0.911592 -42.495580
v -12.314815 0.823225 -42.534108
v -12.398186 0.738667 -42.611806
v -12.798415 0.676681 -42.066049
v -12.522171 0.868583 -42.027950
v -12.596858 0.780217 -42.102195
v -12.987983 0.825575 -41.719817
v -13.027091 0.737209 -41.817597
v -13.292634 0.627568 -41.850456
v -13.032782 0.652136 -41.929324
v -13.537808 0.782567 -41.621740
v -13.830856 0.578471 -41.879725
v -13.534920 0.694200 -41.727012
v -13.563661 0.603001 -41.833557
v -14.081429 0.739558 -41.749812
v -14.037020 0.651192 -41.845301
v -14.529648 0.696550 -42.083019
v -14.451003 0.608184 -42.153058
v -14.431119 0.511472 -42.294542
v -14.539306 0.493098 -42.466755
v -14.808919 0.653542 -42.566686
v -14.708944 0.565175 -42.599783
v -14.609490 0.476685 -42.634340
v -14.617369 0.411907 -43.340588
v -14.873418 0.610533 -43.121453
v -14.768517 0.522167 -43.112176
v -14.654784 0.427103 -43.176517
v -14.712564 0.567525 -43.656291
v -14.619948 0.479159 -43.606164
v -14.546876 0.394640 -43.518360
v -14.352748 0.524517 -44.083444
v -14.287615 0.436150 -44.000690
v -14.204180 0.345695 -43.932095
v -14.045107 0.328672 -44.033130
v -13.853011 0.481508 -44.332821
v -13.826048 0.393142 -44.231021
v -13.895512 0.313917 -44.099153
v -13.706855 0.296243 -44.149701
v -13.511814 0.278567 -44.168046
v -13.295350 0.438500 -44.363506
v -13.310982 0.350134 -44.259361
v -13.336808 0.262706 -44.156728
v -12.771270 0.395492 -44.170462
v -12.826930 0.307125 -44.081062
v -12.810718 0.210938 -43.943107
v -12.662596 0.193219 -43.814383
v -12.446377 0.158946 -43.504324
v -12.366761 0.352483 -43.785365
v -12.453318 0.264117 -43.725379
v -12.541698 0.176061 -43.667982
v -12.148198 0.309475 -43.271404
v -12.251448 0.221109 -43.250674
v -12.378594 0.141798 -43.327067
v -12.340538 0.124728 -43.142049
v -12.408759 0.073411 -42.583270
v -12.151442 0.266467 -42.712910
v -12.254445 0.178100 -42.734837
v -12.355755 0.090511 -42.764927
v -12.375962 0.223458 -42.201522
v -12.461816 0.135092 -42.262509
v -12.732746 0.021815 -42.119211
v -12.490687 0.056252 -42.411958
v -12.599059 0.039125 -42.256474
v -12.784917 0.180450 -41.821151
v -12.839535 0.092084 -41.911191
v -12.896952 0.003460 -41.999526
v -13.311205 0.137442 -41.634209
v -13.551959 -0.058438 -41.833053
v -13.325625 0.049075 -41.738528
v -13.384445 -0.043291 -41.837561
v -13.868471 0.094433 -41.671370
v -13.840327 0.006067 -41.772850
v -14.065531 -0.107013 -41.977897
v -13.719701 -0.073671 -41.852679
v -13.900866 -0.090680 -41.902783
v -14.365277 0.051425 -41.926536
v -14.299188 -0.036941 -42.008527
v -14.219490 -0.123689 -42.079667
v -14.720106 0.008417 -42.357840
v -14.627309 -0.191389 -42.693860
v -14.626915 -0.079950 -42.406888
v -14.563810 -0.174465 -42.517382
v -14.874737 -0.034592 -42.894511
v -14.769735 -0.122958 -42.902568
v -14.664085 -0.210510 -42.902046
v -14.803796 -0.077600 -43.448491
v -14.505390 -0.275683 -43.594749
v -14.704213 -0.165966 -43.414236
v -14.584455 -0.259536 -43.434255
v -14.518925 -0.120608 -43.928882
v -14.441100 -0.208975 -43.857934
v -14.396380 -0.292768 -43.749118
v -14.066866 -0.163617 -44.256858
v -14.023568 -0.251983 -44.160860
v -13.372783 -0.396507 -44.161174
v -13.521793 -0.206625 -44.378606
v -13.520129 -0.294991 -44.273308
v -12.973145 -0.249633 -44.274148
v -13.013386 -0.338000 -44.176829
v -13.121487 -0.419792 -44.105138
v -12.510944 -0.292642 -43.960624
v -12.586488 -0.381008 -43.887252
v -12.703700 -0.464083 -43.854708
v -12.346527 -0.533923 -43.184491
v -12.211031 -0.335650 -43.489478
v -12.309482 -0.424016 -43.452092
v -12.384576 -0.518829 -43.347155
v -12.122616 -0.378658 -42.938017
v -12.227820 -0.467025 -42.942751
v -12.331887 -0.551765 -42.987419
v -12.260206 -0.421667 -42.396726
v -12.580252 -0.620683 -42.279883
v -12.354901 -0.510033 -42.442804
v -12.473116 -0.603053 -42.443041
v -12.601225 -0.464675 -41.954423
v -12.669873 -0.553041 -42.034284
v -12.691621 -0.635672 -42.156708
v -13.089717 -0.507683 -41.683680
v -13.360226 -0.703617 -41.840281
v -13.121055 -0.596050 -41.784221
v -13.164698 -0.685576 -41.880969
v -13.645530 -0.550692 -41.628924
v -13.634415 -0.639058 -41.733646
v -13.556926 -0.721399 -41.833226
v -14.177464 -0.593700 -41.799137
v -14.251374 -0.789927 -42.105631
v -14.125720 -0.682066 -41.890859
v -14.077590 -0.770797 -41.984616
v -14.598238 -0.636708 -42.166392
v -14.514355 -0.725075 -42.230063
v -14.392913 -0.807993 -42.246847
v -14.838810 -0.679717 -42.670427
v -14.736552 -0.768083 -42.695600
v -14.646926 -0.861752 -42.778409
v -14.667842 -0.879666 -42.975530
v -14.609413 -0.915442 -43.365618
v -14.859705 -0.722725 -43.228540
v -14.755851 -0.811091 -43.211084
v -14.655245 -0.897558 -43.173105
v -14.287829 -0.969445 -43.862442
v -14.657497 -0.765733 -43.749153
v -14.569087 -0.854100 -43.691933
v -14.531452 -0.933390 -43.548285
v -14.423914 -0.951303 -43.714774
v -14.265362 -0.808742 -44.146843
v -13.975939 -1.003252 -44.066746
v -14.206904 -0.897108 -44.059248
v -14.118241 -0.988684 -43.991150
v -13.747645 -0.851750 -44.356356
v -13.728730 -0.940116 -44.252758
v -13.804116 -1.019710 -44.127882
v -13.609015 -1.037642 -44.163050
v -13.437169 -1.053160 -44.166421
v -13.189294 -0.894758 -44.343313
v -13.213026 -0.983125 -44.240711
v -13.256649 -1.069604 -44.142553
v -12.681924 -0.937767 -44.109856
v -12.744408 -1.026133 -44.025086
v -12.781131 -1.117379 -43.920802
v -12.308786 -0.980775 -43.694290
v -12.399771 -1.069141 -43.641261
v -12.529794 -1.150804 -43.650678
v -12.446796 -1.165957 -43.505310
v -12.379194 -1.182973 -43.329176
v -12.131107 -1.023783 -43.164804
v -12.334113 -1.219630 -42.927782
v -12.235663 -1.112150 -43.152216
v -12.337031 -1.203150 -43.110267
v -12.178039 -1.066792 -42.608275
v -12.279010 -1.155158 -42.638195
v -12.368965 -1.239776 -42.707688
v -12.441883 -1.109800 -42.116022
v -12.522701 -1.198166 -42.183540
v -12.620598 -1.288882 -42.231038
v -12.744392 -1.304565 -42.109186
v -12.879345 -1.152808 -41.768815
v -13.207238 -1.352038 -41.869185
v -12.926751 -1.241175 -41.862853
v -12.883958 -1.320167 -42.007474
v -13.025798 -1.334676 -41.932408
v -13.418647 -1.195817 -41.623624
v -13.637481 -1.391189 -41.840018
v -13.424860 -1.284183 -41.728751
v -13.420872 -1.371602 -41.834499
v -14.049154 -1.430356 -41.969020
v -13.971297 -1.238825 -41.704273
v -13.935299 -1.327191 -41.803240
v -13.849395 -1.410776 -41.885303
v -14.446615 -1.281833 -41.997529
v -14.374313 -1.370200 -42.074097
v -14.229927 -1.449916 -42.087981
v -14.766610 -1.324842 -42.455273
v -14.636404 -1.519757 -42.729500
v -14.669867 -1.413208 -42.496879
v -14.584069 -1.504122 -42.564705
v -14.878776 -1.367850 -43.002397
v -14.773465 -1.456216 -43.002214
v -14.666449 -1.538657 -42.936684
v -14.764708 -1.410858 -43.549129
v -14.668110 -1.499225 -43.507186
v -14.472545 -1.606306 -43.647073
v -14.565538 -1.588926 -43.478870
v -14.443123 -1.453867 -44.005757
v -14.084767 -1.654729 -44.011206
v -14.371088 -1.542233 -43.928938
v -14.358637 -1.622937 -43.792043
v -14.241180 -1.637561 -43.902958
v -13.966788 -1.496875 -44.297358
v -13.742869 -1.687917 -44.142588
v -13.931135 -1.585241 -44.198266
v -13.917793 -1.671435 -44.090909
v -13.106956 0.818574 -44.211295
v -13.074452 0.730208 -44.311464
v -12.658709 0.775566 -43.956007
v -12.589138 0.687200 -44.035065
v -12.348505 0.732558 -43.543855
v -12.253281 0.644192 -43.588829
v -12.227241 0.689549 -43.042465
v -12.121989 0.601183 -43.045977
v -12.314815 0.646541 -42.534108
v -12.216805 0.558175 -42.495580
v -12.596858 0.603533 -42.102195
v -12.522171 0.515167 -42.027950
v -13.027091 0.560524 -41.817597
v -12.987983 0.472158 -41.719817
v -13.534920 0.517516 -41.727011
v -13.537808 0.429150 -41.621740
v -14.037020 0.474508 -41.845301
v -14.081429 0.386142 -41.749812
v -14.451004 0.431499 -42.153057
v -14.529648 0.343133 -42.083019
v -14.708944 0.388491 -42.599783
v -14.808919 0.300125 -42.566686
v -14.768517 0.345483 -43.112176
v -14.873419 0.257117 -43.121453
v -14.619948 0.302474 -43.606164
v -14.712564 0.214108 -43.656291
v -14.287615 0.259466 -44.000691
v -14.352748 0.171100 -44.083444
v -13.826048 0.216458 -44.231021
v -13.853011 0.128092 -44.332821
v -13.310982 0.173449 -44.259361
v -13.295350 0.085083 -44.363506
v -12.826930 0.130441 -44.081062
v -12.771270 0.042075 -44.170462
v -12.453318 0.087433 -43.725380
v -12.366761 -0.000933 -43.785366
v -12.251448 0.044424 -43.250674
v -12.148198 -0.043942 -43.271404
v -12.254445 0.001416 -42.734837
v -12.151442 -0.086950 -42.712910
v -12.461816 -0.041592 -42.262509
v -12.375962 -0.129958 -42.201522
v -12.839535 -0.084601 -41.911191
v -12.784917 -0.172967 -41.821151
v -13.325625 -0.127609 -41.738528
v -13.311205 -0.215975 -41.634209
v -13.840327 -0.170617 -41.772850
v -13.868471 -0.258983 -41.671370
v -14.299188 -0.213626 -42.008527
v -14.365277 -0.301992 -41.926536
v -14.626915 -0.256634 -42.406888
v -14.720106 -0.345000 -42.357840
v -14.769735 -0.299642 -42.902568
v -14.874737 -0.388008 -42.894511
v -14.704213 -0.342651 -43.414236
v -14.803796 -0.431017 -43.448491
v -14.441100 -0.385659 -43.857934
v -14.518925 -0.474025 -43.928882
v -14.023569 -0.428667 -44.160860
v -14.066866 -0.517033 -44.256858
v -13.520129 -0.471676 -44.273308
v -13.521793 -0.560042 -44.378606
v -13.013386 -0.514684 -44.176829
v -12.973145 -0.603050 -44.274148
v -12.586488 -0.557692 -43.887252
v -12.510944 -0.646058 -43.960624
v -12.309482 -0.600701 -43.452092
v -12.211031 -0.689067 -43.489478
v -12.227820 -0.643709 -42.942751
v -12.122616 -0.732075 -42.938017
v -12.354901 -0.686717 -42.442804
v -12.260206 -0.775083 -42.396726
v -12.669873 -0.729726 -42.034284
v -12.601225 -0.818092 -41.954423
v -13.121055 -0.772734 -41.784221
v -13.089717 -0.861100 -41.683680
v -13.634415 -0.815742 -41.733646
v -13.645530 -0.904108 -41.628924
v -14.125720 -0.858751 -41.890859
v -14.177464 -0.947117 -41.799137
v -14.514355 -0.901759 -42.230063
v -14.598238 -0.990125 -42.166392
v -14.736552 -0.944767 -42.695600
v -14.838810 -1.033133 -42.670427
v -14.755851 -0.987776 -43.211084
v -14.859705 -1.076142 -43.228540
v -14.569087 -1.030784 -43.691933
v -14.657497 -1.119150 -43.749153
v -14.206904 -1.073792 -44.059248
v -14.265362 -1.162158 -44.146843
v -13.728730 -1.116801 -44.252758
v -13.747645 -1.205167 -44.356356
v -13.213025 -1.159809 -44.240711
v -13.189294 -1.248175 -44.343313
v -12.744408 -1.202817 -44.025086
v -12.681924 -1.291183 -44.109856
v -12.399771 -1.245826 -43.641261
v -12.308786 -1.334192 -43.694291
v -12.235662 -1.288834 -43.152216
v -12.131107 -1.377200 -43.164804
v -12.279010 -1.331842 -42.638195
v -12.178039 -1.420208 -42.608275
v -12.522701 -1.374851 -42.183540
v -12.441883 -1.463217 -42.116022
v -12.926751 -1.417859 -41.862852
v -12.879345 -1.506225 -41.768815
v -13.424860 -1.460867 -41.728751
v -13.418647 -1.549233 -41.623624
v -13.935299 -1.503876 -41.803240
v -13.971297 -1.592242 -41.704273
v -14.374313 -1.546884 -42.074097
v -14.446615 -1.635250 -41.997529
v -14.669867 -1.589892 -42.496879
v -14.766610 -1.678258 -42.455273
v -14.773466 -1.632901 -43.002214
v -14.878776 -1.721267 -43.002397
v -14.668110 -1.675909 -43.507186
v -14.764708 -1.764275 -43.549129
v -14.371088 -1.718917 -43.928938
v -14.443123 -1.807283 -44.005757
v -13.931135 -1.761926 -44.198266
v -13.966788 -1.850292 -44.297358
v -12.394328 -1.840983 -43.376823
v -12.580590 -1.945709 -42.279376
v -12.448255 -1.923091 -42.491696
v -13.256402 -2.019099 -41.857585
v -14.250547 -2.114828 -42.104897
v -14.667092 -2.202411 -42.950565
v -14.642745 -2.184871 -42.757659
v -14.370120 -2.283892 -43.779349
v -14.471021 -2.269063 -43.649407
v -13.023482 -2.416807 -44.066520
v -13.212792 -2.398708 -44.132277
v -13.005640 -2.657674 -41.941653
v -13.166402 -2.673195 -41.880515
v -14.320484 -2.785862 -42.168550
v -14.438933 -2.802153 -42.304996
v -14.642806 -2.891373 -43.242206
v -14.667420 -2.873029 -43.040568
v -14.523687 -2.922350 -43.562672
v -14.141887 -2.973650 -43.975997
v -14.308963 -2.954339 -43.842698
v -13.666838 -3.019888 -44.156164
v -13.916066 -2.996602 -44.091535
v -12.469471 -3.148930 -43.550061
v -12.579489 -3.130712 -43.719207
v -12.382470 -3.231774 -42.659937
v -12.344499 -3.216200 -42.828418
v -12.976112 -3.317212 -41.955949
v -12.813423 -3.300039 -42.054898
v -13.323639 -3.350283 -41.845279
v -13.858920 -3.399181 -41.888406
v -13.698697 -3.384294 -41.848877
v -14.579506 -3.490540 -42.553721
v -14.488226 -3.472581 -42.377186
v -14.548267 -3.580057 -43.515408
v -14.620415 -3.562109 -43.330369
v -14.314696 -3.616111 -43.837109
v -12.976153 -3.746503 -44.044097
v -13.132328 -3.731262 -44.108750
v -12.503346 -3.920963 -42.390657
v -12.410239 -3.901965 -42.579338
v -13.600746 -4.037856 -41.836252
v -14.481202 -4.133907 -42.366161
v -14.358594 -4.115820 -42.207905
v -14.627286 -4.166424 -42.693715
v -14.631190 -4.220965 -43.291422
v -14.663055 -4.204275 -43.109192
v -13.677030 -4.343958 -44.154605
v -13.778863 -4.334584 -44.134340
v -13.573811 -4.353333 -44.165839
v -13.145437 -1.828097 -44.223118
v -13.252220 -1.732536 -44.141575
v -12.980777 -1.758556 -44.046373
v -13.116115 -1.916467 -44.324270
v -12.746862 -1.783860 -43.893005
v -12.689344 -1.871105 -43.982125
v -12.620067 -1.799935 -43.768254
v -12.622303 -1.959476 -44.063347
v -12.463803 -1.825001 -43.539426
v -12.366266 -1.914113 -43.579982
v -12.272506 -2.002484 -43.627947
v -12.335664 -1.867039 -43.094891
v -12.229214 -1.957122 -43.082674
v -12.334512 -1.882712 -42.921469
v -12.124120 -2.045492 -43.089511
v -12.386466 -1.907999 -42.646827
v -12.300676 -2.000130 -42.571800
v -12.201492 -2.088501 -42.536388
v -12.568927 -2.043138 -42.131187
v -12.769244 -1.969985 -42.088692
v -12.491927 -2.131509 -42.059336
v -12.989951 -2.086147 -41.833131
v -12.999173 -1.994531 -41.944627
v -12.947770 -2.174517 -41.736631
v -13.494666 -2.129155 -41.726538
v -13.526759 -2.043666 -41.832127
v -13.795280 -2.068195 -41.869827
v -13.494225 -2.217526 -41.621223
v -14.044782 -2.092417 -41.966639
v -14.000255 -2.172163 -41.828899
v -14.041627 -2.260534 -41.732049
v -14.408356 -2.135195 -42.265463
v -14.423762 -2.215172 -42.123417
v -14.521932 -2.153569 -42.434171
v -14.500157 -2.303542 -42.050924
v -14.597378 -2.169982 -42.599453
v -14.695695 -2.258180 -42.561768
v -14.794579 -2.346551 -42.525526
v -14.659787 -2.219564 -43.139928
v -14.771434 -2.301188 -43.072025
v -14.627576 -2.234760 -43.305099
v -14.876582 -2.389559 -43.077982
v -14.562737 -2.252027 -43.485010
v -14.638553 -2.344197 -43.570464
v -14.732712 -2.432567 -43.617641
v -14.233290 -2.300971 -43.909372
v -14.318855 -2.387205 -43.975300
v -14.077490 -2.317995 -44.015384
v -14.386574 -2.475576 -44.055957
v -13.930056 -2.332750 -44.086102
v -13.864797 -2.430213 -44.220105
v -13.743091 -2.350424 -44.142588
v -13.548728 -2.368100 -44.167089
v -13.894966 -2.518584 -44.321008
v -13.373452 -2.383960 -44.161309
v -13.350882 -2.473222 -44.264712
v -13.338549 -2.561592 -44.369304
v -12.840872 -2.435729 -43.964423
v -12.861434 -2.516230 -44.101802
v -12.688755 -2.453448 -43.840445
v -12.808625 -2.604601 -44.192920
v -12.563290 -2.470606 -43.697938
v -12.476764 -2.559238 -43.758104
v -12.462844 -2.487721 -43.537375
v -12.392143 -2.647609 -43.820799
v -12.259990 -2.602247 -43.290015
v -12.331945 -2.539066 -42.989572
v -12.389492 -2.504869 -43.362349
v -12.345607 -2.521939 -43.178626
v -12.157441 -2.690617 -43.313999
v -12.348897 -2.556156 -42.801212
v -12.246680 -2.645255 -42.774339
v -12.396132 -2.573256 -42.617971
v -12.143031 -2.733626 -42.755677
v -12.439019 -2.688263 -42.295690
v -12.472605 -2.590415 -42.444155
v -12.576008 -2.607542 -42.285323
v -12.705289 -2.624851 -42.143903
v -12.351276 -2.776634 -42.237444
v -12.805447 -2.731272 -41.932607
v -12.865630 -2.643207 -42.019087
v -12.748007 -2.819642 -41.844333
v -13.285838 -2.774280 -41.744664
v -13.515048 -2.705105 -41.831994
v -13.347760 -2.689957 -41.841794
v -13.268127 -2.862651 -41.640848
v -13.683327 -2.720338 -41.846308
v -13.801371 -2.817288 -41.762701
v -13.865984 -2.737347 -41.890661
v -14.032941 -2.753680 -41.960532
v -13.826294 -2.905659 -41.660377
v -14.267453 -2.860297 -41.983757
v -14.190040 -2.770356 -42.057384
v -14.330921 -2.948667 -41.899714
v -14.548024 -2.821132 -42.483998
v -14.607609 -2.903305 -42.371562
v -14.617069 -2.838056 -42.658381
v -14.699209 -2.991676 -42.319590
v -14.660407 -2.857177 -42.865300
v -14.766026 -2.946313 -42.862482
v -14.870726 -3.034684 -42.851110
v -14.597639 -2.906202 -43.399760
v -14.716709 -2.989322 -43.375967
v -14.817331 -3.077692 -43.407060
v -14.419611 -2.939434 -43.720410
v -14.467751 -3.032330 -43.827762
v -14.547784 -3.120701 -43.896218
v -14.060002 -3.075338 -44.143735
v -14.106314 -3.163709 -44.238322
v -13.560366 -3.118347 -44.272041
v -13.409550 -3.043174 -44.164615
v -13.565358 -3.206717 -44.377239
v -13.050825 -3.161355 -44.191627
v -13.156608 -3.066459 -44.116550
v -12.925028 -3.089273 -44.016843
v -13.013678 -3.249726 -44.290174
v -12.731114 -3.110750 -43.879451
v -12.614985 -3.204363 -43.915687
v -12.541795 -3.292734 -43.991414
v -12.324362 -3.247372 -43.489498
v -12.396107 -3.165496 -43.382239
v -12.352935 -3.180590 -43.220859
v -12.227137 -3.335742 -43.529979
v -12.226641 -3.290380 -42.982991
v -12.332073 -3.198431 -43.024347
v -12.121334 -3.378751 -42.981584
v -12.337856 -3.333388 -42.479275
v -12.557950 -3.267349 -42.309315
v -12.456024 -3.249720 -42.475777
v -12.241747 -3.421759 -42.436211
v -12.665370 -3.282339 -42.182680
v -12.639759 -3.376397 -42.061001
v -12.568618 -3.464767 -41.983346
v -13.082813 -3.419405 -41.796801
v -13.129495 -3.332242 -41.892126
v -13.048312 -3.507776 -41.697296
v -13.594321 -3.462413 -41.730025
v -13.520018 -3.368066 -41.832010
v -13.602121 -3.550784 -41.624998
v -14.222729 -3.436594 -42.082328
v -14.090352 -3.505422 -41.871630
v -14.045207 -3.417464 -41.966867
v -14.139174 -3.593792 -41.778314
v -14.368661 -3.454660 -42.219000
v -14.489516 -3.548430 -42.198382
v -14.571349 -3.636801 -42.132088
v -14.639349 -3.508419 -42.742267
v -14.726317 -3.591438 -42.656666
v -14.666485 -3.526332 -42.938628
v -14.827734 -3.679809 -42.628272
v -14.660139 -3.544224 -43.136503
v -14.761901 -3.634447 -43.171284
v -14.866260 -3.722817 -43.185450
v -14.446045 -3.597970 -43.685214
v -14.590429 -3.677455 -43.657798
v -14.680607 -3.765826 -43.712198
v -14.149261 -3.635351 -43.971113
v -14.240035 -3.720463 -44.036379
v -14.009419 -3.649919 -44.051169
v -14.301236 -3.808834 -44.122087
v -13.839615 -3.666377 -44.117706
v -13.768215 -3.763472 -44.244907
v -13.645723 -3.684308 -44.159023
v -13.474069 -3.699826 -44.167824
v -13.790396 -3.851842 -44.347861
v -13.292885 -3.716271 -44.149674
v -13.252385 -3.806480 -44.249168
v -13.231907 -3.894851 -44.352474
v -12.810595 -3.764045 -43.943064
v -12.777184 -3.849488 -44.048461
v -12.675991 -3.780050 -43.827948
v -12.717407 -3.937859 -44.135168
v -12.550846 -3.797470 -43.681020
v -12.420585 -3.892497 -43.675720
v -12.463294 -3.812623 -43.538348
v -12.390159 -3.829640 -43.364439
v -12.331318 -3.980867 -43.731601
v -12.341097 -3.849817 -43.146971
v -12.241100 -3.935505 -43.192104
v -12.332413 -3.866296 -42.964670
v -12.136989 -4.023876 -43.207991
v -12.360290 -3.886442 -42.743584
v -12.268179 -3.978513 -42.676968
v -12.166307 -4.066884 -42.650253
v -12.596731 -3.935549 -42.259219
v -12.497379 -4.021522 -42.214836
v -12.716612 -3.951232 -42.133515
v -12.414462 -4.109892 -42.149903
v -12.852894 -3.966834 -42.027442
v -12.891091 -4.064530 -41.881535
v -12.992289 -3.981343 -41.947930
v -13.171641 -3.998705 -41.879004
v -12.840735 -4.152901 -41.789038
v -13.384072 -4.018269 -41.837582
v -13.384716 -4.107538 -41.731756
v -13.375182 -4.195909 -41.626872
v -13.897256 -4.150547 -41.790074
v -14.016292 -4.077023 -41.952177
v -13.813986 -4.057443 -41.874816
v -13.930109 -4.238917 -41.690013
v -14.344614 -4.193555 -42.046920
v -14.200734 -4.096582 -42.065364
v -14.414463 -4.281926 -41.968101
v -14.653384 -4.236563 -42.460151
v -14.569768 -4.150789 -42.530657
v -14.748769 -4.324934 -42.415505
v -14.772905 -4.279572 -42.961961
v -14.663865 -4.185323 -42.899846
v -14.878174 -4.367942 -42.958815
v -14.580142 -4.235593 -43.444951
v -14.683563 -4.322580 -43.470013
v -14.492512 -4.252973 -43.616009
v -14.781443 -4.410951 -43.508883
v -14.400019 -4.365588 -43.900944
v -14.383244 -4.269604 -43.764507
v -14.269351 -4.284227 -43.879079
v -14.116438 -4.301395 -43.992217
v -14.474450 -4.453959 -43.975452
v -13.952066 -4.318102 -44.077158
v -13.968797 -4.408597 -44.184045
v -14.007566 -4.496967 -44.281966
v -12.512861 -4.466142 -43.624569
v -12.665303 -4.443940 -43.817049
v -12.343697 -4.510646 -43.165356
v -12.404007 -4.488391 -43.403981
v -12.417018 -4.566132 -42.562237
v -12.361097 -4.549297 -42.740379
v -12.727602 -4.615031 -42.123641
v -12.598546 -4.598292 -42.257270
v -13.693044 -4.708755 -41.848037
v -13.495444 -4.690841 -41.831922
v -14.193090 -4.758241 -42.059828
v -14.053722 -4.743355 -41.971448
v -14.554238 -4.809944 -42.497142
v -14.453878 -4.792037 -42.325707
v -14.667208 -4.861065 -43.046981
v -14.659217 -4.843875 -42.856351
v -14.571061 -4.900145 -43.465977
v -14.468508 -4.919423 -43.653005
v -14.022541 -4.973599 -44.044732
v -14.182687 -4.956694 -43.947749
v -13.485370 -5.023819 -44.168004
v -13.690432 -5.005263 -44.152474
v -13.034792 -5.065636 -44.071574
v -13.265606 -5.043804 -44.144341
v -12.663653 -5.106654 -43.815346
v -12.345534 -5.172016 -43.177739
v -12.406570 -5.150229 -43.410852
v -12.354791 -5.209088 -42.769687
v -12.403293 -5.225173 -42.597946
v -12.714045 -5.275882 -42.135654
v -12.585681 -5.258945 -42.273164
v -13.075175 -5.314487 -41.911969
v -13.613494 -5.364012 -41.837516
v -13.500000 -5.611402 -41.524905
v -13.442639 -5.348572 -41.833286
v -13.781936 -5.379451 -41.866426
v -13.693758 -5.619020 -41.545374
v -13.883031 -5.626583 -41.591229
v -14.270594 -5.429713 -42.122133
v -14.319803 -5.646136 -41.815694
v -14.104653 -5.411166 -42.000520
v -14.592820 -5.481254 -42.587280
v -14.803164 -5.679281 -42.468918
v -14.508858 -5.463687 -42.411386
v -14.685667 -5.668174 -42.221611
v -14.667844 -5.521398 -43.022739
v -14.654735 -5.503408 -42.823792
v -14.479565 -5.580113 -43.636288
v -14.749782 -5.724843 -43.540424
v -14.579145 -5.560779 -43.446946
v -14.205523 -5.616640 -43.930899
v -14.349270 -5.599191 -43.802121
v -14.060732 -5.632205 -44.024706
v -14.086176 -5.765132 -44.184240
v -13.697521 -5.667093 -44.151209
v -13.877925 -5.650312 -44.105395
v -13.500003 -5.791485 -44.295012
v -13.490902 -5.685805 -44.168085
v -13.205109 -5.804823 -44.247318
v -13.241706 -5.708510 -44.139168
v -13.060893 -5.725579 -44.082496
v -12.834341 -5.748919 -43.959989
v -12.688586 -5.831821 -43.956985
v -12.683580 -5.766608 -43.835307
v -12.545489 -5.785845 -43.673331
v -12.439179 -5.805077 -43.489081
v -12.368276 -5.824272 -43.288891
v -12.298527 -5.873702 -43.165286
v -12.334691 -5.843221 -43.082099
v -12.336028 -5.859743 -42.899763
v -12.367587 -5.876724 -42.713823
v -12.376871 -5.900332 -42.618465
v -12.420541 -5.891968 -42.553613
v -12.484401 -5.905113 -42.422877
v -12.564372 -5.918313 -42.300539
v -13.289592 -4.379098 -44.149012
v -13.344636 -4.461268 -44.263991
v -13.031770 -4.403447 -44.070199
v -13.331784 -4.549662 -44.368548
v -12.776016 -4.512130 -44.047692
v -12.810675 -4.426528 -43.943176
v -12.716129 -4.600524 -44.134357
v -12.372617 -4.562992 -43.592300
v -12.279361 -4.651385 -43.641294
v -12.333799 -4.531936 -42.930605
v -12.226497 -4.613854 -43.001739
v -12.121154 -4.702247 -43.001882
v -12.499101 -4.582761 -42.397703
v -12.371004 -4.664716 -42.410781
v -12.277614 -4.753109 -42.362041
v -12.773158 -4.715577 -41.954288
v -12.919434 -4.636401 -41.986357
v -13.095537 -4.653947 -41.904221
v -12.713034 -4.803971 -41.867788
v -13.341185 -4.766439 -41.736438
v -13.327582 -4.675623 -41.844602
v -13.328048 -4.854833 -41.631917
v -13.884766 -4.726641 -41.897002
v -13.945455 -4.817301 -41.806944
v -13.982302 -4.905695 -41.708256
v -14.448068 -4.868163 -42.149718
v -14.336186 -4.775388 -42.184261
v -14.526491 -4.956556 -42.079383
v -14.734322 -4.919025 -42.686534
v -14.628785 -4.829398 -42.699213
v -14.836424 -5.007418 -42.660604
v -14.738892 -4.969887 -43.294886
v -14.632975 -4.882825 -43.284722
v -14.841372 -5.058280 -43.319279
v -14.460735 -5.020748 -43.835943
v -14.334787 -4.938570 -43.817159
v -14.540206 -5.109142 -43.905091
v -13.868780 -4.988689 -44.108556
v -13.963329 -5.071610 -44.186229
v -14.001655 -5.160004 -44.284353
v -13.360186 -5.122472 -44.265806
v -13.348621 -5.210865 -44.370512
v -12.811114 -5.088989 -43.943465
v -12.788951 -5.173334 -44.056514
v -12.730133 -5.261727 -44.143907
v -12.379983 -5.224196 -43.606115
v -12.514042 -5.128441 -43.626454
v -12.287337 -5.312589 -43.656252
v -12.226615 -5.275058 -43.017394
v -12.332702 -5.192553 -42.951489
v -12.121282 -5.363451 -43.018833
v -12.481291 -5.242042 -42.428379
v -12.363845 -5.325919 -42.424705
v -12.269864 -5.414313 -42.377117
v -12.895177 -5.296362 -42.000621
v -12.760357 -5.376781 -41.963303
v -12.699175 -5.465175 -41.877548
v -13.280908 -5.333850 -41.852556
v -13.325663 -5.427643 -41.738485
v -13.311242 -5.516036 -41.634134
v -13.938110 -5.394313 -41.917020
v -13.930754 -5.478505 -41.801558
v -14.069563 -5.634458 -41.664296
v -13.966386 -5.566898 -41.702424
v -14.406060 -5.447371 -42.262684
v -14.437543 -5.529367 -42.138127
v -14.523385 -5.657132 -42.002067
v -14.515096 -5.617760 -42.066834
v -14.730375 -5.580229 -42.671384
v -14.634232 -5.544856 -43.279587
v -14.742424 -5.631090 -43.279634
v -14.844252 -5.713203 -43.280900
v -14.470939 -5.681952 -43.824069
v -13.977877 -5.732814 -44.180443
v -12.779518 -5.999999 -42.186744
v -12.605829 -5.999999 -42.382798
v -12.458043 -5.909266 -42.452096
v -12.484106 -5.999999 -42.614722
v -12.307713 -5.887587 -42.874033
v -12.190480 -5.707108 -42.566533
v -12.484106 -5.999999 -43.385278
v -12.362110 -5.859566 -43.458831
v -12.605829 -5.999999 -43.617202
v -13.378627 -5.867499 -41.787058
v -13.500000 -5.743903 -41.657405
v -13.500000 -5.876404 -41.789906
v -13.500000 -5.999999 -41.913501
v -13.239984 -5.999999 -41.945073
v -13.258460 -5.867499 -41.805171
v -13.365434 -5.734998 -41.655216
v -13.140694 -5.867499 -41.835158
v -13.232206 -5.734998 -41.675297
v -13.026498 -5.867499 -41.876721
v -13.101638 -5.734998 -41.708544
v -12.917009 -5.867499 -41.929449
v -12.975031 -5.734998 -41.754625
v -12.813313 -5.867499 -41.992816
v -12.853640 -5.734998 -41.813084
v -12.695414 -5.602497 -41.753045
v -12.716442 -5.867499 -42.066192
v -12.738673 -5.734998 -41.883339
v -12.627359 -5.867499 -42.148850
v -12.631273 -5.734998 -41.964691
v -12.546948 -5.867499 -42.239966
v -12.370508 -5.812639 -42.410991
v -12.532506 -5.734998 -42.056333
v -12.443355 -5.734998 -42.157354
v -12.257791 -5.602497 -42.188105
v -12.364705 -5.734998 -42.266749
v -12.297339 -5.734998 -42.383431
v -12.510248 -5.867499 -43.711583
v -12.495204 -5.845578 -43.728151
v -12.586017 -5.867499 -43.806595
v -12.670870 -5.867499 -43.893590
v -12.763963 -5.867499 -43.971704
v -12.995079 -5.999999 -43.962047
v -12.864371 -5.867499 -44.040161
v -12.929637 -5.818253 -44.132763
v -12.971096 -5.867499 -44.098280
v -13.083078 -5.867499 -44.145485
v -13.239984 -5.999999 -44.054927
v -13.199203 -5.867499 -44.181304
v -13.318318 -5.867499 -44.205384
v -13.439238 -5.867499 -44.217484
v -13.560762 -5.867499 -44.217484
v -13.681682 -5.867499 -44.205384
v -13.760016 -5.999999 -44.054927
v -13.799752 -5.778262 -44.273430
v -13.800797 -5.867499 -44.181304
v -13.916922 -5.867499 -44.145485
v -14.004921 -5.999999 -43.962047
v -14.028904 -5.867499 -44.098280
v -14.135629 -5.867499 -44.040161
v -14.349968 -5.751922 -44.028926
v -14.236037 -5.867499 -43.971704
v -14.329130 -5.867499 -43.893590
v -14.413983 -5.867499 -43.806595
v -14.586115 -5.737796 -43.799592
v -14.489752 -5.867499 -43.711583
v -14.555684 -5.867499 -43.609500
v -14.515894 -5.999999 -43.385278
v -14.611125 -5.867499 -43.501359
v -14.655523 -5.867499 -43.388235
v -14.731900 -5.734998 -43.555854
v -14.688436 -5.867499 -43.271253
v -14.709539 -5.867499 -43.151575
v -14.817615 -5.734998 -43.300737
v -14.718620 -5.867499 -43.030390
v -14.715591 -5.867499 -42.908904
v -14.851080 -5.734998 -43.033694
v -14.884629 -5.701818 -43.008592
v -14.700480 -5.867499 -42.788323
v -14.847721 -5.734998 -42.899002
v -14.870486 -5.690446 -42.734019
v -14.673438 -5.867499 -42.669846
v -14.515894 -5.999999 -42.614722
v -14.830967 -5.734998 -42.765315
v -14.634734 -5.867499 -42.554650
v -14.800986 -5.734998 -42.633959
v -14.584753 -5.867499 -42.443880
v -14.394171 -5.999999 -42.382798
v -14.758076 -5.734998 -42.506242
v -14.523991 -5.867499 -42.338637
v -14.702661 -5.734998 -42.383431
v -14.453052 -5.867499 -42.239966
v -14.635295 -5.734998 -42.266749
v -14.372641 -5.867499 -42.148850
v -14.220482 -5.999999 -42.186744
v -14.556645 -5.734998 -42.157354
v -14.283558 -5.867499 -42.066192
v -14.467494 -5.734998 -42.056333
v -14.186687 -5.867499 -41.992816
v -14.004921 -5.999999 -42.037953
v -14.368727 -5.734998 -41.964691
v -14.082991 -5.867499 -41.929449
v -14.261327 -5.734998 -41.883339
v -13.973502 -5.867499 -41.876721
v -14.146360 -5.734998 -41.813084
v -13.859306 -5.867499 -41.835158
v -14.024969 -5.734998 -41.754625
v -13.741540 -5.867499 -41.805171
v -13.898362 -5.734998 -41.708544
v -13.621373 -5.867499 -41.787058
v -13.767794 -5.734998 -41.675297
v -13.634566 -5.734998 -41.655216
v -13.760016 -5.999999 -41.945073
v -12.995079 -5.999999 -42.037953
v -12.421423 -5.999999 -42.869037
v -12.421423 -5.999999 -43.130963
v -14.578577 -5.999999 -42.869037
v -14.578577 -5.999999 -43.130963
v -14.220482 -5.999999 -43.813256
v -13.500000 -5.999999 -44.086499
v -14.394171 -5.999999 -43.617202
v -12.779518 -5.999999 -43.813256
v -13.331783 -4.196121 -44.368557
v -13.344635 -4.284519 -44.263996
v -12.716123 -4.246983 -44.134364
v -12.776013 -4.335380 -44.047696
v -12.279352 -4.297845 -43.641299
v -12.372612 -4.386242 -43.592302
v -12.121145 -4.348707 -43.001882
v -12.226492 -4.437104 -43.001739
v -12.277606 -4.399569 -42.362037
v -12.370999 -4.487966 -42.410778
v -12.713029 -4.450431 -41.867780
v -12.773155 -4.538828 -41.954284
v -13.328047 -4.501292 -41.631907
v -13.341184 -4.589690 -41.736433
v -13.982306 -4.552154 -41.708247
v -13.945457 -4.640551 -41.806940
v -14.526498 -4.603016 -42.079377
v -14.448071 -4.691413 -42.149715
v -14.836433 -4.653878 -42.660602
v -14.734327 -4.742275 -42.686533
v -14.841382 -4.704740 -43.319281
v -14.738897 -4.793137 -43.294888
v -14.540213 -4.755601 -43.905097
v -14.460739 -4.843999 -43.835946
v -14.001658 -4.806463 -44.284361
v -13.963331 -4.894861 -44.186233
v -13.348620 -4.857325 -44.370522
v -13.360186 -4.945722 -44.265811
v -12.730128 -4.908187 -44.143915
v -12.788948 -4.996584 -44.056518
v -12.287328 -4.959049 -43.656256
v -12.379979 -5.047446 -43.606117
v -12.121272 -5.009911 -43.018833
v -12.226610 -5.098308 -43.017394
v -12.269855 -5.060772 -42.377112
v -12.363841 -5.149170 -42.424702
v -12.699169 -5.111634 -41.877540
v -12.760355 -5.200032 -41.963299
v -13.311241 -5.162496 -41.634125
v -13.325663 -5.250893 -41.738481
v -13.966389 -5.213358 -41.702415
v -13.930756 -5.301755 -41.801554
v -14.515103 -5.264220 -42.066827
v -14.437547 -5.352617 -42.138124
v -14.832160 -5.315082 -42.644198
v -14.730380 -5.403479 -42.671382
v -14.845205 -5.365943 -43.302767
v -14.742429 -5.454341 -43.279635
v -14.551262 -5.416805 -43.892241
v -14.470943 -5.505202 -43.824072
v -14.017410 -5.467667 -44.278097
v -13.977879 -5.556064 -44.180448
v -13.365480 -5.518529 -44.372279
v -13.375758 -5.606926 -44.267434
v -12.744249 -5.569391 -44.153293
v -12.801990 -5.657788 -44.065179
v -12.295488 -5.620253 -43.671115
v -12.387515 -5.708650 -43.619840
v -12.121608 -5.671114 -43.035781
v -12.226920 -5.759512 -43.033048
v -13.116115 -1.563033 -44.324270
v -13.145437 -1.651403 -44.223118
v -12.622303 -1.606041 -44.063347
v -12.689344 -1.694412 -43.982125
v -12.272506 -1.649049 -43.627947
v -12.366266 -1.737420 -43.579982
v -12.124120 -1.692058 -43.089511
v -12.229214 -1.780428 -43.082674
v -12.201492 -1.735066 -42.536388
v -12.300676 -1.823437 -42.571800
v -12.491927 -1.778074 -42.059336
v -12.568927 -1.866445 -42.131187
v -12.947770 -1.821083 -41.736631
v -12.989951 -1.909453 -41.833131
v -13.494225 -1.864091 -41.621223
v -13.494666 -1.952462 -41.726539
v -14.041627 -1.907099 -41.732049
v -14.000255 -1.995470 -41.828899
v -14.500157 -1.950108 -42.050924
v -14.423762 -2.038478 -42.123418
v -14.794578 -1.993116 -42.525526
v -14.695695 -2.081487 -42.561768
v -14.876582 -2.036124 -43.077982
v -14.771434 -2.124495 -43.072025
v -14.732712 -2.079133 -43.617641
v -14.638553 -2.167503 -43.570464
v -14.386574 -2.122141 -44.055957
v -14.318855 -2.210512 -43.975299
v -13.894966 -2.165149 -44.321008
v -13.864797 -2.253520 -44.220105
v -13.338549 -2.208158 -44.369304
v -13.350882 -2.296528 -44.264712
v -12.808625 -2.251166 -44.192920
v -12.861434 -2.339537 -44.101801
v -12.392143 -2.294174 -43.820799
v -12.476764 -2.382545 -43.758104
v -12.157441 -2.337183 -43.313999
v -12.259990 -2.425553 -43.290015
v -12.143031 -2.380191 -42.755677
v -12.246681 -2.468562 -42.774339
v -12.351276 -2.423199 -42.237444
v -12.439019 -2.511570 -42.295690
v -12.748007 -2.466208 -41.844333
v -12.805447 -2.554578 -41.932607
v -13.268127 -2.509216 -41.640848
v -13.285838 -2.597587 -41.744664
v -13.826294 -2.552224 -41.660377
v -13.801371 -2.640595 -41.762701
v -14.330921 -2.595233 -41.899714
v -14.267453 -2.683603 -41.983758
v -14.699209 -2.638241 -42.319590
v -14.607609 -2.726612 -42.371562
v -14.870726 -2.681249 -42.851110
v -14.766026 -2.769620 -42.862482
v -14.817331 -2.724258 -43.407060
v -14.716709 -2.812628 -43.375967
v -14.547784 -2.767266 -43.896218
v -14.467751 -2.855637 -43.827762
v -14.106314 -2.810274 -44.238322
v -14.060002 -2.898645 -44.143735
v -13.565358 -2.853283 -44.377239
v -13.560366 -2.941653 -44.272041
v -13.013678 -2.896291 -44.290174
v -13.050825 -2.984662 -44.191627
v -12.541795 -2.939299 -43.991414
v -12.614985 -3.027670 -43.915687
v -12.227137 -2.982308 -43.529979
v -12.324362 -3.070678 -43.489498
v -12.121334 -3.025316 -42.981584
v -12.226641 -3.113687 -42.982991
v -12.241747 -3.068324 -42.436211
v -12.337856 -3.156695 -42.479275
v -12.568618 -3.111333 -41.983346
v -12.639759 -3.199703 -42.061001
v -13.048312 -3.154341 -41.697296
v -13.082814 -3.242712 -41.796801
v -13.602121 -3.197349 -41.624998
v -13.594321 -3.285720 -41.730025
v -14.139174 -3.240358 -41.778314
v -14.090352 -3.328728 -41.871631
v -14.571349 -3.283366 -42.132088
v -14.489516 -3.371737 -42.198382
v -14.827734 -3.326374 -42.628272
v -14.726317 -3.414745 -42.656666
v -14.866260 -3.369383 -43.185450
v -14.761901 -3.457753 -43.171284
v -14.680607 -3.412391 -43.712198
v -14.590428 -3.500762 -43.657798
v -14.301236 -3.455399 -44.122087
v -14.240035 -3.543770 -44.036379
v -13.790396 -3.498408 -44.347861
v -13.768215 -3.586778 -44.244907
v -13.231907 -3.541416 -44.352474
v -13.252385 -3.629787 -44.249167
v -12.717407 -3.584424 -44.135168
v -12.777184 -3.672795 -44.048461
v -12.331318 -3.627433 -43.731601
v -12.420585 -3.715803 -43.675719
v -12.136989 -3.670441 -43.207991
v -12.241100 -3.758812 -43.192104
v -12.166307 -3.713449 -42.650253
v -12.268179 -3.801820 -42.676968
v -12.414462 -3.756458 -42.149903
v -12.497379 -3.844828 -42.214836
v -12.840735 -3.799466 -41.789038
v -12.891091 -3.887837 -41.881535
v -13.375182 -3.842474 -41.626873
v -13.384716 -3.930845 -41.731756
v -13.930109 -3.885483 -41.690013
v -13.897256 -3.973853 -41.790074
v -14.414463 -3.928491 -41.968101
v -14.344613 -4.016862 -42.046920
v -14.748769 -3.971499 -42.415505
v -14.653384 -4.059870 -42.460151
v -14.878174 -4.014508 -42.958815
v -14.772904 -4.102878 -42.961961
v -14.781443 -4.057516 -43.508883
v -14.683563 -4.145887 -43.470013
v -14.474450 -4.100524 -43.975452
v -14.400018 -4.188895 -43.900944
v -14.007566 -4.143533 -44.281965
v -13.968797 -4.231903 -44.184045
f 1 2 3
f 1 3 4
f 5 4 6
f 5 1 4
f 7 6 8
f 7 5 6
f 9 7 8
f 9 8 10
f 11 9 10
f 11 10 12
f 13 11 12
f 13 12 14
f 15 13 14
f 15 14 16
f 17 15 16
f 17 16 18
f 19 17 18
f 19 18 20
f 21 19 20
f 21 20 22
f 23 21 22
f 23 22 24
f 25 23 24
f 25 24 26
f 27 26 28
f 27 25 26
f 29 28 30
f 29 27 28
f 31 25 27
f 32 25 31
f 33 29 30
f 34 33 30
f 35 32 31
f 35 31 36
f 37 33 34
f 38 37 34
f 39 35 36
f 39 36 40
f 41 37 38
f 42 41 38
f 43 39 40
f 43 40 44
f 45 41 42
f 46 45 42
f 47 44 48
f 47 43 44
f 49 46 50
f 49 45 46
f 51 48 52
f 51 47 48
f 53 50 54
f 53 49 50
f 55 52 56
f 55 51 52
f 57 54 58
f 57 53 54
f 59 56 60
f 59 55 56
f 61 57 58
f 61 58 62
f 63 59 60
f 63 60 64
f 65 61 62
f 65 62 66
f 67 63 64
f 67 64 68
f 69 65 66
f 69 66 70
f 71 67 68
f 72 67 71
f 73 69 70
f 73 70 74
f 75 72 71
f 76 72 75
f 77 73 74
f 77 74 3
f 78 76 75
f 79 76 78
f 2 77 3
f 80 79 78
f 81 79 80
f 81 80 82
f 83 81 82
f 84 81 83
f 85 83 86
f 85 84 83
f 87 86 88
f 87 85 86
f 89 88 90
f 89 87 88
f 91 90 92
f 91 89 90
f 93 92 94
f 93 91 92
f 95 94 96
f 95 93 94
f 97 96 98
f 97 95 96
f 99 98 100
f 99 97 98
f 101 100 102
f 101 99 100
f 103 102 104
f 103 101 102
f 105 103 104
f 105 104 106
f 107 105 106
f 107 106 108
f 109 107 108
f 109 108 110
f 111 109 110
f 111 110 112
f 113 111 112
f 114 111 113
f 115 114 113
f 116 114 115
f 117 116 115
f 118 116 117
f 119 118 117
f 120 118 119
f 121 120 119
f 122 120 121
f 123 122 121
f 124 122 123
f 125 124 123
f 126 124 125
f 127 126 125
f 128 126 127
f 129 128 127
f 130 128 129
f 131 130 129
f 132 130 131
f 133 132 131
f 134 133 135
f 134 132 133
f 136 134 135
f 137 134 136
f 138 137 136
f 139 137 138
f 140 139 138
f 141 139 140
f 142 141 140
f 143 141 142
f 144 143 142
f 145 143 144
f 146 145 144
f 147 145 146
f 148 146 149
f 148 147 146
f 150 149 151
f 150 148 149
f 152 151 153
f 152 150 151
f 154 153 155
f 154 152 153
f 156 155 157
f 156 154 155
f 158 156 157
f 158 157 159
f 160 158 159
f 160 159 161
f 162 160 161
f 162 161 163
f 164 162 163
f 164 163 165
f 166 164 165
f 166 165 167
f 168 166 167
f 168 167 169
f 170 168 169
f 170 169 171
f 172 170 171
f 172 171 173
f 174 172 173
f 174 173 175
f 176 174 175
f 176 175 177
f 178 176 177
f 178 177 179
f 180 178 179
f 180 179 181
f 182 181 183
f 182 180 181
f 184 183 185
f 184 182 183
f 186 184 185
f 187 184 186
f 188 187 186
f 188 186 189
f 190 189 191
f 190 188 189
f 192 191 193
f 192 190 191
f 194 193 195
f 194 192 193
f 196 195 197
f 196 194 195
f 198 197 199
f 198 196 197
f 200 199 201
f 200 198 199
f 202 201 203
f 202 200 201
f 204 203 205
f 204 202 203
f 206 205 207
f 206 204 205
f 208 206 207
f 208 207 209
f 210 208 209
f 210 209 211
f 212 210 211
f 212 211 213
f 214 212 213
f 215 214 213
f 216 214 215
f 217 216 215
f 217 215 218
f 219 217 218
f 219 218 220
f 221 219 220
f 221 220 222
f 223 221 222
f 223 222 224
f 225 224 226
f 225 223 224
f 227 226 228
f 227 225 226
f 229 228 230
f 229 227 228
f 231 230 232
f 231 229 230
f 233 232 234
f 233 231 232
f 235 234 236
f 235 233 234
f 237 236 238
f 237 235 236
f 239 238 240
f 239 237 238
f 241 239 240
f 241 240 242
f 243 242 244
f 243 241 242
f 245 244 246
f 245 243 244
f 247 246 248
f 247 245 246
f 249 248 250
f 249 247 248
f 251 250 252
f 251 249 250
f 253 252 254
f 253 251 252
f 255 254 256
f 255 253 254
f 257 256 258
f 257 255 256
f 259 258 260
f 259 257 258
f 261 260 262
f 261 259 260
f 263 261 262
f 263 262 264
f 265 263 264
f 266 263 265
f 267 266 265
f 268 266 267
f 269 268 267
f 270 268 269
f 271 270 269
f 272 270 271
f 273 272 271
f 274 272 273
f 275 274 273
f 276 274 275
f 277 276 275
f 278 276 277
f 279 278 277
f 280 278 279
f 281 280 279
f 282 280 281
f 283 282 281
f 284 282 283
f 285 284 283
f 286 284 285
f 287 286 285
f 288 286 287
f 289 288 287
f 290 288 289
f 291 290 289
f 292 291 293
f 292 290 291
f 294 292 293
f 295 294 293
f 296 294 295
f 297 296 295
f 298 296 297
f 299 298 297
f 300 298 299
f 301 300 299
f 302 300 301
f 303 302 301
f 304 302 303
f 305 304 303
f 306 304 305
f 307 306 305
f 308 306 307
f 309 308 307
f 310 308 309
f 311 310 309
f 312 310 311
f 313 312 311
f 314 312 313
f 315 314 313
f 316 314 315
f 317 316 315
f 318 316 317
f 319 318 317
f 320 318 319
f 321 320 319
f 322 320 321
f 323 322 321
f 324 322 323
f 325 324 323
f 326 324 325
f 327 326 325
f 328 326 327
f 329 328 327
f 330 328 329
f 331 330 329
f 332 330 331
f 333 332 331
f 334 332 333
f 335 334 333
f 336 334 335
f 337 336 335
f 338 336 337
f 339 338 337
f 340 338 339
f 341 340 339
f 342 340 341
f 343 342 341
f 344 342 343
f 345 344 343
f 346 345 347
f 346 344 345
f 348 346 347
f 348 347 349
f 350 349 351
f 350 348 349
f 352 351 353
f 352 350 351
f 354 353 355
f 354 352 353
f 356 355 357
f 356 354 355
f 358 357 359
f 358 356 357
f 360 359 361
f 360 358 359
f 362 361 363
f 362 360 361
f 364 363 365
f 364 362 363
f 366 365 367
f 366 364 365
f 368 367 369
f 368 366 367
f 370 368 369
f 370 369 371
f 372 370 371
f 372 371 373
f 374 372 373
f 374 373 375
f 376 374 375
f 376 375 377
f 378 376 377
f 378 377 379
f 380 378 379
f 380 379 381
f 382 380 381
f 382 381 383
f 384 382 383
f 384 383 385
f 386 384 385
f 386 385 387
f 388 386 387
f 388 387 389
f 390 388 389
f 390 389 391
f 392 390 391
f 392 391 393
f 394 393 395
f 394 392 393
f 396 395 397
f 396 394 395
f 398 396 397
f 399 396 398
f 400 399 398
f 400 398 401
f 402 401 403
f 402 400 401
f 404 403 405
f 404 402 403
f 406 405 407
f 406 404 405
f 408 407 409
f 408 406 407
f 410 409 411
f 410 408 409
f 412 411 413
f 412 410 411
f 414 413 415
f 414 412 413
f 416 415 417
f 416 414 415
f 418 417 419
f 418 416 417
f 420 418 419
f 420 419 421
f 422 420 421
f 422 421 423
f 424 422 423
f 424 423 425
f 426 424 425
f 427 426 425
f 428 426 427
f 429 428 427
f 429 427 430
f 431 429 430
f 431 430 432
f 433 431 432
f 433 432 434
f 435 433 434
f 435 434 436
f 437 436 438
f 437 435 436
f 439 438 440
f 439 437 438
f 441 440 442
f 441 439 440
f 443 442 444
f 443 441 442
f 445 444 446
f 445 443 444
f 447 446 448
f 447 445 446
f 449 448 450
f 449 447 448
f 451 449 450
f 452 449 451
f 453 452 451
f 454 453 451
f 455 453 454
f 456 455 454
f 457 455 456
f 458 457 456
f 459 457 458
f 460 459 458
f 461 459 460
f 462 461 460
f 463 461 462
f 464 463 462
f 465 463 464
f 466 465 464
f 467 465 466
f 468 467 466
f 469 467 468
f 470 469 468
f 471 469 470
f 472 471 470
f 473 471 472
f 474 473 472
f 475 473 474
f 476 475 474
f 477 475 476
f 478 477 476
f 479 477 478
f 480 479 478
f 481 479 480
f 482 481 480
f 483 481 482
f 484 483 482
f 485 483 484
f 486 485 484
f 487 485 486
f 488 487 486
f 489 487 488
f 490 489 488
f 491 489 490
f 492 491 490
f 493 491 492
f 494 493 492
f 495 493 494
f 496 495 494
f 497 495 496
f 498 497 496
f 499 497 498
f 500 499 498
f 501 499 500
f 502 501 500
f 503 501 502
f 504 503 502
f 505 504 506
f 505 503 504
f 507 38 508
f 509 42 507
f 507 42 38
f 508 34 510
f 38 34 508
f 511 46 509
f 509 46 42
f 510 30 512
f 34 30 510
f 513 50 511
f 511 50 46
f 512 28 514
f 30 28 512
f 515 54 513
f 513 54 50
f 514 26 516
f 28 26 514
f 517 58 515
f 515 58 54
f 516 24 518
f 26 24 516
f 517 62 58
f 517 519 62
f 24 22 518
f 519 66 62
f 22 520 518
f 22 20 520
f 519 521 66
f 66 521 70
f 20 522 520
f 18 522 20
f 521 523 70
f 70 523 74
f 18 524 522
f 16 524 18
f 523 525 74
f 74 525 3
f 14 526 16
f 16 526 524
f 525 527 3
f 3 527 4
f 12 528 14
f 14 528 526
f 527 529 4
f 4 529 6
f 12 530 528
f 10 530 12
f 6 531 8
f 529 531 6
f 8 532 10
f 10 532 530
f 531 532 8
f 533 534 513
f 533 513 511
f 535 511 509
f 535 533 511
f 536 509 507
f 536 535 509
f 537 507 508
f 537 536 507
f 538 508 510
f 538 537 508
f 539 510 512
f 539 538 510
f 540 512 514
f 540 539 512
f 541 514 516
f 541 540 514
f 542 516 518
f 542 541 516
f 543 518 520
f 543 542 518
f 544 543 520
f 544 520 522
f 545 544 522
f 545 522 524
f 546 545 524
f 546 524 526
f 547 546 526
f 547 526 528
f 548 547 528
f 548 528 530
f 549 548 530
f 549 530 532
f 550 549 532
f 550 532 531
f 551 550 531
f 551 531 529
f 552 551 529
f 552 529 527
f 553 552 527
f 553 527 525
f 554 553 525
f 554 525 523
f 555 554 523
f 555 523 521
f 556 555 521
f 556 521 519
f 557 519 517
f 557 556 519
f 558 517 515
f 558 557 517
f 559 515 513
f 559 558 515
f 560 559 513
f 561 560 513
f 534 561 513
f 562 559 560
f 562 560 561
f 562 561 534
f 563 564 565
f 562 558 559
f 566 534 533
f 566 562 534
f 567 562 566
f 567 568 562
f 569 570 568
f 569 568 567
f 571 572 570
f 571 570 569
f 573 574 572
f 573 572 571
f 575 565 574
f 575 574 573
f 575 563 565
f 576 566 533
f 576 533 535
f 577 566 576
f 577 567 566
f 578 567 577
f 578 569 567
f 579 569 578
f 579 571 569
f 580 571 579
f 580 573 571
f 581 582 563
f 581 575 573
f 581 573 580
f 581 563 575
f 583 535 536
f 583 576 535
f 584 577 576
f 584 576 583
f 585 577 584
f 585 578 577
f 586 579 578
f 586 578 585
f 587 579 586
f 587 580 579
f 588 589 582
f 588 580 587
f 588 582 581
f 588 581 580
f 590 536 537
f 590 583 536
f 591 583 590
f 591 584 583
f 592 585 584
f 592 584 591
f 593 585 592
f 593 586 585
f 594 586 593
f 594 587 586
f 595 596 589
f 595 588 587
f 595 587 594
f 595 589 588
f 597 590 537
f 597 591 590
f 597 537 538
f 598 591 597
f 599 592 591
f 599 591 598
f 600 592 599
f 600 593 592
f 600 594 593
f 601 594 600
f 602 603 596
f 602 595 594
f 602 594 601
f 602 596 595
f 604 597 538
f 604 538 539
f 605 598 597
f 605 597 604
f 606 598 605
f 606 599 598
f 607 600 599
f 607 599 606
f 608 600 607
f 608 601 600
f 609 610 603
f 609 603 602
f 609 602 601
f 609 601 608
f 611 604 539
f 611 539 540
f 612 604 611
f 612 605 604
f 613 605 612
f 613 606 605
f 614 607 606
f 614 606 613
f 615 608 607
f 615 609 608
f 615 607 614
f 616 617 610
f 616 610 609
f 616 609 615
f 618 540 541
f 618 611 540
f 619 611 618
f 619 612 611
f 620 613 612
f 620 612 619
f 621 614 613
f 621 613 620
f 622 615 614
f 622 614 621
f 623 624 617
f 623 617 616
f 623 615 622
f 623 616 615
f 625 541 542
f 625 618 541
f 626 618 625
f 626 619 618
f 627 620 619
f 627 619 626
f 628 621 620
f 628 620 627
f 629 622 621
f 629 621 628
f 630 631 624
f 630 624 623
f 630 623 622
f 630 622 629
f 632 542 543
f 632 625 542
f 633 626 625
f 633 625 632
f 634 626 633
f 634 627 626
f 634 628 627
f 635 628 634
f 635 629 628
f 636 629 635
f 637 629 636
f 637 638 631
f 637 631 630
f 637 630 629
f 639 632 543
f 639 543 544
f 640 632 639
f 640 633 632
f 641 633 640
f 641 634 633
f 642 635 634
f 642 634 641
f 643 635 642
f 643 636 635
f 644 637 636
f 644 645 638
f 644 638 637
f 644 636 643
f 646 639 544
f 646 640 639
f 646 544 545
f 647 640 646
f 648 641 640
f 648 642 641
f 648 640 647
f 649 642 648
f 650 642 649
f 650 644 643
f 650 643 642
f 651 645 644
f 651 652 645
f 651 653 652
f 651 644 650
f 654 646 545
f 654 647 646
f 654 545 546
f 655 647 654
f 656 648 647
f 656 649 648
f 656 647 655
f 657 649 656
f 658 649 657
f 658 650 649
f 659 660 653
f 659 653 651
f 659 651 650
f 659 650 658
f 661 546 547
f 661 654 546
f 662 654 661
f 662 655 654
f 663 655 662
f 663 656 655
f 664 657 656
f 664 658 657
f 664 656 663
f 665 659 658
f 665 658 664
f 666 660 659
f 666 659 665
f 667 547 548
f 667 661 547
f 668 661 667
f 668 662 661
f 669 663 662
f 669 662 668
f 669 664 663
f 670 665 664
f 670 664 669
f 671 665 670
f 672 673 660
f 672 660 666
f 672 666 665
f 672 665 671
f 674 548 549
f 674 667 548
f 675 667 674
f 675 668 667
f 675 669 668
f 676 669 675
f 677 669 676
f 677 670 669
f 678 670 677
f 678 671 670
f 679 680 673
f 679 671 678
f 679 673 672
f 679 672 671
f 681 674 549
f 681 549 550
f 682 675 674
f 682 674 681
f 683 676 675
f 683 677 676
f 683 675 682
f 684 677 683
f 685 677 684
f 685 678 677
f 686 679 678
f 686 687 680
f 686 678 685
f 686 680 679
f 688 681 550
f 688 550 551
f 689 681 688
f 689 682 681
f 690 684 683
f 690 683 682
f 690 682 689
f 691 684 690
f 691 685 684
f 692 685 691
f 693 687 686
f 693 694 687
f 693 695 694
f 693 686 685
f 693 685 692
f 696 688 551
f 696 551 552
f 697 689 688
f 697 690 689
f 697 688 696
f 698 690 697
f 699 691 690
f 699 690 698
f 700 691 699
f 700 692 691
f 701 695 693
f 701 693 692
f 701 692 700
f 702 552 553
f 702 696 552
f 702 697 696
f 703 697 702
f 704 697 703
f 704 698 697
f 705 699 698
f 705 698 704
f 706 699 705
f 706 700 699
f 706 701 700
f 707 708 695
f 707 695 701
f 707 701 706
f 709 553 554
f 709 702 553
f 709 703 702
f 710 703 709
f 711 704 703
f 711 703 710
f 712 704 711
f 712 705 704
f 713 705 712
f 713 706 705
f 714 706 713
f 714 715 708
f 714 708 707
f 714 707 706
f 716 554 555
f 716 709 554
f 717 710 709
f 717 709 716
f 718 710 717
f 718 712 711
f 718 711 710
f 719 712 718
f 720 713 712
f 720 712 719
f 721 714 713
f 721 713 720
f 721 722 715
f 721 715 714
f 723 555 556
f 723 716 555
f 723 717 716
f 724 718 717
f 724 717 723
f 725 718 724
f 726 719 718
f 726 718 725
f 727 720 719
f 727 719 726
f 728 721 720
f 728 720 727
f 728 729 722
f 728 722 721
f 730 723 556
f 730 556 557
f 731 723 730
f 731 724 723
f 732 725 724
f 732 724 731
f 733 726 725
f 733 725 732
f 734 727 726
f 734 726 733
f 735 736 729
f 735 728 727
f 735 729 728
f 735 727 734
f 737 731 730
f 737 730 557
f 737 557 558
f 737 558 562
f 738 731 737
f 738 732 731
f 738 737 562
f 738 568 570
f 738 562 568
f 739 732 738
f 739 738 570
f 740 732 739
f 740 733 732
f 740 570 572
f 740 739 570
f 741 733 740
f 741 734 733
f 741 735 734
f 741 572 574
f 741 740 572
f 742 735 741
f 742 743 736
f 742 564 743
f 742 736 735
f 742 565 564
f 742 574 565
f 742 741 574
f 744 564 563
f 744 563 582
f 744 582 589
f 744 589 596
f 745 596 603
f 745 603 610
f 745 610 617
f 745 744 596
f 624 745 617
f 631 745 624
f 746 736 743
f 746 743 564
f 746 564 744
f 729 736 746
f 747 631 638
f 747 745 631
f 722 729 746
f 645 747 638
f 748 715 722
f 748 722 746
f 652 747 645
f 708 715 748
f 653 749 747
f 653 747 652
f 695 708 748
f 660 749 653
f 694 695 748
f 673 749 660
f 687 748 749
f 687 694 748
f 680 687 749
f 680 749 673
f 744 745 750
f 750 745 751
f 746 744 752
f 752 744 750
f 748 746 753
f 753 746 752
f 749 748 754
f 754 748 753
f 747 749 755
f 755 749 754
f 745 747 751
f 751 747 755
f 750 751 755
f 752 755 754
f 752 754 753
f 752 750 755
f 756 505 506
f 757 505 756
f 758 757 756
f 759 757 758
f 760 759 758
f 761 759 760
f 762 761 760
f 763 761 762
f 764 763 762
f 765 763 764
f 766 765 764
f 767 765 766
f 768 767 766
f 769 767 768
f 770 769 768
f 771 769 770
f 772 771 770
f 773 771 772
f 774 773 772
f 775 773 774
f 776 775 774
f 777 775 776
f 778 777 776
f 779 777 778
f 780 779 778
f 781 779 780
f 782 781 780
f 783 781 782
f 784 783 782
f 785 783 784
f 786 785 784
f 787 785 786
f 788 787 786
f 789 787 788
f 790 789 788
f 791 789 790
f 792 791 790
f 793 791 792
f 794 793 792
f 795 794 792
f 796 794 795
f 797 796 795
f 798 796 797
f 1651 797 799
f 1651 798 797
f 800 1651 799
f 801 800 799
f 1642 800 801
f 802 1642 801
f 803 1642 802
f 804 803 802
f 805 803 804
f 29 806 27
f 29 807 806
f 53 808 49
f 65 809 810
f 7 811 812
f 13 813 814
f 19 815 816
f 21 815 19
f 39 817 35
f 39 818 817
f 59 819 55
f 79 820 821
f 89 822 823
f 95 824 825
f 103 826 101
f 101 826 827
f 105 828 829
f 114 830 111
f 116 831 832
f 124 833 122
f 124 834 833
f 130 835 836
f 137 837 838
f 145 839 840
f 164 841 842
f 168 843 166
f 178 844 176
f 178 845 844
f 194 846 847
f 202 848 200
f 200 848 849
f 212 850 210
f 212 851 850
f 37 852 33
f 33 852 29
f 807 853 854
f 852 853 29
f 37 853 852
f 29 853 807
f 854 853 37
f 45 855 41
f 41 855 37
f 37 855 854
f 856 855 45
f 854 857 858
f 858 857 856
f 856 857 855
f 855 857 854
f 49 859 45
f 808 859 49
f 856 860 861
f 861 860 808
f 808 860 859
f 859 860 45
f 45 860 856
f 53 862 808
f 57 862 53
f 862 863 808
f 808 863 864
f 864 863 865
f 57 863 862
f 865 863 57
f 65 866 61
f 61 866 57
f 810 866 65
f 865 867 868
f 868 867 810
f 866 867 57
f 810 867 866
f 57 867 865
f 869 870 73
f 73 870 69
f 69 870 65
f 870 871 65
f 65 871 809
f 809 871 869
f 869 871 870
f 77 872 73
f 73 873 869
f 874 873 77
f 869 873 875
f 875 873 874
f 77 873 872
f 872 873 73
f 77 876 874
f 1 876 2
f 2 876 77
f 877 878 1
f 874 878 879
f 879 878 877
f 1 878 876
f 876 878 874
f 1 880 877
f 7 880 5
f 5 880 1
f 877 881 812
f 812 881 7
f 7 881 880
f 880 881 877
f 9 882 7
f 811 883 884
f 7 883 811
f 884 883 885
f 885 883 9
f 9 883 882
f 882 883 7
f 9 886 885
f 814 886 13
f 13 886 11
f 11 886 9
f 885 887 888
f 888 887 814
f 886 887 885
f 814 887 886
f 889 890 17
f 17 890 15
f 15 890 13
f 890 891 13
f 813 891 892
f 892 891 889
f 13 891 813
f 889 891 890
f 816 893 19
f 19 893 17
f 889 894 895
f 895 894 816
f 816 894 893
f 893 894 17
f 17 894 889
f 21 896 815
f 23 896 21
f 815 897 898
f 898 897 899
f 896 897 815
f 899 897 23
f 23 897 896
f 23 900 899
f 32 900 25
f 25 900 23
f 32 901 900
f 899 901 902
f 902 901 903
f 903 901 904
f 904 901 32
f 900 901 899
f 35 905 32
f 32 905 904
f 817 905 35
f 904 906 907
f 905 906 904
f 907 906 817
f 817 906 905
f 43 908 39
f 39 908 818
f 818 909 910
f 910 909 911
f 908 909 818
f 43 909 908
f 911 909 43
f 912 913 51
f 51 913 47
f 47 913 43
f 43 913 911
f 912 914 913
f 913 914 911
f 911 914 915
f 915 914 912
f 819 916 55
f 55 916 51
f 51 917 912
f 916 917 51
f 819 917 916
f 912 917 918
f 918 917 919
f 919 917 819
f 920 921 63
f 59 921 819
f 63 921 59
f 819 922 923
f 923 922 920
f 920 922 921
f 921 922 819
f 63 924 920
f 72 924 67
f 67 924 63
f 924 925 920
f 72 925 924
f 926 925 72
f 920 925 927
f 927 925 928
f 928 925 926
f 72 929 926
f 821 929 79
f 79 929 76
f 76 929 72
f 929 930 926
f 926 930 931
f 931 930 821
f 821 930 929
f 79 932 820
f 81 932 79
f 933 934 81
f 820 934 935
f 935 934 933
f 932 934 820
f 81 934 932
f 81 936 933
f 85 936 84
f 84 936 81
f 936 937 933
f 85 937 936
f 938 937 85
f 933 937 939
f 939 937 940
f 940 937 938
f 85 941 938
f 823 941 89
f 89 941 87
f 87 941 85
f 941 942 938
f 823 942 941
f 938 942 943
f 943 942 823
f 91 944 89
f 945 944 91
f 944 946 89
f 822 946 947
f 89 946 822
f 947 946 945
f 945 946 944
f 95 948 93
f 93 948 91
f 91 948 945
f 825 948 95
f 945 949 950
f 950 949 825
f 948 949 945
f 825 949 948
f 99 951 97
f 97 951 95
f 952 951 99
f 952 953 951
f 951 953 95
f 824 953 954
f 954 953 952
f 95 953 824
f 101 955 99
f 827 955 101
f 827 956 955
f 952 956 957
f 957 956 827
f 955 956 99
f 99 956 952
f 105 958 103
f 103 958 826
f 829 959 105
f 958 959 826
f 105 959 958
f 826 959 829
f 960 961 109
f 109 961 107
f 107 961 105
f 105 962 828
f 960 962 961
f 828 962 960
f 961 962 105
f 830 963 111
f 111 963 109
f 109 964 960
f 963 964 109
f 830 964 963
f 960 964 965
f 965 964 830
f 114 966 830
f 116 966 114
f 832 967 116
f 966 967 830
f 830 967 968
f 968 967 832
f 116 967 966
f 969 970 120
f 120 970 118
f 118 970 116
f 970 971 116
f 116 971 831
f 969 971 970
f 831 971 972
f 972 971 969
f 833 973 122
f 122 973 120
f 833 974 973
f 973 974 120
f 120 974 969
f 969 974 975
f 975 974 833
f 124 976 834
f 126 976 124
f 977 978 126
f 126 978 976
f 834 978 979
f 979 978 977
f 976 978 834
f 130 980 128
f 128 980 126
f 126 980 977
f 836 980 130
f 980 981 977
f 836 981 980
f 977 981 982
f 982 981 836
f 134 983 132
f 132 983 130
f 984 983 134
f 130 985 835
f 983 985 130
f 835 985 986
f 986 985 984
f 984 985 983
f 137 987 134
f 134 987 984
f 987 988 984
f 137 988 987
f 838 988 137
f 984 988 989
f 989 988 838
f 141 990 139
f 139 990 137
f 137 990 837
f 991 990 141
f 991 992 990
f 990 992 837
f 837 992 993
f 993 992 991
f 145 994 143
f 143 994 141
f 840 994 145
f 991 995 996
f 996 995 840
f 840 995 994
f 994 995 141
f 141 995 991
f 147 997 145
f 839 998 999
f 999 998 1000
f 997 998 145
f 147 998 997
f 145 998 839
f 1000 998 147
f 1001 1002 150
f 150 1002 148
f 148 1002 147
f 147 1002 1000
f 1000 1003 1004
f 1004 1003 1001
f 1001 1003 1002
f 1002 1003 1000
f 1005 1006 154
f 154 1006 152
f 152 1006 150
f 1006 1007 150
f 1001 1007 1008
f 1008 1007 1009
f 150 1007 1001
f 1009 1007 1005
f 1005 1007 1006
f 154 1010 1005
f 1011 1010 156
f 156 1010 154
f 1005 1012 1013
f 1013 1012 1011
f 1010 1012 1005
f 1011 1012 1010
f 156 1014 1011
f 160 1014 158
f 158 1014 156
f 1011 1015 1016
f 1016 1015 1017
f 1017 1015 1018
f 1014 1015 1011
f 1018 1015 160
f 160 1015 1014
f 164 1019 162
f 162 1019 160
f 160 1019 1018
f 842 1019 164
f 1018 1020 1021
f 1021 1020 842
f 842 1020 1019
f 1019 1020 1018
f 166 1022 164
f 843 1022 166
f 841 1023 1024
f 1024 1023 843
f 164 1023 841
f 843 1023 1022
f 1022 1023 164
f 170 1025 168
f 168 1025 843
f 843 1026 1027
f 1027 1026 1028
f 1028 1026 1029
f 1029 1026 170
f 1025 1026 843
f 170 1026 1025
f 174 1030 172
f 172 1030 170
f 170 1030 1029
f 1031 1030 174
f 1029 1032 1033
f 1033 1032 1031
f 1030 1032 1029
f 1031 1032 1030
f 176 1034 174
f 844 1034 176
f 844 1035 1034
f 1031 1035 1036
f 1036 1035 844
f 1034 1035 174
f 174 1035 1031
f 180 1037 178
f 178 1037 845
f 1037 1038 845
f 845 1038 1039
f 1039 1038 1040
f 180 1038 1037
f 1040 1038 180
f 184 1041 182
f 182 1041 180
f 180 1041 1040
f 1042 1041 184
f 1042 1043 1041
f 1040 1043 1044
f 1044 1043 1045
f 1045 1043 1042
f 1041 1043 1040
f 188 1046 187
f 187 1046 184
f 1047 1046 188
f 1047 1048 1046
f 1042 1048 1049
f 1049 1048 1047
f 1046 1048 184
f 184 1048 1042
f 1050 1051 190
f 190 1051 188
f 1051 1052 188
f 1047 1052 1053
f 1053 1052 1050
f 1050 1052 1051
f 188 1052 1047
f 190 1054 1050
f 194 1054 192
f 192 1054 190
f 1054 1055 1050
f 194 1055 1054
f 847 1055 194
f 1050 1055 1056
f 1056 1055 847
f 198 1057 196
f 196 1057 194
f 194 1057 846
f 1058 1057 198
f 1057 1059 846
f 1058 1059 1057
f 846 1059 1060
f 1060 1059 1058
f 200 1061 198
f 849 1061 200
f 1061 1062 198
f 198 1062 1058
f 1058 1062 1063
f 849 1062 1061
f 1063 1062 849
f 204 1064 202
f 202 1064 848
f 204 1065 1064
f 1066 1065 204
f 848 1065 1067
f 1067 1065 1066
f 1064 1065 848
f 208 1068 206
f 206 1068 204
f 204 1068 1066
f 1069 1068 208
f 1068 1070 1066
f 1066 1070 1071
f 1071 1070 1072
f 1072 1070 1069
f 1069 1070 1068
f 210 1073 208
f 1074 1073 850
f 850 1073 210
f 208 1075 1069
f 1069 1075 1076
f 1076 1075 1074
f 1073 1075 208
f 1074 1075 1073
f 806 31 27
f 808 56 52
f 809 68 810
f 874 80 78
f 813 94 814
f 815 100 816
f 818 112 817
f 817 112 110
f 819 121 119
f 820 131 821
f 822 142 823
f 824 149 825
f 826 155 827
f 828 159 829
f 831 169 832
f 834 175 833
f 834 177 175
f 835 183 836
f 984 186 185
f 837 189 838
f 839 197 840
f 841 218 842
f 845 230 844
f 845 232 230
f 846 248 847
f 848 254 849
f 850 264 1074
f 851 265 850
f 850 265 264
f 807 1077 806
f 854 1077 807
f 806 1077 31
f 40 1077 854
f 31 1078 36
f 36 1078 40
f 1077 1078 31
f 40 1078 1077
f 858 1079 854
f 856 1079 858
f 856 1080 1079
f 40 1080 44
f 44 1080 48
f 854 1080 40
f 48 1080 856
f 1079 1080 854
f 861 1081 856
f 808 1081 861
f 856 1081 48
f 808 1082 1081
f 1081 1082 48
f 48 1082 52
f 52 1082 808
f 864 1083 808
f 865 1083 864
f 60 1083 865
f 56 1084 60
f 1083 1084 808
f 808 1084 56
f 60 1084 1083
f 868 1085 865
f 810 1085 868
f 865 1085 60
f 810 1086 1085
f 68 1086 810
f 1085 1086 60
f 60 1086 64
f 64 1086 68
f 809 1087 68
f 869 1087 809
f 75 1088 869
f 1087 1088 68
f 869 1088 1087
f 68 1088 71
f 71 1088 75
f 869 1089 75
f 875 1089 869
f 874 1089 875
f 78 1089 874
f 75 1090 78
f 1089 1090 75
f 78 1090 1089
f 879 1091 874
f 877 1091 879
f 874 1091 80
f 83 1091 877
f 1091 1092 80
f 83 1092 1091
f 80 1092 82
f 82 1092 83
f 812 1093 877
f 811 1093 812
f 88 1093 811
f 877 1094 83
f 1093 1094 877
f 88 1094 1093
f 83 1094 86
f 86 1094 88
f 884 1095 811
f 885 1095 884
f 811 1095 88
f 90 1095 885
f 88 1096 90
f 1095 1096 88
f 90 1096 1095
f 888 1097 885
f 814 1097 888
f 814 1098 1097
f 885 1098 90
f 94 1098 814
f 90 1098 92
f 92 1098 94
f 1097 1098 885
f 892 1099 813
f 889 1099 892
f 813 1099 94
f 889 1100 1099
f 1099 1100 94
f 98 1100 889
f 94 1100 96
f 96 1100 98
f 895 1101 889
f 816 1101 895
f 889 1101 98
f 100 1102 816
f 98 1102 100
f 816 1102 1101
f 1101 1102 98
f 898 1103 815
f 899 1103 898
f 899 1104 1103
f 815 1104 100
f 1103 1104 815
f 100 1104 102
f 104 1104 899
f 102 1104 104
f 902 1105 899
f 903 1105 902
f 904 1105 903
f 899 1105 104
f 904 1106 1105
f 1105 1106 104
f 104 1106 106
f 106 1106 108
f 108 1106 904
f 907 1107 904
f 817 1107 907
f 108 1108 110
f 904 1108 108
f 110 1108 817
f 1107 1108 904
f 817 1108 1107
f 910 1109 818
f 911 1109 910
f 113 1109 911
f 1109 1110 818
f 113 1110 1109
f 112 1110 113
f 818 1110 112
f 915 1111 911
f 912 1111 915
f 117 1112 912
f 912 1112 1111
f 113 1112 115
f 115 1112 117
f 1111 1112 911
f 911 1112 113
f 912 1113 117
f 918 1113 912
f 919 1113 918
f 819 1113 919
f 119 1114 819
f 1113 1114 117
f 819 1114 1113
f 117 1114 119
f 923 1115 819
f 920 1115 923
f 819 1116 121
f 123 1116 920
f 1115 1116 819
f 121 1116 123
f 920 1116 1115
f 127 1117 926
f 927 1117 920
f 928 1117 927
f 926 1117 928
f 1117 1118 920
f 127 1118 1117
f 920 1118 123
f 123 1118 125
f 125 1118 127
f 931 1119 926
f 821 1119 931
f 926 1120 127
f 131 1120 821
f 1119 1120 926
f 127 1120 129
f 129 1120 131
f 821 1120 1119
f 135 1121 933
f 935 1121 820
f 933 1121 935
f 1121 1122 820
f 820 1122 131
f 135 1122 1121
f 131 1122 133
f 133 1122 135
f 939 1123 933
f 138 1123 938
f 940 1123 939
f 938 1123 940
f 138 1124 1123
f 933 1124 135
f 1123 1124 933
f 135 1124 136
f 136 1124 138
f 943 1125 938
f 823 1125 943
f 1125 1126 938
f 938 1126 138
f 823 1126 1125
f 142 1126 823
f 138 1126 140
f 140 1126 142
f 947 1127 822
f 945 1127 947
f 144 1127 945
f 822 1128 142
f 1127 1128 822
f 144 1128 1127
f 142 1128 144
f 950 1129 945
f 825 1129 950
f 1129 1130 945
f 945 1130 144
f 825 1130 1129
f 149 1130 825
f 144 1130 146
f 146 1130 149
f 954 1131 824
f 952 1131 954
f 824 1131 149
f 1131 1132 149
f 952 1132 1131
f 153 1132 952
f 149 1132 151
f 151 1132 153
f 957 1133 952
f 827 1133 957
f 952 1133 153
f 155 1133 827
f 155 1134 1133
f 1133 1134 153
f 153 1134 155
f 159 1135 829
f 829 1135 826
f 157 1136 159
f 1135 1136 826
f 159 1136 1135
f 826 1136 155
f 155 1136 157
f 828 1137 159
f 960 1137 828
f 159 1138 161
f 161 1138 163
f 163 1138 960
f 960 1138 1137
f 1137 1138 159
f 960 1139 163
f 965 1139 960
f 830 1139 965
f 163 1140 165
f 165 1140 830
f 1139 1140 163
f 830 1140 1139
f 968 1141 830
f 832 1141 968
f 832 1142 1141
f 165 1142 167
f 167 1142 169
f 830 1142 165
f 169 1142 832
f 1141 1142 830
f 831 1143 169
f 972 1143 831
f 969 1143 972
f 169 1144 171
f 171 1144 173
f 1143 1144 169
f 969 1144 1143
f 173 1144 969
f 969 1145 173
f 975 1145 969
f 833 1145 975
f 173 1146 175
f 1145 1146 173
f 833 1146 1145
f 175 1146 833
f 179 1147 977
f 979 1147 834
f 977 1147 979
f 177 1148 179
f 834 1148 177
f 1147 1148 834
f 179 1148 1147
f 982 1149 977
f 836 1149 982
f 179 1150 181
f 181 1150 183
f 977 1150 179
f 183 1150 836
f 836 1150 1149
f 1149 1150 977
f 835 1151 183
f 986 1151 835
f 984 1151 986
f 984 1152 1151
f 183 1152 185
f 185 1152 984
f 1151 1152 183
f 189 1153 838
f 989 1153 984
f 838 1153 989
f 1153 1154 984
f 186 1154 189
f 189 1154 1153
f 984 1154 186
f 993 1155 837
f 991 1155 993
f 189 1156 191
f 191 1156 193
f 991 1156 1155
f 1155 1156 837
f 837 1156 189
f 193 1156 991
f 991 1157 193
f 996 1157 991
f 840 1157 996
f 193 1158 195
f 195 1158 197
f 840 1158 1157
f 1157 1158 193
f 197 1158 840
f 199 1159 1000
f 999 1159 839
f 1000 1159 999
f 197 1160 199
f 1159 1160 839
f 199 1160 1159
f 839 1160 197
f 1001 1161 1004
f 1004 1161 1000
f 1000 1162 199
f 203 1162 1001
f 199 1162 201
f 201 1162 203
f 1001 1162 1161
f 1161 1162 1000
f 1008 1163 1001
f 1009 1163 1008
f 1005 1163 1009
f 1001 1163 203
f 1163 1164 203
f 207 1164 1005
f 203 1164 205
f 205 1164 207
f 1005 1164 1163
f 1013 1165 1005
f 1011 1165 1013
f 1165 1166 1005
f 1005 1166 207
f 209 1166 1011
f 207 1166 209
f 1011 1166 1165
f 1016 1167 1011
f 1017 1167 1016
f 1018 1167 1017
f 213 1167 1018
f 1011 1168 209
f 209 1168 211
f 211 1168 213
f 1167 1168 1011
f 213 1168 1167
f 1021 1169 1018
f 842 1169 1021
f 842 1170 1169
f 213 1170 215
f 215 1170 218
f 1018 1170 213
f 1169 1170 1018
f 218 1170 842
f 1024 1171 841
f 843 1171 1024
f 218 1172 220
f 1171 1172 841
f 841 1172 218
f 220 1172 843
f 843 1172 1171
f 1027 1173 843
f 1028 1173 1027
f 1029 1173 1028
f 224 1173 1029
f 220 1174 222
f 222 1174 224
f 843 1174 220
f 1173 1174 843
f 224 1174 1173
f 1033 1175 1029
f 1031 1175 1033
f 224 1176 226
f 226 1176 228
f 1031 1176 1175
f 1029 1176 224
f 1175 1176 1029
f 228 1176 1031
f 1036 1177 1031
f 844 1177 1036
f 1031 1177 228
f 844 1178 1177
f 1177 1178 228
f 228 1178 230
f 230 1178 844
f 1039 1179 845
f 1040 1179 1039
f 1040 1180 1179
f 232 1180 234
f 1179 1180 845
f 845 1180 232
f 234 1180 1040
f 1044 1181 1040
f 1045 1181 1044
f 1042 1181 1045
f 1040 1181 234
f 1181 1182 234
f 234 1182 236
f 236 1182 238
f 1042 1182 1181
f 238 1182 1042
f 1049 1183 1042
f 1047 1183 1049
f 1042 1183 238
f 242 1184 1047
f 1047 1184 1183
f 1183 1184 238
f 238 1184 240
f 240 1184 242
f 1047 1185 242
f 1053 1185 1047
f 1050 1185 1053
f 1185 1186 242
f 244 1186 1050
f 1050 1186 1185
f 242 1186 244
f 248 1187 847
f 1056 1187 1050
f 847 1187 1056
f 248 1188 1187
f 1050 1188 244
f 1187 1188 1050
f 244 1188 246
f 246 1188 248
f 1060 1189 846
f 1058 1189 1060
f 846 1190 248
f 252 1190 1058
f 1189 1190 846
f 1058 1190 1189
f 248 1190 250
f 250 1190 252
f 1058 1191 252
f 1063 1191 1058
f 849 1191 1063
f 1191 1192 252
f 254 1192 849
f 849 1192 1191
f 252 1192 254
f 1067 1193 848
f 1066 1193 1067
f 848 1194 254
f 1193 1194 848
f 258 1194 1066
f 254 1194 256
f 256 1194 258
f 1066 1194 1193
f 1071 1195 1066
f 1066 1195 258
f 1072 1195 1071
f 1069 1195 1072
f 1195 1196 258
f 258 1196 260
f 260 1196 262
f 262 1196 1069
f 1069 1196 1195
f 1076 1197 1069
f 1074 1197 1076
f 1197 1198 1069
f 262 1198 264
f 1069 1198 262
f 264 1198 1074
f 1074 1198 1197
f 1199 277 275
f 1200 283 1201
f 1202 291 289
f 1203 299 297
f 1204 305 1205
f 1206 311 1207
f 1208 321 1209
f 1210 343 341
f 1211 343 1210
f 1212 355 353
f 1213 355 1212
f 1214 361 1215
f 1216 365 363
f 1217 367 1218
f 1219 371 1220
f 1221 381 1222
f 1223 387 1224
f 1225 395 1226
f 1227 398 397
f 1228 401 1229
f 1230 409 1231
f 1231 409 407
f 1232 415 1233
f 1234 419 417
f 1235 430 1236
f 1237 442 1238
f 1239 454 451
f 1240 460 1241
f 1242 464 462
f 1243 466 1244
f 1245 476 1246
f 1245 478 476
f 1247 478 1245
f 851 1248 265
f 1249 1248 851
f 1250 1248 1249
f 269 1248 1250
f 265 1251 267
f 267 1251 269
f 1248 1251 265
f 269 1251 1248
f 1252 1253 1250
f 1254 1253 1252
f 269 1255 271
f 271 1255 273
f 1253 1255 1250
f 1254 1255 1253
f 1250 1255 269
f 273 1255 1254
f 1256 1257 1254
f 1199 1257 1256
f 1254 1257 273
f 273 1258 275
f 1257 1258 273
f 1199 1258 1257
f 275 1258 1199
f 1259 1260 1199
f 1261 1260 1259
f 279 1260 1261
f 277 1262 279
f 1260 1262 1199
f 1199 1262 277
f 279 1262 1260
f 1263 1264 1261
f 1201 1264 1263
f 1261 1264 279
f 283 1265 1201
f 279 1265 281
f 281 1265 283
f 1201 1265 1264
f 1264 1265 279
f 1200 1266 283
f 1267 1266 1200
f 1266 1268 283
f 287 1268 1267
f 283 1268 285
f 285 1268 287
f 1267 1268 1266
f 1267 1269 287
f 289 1269 1202
f 1270 1269 1267
f 1202 1269 1270
f 287 1271 289
f 1269 1271 287
f 289 1271 1269
f 1202 1272 291
f 1273 1272 1202
f 1274 1272 1273
f 295 1272 1274
f 291 1275 293
f 293 1275 295
f 1272 1275 291
f 295 1275 1272
f 1276 1277 1274
f 1274 1277 295
f 1203 1277 1276
f 295 1278 297
f 297 1278 1203
f 1277 1278 295
f 1203 1278 1277
f 1279 1280 1203
f 1281 1280 1279
f 301 1280 1281
f 299 1282 301
f 1203 1282 299
f 301 1282 1280
f 1280 1282 1203
f 1283 1284 1281
f 1205 1284 1283
f 301 1285 303
f 303 1285 305
f 1284 1285 1281
f 1205 1285 1284
f 1281 1285 301
f 305 1285 1205
f 1286 1287 1204
f 1288 1287 1286
f 1204 1287 305
f 305 1289 307
f 307 1289 309
f 309 1289 1288
f 1287 1289 305
f 1288 1289 1287
f 1290 1291 1288
f 1207 1291 1290
f 311 1291 1207
f 311 1292 1291
f 1291 1292 1288
f 309 1292 311
f 1288 1292 309
f 1293 1294 1206
f 1295 1294 1293
f 311 1296 313
f 313 1296 315
f 1294 1296 1206
f 1295 1296 1294
f 1206 1296 311
f 315 1296 1295
f 1297 1298 1295
f 1299 1298 1297
f 1300 1298 1299
f 1295 1298 315
f 315 1301 317
f 317 1301 319
f 1298 1301 315
f 319 1301 1300
f 1300 1301 1298
f 1302 1303 1300
f 1209 1303 1302
f 1303 1304 1300
f 319 1304 321
f 1209 1304 1303
f 1300 1304 319
f 321 1304 1209
f 1305 1306 1208
f 1307 1306 1305
f 325 1306 1307
f 321 1308 323
f 323 1308 325
f 325 1308 1306
f 1306 1308 1208
f 1208 1308 321
f 1309 1310 1307
f 1311 1310 1309
f 329 1312 1311
f 1310 1312 1307
f 325 1312 327
f 327 1312 329
f 1311 1312 1310
f 1307 1312 325
f 1311 1313 329
f 331 1313 1314
f 1315 1313 1311
f 1316 1313 1315
f 1314 1313 1316
f 329 1317 331
f 1313 1317 329
f 331 1317 1313
f 1318 1319 1314
f 1320 1319 1318
f 1314 1321 331
f 335 1321 1320
f 331 1321 333
f 333 1321 335
f 1319 1321 1314
f 1320 1321 1319
f 1320 1322 335
f 1323 1322 1320
f 1324 1322 1323
f 1325 1322 1324
f 1322 1326 335
f 1325 1326 1322
f 339 1326 1325
f 335 1326 337
f 337 1326 339
f 1325 1327 339
f 1328 1327 1325
f 1210 1327 1328
f 341 1329 1210
f 339 1329 341
f 1327 1329 339
f 1210 1329 1327
f 347 1330 1331
f 1332 1330 1211
f 1331 1330 1332
f 343 1333 345
f 345 1333 347
f 1211 1333 343
f 347 1333 1330
f 1330 1333 1211
f 1334 1335 1331
f 1336 1335 1334
f 1337 1335 1336
f 1335 1338 1331
f 1337 1338 1335
f 347 1338 349
f 349 1338 351
f 1331 1338 347
f 351 1338 1337
f 1337 1339 351
f 1340 1339 1337
f 1212 1339 1340
f 351 1341 353
f 1339 1341 351
f 1212 1341 1339
f 353 1341 1212
f 1342 1343 1213
f 1344 1343 1342
f 357 1343 1344
f 355 1345 357
f 357 1345 1343
f 1343 1345 1213
f 1213 1345 355
f 1346 1347 1344
f 1215 1347 1346
f 1347 1348 1344
f 357 1348 359
f 359 1348 361
f 1344 1348 357
f 1215 1348 1347
f 361 1348 1215
f 1349 1350 1214
f 1216 1350 1349
f 1214 1350 361
f 1216 1351 1350
f 361 1351 363
f 363 1351 1216
f 1350 1351 361
f 1352 1353 1216
f 1218 1353 1352
f 367 1353 1218
f 367 1354 1353
f 365 1354 367
f 1353 1354 1216
f 1216 1354 365
f 371 1355 1220
f 1220 1355 1217
f 1355 1356 1217
f 367 1356 369
f 369 1356 371
f 371 1356 1355
f 1217 1356 367
f 1219 1357 371
f 1358 1357 1219
f 375 1359 1358
f 1358 1359 1357
f 371 1359 373
f 373 1359 375
f 1357 1359 371
f 1358 1360 375
f 1361 1360 1358
f 1362 1360 1361
f 377 1363 1362
f 375 1363 377
f 1362 1363 1360
f 1360 1363 375
f 1364 1365 1362
f 1222 1365 1364
f 1365 1366 1362
f 1362 1366 377
f 381 1366 1222
f 377 1366 379
f 379 1366 381
f 1222 1366 1365
f 1221 1367 381
f 1368 1367 1221
f 1369 1367 1368
f 1369 1370 1367
f 1367 1370 381
f 385 1370 1369
f 381 1370 383
f 383 1370 385
f 1369 1371 385
f 1372 1371 1369
f 1224 1371 1372
f 1224 1373 1371
f 1371 1373 385
f 387 1373 1224
f 385 1373 387
f 391 1374 1375
f 1376 1374 1223
f 1375 1374 1376
f 1374 1377 1223
f 1223 1377 387
f 387 1377 389
f 389 1377 391
f 391 1377 1374
f 1378 1379 1375
f 1226 1379 1378
f 1375 1380 391
f 395 1380 1226
f 1379 1380 1375
f 391 1380 393
f 393 1380 395
f 1226 1380 1379
f 1225 1381 395
f 1382 1381 1225
f 1227 1381 1382
f 395 1383 397
f 397 1383 1227
f 1381 1383 395
f 1227 1383 1381
f 401 1384 1229
f 1385 1384 1227
f 1229 1384 1385
f 1384 1386 1227
f 401 1386 1384
f 398 1386 401
f 1227 1386 398
f 1387 1388 1389
f 1389 1388 1228
f 1388 1390 1228
f 401 1390 403
f 403 1390 405
f 1228 1390 401
f 405 1390 1387
f 1387 1390 1388
f 1391 1392 1387
f 1231 1392 1391
f 1387 1392 405
f 1231 1393 1392
f 1392 1393 405
f 405 1393 407
f 407 1393 1231
f 1394 1395 1230
f 1396 1395 1394
f 411 1395 1396
f 1395 1397 1230
f 409 1397 411
f 411 1397 1395
f 1230 1397 409
f 1398 1399 1396
f 1233 1399 1398
f 415 1400 1233
f 1399 1400 1396
f 1233 1400 1399
f 411 1400 413
f 413 1400 415
f 1396 1400 411
f 1401 1402 1232
f 1234 1402 1401
f 1232 1402 415
f 417 1403 1234
f 1402 1403 415
f 415 1403 417
f 1234 1403 1402
f 1404 1405 1234
f 1406 1405 1404
f 421 1405 1406
f 1405 1407 1234
f 1234 1407 419
f 421 1407 1405
f 419 1407 421
f 1408 1409 1406
f 1410 1409 1408
f 1411 1409 1410
f 425 1409 1411
f 1406 1412 421
f 1409 1412 1406
f 425 1412 1409
f 421 1412 423
f 423 1412 425
f 1413 1414 1411
f 1236 1414 1413
f 1414 1415 1411
f 1411 1415 425
f 430 1415 1236
f 1236 1415 1414
f 425 1415 427
f 427 1415 430
f 1416 1417 1235
f 1418 1417 1416
f 1417 1419 1235
f 1235 1419 430
f 432 1419 1418
f 430 1419 432
f 1418 1419 1417
f 1420 1421 1418
f 1422 1421 1420
f 1423 1421 1422
f 436 1421 1423
f 1418 1424 432
f 1421 1424 1418
f 432 1424 434
f 434 1424 436
f 436 1424 1421
f 1425 1426 1423
f 1427 1426 1425
f 1423 1428 436
f 1427 1428 1426
f 1426 1428 1423
f 440 1428 1427
f 436 1428 438
f 438 1428 440
f 1429 1430 1427
f 1238 1430 1429
f 1427 1430 440
f 442 1430 1238
f 1430 1431 440
f 442 1431 1430
f 440 1431 442
f 1432 1433 1237
f 1434 1433 1432
f 1237 1435 442
f 1434 1435 1433
f 446 1435 1434
f 1433 1435 1237
f 442 1435 444
f 444 1435 446
f 1436 1437 1434
f 1438 1437 1436
f 1439 1437 1438
f 1434 1437 446
f 1437 1440 446
f 1439 1440 1437
f 446 1440 448
f 448 1440 450
f 450 1440 1439
f 1441 1442 1439
f 1239 1442 1441
f 1439 1442 450
f 1239 1443 1442
f 1442 1443 450
f 450 1443 451
f 451 1443 1239
f 456 1444 1445
f 1446 1444 1239
f 1445 1444 1446
f 1444 1447 1239
f 1239 1447 454
f 456 1447 1444
f 454 1447 456
f 1445 1448 456
f 460 1448 1241
f 1449 1448 1445
f 1241 1448 1449
f 460 1450 1448
f 1448 1450 456
f 456 1450 458
f 458 1450 460
f 1240 1451 460
f 1452 1451 1240
f 1242 1451 1452
f 1451 1453 460
f 462 1453 1242
f 1242 1453 1451
f 460 1453 462
f 466 1454 1244
f 1455 1454 1242
f 1244 1454 1455
f 464 1456 466
f 1242 1456 464
f 466 1456 1454
f 1454 1456 1242
f 1457 1458 1243
f 1459 1458 1457
f 466 1460 468
f 468 1460 470
f 1243 1460 466
f 470 1460 1459
f 1458 1460 1243
f 1459 1460 1458
f 1459 1461 470
f 1462 1461 1459
f 1463 1461 1462
f 1464 1461 1463
f 470 1465 472
f 472 1465 474
f 1461 1465 470
f 474 1465 1464
f 1464 1465 1461
f 1466 1467 1464
f 1246 1467 1466
f 474 1468 476
f 1464 1468 474
f 476 1468 1246
f 1467 1468 1464
f 1246 1468 1467
f 1469 486 1470
f 1471 490 1472
f 1473 494 1474
f 1475 498 1476
f 1477 506 1478
f 1477 756 506
f 1479 758 1480
f 1479 760 758
f 1481 762 1482
f 1481 764 762
f 1483 766 1484
f 1483 768 766
f 1485 772 770
f 1486 772 1485
f 1487 776 1488
f 1488 776 774
f 1489 780 1490
f 1490 780 778
f 1491 782 1492
f 1491 784 782
f 1493 788 786
f 1494 790 1495
f 1494 792 790
f 1496 797 795
f 1497 797 1496
f 1498 801 1499
f 1499 801 799
f 1500 804 802
f 1501 1502 1503
f 1504 1505 1501
f 1501 1505 1502
f 1504 1506 1505
f 1507 1508 1509
f 1510 1511 1512
f 1512 1511 1513
f 1514 1694 1515
f 1515 1694 1697
f 1516 1517 1518
f 1516 1681 1517
f 1519 1677 1520
f 1521 1522 1519
f 1519 1522 1677
f 1523 1671 1524
f 1523 1525 1671
f 1526 1525 1523
f 1526 1527 1525
f 1528 1527 1526
f 1528 1529 1527
f 1529 1661 1527
f 1529 1530 1661
f 1530 1531 1661
f 1532 1531 1530
f 1532 1655 1531
f 1533 1655 1532
f 1533 1534 1655
f 1534 1625 1655
f 1534 1535 1625
f 1535 1536 1625
f 1535 1537 1536
f 1537 1622 1536
f 1538 1622 1537
f 1538 1539 1622
f 1539 1540 1622
f 1539 1541 1540
f 1541 1620 1540
f 1541 1542 1620
f 1542 1543 1620
f 1544 1545 1247
f 1546 1545 1544
f 1247 1547 478
f 478 1547 480
f 480 1547 482
f 1545 1547 1247
f 482 1547 1546
f 1546 1547 1545
f 1546 1548 482
f 1549 1548 1546
f 1470 1548 1549
f 482 1550 484
f 484 1550 486
f 1548 1550 482
f 1470 1550 1548
f 486 1550 1470
f 1472 1551 1469
f 1469 1551 486
f 486 1552 488
f 488 1552 490
f 1551 1552 486
f 1472 1552 1551
f 490 1552 1472
f 1553 1554 1471
f 1474 1554 1553
f 490 1555 492
f 492 1555 494
f 1554 1555 1471
f 1474 1555 1554
f 1471 1555 490
f 494 1555 1474
f 1556 1557 1473
f 1476 1557 1556
f 1473 1557 494
f 498 1558 1476
f 494 1558 496
f 496 1558 498
f 1557 1558 494
f 1476 1558 1557
f 1475 1559 498
f 1560 1559 1475
f 1561 1559 1560
f 502 1562 1561
f 498 1562 500
f 500 1562 502
f 1561 1562 1559
f 1559 1562 498
f 1561 1563 502
f 506 1563 1478
f 1564 1563 1561
f 1478 1563 1564
f 502 1565 504
f 504 1565 506
f 1563 1565 502
f 506 1565 1563
f 1566 1567 1477
f 1480 1567 1566
f 756 1568 758
f 1477 1568 756
f 758 1568 1480
f 1567 1568 1477
f 1480 1568 1567
f 1479 1569 760
f 762 1569 1482
f 1570 1569 1479
f 1482 1569 1570
f 1569 1571 760
f 762 1571 1569
f 760 1571 762
f 1481 1572 764
f 766 1572 1484
f 1573 1572 1481
f 1484 1572 1573
f 764 1574 766
f 1572 1574 764
f 766 1574 1572
f 770 1575 1485
f 1576 1575 1483
f 1485 1575 1576
f 768 1577 770
f 1483 1577 768
f 770 1577 1575
f 1575 1577 1483
f 774 1578 1488
f 1579 1578 1486
f 1488 1578 1579
f 774 1580 1578
f 772 1580 774
f 1486 1580 772
f 1578 1580 1486
f 1581 1582 1487
f 1490 1582 1581
f 1487 1582 776
f 778 1582 1490
f 776 1583 778
f 1582 1583 776
f 778 1583 1582
f 1492 1584 1489
f 1489 1584 780
f 782 1584 1492
f 780 1585 782
f 1584 1585 780
f 782 1585 1584
f 1586 1587 1491
f 1493 1587 1586
f 786 1587 1493
f 786 1588 1587
f 784 1588 786
f 1587 1588 1491
f 1491 1588 784
f 1493 1589 788
f 1590 1589 1493
f 1495 1589 1590
f 790 1591 1495
f 1589 1591 788
f 1495 1591 1589
f 788 1591 790
f 795 1592 1496
f 1593 1592 1494
f 1496 1592 1593
f 1494 1594 792
f 792 1594 795
f 1592 1594 1494
f 795 1594 1592
f 1595 1596 1497
f 1499 1596 1595
f 799 1596 1499
f 1497 1597 797
f 797 1597 799
f 1596 1597 1497
f 799 1597 1596
f 1598 1599 1498
f 1500 1599 1598
f 802 1599 1500
f 1498 1600 801
f 801 1600 802
f 1599 1600 1498
f 802 1600 1599
f 1601 1602 1500
f 1503 1602 1601
f 1500 1602 804
f 1502 1602 1503
f 1602 1603 804
f 1502 1603 1602
f 804 1603 805
f 805 1603 1502
f 1604 1605 1504
f 1509 1605 1604
f 1504 1605 1506
f 1606 1605 1508
f 1508 1605 1509
f 1605 1607 1506
f 1606 1607 1605
f 1506 1607 1606
f 1608 1609 1507
f 1512 1609 1608
f 1507 1609 1508
f 1513 1609 1512
f 1610 1611 1513
f 1508 1611 1610
f 1513 1611 1609
f 1609 1611 1508
f 1515 1612 1510
f 1511 1612 1697
f 1510 1612 1511
f 1697 1612 1515
f 1613 1614 1514
f 1518 1614 1613
f 1615 1614 1517
f 1694 1614 1615
f 1514 1614 1694
f 1517 1614 1518
f 1520 1616 1516
f 1681 1616 1677
f 1516 1616 1681
f 1677 1616 1520
f 1671 1617 1524
f 1521 1617 1522
f 1524 1617 1521
f 1522 1617 1671
f 1543 1618 1619
f 1620 1543 1619
f 1621 1620 1619
f 1540 1620 1621
f 1731 1540 1621
f 1622 1540 1731
f 1732 1622 1731
f 1536 1622 1732
f 796 798 1623
f 1624 1536 1732
f 1625 1536 1624
f 1626 1625 1624
f 1627 1628 1629
f 1627 1629 1630
f 1627 1630 1631
f 1632 1627 1631
f 1633 1628 1627
f 1633 805 1502
f 1633 1502 1628
f 1634 1632 1631
f 1635 805 1633
f 1635 1633 1627
f 1635 1627 1632
f 1636 1631 1730
f 1636 1634 1631
f 1637 803 805
f 1637 1635 1632
f 1637 805 1635
f 1637 1632 1634
f 1638 1636 1730
f 1639 1634 1636
f 1639 803 1637
f 1639 1637 1634
f 1640 1730 1618
f 1640 1638 1730
f 1641 1636 1638
f 1641 1642 803
f 1641 803 1639
f 1641 1639 1636
f 1643 1640 1618
f 1644 1638 1640
f 1644 1641 1638
f 1644 1642 1641
f 1645 1643 1618
f 1645 1618 1543
f 1646 800 1642
f 1646 1644 1640
f 1646 1640 1643
f 1646 1642 1644
f 1647 1543 1648
f 1647 1645 1543
f 1649 800 1646
f 1649 1643 1645
f 1649 1646 1643
f 1650 1651 800
f 1650 1649 1645
f 1650 1645 1647
f 1650 800 1649
f 1652 1651 1650
f 1652 1647 1648
f 1652 1650 1647
f 1653 1648 1623
f 1653 1623 798
f 1653 798 1651
f 1653 1652 1648
f 1653 1651 1652
f 1654 1625 1626
f 1654 1655 1625
f 1656 1626 1738
f 1656 1655 1654
f 1656 1531 1655
f 1656 1654 1626
f 1657 1656 1738
f 1657 1531 1656
f 1658 1657 1738
f 1658 1531 1657
f 1658 1738 1659
f 1660 1531 1658
f 1660 1661 1531
f 1660 1658 1659
f 1662 1661 1660
f 1662 1660 1659
f 1663 1662 1659
f 1663 1659 1664
f 1663 1661 1662
f 1663 1527 1661
f 1665 1663 1664
f 1665 1527 1663
f 1666 1527 1665
f 1666 1664 1736
f 1666 1665 1664
f 1666 1525 1527
f 1667 1666 1736
f 1667 1525 1666
f 1668 1667 1736
f 1668 1525 1667
f 1669 1525 1668
f 1669 1736 1670
f 1669 1671 1525
f 1669 1668 1736
f 1672 1669 1670
f 1672 1671 1669
f 1673 1670 1674
f 1673 1671 1672
f 1673 1522 1671
f 1673 1672 1670
f 1675 1522 1673
f 1675 1673 1674
f 1676 1522 1675
f 1676 1677 1522
f 1676 1675 1674
f 1678 1674 1735
f 1678 1676 1674
f 1678 1677 1676
f 1679 1677 1678
f 1679 1678 1735
f 1680 1735 1737
f 1680 1679 1735
f 1680 1677 1679
f 1680 1681 1677
f 1682 1681 1680
f 1682 1680 1737
f 1683 1737 1684
f 1683 1681 1682
f 1683 1682 1737
f 1685 1683 1684
f 1686 1685 1684
f 1687 1517 1681
f 1687 1681 1683
f 1687 1683 1685
f 1687 1686 1517
f 1687 1685 1686
f 1688 1684 1734
f 1688 1686 1684
f 1689 1688 1734
f 1690 1615 1517
f 1690 1517 1686
f 1690 1686 1688
f 1690 1689 1615
f 1690 1688 1689
f 1691 1734 1733
f 1691 1689 1734
f 1692 1691 1733
f 1693 1694 1615
f 1693 1615 1689
f 1693 1689 1691
f 1695 1692 1733
f 1696 1697 1694
f 1696 1694 1693
f 1696 1691 1692
f 1696 1693 1691
f 1698 1733 1699
f 1698 1695 1733
f 1700 1697 1696
f 1700 1692 1695
f 1700 1696 1692
f 1701 1698 1699
f 1702 1511 1697
f 1702 1697 1700
f 1702 1695 1698
f 1702 1700 1695
f 1703 1699 1704
f 1703 1701 1699
f 1705 1511 1702
f 1705 1698 1701
f 1705 1702 1698
f 1706 1703 1704
f 1707 1701 1703
f 1707 1511 1705
f 1707 1703 1706
f 1707 1513 1511
f 1707 1705 1701
f 1708 1706 1704
f 1709 1707 1706
f 1709 1513 1707
f 1710 1708 1704
f 1710 1704 1711
f 1712 1709 1706
f 1712 1513 1709
f 1712 1610 1513
f 1712 1706 1708
f 1713 1710 1711
f 1714 1708 1710
f 1714 1712 1708
f 1714 1610 1712
f 1715 1711 1716
f 1715 1713 1711
f 1717 1710 1713
f 1717 1610 1714
f 1717 1508 1610
f 1717 1714 1710
f 1718 1715 1716
f 1719 1717 1713
f 1719 1713 1715
f 1719 1508 1717
f 1720 1716 1729
f 1720 1718 1716
f 1721 1719 1715
f 1721 1715 1718
f 1721 1508 1719
f 1721 1606 1508
f 1722 1720 1729
f 1723 1721 1718
f 1723 1718 1720
f 1723 1606 1721
f 1724 1722 1729
f 1725 1720 1722
f 1725 1723 1720
f 1725 1606 1723
f 1725 1722 1724
f 1725 1506 1606
f 1726 1729 1630
f 1726 1629 1628
f 1726 1630 1629
f 1726 1724 1729
f 1727 1725 1724
f 1727 1505 1506
f 1727 1506 1725
f 1728 1628 1502
f 1728 1726 1628
f 1728 1502 1505
f 1728 1724 1726
f 1728 1727 1724
f 1728 1505 1727
f 1618 1630 1729
f 1618 1730 1631
f 1618 1631 1630
f 1619 1729 1716
f 1619 1716 1711
f 1619 1711 1704
f 1619 1618 1729
f 1621 1704 1699
f 1621 1619 1704
f 1731 1621 1699
f 1732 1699 1733
f 1732 1731 1699
f 1624 1733 1734
f 1624 1732 1733
f 1659 1735 1674
f 1659 1674 1670
f 1659 1670 1736
f 1659 1736 1664
f 1626 1734 1684
f 1626 1684 1737
f 1626 1624 1734
f 1738 1737 1735
f 1738 1626 1737
f 1738 1735 1659
f 429 1546 428
f 433 1470 431
f 433 1469 1470
f 437 1471 435
f 435 1471 1472
f 441 1474 439
f 441 1473 1474
f 445 1476 443
f 445 1475 1476
f 447 1561 1560
f 449 1561 447
f 453 1478 452
f 453 1477 1478
f 455 1477 453
f 457 1479 1480
f 459 1479 457
f 461 1481 1482
f 463 1481 461
f 467 1483 465
f 465 1483 1484
f 471 1485 469
f 471 1486 1485
f 475 1488 473
f 475 1487 1488
f 479 1490 477
f 479 1489 1490
f 483 1491 481
f 481 1491 1492
f 487 1493 485
f 489 1494 1495
f 491 1494 489
f 495 1496 493
f 495 1497 1496
f 499 1499 497
f 499 1498 1499
f 503 1500 501
f 757 1501 505
f 757 1504 1501
f 761 1509 759
f 761 1507 1509
f 765 1512 763
f 765 1510 1512
f 769 1514 767
f 767 1514 1515
f 773 1518 771
f 773 1516 1518
f 777 1519 775
f 777 1521 1519
f 781 1523 779
f 781 1526 1523
f 783 1529 1528
f 785 1529 783
f 789 1532 787
f 789 1533 1532
f 793 1535 791
f 796 1623 1538
f 1623 1539 1538
f 1648 1541 1623
f 1623 1541 1539
f 1648 1542 1541
f 1648 1543 1542
f 428 1739 426
f 426 1739 424
f 1739 1740 424
f 428 1740 1739
f 424 1740 1247
f 1247 1740 1544
f 1544 1740 1546
f 1546 1740 428
f 431 1741 429
f 429 1742 1546
f 1546 1742 1549
f 1549 1742 1470
f 1470 1742 431
f 431 1742 1741
f 1741 1742 429
f 435 1743 433
f 1472 1743 435
f 1472 1744 1743
f 1743 1744 433
f 1469 1744 1472
f 433 1744 1469
f 439 1745 437
f 437 1745 1471
f 439 1746 1745
f 1471 1746 1553
f 1553 1746 1474
f 1474 1746 439
f 1745 1746 1471
f 443 1747 441
f 1476 1748 443
f 1747 1748 441
f 443 1748 1747
f 1473 1748 1556
f 1556 1748 1476
f 441 1748 1473
f 447 1749 445
f 1749 1750 445
f 445 1750 1475
f 1560 1750 447
f 1475 1750 1560
f 447 1750 1749
f 452 1751 449
f 449 1752 1561
f 1478 1752 452
f 452 1752 1751
f 1751 1752 449
f 1561 1752 1564
f 1564 1752 1478
f 455 1753 1477
f 1480 1753 457
f 457 1753 455
f 1477 1754 1566
f 1566 1754 1480
f 1753 1754 1477
f 1480 1754 1753
f 459 1755 1479
f 461 1755 459
f 1755 1756 1479
f 461 1756 1755
f 1482 1756 461
f 1479 1756 1570
f 1570 1756 1482
f 463 1757 1481
f 465 1757 463
f 1484 1758 465
f 1757 1758 1481
f 465 1758 1757
f 1481 1758 1573
f 1573 1758 1484
f 469 1759 467
f 467 1759 1483
f 1485 1760 469
f 469 1760 1759
f 1483 1760 1576
f 1576 1760 1485
f 1759 1760 1483
f 473 1761 471
f 471 1761 1486
f 473 1762 1761
f 1761 1762 1486
f 1488 1762 473
f 1486 1762 1579
f 1579 1762 1488
f 477 1763 475
f 1581 1764 1490
f 477 1764 1763
f 1763 1764 475
f 475 1764 1487
f 1490 1764 477
f 1487 1764 1581
f 481 1765 479
f 481 1766 1765
f 1765 1766 479
f 1489 1766 1492
f 479 1766 1489
f 1492 1766 481
f 485 1767 483
f 483 1767 1491
f 1491 1768 1586
f 1586 1768 1493
f 1767 1768 1491
f 485 1768 1767
f 1493 1768 485
f 489 1769 487
f 1493 1770 1590
f 1590 1770 1495
f 1495 1770 489
f 1769 1770 487
f 489 1770 1769
f 487 1770 1493
f 491 1771 1494
f 493 1771 491
f 493 1772 1771
f 1494 1772 1593
f 1593 1772 1496
f 1496 1772 493
f 1771 1772 1494
f 495 1773 1497
f 497 1773 495
f 497 1774 1773
f 1497 1774 1595
f 1595 1774 1499
f 1499 1774 497
f 1773 1774 1497
f 501 1775 499
f 499 1775 1498
f 1498 1776 1598
f 1598 1776 1500
f 501 1776 1775
f 1500 1776 501
f 1775 1776 1498
f 505 1777 503
f 1500 1778 1601
f 1601 1778 1503
f 1503 1778 1501
f 505 1778 1777
f 503 1778 1500
f 1501 1778 505
f 1777 1778 503
f 759 1779 757
f 1504 1780 1604
f 1604 1780 1509
f 757 1780 1504
f 1509 1780 759
f 1779 1780 757
f 759 1780 1779
f 763 1781 761
f 761 1781 1507
f 1507 1782 1608
f 1608 1782 1512
f 1512 1782 763
f 763 1782 1781
f 1781 1782 1507
f 767 1783 765
f 767 1784 1783
f 1510 1784 1515
f 1783 1784 765
f 765 1784 1510
f 1515 1784 767
f 771 1785 769
f 769 1785 1514
f 1514 1786 1613
f 1613 1786 1518
f 771 1786 1785
f 1785 1786 1514
f 1518 1786 771
f 775 1787 773
f 773 1787 1516
f 1516 1788 1520
f 1520 1788 1519
f 775 1788 1787
f 1787 1788 1516
f 1519 1788 775
f 779 1789 777
f 777 1789 1521
f 1523 1790 779
f 779 1790 1789
f 1521 1790 1524
f 1524 1790 1523
f 1789 1790 1521
f 783 1791 781
f 781 1792 1526
f 1528 1792 783
f 1526 1792 1528
f 783 1792 1791
f 1791 1792 781
f 785 1793 1529
f 787 1793 785
f 1793 1794 1529
f 1532 1794 787
f 1529 1794 1530
f 1530 1794 1532
f 787 1794 1793
f 791 1795 789
f 789 1795 1533
f 791 1796 1795
f 1535 1796 791
f 1533 1796 1534
f 1534 1796 1535
f 1795 1796 1533
f 794 1797 793
f 796 1797 794
f 1797 1798 793
f 793 1798 1535
f 796 1798 1797
f 1538 1798 796
f 1535 1798 1537
f 1537 1798 1538
f 214 851 212
f 214 1249 851
f 231 1200 1201
f 235 1267 233
f 251 1204 1205
f 257 1206 1207
f 268 1208 1209
f 290 1210 288
f 290 1211 1210
f 294 1331 292
f 302 1212 300
f 302 1213 1212
f 308 1214 1215
f 312 1216 310
f 314 1217 1218
f 318 1219 1220
f 328 1221 1222
f 334 1223 1224
f 342 1225 1226
f 346 1227 344
f 348 1228 1229
f 356 1230 1231
f 376 1235 1236
f 388 1237 1238
f 400 1239 399
f 406 1240 1241
f 412 1243 1244
f 414 1243 412
f 424 1245 422
f 424 1247 1245
f 217 1799 216
f 216 1799 214
f 1250 1799 217
f 1249 1800 1250
f 214 1800 1249
f 1250 1800 1799
f 1799 1800 214
f 221 1801 219
f 219 1801 217
f 1254 1801 221
f 1250 1802 1252
f 1252 1802 1254
f 1254 1802 1801
f 1801 1802 217
f 217 1802 1250
f 223 1803 221
f 1199 1803 223
f 1254 1804 1256
f 1256 1804 1199
f 1199 1804 1803
f 1803 1804 221
f 221 1804 1254
f 227 1805 225
f 225 1805 223
f 223 1805 1199
f 1261 1805 227
f 1199 1806 1259
f 1259 1806 1261
f 1805 1806 1199
f 1261 1806 1805
f 231 1807 229
f 229 1807 227
f 1201 1807 231
f 1261 1808 1263
f 1263 1808 1201
f 1201 1808 1807
f 1807 1808 227
f 227 1808 1261
f 1267 1809 233
f 233 1809 231
f 231 1810 1200
f 1200 1810 1267
f 1809 1810 231
f 1267 1810 1809
f 235 1811 1267
f 237 1811 235
f 1202 1812 237
f 1267 1812 1270
f 1270 1812 1202
f 1811 1812 1267
f 237 1812 1811
f 237 1813 1202
f 241 1813 239
f 239 1813 237
f 1813 1814 1202
f 1202 1814 1273
f 241 1814 1813
f 1273 1814 1274
f 1274 1814 241
f 241 1815 1274
f 1203 1815 245
f 245 1815 243
f 243 1815 241
f 1274 1816 1276
f 1276 1816 1203
f 1815 1816 1274
f 1203 1816 1815
f 245 1817 1203
f 247 1817 245
f 1203 1818 1279
f 1279 1818 1281
f 1281 1818 247
f 1817 1818 1203
f 247 1818 1817
f 251 1819 249
f 249 1819 247
f 247 1819 1281
f 1205 1819 251
f 1205 1820 1819
f 1819 1820 1281
f 1281 1820 1283
f 1283 1820 1205
f 255 1821 253
f 253 1821 251
f 1288 1821 255
f 1204 1822 1286
f 1286 1822 1288
f 1288 1822 1821
f 251 1822 1204
f 1821 1822 251
f 257 1823 255
f 255 1823 1288
f 1207 1823 257
f 1288 1824 1290
f 1290 1824 1207
f 1823 1824 1288
f 1207 1824 1823
f 261 1825 259
f 259 1825 257
f 257 1825 1206
f 1295 1825 261
f 1825 1826 1206
f 1295 1826 1825
f 1206 1826 1293
f 1293 1826 1295
f 266 1827 263
f 263 1827 261
f 1300 1827 266
f 1295 1828 1297
f 1297 1828 1299
f 1299 1828 1300
f 1827 1828 261
f 1300 1828 1827
f 261 1828 1295
f 268 1829 266
f 266 1829 1300
f 1209 1829 268
f 1209 1830 1829
f 1829 1830 1300
f 1300 1830 1302
f 1302 1830 1209
f 272 1831 270
f 270 1831 268
f 268 1831 1208
f 1208 1832 1305
f 1305 1832 1307
f 1831 1832 1208
f 272 1832 1831
f 1307 1832 272
f 1311 1833 276
f 276 1833 274
f 274 1833 272
f 272 1833 1307
f 1833 1834 1307
f 1311 1834 1833
f 1307 1834 1309
f 1309 1834 1311
f 278 1835 276
f 276 1836 1311
f 1314 1836 278
f 1311 1836 1315
f 1315 1836 1316
f 1316 1836 1314
f 278 1836 1835
f 1835 1836 276
f 278 1837 1314
f 1320 1837 282
f 282 1837 280
f 280 1837 278
f 1320 1838 1837
f 1837 1838 1314
f 1314 1838 1318
f 1318 1838 1320
f 286 1839 284
f 284 1839 282
f 1325 1839 286
f 282 1840 1320
f 1320 1840 1323
f 1323 1840 1324
f 1324 1840 1325
f 1325 1840 1839
f 1839 1840 282
f 288 1841 286
f 1210 1841 288
f 1210 1842 1841
f 1841 1842 286
f 286 1842 1325
f 1325 1842 1328
f 1328 1842 1210
f 292 1843 290
f 290 1843 1211
f 1331 1844 292
f 1211 1844 1332
f 1332 1844 1331
f 1843 1844 1211
f 292 1844 1843
f 298 1845 296
f 296 1845 294
f 1337 1845 298
f 1337 1846 1845
f 1845 1846 294
f 294 1846 1331
f 1331 1846 1334
f 1334 1846 1336
f 1336 1846 1337
f 300 1847 298
f 1212 1847 300
f 1212 1848 1847
f 298 1848 1337
f 1337 1848 1340
f 1340 1848 1212
f 1847 1848 298
f 304 1849 302
f 302 1849 1213
f 304 1850 1849
f 1213 1850 1342
f 1342 1850 1344
f 1849 1850 1213
f 1344 1850 304
f 308 1851 306
f 306 1851 304
f 304 1851 1344
f 1215 1851 308
f 1851 1852 1344
f 1344 1852 1346
f 1346 1852 1215
f 1215 1852 1851
f 310 1853 308
f 1216 1853 310
f 1216 1854 1853
f 1214 1854 1349
f 1349 1854 1216
f 308 1854 1214
f 1853 1854 308
f 314 1855 312
f 312 1855 1216
f 314 1856 1855
f 1855 1856 1216
f 1216 1856 1352
f 1352 1856 1218
f 1218 1856 314
f 318 1857 316
f 316 1857 314
f 314 1857 1217
f 1857 1858 1217
f 1220 1858 318
f 1217 1858 1220
f 318 1858 1857
f 320 1859 318
f 1358 1859 322
f 322 1859 320
f 318 1860 1219
f 1859 1860 318
f 1358 1860 1859
f 1219 1860 1358
f 1362 1861 324
f 324 1861 322
f 322 1862 1358
f 1358 1862 1361
f 1362 1862 1861
f 1361 1862 1362
f 1861 1862 322
f 324 1863 1362
f 1222 1863 328
f 328 1863 326
f 326 1863 324
f 1362 1864 1364
f 1364 1864 1222
f 1222 1864 1863
f 1863 1864 1362
f 1369 1865 332
f 332 1865 330
f 330 1865 328
f 1865 1866 328
f 328 1866 1221
f 1369 1866 1865
f 1221 1866 1368
f 1368 1866 1369
f 1224 1867 334
f 334 1867 332
f 1867 1868 332
f 332 1868 1369
f 1224 1868 1867
f 1369 1868 1372
f 1372 1868 1224
f 334 1869 1223
f 338 1869 336
f 336 1869 334
f 1869 1870 1223
f 1375 1870 338
f 338 1870 1869
f 1223 1870 1376
f 1376 1870 1375
f 338 1871 1375
f 1226 1871 342
f 342 1871 340
f 340 1871 338
f 1871 1872 1375
f 1226 1872 1871
f 1375 1872 1378
f 1378 1872 1226
f 1227 1873 344
f 344 1873 342
f 1227 1874 1873
f 342 1874 1225
f 1873 1874 342
f 1225 1874 1382
f 1382 1874 1227
f 346 1875 1227
f 348 1875 346
f 1875 1876 1227
f 348 1876 1875
f 1229 1876 348
f 1227 1876 1385
f 1385 1876 1229
f 348 1877 1228
f 352 1877 350
f 350 1877 348
f 1387 1877 352
f 1387 1878 1877
f 1877 1878 1228
f 1228 1878 1389
f 1389 1878 1387
f 356 1879 354
f 354 1879 352
f 1231 1879 356
f 1231 1880 1879
f 1879 1880 352
f 352 1880 1387
f 1387 1880 1391
f 1391 1880 1231
f 358 1881 356
f 356 1881 1230
f 1396 1882 358
f 1881 1882 1230
f 358 1882 1881
f 1230 1882 1394
f 1394 1882 1396
f 358 1883 1396
f 1233 1883 362
f 362 1883 360
f 360 1883 358
f 1398 1884 1233
f 1883 1884 1396
f 1233 1884 1883
f 1396 1884 1398
f 1234 1885 366
f 366 1885 364
f 364 1885 362
f 1233 1886 1232
f 1232 1886 1401
f 1401 1886 1234
f 1234 1886 1885
f 362 1886 1233
f 1885 1886 362
f 366 1887 1234
f 1406 1887 368
f 368 1887 366
f 1234 1888 1404
f 1404 1888 1406
f 1887 1888 1234
f 1406 1888 1887
f 368 1889 1406
f 372 1889 370
f 370 1889 368
f 1406 1890 1408
f 1408 1890 1410
f 1410 1890 1411
f 1889 1890 1406
f 1411 1890 372
f 372 1890 1889
f 372 1891 1411
f 1236 1891 376
f 376 1891 374
f 374 1891 372
f 1411 1892 1413
f 1413 1892 1236
f 1236 1892 1891
f 1891 1892 1411
f 376 1893 1235
f 1418 1893 378
f 378 1893 376
f 1235 1894 1416
f 1416 1894 1418
f 1893 1894 1235
f 1418 1894 1893
f 378 1895 1418
f 382 1895 380
f 380 1895 378
f 1418 1896 1420
f 1420 1896 1422
f 1422 1896 1423
f 1895 1896 1418
f 1423 1896 382
f 382 1896 1895
f 382 1897 1423
f 386 1897 384
f 384 1897 382
f 1427 1897 386
f 1423 1898 1425
f 1425 1898 1427
f 1427 1898 1897
f 1897 1898 1423
f 388 1899 386
f 1238 1899 388
f 1238 1900 1899
f 1899 1900 386
f 1427 1900 1429
f 1429 1900 1238
f 386 1900 1427
f 392 1901 390
f 390 1901 388
f 388 1901 1237
f 1434 1901 392
f 1237 1902 1432
f 1432 1902 1434
f 1434 1902 1901
f 1901 1902 1237
f 396 1903 394
f 394 1903 392
f 1439 1903 396
f 1903 1904 392
f 1434 1904 1436
f 1436 1904 1438
f 1438 1904 1439
f 392 1904 1434
f 1439 1904 1903
f 399 1905 396
f 1239 1905 399
f 1239 1906 1905
f 1905 1906 396
f 1439 1906 1441
f 1441 1906 1239
f 396 1906 1439
f 400 1907 1239
f 402 1907 400
f 1445 1907 402
f 1907 1908 1239
f 1445 1908 1907
f 1239 1908 1446
f 1446 1908 1445
f 406 1909 404
f 404 1909 402
f 402 1909 1445
f 1909 1910 1445
f 406 1910 1909
f 1241 1910 406
f 1445 1910 1449
f 1449 1910 1241
f 406 1911 1240
f 1242 1911 410
f 410 1911 408
f 408 1911 406
f 1242 1912 1911
f 1911 1912 1240
f 1240 1912 1452
f 1452 1912 1242
f 1244 1913 412
f 412 1913 410
f 410 1914 1242
f 1913 1914 410
f 1242 1914 1455
f 1455 1914 1244
f 1244 1914 1913
f 414 1915 1243
f 416 1915 414
f 1243 1916 1457
f 1457 1916 1459
f 1915 1916 1243
f 1459 1916 416
f 416 1916 1915
f 416 1917 1459
f 420 1917 418
f 418 1917 416
f 1464 1917 420
f 1459 1918 1462
f 1462 1918 1463
f 1463 1918 1464
f 1917 1918 1459
f 1464 1918 1917
f 1246 1919 1245
f 422 1919 420
f 1245 1919 422
f 1464 1920 1466
f 1466 1920 1246
f 420 1920 1464
f 1246 1920 1919
f 1919 1920 420
